0,1772846753042,0.00019549474286000013,6.899657142899997e-05,0.0004723590857099542,1
1,1772846753045,0.0001252947428600007,-0.00016110342857100004,0.0004723590857099542,1
2,1772846753047,0.0001252947428600007,-0.00016110342857100004,0.0004723590857099542,1
3,1772846753049,0.0001252947428600007,-0.00016110342857100004,0.0004723590857099542,1
4,1772846753052,8.629474285999986e-05,-0.00010650342857100001,0.00036705908570997935,1
5,1772846753054,8.629474285999986e-05,-0.00010650342857100001,0.00036705908570997935,1
6,1772846753056,8.629474285999986e-05,-0.00010650342857100001,0.00036705908570997935,1
7,1772846753059,8.629474285999986e-05,-6.360342857100005e-05,0.0004060590857099906,1
8,1772846753062,8.629474285999986e-05,-6.360342857100005e-05,0.0004060590857099906,1
9,1772846753064,8.629474285999986e-05,-6.360342857100005e-05,0.0004060590857099906,1
10,1772846753067,1.6094742860000427e-05,-0.00014940342857100002,0.00014085908571002514,1
11,1772846753069,1.6094742860000427e-05,-0.00014940342857100002,0.00014085908571002514,1
12,1772846753071,1.6094742860000427e-05,-0.00014940342857100002,0.00014085908571002514,1
13,1772846753082,1.6094742860000427e-05,-0.00014940342857100002,0.00014085908571002514,1
14,1772846753106,4.947428600011322e-07,8.459657142899997e-05,0.00028515908571001124,1
15,1772846753109,-0.00013600525714000007,8.459657142899997e-05,0.00028515908571001124,1
16,1772846753141,-0.00013600525714000007,8.459657142899997e-05,0.00028515908571001124,1
17,1772846753172,1.6094742860000427e-05,-2.4603428571000026e-05,0.00017985908571003639,1
18,1772846753175,1.6094742860000427e-05,-2.4603428571000026e-05,0.00017985908571003639,1
19,1772846753177,1.6094742860000427e-05,-2.4603428571000026e-05,0.00017985908571003639,1
20,1772846753179,-0.00011260525714000026,2.2196571428999973e-05,0.000370959085710036,1
21,1772846753182,-0.00011260525714000026,2.2196571428999973e-05,0.000370959085710036,1
22,1772846753184,-0.00011260525714000026,2.2196571428999973e-05,0.000370959085710036,1
23,1772846753186,-5.4105257139999e-05,-0.000122103428571,0.00011745908571001839,1
24,1772846753189,-5.4105257139999e-05,-0.000122103428571,0.00011745908571001839,1
25,1772846753191,-5.4105257139999e-05,-0.000122103428571,0.00011745908571001839,1
26,1772846753194,-5.4105257139999e-05,-0.000122103428571,0.00025785908570994786,1
27,1772846753196,-5.4105257139999e-05,6.119657142899994e-05,0.00025785908570994786,1
28,1772846753198,-5.4105257139999e-05,6.119657142899994e-05,0.00025785908570994786,1
29,1772846753201,-5.4105257139999e-05,6.119657142899994e-05,0.00025785908570994786,1
30,1772846753203,4.394742860000522e-06,-0.00014160342857100002,0.00035145908570997485,1
31,1772846753205,4.394742860000522e-06,-0.00014160342857100002,0.00035145908570997485,1
32,1772846753208,4.394742860000522e-06,-0.00014160342857100002,0.00035145908570997485,1
33,1772846753210,-3.850525713999971e-05,-5.190342857100004e-05,0.00021105908570993436,1
34,1772846753213,-3.850525713999971e-05,-5.190342857100004e-05,0.00021105908570993436,1
35,1772846753215,-3.850525713999971e-05,-5.190342857100004e-05,0.00021105908570993436,1
36,1772846753217,-3.850525713999971e-05,-5.190342857100004e-05,0.00021105908570993436,1
37,1772846753220,-0.00011260525714000026,6.596571428999973e-06,0.0002968590857099591,1
38,1772846753222,-0.00011260525714000026,6.596571428999973e-06,0.0002968590857099591,1
39,1772846753224,-0.00011260525714000026,6.596571428999973e-06,0.0002968590857099591,1
40,1772846753227,-0.00010480525713999975,-5.970342857100001e-05,0.0001681590857099775,1
41,1772846753229,-0.00010480525713999975,-5.970342857100001e-05,0.0001681590857099775,1
42,1772846753232,-0.00010480525713999975,-5.970342857100001e-05,0.0001681590857099775,1
43,1772846753234,-0.00010480525713999975,8.849657142899996e-05,0.0002500590857099456,1
44,1772846753236,-0.0001789052571400003,8.849657142899996e-05,0.0002500590857099456,1
45,1772846753239,-0.0001789052571400003,8.849657142899996e-05,0.0002500590857099456,1
46,1772846753241,-0.0001789052571400003,8.849657142899996e-05,0.0002500590857099456,1
47,1772846753243,-0.00013600525714000007,5.729657142899996e-05,0.0003241590857100225,1
48,1772846753246,-0.00013600525714000007,5.729657142899996e-05,0.0003241590857100225,1
49,1772846753248,-0.00013600525714000007,5.729657142899996e-05,0.0003241590857100225,1
50,1772846753251,-0.00011260525714000026,-3.2403428571000053e-05,0.00010185908571001389,1
51,1772846753253,-0.00011260525714000026,-3.2403428571000053e-05,0.00010185908571001389,1
52,1772846753255,-0.00011260525714000026,-3.2403428571000053e-05,0.00010185908571001389,1
53,1772846753258,-0.00011260525714000026,7.6796571429e-05,0.00030075908571001574,1
54,1772846753260,-4.630525714000022e-05,7.6796571429e-05,0.00030075908571001574,1
55,1772846753262,-4.630525714000022e-05,7.6796571429e-05,0.00030075908571001574,1
56,1772846753265,-4.630525714000022e-05,7.6796571429e-05,0.00030075908571001574,1
57,1772846753267,9.409474286000037e-05,1.4396571429e-05,0.0003592590857099771,1
58,1772846753270,9.409474286000037e-05,1.4396571429e-05,0.0003592590857099771,1
59,1772846753272,9.409474286000037e-05,1.4396571429e-05,0.0003592590857099771,1
60,1772846753274,-5.800525714000013e-05,-3.2403428571000053e-05,-0.0001477409142900581,1
61,1772846753277,-5.800525714000013e-05,-3.2403428571000053e-05,-0.0001477409142900581,1
62,1772846753279,-5.800525714000013e-05,-3.2403428571000053e-05,-0.0001477409142900581,1
63,1772846753281,-5.800525714000013e-05,-3.2403428571000053e-05,4.5908570998464543e-07,1
64,1772846753284,-0.00011260525714000026,0.00011189657142899998,4.5908570998464543e-07,1
65,1772846753286,-0.00011260525714000026,0.00011189657142899998,4.5908570998464543e-07,1
66,1772846753288,-0.00011260525714000026,0.00011189657142899998,4.5908570998464543e-07,1
67,1772846753291,-3.070525713999919e-05,0.000170396571429,0.0004879590857099587,1
68,1772846753293,-3.070525713999919e-05,0.000170396571429,0.0004879590857099587,1
69,1772846753296,-3.070525713999919e-05,0.000170396571429,0.0004879590857099587,1
70,1772846753298,-0.00010480525713999975,-0.00011040342857100002,0.000714159085710024,1
71,1772846753300,-0.00010480525713999975,-0.00011040342857100002,0.000714159085710024,1
72,1772846753303,-0.00010480525713999975,-0.00011040342857100002,0.000714159085710024,1
73,1772846753305,-0.00010480525713999975,-0.00011040342857100002,0.000714159085710024,1
74,1772846753307,4.394742860000522e-06,-0.00020400342857100002,-6.194091429003335e-05,1
75,1772846753310,4.394742860000522e-06,-0.00020400342857100002,-6.194091429003335e-05,1
76,1772846753312,4.394742860000522e-06,-0.00020400342857100002,-6.194091429003335e-05,1
77,1772846753315,7.069474286000056e-05,0.0003497965714289999,-0.00042854091429002806,1
78,1772846753317,7.069474286000056e-05,0.0003497965714289999,-0.00042854091429002806,1
79,1772846753319,7.069474286000056e-05,0.0003497965714289999,-0.00042854091429002806,1
80,1772846753322,7.069474286000056e-05,0.00024839657142899994,0.00043335908570994296,1
81,1772846753324,8.239474286000047e-05,0.00024839657142899994,0.00043335908570994296,1
82,1772846753326,8.239474286000047e-05,0.00024839657142899994,0.00043335908570994296,1
83,1772846753329,8.239474286000047e-05,0.00024839657142899994,0.00043335908570994296,1
84,1772846753331,-4.24052571399991e-05,-0.00018060342857100002,0.0002188590857099366,1
85,1772846753333,-4.24052571399991e-05,-0.00018060342857100002,0.0002188590857099366,1
86,1772846753336,-4.24052571399991e-05,-0.00018060342857100002,0.0002188590857099366,1
87,1772846753338,-7.305257139999383e-06,-5.10342857100004e-06,5.505908571000039e-05,1
88,1772846753341,-7.305257139999383e-06,-5.10342857100004e-06,5.505908571000039e-05,1
89,1772846753343,-7.305257139999383e-06,-5.10342857100004e-06,5.505908571000039e-05,1
90,1772846753345,-7.305257139999383e-06,-2.8503428571000013e-05,0.0004255590857099407,1
91,1772846753348,-7.360525713999942e-05,-2.8503428571000013e-05,0.0004255590857099407,1
92,1772846753350,-7.360525713999942e-05,-2.8503428571000013e-05,0.0004255590857099407,1
93,1772846753353,-7.360525713999942e-05,-2.8503428571000013e-05,0.0004255590857099407,1
94,1772846753355,-4.630525714000022e-05,-0.00010650342857100001,4.5908570998464543e-07,1
95,1772846753357,-4.630525714000022e-05,-0.00010650342857100001,4.5908570998464543e-07,1
96,1772846753360,-4.630525714000022e-05,-0.00010650342857100001,4.5908570998464543e-07,1
97,1772846753362,5.509474286000127e-05,-4.0203428571000026e-05,0.00030465908570996136,1
98,1772846753365,5.509474286000127e-05,-4.0203428571000026e-05,0.00030465908570996136,1
99,1772846753367,5.509474286000127e-05,-4.0203428571000026e-05,0.00030465908570996136,1
100,1772846753369,5.509474286000127e-05,1.8296571428999986e-05,0.00036705908570997935,1
101,1772846753372,4.947428600011322e-07,1.8296571428999986e-05,0.00036705908570997935,1
102,1772846753374,4.947428600011322e-07,1.8296571428999986e-05,0.00036705908570997935,1
103,1772846753376,4.947428600011322e-07,1.8296571428999986e-05,0.00036705908570997935,1
104,1772846753379,5.899474286000066e-05,7.6796571429e-05,0.0002305590857099955,1
105,1772846753381,5.899474286000066e-05,7.6796571429e-05,0.0002305590857099955,1
106,1772846753383,5.899474286000066e-05,7.6796571429e-05,0.0002305590857099955,1
107,1772846753386,4.729474286000075e-05,4.5596571429e-05,3.945908570999589e-05,1
108,1772846753388,4.729474286000075e-05,4.5596571429e-05,3.945908570999589e-05,1
109,1772846753391,4.729474286000075e-05,4.5596571429e-05,3.945908570999589e-05,1
110,1772846753393,4.729474286000075e-05,-0.00016500342857100002,0.00048015908570995646,1
111,1772846753396,4.729474286000075e-05,-0.00016500342857100002,0.00048015908570995646,1
112,1772846753398,4.729474286000075e-05,-0.00016500342857100002,0.00048015908570995646,1
113,1772846753401,4.729474286000075e-05,-0.00016500342857100002,0.00048015908570995646,1
114,1772846753403,9.409474286000037e-05,-0.00010260342857100003,0.000277359085710009,1
115,1772846753406,9.409474286000037e-05,-0.00010260342857100003,0.000277359085710009,1
116,1772846753408,9.409474286000037e-05,-0.00010260342857100003,0.000277359085710009,1
117,1772846753411,-2.6805257139999802e-05,9.629657142899998e-05,-0.0001009409142900446,1
118,1772846753413,-2.6805257139999802e-05,9.629657142899998e-05,-0.0001009409142900446,1
119,1772846753415,-2.6805257139999802e-05,9.629657142899998e-05,-0.0001009409142900446,1
120,1772846753418,3.949474286000024e-05,5.729657142899996e-05,9.405908571001164e-05,1
121,1772846753420,3.949474286000024e-05,5.729657142899996e-05,9.405908571001164e-05,1
122,1772846753423,3.949474286000024e-05,5.729657142899996e-05,9.405908571001164e-05,1
123,1772846753425,3.949474286000024e-05,5.729657142899996e-05,0.00041775908570993846,1
124,1772846753427,0.0001486947428600005,4.169657142899996e-05,0.00041775908570993846,1
0,1772846753441,8.629474285999986e-05,-3.2403428571000053e-05,0.000308559085710018,1
1,1772846753443,-4.24052571399991e-05,-5.970342857100001e-05,0.000308559085710018,1
2,1772846753446,-4.24052571399991e-05,-5.970342857100001e-05,0.000308559085710018,1
3,1772846753448,-4.24052571399991e-05,-5.970342857100001e-05,0.000308559085710018,1
4,1772846753451,9.409474286000037e-05,3.779657142899997e-05,0.00032025908570996586,1
5,1772846753453,9.409474286000037e-05,3.779657142899997e-05,0.00032025908570996586,1
6,1772846753485,9.409474286000037e-05,3.779657142899997e-05,0.00032025908570996586,1
7,1772846753487,3.949474286000024e-05,1.4396571429e-05,-2.6840914289967717e-05,1
8,1772846753550,8.629474285999986e-05,-3.630342857100004e-05,0.0002500590857099456,1
9,1772846753552,4.339474286000136e-05,8.459657142899997e-05,-8.924091428998571e-05,1
10,1772846753555,-3.850525713999971e-05,0.00020549657142899993,0.0004411590857099452,1
11,1772846753557,-3.850525713999971e-05,0.00020549657142899993,0.0004411590857099452,1
12,1772846753559,-3.850525713999971e-05,0.00020549657142899993,0.0004411590857099452,1
13,1772846753562,0.00016819474286000093,-1.6803428571e-05,0.0007336590857099741,1
14,1772846753564,0.00016819474286000093,-1.6803428571e-05,0.0007336590857099741,1
15,1772846753566,0.00016819474286000093,-1.6803428571e-05,0.0007336590857099741,1
16,1772846753569,-0.00024130525713999922,-0.00034830342857100003,-0.0001321409142900536,1
17,1772846753571,-0.00024130525713999922,-0.00034830342857100003,-0.0001321409142900536,1
18,1772846753574,-0.00024130525713999922,-0.00034830342857100003,-0.0001321409142900536,1
19,1772846753576,-0.00024130525713999922,-0.00034830342857100003,-0.0001321409142900536,1
20,1772846753578,0.00019939474286000125,0.000583796571429,-0.00039734091429001906,1
21,1772846753581,0.00019939474286000125,0.000583796571429,-0.00039734091429001906,1
22,1772846753583,0.00019939474286000125,0.000583796571429,-0.00039734091429001906,1
23,1772846753585,-0.00010090525713999862,1.8296571428999986e-05,0.0014668590857099635,1
24,1772846753588,-0.00010090525713999862,1.8296571428999986e-05,0.0014668590857099635,1
25,1772846753590,-0.00010090525713999862,1.8296571428999986e-05,0.0014668590857099635,1
26,1772846753593,-0.00010090525713999862,-0.000551103428571,0.00031635908571002024,1
27,1772846753595,-0.0002023052571400001,-0.000551103428571,0.00031635908571002024,1
28,1772846753597,-0.0002023052571400001,-0.000551103428571,0.00031635908571002024,1
29,1772846753600,-0.0002023052571400001,-0.000551103428571,0.00031635908571002024,1
30,1772846753602,8.239474286000047e-05,0.00026789657142899993,-0.00036224091429006445,1
31,1772846753604,8.239474286000047e-05,0.00026789657142899993,-0.00036224091429006445,1
32,1772846753607,8.239474286000047e-05,0.00026789657142899993,-0.00036224091429006445,1
33,1772846753609,-0.00029200525713999996,2.9996571428999945e-05,0.0002656590857099501,1
34,1772846753611,-0.00029200525713999996,2.9996571428999945e-05,0.0002656590857099501,1
35,1772846753614,-0.00029200525713999996,2.9996571428999945e-05,0.0002656590857099501,1
36,1772846753616,-0.00029200525713999996,2.9996571428999945e-05,4.725908570999814e-05,1
37,1772846753618,-3.850525713999971e-05,-4.0203428571000026e-05,4.725908570999814e-05,1
38,1772846753621,-3.850525713999971e-05,-4.0203428571000026e-05,4.725908570999814e-05,1
39,1772846753623,-3.850525713999971e-05,-4.0203428571000026e-05,4.725908570999814e-05,1
40,1772846753626,-9.310525713999984e-05,7.289657142899996e-05,0.00041775908570993846,1
41,1772846753628,-9.310525713999984e-05,7.289657142899996e-05,0.00041775908570993846,1
42,1772846753630,-9.310525713999984e-05,7.289657142899996e-05,0.00041775908570993846,1
43,1772846753633,-9.310525713999984e-05,1.049657142899996e-05,4.335908570994151e-05,1
44,1772846753635,-0.00010480525713999975,1.049657142899996e-05,4.335908570994151e-05,1
45,1772846753637,-0.00010480525713999975,1.049657142899996e-05,4.335908570994151e-05,1
46,1772846753640,-0.00010480525713999975,1.049657142899996e-05,4.335908570994151e-05,1
47,1772846753642,0.00011359474286000079,9.239657142899994e-05,1.6059085709989145e-05,1
48,1772846753644,0.00011359474286000079,9.239657142899994e-05,1.6059085709989145e-05,1
49,1772846753647,0.00011359474286000079,9.239657142899994e-05,1.6059085709989145e-05,1
50,1772846753649,5.899474286000066e-05,-0.00012600342857100002,0.0003553590857100315,1
51,1772846753651,5.899474286000066e-05,-0.00012600342857100002,0.0003553590857100315,1
52,1772846753654,5.899474286000066e-05,-0.00012600342857100002,0.0003553590857100315,1
53,1772846753656,5.899474286000066e-05,-0.00012600342857100002,0.0005191590857099677,1
54,1772846753659,-2.2905257139998678e-05,5.339657142899997e-05,0.0005191590857099677,1
55,1772846753661,-2.2905257139998678e-05,5.339657142899997e-05,0.0005191590857099677,1
56,1772846753663,-2.2905257139998678e-05,5.339657142899997e-05,0.0005191590857099677,1
57,1772846753666,-0.00017500525713999918,-3.630342857100004e-05,0.0003748590857099816,1
58,1772846753668,-0.00017500525713999918,-3.630342857100004e-05,0.0003748590857099816,1
59,1772846753670,-0.00017500525713999918,-3.630342857100004e-05,0.0003748590857099816,1
60,1772846753673,0.0001330947428600012,8.849657142899996e-05,2.7759085709937008e-05,1
61,1772846753675,0.0001330947428600012,8.849657142899996e-05,2.7759085709937008e-05,1
62,1772846753677,0.0001330947428600012,8.849657142899996e-05,2.7759085709937008e-05,1
63,1772846753680,0.0001330947428600012,8.849657142899996e-05,2.7759085709937008e-05,1
64,1772846753682,-8.140525713999994e-05,1.4396571429e-05,0.00011355908570996175,1
65,1772846753684,-8.140525713999994e-05,1.4396571429e-05,0.00011355908570996175,1
66,1772846753687,-8.140525713999994e-05,1.4396571429e-05,0.00011355908570996175,1
67,1772846753689,0.0001213947428600013,-5.190342857100004e-05,0.00014475908570997075,1
68,1772846753691,0.0001213947428600013,-5.190342857100004e-05,0.00014475908570997075,1
69,1772846753694,0.0001213947428600013,-5.190342857100004e-05,0.00014475908570997075,1
70,1772846753696,0.0001213947428600013,-5.190342857100004e-05,0.00031635908571002024,1
71,1772846753698,5.899474286000066e-05,-7.140342857100003e-05,0.00031635908571002024,1
72,1772846753701,5.899474286000066e-05,-7.140342857100003e-05,0.00031635908571002024,1
73,1772846753703,5.899474286000066e-05,-7.140342857100003e-05,0.00031635908571002024,1
74,1772846753705,-5.800525714000013e-05,0.00014309657142899993,0.000214959085709991,1
75,1772846753708,-5.800525714000013e-05,0.00014309657142899993,0.000214959085709991,1
76,1772846753710,-5.800525714000013e-05,0.00014309657142899993,0.000214959085709991,1
77,1772846753713,-0.00018670525713999908,0.00011579657142899997,0.0002812590857099546,1
78,1772846753715,-0.00018670525713999908,0.00011579657142899997,0.0002812590857099546,1
79,1772846753717,-0.00018670525713999908,0.00011579657142899997,0.0002812590857099546,1
80,1772846753720,-0.00018670525713999908,0.00011579657142899997,0.0002812590857099546,1
81,1772846753722,-0.00014380525713999885,-5.190342857100004e-05,0.000370959085710036,1
82,1772846753724,-0.00014380525713999885,-5.190342857100004e-05,0.000370959085710036,1
83,1772846753727,-0.00014380525713999885,-5.190342857100004e-05,0.000370959085710036,1
84,1772846753729,0.0002890947428600011,-1.203428571000054e-06,0.0004216590857099951,1
85,1772846753732,0.0002890947428600011,-1.203428571000054e-06,0.0004216590857099951,1
86,1772846753734,0.0002890947428600011,-1.203428571000054e-06,0.0004216590857099951,1
87,1772846753736,0.0001330947428600012,-0.00027030342857100004,0.00025395908571000225,1
88,1772846753739,0.0001330947428600012,-0.00027030342857100004,0.00025395908571000225,1
89,1772846753742,0.0001330947428600012,-0.00027030342857100004,0.00025395908571000225,1
90,1772846753744,0.0001330947428600012,-9.003428571000027e-06,1.2159085709932509e-05,1
91,1772846753746,0.0001252947428600007,-9.003428571000027e-06,1.2159085709932509e-05,1
92,1772846753749,0.0001252947428600007,-9.003428571000027e-06,1.2159085709932509e-05,1
93,1772846753751,0.0001252947428600007,-9.003428571000027e-06,1.2159085709932509e-05,1
94,1772846753754,-0.00014770525713999998,-8.310342857100004e-05,0.00025395908571000225,1
95,1772846753756,-0.00014770525713999998,-8.310342857100004e-05,0.00025395908571000225,1
96,1772846753758,-0.00014770525713999998,-8.310342857100004e-05,0.00025395908571000225,1
97,1772846753761,-7.750525713999881e-05,-0.000215703428571,0.0002500590857099456,1
98,1772846753763,-7.750525713999881e-05,-0.000215703428571,0.0002500590857099456,1
99,1772846753765,-7.750525713999881e-05,-0.000215703428571,0.0002500590857099456,1
100,1772846753768,-7.750525713999881e-05,-0.000215703428571,0.00014475908570997075,1
101,1772846753770,3.559474286000085e-05,-0.00010650342857100001,0.00014475908570997075,1
102,1772846753773,3.559474286000085e-05,-0.00010650342857100001,0.00014475908570997075,1
103,1772846753775,3.559474286000085e-05,-0.00010650342857100001,0.00014475908570997075,1
104,1772846753777,-6.970525714000003e-05,3.3896571428999986e-05,-1.5140914290019854e-05,1
105,1772846753780,-6.970525714000003e-05,3.3896571428999986e-05,-1.5140914290019854e-05,1
106,1772846753782,-6.970525714000003e-05,3.3896571428999986e-05,-1.5140914290019854e-05,1
107,1772846753784,8.294742859999912e-06,3.3896571428999986e-05,0.0001330590857100229,1
108,1772846753787,8.294742859999912e-06,3.3896571428999986e-05,0.0001330590857100229,1
109,1772846753789,8.294742859999912e-06,3.3896571428999986e-05,0.0001330590857100229,1
110,1772846753791,8.294742859999912e-06,3.3896571428999986e-05,0.0001330590857100229,1
111,1772846753794,8.294742859999912e-06,-5.190342857100004e-05,0.00019155908570998425,1
112,1772846753796,8.294742859999912e-06,-5.190342857100004e-05,0.00019155908570998425,1
113,1772846753799,8.294742859999912e-06,-5.190342857100004e-05,0.00019155908570998425,1
114,1772846753801,9.799474285999976e-05,2.2196571428999973e-05,4.725908570999814e-05,1
115,1772846753803,9.799474285999976e-05,2.2196571428999973e-05,4.725908570999814e-05,1
116,1772846753806,9.799474285999976e-05,2.2196571428999973e-05,4.725908570999814e-05,1
117,1772846753808,0.00015649474286000102,-2.4603428571000026e-05,0.0002500590857099456,1
118,1772846753810,0.00015649474286000102,-2.4603428571000026e-05,0.0002500590857099456,1
119,1772846753813,0.00015649474286000102,-2.4603428571000026e-05,0.0002500590857099456,1
120,1772846753815,0.00015649474286000102,-2.4603428571000026e-05,0.0002500590857099456,1
121,1772846753818,7.069474286000056e-05,0.000256196571429,0.00027345908570995236,1
122,1772846753820,7.069474286000056e-05,0.000256196571429,0.00027345908570995236,1
123,1772846753822,7.069474286000056e-05,0.000256196571429,0.00027345908570995236,1
124,1772846753825,-8.920525713999872e-05,-1.203428571000054e-06,0.00036705908570997935,1
0,1772846753838,-6.580525713999891e-05,-5.190342857100004e-05,0.0002344590857099411,1
1,1772846753840,6.679474286000117e-05,0.00018599657142899994,0.00017985908571003639,1
2,1772846753843,6.679474286000117e-05,0.00018599657142899994,0.00017985908571003639,1
3,1772846753845,6.679474286000117e-05,0.00018599657142899994,0.00017985908571003639,1
4,1772846753848,-3.070525713999919e-05,6.596571428999973e-06,9.0159085709955e-05,1
5,1772846753880,-3.070525713999919e-05,6.596571428999973e-06,9.0159085709955e-05,1
6,1772846753882,0.00017989474286000083,0.000232796571429,-6.97409142900356e-05,1
7,1772846753885,0.00017989474286000083,0.000232796571429,-6.97409142900356e-05,1
8,1772846753946,0.0001525947428599999,-2.8503428571000013e-05,0.0001369590857099685,1
9,1772846753949,0.0001525947428599999,-2.8503428571000013e-05,0.0001369590857099685,1
10,1772846753951,0.0001525947428599999,-2.8503428571000013e-05,-4.634091429002885e-05,1
11,1772846753954,0.0001369947428600006,-5.190342857100004e-05,-4.634091429002885e-05,1
12,1772846753956,0.0001369947428600006,-5.190342857100004e-05,-4.634091429002885e-05,1
13,1772846753958,0.0001369947428600006,-5.190342857100004e-05,-4.634091429002885e-05,1
14,1772846753961,-0.00027250525713999954,-2.4603428571000026e-05,0.0002032590857099321,1
15,1772846753963,-0.00027250525713999954,-2.4603428571000026e-05,0.0002032590857099321,1
16,1772846753966,-0.00027250525713999954,-2.4603428571000026e-05,0.0002032590857099321,1
17,1772846753968,-4.24052571399991e-05,-6.360342857100005e-05,0.00041775908570993846,1
18,1772846753970,-4.24052571399991e-05,-6.360342857100005e-05,0.00041775908570993846,1
19,1772846753973,-4.24052571399991e-05,-6.360342857100005e-05,0.00041775908570993846,1
20,1772846753975,-4.24052571399991e-05,-6.360342857100005e-05,0.00010185908571001389,1
21,1772846753977,4.339474286000136e-05,-9.870342857100004e-05,0.00010185908571001389,1
22,1772846753980,4.339474286000136e-05,-9.870342857100004e-05,0.00010185908571001389,1
23,1772846753982,4.339474286000136e-05,-9.870342857100004e-05,0.00010185908571001389,1
24,1772846753984,7.459474285999995e-05,-1.203428571000054e-06,-0.0001477409142900581,1
25,1772846753987,7.459474285999995e-05,-1.203428571000054e-06,-0.0001477409142900581,1
26,1772846753989,7.459474285999995e-05,-1.203428571000054e-06,-0.0001477409142900581,1
27,1772846753992,8.629474285999986e-05,-1.203428571000054e-06,0.00021105908570993436,1
28,1772846753994,8.629474285999986e-05,-1.203428571000054e-06,0.00021105908570993436,1
29,1772846753996,8.629474285999986e-05,-1.203428571000054e-06,0.00021105908570993436,1
30,1772846753999,8.629474285999986e-05,-1.203428571000054e-06,0.00021105908570993436,1
31,1772846754001,0.00010189474286000089,-4.410342857100001e-05,0.00044505908571000185,1
32,1772846754004,0.00010189474286000089,-4.410342857100001e-05,0.00044505908571000185,1
33,1772846754006,0.00010189474286000089,-4.410342857100001e-05,0.00044505908571000185,1
34,1772846754008,-3.4052571399999926e-06,-0.00019620342857100002,0.0001369590857099685,1
35,1772846754011,-3.4052571399999926e-06,-0.00019620342857100002,0.0001369590857099685,1
36,1772846754013,-3.4052571399999926e-06,-0.00019620342857100002,0.0001369590857099685,1
37,1772846754015,-0.00012040525713999904,-5.10342857100004e-06,0.00025395908571000225,1
38,1772846754018,-0.00012040525713999904,-5.10342857100004e-06,0.00025395908571000225,1
39,1772846754020,-0.00012040525713999904,-5.10342857100004e-06,0.00025395908571000225,1
40,1772846754023,-0.00012040525713999904,-5.10342857100004e-06,0.00025395908571000225,1
41,1772846754025,-0.00011260525714000026,2.9996571428999945e-05,-2.2940914290022103e-05,1
42,1772846754027,-0.00011260525714000026,2.9996571428999945e-05,-2.2940914290022103e-05,1
43,1772846754030,-0.00011260525714000026,2.9996571428999945e-05,-2.2940914290022103e-05,1
44,1772846754032,-5.020525713999961e-05,-6.360342857100005e-05,5.1159085709943757e-05,1
45,1772846754034,-5.020525713999961e-05,-6.360342857100005e-05,5.1159085709943757e-05,1
46,1772846754037,-5.020525713999961e-05,-6.360342857100005e-05,5.1159085709943757e-05,1
47,1772846754039,-5.020525713999961e-05,-0.00013380342857100002,0.0003124590857099636,1
48,1772846754042,2.3894742860000942e-05,-0.00013380342857100002,0.0003124590857099636,1
49,1772846754044,2.3894742860000942e-05,-0.00013380342857100002,0.0003124590857099636,1
50,1772846754046,2.3894742860000942e-05,-0.00013380342857100002,0.0003124590857099636,1
51,1772846754049,-0.00014770525713999998,3.3896571428999986e-05,8.235908570995275e-05,1
52,1772846754051,-0.00014770525713999998,3.3896571428999986e-05,8.235908570995275e-05,1
53,1772846754053,-0.00014770525713999998,3.3896571428999986e-05,8.235908570995275e-05,1
54,1772846754056,1.2194742860001037e-05,0.00029129657142899995,3.945908570999589e-05,1
55,1772846754058,1.2194742860001037e-05,0.00029129657142899995,3.945908570999589e-05,1
56,1772846754061,1.2194742860001037e-05,0.00029129657142899995,3.945908570999589e-05,1
57,1772846754063,1.2194742860001037e-05,0.00010409657142899996,0.00028905908570995686,1
58,1772846754065,-1.5105257139999897e-05,0.00010409657142899996,0.00028905908570995686,1
59,1772846754068,-1.5105257139999897e-05,0.00010409657142899996,0.00028905908570995686,1
60,1772846754070,-1.5105257139999897e-05,0.00010409657142899996,0.00028905908570995686,1
61,1772846754073,-1.1205257139998773e-05,6.899657142899997e-05,9.405908571001164e-05,1
62,1772846754075,-1.1205257139998773e-05,6.899657142899997e-05,9.405908571001164e-05,1
63,1772846754079,-1.1205257139998773e-05,6.899657142899997e-05,9.405908571001164e-05,1
64,1772846754081,0.00014089474286,0.00021719657142899994,-6.194091429003335e-05,1
65,1772846754084,0.00014089474286,0.00021719657142899994,-6.194091429003335e-05,1
66,1772846754086,0.00014089474286,0.00021719657142899994,-6.194091429003335e-05,1
67,1772846754088,5.509474286000127e-05,0.000182096571429,6.675908570994826e-05,1
68,1772846754091,5.509474286000127e-05,0.000182096571429,6.675908570994826e-05,1
69,1772846754093,5.509474286000127e-05,0.000182096571429,6.675908570994826e-05,1
70,1772846754095,1.9994742859999817e-05,3.779657142899997e-05,3.1659085709993644e-05,1
71,1772846754098,1.9994742859999817e-05,3.779657142899997e-05,3.1659085709993644e-05,1
72,1772846754100,1.9994742859999817e-05,3.779657142899997e-05,3.1659085709993644e-05,1
73,1772846754103,1.9994742859999817e-05,3.779657142899997e-05,9.405908571001164e-05,1
74,1772846754105,0.00014089474286,-9.480342857100005e-05,9.405908571001164e-05,1
75,1772846754107,0.00014089474286,-9.480342857100005e-05,9.405908571001164e-05,1
76,1772846754110,0.00014089474286,-9.480342857100005e-05,9.405908571001164e-05,1
77,1772846754112,1.9994742859999817e-05,-3.2403428571000053e-05,0.0001057590857099595,1
78,1772846754114,1.9994742859999817e-05,-3.2403428571000053e-05,0.0001057590857099595,1
79,1772846754117,1.9994742859999817e-05,-3.2403428571000053e-05,0.0001057590857099595,1
80,1772846754119,2.7794742860000332e-05,0.00013529657142899996,0.000183759085709982,1
81,1772846754122,2.7794742860000332e-05,0.00013529657142899996,0.000183759085709982,1
82,1772846754124,2.7794742860000332e-05,0.00013529657142899996,0.000183759085709982,1
83,1772846754126,2.7794742860000332e-05,0.00013529657142899996,0.000183759085709982,1
84,1772846754129,9.409474286000037e-05,5.729657142899996e-05,0.0001330590857100229,1
85,1772846754131,9.409474286000037e-05,5.729657142899996e-05,0.0001330590857100229,1
86,1772846754133,9.409474286000037e-05,5.729657142899996e-05,0.0001330590857100229,1
87,1772846754136,7.069474286000056e-05,-5.970342857100001e-05,0.00019155908570998425,1
88,1772846754138,7.069474286000056e-05,-5.970342857100001e-05,0.00019155908570998425,1
89,1772846754140,7.069474286000056e-05,-5.970342857100001e-05,0.00019155908570998425,1
90,1772846754143,-5.800525714000013e-05,-3.2403428571000053e-05,0.0005074590857100198,1
91,1772846754145,-5.800525714000013e-05,-3.2403428571000053e-05,0.0005074590857100198,1
92,1772846754148,-5.800525714000013e-05,-3.2403428571000053e-05,0.0005074590857100198,1
93,1772846754150,-5.800525714000013e-05,-3.2403428571000053e-05,0.0005074590857100198,1
94,1772846754152,2.3894742860000942e-05,0.00010019657142899997,0.0005230590857100243,1
95,1772846754155,2.3894742860000942e-05,0.00010019657142899997,0.0005230590857100243,1
96,1772846754157,2.3894742860000942e-05,0.00010019657142899997,0.0005230590857100243,1
97,1772846754159,1.2194742860001037e-05,-1.6803428571e-05,0.0004918590857100153,1
98,1772846754162,1.2194742860001037e-05,-1.6803428571e-05,0.0004918590857100153,1
99,1772846754164,1.2194742860001037e-05,-1.6803428571e-05,0.0004918590857100153,1
100,1772846754167,1.2194742860001037e-05,-4.410342857100001e-05,0.00017985908571003639,1
101,1772846754169,4.729474286000075e-05,-4.410342857100001e-05,0.00017985908571003639,1
102,1772846754171,4.729474286000075e-05,-4.410342857100001e-05,0.00017985908571003639,1
103,1772846754174,4.729474286000075e-05,-4.410342857100001e-05,0.00017985908571003639,1
104,1772846754176,-0.00014770525713999998,5.339657142899997e-05,0.00028515908571001124,1
105,1772846754178,-0.00014770525713999998,5.339657142899997e-05,0.00028515908571001124,1
106,1772846754181,-0.00014770525713999998,5.339657142899997e-05,0.00028515908571001124,1
107,1772846754183,-0.00010480525713999975,-0.000231303428571,0.00017985908571003639,1
108,1772846754186,-0.00010480525713999975,-0.000231303428571,0.00017985908571003639,1
109,1772846754188,-0.00010480525713999975,-0.000231303428571,0.00017985908571003639,1
110,1772846754190,-0.00010480525713999975,-0.000231303428571,0.00021105908570993436,1
111,1772846754193,0.00018769474286000135,0.00019769657142899996,0.00021105908570993436,1
112,1772846754195,0.00018769474286000135,0.00019769657142899996,0.00021105908570993436,1
113,1772846754198,0.00018769474286000135,0.00019769657142899996,0.00021105908570993436,1
114,1772846754200,-8.140525713999994e-05,-3.630342857100004e-05,0.0010300590857099485,1
115,1772846754203,-8.140525713999994e-05,-3.630342857100004e-05,0.0010300590857099485,1
116,1772846754205,-8.140525713999994e-05,-3.630342857100004e-05,0.0010300590857099485,1
117,1772846754207,-6.970525714000003e-05,-0.000122103428571,8.235908570995275e-05,1
118,1772846754210,-6.970525714000003e-05,-0.000122103428571,8.235908570995275e-05,1
119,1772846754212,-6.970525714000003e-05,-0.000122103428571,8.235908570995275e-05,1
120,1772846754214,-6.970525714000003e-05,3.779657142899997e-05,-0.00015554091429006035,1
121,1772846754217,0.00019939474286000125,3.779657142899997e-05,-0.00015554091429006035,1
122,1772846754219,0.00019939474286000125,3.779657142899997e-05,-0.00015554091429006035,1
123,1772846754222,0.00019939474286000125,3.779657142899997e-05,-0.00015554091429006035,1
124,1772846754224,9.019474286000098e-05,7.6796571429e-05,0.00031635908571002024,1
0,1772846754237,0.0001252947428600007,2.6965714289999866e-06,0.0005971590857099902,1
1,1772846754240,-0.00012820525713999956,-0.00012990342857100004,0.0004996590857100176,1
2,1772846754242,-0.00012820525713999956,-0.00012990342857100004,0.0004996590857100176,1
3,1772846754244,-0.00012820525713999956,-0.00012990342857100004,0.0004996590857100176,1
4,1772846754247,-4.630525714000022e-05,7.6796571429e-05,-9.314091429004235e-05,1
5,1772846754249,-4.630525714000022e-05,7.6796571429e-05,-9.314091429004235e-05,1
6,1772846754252,-4.630525714000022e-05,7.6796571429e-05,-9.314091429004235e-05,1
7,1772846754284,9.409474286000037e-05,-7.9203428571e-05,-0.0001165409142900491,1
8,1772846754286,9.409474286000037e-05,-7.9203428571e-05,-3.4640914289969967e-05,1
9,1772846754341,2.3894742860000942e-05,3.779657142899997e-05,-3.4640914289969967e-05,1
10,1772846754345,2.7794742860000332e-05,-0.00011040342857100002,0.00033195908571002474,1
11,1772846754350,2.7794742860000332e-05,-9.090342857100001e-05,0.00026955908571000674,1
12,1772846754352,-3.460525713999858e-05,-9.090342857100001e-05,0.00026955908571000674,1
13,1772846754355,-3.460525713999858e-05,-9.090342857100001e-05,0.00026955908571000674,1
14,1772846754357,-3.460525713999858e-05,-9.090342857100001e-05,0.00026955908571000674,1
15,1772846754360,0.0001096947428600014,0.00010409657142899996,7.45590857099505e-05,1
16,1772846754362,0.0001096947428600014,0.00010409657142899996,7.45590857099505e-05,1
17,1772846754364,0.0001096947428600014,0.00010409657142899996,7.45590857099505e-05,1
18,1772846754367,9.019474286000098e-05,0.00017429657142899993,4.725908570999814e-05,1
19,1772846754369,9.019474286000098e-05,0.00017429657142899993,4.725908570999814e-05,1
20,1772846754372,9.019474286000098e-05,0.00017429657142899993,4.725908570999814e-05,1
21,1772846754374,9.019474286000098e-05,-0.00014160342857100002,0.0001486590857100274,1
22,1772846754376,-0.00012820525713999956,-0.00014160342857100002,0.0001486590857100274,1
23,1772846754379,-0.00012820525713999956,-0.00014160342857100002,0.0001486590857100274,1
24,1772846754381,-0.00012820525713999956,-0.00014160342857100002,0.0001486590857100274,1
25,1772846754383,8.294742859999912e-06,-9.090342857100001e-05,0.00017985908571003639,1
26,1772846754386,8.294742859999912e-06,-9.090342857100001e-05,0.00017985908571003639,1
27,1772846754388,8.294742859999912e-06,-9.090342857100001e-05,0.00017985908571003639,1
28,1772846754391,0.00018769474286000135,-7.140342857100003e-05,0.0001369590857099685,1
29,1772846754393,0.00018769474286000135,-7.140342857100003e-05,0.0001369590857099685,1
30,1772846754396,0.00018769474286000135,-7.140342857100003e-05,0.0001369590857099685,1
31,1772846754398,0.00016819474286000093,0.00019379657142900002,0.0003436590857099726,1
32,1772846754401,0.00016819474286000093,0.00019379657142900002,0.0003436590857099726,1
33,1772846754403,0.00016819474286000093,0.00019379657142900002,0.0003436590857099726,1
34,1772846754405,0.00016819474286000093,0.00019379657142900002,0.000308559085710018,1
35,1772846754408,8.629474285999986e-05,-2.8503428571000013e-05,0.000308559085710018,1
36,1772846754410,8.629474285999986e-05,-2.8503428571000013e-05,0.000308559085710018,1
37,1772846754413,8.629474285999986e-05,-2.8503428571000013e-05,0.000308559085710018,1
38,1772846754415,1.6094742860000427e-05,-2.070342857100004e-05,7.845908571000714e-05,1
39,1772846754417,1.6094742860000427e-05,-2.070342857100004e-05,7.845908571000714e-05,1
40,1772846754420,1.6094742860000427e-05,-2.070342857100004e-05,7.845908571000714e-05,1
41,1772846754422,-1.1205257139998773e-05,7.289657142899996e-05,0.00015645908571002964,1
42,1772846754424,-1.1205257139998773e-05,7.289657142899996e-05,0.00015645908571002964,1
43,1772846754427,-1.1205257139998773e-05,7.289657142899996e-05,0.00015645908571002964,1
44,1772846754429,-1.1205257139998773e-05,7.289657142899996e-05,0.00015645908571002964,1
45,1772846754432,-5.4105257139999e-05,4.169657142899996e-05,0.0001876590857099276,1
46,1772846754434,-5.4105257139999e-05,4.169657142899996e-05,0.0001876590857099276,1
47,1772846754436,-5.4105257139999e-05,4.169657142899996e-05,0.0001876590857099276,1
48,1772846754439,-5.4105257139999e-05,-6.360342857100005e-05,0.00031635908571002024,1
49,1772846754441,-5.4105257139999e-05,-6.360342857100005e-05,0.00031635908571002024,1
50,1772846754443,-5.4105257139999e-05,-6.360342857100005e-05,0.00031635908571002024,1
51,1772846754446,-3.070525713999919e-05,9.629657142899998e-05,0.00046065908571000635,1
52,1772846754448,-3.070525713999919e-05,9.629657142899998e-05,0.00046065908571000635,1
53,1772846754451,-3.070525713999919e-05,9.629657142899998e-05,0.00046065908571000635,1
54,1772846754453,-3.070525713999919e-05,9.629657142899998e-05,0.00046065908571000635,1
55,1772846754455,-0.00013600525714000007,-3.630342857100004e-05,0.00021105908570993436,1
56,1772846754458,-0.00013600525714000007,-3.630342857100004e-05,0.00021105908570993436,1
57,1772846754460,-0.00013600525714000007,-3.630342857100004e-05,0.00021105908570993436,1
58,1772846754462,3.949474286000024e-05,-9.003428571000027e-06,9.0159085709955e-05,1
59,1772846754465,3.949474286000024e-05,-9.003428571000027e-06,9.0159085709955e-05,1
60,1772846754467,3.949474286000024e-05,-9.003428571000027e-06,9.0159085709955e-05,1
61,1772846754470,3.949474286000024e-05,2.9996571428999945e-05,0.00041775908570993846,1
62,1772846754472,6.679474286000117e-05,2.9996571428999945e-05,0.00041775908570993846,1
63,1772846754474,6.679474286000117e-05,2.9996571428999945e-05,0.00041775908570993846,1
64,1772846754477,6.679474286000117e-05,2.9996571428999945e-05,0.00041775908570993846,1
65,1772846754479,-4.24052571399991e-05,3.779657142899997e-05,0.0002812590857099546,1
66,1772846754482,-4.24052571399991e-05,3.779657142899997e-05,0.0002812590857099546,1
67,1772846754484,-4.24052571399991e-05,3.779657142899997e-05,0.0002812590857099546,1
68,1772846754486,-2.2905257139998678e-05,3.3896571428999986e-05,0.00017595908570997975,1
69,1772846754489,-2.2905257139998678e-05,3.3896571428999986e-05,0.00017595908570997975,1
70,1772846754491,-2.2905257139998678e-05,3.3896571428999986e-05,0.00017595908570997975,1
71,1772846754493,-2.2905257139998678e-05,1.8296571428999986e-05,0.00019545908570992986,1
72,1772846754496,-0.00015160525713999937,1.8296571428999986e-05,0.00019545908570992986,1
73,1772846754498,-0.00015160525713999937,1.8296571428999986e-05,0.00019545908570992986,1
74,1772846754500,-0.00015160525713999937,1.8296571428999986e-05,0.00019545908570992986,1
75,1772846754503,8.239474286000047e-05,-9.870342857100004e-05,0.00012525908571002064,1
76,1772846754505,8.239474286000047e-05,-9.870342857100004e-05,0.00012525908571002064,1
77,1772846754508,8.239474286000047e-05,-9.870342857100004e-05,0.00012525908571002064,1
78,1772846754510,-1.9005257139999288e-05,2.6965714289999866e-06,0.0001642590857100319,1
79,1772846754512,-1.9005257139999288e-05,2.6965714289999866e-06,0.0001642590857100319,1
80,1772846754515,-1.9005257139999288e-05,2.6965714289999866e-06,0.0001642590857100319,1
81,1772846754517,-1.9005257139999288e-05,2.6965714289999866e-06,0.00026955908571000674,1
82,1772846754520,7.849474286000108e-05,-0.00013380342857100002,0.00026955908571000674,1
83,1772846754522,7.849474286000108e-05,-0.00013380342857100002,0.00026955908571000674,1
84,1772846754524,7.849474286000108e-05,-0.00013380342857100002,0.00026955908571000674,1
85,1772846754527,-7.750525713999881e-05,-1.2903428571000013e-05,0.0002617590857100045,1
86,1772846754529,-7.750525713999881e-05,-1.2903428571000013e-05,0.0002617590857100045,1
87,1772846754531,-7.750525713999881e-05,-1.2903428571000013e-05,0.0002617590857100045,1
88,1772846754534,4.339474286000136e-05,6.899657142899997e-05,0.00010965908571001614,1
89,1772846754536,4.339474286000136e-05,6.899657142899997e-05,0.00010965908571001614,1
90,1772846754538,4.339474286000136e-05,6.899657142899997e-05,0.00010965908571001614,1
91,1772846754541,4.339474286000136e-05,6.899657142899997e-05,0.00010965908571001614,1
92,1772846754543,-5.4105257139999e-05,-7.9203428571e-05,0.0002188590857099366,1
93,1772846754546,-5.4105257139999e-05,-7.9203428571e-05,0.0002188590857099366,1
94,1772846754548,-5.4105257139999e-05,-7.9203428571e-05,0.0002188590857099366,1
95,1772846754550,4.394742860000522e-06,6.899657142899997e-05,5.1159085709943757e-05,1
96,1772846754553,4.394742860000522e-06,6.899657142899997e-05,5.1159085709943757e-05,1
97,1772846754555,4.394742860000522e-06,6.899657142899997e-05,5.1159085709943757e-05,1
98,1772846754557,-3.4052571399999926e-06,-4.0203428571000026e-05,8.259085709986895e-06,1
99,1772846754560,-3.4052571399999926e-06,-4.0203428571000026e-05,8.259085709986895e-06,1
100,1772846754562,-3.4052571399999926e-06,-4.0203428571000026e-05,8.259085709986895e-06,1
101,1772846754565,-3.4052571399999926e-06,-4.0203428571000026e-05,8.259085709986895e-06,1
102,1772846754567,1.6094742860000427e-05,-1.2903428571000013e-05,0.00017595908570997975,1
103,1772846754569,1.6094742860000427e-05,-1.2903428571000013e-05,0.00017595908570997975,1
104,1772846754572,1.6094742860000427e-05,-1.2903428571000013e-05,0.00017595908570997975,1
105,1772846754574,-1.5105257139999897e-05,6.119657142899994e-05,0.0005347590857099722,1
106,1772846754577,-1.5105257139999897e-05,6.119657142899994e-05,0.0005347590857099722,1
107,1772846754579,-1.5105257139999897e-05,6.119657142899994e-05,0.0005347590857099722,1
108,1772846754581,6.679474286000117e-05,0.00012749657142899998,3.1659085709993644e-05,1
109,1772846754584,6.679474286000117e-05,0.00012749657142899998,3.1659085709993644e-05,1
110,1772846754586,6.679474286000117e-05,0.00012749657142899998,3.1659085709993644e-05,1
111,1772846754588,6.679474286000117e-05,0.00012749657142899998,3.1659085709993644e-05,1
112,1772846754591,4.394742860000522e-06,-5.970342857100001e-05,0.000121359085709964,1
113,1772846754593,4.394742860000522e-06,-5.970342857100001e-05,0.000121359085709964,1
114,1772846754596,4.394742860000522e-06,-5.970342857100001e-05,0.000121359085709964,1
115,1772846754598,-7.305257139999383e-06,9.629657142899998e-05,0.0002929590857100135,1
116,1772846754601,-7.305257139999383e-06,9.629657142899998e-05,0.0002929590857100135,1
117,1772846754603,-7.305257139999383e-06,9.629657142899998e-05,0.0002929590857100135,1
118,1772846754605,0.0001642947428599998,-1.2903428571000013e-05,0.0003592590857099771,1
119,1772846754608,0.0001642947428599998,-1.2903428571000013e-05,0.0003592590857099771,1
120,1772846754610,0.0001642947428599998,-1.2903428571000013e-05,0.0003592590857099771,1
121,1772846754613,0.0001642947428599998,-1.2903428571000013e-05,0.0003592590857099771,1
122,1772846754615,4.947428600011322e-07,1.4396571429e-05,3.945908570999589e-05,1
123,1772846754617,4.947428600011322e-07,1.4396571429e-05,3.945908570999589e-05,1
124,1772846754620,4.947428600011322e-07,1.4396571429e-05,3.945908570999589e-05,1
0,1772846754666,1.2194742860001037e-05,2.2196571428999973e-05,0.00023835908570999775,1
1,1772846754670,1.2194742860001037e-05,2.6965714289999866e-06,7.45590857099505e-05,1
2,1772846754730,0.00019549474286000013,5.729657142899996e-05,0.00026955908571000674,1
3,1772846754732,0.00019549474286000013,5.729657142899996e-05,0.0001642590857100319,1
4,1772846754735,2.7794742860000332e-05,0.00011969657142899996,0.0001642590857100319,1
5,1772846754737,2.7794742860000332e-05,0.00011969657142899996,0.0001642590857100319,1
6,1772846754739,2.7794742860000332e-05,0.00011969657142899996,0.0001642590857100319,1
7,1772846754742,-0.0001828052571399997,0.00011189657142899998,0.0002929590857100135,1
8,1772846754744,-0.0001828052571399997,0.00011189657142899998,0.0002929590857100135,1
9,1772846754746,-0.0001828052571399997,0.00011189657142899998,0.0002929590857100135,1
10,1772846754749,8.294742859999912e-06,0.00011189657142899998,0.00011355908570996175,1
11,1772846754751,8.294742859999912e-06,0.00011189657142899998,0.00011355908570996175,1
12,1772846754754,8.294742859999912e-06,0.00011189657142899998,0.00011355908570996175,1
13,1772846754756,8.294742859999912e-06,0.00011189657142899998,0.00011355908570996175,1
14,1772846754758,-0.00010480525713999975,4.9496571428999986e-05,9.405908571001164e-05,1
15,1772846754761,-0.00010480525713999975,4.9496571428999986e-05,9.405908571001164e-05,1
16,1772846754763,-0.00010480525713999975,4.9496571428999986e-05,9.405908571001164e-05,1
17,1772846754765,5.899474286000066e-05,-0.00011820342857100002,0.00023835908570999775,1
18,1772846754768,5.899474286000066e-05,-0.00011820342857100002,0.00023835908570999775,1
19,1772846754770,5.899474286000066e-05,-0.00011820342857100002,0.00023835908570999775,1
20,1772846754773,4.729474286000075e-05,-3.630342857100004e-05,0.00032025908570996586,1
21,1772846754775,4.729474286000075e-05,-3.630342857100004e-05,0.00032025908570996586,1
22,1772846754777,4.729474286000075e-05,-3.630342857100004e-05,0.00032025908570996586,1
23,1772846754780,4.729474286000075e-05,-3.630342857100004e-05,0.00032025908570996586,1
24,1772846754782,-3.070525713999919e-05,-0.00014550342857100004,0.00028905908570995686,1
25,1772846754784,-3.070525713999919e-05,-0.00014550342857100004,0.00028905908570995686,1
26,1772846754787,-3.070525713999919e-05,-0.00014550342857100004,0.00028905908570995686,1
27,1772846754789,4.947428600011322e-07,0.000139196571429,0.000152559085709973,1
28,1772846754792,4.947428600011322e-07,0.000139196571429,0.000152559085709973,1
29,1772846754794,4.947428600011322e-07,0.000139196571429,0.000152559085709973,1
30,1772846754796,4.947428600011322e-07,-0.00014940342857100002,0.0002344590857099411,1
31,1772846754799,2.3894742860000942e-05,-0.00014940342857100002,0.0002344590857099411,1
32,1772846754801,2.3894742860000942e-05,-0.00014940342857100002,0.0002344590857099411,1
33,1772846754803,2.3894742860000942e-05,-0.00014940342857100002,0.0002344590857099411,1
34,1772846754806,7.849474286000108e-05,-0.000137703428571,0.000183759085709982,1
35,1772846754808,7.849474286000108e-05,-0.000137703428571,0.000183759085709982,1
36,1772846754811,7.849474286000108e-05,-0.000137703428571,0.000183759085709982,1
37,1772846754813,2.3894742860000942e-05,-0.00010650342857100001,0.000152559085709973,1
38,1772846754815,2.3894742860000942e-05,-0.00010650342857100001,0.000152559085709973,1
39,1772846754818,2.3894742860000942e-05,-0.00010650342857100001,0.000152559085709973,1
40,1772846754820,2.3894742860000942e-05,-0.00010650342857100001,0.0002344590857099411,1
41,1772846754822,-3.070525713999919e-05,7.6796571429e-05,0.0002344590857099411,1
42,1772846754825,-3.070525713999919e-05,7.6796571429e-05,0.0002344590857099411,1
43,1772846754827,-3.070525713999919e-05,7.6796571429e-05,0.0002344590857099411,1
44,1772846754830,-0.00016330525713999927,5.339657142899997e-05,0.00016035908570997525,1
45,1772846754832,-0.00016330525713999927,5.339657142899997e-05,0.00016035908570997525,1
46,1772846754834,-0.00016330525713999927,5.339657142899997e-05,0.00016035908570997525,1
47,1772846754837,-2.6805257139999802e-05,-0.00014940342857100002,0.0002929590857100135,1
48,1772846754839,-2.6805257139999802e-05,-0.00014940342857100002,0.0002929590857100135,1
49,1772846754841,-2.6805257139999802e-05,-0.00014940342857100002,0.0002929590857100135,1
50,1772846754844,-2.6805257139999802e-05,-0.00014940342857100002,0.00011745908571001839,1
51,1772846754846,7.069474286000056e-05,0.000107996571429,0.00011745908571001839,1
52,1772846754849,7.069474286000056e-05,0.000107996571429,0.00011745908571001839,1
53,1772846754851,7.069474286000056e-05,0.000107996571429,0.00011745908571001839,1
54,1772846754853,4.947428600011322e-07,-3.2403428571000053e-05,3.1659085709993644e-05,1
55,1772846754856,4.947428600011322e-07,-3.2403428571000053e-05,3.1659085709993644e-05,1
56,1772846754858,4.947428600011322e-07,-3.2403428571000053e-05,3.1659085709993644e-05,1
57,1772846754860,0.00011749474286000018,4.5596571429e-05,0.00014085908571002514,1
58,1772846754863,0.00011749474286000018,4.5596571429e-05,0.00014085908571002514,1
59,1772846754865,0.00011749474286000018,4.5596571429e-05,0.00014085908571002514,1
60,1772846754868,0.00011749474286000018,4.5596571429e-05,0.00014085908571002514,1
61,1772846754870,2.3894742860000942e-05,2.9996571428999945e-05,0.0006868590857099606,1
62,1772846754872,2.3894742860000942e-05,2.9996571428999945e-05,0.0006868590857099606,1
63,1772846754875,2.3894742860000942e-05,2.9996571428999945e-05,0.0006868590857099606,1
64,1772846754877,-2.6805257139999802e-05,-1.6803428571e-05,0.0003436590857099726,1
65,1772846754879,-2.6805257139999802e-05,-1.6803428571e-05,0.0003436590857099726,1
66,1772846754882,-2.6805257139999802e-05,-1.6803428571e-05,0.0003436590857099726,1
67,1772846754884,-2.6805257139999802e-05,-2.4603428571000026e-05,0.00024225908570994336,1
68,1772846754887,1.6094742860000427e-05,-2.4603428571000026e-05,0.00024225908570994336,1
69,1772846754889,1.6094742860000427e-05,-2.4603428571000026e-05,0.00024225908570994336,1
70,1772846754891,1.6094742860000427e-05,-2.4603428571000026e-05,0.00024225908570994336,1
71,1772846754894,-4.630525714000022e-05,6.596571428999973e-06,0.000277359085710009,1
72,1772846754896,-4.630525714000022e-05,6.596571428999973e-06,0.000277359085710009,1
73,1772846754898,-4.630525714000022e-05,6.596571428999973e-06,0.000277359085710009,1
74,1772846754901,9.409474286000037e-05,-1.2903428571000013e-05,0.00022275908570999325,1
75,1772846754903,9.409474286000037e-05,-1.2903428571000013e-05,0.00022275908570999325,1
76,1772846754905,9.409474286000037e-05,-1.2903428571000013e-05,0.00022275908570999325,1
77,1772846754908,9.409474286000037e-05,0.00015869657142899998,0.0003241590857100225,1
78,1772846754910,4.729474286000075e-05,0.00015869657142899998,0.0003241590857100225,1
79,1772846754913,4.729474286000075e-05,0.00015869657142899998,0.0003241590857100225,1
80,1772846754915,4.729474286000075e-05,0.00015869657142899998,0.0003241590857100225,1
81,1772846754917,4.339474286000136e-05,4.5596571429e-05,0.00031635908571002024,1
82,1772846754920,4.339474286000136e-05,4.5596571429e-05,0.00031635908571002024,1
83,1772846754922,4.339474286000136e-05,4.5596571429e-05,0.00031635908571002024,1
84,1772846754924,-2.6805257139999802e-05,-5.5803428571000026e-05,7.065908571000489e-05,1
85,1772846754927,-2.6805257139999802e-05,-5.5803428571000026e-05,7.065908571000489e-05,1
86,1772846754929,-2.6805257139999802e-05,-5.5803428571000026e-05,7.065908571000489e-05,1
87,1772846754932,-2.6805257139999802e-05,-5.5803428571000026e-05,0.00028905908570995686,1
88,1772846754934,-3.4052571399999926e-06,0.000107996571429,0.00028905908570995686,1
89,1772846754936,-3.4052571399999926e-06,0.000107996571429,0.00028905908570995686,1
90,1772846754939,-3.4052571399999926e-06,0.000107996571429,0.00028905908570995686,1
91,1772846754941,2.7794742860000332e-05,-9.003428571000027e-06,0.00043335908570994296,1
92,1772846754943,2.7794742860000332e-05,-9.003428571000027e-06,0.00043335908570994296,1
93,1772846754946,2.7794742860000332e-05,-9.003428571000027e-06,0.00043335908570994296,1
94,1772846754948,9.799474285999976e-05,6.899657142899997e-05,0.000152559085709973,1
95,1772846754951,9.799474285999976e-05,6.899657142899997e-05,0.000152559085709973,1
96,1772846754953,9.799474285999976e-05,6.899657142899997e-05,0.000152559085709973,1
97,1772846754955,9.799474285999976e-05,6.899657142899997e-05,0.000152559085709973,1
98,1772846754958,5.509474286000127e-05,6.119657142899994e-05,0.00021105908570993436,1
99,1772846754960,5.509474286000127e-05,6.119657142899994e-05,0.00021105908570993436,1
100,1772846754962,5.509474286000127e-05,6.119657142899994e-05,0.00021105908570993436,1
101,1772846754965,5.119474286000014e-05,-0.00013380342857100002,0.00015645908571002964,1
102,1772846754967,5.119474286000014e-05,-0.00013380342857100002,0.00015645908571002964,1
103,1772846754970,5.119474286000014e-05,-0.00013380342857100002,0.00015645908571002964,1
104,1772846754972,5.119474286000014e-05,-5.5803428571000026e-05,0.00023835908570999775,1
105,1772846754974,5.119474286000014e-05,-5.5803428571000026e-05,0.00023835908570999775,1
106,1772846754977,5.119474286000014e-05,-5.5803428571000026e-05,0.00023835908570999775,1
107,1772846754979,5.119474286000014e-05,-5.5803428571000026e-05,0.00023835908570999775,1
108,1772846754982,-0.00015550525713999876,-5.190342857100004e-05,0.000308559085710018,1
109,1772846754984,-0.00015550525713999876,-5.190342857100004e-05,0.000308559085710018,1
110,1772846754986,-0.00015550525713999876,-5.190342857100004e-05,0.000308559085710018,1
111,1772846754989,-0.00012820525713999956,-6.360342857100005e-05,0.00046065908571000635,1
112,1772846754991,-0.00012820525713999956,-6.360342857100005e-05,0.00046065908571000635,1
113,1772846754994,-0.00012820525713999956,-6.360342857100005e-05,0.00046065908571000635,1
114,1772846754996,-0.00018670525713999908,-5.10342857100004e-06,0.0004216590857099951,1
115,1772846754998,-0.00018670525713999908,-5.10342857100004e-06,0.0004216590857099951,1
116,1772846755001,-0.00018670525713999908,-5.10342857100004e-06,0.0004216590857099951,1
117,1772846755003,-0.00018670525713999908,-5.10342857100004e-06,0.0004216590857099951,1
118,1772846755005,4.394742860000522e-06,-2.4603428571000026e-05,0.00026955908571000674,1
119,1772846755008,4.394742860000522e-06,-2.4603428571000026e-05,0.00026955908571000674,1
120,1772846755010,4.394742860000522e-06,-2.4603428571000026e-05,0.00026955908571000674,1
121,1772846755013,-6.580525713999891e-05,6.509657142899999e-05,0.0005425590857099745,1
122,1772846755015,-6.580525713999891e-05,6.509657142899999e-05,0.0005425590857099745,1
123,1772846755017,-6.580525713999891e-05,6.509657142899999e-05,0.0005425590857099745,1
124,1772846755020,-6.580525713999891e-05,-3.2403428571000053e-05,0.00032025908570996586,1
0,1772846755069,5.119474286000014e-05,2.9996571428999945e-05,0.00028515908571001124,1
1,1772846755072,5.119474286000014e-05,2.9996571428999945e-05,0.00028515908571001124,1
2,1772846755139,5.119474286000014e-05,2.9996571428999945e-05,0.0001486590857100274,1
3,1772846755141,7.459474285999995e-05,5.729657142899996e-05,0.00038265908570998385,1
4,1772846755144,7.459474285999995e-05,5.729657142899996e-05,0.00038265908570998385,1
5,1772846755146,7.459474285999995e-05,5.729657142899996e-05,0.00038265908570998385,1
6,1772846755149,0.0001525947428599999,0.00010409657142899996,0.00041775908570993846,1
7,1772846755151,0.0001525947428599999,0.00010409657142899996,0.00041775908570993846,1
8,1772846755153,0.0001525947428599999,0.00010409657142899996,0.00041775908570993846,1
9,1772846755156,5.509474286000127e-05,8.069657142899999e-05,0.00036705908570997935,1
10,1772846755158,5.509474286000127e-05,8.069657142899999e-05,0.00036705908570997935,1
11,1772846755160,5.509474286000127e-05,8.069657142899999e-05,0.00036705908570997935,1
12,1772846755163,5.509474286000127e-05,8.069657142899999e-05,0.00028515908571001124,1
13,1772846755165,7.069474286000056e-05,-4.0203428571000026e-05,0.00028515908571001124,1
14,1772846755168,7.069474286000056e-05,-4.0203428571000026e-05,0.00028515908571001124,1
15,1772846755170,7.069474286000056e-05,-4.0203428571000026e-05,0.00028515908571001124,1
16,1772846755172,-3.460525713999858e-05,-1.2903428571000013e-05,0.0003592590857099771,1
17,1772846755175,-3.460525713999858e-05,-1.2903428571000013e-05,0.0003592590857099771,1
18,1772846755177,-3.460525713999858e-05,-1.2903428571000013e-05,0.0003592590857099771,1
19,1772846755179,8.294742859999912e-06,-0.00012990342857100004,0.00042945908570999735,1
20,1772846755182,8.294742859999912e-06,-0.00012990342857100004,0.00042945908570999735,1
21,1772846755184,8.294742859999912e-06,-0.00012990342857100004,0.00042945908570999735,1
22,1772846755187,8.294742859999912e-06,-0.00012990342857100004,0.00042945908570999735,1
23,1772846755189,-3.070525713999919e-05,-6.360342857100005e-05,0.0002968590857099591,1
24,1772846755191,-3.070525713999919e-05,-6.360342857100005e-05,0.0002968590857099591,1
25,1772846755194,-3.070525713999919e-05,-6.360342857100005e-05,0.0002968590857099591,1
26,1772846755196,0.00017209474286000032,0.00022889657142899996,0.00026955908571000674,1
27,1772846755198,0.00017209474286000032,0.00022889657142899996,0.00026955908571000674,1
28,1772846755201,0.00017209474286000032,0.00022889657142899996,0.00026955908571000674,1
29,1772846755203,-0.00013210525713999895,-4.410342857100001e-05,0.00024225908570994336,1
30,1772846755206,-0.00013210525713999895,-4.410342857100001e-05,0.00024225908570994336,1
31,1772846755208,-0.00013210525713999895,-4.410342857100001e-05,0.00024225908570994336,1
32,1772846755210,-0.00013210525713999895,-4.410342857100001e-05,0.00024225908570994336,1
33,1772846755213,-0.00016720525713999866,-5.10342857100004e-06,0.00022665908570993886,1
34,1772846755215,-0.00016720525713999866,-5.10342857100004e-06,0.00022665908570993886,1
35,1772846755217,-0.00016720525713999866,-5.10342857100004e-06,0.00022665908570993886,1
36,1772846755220,7.849474286000108e-05,4.169657142899996e-05,0.00010965908571001614,1
37,1772846755222,7.849474286000108e-05,4.169657142899996e-05,0.00010965908571001614,1
38,1772846755225,7.849474286000108e-05,4.169657142899996e-05,0.00010965908571001614,1
39,1772846755227,7.849474286000108e-05,0.00019379657142900002,0.0004879590857099587,1
40,1772846755229,7.849474286000108e-05,0.00019379657142900002,0.0004879590857099587,1
41,1772846755232,7.849474286000108e-05,0.00019379657142900002,0.0004879590857099587,1
42,1772846755234,7.849474286000108e-05,0.00019379657142900002,0.0004879590857099587,1
43,1772846755236,3.169474285999972e-05,2.6965714289999866e-06,0.0001330590857100229,1
44,1772846755239,3.169474285999972e-05,2.6965714289999866e-06,0.0001330590857100229,1
45,1772846755241,3.169474285999972e-05,2.6965714289999866e-06,0.0001330590857100229,1
46,1772846755244,2.3894742860000942e-05,2.9996571428999945e-05,8.235908570995275e-05,1
47,1772846755246,2.3894742860000942e-05,2.9996571428999945e-05,8.235908570995275e-05,1
48,1772846755248,2.3894742860000942e-05,2.9996571428999945e-05,8.235908570995275e-05,1
49,1772846755251,2.3894742860000942e-05,0.00011579657142899997,0.00024615908571,1
50,1772846755253,8.294742859999912e-06,0.00011579657142899997,0.00024615908571,1
51,1772846755255,8.294742859999912e-06,0.00011579657142899997,0.00024615908571,1
52,1772846755258,8.294742859999912e-06,0.00011579657142899997,0.00024615908571,1
53,1772846755260,-2.6805257139999802e-05,-0.00020400342857100002,0.0002344590857099411,1
54,1772846755263,-2.6805257139999802e-05,-0.00020400342857100002,0.0002344590857099411,1
55,1772846755265,-2.6805257139999802e-05,-0.00020400342857100002,0.0002344590857099411,1
56,1772846755267,-6.190525713999952e-05,7.289657142899996e-05,0.0003553590857100315,1
57,1772846755270,-6.190525713999952e-05,7.289657142899996e-05,0.0003553590857100315,1
58,1772846755272,-6.190525713999952e-05,7.289657142899996e-05,0.0003553590857100315,1
59,1772846755274,-6.190525713999952e-05,7.289657142899996e-05,0.0006634590857099538,1
60,1772846755277,-5.4105257139999e-05,-0.00013380342857100002,0.0006634590857099538,1
61,1772846755279,-5.4105257139999e-05,-0.00013380342857100002,0.0006634590857099538,1
62,1772846755282,-5.4105257139999e-05,-0.00013380342857100002,0.0006634590857099538,1
63,1772846755284,2.7794742860000332e-05,-3.630342857100004e-05,0.00041385908570999285,1
64,1772846755286,2.7794742860000332e-05,-3.630342857100004e-05,0.00041385908570999285,1
65,1772846755289,2.7794742860000332e-05,-3.630342857100004e-05,0.00041385908570999285,1
66,1772846755291,-3.460525713999858e-05,1.8296571428999986e-05,0.00032025908570996586,1
67,1772846755293,-3.460525713999858e-05,1.8296571428999986e-05,0.00032025908570996586,1
68,1772846755296,-3.460525713999858e-05,1.8296571428999986e-05,0.00032025908570996586,1
69,1772846755298,-3.460525713999858e-05,1.8296571428999986e-05,0.00041775908570993846,1
70,1772846755301,6.289474286000005e-05,3.3896571428999986e-05,0.00041775908570993846,1
71,1772846755303,6.289474286000005e-05,3.3896571428999986e-05,0.00041775908570993846,1
72,1772846755305,6.289474286000005e-05,3.3896571428999986e-05,0.00041775908570993846,1
73,1772846755308,6.289474286000005e-05,-0.000200103428571,0.00011745908571001839,1
74,1772846755310,6.289474286000005e-05,-0.000200103428571,0.00011745908571001839,1
75,1772846755313,6.289474286000005e-05,-0.000200103428571,0.00011745908571001839,1
76,1772846755315,-4.630525714000022e-05,-0.000246903428571,-1.1240914289963218e-05,1
77,1772846755317,-4.630525714000022e-05,-0.000246903428571,-1.1240914289963218e-05,1
78,1772846755320,-4.630525714000022e-05,-0.000246903428571,-1.1240914289963218e-05,1
79,1772846755322,-4.630525714000022e-05,-0.000246903428571,-1.1240914289963218e-05,1
80,1772846755324,-0.00012430525714000017,-4.0203428571000026e-05,0.0002617590857100045,1
81,1772846755327,-0.00012430525714000017,-4.0203428571000026e-05,0.0002617590857100045,1
82,1772846755329,-0.00012430525714000017,-4.0203428571000026e-05,0.0002617590857100045,1
83,1772846755331,-2.6805257139999802e-05,-1.6803428571e-05,0.00015645908571002964,1
84,1772846755334,-2.6805257139999802e-05,-1.6803428571e-05,0.00015645908571002964,1
85,1772846755336,-2.6805257139999802e-05,-1.6803428571e-05,0.00015645908571002964,1
86,1772846755339,-2.6805257139999802e-05,4.5596571429e-05,0.00010965908571001614,1
87,1772846755341,-8.530525713999933e-05,4.5596571429e-05,0.00010965908571001614,1
88,1772846755343,-8.530525713999933e-05,4.5596571429e-05,0.00010965908571001614,1
89,1772846755346,-8.530525713999933e-05,4.5596571429e-05,0.00010965908571001614,1
90,1772846755348,4.729474286000075e-05,-2.070342857100004e-05,0.00038265908570998385,1
91,1772846755350,4.729474286000075e-05,-2.070342857100004e-05,0.00038265908570998385,1
92,1772846755353,4.729474286000075e-05,-2.070342857100004e-05,0.00038265908570998385,1
93,1772846755355,5.509474286000127e-05,-1.203428571000054e-06,7.845908571000714e-05,1
94,1772846755358,5.509474286000127e-05,-1.203428571000054e-06,7.845908571000714e-05,1
95,1772846755360,5.509474286000127e-05,-1.203428571000054e-06,7.845908571000714e-05,1
96,1772846755362,5.509474286000127e-05,3.3896571428999986e-05,0.00015645908571002964,1
97,1772846755365,5.119474286000014e-05,3.3896571428999986e-05,0.00015645908571002964,1
98,1772846755367,5.119474286000014e-05,3.3896571428999986e-05,0.00015645908571002964,1
99,1772846755369,5.119474286000014e-05,3.3896571428999986e-05,0.00015645908571002964,1
100,1772846755372,-3.070525713999919e-05,-8.310342857100004e-05,0.0004060590857099906,1
101,1772846755374,-3.070525713999919e-05,-8.310342857100004e-05,0.0004060590857099906,1
102,1772846755377,-3.070525713999919e-05,-8.310342857100004e-05,0.0004060590857099906,1
103,1772846755379,8.629474285999986e-05,-5.970342857100001e-05,0.0002305590857099955,1
104,1772846755382,8.629474285999986e-05,-5.970342857100001e-05,0.0002305590857099955,1
105,1772846755384,8.629474285999986e-05,-5.970342857100001e-05,0.0002305590857099955,1
106,1772846755386,-7.305257139999383e-06,-0.00011430342857100004,0.00028905908570995686,1
107,1772846755389,-7.305257139999383e-06,-0.00011430342857100004,0.00028905908570995686,1
108,1772846755391,-7.305257139999383e-06,-0.00011430342857100004,0.00028905908570995686,1
109,1772846755394,-7.305257139999383e-06,-0.00011430342857100004,0.00028905908570995686,1
110,1772846755396,0.0001096947428600014,-5.190342857100004e-05,0.0003280590857099681,1
111,1772846755399,0.0001096947428600014,-5.190342857100004e-05,0.0003280590857099681,1
112,1772846755401,0.0001096947428600014,-5.190342857100004e-05,0.0003280590857099681,1
113,1772846755404,5.509474286000127e-05,1.8296571428999986e-05,0.00022665908570993886,1
114,1772846755406,5.509474286000127e-05,1.8296571428999986e-05,0.00022665908570993886,1
115,1772846755408,5.509474286000127e-05,1.8296571428999986e-05,0.00022665908570993886,1
116,1772846755411,-0.0002218052571399988,-5.970342857100001e-05,0.0002656590857099501,1
117,1772846755413,-0.0002218052571399988,-5.970342857100001e-05,0.0002656590857099501,1
118,1772846755416,-0.0002218052571399988,-5.970342857100001e-05,0.0002656590857099501,1
119,1772846755418,-0.0002218052571399988,-5.970342857100001e-05,0.00040215908570993397,1
120,1772846755420,-8.920525713999872e-05,1.049657142899996e-05,0.00040215908570993397,1
121,1772846755423,-8.920525713999872e-05,1.049657142899996e-05,0.00040215908570993397,1
122,1772846755425,-8.920525713999872e-05,1.049657142899996e-05,0.00040215908570993397,1
123,1772846755427,-0.00013600525714000007,0.00024839657142899994,0.00028515908571001124,1
124,1772846755430,-0.00013600525714000007,0.00024839657142899994,0.00028515908571001124,1
0,1772846755474,-0.00013600525714000007,-1.6803428571e-05,0.000308559085710018,1
1,1772846755477,-0.00013600525714000007,-1.6803428571e-05,0.000308559085710018,1
2,1772846755539,-2.6805257139999802e-05,9.239657142899994e-05,0.00012915908570996625,1
3,1772846755541,-2.6805257139999802e-05,9.239657142899994e-05,0.00012915908570996625,1
4,1772846755543,-2.6805257139999802e-05,9.239657142899994e-05,0.00012915908570996625,1
5,1772846755546,-2.6805257139999802e-05,-0.00014940342857100002,0.00010965908571001614,1
6,1772846755548,1.2194742860001037e-05,-0.00014940342857100002,0.00010965908571001614,1
7,1772846755550,1.2194742860001037e-05,-0.00014940342857100002,0.00010965908571001614,1
8,1772846755553,1.2194742860001037e-05,-0.00014940342857100002,0.00010965908571001614,1
9,1772846755555,0.00010579474286000028,-2.4603428571000026e-05,0.00012915908570996625,1
10,1772846755558,0.00010579474286000028,-2.4603428571000026e-05,0.00012915908570996625,1
11,1772846755560,0.00010579474286000028,-2.4603428571000026e-05,0.00012915908570996625,1
12,1772846755562,4.947428600011322e-07,2.609657142899996e-05,0.0002617590857100045,1
13,1772846755565,4.947428600011322e-07,2.609657142899996e-05,0.0002617590857100045,1
14,1772846755567,4.947428600011322e-07,2.609657142899996e-05,0.0002617590857100045,1
15,1772846755569,4.947428600011322e-07,2.609657142899996e-05,0.0004684590857100086,1
16,1772846755572,-2.6805257139999802e-05,0.00015869657142899998,0.0004684590857100086,1
17,1772846755574,-2.6805257139999802e-05,0.00015869657142899998,0.0004684590857100086,1
18,1772846755577,-2.6805257139999802e-05,0.00015869657142899998,0.0004684590857100086,1
19,1772846755579,-0.00015550525713999876,7.289657142899996e-05,0.00032025908570996586,1
20,1772846755581,-0.00015550525713999876,7.289657142899996e-05,0.00032025908570996586,1
21,1772846755584,-0.00015550525713999876,7.289657142899996e-05,0.00032025908570996586,1
22,1772846755586,-1.9005257139999288e-05,-9.003428571000027e-06,0.00021105908570993436,1
23,1772846755588,-1.9005257139999288e-05,-9.003428571000027e-06,0.00021105908570993436,1
24,1772846755591,-1.9005257139999288e-05,-9.003428571000027e-06,0.00021105908570993436,1
25,1772846755593,-1.9005257139999288e-05,-9.003428571000027e-06,0.0003124590857099636,1
26,1772846755596,-5.4105257139999e-05,6.119657142899994e-05,0.0003124590857099636,1
27,1772846755598,-5.4105257139999e-05,6.119657142899994e-05,0.0003124590857099636,1
28,1772846755600,-5.4105257139999e-05,6.119657142899994e-05,0.0003124590857099636,1
29,1772846755603,-7.360525713999942e-05,6.899657142899997e-05,0.00012915908570996625,1
30,1772846755605,-7.360525713999942e-05,6.899657142899997e-05,0.00012915908570996625,1
31,1772846755608,-7.360525713999942e-05,6.899657142899997e-05,0.00012915908570996625,1
32,1772846755610,3.559474286000085e-05,-8.310342857100004e-05,0.0001642590857100319,1
33,1772846755612,3.559474286000085e-05,-8.310342857100004e-05,0.0001642590857100319,1
34,1772846755615,3.559474286000085e-05,-8.310342857100004e-05,0.0001642590857100319,1
35,1772846755617,3.559474286000085e-05,-8.310342857100004e-05,0.0001642590857100319,1
36,1772846755619,0.00010189474286000089,4.169657142899996e-05,0.000339759085710027,1
37,1772846755622,0.00010189474286000089,4.169657142899996e-05,0.000339759085710027,1
38,1772846755624,0.00010189474286000089,4.169657142899996e-05,0.000339759085710027,1
39,1772846755627,-1.1205257139998773e-05,-4.0203428571000026e-05,0.00011355908570996175,1
40,1772846755629,-1.1205257139998773e-05,-4.0203428571000026e-05,0.00011355908570996175,1
41,1772846755631,-1.1205257139998773e-05,-4.0203428571000026e-05,0.00011355908570996175,1
42,1772846755634,-1.5105257139999897e-05,-6.360342857100005e-05,3.555908570993926e-05,1
43,1772846755636,-1.5105257139999897e-05,-6.360342857100005e-05,3.555908570993926e-05,1
44,1772846755638,-1.5105257139999897e-05,-6.360342857100005e-05,3.555908570993926e-05,1
45,1772846755641,-1.5105257139999897e-05,-6.360342857100005e-05,3.555908570993926e-05,1
46,1772846755643,7.069474286000056e-05,-4.410342857100001e-05,7.065908571000489e-05,1
47,1772846755646,7.069474286000056e-05,-4.410342857100001e-05,7.065908571000489e-05,1
48,1772846755648,7.069474286000056e-05,-4.410342857100001e-05,7.065908571000489e-05,1
49,1772846755650,0.0001213947428600013,-8.700342857100003e-05,0.000214959085709991,1
50,1772846755653,0.0001213947428600013,-8.700342857100003e-05,0.000214959085709991,1
51,1772846755655,0.0001213947428600013,-8.700342857100003e-05,0.000214959085709991,1
52,1772846755657,0.0001213947428600013,6.509657142899999e-05,-1.1240914289963218e-05,1
53,1772846755660,-1.5105257139999897e-05,6.509657142899999e-05,-1.1240914289963218e-05,1
54,1772846755662,-1.5105257139999897e-05,6.509657142899999e-05,-1.1240914289963218e-05,1
55,1772846755664,-1.5105257139999897e-05,6.509657142899999e-05,-1.1240914289963218e-05,1
56,1772846755667,-5.020525713999961e-05,0.00011189657142899998,0.00010965908571001614,1
57,1772846755669,-5.020525713999961e-05,0.00011189657142899998,0.00010965908571001614,1
58,1772846755672,-5.020525713999961e-05,0.00011189657142899998,0.00010965908571001614,1
59,1772846755674,3.949474286000024e-05,0.00015479657142899994,0.00016035908570997525,1
60,1772846755676,3.949474286000024e-05,0.00015479657142899994,0.00016035908570997525,1
61,1772846755679,3.949474286000024e-05,0.00015479657142899994,0.00016035908570997525,1
62,1772846755681,3.949474286000024e-05,0.00015479657142899994,0.00014475908570997075,1
63,1772846755683,-5.020525713999961e-05,0.00017429657142899993,0.00014475908570997075,1
64,1772846755686,-5.020525713999961e-05,0.00017429657142899993,0.00014475908570997075,1
65,1772846755688,-5.020525713999961e-05,0.00017429657142899993,0.00014475908570997075,1
66,1772846755691,-8.140525713999994e-05,2.609657142899996e-05,5.8959085709946006e-05,1
67,1772846755693,-8.140525713999994e-05,2.609657142899996e-05,5.8959085709946006e-05,1
68,1772846755695,-8.140525713999994e-05,2.609657142899996e-05,5.8959085709946006e-05,1
69,1772846755698,-0.00011650525713999965,-6.360342857100005e-05,0.0004060590857099906,1
70,1772846755700,-0.00011650525713999965,-6.360342857100005e-05,0.0004060590857099906,1
71,1772846755702,-0.00011650525713999965,-6.360342857100005e-05,0.0004060590857099906,1
72,1772846755705,-0.00011650525713999965,-6.360342857100005e-05,0.00032025908570996586,1
73,1772846755707,4.339474286000136e-05,6.509657142899999e-05,0.00032025908570996586,1
74,1772846755710,4.339474286000136e-05,6.509657142899999e-05,0.00032025908570996586,1
75,1772846755712,4.339474286000136e-05,6.509657142899999e-05,0.00032025908570996586,1
76,1772846755714,-6.190525713999952e-05,1.4396571429e-05,9.795908570995725e-05,1
77,1772846755717,-6.190525713999952e-05,1.4396571429e-05,9.795908570995725e-05,1
78,1772846755719,-6.190525713999952e-05,1.4396571429e-05,9.795908570995725e-05,1
79,1772846755721,4.339474286000136e-05,-0.00013380342857100002,6.675908570994826e-05,1
80,1772846755724,4.339474286000136e-05,-0.00013380342857100002,6.675908570994826e-05,1
81,1772846755726,4.339474286000136e-05,-0.00013380342857100002,6.675908570994826e-05,1
82,1772846755729,4.339474286000136e-05,-0.00013380342857100002,6.675908570994826e-05,1
83,1772846755731,0.0001096947428600014,-5.190342857100004e-05,3.555908570993926e-05,1
84,1772846755733,0.0001096947428600014,-5.190342857100004e-05,3.555908570993926e-05,1
85,1772846755736,0.0001096947428600014,-5.190342857100004e-05,3.555908570993926e-05,1
86,1772846755738,9.409474286000037e-05,-0.00019230342857100004,0.00019545908570992986,1
87,1772846755740,9.409474286000037e-05,-0.00019230342857100004,0.00019545908570992986,1
88,1772846755743,9.409474286000037e-05,-0.00019230342857100004,0.00019545908570992986,1
89,1772846755745,0.0002890947428600011,1.4396571429e-05,0.00038655908570992947,1
90,1772846755748,0.0002890947428600011,1.4396571429e-05,0.00038655908570992947,1
91,1772846755750,0.0002890947428600011,1.4396571429e-05,0.00038655908570992947,1
92,1772846755752,0.0002890947428600011,1.4396571429e-05,0.00038655908570992947,1
93,1772846755755,3.949474286000024e-05,-5.190342857100004e-05,0.00047625908571001085,1
94,1772846755757,3.949474286000024e-05,-5.190342857100004e-05,0.00047625908571001085,1
95,1772846755759,3.949474286000024e-05,-5.190342857100004e-05,0.00047625908571001085,1
96,1772846755762,7.849474286000108e-05,-0.000215703428571,9.0159085709955e-05,1
97,1772846755764,7.849474286000108e-05,-0.000215703428571,9.0159085709955e-05,1
98,1772846755766,7.849474286000108e-05,-0.000215703428571,9.0159085709955e-05,1
99,1772846755769,7.849474286000108e-05,-4.410342857100001e-05,0.00023835908570999775,1
100,1772846755771,0.00010579474286000028,-4.410342857100001e-05,0.00023835908570999775,1
101,1772846755774,0.00010579474286000028,-4.410342857100001e-05,0.00023835908570999775,1
102,1772846755776,0.00010579474286000028,-4.410342857100001e-05,0.00023835908570999775,1
103,1772846755778,-1.9005257139999288e-05,-3.2403428571000053e-05,0.0004684590857100086,1
104,1772846755781,-1.9005257139999288e-05,-3.2403428571000053e-05,0.0004684590857100086,1
105,1772846755783,-1.9005257139999288e-05,-3.2403428571000053e-05,0.0004684590857100086,1
106,1772846755785,-5.4105257139999e-05,-8.310342857100004e-05,0.0004411590857099452,1
107,1772846755788,-5.4105257139999e-05,-8.310342857100004e-05,0.0004411590857099452,1
108,1772846755790,-5.4105257139999e-05,-8.310342857100004e-05,0.0004411590857099452,1
109,1772846755793,-5.4105257139999e-05,-8.310342857100004e-05,0.0004099590857099362,1
110,1772846755795,4.394742860000522e-06,-7.9203428571e-05,0.0004099590857099362,1
111,1772846755798,4.394742860000522e-06,-7.9203428571e-05,0.0004099590857099362,1
112,1772846755800,4.394742860000522e-06,-7.9203428571e-05,0.0004099590857099362,1
113,1772846755802,-5.020525713999961e-05,3.779657142899997e-05,0.00019155908570998425,1
114,1772846755805,-5.020525713999961e-05,3.779657142899997e-05,0.00019155908570998425,1
115,1772846755807,-5.020525713999961e-05,3.779657142899997e-05,0.00019155908570998425,1
116,1772846755810,-0.00017110525713999979,6.119657142899994e-05,0.00017985908571003639,1
117,1772846755812,-0.00017110525713999979,6.119657142899994e-05,0.00017985908571003639,1
118,1772846755814,-0.00017110525713999979,6.119657142899994e-05,0.00017985908571003639,1
119,1772846755817,-0.00017110525713999979,8.459657142899997e-05,0.0002305590857099955,1
120,1772846755819,9.799474285999976e-05,8.459657142899997e-05,0.0002305590857099955,1
121,1772846755821,9.799474285999976e-05,8.459657142899997e-05,0.0002305590857099955,1
122,1772846755824,9.799474285999976e-05,8.459657142899997e-05,0.0002305590857099955,1
123,1772846755826,0.00015649474286000102,5.729657142899996e-05,0.00024225908570994336,1
124,1772846755829,0.00015649474286000102,5.729657142899996e-05,0.00024225908570994336,1
0,1772846755842,-0.00026860525714000015,6.596571428999973e-06,0.00020715908570998875,1
1,1772846755845,-0.00026860525714000015,6.596571428999973e-06,0.00020715908570998875,1
2,1772846755877,4.947428600011322e-07,1.049657142899996e-05,0.00016035908570997525,1
3,1772846755880,4.947428600011322e-07,1.049657142899996e-05,0.00016035908570997525,1
4,1772846755882,-3.070525713999919e-05,8.459657142899997e-05,0.0004255590857099407,1
5,1772846755944,3.949474286000024e-05,-5.970342857100001e-05,0.00020715908570998875,1
6,1772846755946,-6.190525713999952e-05,0.00013529657142899996,0.00028905908570995686,1
7,1772846755949,-6.190525713999952e-05,0.00013529657142899996,0.00028905908570995686,1
8,1772846755951,-6.190525713999952e-05,0.00013529657142899996,0.00028905908570995686,1
9,1772846755953,-0.00010090525713999862,0.00017819657142899997,0.0002188590857099366,1
10,1772846755956,-0.00010090525713999862,0.00017819657142899997,0.0002188590857099366,1
11,1772846755958,-0.00010090525713999862,0.00017819657142899997,0.0002188590857099366,1
12,1772846755960,-7.750525713999881e-05,0.00012749657142899998,0.00035145908570997485,1
13,1772846755963,-7.750525713999881e-05,0.00012749657142899998,0.00035145908570997485,1
14,1772846755965,-7.750525713999881e-05,0.00012749657142899998,0.00035145908570997485,1
15,1772846755968,-7.750525713999881e-05,0.00012749657142899998,0.00035145908570997485,1
16,1772846755970,-7.750525713999881e-05,0.00012749657142899998,0.0001876590857099276,1
17,1772846755972,-7.750525713999881e-05,0.00012749657142899998,0.0001876590857099276,1
18,1772846755975,-7.750525713999881e-05,0.00012749657142899998,0.0001876590857099276,1
19,1772846755977,4.947428600011322e-07,-1.6803428571e-05,-0.0001477409142900581,1
20,1772846755979,4.947428600011322e-07,-1.6803428571e-05,-0.0001477409142900581,1
21,1772846755982,4.947428600011322e-07,-1.6803428571e-05,-0.0001477409142900581,1
22,1772846755984,4.947428600011322e-07,-9.003428571000027e-06,-7.754091429003785e-05,1
23,1772846755986,-6.580525713999891e-05,-9.003428571000027e-06,-7.754091429003785e-05,1
24,1772846755989,-6.580525713999891e-05,-9.003428571000027e-06,-7.754091429003785e-05,1
25,1772846755991,-6.580525713999891e-05,-9.003428571000027e-06,-7.754091429003785e-05,1
26,1772846755994,-8.920525713999872e-05,3.3896571428999986e-05,0.00016035908570997525,1
27,1772846755996,-8.920525713999872e-05,3.3896571428999986e-05,0.00016035908570997525,1
28,1772846755998,-8.920525713999872e-05,3.3896571428999986e-05,0.00016035908570997525,1
29,1772846756001,0.00014479474286000112,0.000201596571429,0.00038655908570992947,1
30,1772846756003,0.00014479474286000112,0.000201596571429,0.00038655908570992947,1
31,1772846756006,0.00014479474286000112,0.000201596571429,0.00038655908570992947,1
32,1772846756008,0.00014479474286000112,0.00013529657142899996,0.00022665908570993886,1
33,1772846756010,7.849474286000108e-05,0.00013529657142899996,0.00022665908570993886,1
34,1772846756013,7.849474286000108e-05,0.00013529657142899996,0.00022665908570993886,1
35,1772846756015,7.849474286000108e-05,0.00013529657142899996,0.00022665908570993886,1
36,1772846756018,1.6094742860000427e-05,0.00013139657142899997,0.0003748590857099816,1
37,1772846756020,1.6094742860000427e-05,0.00013139657142899997,0.0003748590857099816,1
38,1772846756022,1.6094742860000427e-05,0.00013139657142899997,0.0003748590857099816,1
39,1772846756025,-0.0002218052571399988,2.6965714289999866e-06,0.0001993590857099865,1
40,1772846756027,-0.0002218052571399988,2.6965714289999866e-06,0.0001993590857099865,1
41,1772846756029,-0.0002218052571399988,2.6965714289999866e-06,0.0001993590857099865,1
42,1772846756032,-0.0002218052571399988,4.169657142899996e-05,4.725908570999814e-05,1
43,1772846756034,-4.24052571399991e-05,4.169657142899996e-05,4.725908570999814e-05,1
44,1772846756037,-4.24052571399991e-05,4.169657142899996e-05,4.725908570999814e-05,1
45,1772846756039,-4.24052571399991e-05,4.169657142899996e-05,4.725908570999814e-05,1
46,1772846756041,9.019474286000098e-05,-9.870342857100004e-05,0.00038265908570998385,1
47,1772846756044,9.019474286000098e-05,-9.870342857100004e-05,0.00038265908570998385,1
48,1772846756046,9.019474286000098e-05,-9.870342857100004e-05,0.00038265908570998385,1
49,1772846756048,-0.00015940525713999988,4.5596571429e-05,0.0001330590857100229,1
50,1772846756051,-0.00015940525713999988,4.5596571429e-05,0.0001330590857100229,1
51,1772846756053,-0.00015940525713999988,4.5596571429e-05,0.0001330590857100229,1
52,1772846756056,-0.00015940525713999988,4.5596571429e-05,0.00039825908570998835,1
53,1772846756058,-0.00012040525713999904,0.000107996571429,0.00039825908570998835,1
54,1772846756060,-0.00012040525713999904,0.000107996571429,0.00039825908570998835,1
55,1772846756063,-0.00012040525713999904,0.000107996571429,0.00039825908570998835,1
56,1772846756065,-0.00014380525713999885,-8.310342857100004e-05,0.00030465908570996136,1
57,1772846756067,-0.00014380525713999885,-8.310342857100004e-05,0.00030465908570996136,1
58,1772846756070,-0.00014380525713999885,-8.310342857100004e-05,0.00030465908570996136,1
59,1772846756072,4.947428600011322e-07,-5.5803428571000026e-05,0.0003553590857100315,1
60,1772846756075,4.947428600011322e-07,-5.5803428571000026e-05,0.0003553590857100315,1
61,1772846756077,4.947428600011322e-07,-5.5803428571000026e-05,0.0003553590857100315,1
62,1772846756079,4.947428600011322e-07,-5.5803428571000026e-05,0.0003553590857100315,1
63,1772846756082,4.339474286000136e-05,2.2196571428999973e-05,0.0004918590857100153,1
64,1772846756084,4.339474286000136e-05,2.2196571428999973e-05,0.0004918590857100153,1
65,1772846756086,4.339474286000136e-05,2.2196571428999973e-05,0.0004918590857100153,1
66,1772846756089,-3.850525713999971e-05,-7.9203428571e-05,0.00030075908571001574,1
67,1772846756091,-3.850525713999971e-05,-7.9203428571e-05,0.00030075908571001574,1
68,1772846756093,-3.850525713999971e-05,-7.9203428571e-05,0.00030075908571001574,1
69,1772846756096,-3.850525713999971e-05,-5.970342857100001e-05,0.00024615908571,1
70,1772846756098,0.00017989474286000083,-5.970342857100001e-05,0.00024615908571,1
71,1772846756101,0.00017989474286000083,-5.970342857100001e-05,0.00024615908571,1
72,1772846756103,0.00017989474286000083,-5.970342857100001e-05,0.00024615908571,1
73,1772846756106,4.394742860000522e-06,5.339657142899997e-05,0.00017595908570997975,1
74,1772846756108,4.394742860000522e-06,5.339657142899997e-05,0.00017595908570997975,1
75,1772846756110,4.394742860000522e-06,5.339657142899997e-05,0.00017595908570997975,1
76,1772846756113,8.294742859999912e-06,-0.00015720342857100002,0.00022665908570993886,1
77,1772846756115,8.294742859999912e-06,-0.00015720342857100002,0.00022665908570993886,1
78,1772846756117,8.294742859999912e-06,-0.00015720342857100002,0.00022665908570993886,1
79,1772846756120,8.294742859999912e-06,3.779657142899997e-05,0.00019545908570992986,1
80,1772846756122,-1.9005257139999288e-05,3.779657142899997e-05,0.00019545908570992986,1
81,1772846756125,-1.9005257139999288e-05,3.779657142899997e-05,0.00019545908570992986,1
82,1772846756127,-1.9005257139999288e-05,3.779657142899997e-05,0.00019545908570992986,1
83,1772846756129,-2.6805257139999802e-05,-2.070342857100004e-05,0.0002968590857099591,1
84,1772846756132,-2.6805257139999802e-05,-2.070342857100004e-05,0.0002968590857099591,1
85,1772846756134,-2.6805257139999802e-05,-2.070342857100004e-05,0.0002968590857099591,1
86,1772846756136,-2.2905257139998678e-05,-1.6803428571e-05,0.0002812590857099546,1
87,1772846756139,-2.2905257139998678e-05,-1.6803428571e-05,0.0002812590857099546,1
88,1772846756142,-2.2905257139998678e-05,-1.6803428571e-05,0.0002812590857099546,1
89,1772846756144,1.2194742860001037e-05,-5.10342857100004e-06,0.000214959085709991,1
90,1772846756147,1.2194742860001037e-05,-5.10342857100004e-06,0.000214959085709991,1
91,1772846756149,1.2194742860001037e-05,-5.10342857100004e-06,0.000214959085709991,1
92,1772846756152,1.2194742860001037e-05,1.049657142899996e-05,0.00031635908571002024,1
93,1772846756154,-4.630525714000022e-05,1.049657142899996e-05,0.00031635908571002024,1
94,1772846756156,-4.630525714000022e-05,1.049657142899996e-05,0.00031635908571002024,1
95,1772846756159,-4.630525714000022e-05,1.049657142899996e-05,0.00031635908571002024,1
96,1772846756161,6.679474286000117e-05,-5.190342857100004e-05,0.00024615908571,1
97,1772846756164,6.679474286000117e-05,-5.190342857100004e-05,0.00024615908571,1
98,1772846756166,6.679474286000117e-05,-5.190342857100004e-05,0.00024615908571,1
99,1772846756168,-0.00013990525713999946,5.339657142899997e-05,0.000277359085710009,1
100,1772846756171,-0.00013990525713999946,5.339657142899997e-05,0.000277359085710009,1
101,1772846756173,-0.00013990525713999946,5.339657142899997e-05,0.000277359085710009,1
102,1772846756175,-0.00013990525713999946,8.849657142899996e-05,-5.41409142900311e-05,1
103,1772846756178,-1.9005257139999288e-05,8.849657142899996e-05,-5.41409142900311e-05,1
104,1772846756180,-1.9005257139999288e-05,8.849657142899996e-05,-5.41409142900311e-05,1
105,1772846756183,-1.9005257139999288e-05,8.849657142899996e-05,-5.41409142900311e-05,1
106,1772846756185,4.947428600011322e-07,5.729657142899996e-05,0.0002617590857100045,1
107,1772846756187,4.947428600011322e-07,5.729657142899996e-05,0.0002617590857100045,1
108,1772846756190,4.947428600011322e-07,5.729657142899996e-05,0.0002617590857100045,1
109,1772846756192,6.289474286000005e-05,-0.00011820342857100002,0.00025785908570994786,1
110,1772846756194,6.289474286000005e-05,-0.00011820342857100002,0.00025785908570994786,1
111,1772846756197,6.289474286000005e-05,-0.00011820342857100002,0.00025785908570994786,1
112,1772846756199,6.289474286000005e-05,-0.00011820342857100002,0.00036315908571003374,1
113,1772846756202,-3.070525713999919e-05,-3.630342857100004e-05,0.00036315908571003374,1
114,1772846756204,-3.070525713999919e-05,-3.630342857100004e-05,0.00036315908571003374,1
115,1772846756206,-3.070525713999919e-05,-3.630342857100004e-05,0.00036315908571003374,1
116,1772846756209,8.629474285999986e-05,7.289657142899996e-05,0.0004060590857099906,1
117,1772846756211,8.629474285999986e-05,7.289657142899996e-05,0.0004060590857099906,1
118,1772846756213,8.629474285999986e-05,7.289657142899996e-05,0.0004060590857099906,1
119,1772846756216,5.899474286000066e-05,-5.970342857100001e-05,0.00025785908570994786,1
120,1772846756218,5.899474286000066e-05,-5.970342857100001e-05,0.00025785908570994786,1
121,1772846756221,5.899474286000066e-05,-5.970342857100001e-05,0.00025785908570994786,1
122,1772846756223,5.899474286000066e-05,-5.970342857100001e-05,3.555908570993926e-05,1
123,1772846756225,-3.070525713999919e-05,5.729657142899996e-05,3.555908570993926e-05,1
124,1772846756228,-3.070525713999919e-05,5.729657142899996e-05,3.555908570993926e-05,1
0,1772846756241,9.799474285999976e-05,9.629657142899998e-05,-7.340914290017604e-06,1
1,1772846756243,9.799474285999976e-05,9.629657142899998e-05,-7.340914290017604e-06,1
2,1772846756246,9.799474285999976e-05,9.629657142899998e-05,-7.340914290017604e-06,1
3,1772846756248,3.559474286000085e-05,4.9496571428999986e-05,0.0002344590857099411,1
4,1772846756278,3.559474286000085e-05,4.9496571428999986e-05,0.0002344590857099411,1
5,1772846756280,-0.00010480525713999975,-1.203428571000054e-06,0.000308559085710018,1
6,1772846756283,-0.00010480525713999975,-1.203428571000054e-06,0.000308559085710018,1
7,1772846756344,0.0001759947428599997,9.239657142899994e-05,0.0002617590857100045,1
8,1772846756346,-2.2905257139998678e-05,-0.00031320342857100005,0.00046065908571000635,1
9,1772846756348,-2.2905257139998678e-05,-0.00031320342857100005,0.00046065908571000635,1
10,1772846756351,-2.2905257139998678e-05,-7.530342857100001e-05,0.0003280590857099681,1
11,1772846756353,-0.00012430525714000017,-7.530342857100001e-05,0.0003280590857099681,1
12,1772846756356,-0.00012430525714000017,-7.530342857100001e-05,0.0003280590857099681,1
13,1772846756358,-0.00012430525714000017,-7.530342857100001e-05,0.0003280590857099681,1
14,1772846756360,-8.530525713999933e-05,-0.00017670342857100004,0.00038265908570998385,1
15,1772846756363,-8.530525713999933e-05,-0.00017670342857100004,0.00038265908570998385,1
16,1772846756365,-8.530525713999933e-05,-0.00017670342857100004,0.00038265908570998385,1
17,1772846756368,-0.00015940525713999988,-4.8003428571e-05,9.405908571001164e-05,1
18,1772846756370,-0.00015940525713999988,-4.8003428571e-05,9.405908571001164e-05,1
19,1772846756373,-0.00015940525713999988,-4.8003428571e-05,9.405908571001164e-05,1
20,1772846756375,0.00014479474286000112,-9.090342857100001e-05,0.0002344590857099411,1
21,1772846756377,0.00014479474286000112,-9.090342857100001e-05,0.0002344590857099411,1
22,1772846756380,0.00014479474286000112,-9.090342857100001e-05,0.0002344590857099411,1
23,1772846756382,0.00014479474286000112,-9.090342857100001e-05,0.0002344590857099411,1
24,1772846756385,0.0001759947428599997,-0.00018840342857100002,0.00028905908570995686,1
25,1772846756387,0.0001759947428599997,-0.00018840342857100002,0.00028905908570995686,1
26,1772846756389,0.0001759947428599997,-0.00018840342857100002,0.00028905908570995686,1
27,1772846756392,-6.190525713999952e-05,6.596571428999973e-06,0.0004840590857100131,1
28,1772846756394,-6.190525713999952e-05,6.596571428999973e-06,0.0004840590857100131,1
29,1772846756396,-6.190525713999952e-05,6.596571428999973e-06,0.0004840590857100131,1
30,1772846756399,-6.190525713999952e-05,-0.00014940342857100002,0.0004840590857100131,1
31,1772846756401,-6.970525714000003e-05,-0.00014940342857100002,0.0004840590857100131,1
32,1772846756404,-6.970525714000003e-05,-0.00014940342857100002,0.0004840590857100131,1
33,1772846756406,-6.970525714000003e-05,-0.00014940342857100002,0.0004840590857100131,1
34,1772846756408,-8.920525713999872e-05,-0.00014550342857100004,0.00010185908571001389,1
35,1772846756411,-8.920525713999872e-05,-0.00014550342857100004,0.00010185908571001389,1
36,1772846756413,-8.920525713999872e-05,-0.00014550342857100004,0.00010185908571001389,1
37,1772846756415,0.00011359474286000079,-2.8503428571000013e-05,-8.144091428998346e-05,1
38,1772846756418,0.00011359474286000079,-2.8503428571000013e-05,-8.144091428998346e-05,1
39,1772846756420,0.00011359474286000079,-2.8503428571000013e-05,-8.144091428998346e-05,1
40,1772846756423,0.00011359474286000079,-1.6803428571e-05,0.00011355908570996175,1
41,1772846756425,-7.750525713999881e-05,-1.6803428571e-05,0.00011355908570996175,1
42,1772846756427,-7.750525713999881e-05,-1.6803428571e-05,0.00011355908570996175,1
43,1772846756430,-7.750525713999881e-05,-1.6803428571e-05,0.00011355908570996175,1
44,1772846756432,7.459474285999995e-05,-5.190342857100004e-05,0.000370959085710036,1
45,1772846756434,7.459474285999995e-05,-5.190342857100004e-05,0.000370959085710036,1
46,1772846756437,7.459474285999995e-05,-5.190342857100004e-05,0.000370959085710036,1
47,1772846756439,0.0001642947428599998,8.849657142899996e-05,0.00031635908571002024,1
48,1772846756441,0.0001642947428599998,8.849657142899996e-05,0.00031635908571002024,1
49,1772846756444,0.0001642947428599998,8.849657142899996e-05,0.00031635908571002024,1
50,1772846756446,0.0001642947428599998,8.849657142899996e-05,0.0003124590857099636,1
51,1772846756449,9.799474285999976e-05,-5.5803428571000026e-05,0.0003124590857099636,1
52,1772846756451,9.799474285999976e-05,-5.5803428571000026e-05,0.0003124590857099636,1
53,1772846756453,9.799474285999976e-05,-5.5803428571000026e-05,0.0003124590857099636,1
54,1772846756456,4.729474286000075e-05,0.00012749657142899998,0.0004684590857100086,1
55,1772846756458,4.729474286000075e-05,0.00012749657142899998,0.0004684590857100086,1
56,1772846756460,4.729474286000075e-05,0.00012749657142899998,0.0004684590857100086,1
57,1772846756463,-3.460525713999858e-05,0.00022109657142899998,0.00030075908571001574,1
58,1772846756465,-3.460525713999858e-05,0.00022109657142899998,0.00030075908571001574,1
59,1772846756468,-3.460525713999858e-05,0.00022109657142899998,0.00030075908571001574,1
60,1772846756470,-3.460525713999858e-05,0.00022109657142899998,0.00030075908571001574,1
61,1772846756472,9.019474286000098e-05,0.00017819657142899997,0.0004216590857099951,1
62,1772846756475,9.019474286000098e-05,0.00017819657142899997,0.0004216590857099951,1
63,1772846756477,9.019474286000098e-05,0.00017819657142899997,0.0004216590857099951,1
64,1772846756480,0.00017989474286000083,4.5596571429e-05,0.0001681590857099775,1
65,1772846756482,0.00017989474286000083,4.5596571429e-05,0.0001681590857099775,1
66,1772846756484,0.00017989474286000083,4.5596571429e-05,0.0001681590857099775,1
67,1772846756487,0.00018379474286000022,-8.310342857100004e-05,0.00024615908571,1
68,1772846756489,0.00018379474286000022,-8.310342857100004e-05,0.00024615908571,1
69,1772846756491,0.00018379474286000022,-8.310342857100004e-05,0.00024615908571,1
70,1772846756494,0.00018379474286000022,-8.310342857100004e-05,0.00024615908571,1
71,1772846756496,0.0001369947428600006,5.729657142899996e-05,0.0004996590857100176,1
72,1772846756499,0.0001369947428600006,5.729657142899996e-05,0.0004996590857100176,1
73,1772846756501,0.0001369947428600006,5.729657142899996e-05,0.0004996590857100176,1
74,1772846756503,8.629474285999986e-05,-8.310342857100004e-05,0.0006439590857100037,1
75,1772846756506,8.629474285999986e-05,-8.310342857100004e-05,0.0006439590857100037,1
76,1772846756508,8.629474285999986e-05,-8.310342857100004e-05,0.0006439590857100037,1
77,1772846756510,4.339474286000136e-05,-0.000122103428571,0.0003748590857099816,1
78,1772846756513,4.339474286000136e-05,-0.000122103428571,0.0003748590857099816,1
79,1772846756515,4.339474286000136e-05,-0.000122103428571,0.0003748590857099816,1
80,1772846756518,4.339474286000136e-05,-0.000122103428571,0.0003748590857099816,1
81,1772846756520,-9.700525713999923e-05,-6.360342857100005e-05,0.00030075908571001574,1
82,1772846756522,-9.700525713999923e-05,-6.360342857100005e-05,0.00030075908571001574,1
83,1772846756525,-9.700525713999923e-05,-6.360342857100005e-05,0.00030075908571001574,1
84,1772846756527,7.849474286000108e-05,2.609657142899996e-05,0.0005035590857099632,1
85,1772846756529,7.849474286000108e-05,2.609657142899996e-05,0.0005035590857099632,1
86,1772846756532,7.849474286000108e-05,2.609657142899996e-05,0.0005035590857099632,1
87,1772846756534,7.849474286000108e-05,0.000107996571429,0.00033585908570997035,1
88,1772846756537,4.729474286000075e-05,0.000107996571429,0.00033585908570997035,1
89,1772846756539,4.729474286000075e-05,0.000107996571429,0.00033585908570997035,1
90,1772846756541,4.729474286000075e-05,0.000107996571429,0.00033585908570997035,1
91,1772846756544,-0.00013990525713999946,8.849657142899996e-05,0.00022275908570999325,1
92,1772846756546,-0.00013990525713999946,8.849657142899996e-05,0.00022275908570999325,1
93,1772846756549,-0.00013990525713999946,8.849657142899996e-05,0.00022275908570999325,1
94,1772846756551,-1.5105257139999897e-05,0.000150896571429,0.00028905908570995686,1
95,1772846756553,-1.5105257139999897e-05,0.000150896571429,0.00028905908570995686,1
96,1772846756556,-1.5105257139999897e-05,0.000150896571429,0.00028905908570995686,1
97,1772846756558,-1.5105257139999897e-05,-9.870342857100004e-05,0.0003904590857099861,1
98,1772846756560,1.2194742860001037e-05,-9.870342857100004e-05,0.0003904590857099861,1
99,1772846756563,1.2194742860001037e-05,-9.870342857100004e-05,0.0003904590857099861,1
100,1772846756565,1.2194742860001037e-05,-9.870342857100004e-05,0.0003904590857099861,1
101,1772846756567,5.899474286000066e-05,-0.00011430342857100004,0.00028905908570995686,1
102,1772846756570,5.899474286000066e-05,-0.00011430342857100004,0.00028905908570995686,1
103,1772846756572,5.899474286000066e-05,-0.00011430342857100004,0.00028905908570995686,1
104,1772846756575,3.169474285999972e-05,1.049657142899996e-05,0.0002929590857100135,1
105,1772846756577,3.169474285999972e-05,1.049657142899996e-05,0.0002929590857100135,1
106,1772846756579,3.169474285999972e-05,1.049657142899996e-05,0.0002929590857100135,1
107,1772846756582,3.169474285999972e-05,1.049657142899996e-05,0.00015645908571002964,1
108,1772846756584,0.00019159474286000074,9.239657142899994e-05,0.00015645908571002964,1
109,1772846756586,0.00019159474286000074,9.239657142899994e-05,0.00015645908571002964,1
110,1772846756589,0.00019159474286000074,9.239657142899994e-05,0.00015645908571002964,1
111,1772846756591,8.239474286000047e-05,0.00013139657142899997,0.00020715908570998875,1
112,1772846756594,8.239474286000047e-05,0.00013139657142899997,0.00020715908570998875,1
113,1772846756596,8.239474286000047e-05,0.00013139657142899997,0.00020715908570998875,1
114,1772846756598,-2.2905257139998678e-05,-1.203428571000054e-06,0.00019155908570998425,1
115,1772846756601,-2.2905257139998678e-05,-1.203428571000054e-06,0.00019155908570998425,1
116,1772846756603,-2.2905257139998678e-05,-1.203428571000054e-06,0.00019155908570998425,1
117,1772846756606,-2.2905257139998678e-05,-1.203428571000054e-06,0.0003748590857099816,1
118,1772846756608,8.294742859999912e-06,-9.090342857100001e-05,0.0003748590857099816,1
119,1772846756610,8.294742859999912e-06,-9.090342857100001e-05,0.0003748590857099816,1
120,1772846756613,8.294742859999912e-06,-9.090342857100001e-05,0.0003748590857099816,1
121,1772846756615,-0.00013990525713999946,5.339657142899997e-05,0.0004528590857100041,1
122,1772846756618,-0.00013990525713999946,5.339657142899997e-05,0.0004528590857100041,1
123,1772846756620,-0.00013990525713999946,5.339657142899997e-05,0.0004528590857100041,1
124,1772846756622,-5.4105257139999e-05,9.629657142899998e-05,0.000308559085710018,1
0,1772846756636,6.289474286000005e-05,-4.0203428571000026e-05,0.0001681590857099775,1
1,1772846756638,3.949474286000024e-05,5.729657142899996e-05,0.0001330590857100229,1
2,1772846756640,3.949474286000024e-05,5.729657142899996e-05,0.0001330590857100229,1
3,1772846756643,3.949474286000024e-05,5.729657142899996e-05,0.0001330590857100229,1
4,1772846756675,-1.1205257139998773e-05,0.000107996571429,0.0001876590857099276,1
5,1772846756677,-6.970525714000003e-05,0.000150896571429,0.0002305590857099955,1
6,1772846756680,1.2194742860001037e-05,1.049657142899996e-05,0.00052695908570997,1
7,1772846756729,-0.00014380525713999885,-0.000137703428571,0.0004528590857100041,1
8,1772846756742,-0.0001906052571400002,-6.750342857100004e-05,0.0005464590857100311,1
9,1772846756745,-0.0001906052571400002,-6.750342857100004e-05,0.0005464590857100311,1
10,1772846756747,-0.0001906052571400002,-6.750342857100004e-05,0.0005464590857100311,1
11,1772846756749,-0.0001906052571400002,-4.8003428571e-05,9.0159085709955e-05,1
12,1772846756752,0.00012919474286000009,-4.8003428571e-05,9.0159085709955e-05,1
13,1772846756754,0.00012919474286000009,-4.8003428571e-05,9.0159085709955e-05,1
14,1772846756757,0.00012919474286000009,-4.8003428571e-05,9.0159085709955e-05,1
15,1772846756759,0.00018379474286000022,7.6796571429e-05,-6.194091429003335e-05,1
16,1772846756761,0.00018379474286000022,7.6796571429e-05,-6.194091429003335e-05,1
17,1772846756764,0.00018379474286000022,7.6796571429e-05,-6.194091429003335e-05,1
18,1772846756766,4.729474286000075e-05,0.000150896571429,0.0004216590857099951,1
19,1772846756768,4.729474286000075e-05,0.000150896571429,0.0004216590857099951,1
20,1772846756771,4.729474286000075e-05,0.000150896571429,0.0004216590857099951,1
21,1772846756773,4.729474286000075e-05,0.000150896571429,0.000339759085710027,1
22,1772846756776,-0.00013600525714000007,5.729657142899996e-05,0.000339759085710027,1
23,1772846756778,-0.00013600525714000007,5.729657142899996e-05,0.000339759085710027,1
24,1772846756780,-0.00013600525714000007,5.729657142899996e-05,0.000339759085710027,1
25,1772846756783,5.899474286000066e-05,-0.000122103428571,0.00036315908571003374,1
26,1772846756785,5.899474286000066e-05,-0.000122103428571,0.00036315908571003374,1
27,1772846756787,5.899474286000066e-05,-0.000122103428571,0.00036315908571003374,1
28,1772846756790,3.559474286000085e-05,-9.003428571000027e-06,0.00027345908570995236,1
29,1772846756792,3.559474286000085e-05,-9.003428571000027e-06,0.00027345908570995236,1
30,1772846756795,3.559474286000085e-05,-9.003428571000027e-06,0.00027345908570995236,1
31,1772846756797,3.559474286000085e-05,-9.003428571000027e-06,0.0003124590857099636,1
32,1772846756799,-6.190525713999952e-05,2.2196571428999973e-05,0.0003124590857099636,1
33,1772846756802,-6.190525713999952e-05,2.2196571428999973e-05,0.0003124590857099636,1
34,1772846756804,-6.190525713999952e-05,2.2196571428999973e-05,0.0003124590857099636,1
35,1772846756806,8.239474286000047e-05,0.00012359657142899994,0.000308559085710018,1
36,1772846756809,8.239474286000047e-05,0.00012359657142899994,0.000308559085710018,1
37,1772846756811,8.239474286000047e-05,0.00012359657142899994,0.000308559085710018,1
38,1772846756814,-5.020525713999961e-05,8.459657142899997e-05,0.0001681590857099775,1
39,1772846756816,-5.020525713999961e-05,8.459657142899997e-05,0.0001681590857099775,1
40,1772846756818,-5.020525713999961e-05,8.459657142899997e-05,0.0001681590857099775,1
41,1772846756821,-5.020525713999961e-05,8.459657142899997e-05,0.0001681590857099775,1
42,1772846756823,3.169474285999972e-05,5.339657142899997e-05,0.00011745908571001839,1
43,1772846756825,3.169474285999972e-05,5.339657142899997e-05,0.00011745908571001839,1
44,1772846756828,3.169474285999972e-05,5.339657142899997e-05,0.00011745908571001839,1
45,1772846756830,-8.530525713999933e-05,-6.360342857100005e-05,0.00026955908571000674,1
46,1772846756833,-8.530525713999933e-05,-6.360342857100005e-05,0.00026955908571000674,1
47,1772846756835,-8.530525713999933e-05,-6.360342857100005e-05,0.00026955908571000674,1
48,1772846756837,4.394742860000522e-06,9.629657142899998e-05,0.0003553590857100315,1
49,1772846756840,4.394742860000522e-06,9.629657142899998e-05,0.0003553590857100315,1
50,1772846756842,4.394742860000522e-06,9.629657142899998e-05,0.0003553590857100315,1
51,1772846756844,4.394742860000522e-06,9.629657142899998e-05,0.0003553590857100315,1
52,1772846756847,-1.9005257139999288e-05,-4.8003428571e-05,0.0004255590857099407,1
53,1772846756849,-1.9005257139999288e-05,-4.8003428571e-05,0.0004255590857099407,1
54,1772846756852,-1.9005257139999288e-05,-4.8003428571e-05,0.0004255590857099407,1
55,1772846756854,-3.850525713999971e-05,5.339657142899997e-05,0.0006088590857099381,1
56,1772846756856,-3.850525713999971e-05,5.339657142899997e-05,0.0006088590857099381,1
57,1772846756859,-3.850525713999971e-05,5.339657142899997e-05,0.0006088590857099381,1
58,1772846756861,-3.850525713999971e-05,-2.070342857100004e-05,0.0001486590857100274,1
59,1772846756863,-1.9005257139999288e-05,-2.070342857100004e-05,0.0001486590857100274,1
60,1772846756866,-1.9005257139999288e-05,-2.070342857100004e-05,0.0001486590857100274,1
61,1772846756868,-1.9005257139999288e-05,-2.070342857100004e-05,0.0001486590857100274,1
62,1772846756871,6.679474286000117e-05,6.509657142899999e-05,1.6059085709989145e-05,1
63,1772846756873,6.679474286000117e-05,6.509657142899999e-05,1.6059085709989145e-05,1
64,1772846756875,6.679474286000117e-05,6.509657142899999e-05,1.6059085709989145e-05,1
65,1772846756878,9.799474285999976e-05,0.000107996571429,0.000308559085710018,1
66,1772846756880,9.799474285999976e-05,0.000107996571429,0.000308559085710018,1
67,1772846756882,9.799474285999976e-05,0.000107996571429,0.000308559085710018,1
68,1772846756885,9.799474285999976e-05,0.000107996571429,0.00014475908570997075,1
69,1772846756887,8.239474286000047e-05,8.459657142899997e-05,0.00014475908570997075,1
70,1772846756890,8.239474286000047e-05,8.459657142899997e-05,0.00014475908570997075,1
71,1772846756892,8.239474286000047e-05,8.459657142899997e-05,0.00014475908570997075,1
72,1772846756894,-8.920525713999872e-05,4.169657142899996e-05,9.0159085709955e-05,1
73,1772846756897,-8.920525713999872e-05,4.169657142899996e-05,9.0159085709955e-05,1
74,1772846756899,-8.920525713999872e-05,4.169657142899996e-05,9.0159085709955e-05,1
75,1772846756901,-2.2905257139998678e-05,6.119657142899994e-05,8.625908571000939e-05,1
76,1772846756904,-2.2905257139998678e-05,6.119657142899994e-05,8.625908571000939e-05,1
77,1772846756906,-2.2905257139998678e-05,6.119657142899994e-05,8.625908571000939e-05,1
78,1772846756909,-2.2905257139998678e-05,6.119657142899994e-05,0.000152559085709973,1
79,1772846756911,3.169474285999972e-05,-0.00016500342857100002,0.000152559085709973,1
80,1772846756913,3.169474285999972e-05,-0.00016500342857100002,0.000152559085709973,1
81,1772846756916,3.169474285999972e-05,-0.00016500342857100002,0.000152559085709973,1
82,1772846756918,-3.4052571399999926e-06,1.049657142899996e-05,-1.1240914289963218e-05,1
83,1772846756920,-3.4052571399999926e-06,1.049657142899996e-05,-1.1240914289963218e-05,1
84,1772846756923,-3.4052571399999926e-06,1.049657142899996e-05,-1.1240914289963218e-05,1
85,1772846756925,0.0001369947428600006,4.169657142899996e-05,0.000308559085710018,1
86,1772846756928,0.0001369947428600006,4.169657142899996e-05,0.000308559085710018,1
87,1772846756930,0.0001369947428600006,4.169657142899996e-05,0.000308559085710018,1
88,1772846756932,0.0001369947428600006,4.169657142899996e-05,0.000308559085710018,1
89,1772846756935,-0.00015160525713999937,4.5596571429e-05,0.0003553590857100315,1
90,1772846756937,-0.00015160525713999937,4.5596571429e-05,0.0003553590857100315,1
91,1772846756939,-0.00015160525713999937,4.5596571429e-05,0.0003553590857100315,1
92,1772846756942,-6.970525714000003e-05,-4.0203428571000026e-05,0.00016035908570997525,1
93,1772846756944,-6.970525714000003e-05,-4.0203428571000026e-05,0.00016035908570997525,1
94,1772846756947,-6.970525714000003e-05,-4.0203428571000026e-05,0.00016035908570997525,1
95,1772846756949,-3.850525713999971e-05,1.8296571428999986e-05,9.0159085709955e-05,1
96,1772846756951,-3.850525713999971e-05,1.8296571428999986e-05,9.0159085709955e-05,1
97,1772846756954,-3.850525713999971e-05,1.8296571428999986e-05,9.0159085709955e-05,1
98,1772846756956,-3.850525713999971e-05,1.8296571428999986e-05,9.0159085709955e-05,1
99,1772846756958,3.949474286000024e-05,-0.00014550342857100004,0.00038265908570998385,1
100,1772846756961,3.949474286000024e-05,-0.00014550342857100004,0.00038265908570998385,1
101,1772846756963,3.949474286000024e-05,-0.00014550342857100004,0.00038265908570998385,1
102,1772846756965,-2.2905257139998678e-05,-1.203428571000054e-06,0.0001993590857099865,1
103,1772846756968,-2.2905257139998678e-05,-1.203428571000054e-06,0.0001993590857099865,1
104,1772846756970,-2.2905257139998678e-05,-1.203428571000054e-06,0.0001993590857099865,1
105,1772846756973,-2.2905257139998678e-05,-7.530342857100001e-05,0.00015645908571002964,1
106,1772846756975,3.949474286000024e-05,-7.530342857100001e-05,0.00015645908571002964,1
107,1772846756977,3.949474286000024e-05,-7.530342857100001e-05,0.00015645908571002964,1
108,1772846756980,3.949474286000024e-05,-7.530342857100001e-05,0.00015645908571002964,1
109,1772846756982,-6.190525713999952e-05,-0.000122103428571,0.000183759085709982,1
110,1772846756984,-6.190525713999952e-05,-0.000122103428571,0.000183759085709982,1
111,1772846756987,-6.190525713999952e-05,-0.000122103428571,0.000183759085709982,1
112,1772846756989,1.6094742860000427e-05,4.9496571428999986e-05,0.000277359085710009,1
113,1772846756992,1.6094742860000427e-05,4.9496571428999986e-05,0.000277359085710009,1
114,1772846756994,1.6094742860000427e-05,4.9496571428999986e-05,0.000277359085710009,1
115,1772846756996,1.6094742860000427e-05,4.9496571428999986e-05,0.00022665908570993886,1
116,1772846756999,0.0001096947428600014,-0.00014940342857100002,0.00022665908570993886,1
117,1772846757001,0.0001096947428600014,-0.00014940342857100002,0.00022665908570993886,1
118,1772846757004,0.0001096947428600014,-0.00014940342857100002,0.00022665908570993886,1
119,1772846757006,7.069474286000056e-05,-4.8003428571e-05,0.00024225908570994336,1
120,1772846757009,7.069474286000056e-05,-4.8003428571e-05,0.00024225908570994336,1
121,1772846757011,7.069474286000056e-05,-4.8003428571e-05,0.00024225908570994336,1
122,1772846757013,1.6094742860000427e-05,7.289657142899996e-05,0.00025395908571000225,1
123,1772846757016,1.6094742860000427e-05,7.289657142899996e-05,0.00025395908571000225,1
124,1772846757018,1.6094742860000427e-05,7.289657142899996e-05,0.00025395908571000225,1
0,1772846757031,0.00011359474286000079,2.2196571428999973e-05,0.000183759085709982,1
1,1772846757034,0.00011359474286000079,2.2196571428999973e-05,0.000183759085709982,1
2,1772846757036,0.00011359474286000079,2.2196571428999973e-05,0.000183759085709982,1
3,1772846757038,8.239474286000047e-05,-0.00011040342857100002,0.0004684590857100086,1
4,1772846757041,8.239474286000047e-05,-0.00011040342857100002,0.0004684590857100086,1
5,1772846757065,-7.750525713999881e-05,7.289657142899996e-05,0.00014475908570997075,1
6,1772846757068,-7.750525713999881e-05,7.289657142899996e-05,0.00014475908570997075,1
7,1772846757120,-0.00015940525713999988,2.9996571428999945e-05,5.1159085709943757e-05,1
8,1772846757123,-0.00016330525713999927,0.00011579657142899997,0.00023835908570999775,1
9,1772846757125,-0.0002062052571399995,0.00021719657142899994,0.000121359085709964,1
10,1772846757128,-0.0002062052571399995,0.00021719657142899994,0.000121359085709964,1
11,1772846757130,-0.0002062052571399995,0.00021719657142899994,0.000121359085709964,1
12,1772846757132,-4.630525714000022e-05,2.9996571428999945e-05,0.0003943590857099317,1
13,1772846757135,-4.630525714000022e-05,2.9996571428999945e-05,0.0003943590857099317,1
14,1772846757137,-4.630525714000022e-05,2.9996571428999945e-05,0.0003943590857099317,1
15,1772846757139,-4.630525714000022e-05,2.9996571428999945e-05,0.0003943590857099317,1
16,1772846757142,-0.00015550525713999876,-0.00011040342857100002,0.00044505908571000185,1
17,1772846757144,-0.00015550525713999876,-0.00011040342857100002,0.00044505908571000185,1
18,1772846757146,-0.00015550525713999876,-0.00011040342857100002,0.00044505908571000185,1
19,1772846757149,-6.190525713999952e-05,9.239657142899994e-05,0.0001993590857099865,1
20,1772846757153,-6.190525713999952e-05,9.239657142899994e-05,0.0001993590857099865,1
21,1772846757155,-6.190525713999952e-05,9.239657142899994e-05,0.0001993590857099865,1
22,1772846757159,-0.00015160525713999937,2.9996571428999945e-05,0.00015645908571002964,1
23,1772846757161,-0.00015160525713999937,2.9996571428999945e-05,0.00015645908571002964,1
24,1772846757163,-0.00015160525713999937,2.9996571428999945e-05,0.00015645908571002964,1
25,1772846757166,-1.1205257139998773e-05,-2.8503428571000013e-05,0.00011745908571001839,1
26,1772846757168,-1.1205257139998773e-05,-2.8503428571000013e-05,0.00011745908571001839,1
27,1772846757170,-1.1205257139998773e-05,-2.8503428571000013e-05,0.00011745908571001839,1
28,1772846757173,-3.850525713999971e-05,-4.410342857100001e-05,6.675908570994826e-05,1
29,1772846757175,-3.850525713999971e-05,-4.410342857100001e-05,6.675908570994826e-05,1
30,1772846757178,-3.850525713999971e-05,-4.410342857100001e-05,6.675908570994826e-05,1
31,1772846757180,-3.850525713999971e-05,-0.00028200342857100005,0.0003553590857100315,1
32,1772846757182,1.6094742860000427e-05,-0.00028200342857100005,0.0003553590857100315,1
33,1772846757185,1.6094742860000427e-05,-0.00028200342857100005,0.0003553590857100315,1
34,1772846757187,1.6094742860000427e-05,-0.00028200342857100005,0.0003553590857100315,1
35,1772846757189,2.7794742860000332e-05,-9.003428571000027e-06,0.00014475908570997075,1
36,1772846757192,2.7794742860000332e-05,-9.003428571000027e-06,0.00014475908570997075,1
37,1772846757194,2.7794742860000332e-05,-9.003428571000027e-06,0.00014475908570997075,1
38,1772846757196,3.559474286000085e-05,-0.00011430342857100004,0.000308559085710018,1
39,1772846757199,3.559474286000085e-05,-0.00011430342857100004,0.000308559085710018,1
40,1772846757201,3.559474286000085e-05,-0.00011430342857100004,0.000308559085710018,1
41,1772846757203,3.559474286000085e-05,-0.00011430342857100004,0.000308559085710018,1
42,1772846757206,1.2194742860001037e-05,8.849657142899996e-05,0.0003904590857099861,1
43,1772846757208,1.2194742860001037e-05,8.849657142899996e-05,0.0003904590857099861,1
44,1772846757210,1.2194742860001037e-05,8.849657142899996e-05,0.0003904590857099861,1
45,1772846757213,-1.1205257139998773e-05,2.2196571428999973e-05,0.0001486590857100274,1
46,1772846757215,-1.1205257139998773e-05,2.2196571428999973e-05,0.0001486590857100274,1
47,1772846757217,-1.1205257139998773e-05,2.2196571428999973e-05,0.0001486590857100274,1
48,1772846757220,-1.1205257139998773e-05,4.169657142899996e-05,0.00030075908571001574,1
49,1772846757222,7.069474286000056e-05,4.169657142899996e-05,0.00030075908571001574,1
50,1772846757224,7.069474286000056e-05,4.169657142899996e-05,0.00030075908571001574,1
51,1772846757227,7.069474286000056e-05,4.169657142899996e-05,0.00030075908571001574,1
52,1772846757229,8.294742859999912e-06,-8.700342857100003e-05,0.00020715908570998875,1
53,1772846757231,8.294742859999912e-06,-8.700342857100003e-05,0.00020715908570998875,1
54,1772846757234,8.294742859999912e-06,-8.700342857100003e-05,0.00020715908570998875,1
55,1772846757236,-8.140525713999994e-05,-4.8003428571e-05,0.0003592590857099771,1
56,1772846757239,-8.140525713999994e-05,-4.8003428571e-05,0.0003592590857099771,1
57,1772846757241,-8.140525713999994e-05,-4.8003428571e-05,0.0003592590857099771,1
58,1772846757243,-8.140525713999994e-05,-4.8003428571e-05,0.00024615908571,1
59,1772846757246,-1.5105257139999897e-05,-2.8503428571000013e-05,0.00024615908571,1
60,1772846757248,-1.5105257139999897e-05,-2.8503428571000013e-05,0.00024615908571,1
61,1772846757251,-1.5105257139999897e-05,-2.8503428571000013e-05,0.00024615908571,1
62,1772846757253,-5.020525713999961e-05,-0.00017670342857100004,0.00025785908570994786,1
63,1772846757255,-5.020525713999961e-05,-0.00017670342857100004,0.00025785908570994786,1
64,1772846757258,-5.020525713999961e-05,-0.00017670342857100004,0.00025785908570994786,1
65,1772846757260,8.294742859999912e-06,-2.8503428571000013e-05,2.7759085709937008e-05,1
66,1772846757262,8.294742859999912e-06,-2.8503428571000013e-05,2.7759085709937008e-05,1
67,1772846757265,8.294742859999912e-06,-2.8503428571000013e-05,2.7759085709937008e-05,1
68,1772846757267,8.294742859999912e-06,-2.8503428571000013e-05,0.000183759085709982,1
69,1772846757270,-1.5105257139999897e-05,0.00010019657142899997,0.000183759085709982,1
70,1772846757272,-1.5105257139999897e-05,0.00010019657142899997,0.000183759085709982,1
71,1772846757274,-1.5105257139999897e-05,0.00010019657142899997,0.000183759085709982,1
72,1772846757277,9.019474286000098e-05,0.00011579657142899997,0.00025395908571000225,1
73,1772846757279,9.019474286000098e-05,0.00011579657142899997,0.00025395908571000225,1
74,1772846757281,9.019474286000098e-05,0.00011579657142899997,0.00025395908571000225,1
75,1772846757284,3.559474286000085e-05,8.459657142899997e-05,0.0002968590857099591,1
76,1772846757286,3.559474286000085e-05,8.459657142899997e-05,0.0002968590857099591,1
77,1772846757289,3.559474286000085e-05,8.459657142899997e-05,0.0002968590857099591,1
78,1772846757291,3.559474286000085e-05,8.459657142899997e-05,0.0002968590857099591,1
79,1772846757293,2.7794742860000332e-05,1.8296571428999986e-05,0.00033195908571002474,1
80,1772846757296,2.7794742860000332e-05,1.8296571428999986e-05,0.00033195908571002474,1
81,1772846757298,2.7794742860000332e-05,1.8296571428999986e-05,0.00033195908571002474,1
82,1772846757300,9.409474286000037e-05,5.729657142899996e-05,0.00024225908570994336,1
83,1772846757303,9.409474286000037e-05,5.729657142899996e-05,0.00024225908570994336,1
84,1772846757305,9.409474286000037e-05,5.729657142899996e-05,0.00024225908570994336,1
85,1772846757308,9.409474286000037e-05,-0.00011430342857100004,0.0002188590857099366,1
86,1772846757310,1.2194742860001037e-05,-0.00011430342857100004,0.0002188590857099366,1
87,1772846757312,1.2194742860001037e-05,-0.00011430342857100004,0.0002188590857099366,1
88,1772846757315,1.2194742860001037e-05,-0.00011430342857100004,0.0002188590857099366,1
89,1772846757317,2.7794742860000332e-05,6.509657142899999e-05,0.0003943590857099317,1
90,1772846757319,2.7794742860000332e-05,6.509657142899999e-05,0.0003943590857099317,1
91,1772846757322,2.7794742860000332e-05,6.509657142899999e-05,0.0003943590857099317,1
92,1772846757324,0.0001096947428600014,-2.8503428571000013e-05,0.00030465908570996136,1
93,1772846757326,0.0001096947428600014,-2.8503428571000013e-05,0.00030465908570996136,1
94,1772846757329,0.0001096947428600014,-2.8503428571000013e-05,0.00030465908570996136,1
95,1772846757331,0.0001096947428600014,-0.00013380342857100002,1.9959085709934758e-05,1
96,1772846757334,3.559474286000085e-05,-0.00013380342857100002,1.9959085709934758e-05,1
97,1772846757336,3.559474286000085e-05,-0.00013380342857100002,1.9959085709934758e-05,1
98,1772846757338,3.559474286000085e-05,-0.00013380342857100002,1.9959085709934758e-05,1
99,1772846757341,-0.00010090525713999862,-0.00010650342857100001,0.0003280590857099681,1
100,1772846757343,-0.00010090525713999862,-0.00010650342857100001,0.0003280590857099681,1
101,1772846757345,-0.00010090525713999862,-0.00010650342857100001,0.0003280590857099681,1
102,1772846757348,-0.0002023052571400001,-0.00014160342857100002,0.00039825908570998835,1
103,1772846757350,-0.0002023052571400001,-0.00014160342857100002,0.00039825908570998835,1
104,1772846757352,-0.0002023052571400001,-0.00014160342857100002,0.00039825908570998835,1
105,1772846757355,-0.0002023052571400001,-0.00014160342857100002,0.00039825908570998835,1
106,1772846757357,-3.4052571399999926e-06,-9.480342857100005e-05,0.00014475908570997075,1
107,1772846757360,-3.4052571399999926e-06,-9.480342857100005e-05,0.00014475908570997075,1
108,1772846757363,-3.4052571399999926e-06,-9.480342857100005e-05,0.00014475908570997075,1
109,1772846757365,0.00011749474286000018,2.9996571428999945e-05,0.000308559085710018,1
110,1772846757368,0.00011749474286000018,2.9996571428999945e-05,0.000308559085710018,1
111,1772846757370,0.00011749474286000018,2.9996571428999945e-05,0.000308559085710018,1
112,1772846757372,0.00012919474286000009,-2.4603428571000026e-05,0.0003436590857099726,1
113,1772846757375,0.00012919474286000009,-2.4603428571000026e-05,0.0003436590857099726,1
114,1772846757377,0.00012919474286000009,-2.4603428571000026e-05,0.0003436590857099726,1
115,1772846757379,0.0002812947428600006,6.119657142899994e-05,0.00041385908570999285,1
116,1772846757382,0.0002812947428600006,6.119657142899994e-05,0.00041385908570999285,1
117,1772846757384,0.0002812947428600006,6.119657142899994e-05,0.00041385908570999285,1
118,1772846757387,0.0002812947428600006,6.119657142899994e-05,0.00041385908570999285,1
119,1772846757389,0.00023059474285999984,-2.4603428571000026e-05,0.0003241590857100225,1
120,1772846757391,0.00023059474285999984,-2.4603428571000026e-05,0.0003241590857100225,1
121,1772846757394,0.00023059474285999984,-2.4603428571000026e-05,0.0003241590857100225,1
122,1772846757396,2.7794742860000332e-05,6.509657142899999e-05,0.0002617590857100045,1
123,1772846757398,2.7794742860000332e-05,6.509657142899999e-05,0.0002617590857100045,1
124,1772846757401,2.7794742860000332e-05,6.509657142899999e-05,0.0002617590857100045,1
0,1772846757413,0.00020719474286000003,8.069657142899999e-05,0.0005035590857099632,1
1,1772846757415,0.00020719474286000003,8.069657142899999e-05,0.0005035590857099632,1
2,1772846757417,0.00020719474286000003,8.069657142899999e-05,0.0005035590857099632,1
3,1772846757420,1.2194742860001037e-05,1.8296571428999986e-05,0.0004060590857099906,1
4,1772846757422,1.2194742860001037e-05,1.8296571428999986e-05,0.0004060590857099906,1
5,1772846757424,1.2194742860001037e-05,1.8296571428999986e-05,0.0004060590857099906,1
6,1772846757427,1.2194742860001037e-05,1.8296571428999986e-05,0.00030075908571001574,1
7,1772846757459,-7.750525713999881e-05,-0.00010260342857100003,0.00030075908571001574,1
8,1772846757462,-7.360525713999942e-05,-4.8003428571e-05,0.00039825908570998835,1
9,1772846757464,-7.360525713999942e-05,-4.8003428571e-05,0.00039825908570998835,1
10,1772846757512,-5.020525713999961e-05,4.5596571429e-05,0.0003436590857099726,1
11,1772846757526,-2.2905257139998678e-05,0.00014309657142899993,0.0005815590857099857,1
12,1772846757529,-2.2905257139998678e-05,0.00014309657142899993,0.0005815590857099857,1
13,1772846757531,-1.5105257139999897e-05,0.00011579657142899997,0.00017595908570997975,1
14,1772846757533,-1.5105257139999897e-05,0.00011579657142899997,0.00017595908570997975,1
15,1772846757536,-1.5105257139999897e-05,0.00011579657142899997,0.00017595908570997975,1
16,1772846757538,-1.5105257139999897e-05,0.00011579657142899997,0.00017595908570997975,1
17,1772846757541,2.7794742860000332e-05,2.9996571428999945e-05,1.2159085709932509e-05,1
18,1772846757543,2.7794742860000332e-05,2.9996571428999945e-05,1.2159085709932509e-05,1
19,1772846757545,2.7794742860000332e-05,2.9996571428999945e-05,1.2159085709932509e-05,1
20,1772846757548,-5.020525713999961e-05,-1.203428571000054e-06,0.000214959085709991,1
21,1772846757550,-5.020525713999961e-05,-1.203428571000054e-06,0.000214959085709991,1
22,1772846757553,-5.020525713999961e-05,-1.203428571000054e-06,0.000214959085709991,1
23,1772846757555,0.00010189474286000089,6.119657142899994e-05,4.725908570999814e-05,1
24,1772846757557,0.00010189474286000089,6.119657142899994e-05,4.725908570999814e-05,1
25,1772846757560,0.00010189474286000089,6.119657142899994e-05,4.725908570999814e-05,1
26,1772846757562,0.00010189474286000089,6.119657142899994e-05,4.725908570999814e-05,1
27,1772846757564,-5.800525714000013e-05,4.9496571428999986e-05,0.00022275908570999325,1
28,1772846757567,-5.800525714000013e-05,4.9496571428999986e-05,0.00022275908570999325,1
29,1772846757569,-5.800525714000013e-05,4.9496571428999986e-05,0.00022275908570999325,1
30,1772846757572,4.394742860000522e-06,0.00010409657142899996,0.00021105908570993436,1
31,1772846757574,4.394742860000522e-06,0.00010409657142899996,0.00021105908570993436,1
32,1772846757576,4.394742860000522e-06,0.00010409657142899996,0.00021105908570993436,1
33,1772846757579,-0.00012820525713999956,5.339657142899997e-05,0.00028905908570995686,1
34,1772846757581,-0.00012820525713999956,5.339657142899997e-05,0.00028905908570995686,1
35,1772846757583,-0.00012820525713999956,5.339657142899997e-05,0.00028905908570995686,1
36,1772846757586,-0.00012820525713999956,5.339657142899997e-05,0.00028905908570995686,1
37,1772846757588,3.559474286000085e-05,4.5596571429e-05,0.00031635908571002024,1
38,1772846757590,3.559474286000085e-05,4.5596571429e-05,0.00031635908571002024,1
39,1772846757593,3.559474286000085e-05,4.5596571429e-05,0.00031635908571002024,1
40,1772846757595,-7.750525713999881e-05,7.289657142899996e-05,0.0002188590857099366,1
41,1772846757598,-7.750525713999881e-05,7.289657142899996e-05,0.0002188590857099366,1
42,1772846757600,-7.750525713999881e-05,7.289657142899996e-05,0.0002188590857099366,1
43,1772846757602,-7.750525713999881e-05,-6.750342857100004e-05,0.0001642590857100319,1
44,1772846757605,-1.1205257139998773e-05,-6.750342857100004e-05,0.0001642590857100319,1
45,1772846757607,-1.1205257139998773e-05,-6.750342857100004e-05,0.0001642590857100319,1
46,1772846757609,-1.1205257139998773e-05,-6.750342857100004e-05,0.0001642590857100319,1
47,1772846757612,-3.4052571399999926e-06,0.00012749657142899998,0.0002656590857099501,1
48,1772846757614,-3.4052571399999926e-06,0.00012749657142899998,0.0002656590857099501,1
49,1772846757617,-3.4052571399999926e-06,0.00012749657142899998,0.0002656590857099501,1
50,1772846757619,0.00018379474286000022,0.00019379657142900002,0.0001993590857099865,1
51,1772846757621,0.00018379474286000022,0.00019379657142900002,0.0001993590857099865,1
52,1772846757624,0.00018379474286000022,0.00019379657142900002,0.0001993590857099865,1
53,1772846757626,0.00018379474286000022,0.00019379657142900002,0.0002968590857099591,1
54,1772846757628,-1.9005257139999288e-05,0.00017819657142899997,0.0002968590857099591,1
55,1772846757631,-1.9005257139999288e-05,0.00017819657142899997,0.0002968590857099591,1
56,1772846757633,-1.9005257139999288e-05,0.00017819657142899997,0.0002968590857099591,1
57,1772846757636,0.00012919474286000009,-0.000184503428571,0.0002188590857099366,1
58,1772846757638,0.00012919474286000009,-0.000184503428571,0.0002188590857099366,1
59,1772846757640,0.00012919474286000009,-0.000184503428571,0.0002188590857099366,1
60,1772846757643,0.0001330947428600012,0.00012359657142899994,0.00011355908570996175,1
61,1772846757645,0.0001330947428600012,0.00012359657142899994,0.00011355908570996175,1
62,1772846757647,0.0001330947428600012,0.00012359657142899994,0.00011355908570996175,1
63,1772846757650,0.0001330947428600012,0.00012359657142899994,0.00011355908570996175,1
64,1772846757652,-0.00013600525714000007,4.9496571428999986e-05,8.625908571000939e-05,1
65,1772846757654,-0.00013600525714000007,4.9496571428999986e-05,8.625908571000939e-05,1
66,1772846757657,-0.00013600525714000007,4.9496571428999986e-05,8.625908571000939e-05,1
67,1772846757659,-8.530525713999933e-05,-0.00014160342857100002,0.00024615908571,1
68,1772846757662,-8.530525713999933e-05,-0.00014160342857100002,0.00024615908571,1
69,1772846757664,-8.530525713999933e-05,-0.00014160342857100002,0.00024615908571,1
70,1772846757666,-8.920525713999872e-05,0.00012749657142899998,0.00031635908571002024,1
71,1772846757669,-8.920525713999872e-05,0.00012749657142899998,0.00031635908571002024,1
72,1772846757671,-8.920525713999872e-05,0.00012749657142899998,0.00031635908571002024,1
73,1772846757673,-8.920525713999872e-05,0.00012749657142899998,0.00031635908571002024,1
74,1772846757676,-6.190525713999952e-05,3.3896571428999986e-05,0.0001993590857099865,1
75,1772846757678,-6.190525713999952e-05,3.3896571428999986e-05,0.0001993590857099865,1
76,1772846757681,-6.190525713999952e-05,3.3896571428999986e-05,0.0001993590857099865,1
77,1772846757683,4.394742860000522e-06,8.459657142899997e-05,0.0003592590857099771,1
78,1772846757685,4.394742860000522e-06,8.459657142899997e-05,0.0003592590857099771,1
79,1772846757688,4.394742860000522e-06,8.459657142899997e-05,0.0003592590857099771,1
80,1772846757690,4.394742860000522e-06,0.00018599657142899994,0.00039825908570998835,1
81,1772846757693,4.947428600011322e-07,0.00018599657142899994,0.00039825908570998835,1
82,1772846757695,4.947428600011322e-07,0.00018599657142899994,0.00039825908570998835,1
83,1772846757697,4.947428600011322e-07,0.00018599657142899994,0.00039825908570998835,1
84,1772846757700,-6.970525714000003e-05,4.169657142899996e-05,0.00026955908571000674,1
85,1772846757702,-6.970525714000003e-05,4.169657142899996e-05,0.00026955908571000674,1
86,1772846757704,-6.970525714000003e-05,4.169657142899996e-05,0.00026955908571000674,1
87,1772846757707,5.899474286000066e-05,4.169657142899996e-05,0.00012525908571002064,1
88,1772846757709,5.899474286000066e-05,4.169657142899996e-05,0.00012525908571002064,1
89,1772846757711,5.899474286000066e-05,4.169657142899996e-05,0.00012525908571002064,1
90,1772846757714,5.899474286000066e-05,4.169657142899996e-05,0.00025395908571000225,1
91,1772846757716,2.7794742860000332e-05,9.629657142899998e-05,0.00025395908571000225,1
92,1772846757719,2.7794742860000332e-05,9.629657142899998e-05,0.00025395908571000225,1
93,1772846757721,2.7794742860000332e-05,9.629657142899998e-05,0.00025395908571000225,1
94,1772846757723,8.629474285999986e-05,2.9996571428999945e-05,0.00038655908570992947,1
95,1772846757726,8.629474285999986e-05,2.9996571428999945e-05,0.00038655908570992947,1
96,1772846757728,8.629474285999986e-05,2.9996571428999945e-05,0.00038655908570992947,1
97,1772846757730,-3.460525713999858e-05,-5.970342857100001e-05,0.00038265908570998385,1
98,1772846757733,-3.460525713999858e-05,-5.970342857100001e-05,0.00038265908570998385,1
99,1772846757735,-3.460525713999858e-05,-5.970342857100001e-05,0.00038265908570998385,1
100,1772846757738,-3.460525713999858e-05,-5.970342857100001e-05,6.285908571000264e-05,1
101,1772846757740,-4.24052571399991e-05,-2.4603428571000026e-05,6.285908571000264e-05,1
102,1772846757742,-4.24052571399991e-05,-2.4603428571000026e-05,6.285908571000264e-05,1
103,1772846757745,-4.24052571399991e-05,-2.4603428571000026e-05,6.285908571000264e-05,1
104,1772846757747,-3.070525713999919e-05,5.339657142899997e-05,7.065908571000489e-05,1
105,1772846757749,-3.070525713999919e-05,5.339657142899997e-05,7.065908571000489e-05,1
106,1772846757752,-3.070525713999919e-05,5.339657142899997e-05,7.065908571000489e-05,1
107,1772846757754,-7.750525713999881e-05,0.000150896571429,0.0003943590857099317,1
108,1772846757757,-7.750525713999881e-05,0.000150896571429,0.0003943590857099317,1
109,1772846757759,-7.750525713999881e-05,0.000150896571429,0.0003943590857099317,1
110,1772846757761,-7.750525713999881e-05,0.000150896571429,0.0003943590857099317,1
111,1772846757764,4.394742860000522e-06,-2.4603428571000026e-05,0.0003280590857099681,1
112,1772846757767,4.394742860000522e-06,-2.4603428571000026e-05,0.0003280590857099681,1
113,1772846757769,4.394742860000522e-06,-2.4603428571000026e-05,0.0003280590857099681,1
114,1772846757772,-1.9005257139999288e-05,-3.630342857100004e-05,0.00019545908570992986,1
115,1772846757775,-1.9005257139999288e-05,-3.630342857100004e-05,0.00019545908570992986,1
116,1772846757777,-1.9005257139999288e-05,-3.630342857100004e-05,0.00019545908570992986,1
117,1772846757780,-1.9005257139999288e-05,1.8296571428999986e-05,0.00020715908570998875,1
118,1772846757782,-1.9005257139999288e-05,1.8296571428999986e-05,0.00020715908570998875,1
119,1772846757785,-1.9005257139999288e-05,1.8296571428999986e-05,0.00020715908570998875,1
120,1772846757787,2.3894742860000942e-05,2.609657142899996e-05,0.0003280590857099681,1
121,1772846757789,2.3894742860000942e-05,2.609657142899996e-05,0.0003280590857099681,1
122,1772846757792,2.3894742860000942e-05,2.609657142899996e-05,0.0003280590857099681,1
123,1772846757794,2.3894742860000942e-05,-1.203428571000054e-06,0.00034755908571002924,1
124,1772846757796,2.3894742860000942e-05,-1.203428571000054e-06,0.00034755908571002924,1
0,1772846757810,-8.920525713999872e-05,-2.8503428571000013e-05,0.0005659590857099812,1
1,1772846757812,-8.920525713999872e-05,-2.8503428571000013e-05,0.0005659590857099812,1
2,1772846757815,-8.920525713999872e-05,-2.8503428571000013e-05,0.0005659590857099812,1
3,1772846757817,-8.920525713999872e-05,-2.8503428571000013e-05,5.8959085709946006e-05,1
4,1772846757820,8.294742859999912e-06,0.00011189657142899998,5.8959085709946006e-05,1
5,1772846757822,8.294742859999912e-06,0.00011189657142899998,5.8959085709946006e-05,1
6,1772846757824,8.294742859999912e-06,0.00011189657142899998,5.8959085709946006e-05,1
7,1772846757864,-0.00011650525713999965,-3.2403428571000053e-05,0.0002344590857099411,1
8,1772846757866,-0.00012430525714000017,-0.00011430342857100004,1.6059085709989145e-05,1
9,1772846757927,-1.5105257139999897e-05,0.00011189657142899998,0.0002929590857100135,1
10,1772846757930,7.069474286000056e-05,0.00016649657142899996,0.0006049590857099925,1
11,1772846757932,7.069474286000056e-05,0.00016649657142899996,0.0006049590857099925,1
12,1772846757935,7.069474286000056e-05,0.00016649657142899996,0.0006049590857099925,1
13,1772846757937,7.069474286000056e-05,0.00016649657142899996,0.0002500590857099456,1
14,1772846757939,-4.630525714000022e-05,1.4396571429e-05,0.0002500590857099456,1
15,1772846757942,-4.630525714000022e-05,1.4396571429e-05,0.0002500590857099456,1
16,1772846757944,-4.630525714000022e-05,1.4396571429e-05,0.0002500590857099456,1
17,1772846757946,-1.9005257139999288e-05,-0.00015720342857100002,0.00036705908570997935,1
18,1772846757949,-1.9005257139999288e-05,-0.00015720342857100002,0.00036705908570997935,1
19,1772846757951,-1.9005257139999288e-05,-0.00015720342857100002,0.00036705908570997935,1
20,1772846757954,5.509474286000127e-05,-4.8003428571e-05,0.00036705908570997935,1
21,1772846757957,5.509474286000127e-05,-4.8003428571e-05,0.00036705908570997935,1
22,1772846757959,5.509474286000127e-05,-4.8003428571e-05,0.00036705908570997935,1
23,1772846757962,-2.2905257139998678e-05,0.000107996571429,0.00040215908570993397,1
24,1772846757964,-2.2905257139998678e-05,0.000107996571429,0.00040215908570993397,1
25,1772846757967,-2.2905257139998678e-05,0.000107996571429,0.00040215908570993397,1
26,1772846757969,-2.2905257139998678e-05,-6.360342857100005e-05,0.0006244590857099426,1
27,1772846757971,-2.2905257139998678e-05,-6.360342857100005e-05,0.0006244590857099426,1
28,1772846757974,-2.2905257139998678e-05,-6.360342857100005e-05,0.0006244590857099426,1
29,1772846757976,-2.2905257139998678e-05,-6.360342857100005e-05,0.0006244590857099426,1
30,1772846757979,5.509474286000127e-05,8.849657142899996e-05,0.00014475908570997075,1
31,1772846757981,5.509474286000127e-05,8.849657142899996e-05,0.00014475908570997075,1
32,1772846757983,5.509474286000127e-05,8.849657142899996e-05,0.00014475908570997075,1
33,1772846757986,-5.800525714000013e-05,0.000213296571429,0.00034755908571002924,1
34,1772846757988,-5.800525714000013e-05,0.000213296571429,0.00034755908571002924,1
35,1772846757991,-5.800525714000013e-05,0.000213296571429,0.00034755908571002924,1
36,1772846757993,-5.800525714000013e-05,5.339657142899997e-05,0.0005659590857099812,1
37,1772846757995,6.679474286000117e-05,5.339657142899997e-05,0.0005659590857099812,1
38,1772846757998,6.679474286000117e-05,5.339657142899997e-05,0.0005659590857099812,1
39,1772846758000,6.679474286000117e-05,5.339657142899997e-05,0.0005659590857099812,1
40,1772846758003,-3.070525713999919e-05,7.289657142899996e-05,0.0002344590857099411,1
41,1772846758005,-3.070525713999919e-05,7.289657142899996e-05,0.0002344590857099411,1
42,1772846758007,-3.070525713999919e-05,7.289657142899996e-05,0.0002344590857099411,1
43,1772846758010,1.9994742859999817e-05,0.00010019657142899997,-4.2440914289972216e-05,1
44,1772846758012,1.9994742859999817e-05,0.00010019657142899997,-4.2440914289972216e-05,1
45,1772846758015,1.9994742859999817e-05,0.00010019657142899997,-4.2440914289972216e-05,1
46,1772846758017,1.9994742859999817e-05,8.459657142899997e-05,0.000214959085709991,1
47,1772846758019,-0.00013990525713999946,8.459657142899997e-05,0.000214959085709991,1
48,1772846758022,-0.00013990525713999946,8.459657142899997e-05,0.000214959085709991,1
49,1772846758024,-0.00013990525713999946,8.459657142899997e-05,0.000214959085709991,1
50,1772846758026,-7.750525713999881e-05,6.509657142899999e-05,0.00038655908570992947,1
51,1772846758029,-7.750525713999881e-05,6.509657142899999e-05,0.00038655908570992947,1
52,1772846758031,-7.750525713999881e-05,6.509657142899999e-05,0.00038655908570992947,1
53,1772846758034,-9.700525713999923e-05,0.00012749657142899998,0.0004372590857099996,1
54,1772846758036,-9.700525713999923e-05,0.00012749657142899998,0.0004372590857099996,1
55,1772846758038,-9.700525713999923e-05,0.00012749657142899998,0.0004372590857099996,1
56,1772846758041,-9.700525713999923e-05,0.00012749657142899998,0.00022665908570993886,1
57,1772846758043,-3.070525713999919e-05,2.9996571428999945e-05,0.00022665908570993886,1
58,1772846758046,-3.070525713999919e-05,2.9996571428999945e-05,0.00022665908570993886,1
59,1772846758049,-3.070525713999919e-05,2.9996571428999945e-05,0.0001057590857099595,1
60,1772846758051,3.559474286000085e-05,0.00011969657142899996,0.0001057590857099595,1
61,1772846758054,3.559474286000085e-05,0.00011969657142899996,0.0001057590857099595,1
62,1772846758056,3.559474286000085e-05,0.00011969657142899996,0.0001057590857099595,1
63,1772846758059,3.169474285999972e-05,8.459657142899997e-05,0.0005815590857099857,1
64,1772846758061,3.169474285999972e-05,8.459657142899997e-05,0.0005815590857099857,1
65,1772846758063,3.169474285999972e-05,8.459657142899997e-05,0.0005815590857099857,1
66,1772846758066,-2.2905257139998678e-05,6.119657142899994e-05,0.000214959085709991,1
67,1772846758068,-2.2905257139998678e-05,6.119657142899994e-05,0.000214959085709991,1
68,1772846758070,-2.2905257139998678e-05,6.119657142899994e-05,0.000214959085709991,1
69,1772846758073,-2.2905257139998678e-05,0.000170396571429,0.00010185908571001389,1
70,1772846758075,-6.970525714000003e-05,0.000170396571429,0.00010185908571001389,1
71,1772846758078,-6.970525714000003e-05,0.000170396571429,0.00010185908571001389,1
72,1772846758080,-6.970525714000003e-05,0.000170396571429,0.00010185908571001389,1
73,1772846758082,-1.5105257139999897e-05,3.779657142899997e-05,0.00015645908571002964,1
74,1772846758085,-1.5105257139999897e-05,3.779657142899997e-05,0.00015645908571002964,1
75,1772846758087,-1.5105257139999897e-05,3.779657142899997e-05,0.00015645908571002964,1
76,1772846758089,0.0001096947428600014,-4.410342857100001e-05,9.0159085709955e-05,1
77,1772846758092,0.0001096947428600014,-4.410342857100001e-05,9.0159085709955e-05,1
78,1772846758094,0.0001096947428600014,-4.410342857100001e-05,9.0159085709955e-05,1
79,1772846758097,0.0001096947428600014,4.5596571429e-05,0.00010185908571001389,1
80,1772846758099,-4.24052571399991e-05,4.5596571429e-05,0.00010185908571001389,1
81,1772846758101,-4.24052571399991e-05,4.5596571429e-05,0.00010185908571001389,1
82,1772846758104,-4.24052571399991e-05,4.5596571429e-05,0.00010185908571001389,1
83,1772846758106,-0.00010090525713999862,-0.00013380342857100002,0.00035145908570997485,1
84,1772846758108,-0.00010090525713999862,-0.00013380342857100002,0.00035145908570997485,1
85,1772846758111,-0.00010090525713999862,-0.00013380342857100002,0.00035145908570997485,1
86,1772846758113,-3.460525713999858e-05,-4.0203428571000026e-05,0.0002344590857099411,1
87,1772846758116,-3.460525713999858e-05,-4.0203428571000026e-05,0.0002344590857099411,1
88,1772846758118,-3.460525713999858e-05,-4.0203428571000026e-05,0.0002344590857099411,1
89,1772846758120,-3.460525713999858e-05,-4.0203428571000026e-05,0.0002188590857099366,1
90,1772846758123,9.019474286000098e-05,6.899657142899997e-05,0.0002188590857099366,1
91,1772846758125,9.019474286000098e-05,6.899657142899997e-05,0.0002188590857099366,1
92,1772846758127,9.019474286000098e-05,6.899657142899997e-05,0.0002188590857099366,1
93,1772846758130,0.00016819474286000093,0.000150896571429,0.00025785908570994786,1
94,1772846758132,0.00016819474286000093,0.000150896571429,0.00025785908570994786,1
95,1772846758135,0.00016819474286000093,0.000150896571429,0.00025785908570994786,1
96,1772846758137,0.00021499474286000055,6.509657142899999e-05,0.00017595908570997975,1
97,1772846758140,0.00021499474286000055,6.509657142899999e-05,0.00017595908570997975,1
98,1772846758142,0.00021499474286000055,6.509657142899999e-05,0.00017595908570997975,1
99,1772846758145,0.00014479474286000112,-4.410342857100001e-05,0.00010965908571001614,1
100,1772846758148,0.00014479474286000112,-4.410342857100001e-05,0.00010965908571001614,1
101,1772846758150,0.00014479474286000112,-4.410342857100001e-05,0.00010965908571001614,1
102,1772846758152,0.00014479474286000112,-4.410342857100001e-05,0.00019155908570998425,1
103,1772846758155,0.00016819474286000093,5.339657142899997e-05,0.00019155908570998425,1
104,1772846758157,0.00016819474286000093,5.339657142899997e-05,0.00019155908570998425,1
105,1772846758159,0.00016819474286000093,5.339657142899997e-05,0.00019155908570998425,1
106,1772846758162,-6.190525713999952e-05,2.9996571428999945e-05,0.0002032590857099321,1
107,1772846758164,-6.190525713999952e-05,2.9996571428999945e-05,0.0002032590857099321,1
108,1772846758167,-6.190525713999952e-05,2.9996571428999945e-05,0.0002032590857099321,1
109,1772846758169,-7.305257139999383e-06,-3.630342857100004e-05,0.000121359085709964,1
110,1772846758172,-7.305257139999383e-06,-3.630342857100004e-05,0.000121359085709964,1
111,1772846758175,-7.305257139999383e-06,-3.630342857100004e-05,0.000121359085709964,1
112,1772846758177,-3.460525713999858e-05,0.00010019657142899997,0.00012525908571002064,1
113,1772846758179,-3.460525713999858e-05,0.00010019657142899997,0.00012525908571002064,1
114,1772846758182,-3.460525713999858e-05,0.00010019657142899997,0.00012525908571002064,1
115,1772846758184,-3.460525713999858e-05,0.00010019657142899997,0.00039825908570998835,1
116,1772846758186,6.289474286000005e-05,9.239657142899994e-05,0.00039825908570998835,1
117,1772846758189,6.289474286000005e-05,9.239657142899994e-05,0.00039825908570998835,1
118,1772846758191,6.289474286000005e-05,9.239657142899994e-05,0.00039825908570998835,1
119,1772846758194,-7.305257139999383e-06,4.5596571429e-05,0.0005347590857099722,1
120,1772846758196,-7.305257139999383e-06,4.5596571429e-05,0.0005347590857099722,1
121,1772846758198,-7.305257139999383e-06,4.5596571429e-05,0.0005347590857099722,1
122,1772846758201,8.239474286000047e-05,-9.090342857100001e-05,7.065908571000489e-05,1
123,1772846758203,8.239474286000047e-05,-9.090342857100001e-05,7.065908571000489e-05,1
124,1772846758206,8.239474286000047e-05,-9.090342857100001e-05,7.065908571000489e-05,1
0,1772846758219,-3.4052571399999926e-06,0.00014699657142899997,0.0003124590857099636,1
1,1772846758222,-3.4052571399999926e-06,0.00014699657142899997,0.0003124590857099636,1
2,1772846758224,-3.4052571399999926e-06,0.00014699657142899997,0.0005074590857100198,1
3,1772846758226,0.0001096947428600014,-1.2903428571000013e-05,0.0005074590857100198,1
4,1772846758229,0.0001096947428600014,-1.2903428571000013e-05,0.0005074590857100198,1
5,1772846758231,0.0001096947428600014,-1.2903428571000013e-05,0.0005074590857100198,1
6,1772846758233,-4.24052571399991e-05,0.00024839657142899994,0.0001993590857099865,1
7,1772846758242,-4.24052571399991e-05,0.00024839657142899994,0.0001993590857099865,1
8,1772846758245,5.119474286000014e-05,0.00012749657142899998,6.285908571000264e-05,1
9,1772846758252,7.069474286000056e-05,0.00031079657142899994,0.0002188590857099366,1
10,1772846758272,5.119474286000014e-05,-9.003428571000027e-06,0.0001642590857100319,1
11,1772846758275,-2.2905257139998678e-05,-9.003428571000027e-06,0.0001642590857100319,1
12,1772846758311,-2.2905257139998678e-05,-9.003428571000027e-06,0.0001642590857100319,1
13,1772846758337,8.294742859999912e-06,0.00010409657142899996,0.0005308590857100266,1
14,1772846758340,8.294742859999912e-06,0.00010409657142899996,0.0005308590857100266,1
15,1772846758342,8.294742859999912e-06,0.00010409657142899996,0.0005308590857100266,1
16,1772846758345,-0.00010480525713999975,3.3896571428999986e-05,0.00020715908570998875,1
17,1772846758348,-0.00010480525713999975,3.3896571428999986e-05,0.00020715908570998875,1
18,1772846758351,-0.00010480525713999975,3.3896571428999986e-05,0.00020715908570998875,1
19,1772846758354,-0.0001906052571400002,4.169657142899996e-05,0.00012525908571002064,1
20,1772846758356,-0.0001906052571400002,4.169657142899996e-05,0.00012525908571002064,1
21,1772846758359,-0.0001906052571400002,4.169657142899996e-05,0.00012525908571002064,1
22,1772846758361,-6.190525713999952e-05,0.00011579657142899997,0.0003943590857099317,1
23,1772846758363,-6.190525713999952e-05,0.00011579657142899997,0.0003943590857099317,1
24,1772846758366,-6.190525713999952e-05,0.00011579657142899997,0.0003943590857099317,1
25,1772846758368,-0.00012430525714000017,-2.4603428571000026e-05,0.0005035590857099632,1
26,1772846758371,-0.00012430525714000017,-2.4603428571000026e-05,0.0005035590857099632,1
27,1772846758373,-0.00012430525714000017,-2.4603428571000026e-05,0.0005035590857099632,1
28,1772846758375,-0.00012430525714000017,-2.4603428571000026e-05,0.0002500590857099456,1
29,1772846758378,-5.800525714000013e-05,1.4396571429e-05,0.0002500590857099456,1
30,1772846758380,-5.800525714000013e-05,1.4396571429e-05,0.0002500590857099456,1
31,1772846758382,-5.800525714000013e-05,1.4396571429e-05,0.0002500590857099456,1
32,1772846758385,-6.580525713999891e-05,6.119657142899994e-05,0.00028905908570995686,1
33,1772846758387,-6.580525713999891e-05,6.119657142899994e-05,0.00028905908570995686,1
34,1772846758390,-6.580525713999891e-05,6.119657142899994e-05,0.00028905908570995686,1
35,1772846758392,-5.4105257139999e-05,3.3896571428999986e-05,0.00016035908570997525,1
36,1772846758394,-5.4105257139999e-05,3.3896571428999986e-05,0.00016035908570997525,1
37,1772846758397,-5.4105257139999e-05,3.3896571428999986e-05,0.00016035908570997525,1
38,1772846758399,-5.4105257139999e-05,3.3896571428999986e-05,0.00016035908570997525,1
39,1772846758401,-0.00010090525713999862,-5.10342857100004e-06,7.845908571000714e-05,1
40,1772846758404,-0.00010090525713999862,-5.10342857100004e-06,7.845908571000714e-05,1
41,1772846758406,-0.00010090525713999862,-5.10342857100004e-06,7.845908571000714e-05,1
42,1772846758409,4.339474286000136e-05,0.00014309657142899993,0.0001681590857099775,1
43,1772846758411,4.339474286000136e-05,0.00014309657142899993,0.0001681590857099775,1
44,1772846758413,4.339474286000136e-05,0.00014309657142899993,0.0001681590857099775,1
45,1772846758416,4.947428600011322e-07,-8.700342857100003e-05,0.00022275908570999325,1
46,1772846758418,4.947428600011322e-07,-8.700342857100003e-05,0.00022275908570999325,1
47,1772846758420,4.947428600011322e-07,-8.700342857100003e-05,0.00022275908570999325,1
48,1772846758423,4.947428600011322e-07,-8.700342857100003e-05,0.00022275908570999325,1
49,1772846758425,-6.190525713999952e-05,-9.003428571000027e-06,0.0002656590857099501,1
50,1772846758428,-6.190525713999952e-05,-9.003428571000027e-06,0.0002656590857099501,1
51,1772846758430,-6.190525713999952e-05,-9.003428571000027e-06,0.0002656590857099501,1
52,1772846758432,0.0002578947428600008,-1.203428571000054e-06,0.00025785908570994786,1
53,1772846758435,0.0002578947428600008,-1.203428571000054e-06,0.00025785908570994786,1
54,1772846758437,0.0002578947428600008,-1.203428571000054e-06,0.00025785908570994786,1
55,1772846758440,3.169474285999972e-05,6.119657142899994e-05,9.0159085709955e-05,1
56,1772846758443,3.169474285999972e-05,6.119657142899994e-05,9.0159085709955e-05,1
57,1772846758445,3.169474285999972e-05,6.119657142899994e-05,9.0159085709955e-05,1
58,1772846758448,8.294742859999912e-06,-2.070342857100004e-05,-0.0002296409142900262,1
59,1772846758450,8.294742859999912e-06,-2.070342857100004e-05,-0.0002296409142900262,1
60,1772846758452,8.294742859999912e-06,-2.070342857100004e-05,-0.0002296409142900262,1
61,1772846758455,8.294742859999912e-06,-2.070342857100004e-05,-0.0002296409142900262,1
62,1772846758457,9.409474286000037e-05,0.000306896571429,0.00020715908570998875,1
63,1772846758460,9.409474286000037e-05,0.000306896571429,0.00020715908570998875,1
64,1772846758462,9.409474286000037e-05,0.000306896571429,0.00020715908570998875,1
65,1772846758464,-5.800525714000013e-05,-4.410342857100001e-05,0.001088559085710021,1
66,1772846758467,-5.800525714000013e-05,-4.410342857100001e-05,0.001088559085710021,1
67,1772846758469,-5.800525714000013e-05,-4.410342857100001e-05,0.001088559085710021,1
68,1772846758471,-5.800525714000013e-05,-0.00015720342857100002,5.1159085709943757e-05,1
69,1772846758474,-6.970525714000003e-05,-0.00015720342857100002,5.1159085709943757e-05,1
70,1772846758476,-6.970525714000003e-05,-0.00015720342857100002,5.1159085709943757e-05,1
71,1772846758478,-6.970525714000003e-05,-0.00015720342857100002,5.1159085709943757e-05,1
72,1772846758481,0.00020719474286000003,-7.140342857100003e-05,-6.584091428997896e-05,1
73,1772846758483,0.00020719474286000003,-7.140342857100003e-05,-6.584091428997896e-05,1
74,1772846758486,0.00020719474286000003,-7.140342857100003e-05,-6.584091428997896e-05,1
75,1772846758488,0.0001486947428600005,9.239657142899994e-05,0.00044895908570994746,1
76,1772846758490,0.0001486947428600005,9.239657142899994e-05,0.00044895908570994746,1
77,1772846758493,0.0001486947428600005,9.239657142899994e-05,0.00044895908570994746,1
78,1772846758495,0.0001486947428600005,9.239657142899994e-05,0.00030465908570996136,1
79,1772846758497,-0.00010090525713999862,4.9496571428999986e-05,0.00030465908570996136,1
80,1772846758500,-0.00010090525713999862,4.9496571428999986e-05,0.00030465908570996136,1
81,1772846758502,-0.00010090525713999862,4.9496571428999986e-05,0.00030465908570996136,1
82,1772846758505,6.289474286000005e-05,8.459657142899997e-05,0.00014085908571002514,1
83,1772846758507,6.289474286000005e-05,8.459657142899997e-05,0.00014085908571002514,1
84,1772846758509,6.289474286000005e-05,8.459657142899997e-05,0.00014085908571002514,1
85,1772846758512,-0.00014380525713999885,6.509657142899999e-05,0.00012915908570996625,1
86,1772846758514,-0.00014380525713999885,6.509657142899999e-05,0.00012915908570996625,1
87,1772846758516,-0.00014380525713999885,6.509657142899999e-05,0.00012915908570996625,1
88,1772846758519,-0.00014380525713999885,6.509657142899999e-05,0.00027345908570995236,1
89,1772846758521,-4.630525714000022e-05,4.5596571429e-05,0.00027345908570995236,1
90,1772846758524,-4.630525714000022e-05,4.5596571429e-05,0.00027345908570995236,1
91,1772846758526,-4.630525714000022e-05,4.5596571429e-05,0.00027345908570995236,1
92,1772846758529,-9.310525713999984e-05,-6.750342857100004e-05,0.00024225908570994336,1
93,1772846758532,-9.310525713999984e-05,-6.750342857100004e-05,0.00024225908570994336,1
94,1772846758534,-9.310525713999984e-05,-6.750342857100004e-05,0.00024225908570994336,1
95,1772846758537,6.289474286000005e-05,1.4396571429e-05,0.00022275908570999325,1
96,1772846758539,6.289474286000005e-05,1.4396571429e-05,0.00022275908570999325,1
97,1772846758541,6.289474286000005e-05,1.4396571429e-05,0.00022275908570999325,1
98,1772846758544,9.019474286000098e-05,0.00010409657142899996,6.675908570994826e-05,1
99,1772846758546,9.019474286000098e-05,0.00010409657142899996,6.675908570994826e-05,1
100,1772846758548,9.019474286000098e-05,0.00010409657142899996,6.675908570994826e-05,1
101,1772846758551,9.019474286000098e-05,0.00010409657142899996,-6.584091428997896e-05,1
102,1772846758553,0.0001252947428600007,5.339657142899997e-05,-6.584091428997896e-05,1
103,1772846758556,0.0001252947428600007,5.339657142899997e-05,-6.584091428997896e-05,1
104,1772846758558,0.0001252947428600007,5.339657142899997e-05,-6.584091428997896e-05,1
105,1772846758560,1.6094742860000427e-05,5.339657142899997e-05,0.0006127590857099947,1
106,1772846758563,1.6094742860000427e-05,5.339657142899997e-05,0.0006127590857099947,1
107,1772846758565,1.6094742860000427e-05,5.339657142899997e-05,0.0006127590857099947,1
108,1772846758567,-8.920525713999872e-05,-2.4603428571000026e-05,0.00027345908570995236,1
109,1772846758570,-8.920525713999872e-05,-2.4603428571000026e-05,0.00027345908570995236,1
110,1772846758572,-8.920525713999872e-05,-2.4603428571000026e-05,0.00027345908570995236,1
111,1772846758575,-8.920525713999872e-05,-2.4603428571000026e-05,0.00027345908570995236,1
112,1772846758577,0.00017209474286000032,-2.4603428571000026e-05,0.00022275908570999325,1
113,1772846758579,0.00017209474286000032,-2.4603428571000026e-05,0.00022275908570999325,1
114,1772846758582,0.00017209474286000032,-2.4603428571000026e-05,0.00022275908570999325,1
115,1772846758584,8.294742859999912e-06,8.459657142899997e-05,0.00020715908570998875,1
116,1772846758586,8.294742859999912e-06,8.459657142899997e-05,0.00020715908570998875,1
117,1772846758589,8.294742859999912e-06,8.459657142899997e-05,0.00020715908570998875,1
118,1772846758591,-5.020525713999961e-05,-0.00014160342857100002,0.00036315908571003374,1
119,1772846758594,-5.020525713999961e-05,-0.00014160342857100002,0.00036315908571003374,1
120,1772846758596,-5.020525713999961e-05,-0.00014160342857100002,0.00036315908571003374,1
121,1772846758598,-5.020525713999961e-05,-0.00014160342857100002,0.00036315908571003374,1
122,1772846758601,0.00010189474286000089,-6.750342857100004e-05,0.0005737590857099835,1
123,1772846758603,0.00010189474286000089,-6.750342857100004e-05,0.0005737590857099835,1
124,1772846758606,0.00010189474286000089,-6.750342857100004e-05,0.0005737590857099835,1
0,1772846758624,-3.070525713999919e-05,-5.970342857100001e-05,0.000152559085709973,1
1,1772846758626,-3.070525713999919e-05,-5.970342857100001e-05,0.000152559085709973,1
2,1772846758628,-3.070525713999919e-05,-5.970342857100001e-05,0.000152559085709973,1
3,1772846758631,-3.070525713999919e-05,-5.970342857100001e-05,0.00052695908570997,1
4,1772846758633,-8.530525713999933e-05,-5.970342857100001e-05,0.00052695908570997,1
5,1772846758635,-8.530525713999933e-05,-5.970342857100001e-05,0.00052695908570997,1
6,1772846758666,4.394742860000522e-06,-0.00010260342857100003,0.00015645908571002964,1
7,1772846758668,4.394742860000522e-06,-0.00010260342857100003,0.00015645908571002964,1
8,1772846758696,7.069474286000056e-05,0.00013139657142899997,0.0004099590857099362,1
9,1772846758704,3.949474286000024e-05,0.00010409657142899996,0.000339759085710027,1
10,1772846758715,0.00010579474286000028,-1.203428571000054e-06,0.00017595908570997975,1
11,1772846758732,-7.305257139999383e-06,4.5596571429e-05,0.0002968590857099591,1
12,1772846758734,-7.305257139999383e-06,4.5596571429e-05,0.00012525908571002064,1
13,1772846758737,9.409474286000037e-05,-1.2903428571000013e-05,0.00012525908571002064,1
14,1772846758739,9.409474286000037e-05,-1.2903428571000013e-05,0.00012525908571002064,1
15,1772846758741,9.409474286000037e-05,-1.2903428571000013e-05,0.00012525908571002064,1
16,1772846758744,4.947428600011322e-07,-5.10342857100004e-06,-5.8040914289976715e-05,1
17,1772846758746,4.947428600011322e-07,-5.10342857100004e-06,-5.8040914289976715e-05,1
18,1772846758748,4.947428600011322e-07,-5.10342857100004e-06,-5.8040914289976715e-05,1
19,1772846758751,-6.970525714000003e-05,8.849657142899996e-05,0.0001486590857100274,1
20,1772846758753,-6.970525714000003e-05,8.849657142899996e-05,0.0001486590857100274,1
21,1772846758756,-6.970525714000003e-05,8.849657142899996e-05,0.0001486590857100274,1
22,1772846758758,-6.970525714000003e-05,8.849657142899996e-05,0.000370959085710036,1
23,1772846758760,1.2194742860001037e-05,0.0002990965714289999,0.000370959085710036,1
24,1772846758763,1.2194742860001037e-05,0.0002990965714289999,0.000370959085710036,1
25,1772846758765,1.2194742860001037e-05,0.0002990965714289999,0.000370959085710036,1
26,1772846758767,-6.580525713999891e-05,-3.2403428571000053e-05,0.0007102590857099673,1
27,1772846758770,-6.580525713999891e-05,-3.2403428571000053e-05,0.0007102590857099673,1
28,1772846758772,-6.580525713999891e-05,-3.2403428571000053e-05,0.0007102590857099673,1
29,1772846758775,-4.24052571399991e-05,-0.00012990342857100004,4.359085709930259e-06,1
30,1772846758777,-4.24052571399991e-05,-0.00012990342857100004,4.359085709930259e-06,1
31,1772846758779,-4.24052571399991e-05,-0.00012990342857100004,4.359085709930259e-06,1
32,1772846758782,-4.24052571399991e-05,-0.00012990342857100004,4.359085709930259e-06,1
33,1772846758784,0.00018769474286000135,-9.003428571000027e-06,-2.6840914289967717e-05,1
34,1772846758786,0.00018769474286000135,-9.003428571000027e-06,-2.6840914289967717e-05,1
35,1772846758789,0.00018769474286000135,-9.003428571000027e-06,-2.6840914289967717e-05,1
36,1772846758791,-0.00013600525714000007,0.000170396571429,0.00021105908570993436,1
37,1772846758794,-0.00013600525714000007,0.000170396571429,0.00021105908570993436,1
38,1772846758796,-0.00013600525714000007,0.000170396571429,0.00021105908570993436,1
39,1772846758799,-0.00013990525713999946,3.779657142899997e-05,3.945908570999589e-05,1
40,1772846758801,-0.00013990525713999946,3.779657142899997e-05,3.945908570999589e-05,1
41,1772846758804,-0.00013990525713999946,3.779657142899997e-05,3.945908570999589e-05,1
42,1772846758806,4.394742860000522e-06,-0.00014550342857100004,0.0004684590857100086,1
43,1772846758809,4.394742860000522e-06,-0.00014550342857100004,0.0004684590857100086,1
44,1772846758811,4.394742860000522e-06,-0.00014550342857100004,0.0004684590857100086,1
45,1772846758814,4.394742860000522e-06,-0.00014550342857100004,0.0004684590857100086,1
46,1772846758816,-7.305257139999383e-06,-7.140342857100003e-05,0.0002617590857100045,1
47,1772846758818,-7.305257139999383e-06,-7.140342857100003e-05,0.0002617590857100045,1
48,1772846758821,-7.305257139999383e-06,-7.140342857100003e-05,0.0002617590857100045,1
49,1772846758823,-0.00011650525713999965,1.4396571429e-05,0.0001876590857099276,1
50,1772846758826,-0.00011650525713999965,1.4396571429e-05,0.0001876590857099276,1
51,1772846758828,-0.00011650525713999965,1.4396571429e-05,0.0001876590857099276,1
52,1772846758830,8.629474285999986e-05,-0.00010650342857100001,0.00035145908570997485,1
53,1772846758833,8.629474285999986e-05,-0.00010650342857100001,0.00035145908570997485,1
54,1772846758835,8.629474285999986e-05,-0.00010650342857100001,0.00035145908570997485,1
55,1772846758837,8.629474285999986e-05,-0.00010650342857100001,0.00035145908570997485,1
56,1772846758840,3.559474286000085e-05,3.3896571428999986e-05,0.00011745908571001839,1
57,1772846758842,3.559474286000085e-05,3.3896571428999986e-05,0.00011745908571001839,1
58,1772846758844,3.559474286000085e-05,3.3896571428999986e-05,0.00011745908571001839,1
59,1772846758847,0.0001525947428599999,8.069657142899999e-05,0.00017985908571003639,1
60,1772846758849,0.0001525947428599999,8.069657142899999e-05,0.00017985908571003639,1
61,1772846758852,0.0001525947428599999,8.069657142899999e-05,0.00017985908571003639,1
62,1772846758854,0.0001525947428599999,4.5596571429e-05,0.000277359085710009,1
63,1772846758856,0.00012919474286000009,4.5596571429e-05,0.000277359085710009,1
64,1772846758859,0.00012919474286000009,4.5596571429e-05,0.000277359085710009,1
65,1772846758861,0.00012919474286000009,4.5596571429e-05,0.000277359085710009,1
66,1772846758863,-4.630525714000022e-05,0.00010409657142899996,0.00021105908570993436,1
67,1772846758866,-4.630525714000022e-05,0.00010409657142899996,0.00021105908570993436,1
68,1772846758868,-4.630525714000022e-05,0.00010409657142899996,0.00021105908570993436,1
69,1772846758871,-7.305257139999383e-06,8.849657142899996e-05,0.0002305590857099955,1
70,1772846758873,-7.305257139999383e-06,8.849657142899996e-05,0.0002305590857099955,1
71,1772846758875,-7.305257139999383e-06,8.849657142899996e-05,0.0002305590857099955,1
72,1772846758878,-7.305257139999383e-06,8.849657142899996e-05,0.00030075908571001574,1
73,1772846758880,-0.00014380525713999885,-1.6803428571e-05,0.00030075908571001574,1
74,1772846758883,-0.00014380525713999885,-1.6803428571e-05,0.00030075908571001574,1
75,1772846758885,-0.00014380525713999885,-1.6803428571e-05,0.00030075908571001574,1
76,1772846758888,2.7794742860000332e-05,-2.4603428571000026e-05,0.00024615908571,1
77,1772846758891,2.7794742860000332e-05,-2.4603428571000026e-05,0.00024615908571,1
78,1772846758893,2.7794742860000332e-05,-2.4603428571000026e-05,0.00024615908571,1
79,1772846758896,3.949474286000024e-05,-5.5803428571000026e-05,0.00010965908571001614,1
80,1772846758898,3.949474286000024e-05,-5.5803428571000026e-05,0.00010965908571001614,1
81,1772846758900,3.949474286000024e-05,-5.5803428571000026e-05,0.00010965908571001614,1
82,1772846758903,-0.00014770525713999998,-3.2403428571000053e-05,0.0001681590857099775,1
83,1772846758905,-0.00014770525713999998,-3.2403428571000053e-05,0.0001681590857099775,1
84,1772846758907,-0.00014770525713999998,-3.2403428571000053e-05,0.0001681590857099775,1
85,1772846758910,-0.00014770525713999998,-0.00016110342857100004,0.0001330590857100229,1
86,1772846758912,-8.140525713999994e-05,-0.00016110342857100004,0.0001330590857100229,1
87,1772846758915,-8.140525713999994e-05,-0.00016110342857100004,0.0001330590857100229,1
88,1772846758917,-8.140525713999994e-05,-0.00016110342857100004,0.0001330590857100229,1
89,1772846758919,-0.00030370525713999987,3.3896571428999986e-05,4.359085709930259e-06,1
90,1772846758922,-0.00030370525713999987,3.3896571428999986e-05,4.359085709930259e-06,1
91,1772846758924,-0.00030370525713999987,3.3896571428999986e-05,4.359085709930259e-06,1
92,1772846758926,-3.4052571399999926e-06,0.00011189657142899998,-7.754091429003785e-05,1
93,1772846758929,-3.4052571399999926e-06,0.00011189657142899998,-7.754091429003785e-05,1
94,1772846758931,-3.4052571399999926e-06,0.00011189657142899998,-7.754091429003785e-05,1
95,1772846758934,-3.4052571399999926e-06,0.00011189657142899998,0.0002344590857099411,1
96,1772846758936,7.459474285999995e-05,-3.2403428571000053e-05,0.0002344590857099411,1
97,1772846758938,7.459474285999995e-05,-3.2403428571000053e-05,0.0002344590857099411,1
98,1772846758941,7.459474285999995e-05,-3.2403428571000053e-05,0.0002344590857099411,1
99,1772846758943,-5.4105257139999e-05,5.339657142899997e-05,0.00030075908571001574,1
100,1772846758946,-5.4105257139999e-05,5.339657142899997e-05,0.00030075908571001574,1
101,1772846758948,-5.4105257139999e-05,5.339657142899997e-05,0.00030075908571001574,1
102,1772846758950,9.019474286000098e-05,0.000139196571429,0.000214959085709991,1
103,1772846758953,9.019474286000098e-05,0.000139196571429,0.000214959085709991,1
104,1772846758955,9.019474286000098e-05,0.000139196571429,0.000214959085709991,1
105,1772846758957,9.019474286000098e-05,0.000139196571429,0.0003241590857100225,1
106,1772846758960,1.9994742859999817e-05,5.339657142899997e-05,0.0003241590857100225,1
107,1772846758962,1.9994742859999817e-05,5.339657142899997e-05,0.0003241590857100225,1
108,1772846758964,1.9994742859999817e-05,5.339657142899997e-05,0.0003241590857100225,1
109,1772846758967,4.394742860000522e-06,-6.750342857100004e-05,0.0001369590857099685,1
110,1772846758969,4.394742860000522e-06,-6.750342857100004e-05,0.0001369590857099685,1
111,1772846758972,4.394742860000522e-06,-6.750342857100004e-05,0.0001369590857099685,1
112,1772846758975,4.729474286000075e-05,-0.000122103428571,3.945908570999589e-05,1
113,1772846758977,4.729474286000075e-05,-0.000122103428571,3.945908570999589e-05,1
114,1772846758980,4.729474286000075e-05,-0.000122103428571,3.945908570999589e-05,1
115,1772846758983,0.00019939474286000125,-2.8503428571000013e-05,0.00027345908570995236,1
116,1772846758985,0.00019939474286000125,-2.8503428571000013e-05,0.00027345908570995236,1
117,1772846758988,0.00019939474286000125,-2.8503428571000013e-05,0.00027345908570995236,1
118,1772846758990,6.679474286000117e-05,4.9496571428999986e-05,0.0003124590857099636,1
119,1772846758993,6.679474286000117e-05,4.9496571428999986e-05,0.0003124590857099636,1
120,1772846758995,6.679474286000117e-05,4.9496571428999986e-05,0.0003124590857099636,1
121,1772846758997,6.679474286000117e-05,4.9496571428999986e-05,0.0004840590857100131,1
122,1772846759000,-1.9005257139999288e-05,-7.140342857100003e-05,0.0004840590857100131,1
123,1772846759002,-1.9005257139999288e-05,-7.140342857100003e-05,0.0004840590857100131,1
124,1772846759005,-1.9005257139999288e-05,-7.140342857100003e-05,0.0004840590857100131,1
0,1772846759018,-3.4052571399999926e-06,7.289657142899996e-05,0.00014085908571002514,1
1,1772846759021,-3.4052571399999926e-06,7.289657142899996e-05,0.00014085908571002514,1
2,1772846759023,3.949474286000024e-05,-6.360342857100005e-05,0.00052695908570997,1
3,1772846759025,3.949474286000024e-05,-6.360342857100005e-05,0.00052695908570997,1
4,1772846759028,3.949474286000024e-05,-6.360342857100005e-05,0.00052695908570997,1
5,1772846759030,7.849474286000108e-05,-3.2403428571000053e-05,0.0002929590857100135,1
6,1772846759032,7.849474286000108e-05,-3.2403428571000053e-05,0.0002929590857100135,1
7,1772846759035,7.849474286000108e-05,-3.2403428571000053e-05,0.0002929590857100135,1
8,1772846759037,7.849474286000108e-05,-3.2403428571000053e-05,0.000152559085709973,1
9,1772846759040,-0.0003661052571399988,8.069657142899999e-05,0.000152559085709973,1
10,1772846759042,-0.0003661052571399988,8.069657142899999e-05,0.000152559085709973,1
11,1772846759044,-0.0003661052571399988,8.069657142899999e-05,0.000152559085709973,1
12,1772846759047,-0.00014770525713999998,0.00020549657142899993,0.00019155908570998425,1
13,1772846759074,-0.00014770525713999998,0.00020549657142899993,0.00019155908570998425,1
14,1772846759076,-1.1205257139998773e-05,-1.6803428571e-05,0.0003436590857099726,1
15,1772846759078,-5.4105257139999e-05,8.849657142899996e-05,0.00022665908570993886,1
16,1772846759101,-5.4105257139999e-05,8.849657142899996e-05,0.00022665908570993886,1
17,1772846759131,-7.750525713999881e-05,-6.750342857100004e-05,0.0002305590857099955,1
18,1772846759134,9.799474285999976e-05,-1.203428571000054e-06,-7.340914290017604e-06,1
19,1772846759136,9.799474285999976e-05,-1.203428571000054e-06,-7.340914290017604e-06,1
20,1772846759139,9.799474285999976e-05,-1.203428571000054e-06,-7.340914290017604e-06,1
21,1772846759141,9.799474285999976e-05,5.339657142899997e-05,0.0003124590857099636,1
22,1772846759143,0.00021109474286000116,5.339657142899997e-05,0.0003124590857099636,1
23,1772846759146,0.00021109474286000116,5.339657142899997e-05,0.0003124590857099636,1
24,1772846759148,0.00021109474286000116,5.339657142899997e-05,0.0003124590857099636,1
25,1772846759150,-4.630525714000022e-05,-2.8503428571000013e-05,0.000682959085710015,1
26,1772846759153,-4.630525714000022e-05,-2.8503428571000013e-05,0.000682959085710015,1
27,1772846759155,-4.630525714000022e-05,-2.8503428571000013e-05,0.000682959085710015,1
28,1772846759157,8.239474286000047e-05,-3.2403428571000053e-05,0.00019155908570998425,1
29,1772846759160,8.239474286000047e-05,-3.2403428571000053e-05,0.00019155908570998425,1
30,1772846759162,8.239474286000047e-05,-3.2403428571000053e-05,0.00019155908570998425,1
31,1772846759165,8.239474286000047e-05,-3.2403428571000053e-05,0.0002929590857100135,1
32,1772846759167,6.289474286000005e-05,-5.970342857100001e-05,0.0002929590857100135,1
33,1772846759169,6.289474286000005e-05,-5.970342857100001e-05,0.0002929590857100135,1
34,1772846759172,6.289474286000005e-05,-5.970342857100001e-05,0.0002929590857100135,1
35,1772846759174,4.729474286000075e-05,-5.190342857100004e-05,0.0004255590857099407,1
36,1772846759176,4.729474286000075e-05,-5.190342857100004e-05,0.0004255590857099407,1
37,1772846759179,4.729474286000075e-05,-5.190342857100004e-05,0.0004255590857099407,1
38,1772846759181,-1.1205257139998773e-05,-0.00019230342857100004,0.0004255590857099407,1
39,1772846759184,-1.1205257139998773e-05,-0.00019230342857100004,0.0004255590857099407,1
40,1772846759186,-1.1205257139998773e-05,-0.00019230342857100004,0.0004255590857099407,1
41,1772846759192,4.947428600011322e-07,-0.00014550342857100004,0.0003241590857100225,1
42,1772846759194,4.947428600011322e-07,-0.00014550342857100004,0.0003241590857100225,1
43,1772846759197,4.947428600011322e-07,-0.00014550342857100004,0.0004255590857099407,1
44,1772846759199,-0.00010090525713999862,2.6965714289999866e-06,0.0004255590857099407,1
45,1772846759201,-0.00010090525713999862,2.6965714289999866e-06,0.0004255590857099407,1
46,1772846759204,-0.00010090525713999862,2.6965714289999866e-06,0.0004255590857099407,1
47,1772846759206,-2.2905257139998678e-05,1.8296571428999986e-05,0.0004918590857100153,1
48,1772846759208,-2.2905257139998678e-05,1.8296571428999986e-05,0.0004918590857100153,1
49,1772846759211,-2.2905257139998678e-05,1.8296571428999986e-05,0.0004918590857100153,1
50,1772846759213,-7.750525713999881e-05,0.00020939657142899997,0.00012525908571002064,1
51,1772846759216,-7.750525713999881e-05,0.00020939657142899997,0.00012525908571002064,1
52,1772846759218,-7.750525713999881e-05,0.00020939657142899997,0.00012525908571002064,1
53,1772846759220,-7.750525713999881e-05,0.00020939657142899997,0.00033195908571002474,1
54,1772846759223,0.00010189474286000089,0.00017819657142899997,0.00033195908571002474,1
55,1772846759225,0.00010189474286000089,0.00017819657142899997,0.00033195908571002474,1
56,1772846759228,0.00010189474286000089,0.00017819657142899997,0.00033195908571002474,1
57,1772846759230,0.0001213947428600013,0.00016649657142899996,0.0002032590857099321,1
58,1772846759232,0.0001213947428600013,0.00016649657142899996,0.0002032590857099321,1
59,1772846759235,0.0001213947428600013,0.00016649657142899996,0.0002032590857099321,1
60,1772846759237,5.119474286000014e-05,2.609657142899996e-05,0.00031635908571002024,1
61,1772846759239,5.119474286000014e-05,2.609657142899996e-05,0.00031635908571002024,1
62,1772846759242,5.119474286000014e-05,2.609657142899996e-05,0.00031635908571002024,1
63,1772846759244,5.119474286000014e-05,2.609657142899996e-05,0.00031635908571002024,1
64,1772846759246,3.949474286000024e-05,2.6965714289999866e-06,7.065908571000489e-05,1
65,1772846759249,3.949474286000024e-05,2.6965714289999866e-06,7.065908571000489e-05,1
66,1772846759251,3.949474286000024e-05,2.6965714289999866e-06,7.065908571000489e-05,1
67,1772846759254,9.799474285999976e-05,-0.000122103428571,0.00023835908570999775,1
68,1772846759256,9.799474285999976e-05,-0.000122103428571,0.00023835908570999775,1
69,1772846759258,9.799474285999976e-05,-0.000122103428571,0.00023835908570999775,1
70,1772846759261,9.799474285999976e-05,-5.5803428571000026e-05,0.00028905908570995686,1
71,1772846759263,-8.530525713999933e-05,-5.5803428571000026e-05,0.00028905908570995686,1
72,1772846759265,-8.530525713999933e-05,-5.5803428571000026e-05,0.00028905908570995686,1
73,1772846759268,-8.530525713999933e-05,-5.5803428571000026e-05,0.00028905908570995686,1
74,1772846759270,-2.2905257139998678e-05,-0.00011430342857100004,0.00044895908570994746,1
75,1772846759273,-2.2905257139998678e-05,-0.00011430342857100004,0.00044895908570994746,1
76,1772846759275,-2.2905257139998678e-05,-0.00011430342857100004,0.00044895908570994746,1
77,1772846759277,-4.24052571399991e-05,4.9496571428999986e-05,0.0001369590857099685,1
78,1772846759280,-4.24052571399991e-05,4.9496571428999986e-05,0.0001369590857099685,1
79,1772846759282,-4.24052571399991e-05,4.9496571428999986e-05,0.0001369590857099685,1
80,1772846759284,-4.24052571399991e-05,7.289657142899996e-05,0.00016035908570997525,1
81,1772846759287,6.679474286000117e-05,7.289657142899996e-05,0.00016035908570997525,1
82,1772846759289,6.679474286000117e-05,7.289657142899996e-05,0.00016035908570997525,1
83,1772846759292,6.679474286000117e-05,7.289657142899996e-05,0.00016035908570997525,1
84,1772846759294,0.00010579474286000028,1.4396571429e-05,6.675908570994826e-05,1
85,1772846759296,0.00010579474286000028,1.4396571429e-05,6.675908570994826e-05,1
86,1772846759299,0.00010579474286000028,1.4396571429e-05,6.675908570994826e-05,1
87,1772846759301,-5.4105257139999e-05,0.00012359657142899994,0.0001642590857100319,1
88,1772846759303,-5.4105257139999e-05,0.00012359657142899994,0.0001642590857100319,1
89,1772846759306,-5.4105257139999e-05,0.00012359657142899994,0.0001642590857100319,1
90,1772846759308,-5.4105257139999e-05,0.00012359657142899994,0.00039825908570998835,1
91,1772846759310,2.3894742860000942e-05,6.119657142899994e-05,0.00039825908570998835,1
92,1772846759313,2.3894742860000942e-05,6.119657142899994e-05,0.00039825908570998835,1
93,1772846759315,2.3894742860000942e-05,6.119657142899994e-05,0.00039825908570998835,1
94,1772846759318,0.0001330947428600012,7.289657142899996e-05,0.000308559085710018,1
95,1772846759320,0.0001330947428600012,7.289657142899996e-05,0.000308559085710018,1
96,1772846759322,0.0001330947428600012,7.289657142899996e-05,0.000308559085710018,1
97,1772846759325,0.00010189474286000089,-8.700342857100003e-05,0.00027345908570995236,1
98,1772846759327,0.00010189474286000089,-8.700342857100003e-05,0.00027345908570995236,1
99,1772846759329,0.00010189474286000089,-8.700342857100003e-05,0.00027345908570995236,1
100,1772846759332,0.00010189474286000089,-8.700342857100003e-05,0.00027345908570995236,1
101,1772846759334,-5.800525714000013e-05,4.9496571428999986e-05,0.00024615908571,1
102,1772846759337,-5.800525714000013e-05,4.9496571428999986e-05,0.00024615908571,1
103,1772846759339,-5.800525714000013e-05,4.9496571428999986e-05,0.00024615908571,1
104,1772846759342,2.7794742860000332e-05,-1.2903428571000013e-05,0.00046065908571000635,1
105,1772846759344,2.7794742860000332e-05,-1.2903428571000013e-05,0.00046065908571000635,1
106,1772846759347,2.7794742860000332e-05,-1.2903428571000013e-05,0.00046065908571000635,1
107,1772846759349,0.00016819474286000093,1.049657142899996e-05,0.0003241590857100225,1
108,1772846759351,0.00016819474286000093,1.049657142899996e-05,0.0003241590857100225,1
109,1772846759354,0.00016819474286000093,1.049657142899996e-05,0.0003241590857100225,1
110,1772846759356,0.00016819474286000093,1.049657142899996e-05,0.00017985908571003639,1
111,1772846759358,3.169474285999972e-05,-0.00010260342857100003,0.00017985908571003639,1
112,1772846759361,3.169474285999972e-05,-0.00010260342857100003,0.00017985908571003639,1
113,1772846759363,3.169474285999972e-05,-0.00010260342857100003,0.00017985908571003639,1
114,1772846759366,0.0001252947428600007,2.9996571428999945e-05,0.0004255590857099407,1
115,1772846759368,0.0001252947428600007,2.9996571428999945e-05,0.0004255590857099407,1
116,1772846759370,0.0001252947428600007,2.9996571428999945e-05,0.0004255590857099407,1
117,1772846759373,-1.9005257139999288e-05,-5.5803428571000026e-05,0.000308559085710018,1
118,1772846759375,-1.9005257139999288e-05,-5.5803428571000026e-05,0.000308559085710018,1
119,1772846759377,-1.9005257139999288e-05,-5.5803428571000026e-05,0.000308559085710018,1
120,1772846759380,-1.9005257139999288e-05,-5.5803428571000026e-05,0.0002968590857099591,1
121,1772846759382,-8.140525713999994e-05,4.169657142899996e-05,0.0002968590857099591,1
122,1772846759385,-8.140525713999994e-05,4.169657142899996e-05,0.0002968590857099591,1
123,1772846759387,-8.140525713999994e-05,4.169657142899996e-05,0.0002968590857099591,1
124,1772846759389,3.169474285999972e-05,4.9496571428999986e-05,0.00038265908570998385,1
0,1772846759403,0.0001486947428600005,-5.5803428571000026e-05,0.0003124590857099636,1
1,1772846759405,-1.5105257139999897e-05,-1.203428571000054e-06,0.00022665908570993886,1
2,1772846759408,-1.5105257139999897e-05,-1.203428571000054e-06,0.00022665908570993886,1
3,1772846759410,-1.5105257139999897e-05,-1.203428571000054e-06,0.00022665908570993886,1
4,1772846759412,8.294742859999912e-06,-0.00011820342857100002,0.00030075908571001574,1
5,1772846759415,8.294742859999912e-06,-0.00011820342857100002,0.00030075908571001574,1
6,1772846759417,8.294742859999912e-06,-0.00011820342857100002,0.00030075908571001574,1
7,1772846759420,8.294742859999912e-06,-0.00011820342857100002,0.00010185908571001389,1
8,1772846759422,4.729474286000075e-05,-2.4603428571000026e-05,0.00010185908571001389,1
9,1772846759424,4.729474286000075e-05,-2.4603428571000026e-05,0.00010185908571001389,1
10,1772846759427,4.729474286000075e-05,-2.4603428571000026e-05,0.00010185908571001389,1
11,1772846759429,-0.00010480525713999975,4.5596571429e-05,0.00028515908571001124,1
12,1772846759439,-0.00010480525713999975,4.5596571429e-05,0.00028515908571001124,1
13,1772846759462,2.3894742860000942e-05,3.779657142899997e-05,0.00020715908570998875,1
14,1772846759464,2.3894742860000942e-05,3.779657142899997e-05,0.00020715908570998875,1
15,1772846759491,2.7794742860000332e-05,1.049657142899996e-05,0.00026955908571000674,1
16,1772846759527,-0.00015550525713999876,-0.00010260342857100003,0.00019545908570992986,1
17,1772846759530,-0.00015550525713999876,-0.00010260342857100003,0.00019545908570992986,1
18,1772846759532,-1.9005257139999288e-05,-0.000122103428571,4.725908570999814e-05,1
19,1772846759534,-1.9005257139999288e-05,-0.000122103428571,4.725908570999814e-05,1
20,1772846759537,-1.9005257139999288e-05,-0.000122103428571,4.725908570999814e-05,1
21,1772846759539,-1.9005257139999288e-05,-0.000122103428571,4.725908570999814e-05,1
22,1772846759541,-4.630525714000022e-05,3.779657142899997e-05,0.0003553590857100315,1
23,1772846759544,-4.630525714000022e-05,3.779657142899997e-05,0.0003553590857100315,1
24,1772846759546,-4.630525714000022e-05,3.779657142899997e-05,0.0003553590857100315,1
25,1772846759549,-2.2905257139998678e-05,-9.003428571000027e-06,0.0004918590857100153,1
26,1772846759551,-2.2905257139998678e-05,-9.003428571000027e-06,0.0004918590857100153,1
27,1772846759553,-2.2905257139998678e-05,-9.003428571000027e-06,0.0004918590857100153,1
28,1772846759556,-1.5105257139999897e-05,4.5596571429e-05,0.00041385908570999285,1
29,1772846759558,-1.5105257139999897e-05,4.5596571429e-05,0.00041385908570999285,1
30,1772846759560,-1.5105257139999897e-05,4.5596571429e-05,0.00041385908570999285,1
31,1772846759563,-1.5105257139999897e-05,4.5596571429e-05,0.00041385908570999285,1
32,1772846759565,-2.2905257139998678e-05,-6.360342857100005e-05,0.00028905908570995686,1
33,1772846759568,-2.2905257139998678e-05,-6.360342857100005e-05,0.00028905908570995686,1
34,1772846759570,-2.2905257139998678e-05,-6.360342857100005e-05,0.00028905908570995686,1
35,1772846759572,8.294742859999912e-06,-2.8503428571000013e-05,0.00021105908570993436,1
36,1772846759575,8.294742859999912e-06,-2.8503428571000013e-05,0.00021105908570993436,1
37,1772846759577,8.294742859999912e-06,-2.8503428571000013e-05,0.00021105908570993436,1
38,1772846759579,8.294742859999912e-06,-3.2403428571000053e-05,5.1159085709943757e-05,1
39,1772846759582,-8.140525713999994e-05,-3.2403428571000053e-05,5.1159085709943757e-05,1
40,1772846759584,-8.140525713999994e-05,-3.2403428571000053e-05,5.1159085709943757e-05,1
41,1772846759587,-8.140525713999994e-05,-3.2403428571000053e-05,5.1159085709943757e-05,1
42,1772846759589,-9.310525713999984e-05,-7.140342857100003e-05,8.235908570995275e-05,1
43,1772846759591,-9.310525713999984e-05,-7.140342857100003e-05,8.235908570995275e-05,1
44,1772846759594,-9.310525713999984e-05,-7.140342857100003e-05,8.235908570995275e-05,1
45,1772846759596,-8.920525713999872e-05,-4.8003428571e-05,0.0001993590857099865,1
46,1772846759598,-8.920525713999872e-05,-4.8003428571e-05,0.0001993590857099865,1
47,1772846759601,-8.920525713999872e-05,-4.8003428571e-05,0.0001993590857099865,1
48,1772846759603,-8.920525713999872e-05,-4.8003428571e-05,0.0002656590857099501,1
49,1772846759606,-6.190525713999952e-05,0.00011969657142899996,0.0002656590857099501,1
50,1772846759608,-6.190525713999952e-05,0.00011969657142899996,0.0002656590857099501,1
51,1772846759610,-6.190525713999952e-05,0.00011969657142899996,0.0002656590857099501,1
52,1772846759613,1.2194742860001037e-05,5.729657142899996e-05,5.505908571000039e-05,1
53,1772846759615,1.2194742860001037e-05,5.729657142899996e-05,5.505908571000039e-05,1
54,1772846759617,1.2194742860001037e-05,5.729657142899996e-05,5.505908571000039e-05,1
55,1772846759620,-5.020525713999961e-05,-2.4603428571000026e-05,0.000277359085710009,1
56,1772846759622,-5.020525713999961e-05,-2.4603428571000026e-05,0.000277359085710009,1
57,1772846759624,-5.020525713999961e-05,-2.4603428571000026e-05,0.000277359085710009,1
58,1772846759627,-5.020525713999961e-05,-2.4603428571000026e-05,0.000277359085710009,1
59,1772846759629,-4.630525714000022e-05,-0.000137703428571,0.00012915908570996625,1
60,1772846759632,-4.630525714000022e-05,-0.000137703428571,0.00012915908570996625,1
61,1772846759634,-4.630525714000022e-05,-0.000137703428571,0.00012915908570996625,1
62,1772846759636,7.849474286000108e-05,7.6796571429e-05,0.0002305590857099955,1
63,1772846759639,7.849474286000108e-05,7.6796571429e-05,0.0002305590857099955,1
64,1772846759641,7.849474286000108e-05,7.6796571429e-05,0.0002305590857099955,1
65,1772846759644,8.294742859999912e-06,7.6796571429e-05,0.00036315908571003374,1
66,1772846759646,8.294742859999912e-06,7.6796571429e-05,0.00036315908571003374,1
67,1772846759648,8.294742859999912e-06,7.6796571429e-05,0.00036315908571003374,1
68,1772846759651,8.294742859999912e-06,7.6796571429e-05,0.00036315908571003374,1
69,1772846759653,-2.2905257139998678e-05,2.9996571428999945e-05,0.000214959085709991,1
70,1772846759655,-2.2905257139998678e-05,2.9996571428999945e-05,0.000214959085709991,1
71,1772846759658,-2.2905257139998678e-05,2.9996571428999945e-05,0.000214959085709991,1
72,1772846759660,-1.1205257139998773e-05,-4.8003428571e-05,0.000152559085709973,1
73,1772846759663,-1.1205257139998773e-05,-4.8003428571e-05,0.000152559085709973,1
74,1772846759665,-1.1205257139998773e-05,-4.8003428571e-05,0.000152559085709973,1
75,1772846759667,-1.1205257139998773e-05,-7.530342857100001e-05,0.00034755908571002924,1
76,1772846759670,3.559474286000085e-05,-7.530342857100001e-05,0.00034755908571002924,1
77,1772846759672,3.559474286000085e-05,-7.530342857100001e-05,0.00034755908571002924,1
78,1772846759674,3.559474286000085e-05,-7.530342857100001e-05,0.00034755908571002924,1
79,1772846759677,1.9994742859999817e-05,2.2196571428999973e-05,0.00044895908570994746,1
80,1772846759679,1.9994742859999817e-05,2.2196571428999973e-05,0.00044895908570994746,1
81,1772846759681,1.9994742859999817e-05,2.2196571428999973e-05,0.00044895908570994746,1
82,1772846759684,-6.970525714000003e-05,-4.0203428571000026e-05,0.00038655908570992947,1
83,1772846759686,-6.970525714000003e-05,-4.0203428571000026e-05,0.00038655908570992947,1
84,1772846759689,-6.970525714000003e-05,-4.0203428571000026e-05,0.00038655908570992947,1
85,1772846759691,-6.970525714000003e-05,7.6796571429e-05,0.0003943590857099317,1
86,1772846759693,-2.6805257139999802e-05,7.6796571429e-05,0.0003943590857099317,1
87,1772846759696,-2.6805257139999802e-05,7.6796571429e-05,0.0003943590857099317,1
88,1772846759698,-2.6805257139999802e-05,7.6796571429e-05,0.0003943590857099317,1
89,1772846759700,-3.850525713999971e-05,-1.203428571000054e-06,0.00036315908571003374,1
90,1772846759703,-3.850525713999971e-05,-1.203428571000054e-06,0.00036315908571003374,1
91,1772846759705,-3.850525713999971e-05,-1.203428571000054e-06,0.00036315908571003374,1
92,1772846759708,-6.580525713999891e-05,-7.530342857100001e-05,0.0001993590857099865,1
93,1772846759710,-6.580525713999891e-05,-7.530342857100001e-05,0.0001993590857099865,1
94,1772846759712,-6.580525713999891e-05,-7.530342857100001e-05,0.0001993590857099865,1
95,1772846759715,-6.580525713999891e-05,-7.530342857100001e-05,0.000370959085710036,1
96,1772846759717,5.509474286000127e-05,3.779657142899997e-05,0.000370959085710036,1
97,1772846759719,5.509474286000127e-05,3.779657142899997e-05,0.000370959085710036,1
98,1772846759722,5.509474286000127e-05,3.779657142899997e-05,0.000370959085710036,1
99,1772846759724,7.849474286000108e-05,3.779657142899997e-05,0.0002188590857099366,1
100,1772846759727,7.849474286000108e-05,3.779657142899997e-05,0.0002188590857099366,1
101,1772846759729,7.849474286000108e-05,3.779657142899997e-05,0.0002188590857099366,1
102,1772846759731,-0.00015160525713999937,-6.750342857100004e-05,0.00022665908570993886,1
103,1772846759734,-0.00015160525713999937,-6.750342857100004e-05,0.00022665908570993886,1
104,1772846759736,-0.00015160525713999937,-6.750342857100004e-05,0.00022665908570993886,1
105,1772846759738,-0.00015160525713999937,-6.750342857100004e-05,0.00022665908570993886,1
106,1772846759741,3.169474285999972e-05,-9.090342857100001e-05,0.00030075908571001574,1
107,1772846759743,3.169474285999972e-05,-9.090342857100001e-05,0.00030075908571001574,1
108,1772846759746,3.169474285999972e-05,-9.090342857100001e-05,0.00030075908571001574,1
109,1772846759748,6.289474286000005e-05,-2.070342857100004e-05,0.0006049590857099925,1
110,1772846759750,6.289474286000005e-05,-2.070342857100004e-05,0.0006049590857099925,1
111,1772846759753,6.289474286000005e-05,-2.070342857100004e-05,0.0006049590857099925,1
112,1772846759755,-5.020525713999961e-05,-8.700342857100003e-05,0.00044895908570994746,1
113,1772846759757,-5.020525713999961e-05,-8.700342857100003e-05,0.00044895908570994746,1
114,1772846759760,-5.020525713999961e-05,-8.700342857100003e-05,0.00044895908570994746,1
115,1772846759762,-5.020525713999961e-05,-8.700342857100003e-05,0.00044895908570994746,1
116,1772846759764,8.294742859999912e-06,-0.000153303428571,6.285908571000264e-05,1
117,1772846759767,8.294742859999912e-06,-0.000153303428571,6.285908571000264e-05,1
118,1772846759769,8.294742859999912e-06,-0.000153303428571,6.285908571000264e-05,1
119,1772846759772,3.949474286000024e-05,-3.630342857100004e-05,-1.9040914289965467e-05,1
120,1772846759774,3.949474286000024e-05,-3.630342857100004e-05,-1.9040914289965467e-05,1
121,1772846759776,3.949474286000024e-05,-3.630342857100004e-05,-1.9040914289965467e-05,1
122,1772846759779,3.949474286000024e-05,-0.00011040342857100002,0.0001330590857100229,1
123,1772846759781,-1.1205257139998773e-05,-0.00011040342857100002,0.0001330590857100229,1
124,1772846759783,-1.1205257139998773e-05,-0.00011040342857100002,0.0001330590857100229,1
0,1772846759797,-3.460525713999858e-05,2.9996571428999945e-05,0.00026955908571000674,1
1,1772846759800,-3.460525713999858e-05,2.9996571428999945e-05,0.00026955908571000674,1
2,1772846759802,-3.460525713999858e-05,2.9996571428999945e-05,0.00026955908571000674,1
3,1772846759804,8.294742859999912e-06,4.9496571428999986e-05,0.00034755908571002924,1
4,1772846759807,8.294742859999912e-06,4.9496571428999986e-05,0.00034755908571002924,1
5,1772846759809,8.294742859999912e-06,4.9496571428999986e-05,0.00034755908571002924,1
6,1772846759812,-4.630525714000022e-05,0.000170396571429,0.000308559085710018,1
7,1772846759814,-4.630525714000022e-05,0.000170396571429,0.000308559085710018,1
8,1772846759816,-4.630525714000022e-05,0.000170396571429,0.000308559085710018,1
9,1772846759819,-4.630525714000022e-05,7.6796571429e-05,0.00035145908570997485,1
10,1772846759821,-3.460525713999858e-05,7.6796571429e-05,0.00035145908570997485,1
11,1772846759823,-3.460525713999858e-05,7.6796571429e-05,0.00035145908570997485,1
12,1772846759826,-3.460525713999858e-05,7.6796571429e-05,0.00035145908570997485,1
13,1772846759828,1.9994742859999817e-05,-7.530342857100001e-05,0.0003553590857100315,1
14,1772846759830,1.9994742859999817e-05,-7.530342857100001e-05,0.0003553590857100315,1
15,1772846759833,1.9994742859999817e-05,-7.530342857100001e-05,0.0003553590857100315,1
16,1772846759866,-6.970525714000003e-05,1.4396571429e-05,0.0001330590857100229,1
17,1772846759869,4.729474286000075e-05,7.289657142899996e-05,0.0001486590857100274,1
18,1772846759872,4.729474286000075e-05,7.289657142899996e-05,0.0001486590857100274,1
19,1772846759931,-5.020525713999961e-05,3.3896571428999986e-05,0.00017205908571003414,1
20,1772846759934,0.00012919474286000009,0.00010019657142899997,0.0002344590857099411,1
21,1772846759936,0.00012919474286000009,0.00010019657142899997,0.0002344590857099411,1
22,1772846759939,2.7794742860000332e-05,6.119657142899994e-05,6.285908571000264e-05,1
23,1772846759941,2.7794742860000332e-05,6.119657142899994e-05,6.285908571000264e-05,1
24,1772846759943,2.7794742860000332e-05,6.119657142899994e-05,6.285908571000264e-05,1
25,1772846759946,2.7794742860000332e-05,6.119657142899994e-05,0.0002500590857099456,1
26,1772846759948,0.0001486947428600005,4.5596571429e-05,0.0002500590857099456,1
27,1772846759951,0.0001486947428600005,4.5596571429e-05,0.0002500590857099456,1
28,1772846759953,0.0001486947428600005,4.5596571429e-05,0.0002500590857099456,1
29,1772846759955,4.394742860000522e-06,0.00010019657142899997,0.0003904590857099861,1
30,1772846759958,4.394742860000522e-06,0.00010019657142899997,0.0003904590857099861,1
31,1772846759960,4.394742860000522e-06,0.00010019657142899997,0.0003904590857099861,1
32,1772846759962,5.899474286000066e-05,4.169657142899996e-05,0.0002188590857099366,1
33,1772846759965,5.899474286000066e-05,4.169657142899996e-05,0.0002188590857099366,1
34,1772846759967,5.899474286000066e-05,4.169657142899996e-05,0.0002188590857099366,1
35,1772846759970,5.899474286000066e-05,4.169657142899996e-05,0.0002188590857099366,1
36,1772846759972,-0.00015160525713999937,1.8296571428999986e-05,0.00041775908570993846,1
37,1772846759974,-0.00015160525713999937,1.8296571428999986e-05,0.00041775908570993846,1
38,1772846759977,-0.00015160525713999937,1.8296571428999986e-05,0.00041775908570993846,1
39,1772846759979,6.289474286000005e-05,0.00010019657142899997,0.00030465908570996136,1
40,1772846759981,6.289474286000005e-05,0.00010019657142899997,0.00030465908570996136,1
41,1772846759984,6.289474286000005e-05,0.00010019657142899997,0.00030465908570996136,1
42,1772846759986,6.289474286000005e-05,0.00011579657142899997,0.0002032590857099321,1
43,1772846759988,0.0001213947428600013,0.00011579657142899997,0.0002032590857099321,1
44,1772846759991,0.0001213947428600013,0.00011579657142899997,0.0002032590857099321,1
45,1772846759993,0.0001213947428600013,0.00011579657142899997,0.0002032590857099321,1
46,1772846759996,-2.6805257139999802e-05,3.779657142899997e-05,0.0001057590857099595,1
47,1772846759998,-2.6805257139999802e-05,3.779657142899997e-05,0.0001057590857099595,1
48,1772846760000,-2.6805257139999802e-05,3.779657142899997e-05,0.0001057590857099595,1
49,1772846760003,8.294742859999912e-06,2.2196571428999973e-05,0.0003124590857099636,1
50,1772846760005,8.294742859999912e-06,2.2196571428999973e-05,0.0003124590857099636,1
51,1772846760008,8.294742859999912e-06,2.2196571428999973e-05,0.0003124590857099636,1
52,1772846760010,8.294742859999912e-06,0.00010019657142899997,0.00030075908571001574,1
53,1772846760012,9.409474286000037e-05,0.00010019657142899997,0.00030075908571001574,1
54,1772846760015,9.409474286000037e-05,0.00010019657142899997,0.00030075908571001574,1
55,1772846760017,9.409474286000037e-05,0.00010019657142899997,0.00030075908571001574,1
56,1772846760020,-3.4052571399999926e-06,0.00014309657142899993,4.335908570994151e-05,1
57,1772846760022,-3.4052571399999926e-06,0.00014309657142899993,4.335908570994151e-05,1
58,1772846760024,-3.4052571399999926e-06,0.00014309657142899993,4.335908570994151e-05,1
59,1772846760027,-0.00010480525713999975,0.00015479657142899994,9.0159085709955e-05,1
60,1772846760029,-0.00010480525713999975,0.00015479657142899994,9.0159085709955e-05,1
61,1772846760031,-0.00010480525713999975,0.00015479657142899994,9.0159085709955e-05,1
62,1772846760034,-0.00010480525713999975,0.00011969657142899996,0.000308559085710018,1
63,1772846760036,-3.070525713999919e-05,0.00011969657142899996,0.000308559085710018,1
64,1772846760038,-3.070525713999919e-05,0.00011969657142899996,0.000308559085710018,1
65,1772846760041,-3.070525713999919e-05,0.00011969657142899996,0.000308559085710018,1
66,1772846760043,-2.6805257139999802e-05,-2.070342857100004e-05,0.00030075908571001574,1
67,1772846760046,-2.6805257139999802e-05,-2.070342857100004e-05,0.00030075908571001574,1
68,1772846760048,-2.6805257139999802e-05,-2.070342857100004e-05,0.00030075908571001574,1
69,1772846760050,-0.00011260525714000026,-1.6803428571e-05,0.00024225908570994336,1
70,1772846760053,-0.00011260525714000026,-1.6803428571e-05,0.00024225908570994336,1
71,1772846760055,-0.00011260525714000026,-1.6803428571e-05,0.00024225908570994336,1
72,1772846760057,-0.00011260525714000026,-1.6803428571e-05,0.00030465908570996136,1
73,1772846760060,8.294742859999912e-06,0.00010019657142899997,0.00030465908570996136,1
74,1772846760062,8.294742859999912e-06,0.00010019657142899997,0.00030465908570996136,1
75,1772846760065,8.294742859999912e-06,0.00010019657142899997,0.00030465908570996136,1
76,1772846760067,0.00018379474286000022,-6.750342857100004e-05,0.00032025908570996586,1
77,1772846760069,0.00018379474286000022,-6.750342857100004e-05,0.00032025908570996586,1
78,1772846760072,0.00018379474286000022,-6.750342857100004e-05,0.00032025908570996586,1
79,1772846760074,0.00012919474286000009,-2.4603428571000026e-05,0.00022275908570999325,1
80,1772846760076,0.00012919474286000009,-2.4603428571000026e-05,0.00022275908570999325,1
81,1772846760079,0.00012919474286000009,-2.4603428571000026e-05,0.00022275908570999325,1
82,1772846760081,0.00012919474286000009,-2.4603428571000026e-05,0.00022275908570999325,1
83,1772846760084,4.947428600011322e-07,0.000150896571429,-7.340914290017604e-06,1
84,1772846760086,4.947428600011322e-07,0.000150896571429,-7.340914290017604e-06,1
85,1772846760088,4.947428600011322e-07,0.000150896571429,-7.340914290017604e-06,1
86,1772846760091,5.899474286000066e-05,0.00018989657142899998,0.00019155908570998425,1
87,1772846760093,5.899474286000066e-05,0.00018989657142899998,0.00019155908570998425,1
88,1772846760095,5.899474286000066e-05,0.00018989657142899998,0.00019155908570998425,1
89,1772846760098,9.799474285999976e-05,0.00012359657142899994,0.000121359085709964,1
90,1772846760100,9.799474285999976e-05,0.00012359657142899994,0.000121359085709964,1
91,1772846760103,9.799474285999976e-05,0.00012359657142899994,0.000121359085709964,1
92,1772846760105,9.799474285999976e-05,0.00012359657142899994,0.000121359085709964,1
93,1772846760107,3.949474286000024e-05,0.00010409657142899996,0.0002617590857100045,1
94,1772846760110,3.949474286000024e-05,0.00010409657142899996,0.0002617590857100045,1
95,1772846760112,3.949474286000024e-05,0.00010409657142899996,0.0002617590857100045,1
96,1772846760115,4.394742860000522e-06,2.2196571428999973e-05,0.00022665908570993886,1
97,1772846760117,4.394742860000522e-06,2.2196571428999973e-05,0.00022665908570993886,1
98,1772846760119,4.394742860000522e-06,2.2196571428999973e-05,0.00022665908570993886,1
99,1772846760122,4.394742860000522e-06,0.000150896571429,0.00048015908570995646,1
100,1772846760124,-3.4052571399999926e-06,0.000150896571429,0.00048015908570995646,1
101,1772846760126,-3.4052571399999926e-06,0.000150896571429,0.00048015908570995646,1
102,1772846760129,-3.4052571399999926e-06,0.000150896571429,0.00048015908570995646,1
103,1772846760131,1.9994742859999817e-05,3.779657142899997e-05,0.00033585908570997035,1
104,1772846760133,1.9994742859999817e-05,3.779657142899997e-05,0.00033585908570997035,1
105,1772846760136,1.9994742859999817e-05,3.779657142899997e-05,0.00033585908570997035,1
106,1772846760138,-0.00010480525713999975,-7.530342857100001e-05,0.00026955908571000674,1
107,1772846760141,-0.00010480525713999975,-7.530342857100001e-05,0.00026955908571000674,1
108,1772846760143,-0.00010480525713999975,-7.530342857100001e-05,0.00026955908571000674,1
109,1772846760145,-0.00010480525713999975,-0.00014160342857100002,0.00017985908571003639,1
110,1772846760148,-0.00012820525713999956,-0.00014160342857100002,0.00017985908571003639,1
111,1772846760150,-0.00012820525713999956,-0.00014160342857100002,0.00017985908571003639,1
112,1772846760153,-0.00012820525713999956,-0.00014160342857100002,0.00017985908571003639,1
113,1772846760155,-2.6805257139999802e-05,5.339657142899997e-05,0.00025785908570994786,1
114,1772846760157,-2.6805257139999802e-05,5.339657142899997e-05,0.00025785908570994786,1
115,1772846760160,-2.6805257139999802e-05,5.339657142899997e-05,0.00025785908570994786,1
116,1772846760162,3.949474286000024e-05,-1.2903428571000013e-05,0.0001993590857099865,1
117,1772846760164,3.949474286000024e-05,-1.2903428571000013e-05,0.0001993590857099865,1
118,1772846760167,3.949474286000024e-05,-1.2903428571000013e-05,0.0001993590857099865,1
119,1772846760169,3.949474286000024e-05,-1.2903428571000013e-05,0.0002344590857099411,1
120,1772846760172,5.899474286000066e-05,0.00010019657142899997,0.0002344590857099411,1
121,1772846760174,5.899474286000066e-05,0.00010019657142899997,0.0002344590857099411,1
122,1772846760176,5.899474286000066e-05,0.00010019657142899997,0.0002344590857099411,1
123,1772846760179,-4.630525714000022e-05,2.9996571428999945e-05,0.0001993590857099865,1
124,1772846760181,-4.630525714000022e-05,2.9996571428999945e-05,0.0001993590857099865,1
0,1772846760234,4.339474286000136e-05,5.729657142899996e-05,0.0001369590857099685,1
1,1772846760237,4.339474286000136e-05,5.729657142899996e-05,0.0001369590857099685,1
2,1772846760301,0.00010579474286000028,6.596571428999973e-06,0.0004099590857099362,1
3,1772846760303,0.00010579474286000028,6.596571428999973e-06,0.0004099590857099362,1
4,1772846760305,3.559474286000085e-05,0.000150896571429,0.00011355908570996175,1
5,1772846760308,3.559474286000085e-05,0.000150896571429,0.00011355908570996175,1
6,1772846760310,3.559474286000085e-05,0.000150896571429,0.00011355908570996175,1
7,1772846760313,3.559474286000085e-05,-5.190342857100004e-05,0.00026955908571000674,1
8,1772846760315,4.394742860000522e-06,-5.190342857100004e-05,0.00026955908571000674,1
9,1772846760317,4.394742860000522e-06,-5.190342857100004e-05,0.00026955908571000674,1
10,1772846760320,4.394742860000522e-06,-5.190342857100004e-05,0.00026955908571000674,1
11,1772846760322,7.849474286000108e-05,-5.970342857100001e-05,0.0005074590857100198,1
12,1772846760325,7.849474286000108e-05,-5.970342857100001e-05,0.0005074590857100198,1
13,1772846760327,7.849474286000108e-05,-5.970342857100001e-05,0.0005074590857100198,1
14,1772846760329,1.9994742859999817e-05,8.849657142899996e-05,0.0003124590857099636,1
15,1772846760332,1.9994742859999817e-05,8.849657142899996e-05,0.0003124590857099636,1
16,1772846760335,1.9994742859999817e-05,8.849657142899996e-05,0.0003124590857099636,1
17,1772846760337,-0.00010090525713999862,0.00014699657142899997,0.0001369590857099685,1
18,1772846760339,-0.00010090525713999862,0.00014699657142899997,0.0001369590857099685,1
19,1772846760342,-0.00010090525713999862,0.00014699657142899997,0.0001369590857099685,1
20,1772846760344,-0.00010090525713999862,0.00014699657142899997,0.0001369590857099685,1
21,1772846760347,-9.310525713999984e-05,-5.970342857100001e-05,0.00024615908571,1
22,1772846760349,-9.310525713999984e-05,-5.970342857100001e-05,0.00024615908571,1
23,1772846760351,-9.310525713999984e-05,-5.970342857100001e-05,0.00024615908571,1
24,1772846760354,2.3894742860000942e-05,2.6965714289999866e-06,0.000339759085710027,1
25,1772846760356,2.3894742860000942e-05,2.6965714289999866e-06,0.000339759085710027,1
26,1772846760358,2.3894742860000942e-05,2.6965714289999866e-06,0.000339759085710027,1
27,1772846760361,2.3894742860000942e-05,-5.190342857100004e-05,0.00021105908570993436,1
28,1772846760363,-1.9005257139999288e-05,-5.190342857100004e-05,0.00021105908570993436,1
29,1772846760366,-1.9005257139999288e-05,-5.190342857100004e-05,0.00021105908570993436,1
30,1772846760368,-1.9005257139999288e-05,-5.190342857100004e-05,0.00021105908570993436,1
31,1772846760370,-5.4105257139999e-05,9.629657142899998e-05,0.0002617590857100045,1
32,1772846760373,-5.4105257139999e-05,9.629657142899998e-05,0.0002617590857100045,1
33,1772846760375,-5.4105257139999e-05,9.629657142899998e-05,0.0002617590857100045,1
34,1772846760377,-7.305257139999383e-06,4.5596571429e-05,0.0001993590857099865,1
35,1772846760380,-7.305257139999383e-06,4.5596571429e-05,0.0001993590857099865,1
36,1772846760382,-7.305257139999383e-06,4.5596571429e-05,0.0001993590857099865,1
37,1772846760385,-7.305257139999383e-06,6.119657142899994e-05,0.00033585908570997035,1
38,1772846760387,-4.24052571399991e-05,6.119657142899994e-05,0.00033585908570997035,1
39,1772846760389,-4.24052571399991e-05,6.119657142899994e-05,0.00033585908570997035,1
40,1772846760392,-4.24052571399991e-05,6.119657142899994e-05,0.00033585908570997035,1
41,1772846760394,-1.1205257139998773e-05,-0.00010260342857100003,0.0004684590857100086,1
42,1772846760396,-1.1205257139998773e-05,-0.00010260342857100003,0.0004684590857100086,1
43,1772846760399,-1.1205257139998773e-05,-0.00010260342857100003,0.0004684590857100086,1
44,1772846760401,7.459474285999995e-05,-0.000200103428571,0.0002929590857100135,1
45,1772846760404,7.459474285999995e-05,-0.000200103428571,0.0002929590857100135,1
46,1772846760406,7.459474285999995e-05,-0.000200103428571,0.0002929590857100135,1
47,1772846760408,7.459474285999995e-05,-4.410342857100001e-05,8.625908571000939e-05,1
48,1772846760411,0.0001369947428600006,-4.410342857100001e-05,8.625908571000939e-05,1
49,1772846760413,0.0001369947428600006,-4.410342857100001e-05,8.625908571000939e-05,1
50,1772846760416,0.0001369947428600006,-4.410342857100001e-05,8.625908571000939e-05,1
51,1772846760418,0.0001096947428600014,-7.530342857100001e-05,0.0001486590857100274,1
52,1772846760420,0.0001096947428600014,-7.530342857100001e-05,0.0001486590857100274,1
53,1772846760423,0.0001096947428600014,-7.530342857100001e-05,0.0001486590857100274,1
54,1772846760425,0.0001642947428599998,0.00016259657142899992,-3.4409142900719905e-06,1
55,1772846760427,0.0001642947428599998,0.00016259657142899992,-3.4409142900719905e-06,1
56,1772846760430,0.0001642947428599998,0.00016259657142899992,-3.4409142900719905e-06,1
57,1772846760432,0.0001642947428599998,0.00016259657142899992,0.0004216590857099951,1
58,1772846760434,9.799474285999976e-05,0.00031079657142899994,0.0004216590857099951,1
59,1772846760437,9.799474285999976e-05,0.00031079657142899994,0.0004216590857099951,1
60,1772846760439,9.799474285999976e-05,0.00031079657142899994,0.0004216590857099951,1
61,1772846760442,0.00015649474286000102,-1.203428571000054e-06,0.00026955908571000674,1
62,1772846760444,0.00015649474286000102,-1.203428571000054e-06,0.00026955908571000674,1
63,1772846760446,0.00015649474286000102,-1.203428571000054e-06,0.00026955908571000674,1
64,1772846760449,7.069474286000056e-05,-0.00014940342857100002,0.0002656590857099501,1
65,1772846760451,7.069474286000056e-05,-0.00014940342857100002,0.0002656590857099501,1
66,1772846760453,7.069474286000056e-05,-0.00014940342857100002,0.0002656590857099501,1
67,1772846760456,7.069474286000056e-05,-0.00014940342857100002,0.0002656590857099501,1
68,1772846760458,0.00015649474286000102,-3.630342857100004e-05,0.00023835908570999775,1
69,1772846760461,0.00015649474286000102,-3.630342857100004e-05,0.00023835908570999775,1
70,1772846760463,0.00015649474286000102,-3.630342857100004e-05,0.00023835908570999775,1
71,1772846760465,-2.6805257139999802e-05,5.729657142899996e-05,0.0004996590857100176,1
72,1772846760468,-2.6805257139999802e-05,5.729657142899996e-05,0.0004996590857100176,1
73,1772846760470,-2.6805257139999802e-05,5.729657142899996e-05,0.0004996590857100176,1
74,1772846760472,-3.850525713999971e-05,6.596571428999973e-06,0.00024615908571,1
75,1772846760475,-3.850525713999971e-05,6.596571428999973e-06,0.00024615908571,1
76,1772846760477,-3.850525713999971e-05,6.596571428999973e-06,0.00024615908571,1
77,1772846760480,-3.850525713999971e-05,6.596571428999973e-06,0.00024615908571,1
78,1772846760482,-0.00019840525713999899,0.00011189657142899998,0.00019155908570998425,1
79,1772846760484,-0.00019840525713999899,0.00011189657142899998,0.00019155908570998425,1
80,1772846760487,-0.00019840525713999899,0.00011189657142899998,0.00019155908570998425,1
81,1772846760489,3.169474285999972e-05,-5.190342857100004e-05,9.0159085709955e-05,1
82,1772846760491,3.169474285999972e-05,-5.190342857100004e-05,9.0159085709955e-05,1
83,1772846760494,3.169474285999972e-05,-5.190342857100004e-05,9.0159085709955e-05,1
84,1772846760496,3.169474285999972e-05,6.596571428999973e-06,0.00025395908571000225,1
85,1772846760499,0.00011749474286000018,6.596571428999973e-06,0.00025395908571000225,1
86,1772846760501,0.00011749474286000018,6.596571428999973e-06,0.00025395908571000225,1
87,1772846760503,0.00011749474286000018,6.596571428999973e-06,0.00025395908571000225,1
88,1772846760506,7.459474285999995e-05,-3.630342857100004e-05,7.845908571000714e-05,1
89,1772846760508,7.459474285999995e-05,-3.630342857100004e-05,7.845908571000714e-05,1
90,1772846760510,7.459474285999995e-05,-3.630342857100004e-05,7.845908571000714e-05,1
91,1772846760513,-0.00013990525713999946,0.00010019657142899997,0.00016035908570997525,1
92,1772846760515,-0.00013990525713999946,0.00010019657142899997,0.00016035908570997525,1
93,1772846760518,-0.00013990525713999946,0.00010019657142899997,0.00016035908570997525,1
94,1772846760520,-0.00013990525713999946,0.00010019657142899997,0.00011745908571001839,1
95,1772846760522,-9.310525713999984e-05,7.289657142899996e-05,0.00011745908571001839,1
96,1772846760525,-9.310525713999984e-05,7.289657142899996e-05,0.00011745908571001839,1
97,1772846760527,-9.310525713999984e-05,7.289657142899996e-05,0.00011745908571001839,1
98,1772846760529,-3.070525713999919e-05,-4.0203428571000026e-05,0.00035145908570997485,1
99,1772846760532,-3.070525713999919e-05,-4.0203428571000026e-05,0.00035145908570997485,1
100,1772846760534,-3.070525713999919e-05,-4.0203428571000026e-05,0.00035145908570997485,1
101,1772846760537,-0.0002179052571399994,0.00011189657142899998,1.2159085709932509e-05,1
102,1772846760539,-0.0002179052571399994,0.00011189657142899998,1.2159085709932509e-05,1
103,1772846760541,-0.0002179052571399994,0.00011189657142899998,1.2159085709932509e-05,1
104,1772846760544,-0.0002179052571399994,0.00011189657142899998,5.1159085709943757e-05,1
105,1772846760546,-5.020525713999961e-05,4.169657142899996e-05,5.1159085709943757e-05,1
106,1772846760548,-5.020525713999961e-05,4.169657142899996e-05,5.1159085709943757e-05,1
107,1772846760551,-5.020525713999961e-05,4.169657142899996e-05,5.1159085709943757e-05,1
108,1772846760553,-0.00013990525713999946,-6.750342857100004e-05,0.000121359085709964,1
109,1772846760555,-0.00013990525713999946,-6.750342857100004e-05,0.000121359085709964,1
110,1772846760558,-0.00013990525713999946,-6.750342857100004e-05,0.000121359085709964,1
111,1772846760560,3.949474286000024e-05,-3.630342857100004e-05,0.00039825908570998835,1
112,1772846760563,3.949474286000024e-05,-3.630342857100004e-05,0.00039825908570998835,1
113,1772846760565,3.949474286000024e-05,-3.630342857100004e-05,0.00039825908570998835,1
114,1772846760567,3.949474286000024e-05,-3.630342857100004e-05,0.00039825908570998835,1
115,1772846760570,-0.00015940525713999988,-5.5803428571000026e-05,0.00033195908571002474,1
116,1772846760572,-0.00015940525713999988,-5.5803428571000026e-05,0.00033195908571002474,1
117,1772846760574,-0.00015940525713999988,-5.5803428571000026e-05,0.00033195908571002474,1
118,1772846760577,1.6094742860000427e-05,2.6965714289999866e-06,0.0001330590857100229,1
119,1772846760579,1.6094742860000427e-05,2.6965714289999866e-06,0.0001330590857100229,1
120,1772846760582,1.6094742860000427e-05,2.6965714289999866e-06,0.0001330590857100229,1
121,1772846760584,1.6094742860000427e-05,-4.0203428571000026e-05,6.285908571000264e-05,1
122,1772846760586,-3.460525713999858e-05,-4.0203428571000026e-05,6.285908571000264e-05,1
123,1772846760589,-3.460525713999858e-05,-4.0203428571000026e-05,6.285908571000264e-05,1
124,1772846760591,-3.460525713999858e-05,-4.0203428571000026e-05,6.285908571000264e-05,1
0,1772846760634,-1.1205257139998773e-05,6.509657142899999e-05,5.8959085709946006e-05,1
1,1772846760709,-1.1205257139998773e-05,6.509657142899999e-05,5.8959085709946006e-05,1
2,1772846760711,-0.00013600525714000007,3.3896571428999986e-05,0.0001486590857100274,1
3,1772846760714,4.947428600011322e-07,3.3896571428999986e-05,0.0001486590857100274,1
4,1772846760716,4.947428600011322e-07,3.3896571428999986e-05,0.0001486590857100274,1
5,1772846760719,4.947428600011322e-07,3.3896571428999986e-05,0.0001486590857100274,1
6,1772846760721,0.00019159474286000074,0.00017429657142899993,0.00041385908570999285,1
7,1772846760743,1.2194742860001037e-05,0.000400496571429,0.00010965908571001614,1
8,1772846760745,-0.00010090525713999862,1.049657142899996e-05,0.0011860590857099935,1
9,1772846760747,-0.00010090525713999862,1.049657142899996e-05,0.0011860590857099935,1
10,1772846760750,-0.00010090525713999862,1.049657142899996e-05,0.0011860590857099935,1
11,1772846760752,-4.24052571399991e-05,-0.000122103428571,-9.314091429004235e-05,1
12,1772846760755,-4.24052571399991e-05,-0.000122103428571,-9.314091429004235e-05,1
13,1772846760757,-4.24052571399991e-05,-0.000122103428571,-9.314091429004235e-05,1
14,1772846760759,-4.24052571399991e-05,0.000306896571429,0.00014475908570997075,1
15,1772846760762,3.949474286000024e-05,0.000306896571429,0.00014475908570997075,1
16,1772846760764,3.949474286000024e-05,0.000306896571429,0.00014475908570997075,1
17,1772846760766,3.949474286000024e-05,0.000306896571429,0.00014475908570997075,1
18,1772846760769,0.0001369947428600006,0.00013139657142899997,0.0006361590857100015,1
19,1772846760771,0.0001369947428600006,0.00013139657142899997,0.0006361590857100015,1
20,1772846760774,0.0001369947428600006,0.00013139657142899997,0.0006361590857100015,1
21,1772846760776,0.0001525947428599999,2.6965714289999866e-06,0.00036705908570997935,1
22,1772846760778,0.0001525947428599999,2.6965714289999866e-06,0.00036705908570997935,1
23,1772846760781,0.0001525947428599999,2.6965714289999866e-06,0.00036705908570997935,1
24,1772846760783,0.0001525947428599999,2.6965714289999866e-06,0.0003943590857099317,1
25,1772846760785,-5.4105257139999e-05,-0.00017280342857100002,0.0003943590857099317,1
26,1772846760788,-5.4105257139999e-05,-0.00017280342857100002,0.0003943590857099317,1
27,1772846760790,-5.4105257139999e-05,-0.00017280342857100002,0.0003943590857099317,1
28,1772846760792,0.00010189474286000089,-5.190342857100004e-05,-0.00017114091429006485,1
29,1772846760795,0.00010189474286000089,-5.190342857100004e-05,-0.00017114091429006485,1
30,1772846760797,0.00010189474286000089,-5.190342857100004e-05,-0.00017114091429006485,1
31,1772846760800,-9.310525713999984e-05,4.169657142899996e-05,0.0003280590857099681,1
32,1772846760802,-9.310525713999984e-05,4.169657142899996e-05,0.0003280590857099681,1
33,1772846760804,-9.310525713999984e-05,4.169657142899996e-05,0.0003280590857099681,1
34,1772846760807,-9.310525713999984e-05,4.169657142899996e-05,0.0003943590857099317,1
35,1772846760809,-0.00016720525713999866,1.049657142899996e-05,0.0003943590857099317,1
36,1772846760811,-0.00016720525713999866,1.049657142899996e-05,0.0003943590857099317,1
37,1772846760814,-0.00016720525713999866,1.049657142899996e-05,0.0003943590857099317,1
38,1772846760816,2.3894742860000942e-05,4.5596571429e-05,0.00036315908571003374,1
39,1772846760819,2.3894742860000942e-05,4.5596571429e-05,0.00036315908571003374,1
40,1772846760821,2.3894742860000942e-05,4.5596571429e-05,0.00036315908571003374,1
41,1772846760823,0.00014089474286,4.169657142899996e-05,8.259085709986895e-06,1
42,1772846760826,0.00014089474286,4.169657142899996e-05,8.259085709986895e-06,1
43,1772846760828,0.00014089474286,4.169657142899996e-05,8.259085709986895e-06,1
44,1772846760830,0.00014089474286,4.169657142899996e-05,8.259085709986895e-06,1
45,1772846760833,0.00018769474286000135,0.00011189657142899998,0.00012525908571002064,1
46,1772846760835,0.00018769474286000135,0.00011189657142899998,0.00012525908571002064,1
47,1772846760838,0.00018769474286000135,0.00011189657142899998,0.00012525908571002064,1
48,1772846760840,7.069474286000056e-05,-0.00017670342857100004,0.00021105908570993436,1
49,1772846760842,7.069474286000056e-05,-0.00017670342857100004,0.00021105908570993436,1
50,1772846760845,7.069474286000056e-05,-0.00017670342857100004,0.00021105908570993436,1
51,1772846760847,7.069474286000056e-05,-5.10342857100004e-06,0.00032025908570996586,1
52,1772846760849,-0.00010480525713999975,-5.10342857100004e-06,0.00032025908570996586,1
53,1772846760852,-0.00010480525713999975,-5.10342857100004e-06,0.00032025908570996586,1
54,1772846760854,-0.00010480525713999975,-5.10342857100004e-06,0.00032025908570996586,1
55,1772846760857,4.394742860000522e-06,0.000107996571429,0.0001681590857099775,1
56,1772846760859,4.394742860000522e-06,0.000107996571429,0.0001681590857099775,1
57,1772846760861,4.394742860000522e-06,0.000107996571429,0.0001681590857099775,1
58,1772846760864,-0.00014380525713999885,6.119657142899994e-05,7.065908571000489e-05,1
59,1772846760866,-0.00014380525713999885,6.119657142899994e-05,7.065908571000489e-05,1
60,1772846760868,-0.00014380525713999885,6.119657142899994e-05,7.065908571000489e-05,1
61,1772846760871,-0.00014380525713999885,0.00011189657142899998,-0.0001477409142900581,1
62,1772846760873,-5.800525714000013e-05,0.00011189657142899998,-0.0001477409142900581,1
63,1772846760876,-5.800525714000013e-05,0.00011189657142899998,-0.0001477409142900581,1
64,1772846760878,-5.800525714000013e-05,0.00011189657142899998,-0.0001477409142900581,1
65,1772846760880,-0.00013600525714000007,1.4396571429e-05,0.0002968590857099591,1
66,1772846760883,-0.00013600525714000007,1.4396571429e-05,0.0002968590857099591,1
67,1772846760885,-0.00013600525714000007,1.4396571429e-05,0.0002968590857099591,1
68,1772846760887,-1.5105257139999897e-05,7.6796571429e-05,0.0004216590857099951,1
69,1772846760890,-1.5105257139999897e-05,7.6796571429e-05,0.0004216590857099951,1
70,1772846760892,-1.5105257139999897e-05,7.6796571429e-05,0.0004216590857099951,1
71,1772846760894,-1.5105257139999897e-05,7.6796571429e-05,0.00033195908571002474,1
72,1772846760897,5.899474286000066e-05,0.00013139657142899997,0.00033195908571002474,1
73,1772846760899,5.899474286000066e-05,0.00013139657142899997,0.00033195908571002474,1
74,1772846760902,5.899474286000066e-05,0.00013139657142899997,0.00033195908571002474,1
75,1772846760904,3.949474286000024e-05,0.00011579657142899997,0.00031635908571002024,1
76,1772846760906,3.949474286000024e-05,0.00011579657142899997,0.00031635908571002024,1
77,1772846760909,3.949474286000024e-05,0.00011579657142899997,0.00031635908571002024,1
78,1772846760911,0.0001252947428600007,0.00021719657142899994,0.00028515908571001124,1
79,1772846760913,0.0001252947428600007,0.00021719657142899994,0.00028515908571001124,1
80,1772846760916,0.0001252947428600007,0.00021719657142899994,0.00028515908571001124,1
81,1772846760918,0.0001252947428600007,0.00021719657142899994,0.00028515908571001124,1
82,1772846760921,8.294742859999912e-06,-2.8503428571000013e-05,0.0005971590857099902,1
83,1772846760923,8.294742859999912e-06,-2.8503428571000013e-05,0.0005971590857099902,1
84,1772846760925,8.294742859999912e-06,-2.8503428571000013e-05,0.0005971590857099902,1
85,1772846760928,-0.0002218052571399988,-3.630342857100004e-05,0.000308559085710018,1
86,1772846760930,-0.0002218052571399988,-3.630342857100004e-05,0.000308559085710018,1
87,1772846760932,-0.0002218052571399988,-3.630342857100004e-05,0.000308559085710018,1
88,1772846760935,-3.070525713999919e-05,0.00027959657142899994,5.505908571000039e-05,1
89,1772846760937,-3.070525713999919e-05,0.00027959657142899994,5.505908571000039e-05,1
90,1772846760940,-3.070525713999919e-05,0.00027959657142899994,5.505908571000039e-05,1
91,1772846760942,-3.070525713999919e-05,0.00027959657142899994,5.505908571000039e-05,1
92,1772846760944,0.00011359474286000079,5.339657142899997e-05,0.00017595908570997975,1
93,1772846760947,0.00011359474286000079,5.339657142899997e-05,0.00017595908570997975,1
94,1772846760949,0.00011359474286000079,5.339657142899997e-05,0.00017595908570997975,1
95,1772846760951,-0.00011260525714000026,-3.630342857100004e-05,0.000370959085710036,1
96,1772846760954,-0.00011260525714000026,-3.630342857100004e-05,0.000370959085710036,1
97,1772846760956,-0.00011260525714000026,-3.630342857100004e-05,0.000370959085710036,1
98,1772846760959,-0.00011260525714000026,-1.203428571000054e-06,9.405908571001164e-05,1
99,1772846760961,-6.190525713999952e-05,-1.203428571000054e-06,9.405908571001164e-05,1
100,1772846760963,-6.190525713999952e-05,-1.203428571000054e-06,9.405908571001164e-05,1
101,1772846760966,-6.190525713999952e-05,-1.203428571000054e-06,9.405908571001164e-05,1
102,1772846760968,4.947428600011322e-07,0.00014309657142899993,5.1159085709943757e-05,1
103,1772846760970,4.947428600011322e-07,0.00014309657142899993,5.1159085709943757e-05,1
104,1772846760973,4.947428600011322e-07,0.00014309657142899993,5.1159085709943757e-05,1
105,1772846760975,0.0001369947428600006,-0.000122103428571,0.000495759085709961,1
106,1772846760977,0.0001369947428600006,-0.000122103428571,0.000495759085709961,1
107,1772846760980,0.0001369947428600006,-0.000122103428571,0.000495759085709961,1
108,1772846760982,0.0001369947428600006,-0.000122103428571,0.000277359085710009,1
109,1772846760985,-0.00010090525713999862,-8.700342857100003e-05,0.000277359085710009,1
110,1772846760987,-0.00010090525713999862,-8.700342857100003e-05,0.000277359085710009,1
111,1772846760989,-0.00010090525713999862,-8.700342857100003e-05,0.000277359085710009,1
112,1772846760992,-0.00014770525713999998,6.596571428999973e-06,0.0002812590857099546,1
113,1772846760994,-0.00014770525713999998,6.596571428999973e-06,0.0002812590857099546,1
114,1772846760996,-0.00014770525713999998,6.596571428999973e-06,0.0002812590857099546,1
115,1772846760999,4.394742860000522e-06,4.169657142899996e-05,0.00044505908571000185,1
116,1772846761001,4.394742860000522e-06,4.169657142899996e-05,0.00044505908571000185,1
117,1772846761004,4.394742860000522e-06,4.169657142899996e-05,0.00044505908571000185,1
118,1772846761006,4.394742860000522e-06,4.169657142899996e-05,0.00023835908570999775,1
119,1772846761008,-6.580525713999891e-05,-0.000137703428571,0.00023835908570999775,1
120,1772846761011,-6.580525713999891e-05,-0.000137703428571,0.00023835908570999775,1
121,1772846761013,-6.580525713999891e-05,-0.000137703428571,0.00023835908570999775,1
122,1772846761016,0.0001330947428600012,0.00011969657142899996,0.00011355908570996175,1
123,1772846761018,0.0001330947428600012,0.00011969657142899996,0.00011355908570996175,1
124,1772846761020,0.0001330947428600012,0.00011969657142899996,0.00011355908570996175,1
0,1772846761034,2.3894742860000942e-05,0.00011189657142899998,0.00047625908571001085,1
1,1772846761036,2.3894742860000942e-05,0.00011189657142899998,0.00047625908571001085,1
2,1772846761038,2.3894742860000942e-05,5.729657142899996e-05,0.00030075908571001574,1
3,1772846761041,2.3894742860000942e-05,5.729657142899996e-05,0.00030075908571001574,1
4,1772846761043,2.3894742860000942e-05,5.729657142899996e-05,0.00030075908571001574,1
5,1772846761045,2.3894742860000942e-05,5.729657142899996e-05,0.00030075908571001574,1
6,1772846761048,-4.630525714000022e-05,-0.00011040342857100002,0.0002929590857100135,1
7,1772846761050,-4.630525714000022e-05,-0.00011040342857100002,0.0002929590857100135,1
8,1772846761053,-4.630525714000022e-05,-0.00011040342857100002,0.0002929590857100135,1
9,1772846761055,-1.5105257139999897e-05,0.00012359657142899994,4.335908570994151e-05,1
10,1772846761057,-1.5105257139999897e-05,0.00012359657142899994,4.335908570994151e-05,1
11,1772846761060,-1.5105257139999897e-05,0.00012359657142899994,4.335908570994151e-05,1
12,1772846761062,-1.5105257139999897e-05,0.00012359657142899994,0.0001876590857099276,1
13,1772846761064,-7.360525713999942e-05,0.00012749657142899998,0.0001876590857099276,1
14,1772846761067,-7.360525713999942e-05,0.00012749657142899998,0.0001876590857099276,1
15,1772846761069,-7.360525713999942e-05,0.00012749657142899998,0.0001876590857099276,1
16,1772846761099,-5.4105257139999e-05,-4.0203428571000026e-05,0.0003787590857099272,1
17,1772846761102,-8.140525713999994e-05,4.169657142899996e-05,7.45590857099505e-05,1
18,1772846761121,-0.00015550525713999876,4.169657142899996e-05,7.45590857099505e-05,1
19,1772846761164,1.9994742859999817e-05,6.119657142899994e-05,0.0004216590857099951,1
20,1772846761167,-6.580525713999891e-05,-5.190342857100004e-05,7.45590857099505e-05,1
21,1772846761169,-6.580525713999891e-05,-5.190342857100004e-05,7.45590857099505e-05,1
22,1772846761172,-6.580525713999891e-05,-5.190342857100004e-05,7.45590857099505e-05,1
23,1772846761174,6.679474286000117e-05,0.00011969657142899996,0.00016035908570997525,1
24,1772846761176,6.679474286000117e-05,0.00011969657142899996,0.00016035908570997525,1
25,1772846761179,6.679474286000117e-05,0.00011969657142899996,0.00016035908570997525,1
26,1772846761181,6.679474286000117e-05,0.00011969657142899996,0.00016035908570997525,1
27,1772846761184,-2.6805257139999802e-05,9.239657142899994e-05,0.00025395908571000225,1
28,1772846761186,-2.6805257139999802e-05,9.239657142899994e-05,0.00025395908571000225,1
29,1772846761188,-2.6805257139999802e-05,9.239657142899994e-05,0.00025395908571000225,1
30,1772846761191,0.00010579474286000028,-3.2403428571000053e-05,0.00024225908570994336,1
31,1772846761193,0.00010579474286000028,-3.2403428571000053e-05,0.00024225908570994336,1
32,1772846761196,0.00010579474286000028,-3.2403428571000053e-05,0.00024225908570994336,1
33,1772846761198,0.00020719474286000003,6.509657142899999e-05,0.000308559085710018,1
34,1772846761200,0.00020719474286000003,6.509657142899999e-05,0.000308559085710018,1
35,1772846761203,0.00020719474286000003,6.509657142899999e-05,0.000308559085710018,1
36,1772846761205,0.00020719474286000003,6.509657142899999e-05,0.000308559085710018,1
37,1772846761207,-1.1205257139998773e-05,-5.190342857100004e-05,0.0003241590857100225,1
38,1772846761210,-1.1205257139998773e-05,-5.190342857100004e-05,0.0003241590857100225,1
39,1772846761212,-1.1205257139998773e-05,-5.190342857100004e-05,0.0003241590857100225,1
40,1772846761215,4.339474286000136e-05,1.049657142899996e-05,0.00016035908570997525,1
41,1772846761221,4.339474286000136e-05,1.049657142899996e-05,0.00016035908570997525,1
42,1772846761224,-7.360525713999942e-05,-9.870342857100004e-05,0.00022275908570999325,1
43,1772846761226,-7.360525713999942e-05,-9.870342857100004e-05,0.00022275908570999325,1
44,1772846761229,-7.360525713999942e-05,-9.870342857100004e-05,0.00022275908570999325,1
45,1772846761231,3.559474286000085e-05,-0.00020790342857100004,0.00024615908571,1
46,1772846761233,3.559474286000085e-05,-0.00020790342857100004,0.00024615908571,1
47,1772846761236,3.559474286000085e-05,-0.00020790342857100004,0.00024615908571,1
48,1772846761238,8.294742859999912e-06,-0.00017670342857100004,7.45590857099505e-05,1
49,1772846761240,8.294742859999912e-06,-0.00017670342857100004,7.45590857099505e-05,1
50,1772846761243,8.294742859999912e-06,-0.00017670342857100004,7.45590857099505e-05,1
51,1772846761245,8.294742859999912e-06,-0.00017670342857100004,7.45590857099505e-05,1
52,1772846761248,-4.630525714000022e-05,-9.480342857100005e-05,0.0004684590857100086,1
53,1772846761250,-4.630525714000022e-05,-9.480342857100005e-05,0.0004684590857100086,1
54,1772846761252,-4.630525714000022e-05,-9.480342857100005e-05,0.0004684590857100086,1
55,1772846761255,0.00011359474286000079,-8.700342857100003e-05,0.0004723590857099542,1
56,1772846761257,0.00011359474286000079,-8.700342857100003e-05,0.0004723590857099542,1
57,1772846761259,0.00011359474286000079,-8.700342857100003e-05,0.0004723590857099542,1
58,1772846761262,8.294742859999912e-06,-7.9203428571e-05,0.00041385908570999285,1
59,1772846761264,8.294742859999912e-06,-7.9203428571e-05,0.00041385908570999285,1
60,1772846761266,8.294742859999912e-06,-7.9203428571e-05,0.00041385908570999285,1
61,1772846761269,8.294742859999912e-06,-7.9203428571e-05,0.00041385908570999285,1
62,1772846761271,8.294742859999912e-06,6.509657142899999e-05,0.00021105908570993436,1
63,1772846761273,8.294742859999912e-06,6.509657142899999e-05,0.00021105908570993436,1
64,1772846761276,8.294742859999912e-06,6.509657142899999e-05,0.00021105908570993436,1
65,1772846761278,0.0001369947428600006,0.00011579657142899997,0.00024225908570994336,1
66,1772846761281,0.0001369947428600006,0.00011579657142899997,0.00024225908570994336,1
67,1772846761283,0.0001369947428600006,0.00011579657142899997,0.00024225908570994336,1
68,1772846761285,0.0001369947428600006,0.00011579657142899997,0.00017205908571003414,1
69,1772846761288,-0.00012040525713999904,8.849657142899996e-05,0.00017205908571003414,1
70,1772846761290,-0.00012040525713999904,8.849657142899996e-05,0.00017205908571003414,1
71,1772846761292,-0.00012040525713999904,8.849657142899996e-05,0.00017205908571003414,1
72,1772846761295,-3.070525713999919e-05,1.4396571429e-05,0.000183759085709982,1
73,1772846761297,-3.070525713999919e-05,1.4396571429e-05,0.000183759085709982,1
74,1772846761299,-3.070525713999919e-05,1.4396571429e-05,0.000183759085709982,1
75,1772846761302,7.069474286000056e-05,-1.203428571000054e-06,0.00023835908570999775,1
76,1772846761304,7.069474286000056e-05,-1.203428571000054e-06,0.00023835908570999775,1
77,1772846761306,7.069474286000056e-05,-1.203428571000054e-06,0.00023835908570999775,1
78,1772846761309,7.069474286000056e-05,-1.203428571000054e-06,0.00023835908570999775,1
79,1772846761311,5.119474286000014e-05,2.609657142899996e-05,-1.5140914290019854e-05,1
80,1772846761313,5.119474286000014e-05,2.609657142899996e-05,-1.5140914290019854e-05,1
81,1772846761316,5.119474286000014e-05,2.609657142899996e-05,-1.5140914290019854e-05,1
82,1772846761318,0.0001252947428600007,-1.2903428571000013e-05,9.0159085709955e-05,1
83,1772846761321,0.0001252947428600007,-1.2903428571000013e-05,9.0159085709955e-05,1
84,1772846761323,0.0001252947428600007,-1.2903428571000013e-05,9.0159085709955e-05,1
85,1772846761326,-0.00011650525713999965,-0.000122103428571,-3.4640914289969967e-05,1
86,1772846761328,-0.00011650525713999965,-0.000122103428571,-3.4640914289969967e-05,1
87,1772846761330,-0.00011650525713999965,-0.000122103428571,-3.4640914289969967e-05,1
88,1772846761333,-0.00011650525713999965,-0.000122103428571,-3.4640914289969967e-05,1
89,1772846761335,3.559474286000085e-05,-0.00015720342857100002,0.00014475908570997075,1
90,1772846761337,3.559474286000085e-05,-0.00015720342857100002,0.00014475908570997075,1
91,1772846761340,3.559474286000085e-05,-0.00015720342857100002,0.00014475908570997075,1
92,1772846761342,-0.00012040525713999904,-0.000168903428571,0.000308559085710018,1
93,1772846761345,-0.00012040525713999904,-0.000168903428571,0.000308559085710018,1
94,1772846761347,-0.00012040525713999904,-0.000168903428571,0.000308559085710018,1
95,1772846761349,-0.00012040525713999904,-0.00011040342857100002,6.675908570994826e-05,1
96,1772846761352,1.6094742860000427e-05,-0.00011040342857100002,6.675908570994826e-05,1
97,1772846761354,1.6094742860000427e-05,-0.00011040342857100002,6.675908570994826e-05,1
98,1772846761356,1.6094742860000427e-05,-0.00011040342857100002,6.675908570994826e-05,1
99,1772846761359,-3.460525713999858e-05,8.459657142899997e-05,0.00021105908570993436,1
100,1772846761361,-3.460525713999858e-05,8.459657142899997e-05,0.00021105908570993436,1
101,1772846761363,-3.460525713999858e-05,8.459657142899997e-05,0.00021105908570993436,1
102,1772846761366,-9.310525713999984e-05,2.6965714289999866e-06,0.00012525908571002064,1
103,1772846761368,-9.310525713999984e-05,2.6965714289999866e-06,0.00012525908571002064,1
104,1772846761371,-9.310525713999984e-05,2.6965714289999866e-06,0.00012525908571002064,1
105,1772846761373,-9.310525713999984e-05,2.6965714289999866e-06,0.000214959085709991,1
106,1772846761375,7.459474285999995e-05,7.289657142899996e-05,0.000214959085709991,1
107,1772846761378,7.459474285999995e-05,7.289657142899996e-05,0.000214959085709991,1
108,1772846761380,7.459474285999995e-05,7.289657142899996e-05,0.000214959085709991,1
109,1772846761382,8.294742859999912e-06,-0.00015720342857100002,0.00038265908570998385,1
110,1772846761385,8.294742859999912e-06,-0.00015720342857100002,0.00038265908570998385,1
111,1772846761387,8.294742859999912e-06,-0.00015720342857100002,0.00038265908570998385,1
112,1772846761390,0.00014089474286,-0.000200103428571,0.000277359085710009,1
113,1772846761392,0.00014089474286,-0.000200103428571,0.000277359085710009,1
114,1772846761394,0.00014089474286,-0.000200103428571,0.000277359085710009,1
115,1772846761397,0.00014089474286,-0.000200103428571,3.1659085709993644e-05,1
116,1772846761399,4.729474286000075e-05,-0.00011820342857100002,3.1659085709993644e-05,1
117,1772846761401,4.729474286000075e-05,-0.00011820342857100002,3.1659085709993644e-05,1
118,1772846761404,4.729474286000075e-05,-0.00011820342857100002,3.1659085709993644e-05,1
119,1772846761406,1.9994742859999817e-05,6.899657142899997e-05,0.0001993590857099865,1
120,1772846761409,1.9994742859999817e-05,6.899657142899997e-05,0.0001993590857099865,1
121,1772846761411,1.9994742859999817e-05,6.899657142899997e-05,0.0001993590857099865,1
122,1772846761414,0.0001603947428600004,8.459657142899997e-05,0.0002929590857100135,1
123,1772846761416,0.0001603947428600004,8.459657142899997e-05,0.0002929590857100135,1
124,1772846761418,0.0001603947428600004,8.459657142899997e-05,0.0002929590857100135,1
0,1772846761432,0.00018769474286000135,9.239657142899994e-05,0.00011355908570996175,1
1,1772846761434,0.00018769474286000135,9.239657142899994e-05,0.00011355908570996175,1
2,1772846761437,0.00018769474286000135,6.509657142899999e-05,7.065908571000489e-05,1
3,1772846761439,-3.4052571399999926e-06,6.509657142899999e-05,7.065908571000489e-05,1
4,1772846761442,-3.4052571399999926e-06,6.509657142899999e-05,7.065908571000489e-05,1
5,1772846761444,-3.4052571399999926e-06,6.509657142899999e-05,7.065908571000489e-05,1
6,1772846761446,0.00016819474286000093,9.239657142899994e-05,0.000214959085709991,1
7,1772846761476,0.00016819474286000093,9.239657142899994e-05,0.000214959085709991,1
8,1772846761478,-9.700525713999923e-05,-0.00018840342857100002,0.00027345908570995236,1
9,1772846761481,-9.700525713999923e-05,-0.00018840342857100002,0.00027345908570995236,1
10,1772846761540,-0.00011260525714000026,-0.00012990342857100004,0.000308559085710018,1
11,1772846761543,5.119474286000014e-05,-1.203428571000054e-06,0.0004411590857099452,1
12,1772846761546,5.119474286000014e-05,-1.203428571000054e-06,0.0004411590857099452,1
13,1772846761548,5.119474286000014e-05,-1.203428571000054e-06,0.0004411590857099452,1
14,1772846761550,-0.00012430525714000017,3.3896571428999986e-05,0.00036705908570997935,1
15,1772846761553,-0.00012430525714000017,3.3896571428999986e-05,0.00036705908570997935,1
16,1772846761555,-0.00012430525714000017,3.3896571428999986e-05,0.00036705908570997935,1
17,1772846761557,-0.00015550525713999876,0.000182096571429,0.00022275908570999325,1
18,1772846761560,-0.00015550525713999876,0.000182096571429,0.00022275908570999325,1
19,1772846761562,-0.00015550525713999876,0.000182096571429,0.00022275908570999325,1
20,1772846761565,-0.00015550525713999876,0.00017429657142899993,0.00036705908570997935,1
21,1772846761567,3.559474286000085e-05,0.00017429657142899993,0.00036705908570997935,1
22,1772846761569,3.559474286000085e-05,0.00017429657142899993,0.00036705908570997935,1
23,1772846761572,3.559474286000085e-05,0.00017429657142899993,0.00036705908570997935,1
24,1772846761574,0.00021109474286000116,-0.00020400342857100002,0.0001993590857099865,1
25,1772846761577,0.00021109474286000116,-0.00020400342857100002,0.0001993590857099865,1
26,1772846761579,0.00021109474286000116,-0.00020400342857100002,0.0001993590857099865,1
27,1772846761581,-1.1205257139998773e-05,-9.480342857100005e-05,0.0003553590857100315,1
28,1772846761584,-1.1205257139998773e-05,-9.480342857100005e-05,0.0003553590857100315,1
29,1772846761586,-1.1205257139998773e-05,-9.480342857100005e-05,0.0003553590857100315,1
30,1772846761588,-1.1205257139998773e-05,0.00014699657142899997,0.0003124590857099636,1
31,1772846761591,2.3894742860000942e-05,0.00014699657142899997,0.0003124590857099636,1
32,1772846761593,2.3894742860000942e-05,0.00014699657142899997,0.0003124590857099636,1
33,1772846761596,2.3894742860000942e-05,0.00014699657142899997,0.0003124590857099636,1
34,1772846761598,-1.1205257139998773e-05,-8.700342857100003e-05,0.000339759085710027,1
35,1772846761600,-1.1205257139998773e-05,-8.700342857100003e-05,0.000339759085710027,1
36,1772846761603,-1.1205257139998773e-05,-8.700342857100003e-05,0.000339759085710027,1
37,1772846761605,-7.360525713999942e-05,-3.2403428571000053e-05,0.000183759085709982,1
38,1772846761607,-7.360525713999942e-05,-3.2403428571000053e-05,0.000183759085709982,1
39,1772846761610,-7.360525713999942e-05,-3.2403428571000053e-05,0.000183759085709982,1
40,1772846761612,-7.360525713999942e-05,-3.2403428571000053e-05,0.00025395908571000225,1
41,1772846761615,0.0001369947428600006,-1.203428571000054e-06,0.00025395908571000225,1
42,1772846761617,0.0001369947428600006,-1.203428571000054e-06,0.00025395908571000225,1
43,1772846761619,0.0001369947428600006,-1.203428571000054e-06,0.00025395908571000225,1
44,1772846761622,0.0002695947428600007,-1.6803428571e-05,0.00022275908570999325,1
45,1772846761624,0.0002695947428600007,-1.6803428571e-05,0.00022275908570999325,1
46,1772846761626,0.0002695947428600007,-1.6803428571e-05,0.00022275908570999325,1
47,1772846761629,0.00019549474286000013,2.6965714289999866e-06,0.00025395908571000225,1
48,1772846761631,0.00019549474286000013,2.6965714289999866e-06,0.00025395908571000225,1
49,1772846761634,0.00019549474286000013,2.6965714289999866e-06,0.00025395908571000225,1
50,1772846761636,0.00019549474286000013,2.6965714289999866e-06,0.0004099590857099362,1
51,1772846761638,8.294742859999912e-06,5.729657142899996e-05,0.0004099590857099362,1
52,1772846761641,8.294742859999912e-06,5.729657142899996e-05,0.0004099590857099362,1
53,1772846761643,8.294742859999912e-06,5.729657142899996e-05,0.0004099590857099362,1
54,1772846761646,-0.00013990525713999946,2.9996571428999945e-05,0.0005035590857099632,1
55,1772846761648,-0.00013990525713999946,2.9996571428999945e-05,0.0005035590857099632,1
56,1772846761650,-0.00013990525713999946,2.9996571428999945e-05,0.0005035590857099632,1
57,1772846761653,-0.00012820525713999956,-9.003428571000027e-06,0.0001486590857100274,1
58,1772846761655,-0.00012820525713999956,-9.003428571000027e-06,0.0001486590857100274,1
59,1772846761657,-0.00012820525713999956,-9.003428571000027e-06,0.0001486590857100274,1
60,1772846761660,-0.00012820525713999956,-9.003428571000027e-06,0.0001486590857100274,1
61,1772846761662,-0.00013600525714000007,6.509657142899999e-05,0.0001642590857100319,1
62,1772846761664,-0.00013600525714000007,6.509657142899999e-05,0.0001642590857100319,1
63,1772846761667,-0.00013600525714000007,6.509657142899999e-05,0.0001642590857100319,1
64,1772846761669,1.9994742859999817e-05,-2.070342857100004e-05,0.0001642590857100319,1
65,1772846761672,1.9994742859999817e-05,-2.070342857100004e-05,0.0001642590857100319,1
66,1772846761674,1.9994742859999817e-05,-2.070342857100004e-05,0.0001642590857100319,1
67,1772846761676,0.00012919474286000009,0.00024839657142899994,0.0002032590857099321,1
68,1772846761679,0.00012919474286000009,0.00024839657142899994,0.0002032590857099321,1
69,1772846761681,0.00012919474286000009,0.00024839657142899994,0.0002032590857099321,1
70,1772846761683,0.00012919474286000009,0.00024839657142899994,0.0002032590857099321,1
71,1772846761686,5.509474286000127e-05,0.000139196571429,0.00031635908571002024,1
72,1772846761688,5.509474286000127e-05,0.000139196571429,0.00031635908571002024,1
73,1772846761690,5.509474286000127e-05,0.000139196571429,0.00031635908571002024,1
74,1772846761693,7.459474285999995e-05,6.119657142899994e-05,0.0002500590857099456,1
75,1772846761695,7.459474285999995e-05,6.119657142899994e-05,0.0002500590857099456,1
76,1772846761698,7.459474285999995e-05,6.119657142899994e-05,0.0002500590857099456,1
77,1772846761700,7.459474285999995e-05,0.00010019657142899997,0.00011745908571001839,1
78,1772846761702,-2.2905257139998678e-05,0.00010019657142899997,0.00011745908571001839,1
79,1772846761705,-2.2905257139998678e-05,0.00010019657142899997,0.00011745908571001839,1
80,1772846761707,-2.2905257139998678e-05,0.00010019657142899997,0.00011745908571001839,1
81,1772846761709,-7.305257139999383e-06,9.239657142899994e-05,0.00011355908570996175,1
82,1772846761712,-7.305257139999383e-06,9.239657142899994e-05,0.00011355908570996175,1
83,1772846761714,-7.305257139999383e-06,9.239657142899994e-05,0.00011355908570996175,1
84,1772846761717,4.339474286000136e-05,-0.00010650342857100001,0.00022665908570993886,1
85,1772846761719,4.339474286000136e-05,-0.00010650342857100001,0.00022665908570993886,1
86,1772846761721,4.339474286000136e-05,-0.00010650342857100001,0.00022665908570993886,1
87,1772846761724,4.339474286000136e-05,-0.00010650342857100001,0.0001876590857099276,1
88,1772846761726,0.00018769474286000135,-5.5803428571000026e-05,0.0001876590857099276,1
89,1772846761728,0.00018769474286000135,-5.5803428571000026e-05,0.0001876590857099276,1
90,1772846761731,0.00018769474286000135,-5.5803428571000026e-05,0.0001876590857099276,1
91,1772846761733,0.0001759947428599997,-5.10342857100004e-06,0.0002656590857099501,1
92,1772846761736,0.0001759947428599997,-5.10342857100004e-06,0.0002656590857099501,1
93,1772846761738,0.0001759947428599997,-5.10342857100004e-06,0.0002656590857099501,1
94,1772846761740,5.509474286000127e-05,6.119657142899994e-05,0.00015645908571002964,1
95,1772846761743,5.509474286000127e-05,6.119657142899994e-05,0.00015645908571002964,1
96,1772846761745,5.509474286000127e-05,6.119657142899994e-05,0.00015645908571002964,1
97,1772846761747,5.509474286000127e-05,6.119657142899994e-05,0.0002500590857099456,1
98,1772846761750,2.7794742860000332e-05,0.00014309657142899993,0.0002500590857099456,1
99,1772846761752,2.7794742860000332e-05,0.00014309657142899993,0.0002500590857099456,1
100,1772846761755,2.7794742860000332e-05,0.00014309657142899993,0.0002500590857099456,1
101,1772846761757,-0.00018670525713999908,1.049657142899996e-05,0.0003124590857099636,1
102,1772846761759,-0.00018670525713999908,1.049657142899996e-05,0.0003124590857099636,1
103,1772846761762,-0.00018670525713999908,1.049657142899996e-05,0.0003124590857099636,1
104,1772846761764,6.289474286000005e-05,8.849657142899996e-05,0.00020715908570998875,1
105,1772846761766,6.289474286000005e-05,8.849657142899996e-05,0.00020715908570998875,1
106,1772846761769,6.289474286000005e-05,8.849657142899996e-05,0.00020715908570998875,1
107,1772846761771,6.289474286000005e-05,8.849657142899996e-05,0.00020715908570998875,1
108,1772846761774,4.394742860000522e-06,0.00013139657142899997,0.00038265908570998385,1
109,1772846761776,4.394742860000522e-06,0.00013139657142899997,0.00038265908570998385,1
110,1772846761778,4.394742860000522e-06,0.00013139657142899997,0.00038265908570998385,1
111,1772846761781,7.459474285999995e-05,8.849657142899996e-05,0.000339759085710027,1
112,1772846761783,7.459474285999995e-05,8.849657142899996e-05,0.000339759085710027,1
113,1772846761786,7.459474285999995e-05,8.849657142899996e-05,0.000339759085710027,1
114,1772846761788,0.0001525947428599999,0.000139196571429,0.00028515908571001124,1
115,1772846761790,0.0001525947428599999,0.000139196571429,0.00028515908571001124,1
116,1772846761793,0.0001525947428599999,0.000139196571429,0.00028515908571001124,1
117,1772846761795,0.0001525947428599999,0.000139196571429,0.00028515908571001124,1
118,1772846761797,-4.24052571399991e-05,9.629657142899998e-05,0.00016035908570997525,1
119,1772846761800,-4.24052571399991e-05,9.629657142899998e-05,0.00016035908570997525,1
120,1772846761802,-4.24052571399991e-05,9.629657142899998e-05,0.00016035908570997525,1
121,1772846761804,7.459474285999995e-05,0.000170396571429,3.555908570993926e-05,1
122,1772846761807,7.459474285999995e-05,0.000170396571429,3.555908570993926e-05,1
123,1772846761809,7.459474285999995e-05,0.000170396571429,3.555908570993926e-05,1
124,1772846761812,7.849474286000108e-05,7.6796571429e-05,0.00019545908570992986,1
0,1772846761825,0.00019549474286000013,5.339657142899997e-05,7.845908571000714e-05,1
1,1772846761828,0.00019549474286000013,-5.10342857100004e-06,0.0001993590857099865,1
2,1772846761859,0.0001213947428600013,-5.10342857100004e-06,0.0001993590857099865,1
3,1772846761862,0.00014479474286000112,0.00014309657142899993,0.00036315908571003374,1
4,1772846761892,0.00014479474286000112,0.00014309657142899993,0.00036315908571003374,1
5,1772846761927,4.394742860000522e-06,0.0007397965714290001,0.0017242590857099267,2
6,1772846761930,4.394742860000522e-06,0.0007397965714290001,0.0017242590857099267,2
7,1772846761933,-0.0003895052571399986,-0.000613503428571,0.001981659085710001,2
8,1772846761936,-0.0003895052571399986,-0.000613503428571,0.001981659085710001,2
9,1772846761940,4.729474286000075e-05,-6.750342857100004e-05,-0.0013567409142900737,1
10,1772846761942,4.729474286000075e-05,-6.750342857100004e-05,-0.0013567409142900737,1
11,1772846761945,4.729474286000075e-05,-6.750342857100004e-05,-0.0013567409142900737,1
12,1772846761948,0.00019549474286000013,0.000595496571429,7.065908571000489e-05,1
13,1772846761950,0.00019549474286000013,0.000595496571429,7.065908571000489e-05,1
14,1772846761953,0.00019549474286000013,0.000595496571429,7.065908571000489e-05,1
15,1772846761955,0.0003124947428600009,4.169657142899996e-05,0.0008194590857099988,1
16,1772846761963,0.0003124947428600009,4.169657142899996e-05,3.555908570993926e-05,1
17,1772846761966,-2.6805257139999802e-05,-0.00022350342857100004,3.555908570993926e-05,1
18,1772846761968,-2.6805257139999802e-05,-0.00022350342857100004,3.555908570993926e-05,1
19,1772846761971,-2.6805257139999802e-05,0.000275696571429,-0.00035054091429000556,1
20,1772846761974,-3.460525713999858e-05,0.000275696571429,-0.00035054091429000556,1
21,1772846761977,-3.460525713999858e-05,0.000275696571429,-0.00035054091429000556,1
22,1772846761979,-1.5105257139999897e-05,0.00012749657142899998,0.00012915908570996625,1
23,1772846761983,-1.5105257139999897e-05,0.00012749657142899998,0.00012915908570996625,1
24,1772846761986,-1.5105257139999897e-05,0.00012749657142899998,0.00012915908570996625,1
25,1772846761988,-4.630525714000022e-05,4.9496571428999986e-05,-0.0003895409142900168,1
26,1772846761991,-4.630525714000022e-05,4.9496571428999986e-05,-0.0003895409142900168,1
27,1772846761994,-4.630525714000022e-05,4.9496571428999986e-05,-0.0003895409142900168,1
28,1772846761996,0.00010579474286000028,0.000295196571429,0.0005698590857099268,1
29,1772846761999,0.00010579474286000028,0.000295196571429,0.0005698590857099268,1
30,1772846762002,0.00010579474286000028,0.000295196571429,0.0005698590857099268,1
31,1772846762005,-0.0002023052571400001,-0.00011820342857100002,0.0011548590857099845,1
32,1772846762007,-0.0002023052571400001,-0.00011820342857100002,0.0011548590857099845,1
33,1772846762010,-0.0002023052571400001,-0.00011820342857100002,0.0011548590857099845,1
34,1772846762013,0.00025009474286000026,0.00018989657142899998,-3.85409142900266e-05,1
35,1772846762016,0.00025009474286000026,0.00018989657142899998,-3.85409142900266e-05,1
36,1772846762018,0.00025009474286000026,0.00018989657142899998,-3.85409142900266e-05,1
37,1772846762021,4.729474286000075e-05,-6.360342857100005e-05,-0.0004831409142900438,1
38,1772846762024,4.729474286000075e-05,-6.360342857100005e-05,-0.0004831409142900438,1
39,1772846762027,4.729474286000075e-05,-6.360342857100005e-05,-3.074091429002435e-05,1
40,1772846762029,-2.6805257139999802e-05,3.779657142899997e-05,-3.074091429002435e-05,1
41,1772846762032,-2.6805257139999802e-05,3.779657142899997e-05,-3.074091429002435e-05,1
42,1772846762035,-2.6805257139999802e-05,3.779657142899997e-05,0.0007219590857100262,1
43,1772846762037,5.509474286000127e-05,0.00019379657142900002,0.0007219590857100262,1
44,1772846762040,5.509474286000127e-05,0.00019379657142900002,0.0007219590857100262,1
45,1772846762043,5.509474286000127e-05,-0.00011430342857100004,0.00011355908570996175,1
46,1772846762046,-6.970525714000003e-05,-0.00011430342857100004,0.00011355908570996175,1
47,1772846762048,-6.970525714000003e-05,-0.00011430342857100004,0.00011355908570996175,1
48,1772846762051,0.0001369947428600006,0.000107996571429,2.3859085709991394e-05,1
49,1772846762054,0.0001369947428600006,0.000107996571429,2.3859085709991394e-05,1
50,1772846762057,0.0001369947428600006,0.000107996571429,2.3859085709991394e-05,1
51,1772846762060,8.239474286000047e-05,8.849657142899996e-05,7.845908571000714e-05,1
52,1772846762062,8.239474286000047e-05,8.849657142899996e-05,7.845908571000714e-05,1
53,1772846762065,8.239474286000047e-05,8.849657142899996e-05,7.845908571000714e-05,1
54,1772846762068,0.00024229474285999975,-4.0203428571000026e-05,0.0003553590857100315,1
55,1772846762071,0.00024229474285999975,-4.0203428571000026e-05,0.0003553590857100315,1
56,1772846762074,0.00024229474285999975,-4.0203428571000026e-05,0.0003553590857100315,1
57,1772846762077,-1.1205257139998773e-05,-0.00011820342857100002,0.00042945908570999735,1
58,1772846762079,-1.1205257139998773e-05,-0.00011820342857100002,0.00042945908570999735,1
59,1772846762082,-1.1205257139998773e-05,-0.00011820342857100002,0.00042945908570999735,1
60,1772846762085,5.899474286000066e-05,0.00024839657142899994,-0.0001633409142900626,1
61,1772846762088,5.899474286000066e-05,0.00024839657142899994,-0.0001633409142900626,1
62,1772846762090,5.899474286000066e-05,0.00024839657142899994,3.1659085709993644e-05,1
63,1772846762093,6.679474286000117e-05,0.000439496571429,3.1659085709993644e-05,1
64,1772846762096,6.679474286000117e-05,0.000439496571429,3.1659085709993644e-05,1
65,1772846762099,6.679474286000117e-05,-2.4603428571000026e-05,0.00048015908570995646,1
66,1772846762102,-7.750525713999881e-05,-2.4603428571000026e-05,0.00048015908570995646,1
67,1772846762105,-7.750525713999881e-05,-2.4603428571000026e-05,0.00048015908570995646,1
68,1772846762108,-0.00012820525713999956,-9.003428571000027e-06,0.0005659590857099812,1
69,1772846762110,-0.00012820525713999956,-9.003428571000027e-06,0.0005659590857099812,1
70,1772846762113,-0.00012820525713999956,-9.003428571000027e-06,0.0005659590857099812,1
71,1772846762116,-0.0002101052571399989,5.339657142899997e-05,0.00012525908571002064,1
72,1772846762118,-0.0002101052571399989,5.339657142899997e-05,0.00012525908571002064,1
73,1772846762121,-0.0002101052571399989,5.339657142899997e-05,0.00012525908571002064,1
74,1772846762124,-3.4052571399999926e-06,3.3896571428999986e-05,-1.9040914289965467e-05,1
75,1772846762127,-3.4052571399999926e-06,3.3896571428999986e-05,-1.9040914289965467e-05,1
76,1772846762129,-3.4052571399999926e-06,3.3896571428999986e-05,-1.9040914289965467e-05,1
77,1772846762132,5.899474286000066e-05,-0.000122103428571,0.0001057590857099595,1
78,1772846762135,5.899474286000066e-05,-0.000122103428571,0.0001057590857099595,1
79,1772846762138,5.899474286000066e-05,-0.000122103428571,0.0001057590857099595,1
80,1772846762140,-7.360525713999942e-05,-5.10342857100004e-06,0.00033195908571002474,1
81,1772846762143,-7.360525713999942e-05,-5.10342857100004e-06,0.00033195908571002474,1
82,1772846762146,-7.360525713999942e-05,-5.10342857100004e-06,0.00033195908571002474,1
83,1772846762148,1.6094742860000427e-05,-0.00010650342857100001,0.0008038590857099943,1
84,1772846762151,1.6094742860000427e-05,-0.00010650342857100001,0.0008038590857099943,1
85,1772846762154,1.6094742860000427e-05,-0.00010650342857100001,0.0008038590857099943,1
86,1772846762157,3.169474285999972e-05,2.609657142899996e-05,0.00030465908570996136,1
87,1772846762159,3.169474285999972e-05,2.609657142899996e-05,0.00030465908570996136,1
88,1772846762162,3.169474285999972e-05,2.609657142899996e-05,0.0004411590857099452,1
89,1772846762165,5.899474286000066e-05,0.00027179657142899997,0.0004411590857099452,1
90,1772846762168,5.899474286000066e-05,0.00027179657142899997,0.0004411590857099452,1
91,1772846762170,5.899474286000066e-05,-0.00024300342857100002,0.00034755908571002924,1
92,1772846762173,9.019474286000098e-05,-0.00024300342857100002,0.00034755908571002924,1
93,1772846762176,9.019474286000098e-05,-0.00024300342857100002,0.00034755908571002924,1
94,1772846762178,9.019474286000098e-05,-0.00015720342857100002,0.000152559085709973,1
95,1772846762181,0.00010189474286000089,-0.00015720342857100002,0.000152559085709973,1
96,1772846762184,0.00010189474286000089,-0.00015720342857100002,0.000152559085709973,1
97,1772846762187,1.6094742860000427e-05,6.509657142899999e-05,0.0002929590857100135,1
98,1772846762189,1.6094742860000427e-05,6.509657142899999e-05,0.0002929590857100135,1
99,1772846762192,1.6094742860000427e-05,6.509657142899999e-05,0.0002929590857100135,1
100,1772846762195,1.9994742859999817e-05,6.899657142899997e-05,4.335908570994151e-05,1
101,1772846762197,1.9994742859999817e-05,6.899657142899997e-05,4.335908570994151e-05,1
102,1772846762200,1.9994742859999817e-05,6.899657142899997e-05,4.335908570994151e-05,1
103,1772846762203,5.509474286000127e-05,-0.00012600342857100002,0.0001330590857100229,1
104,1772846762206,5.509474286000127e-05,-0.00012600342857100002,0.0001330590857100229,1
105,1772846762209,5.509474286000127e-05,-0.00012600342857100002,0.0001330590857100229,1
106,1772846762212,0.00022669474286000045,-1.2903428571000013e-05,0.00033195908571002474,1
107,1772846762214,0.00022669474286000045,-1.2903428571000013e-05,0.00033195908571002474,1
108,1772846762219,0.00022669474286000045,-1.2903428571000013e-05,0.00033195908571002474,1
109,1772846762222,0.0001525947428599999,0.000139196571429,0.00012525908571002064,1
110,1772846762225,0.0001525947428599999,0.000139196571429,0.00012525908571002064,1
111,1772846762229,0.00019159474286000074,1.049657142899996e-05,7.45590857099505e-05,1
112,1772846762232,0.00019159474286000074,1.049657142899996e-05,7.45590857099505e-05,1
113,1772846762235,-3.460525713999858e-05,-0.00010650342857100001,0.00019155908570998425,1
114,1772846762238,-3.460525713999858e-05,-0.00010650342857100001,0.00019155908570998425,1
115,1772846762241,-3.460525713999858e-05,-0.00010650342857100001,0.00019155908570998425,1
116,1772846762244,-0.00011650525713999965,4.169657142899996e-05,8.259085709986895e-06,1
117,1772846762247,-0.00011650525713999965,4.169657142899996e-05,8.259085709986895e-06,1
118,1772846762249,-0.00011650525713999965,4.169657142899996e-05,8.259085709986895e-06,1
119,1772846762252,9.019474286000098e-05,-0.00014550342857100004,6.285908571000264e-05,1
120,1772846762255,9.019474286000098e-05,-0.00014550342857100004,6.285908571000264e-05,1
121,1772846762258,9.019474286000098e-05,-0.00014550342857100004,6.285908571000264e-05,1
122,1772846762260,-0.00014770525713999998,-0.00018840342857100002,-0.0006196409142900277,1
123,1772846762263,-0.00014770525713999998,-0.00018840342857100002,-0.0006196409142900277,1
124,1772846762266,-0.00014770525713999998,-0.00018840342857100002,0.000558159085709979,1
0,1772846762375,-6.580525713999891e-05,-0.00017670342857100004,0.00033195908571002474,1
1,1772846762378,4.394742860000522e-06,-0.00015720342857100002,0.0003436590857099726,1
2,1772846762381,4.394742860000522e-06,-0.00015720342857100002,0.0003436590857099726,1
3,1772846762384,4.394742860000522e-06,-0.00015720342857100002,0.0003436590857099726,1
4,1772846762386,2.3894742860000942e-05,-9.480342857100005e-05,0.00040215908570993397,1
5,1772846762389,2.3894742860000942e-05,-9.480342857100005e-05,0.00040215908570993397,1
6,1772846762392,2.3894742860000942e-05,-9.480342857100005e-05,0.00040215908570993397,1
7,1772846762395,2.3894742860000942e-05,0.000283496571429,0.0003592590857099771,1
8,1772846762397,2.3894742860000942e-05,0.000283496571429,0.0003592590857099771,1
9,1772846762400,2.3894742860000942e-05,0.000283496571429,0.0003592590857099771,1
10,1772846762403,-0.00015160525713999937,6.596571428999973e-06,0.0003280590857099681,1
11,1772846762406,-0.00015160525713999937,6.596571428999973e-06,0.0003280590857099681,1
12,1772846762409,-0.00015160525713999937,6.596571428999973e-06,0.0003280590857099681,1
13,1772846762412,-6.580525713999891e-05,3.3896571428999986e-05,7.065908571000489e-05,1
14,1772846762415,-6.580525713999891e-05,3.3896571428999986e-05,7.065908571000489e-05,1
15,1772846762417,-6.580525713999891e-05,3.3896571428999986e-05,0.00019545908570992986,1
16,1772846762420,3.169474285999972e-05,0.00010409657142899996,0.00019545908570992986,1
17,1772846762423,3.169474285999972e-05,0.00010409657142899996,0.00019545908570992986,1
18,1772846762425,3.169474285999972e-05,-4.8003428571e-05,0.00012525908571002064,1
19,1772846762428,-0.00010480525713999975,-4.8003428571e-05,0.00012525908571002064,1
20,1772846762431,-0.00010480525713999975,-4.8003428571e-05,0.00012525908571002064,1
21,1772846762434,-3.850525713999971e-05,0.00014699657142899997,0.00033195908571002474,1
22,1772846762436,-3.850525713999971e-05,0.00014699657142899997,0.00033195908571002474,1
23,1772846762439,-3.850525713999971e-05,0.00014699657142899997,0.00033195908571002474,1
24,1772846762442,3.559474286000085e-05,-0.000168903428571,0.0003943590857099317,1
25,1772846762445,3.559474286000085e-05,-0.000168903428571,0.0003943590857099317,1
26,1772846762447,3.559474286000085e-05,-0.000168903428571,0.0003943590857099317,1
27,1772846762450,0.0001252947428600007,-0.00025470342857100004,0.000589359085709988,1
28,1772846762453,0.0001252947428600007,-0.00025470342857100004,0.000589359085709988,1
29,1772846762455,0.0001252947428600007,-0.00025470342857100004,0.000589359085709988,1
30,1772846762458,-0.00010480525713999975,-9.480342857100005e-05,-2.6840914289967717e-05,1
31,1772846762461,-0.00010480525713999975,-9.480342857100005e-05,-2.6840914289967717e-05,1
32,1772846762464,-0.00010480525713999975,-9.480342857100005e-05,-2.6840914289967717e-05,1
33,1772846762466,0.00020329474286000064,0.0007631965714289999,-0.0005299409142900573,1
34,1772846762469,0.00020329474286000064,0.0007631965714289999,-0.0005299409142900573,1
35,1772846762472,0.00020329474286000064,0.0007631965714289999,-0.0005299409142900573,1
36,1772846762475,-3.460525713999858e-05,-1.203428571000054e-06,0.0012679590857099616,1
37,1772846762477,-3.460525713999858e-05,-1.203428571000054e-06,0.0012679590857099616,1
38,1772846762480,-3.460525713999858e-05,-1.203428571000054e-06,0.0012679590857099616,1
39,1772846762483,-5.800525714000013e-05,-7.9203428571e-05,0.00016035908570997525,1
40,1772846762486,-5.800525714000013e-05,-7.9203428571e-05,0.00016035908570997525,1
41,1772846762488,-5.800525714000013e-05,-7.9203428571e-05,0.00016035908570997525,1
42,1772846762491,0.0001096947428600014,0.00010409657142899996,-8.53409142900401e-05,1
43,1772846762494,0.0001096947428600014,0.00010409657142899996,-8.53409142900401e-05,1
44,1772846762496,0.0001096947428600014,0.00010409657142899996,-8.53409142900401e-05,1
45,1772846762499,-0.0002530052571399991,-0.00013380342857100002,0.0001486590857100274,1
46,1772846762502,-0.0002530052571399991,-0.00013380342857100002,0.0001486590857100274,1
47,1772846762505,-0.0002530052571399991,-0.00013380342857100002,0.0001486590857100274,1
48,1772846762507,0.00021109474286000116,1.049657142899996e-05,-0.0003583409142900078,1
49,1772846762510,0.00021109474286000116,1.049657142899996e-05,-0.0003583409142900078,1
50,1772846762513,0.00021109474286000116,1.049657142899996e-05,0.0005659590857099812,1
51,1772846762515,-5.4105257139999e-05,0.00023669657142899993,0.0005659590857099812,1
52,1772846762518,-5.4105257139999e-05,0.00023669657142899993,0.0005659590857099812,1
53,1772846762521,-5.4105257139999e-05,0.00023669657142899993,0.0008857590857099624,1
54,1772846762524,-5.020525713999961e-05,-0.000293703428571,0.0008857590857099624,1
55,1772846762526,-5.020525713999961e-05,-0.000293703428571,0.0008857590857099624,1
56,1772846762529,-5.020525713999961e-05,6.119657142899994e-05,-5.0240914289974466e-05,1
57,1772846762532,-2.2905257139998678e-05,6.119657142899994e-05,-5.0240914289974466e-05,1
58,1772846762535,-2.2905257139998678e-05,6.119657142899994e-05,-5.0240914289974466e-05,1
59,1772846762537,2.3894742860000942e-05,-1.203428571000054e-06,-0.00013994091429005585,1
60,1772846762540,2.3894742860000942e-05,-1.203428571000054e-06,-0.00013994091429005585,1
61,1772846762543,2.3894742860000942e-05,-1.203428571000054e-06,-0.00013994091429005585,1
62,1772846762546,-5.800525714000013e-05,0.00012359657142899994,0.0007804590857099876,1
63,1772846762548,-5.800525714000013e-05,0.00012359657142899994,0.0007804590857099876,1
64,1772846762551,-5.800525714000013e-05,0.00012359657142899994,0.0007804590857099876,1
65,1772846762554,-2.6805257139999802e-05,-7.140342857100003e-05,0.000620559085709997,1
66,1772846762557,-2.6805257139999802e-05,-7.140342857100003e-05,0.000620559085709997,1
67,1772846762559,-2.6805257139999802e-05,-7.140342857100003e-05,0.000620559085709997,1
68,1772846762562,-0.00013210525713999895,0.000139196571429,5.1159085709943757e-05,1
69,1772846762565,-0.00013210525713999895,0.000139196571429,5.1159085709943757e-05,1
70,1772846762568,-0.00013210525713999895,0.000139196571429,5.1159085709943757e-05,1
71,1772846762570,-0.00014380525713999885,0.000139196571429,-0.0002608409142900352,1
72,1772846762573,-0.00014380525713999885,0.000139196571429,-0.0002608409142900352,1
73,1772846762576,-0.00014380525713999885,0.000139196571429,-0.0002608409142900352,1
74,1772846762578,4.729474286000075e-05,0.00017819657142899997,0.0003436590857099726,1
75,1772846762581,4.729474286000075e-05,0.00017819657142899997,0.0003436590857099726,1
76,1772846762584,4.729474286000075e-05,0.00017819657142899997,0.0003436590857099726,1
77,1772846762587,-0.00014770525713999998,-2.8503428571000013e-05,0.00047625908571001085,1
78,1772846762590,-0.00014770525713999998,-2.8503428571000013e-05,0.00047625908571001085,1
79,1772846762593,-0.00014770525713999998,-2.8503428571000013e-05,0.00047625908571001085,1
80,1772846762596,3.169474285999972e-05,0.000150896571429,2.7759085709937008e-05,1
81,1772846762598,3.169474285999972e-05,0.000150896571429,2.7759085709937008e-05,1
82,1772846762601,0.0001252947428600007,1.4396571429e-05,-7.340914290017604e-06,1
83,1772846762604,0.0001252947428600007,1.4396571429e-05,-7.340914290017604e-06,1
84,1772846762607,0.0001252947428600007,1.4396571429e-05,-7.340914290017604e-06,1
85,1772846762609,3.169474285999972e-05,4.9496571428999986e-05,-4.2440914289972216e-05,1
86,1772846762612,3.169474285999972e-05,4.9496571428999986e-05,-4.2440914289972216e-05,1
87,1772846762615,3.169474285999972e-05,4.9496571428999986e-05,-4.2440914289972216e-05,1
88,1772846762618,-7.305257139999383e-06,-7.140342857100003e-05,0.00021105908570993436,1
89,1772846762621,-7.305257139999383e-06,-7.140342857100003e-05,0.00021105908570993436,1
90,1772846762623,-7.305257139999383e-06,-7.140342857100003e-05,0.00021105908570993436,1
91,1772846762626,-7.750525713999881e-05,0.00011579657142899997,0.0006049590857099925,1
92,1772846762629,-7.750525713999881e-05,0.00011579657142899997,0.0006049590857099925,1
93,1772846762632,-7.750525713999881e-05,0.00011579657142899997,0.0006049590857099925,1
94,1772846762635,1.6094742860000427e-05,9.629657142899998e-05,0.00025395908571000225,1
95,1772846762637,1.6094742860000427e-05,9.629657142899998e-05,0.00025395908571000225,1
96,1772846762640,1.6094742860000427e-05,9.629657142899998e-05,0.00025395908571000225,1
97,1772846762643,-8.140525713999994e-05,0.00014699657142899997,0.00025395908571000225,1
98,1772846762646,-8.140525713999994e-05,0.00014699657142899997,0.00025395908571000225,1
99,1772846762649,-0.00011260525714000026,-5.970342857100001e-05,0.00026955908571000674,1
100,1772846762652,-0.00011260525714000026,-5.970342857100001e-05,0.00026955908571000674,1
101,1772846762654,-0.00011260525714000026,-5.970342857100001e-05,0.00026955908571000674,1
102,1772846762657,6.289474286000005e-05,-0.00014940342857100002,0.00010965908571001614,1
103,1772846762660,6.289474286000005e-05,-0.00014940342857100002,0.00010965908571001614,1
104,1772846762663,6.289474286000005e-05,-0.00014940342857100002,0.00010965908571001614,1
105,1772846762665,5.899474286000066e-05,-2.070342857100004e-05,0.0002305590857099955,1
106,1772846762668,5.899474286000066e-05,-2.070342857100004e-05,0.0002305590857099955,1
107,1772846762671,5.899474286000066e-05,-2.070342857100004e-05,0.0002305590857099955,1
108,1772846762674,0.0001759947428599997,6.119657142899994e-05,0.00014475908570997075,1
109,1772846762677,0.0001759947428599997,6.119657142899994e-05,0.00014475908570997075,1
110,1772846762679,0.0001759947428599997,6.119657142899994e-05,0.00014475908570997075,1
111,1772846762682,0.0001369947428600006,-6.750342857100004e-05,0.00031635908571002024,1
112,1772846762685,0.0001369947428600006,-6.750342857100004e-05,0.00031635908571002024,1
113,1772846762688,0.0001369947428600006,-6.750342857100004e-05,0.00031635908571002024,1
114,1772846762691,0.00012919474286000009,-3.630342857100004e-05,0.0003241590857100225,1
115,1772846762694,0.00012919474286000009,-3.630342857100004e-05,0.0003241590857100225,1
116,1772846762696,0.00012919474286000009,-9.003428571000027e-06,0.00019155908570998425,1
117,1772846762699,-0.0001945052571399996,-9.003428571000027e-06,0.00019155908570998425,1
118,1772846762702,-0.0001945052571399996,-9.003428571000027e-06,0.00019155908570998425,1
119,1772846762705,-0.0001945052571399996,-4.0203428571000026e-05,0.00030465908570996136,1
120,1772846762707,-0.00011260525714000026,-4.0203428571000026e-05,0.00030465908570996136,1
121,1772846762710,-0.00011260525714000026,-4.0203428571000026e-05,0.00030465908570996136,1
122,1772846762713,2.7794742860000332e-05,-0.000122103428571,-8.144091428998346e-05,1
123,1772846762715,2.7794742860000332e-05,-0.000122103428571,-8.144091428998346e-05,1
124,1772846762718,2.7794742860000332e-05,-0.000122103428571,-8.144091428998346e-05,1
0,1772846762765,-8.140525713999994e-05,0.00015869657142899998,0.0005152590857100221,1
1,1772846762829,8.239474286000047e-05,6.119657142899994e-05,4.725908570999814e-05,1
2,1772846762832,0.00018769474286000135,0.000568196571429,0.0013498590857099297,1
3,1772846762835,-0.00011260525714000026,-0.000613503428571,0.0013498590857099297,1
4,1772846762837,-0.00011260525714000026,-0.000613503428571,0.0013498590857099297,1
5,1772846762840,-0.00011260525714000026,-5.5803428571000026e-05,-0.0002140409142900217,1
6,1772846762843,-6.190525713999952e-05,-5.5803428571000026e-05,-0.0002140409142900217,1
7,1772846762846,-6.190525713999952e-05,-5.5803428571000026e-05,-0.0002140409142900217,1
8,1772846762849,0.00023839474286000036,0.00022889657142899996,0.000121359085709964,1
9,1772846762852,0.00023839474286000036,0.00022889657142899996,0.000121359085709964,1
10,1772846762855,0.00023839474286000036,0.00022889657142899996,0.000121359085709964,1
11,1772846762857,-0.00015550525713999876,-4.410342857100001e-05,0.0002929590857100135,1
12,1772846762860,-0.00015550525713999876,-4.410342857100001e-05,0.0002929590857100135,1
13,1772846762863,-0.00015550525713999876,-4.410342857100001e-05,0.0002929590857100135,1
14,1772846762866,0.00023449474286000097,0.00021719657142899994,0.0002188590857099366,1
15,1772846762868,0.00023449474286000097,0.00021719657142899994,0.0002188590857099366,1
16,1772846762871,0.00023449474286000097,0.00021719657142899994,0.0002188590857099366,1
17,1772846762874,-0.00017500525713999918,3.3896571428999986e-05,0.00025785908570994786,1
18,1772846762877,-0.00017500525713999918,3.3896571428999986e-05,0.00025785908570994786,1
19,1772846762880,-0.00017500525713999918,3.3896571428999986e-05,-0.0001165409142900491,1
20,1772846762883,0.00011749474286000018,0.000213296571429,-0.0001165409142900491,1
21,1772846762886,0.00011749474286000018,0.000213296571429,-0.0001165409142900491,1
22,1772846762888,0.0001759947428599997,0.00021719657142899994,5.8959085709946006e-05,1
23,1772846762891,0.0001759947428599997,0.00021719657142899994,5.8959085709946006e-05,1
24,1772846762894,0.0001759947428599997,0.00021719657142899994,5.8959085709946006e-05,1
25,1772846762897,0.00020329474286000064,-0.00020400342857100002,0.00019155908570998425,1
26,1772846762899,0.00020329474286000064,-0.00020400342857100002,0.00019155908570998425,1
27,1772846762902,0.00020329474286000064,-0.00020400342857100002,0.00019155908570998425,1
28,1772846762905,-6.970525714000003e-05,-8.310342857100004e-05,0.00034755908571002924,1
29,1772846762907,-6.970525714000003e-05,-8.310342857100004e-05,0.00034755908571002924,1
30,1772846762910,-6.970525714000003e-05,-8.310342857100004e-05,0.00034755908571002924,1
31,1772846762913,-0.00010870525713999914,6.899657142899997e-05,0.0001486590857100274,1
32,1772846762916,-0.00010870525713999914,6.899657142899997e-05,0.0001486590857100274,1
33,1772846762918,-0.00010870525713999914,6.899657142899997e-05,0.0001486590857100274,1
34,1772846762921,-3.070525713999919e-05,0.00012359657142899994,0.00028905908570995686,1
35,1772846762924,-3.070525713999919e-05,0.00012359657142899994,0.00028905908570995686,1
36,1772846762926,-3.070525713999919e-05,0.00012359657142899994,0.00028905908570995686,1
37,1772846762929,-0.00010870525713999914,9.629657142899998e-05,0.0002305590857099955,1
38,1772846762932,-0.00010870525713999914,9.629657142899998e-05,0.0002305590857099955,1
39,1772846762935,-0.00010870525713999914,9.629657142899998e-05,0.0002305590857099955,1
40,1772846762937,0.00010189474286000089,0.00012749657142899998,0.00033195908571002474,1
41,1772846762940,0.00010189474286000089,0.00012749657142899998,0.00033195908571002474,1
42,1772846762943,0.00010189474286000089,0.00012749657142899998,0.00033195908571002474,1
43,1772846762946,-8.920525713999872e-05,-9.090342857100001e-05,0.0004060590857099906,1
44,1772846762948,-8.920525713999872e-05,-9.090342857100001e-05,0.0004060590857099906,1
45,1772846762951,-8.920525713999872e-05,-9.090342857100001e-05,0.0004060590857099906,1
46,1772846762954,-3.460525713999858e-05,0.00022889657142899996,0.00017205908571003414,1
47,1772846762957,-3.460525713999858e-05,0.00022889657142899996,0.00017205908571003414,1
48,1772846762959,-3.460525713999858e-05,0.00022889657142899996,9.0159085709955e-05,1
49,1772846762962,-7.305257139999383e-06,-1.6803428571e-05,9.0159085709955e-05,1
50,1772846762965,-7.305257139999383e-06,-1.6803428571e-05,9.0159085709955e-05,1
51,1772846762967,-7.305257139999383e-06,-1.6803428571e-05,5.1159085709943757e-05,1
52,1772846762970,-0.00010870525713999914,0.000182096571429,5.1159085709943757e-05,1
53,1772846762973,-0.00010870525713999914,0.000182096571429,5.1159085709943757e-05,1
54,1772846762976,-9.700525713999923e-05,4.169657142899996e-05,6.675908570994826e-05,1
55,1772846762978,-9.700525713999923e-05,4.169657142899996e-05,6.675908570994826e-05,1
56,1772846762981,-9.700525713999923e-05,4.169657142899996e-05,6.675908570994826e-05,1
57,1772846762985,3.559474286000085e-05,6.509657142899999e-05,0.00019155908570998425,1
58,1772846762987,3.559474286000085e-05,6.509657142899999e-05,0.00019155908570998425,1
59,1772846762990,3.559474286000085e-05,6.509657142899999e-05,0.00019155908570998425,1
60,1772846762993,7.849474286000108e-05,0.00014699657142899997,0.00019155908570998425,1
61,1772846762996,7.849474286000108e-05,0.00014699657142899997,0.00019155908570998425,1
62,1772846762998,7.849474286000108e-05,0.00014699657142899997,0.00019155908570998425,1
63,1772846763001,0.0001369947428600006,3.3896571428999986e-05,0.00025395908571000225,1
64,1772846763004,0.0001369947428600006,3.3896571428999986e-05,0.00025395908571000225,1
65,1772846763007,0.0001369947428600006,3.3896571428999986e-05,0.00025395908571000225,1
66,1772846763010,0.0001213947428600013,-7.530342857100001e-05,0.000308559085710018,1
67,1772846763013,0.0001213947428600013,-7.530342857100001e-05,0.000308559085710018,1
68,1772846763016,3.559474286000085e-05,2.6965714289999866e-06,0.0001486590857100274,1
69,1772846763019,3.559474286000085e-05,2.6965714289999866e-06,0.0001486590857100274,1
70,1772846763021,3.559474286000085e-05,2.6965714289999866e-06,0.0001486590857100274,1
71,1772846763024,-3.070525713999919e-05,1.049657142899996e-05,0.00028905908570995686,1
72,1772846763027,-3.070525713999919e-05,1.049657142899996e-05,0.00028905908570995686,1
73,1772846763030,-3.070525713999919e-05,1.049657142899996e-05,0.00028905908570995686,1
74,1772846763032,8.294742859999912e-06,-4.8003428571e-05,0.00043335908570994296,1
75,1772846763035,8.294742859999912e-06,-4.8003428571e-05,0.00043335908570994296,1
76,1772846763038,8.294742859999912e-06,-4.8003428571e-05,0.00043335908570994296,1
77,1772846763040,-3.460525713999858e-05,1.4396571429e-05,0.00019155908570998425,1
78,1772846763044,-3.460525713999858e-05,1.4396571429e-05,0.00019155908570998425,1
79,1772846763046,-3.460525713999858e-05,1.4396571429e-05,0.00019155908570998425,1
80,1772846763049,-3.850525713999971e-05,4.5596571429e-05,0.000339759085710027,1
81,1772846763052,-3.850525713999971e-05,4.5596571429e-05,0.000339759085710027,1
82,1772846763055,-3.850525713999971e-05,4.5596571429e-05,0.000339759085710027,1
83,1772846763057,4.947428600011322e-07,4.5596571429e-05,5.505908571000039e-05,1
84,1772846763060,4.947428600011322e-07,4.5596571429e-05,5.505908571000039e-05,1
85,1772846763063,4.947428600011322e-07,4.5596571429e-05,0.000121359085709964,1
86,1772846763066,-2.2905257139998678e-05,0.00010409657142899996,0.000121359085709964,1
87,1772846763068,-2.2905257139998678e-05,0.00010409657142899996,0.000121359085709964,1
88,1772846763071,-2.2905257139998678e-05,0.00010409657142899996,0.00031635908571002024,1
89,1772846763074,2.7794742860000332e-05,-8.700342857100003e-05,0.00031635908571002024,1
90,1772846763077,2.7794742860000332e-05,-8.700342857100003e-05,0.00031635908571002024,1
91,1772846763079,-0.00012040525713999904,1.8296571428999986e-05,0.0003592590857099771,1
92,1772846763082,-0.00012040525713999904,1.8296571428999986e-05,0.0003592590857099771,1
93,1772846763085,-0.00012040525713999904,1.8296571428999986e-05,0.0003592590857099771,1
94,1772846763088,-4.630525714000022e-05,3.3896571428999986e-05,0.00024615908571,1
95,1772846763090,-4.630525714000022e-05,3.3896571428999986e-05,0.00024615908571,1
96,1772846763093,-4.630525714000022e-05,3.3896571428999986e-05,0.00024615908571,1
97,1772846763096,-5.800525714000013e-05,6.509657142899999e-05,0.0002188590857099366,1
98,1772846763099,-5.800525714000013e-05,6.509657142899999e-05,0.0002188590857099366,1
99,1772846763101,-5.800525714000013e-05,6.509657142899999e-05,0.0002188590857099366,1
100,1772846763104,-0.00011650525713999965,-0.000297603428571,0.00016035908570997525,1
101,1772846763107,-0.00011650525713999965,-0.000297603428571,0.00016035908570997525,1
102,1772846763110,-0.00011650525713999965,-0.000297603428571,0.00016035908570997525,1
103,1772846763113,0.00016819474286000093,-1.203428571000054e-06,0.00015645908571002964,1
104,1772846763116,0.00016819474286000093,-1.203428571000054e-06,0.00015645908571002964,1
105,1772846763118,0.00016819474286000093,-1.203428571000054e-06,0.00015645908571002964,1
106,1772846763121,0.00010579474286000028,-5.10342857100004e-06,0.0002305590857099955,1
107,1772846763124,0.00010579474286000028,-5.10342857100004e-06,0.0002305590857099955,1
108,1772846763127,0.00010579474286000028,-5.10342857100004e-06,0.0002305590857099955,1
109,1772846763129,5.119474286000014e-05,1.4396571429e-05,0.0001681590857099775,1
110,1772846763132,5.119474286000014e-05,1.4396571429e-05,0.0001681590857099775,1
111,1772846763135,5.119474286000014e-05,1.4396571429e-05,-9.704091428998796e-05,1
112,1772846763138,4.339474286000136e-05,0.00018599657142899994,-9.704091428998796e-05,1
113,1772846763140,4.339474286000136e-05,0.00018599657142899994,-9.704091428998796e-05,1
114,1772846763143,4.339474286000136e-05,0.00010019657142899997,0.000121359085709964,1
115,1772846763146,8.629474285999986e-05,0.00010019657142899997,0.000121359085709964,1
116,1772846763148,8.629474285999986e-05,0.00010019657142899997,0.000121359085709964,1
117,1772846763151,-8.920525713999872e-05,2.609657142899996e-05,0.00014085908571002514,1
118,1772846763154,-8.920525713999872e-05,2.609657142899996e-05,0.00014085908571002514,1
119,1772846763157,-8.920525713999872e-05,2.609657142899996e-05,0.00014085908571002514,1
120,1772846763159,-0.00013210525713999895,2.9996571428999945e-05,0.00017985908571003639,1
121,1772846763162,-0.00013210525713999895,2.9996571428999945e-05,0.00017985908571003639,1
122,1772846763165,-0.00013210525713999895,2.9996571428999945e-05,0.00017985908571003639,1
123,1772846763168,4.394742860000522e-06,9.629657142899998e-05,0.00021105908570993436,1
124,1772846763170,4.394742860000522e-06,9.629657142899998e-05,0.00021105908570993436,1
0,1772846763214,-7.305257139999383e-06,0.00010409657142899996,0.0002656590857099501,1
1,1772846763241,-6.190525713999952e-05,0.00012749657142899998,0.0002656590857099501,1
2,1772846763256,-7.750525713999881e-05,0.000201596571429,0.00016035908570997525,1
3,1772846763284,3.169474285999972e-05,0.00017819657142899997,0.00014475908570997075,1
4,1772846763286,3.169474285999972e-05,0.00017819657142899997,0.00028905908570995686,1
5,1772846763289,-3.070525713999919e-05,0.00011189657142899998,0.00028905908570995686,1
6,1772846763293,-3.070525713999919e-05,0.00011189657142899998,0.00028905908570995686,1
7,1772846763296,0.00012919474286000009,0.000170396571429,0.00025785908570994786,1
8,1772846763299,0.00012919474286000009,0.000170396571429,0.00025785908570994786,1
9,1772846763302,0.00012919474286000009,6.509657142899999e-05,6.675908570994826e-05,1
10,1772846763305,-2.2905257139998678e-05,6.509657142899999e-05,6.675908570994826e-05,1
11,1772846763308,-2.2905257139998678e-05,6.509657142899999e-05,6.675908570994826e-05,1
12,1772846763311,3.169474285999972e-05,-4.8003428571e-05,0.0001876590857099276,1
13,1772846763313,3.169474285999972e-05,-4.8003428571e-05,0.0001876590857099276,1
14,1772846763316,3.169474285999972e-05,-4.8003428571e-05,0.0001876590857099276,1
15,1772846763319,4.339474286000136e-05,8.069657142899999e-05,0.00010185908571001389,1
16,1772846763322,4.339474286000136e-05,8.069657142899999e-05,0.00010185908571001389,1
17,1772846763324,4.339474286000136e-05,8.069657142899999e-05,0.00010185908571001389,1
18,1772846763327,-0.00011260525714000026,0.000150896571429,0.00024225908570994336,1
19,1772846763330,-0.00011260525714000026,0.000150896571429,0.00024225908570994336,1
20,1772846763333,-0.00011260525714000026,0.000150896571429,0.00024225908570994336,1
21,1772846763335,-3.4052571399999926e-06,9.629657142899998e-05,0.00046065908571000635,1
22,1772846763338,-3.4052571399999926e-06,9.629657142899998e-05,0.00046065908571000635,1
23,1772846763341,-3.4052571399999926e-06,9.629657142899998e-05,0.00046065908571000635,1
24,1772846763343,-9.700525713999923e-05,-5.5803428571000026e-05,0.00023835908570999775,1
25,1772846763346,-9.700525713999923e-05,-5.5803428571000026e-05,0.00023835908570999775,1
26,1772846763349,-9.700525713999923e-05,-5.5803428571000026e-05,0.00023835908570999775,1
27,1772846763352,-5.800525714000013e-05,-6.360342857100005e-05,8.625908571000939e-05,1
28,1772846763354,-5.800525714000013e-05,-6.360342857100005e-05,8.625908571000939e-05,1
29,1772846763357,-5.800525714000013e-05,-6.360342857100005e-05,8.625908571000939e-05,1
30,1772846763360,4.729474286000075e-05,4.9496571428999986e-05,0.0004411590857099452,1
31,1772846763363,4.729474286000075e-05,4.9496571428999986e-05,0.0004411590857099452,1
32,1772846763366,4.729474286000075e-05,6.509657142899999e-05,0.00019545908570992986,1
33,1772846763369,-1.9005257139999288e-05,6.509657142899999e-05,0.00019545908570992986,1
34,1772846763371,-1.9005257139999288e-05,6.509657142899999e-05,0.00019545908570992986,1
35,1772846763374,-1.9005257139999288e-05,3.779657142899997e-05,0.00021105908570993436,1
36,1772846763377,-3.4052571399999926e-06,3.779657142899997e-05,0.00021105908570993436,1
37,1772846763380,-3.4052571399999926e-06,3.779657142899997e-05,0.00021105908570993436,1
38,1772846763382,0.00010579474286000028,-4.8003428571e-05,0.0002617590857100045,1
39,1772846763385,0.00010579474286000028,-4.8003428571e-05,0.0002617590857100045,1
40,1772846763388,0.00010579474286000028,-4.8003428571e-05,0.0002617590857100045,1
41,1772846763391,0.00014089474286,6.509657142899999e-05,0.0004567590857099497,1
42,1772846763393,0.00014089474286,6.509657142899999e-05,0.0004567590857099497,1
43,1772846763396,0.00014089474286,6.509657142899999e-05,0.0004567590857099497,1
44,1772846763399,-7.750525713999881e-05,-5.190342857100004e-05,0.00030075908571001574,1
45,1772846763402,-7.750525713999881e-05,-5.190342857100004e-05,0.00030075908571001574,1
46,1772846763404,-7.750525713999881e-05,-5.190342857100004e-05,0.00030075908571001574,1
47,1772846763407,-7.750525713999881e-05,-7.9203428571e-05,0.0001876590857099276,1
48,1772846763410,-7.750525713999881e-05,-7.9203428571e-05,0.0001876590857099276,1
49,1772846763412,-7.750525713999881e-05,-7.9203428571e-05,0.0001876590857099276,1
50,1772846763415,5.119474286000014e-05,4.169657142899996e-05,7.45590857099505e-05,1
51,1772846763418,5.119474286000014e-05,4.169657142899996e-05,7.45590857099505e-05,1
52,1772846763421,5.119474286000014e-05,4.169657142899996e-05,7.45590857099505e-05,1
53,1772846763423,4.394742860000522e-06,0.000107996571429,3.1659085709993644e-05,1
54,1772846763426,4.394742860000522e-06,0.000107996571429,3.1659085709993644e-05,1
55,1772846763429,4.394742860000522e-06,0.000107996571429,3.1659085709993644e-05,1
56,1772846763432,3.169474285999972e-05,8.849657142899996e-05,0.0003592590857099771,1
57,1772846763434,3.169474285999972e-05,8.849657142899996e-05,0.0003592590857099771,1
58,1772846763437,3.169474285999972e-05,8.849657142899996e-05,0.0003592590857099771,1
59,1772846763440,3.559474286000085e-05,-0.000122103428571,0.00022665908570993886,1
60,1772846763443,3.559474286000085e-05,-0.000122103428571,0.00022665908570993886,1
61,1772846763445,3.559474286000085e-05,-0.000122103428571,0.00022665908570993886,1
62,1772846763448,7.459474285999995e-05,4.5596571429e-05,0.000121359085709964,1
63,1772846763451,7.459474285999995e-05,4.5596571429e-05,0.000121359085709964,1
64,1772846763454,7.459474285999995e-05,4.5596571429e-05,0.00011745908571001839,1
65,1772846763457,-0.00010870525713999914,0.00014309657142899993,0.00011745908571001839,1
66,1772846763460,-0.00010870525713999914,0.00014309657142899993,0.00011745908571001839,1
67,1772846763462,-8.920525713999872e-05,0.00010409657142899996,0.0001057590857099595,1
68,1772846763465,-8.920525713999872e-05,0.00010409657142899996,0.0001057590857099595,1
69,1772846763468,-8.920525713999872e-05,0.00010409657142899996,0.0001057590857099595,1
70,1772846763471,-9.700525713999923e-05,0.00012359657142899994,0.00047625908571001085,1
71,1772846763474,-9.700525713999923e-05,0.00012359657142899994,0.00047625908571001085,1
72,1772846763476,-9.700525713999923e-05,0.00012359657142899994,0.00047625908571001085,1
73,1772846763479,-6.580525713999891e-05,-0.00014940342857100002,0.0007804590857099876,1
74,1772846763482,-6.580525713999891e-05,-0.00014940342857100002,0.0007804590857099876,1
75,1772846763485,-6.580525713999891e-05,-0.00014940342857100002,0.0007804590857099876,1
76,1772846763488,-3.4052571399999926e-06,-2.4603428571000026e-05,2.7759085709937008e-05,1
77,1772846763491,-3.4052571399999926e-06,-2.4603428571000026e-05,2.7759085709937008e-05,1
78,1772846763494,-3.4052571399999926e-06,0.000170396571429,-0.00018674091429006934,1
79,1772846763496,0.00014089474286,0.000170396571429,-0.00018674091429006934,1
80,1772846763499,0.00014089474286,0.000170396571429,-0.00018674091429006934,1
81,1772846763502,0.00014089474286,5.339657142899997e-05,0.0004099590857099362,1
82,1772846763505,2.7794742860000332e-05,5.339657142899997e-05,0.0004099590857099362,1
83,1772846763507,2.7794742860000332e-05,5.339657142899997e-05,0.0004099590857099362,1
84,1772846763510,9.019474286000098e-05,-0.000137703428571,0.0005503590857099767,1
85,1772846763513,9.019474286000098e-05,-0.000137703428571,0.0005503590857099767,1
86,1772846763515,9.019474286000098e-05,-0.000137703428571,0.0005503590857099767,1
87,1772846763518,-7.305257139999383e-06,-0.000153303428571,0.00017985908571003639,1
88,1772846763521,-7.305257139999383e-06,-0.000153303428571,0.00017985908571003639,1
89,1772846763524,-7.305257139999383e-06,-0.000153303428571,0.00017985908571003639,1
90,1772846763526,0.00017989474286000083,0.00011189657142899998,0.0001876590857099276,1
91,1772846763529,0.00017989474286000083,0.00011189657142899998,0.0001876590857099276,1
92,1772846763532,0.00017989474286000083,0.00011189657142899998,0.0001876590857099276,1
93,1772846763534,7.849474286000108e-05,-0.00011430342857100004,0.00044505908571000185,1
94,1772846763537,7.849474286000108e-05,-0.00011430342857100004,0.00044505908571000185,1
95,1772846763540,7.849474286000108e-05,-0.00011430342857100004,0.00044505908571000185,1
96,1772846763543,-7.305257139999383e-06,1.4396571429e-05,0.00043335908570994296,1
97,1772846763545,-7.305257139999383e-06,1.4396571429e-05,0.00043335908570994296,1
98,1772846763548,-7.305257139999383e-06,1.4396571429e-05,0.00043335908570994296,1
99,1772846763551,8.294742859999912e-06,2.9996571428999945e-05,0.0005542590857100333,1
100,1772846763554,8.294742859999912e-06,2.9996571428999945e-05,0.0005542590857100333,1
101,1772846763556,8.294742859999912e-06,2.9996571428999945e-05,0.0005542590857100333,1
102,1772846763559,4.339474286000136e-05,7.6796571429e-05,0.0003553590857100315,1
103,1772846763562,4.339474286000136e-05,7.6796571429e-05,0.0003553590857100315,1
104,1772846763565,4.339474286000136e-05,7.6796571429e-05,0.0003553590857100315,1
105,1772846763567,0.00010579474286000028,0.00015869657142899998,0.0002188590857099366,1
106,1772846763570,0.00010579474286000028,0.00015869657142899998,0.0002188590857099366,1
107,1772846763573,0.00010579474286000028,0.00015869657142899998,0.0002188590857099366,1
108,1772846763576,0.00010189474286000089,2.2196571428999973e-05,0.00031635908571002024,1
109,1772846763579,0.00010189474286000089,2.2196571428999973e-05,0.00031635908571002024,1
110,1772846763582,0.00023839474286000036,-4.410342857100001e-05,0.000183759085709982,1
111,1772846763585,0.00023839474286000036,-4.410342857100001e-05,0.000183759085709982,1
112,1772846763588,0.00023839474286000036,-4.410342857100001e-05,0.000183759085709982,1
113,1772846763590,0.0003046947428600004,-5.190342857100004e-05,9.0159085709955e-05,1
114,1772846763593,0.0003046947428600004,-5.190342857100004e-05,9.0159085709955e-05,1
115,1772846763596,0.0003046947428600004,-5.190342857100004e-05,9.0159085709955e-05,1
116,1772846763599,-1.9005257139999288e-05,-7.9203428571e-05,8.235908570995275e-05,1
117,1772846763601,-1.9005257139999288e-05,-7.9203428571e-05,8.235908570995275e-05,1
118,1772846763604,-1.9005257139999288e-05,-7.9203428571e-05,8.235908570995275e-05,1
119,1772846763607,-0.00012820525713999956,2.2196571428999973e-05,0.00025395908571000225,1
120,1772846763610,-0.00012820525713999956,2.2196571428999973e-05,0.00025395908571000225,1
121,1772846763612,-0.00012820525713999956,2.2196571428999973e-05,0.00025395908571000225,1
122,1772846763615,2.3894742860000942e-05,1.8296571428999986e-05,0.0003553590857100315,1
123,1772846763618,2.3894742860000942e-05,1.8296571428999986e-05,0.0003553590857100315,1
124,1772846763621,2.3894742860000942e-05,1.8296571428999986e-05,0.0003553590857100315,1
0,1772846763667,5.509474286000127e-05,-1.6803428571e-05,0.00028515908571001124,1
1,1772846763721,-4.24052571399991e-05,0.00012359657142899994,0.0003787590857099272,1
2,1772846763732,6.289474286000005e-05,-5.970342857100001e-05,0.0002344590857099411,1
3,1772846763735,-5.4105257139999e-05,6.596571428999973e-06,-4.634091429002885e-05,1
4,1772846763737,-5.4105257139999e-05,6.596571428999973e-06,-4.634091429002885e-05,1
5,1772846763740,-5.4105257139999e-05,6.596571428999973e-06,-4.634091429002885e-05,1
6,1772846763743,-0.0001828052571399997,-0.00012600342857100002,9.0159085709955e-05,1
7,1772846763746,-0.0001828052571399997,-0.00012600342857100002,9.0159085709955e-05,1
8,1772846763748,-0.0001828052571399997,-0.00012600342857100002,9.0159085709955e-05,1
9,1772846763751,-0.00012040525713999904,4.169657142899996e-05,0.00036705908570997935,1
10,1772846763754,-0.00012040525713999904,4.169657142899996e-05,0.00036705908570997935,1
11,1772846763756,-0.00012040525713999904,4.169657142899996e-05,0.0003748590857099816,1
12,1772846763759,-7.305257139999383e-06,-0.00016110342857100004,0.0003748590857099816,1
13,1772846763762,-7.305257139999383e-06,-0.00016110342857100004,0.0003748590857099816,1
14,1772846763765,-7.305257139999383e-06,4.169657142899996e-05,-0.00011264091428999246,1
15,1772846763767,0.0001486947428600005,4.169657142899996e-05,-0.00011264091428999246,1
16,1772846763770,0.0001486947428600005,4.169657142899996e-05,-0.00011264091428999246,1
17,1772846763773,-5.4105257139999e-05,0.000338096571429,0.0005737590857099835,1
18,1772846763776,-5.4105257139999e-05,0.000338096571429,0.0005737590857099835,1
19,1772846763778,-5.4105257139999e-05,0.000338096571429,0.0005737590857099835,1
20,1772846763781,-5.4105257139999e-05,-9.480342857100005e-05,0.0006712590857099561,1
21,1772846763784,-5.4105257139999e-05,-9.480342857100005e-05,0.0006712590857099561,1
22,1772846763787,-5.4105257139999e-05,-9.480342857100005e-05,0.0006712590857099561,1
23,1772846763789,6.679474286000117e-05,-5.970342857100001e-05,1.2159085709932509e-05,1
24,1772846763792,6.679474286000117e-05,-5.970342857100001e-05,1.2159085709932509e-05,1
25,1772846763795,6.679474286000117e-05,-5.970342857100001e-05,1.2159085709932509e-05,1
26,1772846763798,0.00019159474286000074,-1.203428571000054e-06,0.00033195908571002474,1
27,1772846763800,0.00019159474286000074,-1.203428571000054e-06,0.00033195908571002474,1
28,1772846763803,0.00019159474286000074,-1.203428571000054e-06,0.00033195908571002474,1
29,1772846763806,-0.00011260525714000026,1.049657142899996e-05,0.000277359085710009,1
30,1772846763809,-0.00011260525714000026,1.049657142899996e-05,0.000277359085710009,1
31,1772846763812,-0.00011260525714000026,1.049657142899996e-05,0.000277359085710009,1
32,1772846763815,5.899474286000066e-05,-0.00012600342857100002,0.00024615908571,1
33,1772846763818,5.899474286000066e-05,-0.00012600342857100002,0.00024615908571,1
34,1772846763821,5.899474286000066e-05,1.8296571428999986e-05,5.505908571000039e-05,1
35,1772846763823,-0.00011650525713999965,1.8296571428999986e-05,5.505908571000039e-05,1
36,1772846763826,-0.00011650525713999965,1.8296571428999986e-05,5.505908571000039e-05,1
37,1772846763829,0.0001642947428599998,-6.750342857100004e-05,0.0002188590857099366,1
38,1772846763832,0.0001642947428599998,-6.750342857100004e-05,0.0002188590857099366,1
39,1772846763834,0.0001642947428599998,-6.750342857100004e-05,0.0002188590857099366,1
40,1772846763837,0.00020719474286000003,-4.410342857100001e-05,0.00025395908571000225,1
41,1772846763840,0.00020719474286000003,-4.410342857100001e-05,0.00025395908571000225,1
42,1772846763843,0.00020719474286000003,-4.410342857100001e-05,0.00025395908571000225,1
43,1772846763846,4.947428600011322e-07,4.5596571429e-05,0.00022275908570999325,1
44,1772846763849,4.947428600011322e-07,4.5596571429e-05,0.00022275908570999325,1
45,1772846763852,4.947428600011322e-07,4.5596571429e-05,0.00022275908570999325,1
46,1772846763854,-0.00012040525713999904,-0.00012600342857100002,0.00025785908570994786,1
47,1772846763857,-0.00012040525713999904,-0.00012600342857100002,0.00025785908570994786,1
48,1772846763860,-0.00012040525713999904,-0.00012600342857100002,0.00025785908570994786,1
49,1772846763862,3.949474286000024e-05,-7.9203428571e-05,0.00014085908571002514,1
50,1772846763865,3.949474286000024e-05,-7.9203428571e-05,0.00014085908571002514,1
51,1772846763868,3.949474286000024e-05,-7.9203428571e-05,0.00014085908571002514,1
52,1772846763871,3.169474285999972e-05,5.339657142899997e-05,2.7759085709937008e-05,1
53,1772846763873,3.169474285999972e-05,5.339657142899997e-05,2.7759085709937008e-05,1
54,1772846763876,3.169474285999972e-05,5.339657142899997e-05,0.00021105908570993436,1
55,1772846763879,0.00010579474286000028,-7.530342857100001e-05,0.00021105908570993436,1
56,1772846763882,0.00010579474286000028,-7.530342857100001e-05,0.00021105908570993436,1
57,1772846763884,0.00010579474286000028,0.00015479657142899994,0.00039825908570998835,1
58,1772846763887,-1.9005257139999288e-05,0.00015479657142899994,0.00039825908570998835,1
59,1772846763890,-1.9005257139999288e-05,0.00015479657142899994,0.00039825908570998835,1
60,1772846763893,-4.24052571399991e-05,1.8296571428999986e-05,0.00032025908570996586,1
61,1772846763895,-4.24052571399991e-05,1.8296571428999986e-05,0.00032025908570996586,1
62,1772846763898,-4.24052571399991e-05,1.8296571428999986e-05,0.00032025908570996586,1
63,1772846763901,-5.020525713999961e-05,7.289657142899996e-05,0.0002656590857099501,1
64,1772846763904,-5.020525713999961e-05,7.289657142899996e-05,0.0002656590857099501,1
65,1772846763906,-5.020525713999961e-05,7.289657142899996e-05,0.0002656590857099501,1
66,1772846763909,4.394742860000522e-06,-8.700342857100003e-05,0.00025785908570994786,1
67,1772846763913,4.394742860000522e-06,-8.700342857100003e-05,0.00025785908570994786,1
68,1772846763915,4.394742860000522e-06,-8.700342857100003e-05,0.00025785908570994786,1
69,1772846763918,-4.630525714000022e-05,-2.4603428571000026e-05,2.7759085709937008e-05,1
70,1772846763921,-4.630525714000022e-05,-2.4603428571000026e-05,2.7759085709937008e-05,1
71,1772846763924,-4.630525714000022e-05,-2.4603428571000026e-05,2.7759085709937008e-05,1
72,1772846763926,-0.00013600525714000007,-0.000153303428571,0.00022665908570993886,1
73,1772846763929,-0.00013600525714000007,-0.000153303428571,0.00022665908570993886,1
74,1772846763932,-0.00013600525714000007,-0.000153303428571,0.00022665908570993886,1
75,1772846763934,8.294742859999912e-06,8.069657142899999e-05,0.0002812590857099546,1
76,1772846763937,8.294742859999912e-06,8.069657142899999e-05,0.0002812590857099546,1
77,1772846763940,8.294742859999912e-06,8.069657142899999e-05,0.000277359085710009,1
78,1772846763943,-4.24052571399991e-05,-9.870342857100004e-05,0.000277359085710009,1
79,1772846763945,-4.24052571399991e-05,-9.870342857100004e-05,0.000277359085710009,1
80,1772846763948,-4.24052571399991e-05,-1.2903428571000013e-05,0.0001642590857100319,1
81,1772846763951,-6.190525713999952e-05,-1.2903428571000013e-05,0.0001642590857100319,1
82,1772846763954,-6.190525713999952e-05,-1.2903428571000013e-05,0.0001642590857100319,1
83,1772846763956,-3.460525713999858e-05,-9.003428571000027e-06,0.0001330590857100229,1
84,1772846763959,-3.460525713999858e-05,-9.003428571000027e-06,0.0001330590857100229,1
85,1772846763962,-3.460525713999858e-05,-9.003428571000027e-06,0.0001330590857100229,1
86,1772846763965,0.00018769474286000135,6.596571428999973e-06,-1.5140914290019854e-05,1
87,1772846763967,0.00018769474286000135,6.596571428999973e-06,-1.5140914290019854e-05,1
88,1772846763970,0.00018769474286000135,6.596571428999973e-06,-1.5140914290019854e-05,1
89,1772846763973,-5.800525714000013e-05,3.3896571428999986e-05,0.00015645908571002964,1
90,1772846763976,-5.800525714000013e-05,3.3896571428999986e-05,0.00015645908571002964,1
91,1772846763980,-5.800525714000013e-05,3.3896571428999986e-05,0.0004099590857099362,1
92,1772846763984,9.019474286000098e-05,4.9496571428999986e-05,0.0004099590857099362,1
93,1772846763987,9.019474286000098e-05,4.9496571428999986e-05,0.0004099590857099362,1
94,1772846763990,-3.070525713999919e-05,-1.2903428571000013e-05,0.0005308590857100266,1
95,1772846763993,-3.070525713999919e-05,-1.2903428571000013e-05,0.0005308590857100266,1
96,1772846763996,-3.070525713999919e-05,-4.8003428571e-05,0.00043335908570994296,1
97,1772846763999,-6.580525713999891e-05,-4.8003428571e-05,0.00043335908570994296,1
98,1772846764001,-6.580525713999891e-05,-4.8003428571e-05,0.00043335908570994296,1
99,1772846764004,0.00014479474286000112,-2.4603428571000026e-05,0.0002500590857099456,1
100,1772846764007,0.00014479474286000112,-2.4603428571000026e-05,0.0002500590857099456,1
101,1772846764010,0.00014479474286000112,-2.4603428571000026e-05,0.0002500590857099456,1
102,1772846764012,0.00015649474286000102,4.5596571429e-05,0.00022275908570999325,1
103,1772846764015,0.00015649474286000102,4.5596571429e-05,0.00022275908570999325,1
104,1772846764018,0.00015649474286000102,4.5596571429e-05,0.00022275908570999325,1
105,1772846764021,0.0001096947428600014,-1.6803428571e-05,0.00036315908571003374,1
106,1772846764023,0.0001096947428600014,-1.6803428571e-05,0.00036315908571003374,1
107,1772846764026,0.0001096947428600014,-1.6803428571e-05,0.00036315908571003374,1
108,1772846764029,4.339474286000136e-05,4.9496571428999986e-05,0.00030465908570996136,1
109,1772846764032,4.339474286000136e-05,4.9496571428999986e-05,0.00030465908570996136,1
110,1772846764034,4.339474286000136e-05,4.9496571428999986e-05,0.00030465908570996136,1
111,1772846764037,-5.800525714000013e-05,-2.4603428571000026e-05,0.00039825908570998835,1
112,1772846764040,-5.800525714000013e-05,-2.4603428571000026e-05,0.00039825908570998835,1
113,1772846764043,-5.800525714000013e-05,-2.4603428571000026e-05,0.00039825908570998835,1
114,1772846764046,-8.920525713999872e-05,0.00011189657142899998,0.0003787590857099272,1
115,1772846764049,-8.920525713999872e-05,0.00011189657142899998,0.0003787590857099272,1
116,1772846764052,-8.920525713999872e-05,-5.970342857100001e-05,0.00011745908571001839,1
117,1772846764054,-5.4105257139999e-05,-5.970342857100001e-05,0.00011745908571001839,1
118,1772846764057,-5.4105257139999e-05,-5.970342857100001e-05,0.00011745908571001839,1
119,1772846764060,-0.00017500525713999918,0.00011969657142899996,0.00024225908570994336,1
120,1772846764063,-0.00017500525713999918,0.00011969657142899996,0.00024225908570994336,1
121,1772846764065,-0.00017500525713999918,0.00011969657142899996,0.00024225908570994336,1
122,1772846764068,1.9994742859999817e-05,-2.070342857100004e-05,0.00028515908571001124,1
123,1772846764071,1.9994742859999817e-05,-2.070342857100004e-05,0.00028515908571001124,1
124,1772846764074,1.9994742859999817e-05,-2.070342857100004e-05,0.00028515908571001124,1
0,1772846764178,-0.00016330525713999927,1.8296571428999986e-05,0.0001642590857100319,1
1,1772846764181,4.729474286000075e-05,0.00010409657142899996,0.00030075908571001574,1
2,1772846764184,4.729474286000075e-05,0.00010409657142899996,0.00030075908571001574,1
3,1772846764186,4.729474286000075e-05,0.00010409657142899996,0.00030075908571001574,1
4,1772846764189,0.00011359474286000079,0.00013139657142899997,0.00030465908570996136,1
5,1772846764191,0.00011359474286000079,0.00013139657142899997,0.00030465908570996136,1
6,1772846764194,0.00011359474286000079,0.00013139657142899997,0.00030465908570996136,1
7,1772846764197,0.00018379474286000022,-5.10342857100004e-06,0.00032025908570996586,1
8,1772846764199,0.00018379474286000022,-5.10342857100004e-06,0.00032025908570996586,1
9,1772846764202,0.00018379474286000022,-5.10342857100004e-06,0.00032025908570996586,1
10,1772846764204,-6.970525714000003e-05,0.00011189657142899998,0.00014475908570997075,1
11,1772846764211,-6.970525714000003e-05,-9.003428571000027e-06,0.00021105908570993436,1
12,1772846764214,-6.190525713999952e-05,-9.003428571000027e-06,0.00021105908570993436,1
13,1772846764217,-6.190525713999952e-05,-9.003428571000027e-06,0.00021105908570993436,1
14,1772846764220,4.339474286000136e-05,-0.000122103428571,0.00026955908571000674,1
15,1772846764223,4.339474286000136e-05,-0.000122103428571,0.00026955908571000674,1
16,1772846764225,4.339474286000136e-05,-0.000122103428571,0.00026955908571000674,1
17,1772846764228,3.169474285999972e-05,-7.9203428571e-05,0.00044505908571000185,1
18,1772846764231,3.169474285999972e-05,-7.9203428571e-05,0.00044505908571000185,1
19,1772846764234,3.169474285999972e-05,-7.9203428571e-05,0.00044505908571000185,1
20,1772846764236,9.409474286000037e-05,0.00013139657142899997,0.0001993590857099865,1
21,1772846764239,9.409474286000037e-05,0.00013139657142899997,0.0001993590857099865,1
22,1772846764242,9.409474286000037e-05,0.00013139657142899997,0.0001993590857099865,1
23,1772846764244,6.679474286000117e-05,-0.00010260342857100003,0.0003787590857099272,1
24,1772846764247,6.679474286000117e-05,-0.00010260342857100003,0.0003787590857099272,1
25,1772846764250,6.679474286000117e-05,-0.00010260342857100003,0.0003787590857099272,1
26,1772846764253,6.679474286000117e-05,-0.00011820342857100002,0.00038265908570998385,1
27,1772846764256,6.679474286000117e-05,-0.00011820342857100002,0.00038265908570998385,1
28,1772846764260,0.00022279474286000106,-1.6803428571e-05,0.0002500590857099456,1
29,1772846764265,0.00022279474286000106,-1.6803428571e-05,0.0002500590857099456,1
30,1772846764268,0.0001252947428600007,-0.000153303428571,0.000183759085709982,1
31,1772846764271,0.0001252947428600007,-0.000153303428571,0.000183759085709982,1
32,1772846764274,0.0001252947428600007,-0.000153303428571,0.000183759085709982,1
33,1772846764277,-6.970525714000003e-05,-9.090342857100001e-05,0.00028515908571001124,1
34,1772846764280,-6.970525714000003e-05,-9.090342857100001e-05,0.00028515908571001124,1
35,1772846764283,-6.970525714000003e-05,8.849657142899996e-05,7.45590857099505e-05,1
36,1772846764286,-2.6805257139999802e-05,8.849657142899996e-05,7.45590857099505e-05,1
37,1772846764288,-2.6805257139999802e-05,8.849657142899996e-05,7.45590857099505e-05,1
38,1772846764291,6.679474286000117e-05,0.00010409657142899996,-1.9040914289965467e-05,1
39,1772846764294,6.679474286000117e-05,0.00010409657142899996,-1.9040914289965467e-05,1
40,1772846764297,6.679474286000117e-05,0.00010409657142899996,-1.9040914289965467e-05,1
41,1772846764300,3.559474286000085e-05,-4.0203428571000026e-05,8.625908571000939e-05,1
42,1772846764303,3.559474286000085e-05,-4.0203428571000026e-05,8.625908571000939e-05,1
43,1772846764305,3.559474286000085e-05,-4.0203428571000026e-05,8.625908571000939e-05,1
44,1772846764308,-8.140525713999994e-05,-1.203428571000054e-06,0.00017595908570997975,1
45,1772846764311,-8.140525713999994e-05,-1.203428571000054e-06,0.00017595908570997975,1
46,1772846764314,-8.140525713999994e-05,-1.203428571000054e-06,0.00017595908570997975,1
47,1772846764316,-8.530525713999933e-05,-1.2903428571000013e-05,0.0001486590857100274,1
48,1772846764319,-8.530525713999933e-05,-1.2903428571000013e-05,0.0001486590857100274,1
49,1772846764322,-8.530525713999933e-05,-1.2903428571000013e-05,0.0001486590857100274,1
50,1772846764325,-4.630525714000022e-05,-7.9203428571e-05,0.0002032590857099321,1
51,1772846764327,-4.630525714000022e-05,-7.9203428571e-05,0.0002032590857099321,1
52,1772846764330,-4.630525714000022e-05,-7.9203428571e-05,0.0002032590857099321,1
53,1772846764333,5.899474286000066e-05,0.00011189657142899998,0.00020715908570998875,1
54,1772846764336,5.899474286000066e-05,0.00011189657142899998,0.00020715908570998875,1
55,1772846764338,5.899474286000066e-05,0.00011189657142899998,0.00020715908570998875,1
56,1772846764341,4.339474286000136e-05,-0.00013380342857100002,0.0003748590857099816,1
57,1772846764345,4.339474286000136e-05,-0.00013380342857100002,0.0003748590857099816,1
58,1772846764348,1.2194742860001037e-05,-4.8003428571e-05,0.0003124590857099636,1
59,1772846764351,1.2194742860001037e-05,-4.8003428571e-05,0.0003124590857099636,1
60,1772846764355,1.2194742860001037e-05,-2.4603428571000026e-05,0.00024615908571,1
61,1772846764358,1.2194742860001037e-05,-2.4603428571000026e-05,0.00024615908571,1
62,1772846764361,1.2194742860001037e-05,-2.4603428571000026e-05,0.00024615908571,1
63,1772846764364,-6.580525713999891e-05,9.629657142899998e-05,-7.754091429003785e-05,1
64,1772846764366,-6.580525713999891e-05,9.629657142899998e-05,-7.754091429003785e-05,1
65,1772846764369,-6.580525713999891e-05,9.629657142899998e-05,-7.754091429003785e-05,1
66,1772846764372,-3.4052571399999926e-06,3.3896571428999986e-05,0.0002929590857100135,1
67,1772846764375,-3.4052571399999926e-06,3.3896571428999986e-05,0.0002929590857100135,1
68,1772846764377,-3.4052571399999926e-06,3.3896571428999986e-05,0.0002929590857100135,1
69,1772846764380,-1.5105257139999897e-05,-0.00017670342857100004,0.00014475908570997075,1
70,1772846764383,-1.5105257139999897e-05,-0.00017670342857100004,0.00014475908570997075,1
71,1772846764386,-1.5105257139999897e-05,-0.00017670342857100004,0.00014475908570997075,1
72,1772846764389,-1.5105257139999897e-05,-9.003428571000027e-06,0.00012915908570996625,1
73,1772846764392,-1.5105257139999897e-05,-9.003428571000027e-06,0.00012915908570996625,1
74,1772846764395,-1.5105257139999897e-05,-9.003428571000027e-06,0.0002968590857099591,1
75,1772846764398,-1.5105257139999897e-05,-9.003428571000027e-06,0.0002968590857099591,1
76,1772846764400,-1.5105257139999897e-05,-9.003428571000027e-06,0.0002968590857099591,1
77,1772846764403,3.559474286000085e-05,3.3896571428999986e-05,0.00014475908570997075,1
78,1772846764406,3.559474286000085e-05,3.3896571428999986e-05,0.00014475908570997075,1
79,1772846764409,3.559474286000085e-05,3.3896571428999986e-05,0.00014475908570997075,1
80,1772846764411,-8.920525713999872e-05,3.3896571428999986e-05,0.00031635908571002024,1
81,1772846764414,-8.920525713999872e-05,3.3896571428999986e-05,0.00031635908571002024,1
82,1772846764418,-8.920525713999872e-05,3.3896571428999986e-05,0.00031635908571002024,1
83,1772846764420,5.509474286000127e-05,3.3896571428999986e-05,0.00043335908570994296,1
84,1772846764423,5.509474286000127e-05,3.3896571428999986e-05,0.00043335908570994296,1
85,1772846764426,5.509474286000127e-05,3.3896571428999986e-05,0.00043335908570994296,1
86,1772846764429,4.729474286000075e-05,6.119657142899994e-05,0.00026955908571000674,1
87,1772846764431,4.729474286000075e-05,6.119657142899994e-05,0.00026955908571000674,1
88,1772846764435,8.294742859999912e-06,0.00015479657142899994,0.0001681590857099775,1
89,1772846764438,8.294742859999912e-06,0.00015479657142899994,0.0001681590857099775,1
90,1772846764441,8.294742859999912e-06,0.00015479657142899994,0.0001681590857099775,1
91,1772846764445,9.019474286000098e-05,6.596571428999973e-06,0.00040215908570993397,1
92,1772846764448,9.019474286000098e-05,6.596571428999973e-06,0.00040215908570993397,1
93,1772846764451,-3.460525713999858e-05,-9.870342857100004e-05,0.0002188590857099366,1
94,1772846764454,-3.460525713999858e-05,-9.870342857100004e-05,0.0002188590857099366,1
95,1772846764456,-3.460525713999858e-05,-9.870342857100004e-05,0.0002188590857099366,1
96,1772846764459,0.00010579474286000028,-3.630342857100004e-05,0.00025395908571000225,1
97,1772846764462,0.00010579474286000028,-3.630342857100004e-05,0.00025395908571000225,1
98,1772846764465,0.00010579474286000028,-3.630342857100004e-05,0.00025395908571000225,1
99,1772846764467,6.289474286000005e-05,-0.00012600342857100002,0.00024225908570994336,1
100,1772846764470,6.289474286000005e-05,-0.00012600342857100002,0.00024225908570994336,1
101,1772846764473,6.289474286000005e-05,-0.00012600342857100002,0.00024225908570994336,1
102,1772846764475,0.0001369947428600006,-0.00016500342857100002,0.00044505908571000185,1
103,1772846764478,0.0001369947428600006,-0.00016500342857100002,0.00044505908571000185,1
104,1772846764481,0.0001369947428600006,-0.00016500342857100002,0.00044505908571000185,1
105,1772846764484,1.2194742860001037e-05,-0.000184503428571,0.0004255590857099407,1
106,1772846764487,1.2194742860001037e-05,-0.000184503428571,0.0004255590857099407,1
107,1772846764489,1.2194742860001037e-05,-0.000184503428571,0.0004255590857099407,1
108,1772846764492,-5.800525714000013e-05,-3.630342857100004e-05,0.00014085908571002514,1
109,1772846764495,-5.800525714000013e-05,-3.630342857100004e-05,0.00014085908571002514,1
110,1772846764498,-5.800525714000013e-05,-3.630342857100004e-05,0.00014085908571002514,1
111,1772846764500,8.294742859999912e-06,0.00013529657142899996,0.00014085908571002514,1
112,1772846764503,8.294742859999912e-06,0.00013529657142899996,0.00014085908571002514,1
113,1772846764506,8.294742859999912e-06,0.00013529657142899996,0.00019545908570992986,1
114,1772846764508,0.00010189474286000089,4.5596571429e-05,0.00019545908570992986,1
115,1772846764511,0.00010189474286000089,4.5596571429e-05,0.00019545908570992986,1
116,1772846764514,0.00010189474286000089,5.339657142899997e-05,9.795908570995725e-05,1
117,1772846764517,-3.070525713999919e-05,5.339657142899997e-05,9.795908570995725e-05,1
118,1772846764519,-3.070525713999919e-05,5.339657142899997e-05,9.795908570995725e-05,1
119,1772846764522,-3.070525713999919e-05,0.00012359657142899994,0.00028905908570995686,1
120,1772846764526,0.0001369947428600006,0.00012359657142899994,0.00028905908570995686,1
121,1772846764529,0.0001369947428600006,0.00012359657142899994,0.00028905908570995686,1
122,1772846764532,2.3894742860000942e-05,0.000107996571429,0.000308559085710018,1
123,1772846764536,2.3894742860000942e-05,0.000107996571429,0.000308559085710018,1
124,1772846764538,4.339474286000136e-05,-0.000137703428571,-0.00010484091428999021,1
0,1772846764582,-3.070525713999919e-05,-4.410342857100001e-05,0.00042945908570999735,1
1,1772846764613,-3.070525713999919e-05,-4.410342857100001e-05,0.00042945908570999735,1
2,1772846764618,3.949474286000024e-05,-4.0203428571000026e-05,0.00048015908570995646,1
3,1772846764656,4.339474286000136e-05,-1.2903428571000013e-05,0.00024615908571,1
4,1772846764659,-6.190525713999952e-05,-9.003428571000027e-06,0.0004879590857099587,1
5,1772846764662,-6.190525713999952e-05,-9.003428571000027e-06,0.0004879590857099587,1
6,1772846764665,-6.190525713999952e-05,-9.003428571000027e-06,0.0004879590857099587,1
7,1772846764668,-0.00011260525714000026,8.849657142899996e-05,0.0006595590857100082,1
8,1772846764670,-0.00011260525714000026,8.849657142899996e-05,0.0006595590857100082,1
9,1772846764674,-0.00011260525714000026,8.849657142899996e-05,0.0002188590857099366,1
10,1772846764677,-4.630525714000022e-05,0.00018599657142899994,0.0002188590857099366,1
11,1772846764679,-4.630525714000022e-05,0.00018599657142899994,0.0002188590857099366,1
12,1772846764682,-1.1205257139998773e-05,-4.410342857100001e-05,0.0003436590857099726,1
13,1772846764685,-1.1205257139998773e-05,-4.410342857100001e-05,0.0003436590857099726,1
14,1772846764687,-1.1205257139998773e-05,-4.410342857100001e-05,0.0003436590857099726,1
15,1772846764690,6.679474286000117e-05,-4.8003428571e-05,0.0005113590857099655,1
16,1772846764693,6.679474286000117e-05,-4.8003428571e-05,0.0005113590857099655,1
17,1772846764696,6.679474286000117e-05,-4.8003428571e-05,0.0005113590857099655,1
18,1772846764699,0.00010579474286000028,-5.970342857100001e-05,0.00034755908571002924,1
19,1772846764701,0.00010579474286000028,-5.970342857100001e-05,0.00034755908571002924,1
20,1772846764705,0.00010579474286000028,-5.970342857100001e-05,0.00034755908571002924,1
21,1772846764708,8.294742859999912e-06,0.00014309657142899993,0.0002188590857099366,1
22,1772846764712,8.294742859999912e-06,0.00014309657142899993,0.0002188590857099366,1
23,1772846764716,5.899474286000066e-05,-9.003428571000027e-06,0.0004255590857099407,1
24,1772846764718,5.899474286000066e-05,-9.003428571000027e-06,0.0004255590857099407,1
25,1772846764721,5.899474286000066e-05,-9.003428571000027e-06,0.00027345908570995236,1
26,1772846764724,6.289474286000005e-05,3.779657142899997e-05,0.00027345908570995236,1
27,1772846764727,6.289474286000005e-05,3.779657142899997e-05,0.00027345908570995236,1
28,1772846764729,6.289474286000005e-05,6.509657142899999e-05,0.00024225908570994336,1
29,1772846764732,-0.00011260525714000026,6.509657142899999e-05,0.00024225908570994336,1
30,1772846764735,-0.00011260525714000026,6.509657142899999e-05,0.00024225908570994336,1
31,1772846764738,-7.305257139999383e-06,5.339657142899997e-05,0.000121359085709964,1
32,1772846764740,-7.305257139999383e-06,5.339657142899997e-05,0.000121359085709964,1
33,1772846764743,-7.305257139999383e-06,5.339657142899997e-05,0.000121359085709964,1
34,1772846764746,0.00027349474286000007,-4.8003428571e-05,0.00012525908571002064,1
35,1772846764749,0.00027349474286000007,-4.8003428571e-05,0.00012525908571002064,1
36,1772846764752,0.00027349474286000007,-4.8003428571e-05,0.00012525908571002064,1
37,1772846764755,5.509474286000127e-05,4.9496571428999986e-05,0.00017595908570997975,1
38,1772846764758,5.509474286000127e-05,4.9496571428999986e-05,0.00017595908570997975,1
39,1772846764760,5.509474286000127e-05,4.9496571428999986e-05,0.00017595908570997975,1
40,1772846764763,8.239474286000047e-05,0.00011189657142899998,0.00036705908570997935,1
41,1772846764766,8.239474286000047e-05,0.00011189657142899998,0.00036705908570997935,1
42,1772846764769,8.239474286000047e-05,0.00011189657142899998,0.00036705908570997935,1
43,1772846764772,0.0001096947428600014,-5.190342857100004e-05,0.00043335908570994296,1
44,1772846764774,0.0001096947428600014,-5.190342857100004e-05,0.00043335908570994296,1
45,1772846764777,0.0001096947428600014,-5.190342857100004e-05,0.000277359085710009,1
46,1772846764780,-1.9005257139999288e-05,6.596571428999973e-06,0.000277359085710009,1
47,1772846764783,-1.9005257139999288e-05,6.596571428999973e-06,0.000277359085710009,1
48,1772846764786,-0.00015160525713999937,1.8296571428999986e-05,0.000308559085710018,1
49,1772846764789,-0.00015160525713999937,1.8296571428999986e-05,0.000308559085710018,1
50,1772846764791,-0.00015160525713999937,1.8296571428999986e-05,0.000308559085710018,1
51,1772846764795,-6.580525713999891e-05,-2.4603428571000026e-05,0.00023835908570999775,1
52,1772846764798,-6.580525713999891e-05,-2.4603428571000026e-05,0.00023835908570999775,1
53,1772846764802,2.3894742860000942e-05,-2.8503428571000013e-05,4.725908570999814e-05,1
54,1772846764806,2.3894742860000942e-05,-2.8503428571000013e-05,4.725908570999814e-05,1
55,1772846764808,2.3894742860000942e-05,-2.8503428571000013e-05,4.725908570999814e-05,1
56,1772846764811,-0.00014770525713999998,1.8296571428999986e-05,2.3859085709991394e-05,1
57,1772846764814,-0.00014770525713999998,1.8296571428999986e-05,2.3859085709991394e-05,1
58,1772846764816,-0.00014770525713999998,1.8296571428999986e-05,2.3859085709991394e-05,1
59,1772846764819,-0.00013990525713999946,1.8296571428999986e-05,0.00012525908571002064,1
60,1772846764822,-0.00013990525713999946,1.8296571428999986e-05,0.00012525908571002064,1
61,1772846764825,-0.00013990525713999946,1.8296571428999986e-05,0.0001057590857099595,1
62,1772846764827,-3.460525713999858e-05,0.00018599657142899994,0.0001057590857099595,1
63,1772846764830,-3.460525713999858e-05,0.00018599657142899994,0.0001057590857099595,1
64,1772846764833,-3.460525713999858e-05,-7.9203428571e-05,0.0005698590857099268,1
65,1772846764836,5.899474286000066e-05,-7.9203428571e-05,0.0005698590857099268,1
66,1772846764838,5.899474286000066e-05,-7.9203428571e-05,0.0005698590857099268,1
67,1772846764841,5.899474286000066e-05,-6.750342857100004e-05,0.00023835908570999775,1
68,1772846764844,3.169474285999972e-05,-6.750342857100004e-05,0.00023835908570999775,1
69,1772846764847,3.169474285999972e-05,-6.750342857100004e-05,0.00023835908570999775,1
70,1772846764849,0.00010189474286000089,6.596571428999973e-06,0.00031635908571002024,1
71,1772846764852,0.00010189474286000089,6.596571428999973e-06,0.00031635908571002024,1
72,1772846764855,0.00010189474286000089,6.596571428999973e-06,0.00031635908571002024,1
73,1772846764858,9.409474286000037e-05,-1.2903428571000013e-05,0.0004879590857099587,1
74,1772846764860,9.409474286000037e-05,-1.2903428571000013e-05,0.0004879590857099587,1
75,1772846764863,9.409474286000037e-05,-1.2903428571000013e-05,0.0004879590857099587,1
76,1772846764866,2.3894742860000942e-05,4.9496571428999986e-05,0.00024225908570994336,1
77,1772846764869,2.3894742860000942e-05,4.9496571428999986e-05,0.00024225908570994336,1
78,1772846764871,2.3894742860000942e-05,4.9496571428999986e-05,0.00024225908570994336,1
79,1772846764874,-8.140525713999994e-05,-4.410342857100001e-05,0.00038655908570992947,1
80,1772846764877,-8.140525713999994e-05,-4.410342857100001e-05,0.00038655908570992947,1
81,1772846764879,-8.140525713999994e-05,-4.410342857100001e-05,0.00038655908570992947,1
82,1772846764883,-0.00012040525713999904,-0.00013380342857100002,0.0004684590857100086,1
83,1772846764886,-0.00012040525713999904,-0.00013380342857100002,0.0004684590857100086,1
84,1772846764890,-2.6805257139999802e-05,-4.410342857100001e-05,0.000277359085710009,1
85,1772846764893,-2.6805257139999802e-05,-4.410342857100001e-05,0.000277359085710009,1
86,1772846764896,-2.6805257139999802e-05,-4.410342857100001e-05,0.000277359085710009,1
87,1772846764899,-8.920525713999872e-05,0.00011579657142899997,0.000308559085710018,1
88,1772846764902,-8.920525713999872e-05,0.00011579657142899997,0.000308559085710018,1
89,1772846764905,-8.920525713999872e-05,-2.070342857100004e-05,0.00034755908571002924,1
90,1772846764907,8.629474285999986e-05,-2.070342857100004e-05,0.00034755908571002924,1
91,1772846764910,8.629474285999986e-05,-2.070342857100004e-05,0.00034755908571002924,1
92,1772846764913,0.00010189474286000089,-6.360342857100005e-05,0.00030075908571001574,1
93,1772846764916,0.00010189474286000089,-6.360342857100005e-05,0.00030075908571001574,1
94,1772846764918,0.00010189474286000089,-6.360342857100005e-05,0.00030075908571001574,1
95,1772846764921,2.3894742860000942e-05,-0.00010650342857100001,0.0005113590857099655,1
96,1772846764925,2.3894742860000942e-05,-0.00010650342857100001,0.0005113590857099655,1
97,1772846764927,2.3894742860000942e-05,-0.00010650342857100001,0.0005113590857099655,1
98,1772846764930,9.019474286000098e-05,3.779657142899997e-05,0.0004255590857099407,1
99,1772846764933,9.019474286000098e-05,3.779657142899997e-05,0.0004255590857099407,1
100,1772846764936,9.019474286000098e-05,3.779657142899997e-05,0.0004255590857099407,1
101,1772846764938,9.799474285999976e-05,3.779657142899997e-05,0.00023835908570999775,1
102,1772846764941,9.799474285999976e-05,3.779657142899997e-05,0.00023835908570999775,1
103,1772846764944,9.799474285999976e-05,3.779657142899997e-05,0.00023835908570999775,1
104,1772846764947,8.294742859999912e-06,-1.203428571000054e-06,0.0002032590857099321,1
105,1772846764949,8.294742859999912e-06,-1.203428571000054e-06,0.0002032590857099321,1
106,1772846764952,8.294742859999912e-06,-1.203428571000054e-06,0.0002032590857099321,1
107,1772846764955,0.0001213947428600013,7.289657142899996e-05,7.845908571000714e-05,1
108,1772846764957,0.0001213947428600013,7.289657142899996e-05,7.845908571000714e-05,1
109,1772846764960,0.0001213947428600013,7.289657142899996e-05,0.0002500590857099456,1
110,1772846764963,-0.00010870525713999914,0.00021719657142899994,0.0002500590857099456,1
111,1772846764966,-0.00010870525713999914,0.00021719657142899994,0.0002500590857099456,1
112,1772846764968,-0.00010870525713999914,-0.00011820342857100002,0.0003280590857099681,1
113,1772846764971,-0.00012430525714000017,-0.00011820342857100002,0.0003280590857099681,1
114,1772846764975,-0.00012430525714000017,-0.00011820342857100002,0.0003280590857099681,1
115,1772846764978,-0.00021400525714000002,-4.8003428571e-05,0.0001642590857100319,1
116,1772846764982,-0.00021400525714000002,-4.8003428571e-05,0.0001642590857100319,1
117,1772846764985,2.7794742860000332e-05,6.119657142899994e-05,0.00012525908571002064,1
118,1772846764988,2.7794742860000332e-05,6.119657142899994e-05,0.00012525908571002064,1
119,1772846764991,2.7794742860000332e-05,6.119657142899994e-05,0.00012525908571002064,1
120,1772846764994,-3.070525713999919e-05,-3.630342857100004e-05,0.0002929590857100135,1
121,1772846764996,-3.070525713999919e-05,-3.630342857100004e-05,0.0002929590857100135,1
122,1772846764999,-3.070525713999919e-05,-3.630342857100004e-05,0.0002929590857100135,1
123,1772846765002,7.459474285999995e-05,-6.360342857100005e-05,0.00022665908570993886,1
124,1772846765005,7.459474285999995e-05,-6.360342857100005e-05,0.00022665908570993886,1
0,1772846765049,0.00012919474286000009,-9.480342857100005e-05,0.00027345908570995236,1
1,1772846765073,0.00011749474286000018,7.6796571429e-05,0.0003280590857099681,1
2,1772846765083,-0.00012040525713999904,2.2196571428999973e-05,0.00014475908570997075,1
3,1772846765119,7.459474285999995e-05,0.00016649657142899996,7.45590857099505e-05,1
4,1772846765122,-0.00012820525713999956,0.00014309657142899993,3.945908570999589e-05,1
5,1772846765125,-0.00012820525713999956,0.00014309657142899993,3.945908570999589e-05,1
6,1772846765128,-0.00012820525713999956,0.00014309657142899993,4.335908570994151e-05,1
7,1772846765130,4.947428600011322e-07,0.000170396571429,4.335908570994151e-05,1
8,1772846765133,4.947428600011322e-07,0.000170396571429,4.335908570994151e-05,1
9,1772846765136,4.947428600011322e-07,9.629657142899998e-05,0.00024225908570994336,1
10,1772846765139,-1.5105257139999897e-05,9.629657142899998e-05,0.00024225908570994336,1
11,1772846765141,-1.5105257139999897e-05,9.629657142899998e-05,0.00024225908570994336,1
12,1772846765145,-6.970525714000003e-05,0.00012359657142899994,0.00036705908570997935,1
13,1772846765147,-6.970525714000003e-05,0.00012359657142899994,0.00036705908570997935,1
14,1772846765150,-6.970525714000003e-05,0.00012359657142899994,0.00036705908570997935,1
15,1772846765153,-1.9005257139999288e-05,-2.8503428571000013e-05,0.0002617590857100045,1
16,1772846765156,-1.9005257139999288e-05,-2.8503428571000013e-05,0.0002617590857100045,1
17,1772846765158,-1.9005257139999288e-05,-2.8503428571000013e-05,0.0002617590857100045,1
18,1772846765161,-0.00012820525713999956,-5.5803428571000026e-05,0.0002344590857099411,1
19,1772846765164,-0.00012820525713999956,-5.5803428571000026e-05,0.0002344590857099411,1
20,1772846765167,-0.00012820525713999956,-5.5803428571000026e-05,0.0002344590857099411,1
21,1772846765169,7.459474285999995e-05,9.629657142899998e-05,0.00031635908571002024,1
22,1772846765172,7.459474285999995e-05,9.629657142899998e-05,0.00031635908571002024,1
23,1772846765177,8.239474286000047e-05,8.459657142899997e-05,0.00022665908570993886,1
24,1772846765180,8.239474286000047e-05,8.459657142899997e-05,0.00022665908570993886,1
25,1772846765183,8.239474286000047e-05,8.459657142899997e-05,0.00022665908570993886,1
26,1772846765187,-3.850525713999971e-05,-2.4603428571000026e-05,0.00011355908570996175,1
27,1772846765190,-3.850525713999971e-05,-2.4603428571000026e-05,0.00011355908570996175,1
28,1772846765193,-0.00010870525713999914,-5.10342857100004e-06,0.00046455908570995196,1
29,1772846765196,-0.00010870525713999914,-5.10342857100004e-06,0.00046455908570995196,1
30,1772846765199,-0.00010870525713999914,-5.10342857100004e-06,0.00046455908570995196,1
31,1772846765201,-0.00015550525713999876,9.629657142899998e-05,0.00019545908570992986,1
32,1772846765204,-0.00015550525713999876,9.629657142899998e-05,0.00019545908570992986,1
33,1772846765207,-0.00015550525713999876,9.629657142899998e-05,0.00019545908570992986,1
34,1772846765209,-7.750525713999881e-05,-6.750342857100004e-05,0.0001330590857100229,1
35,1772846765212,-7.750525713999881e-05,-6.750342857100004e-05,0.0001330590857100229,1
36,1772846765215,-7.750525713999881e-05,-6.750342857100004e-05,0.0001330590857100229,1
37,1772846765218,0.00019549474286000013,-0.00014940342857100002,0.000308559085710018,1
38,1772846765220,0.00019549474286000013,-0.00014940342857100002,0.000308559085710018,1
39,1772846765223,0.00019549474286000013,-0.00014940342857100002,0.000308559085710018,1
40,1772846765226,-3.4052571399999926e-06,0.00012359657142899994,0.00017985908571003639,1
41,1772846765229,-3.4052571399999926e-06,0.00012359657142899994,0.00017985908571003639,1
42,1772846765231,-3.4052571399999926e-06,0.00012359657142899994,0.000370959085710036,1
43,1772846765234,-0.00010090525713999862,0.00016649657142899996,0.000370959085710036,1
44,1772846765237,-0.00010090525713999862,0.00016649657142899996,0.000370959085710036,1
45,1772846765240,-0.00010090525713999862,6.119657142899994e-05,0.00023835908570999775,1
46,1772846765242,0.00018379474286000022,6.119657142899994e-05,0.00023835908570999775,1
47,1772846765245,0.00018379474286000022,6.119657142899994e-05,0.00023835908570999775,1
48,1772846765248,9.019474286000098e-05,2.9996571428999945e-05,-2.6840914289967717e-05,1
49,1772846765250,9.019474286000098e-05,2.9996571428999945e-05,-2.6840914289967717e-05,1
50,1772846765253,9.019474286000098e-05,2.9996571428999945e-05,-2.6840914289967717e-05,1
51,1772846765256,-0.00021400525714000002,-7.530342857100001e-05,0.00010185908571001389,1
52,1772846765259,-0.00021400525714000002,-7.530342857100001e-05,0.00010185908571001389,1
53,1772846765261,-0.00021400525714000002,-7.530342857100001e-05,0.00010185908571001389,1
54,1772846765264,-8.530525713999933e-05,6.899657142899997e-05,0.0003553590857100315,1
55,1772846765267,-8.530525713999933e-05,6.899657142899997e-05,0.0003553590857100315,1
56,1772846765270,-8.530525713999933e-05,6.899657142899997e-05,0.0003553590857100315,1
57,1772846765272,-0.00012040525713999904,-1.2903428571000013e-05,0.0003943590857099317,1
58,1772846765275,-0.00012040525713999904,-1.2903428571000013e-05,0.0003943590857099317,1
59,1772846765278,-0.00012040525713999904,-1.2903428571000013e-05,0.0003943590857099317,1
60,1772846765281,-0.00010090525713999862,2.609657142899996e-05,0.00040215908570993397,1
61,1772846765284,-0.00010090525713999862,2.609657142899996e-05,0.00040215908570993397,1
62,1772846765287,-0.00010090525713999862,2.609657142899996e-05,0.00040215908570993397,1
63,1772846765290,9.019474286000098e-05,4.169657142899996e-05,0.0005503590857099767,1
64,1772846765293,9.019474286000098e-05,4.169657142899996e-05,0.0005503590857099767,1
65,1772846765296,1.9994742859999817e-05,-2.8503428571000013e-05,0.0004255590857099407,1
66,1772846765299,1.9994742859999817e-05,-2.8503428571000013e-05,0.0004255590857099407,1
67,1772846765302,1.9994742859999817e-05,-2.8503428571000013e-05,0.0004255590857099407,1
68,1772846765304,-6.190525713999952e-05,2.609657142899996e-05,0.00026955908571000674,1
69,1772846765307,-6.190525713999952e-05,2.609657142899996e-05,0.00026955908571000674,1
70,1772846765310,-6.190525713999952e-05,2.609657142899996e-05,0.00026955908571000674,1
71,1772846765313,0.0001642947428599998,4.169657142899996e-05,3.555908570993926e-05,1
72,1772846765316,0.0001642947428599998,4.169657142899996e-05,3.555908570993926e-05,1
73,1772846765319,0.0001642947428599998,4.169657142899996e-05,3.555908570993926e-05,1
74,1772846765322,4.394742860000522e-06,0.00012359657142899994,0.0004528590857100041,1
75,1772846765324,4.394742860000522e-06,0.00012359657142899994,0.0004528590857100041,1
76,1772846765327,4.394742860000522e-06,1.049657142899996e-05,0.0003241590857100225,1
77,1772846765330,8.294742859999912e-06,1.049657142899996e-05,0.0003241590857100225,1
78,1772846765333,8.294742859999912e-06,1.049657142899996e-05,0.0003241590857100225,1
79,1772846765336,-3.4052571399999926e-06,6.509657142899999e-05,0.00025785908570994786,1
80,1772846765338,-3.4052571399999926e-06,6.509657142899999e-05,0.00025785908570994786,1
81,1772846765341,-3.4052571399999926e-06,6.509657142899999e-05,0.00025785908570994786,1
82,1772846765344,-9.310525713999984e-05,-0.00016500342857100002,0.00025395908571000225,1
83,1772846765347,-9.310525713999984e-05,-0.00016500342857100002,0.00025395908571000225,1
84,1772846765350,-9.310525713999984e-05,-0.00016500342857100002,0.00025395908571000225,1
85,1772846765353,8.629474285999986e-05,-9.870342857100004e-05,0.00025395908571000225,1
86,1772846765356,8.629474285999986e-05,-9.870342857100004e-05,0.00025395908571000225,1
87,1772846765358,8.629474285999986e-05,-9.870342857100004e-05,0.00025395908571000225,1
88,1772846765361,0.00012919474286000009,2.609657142899996e-05,9.795908570995725e-05,1
89,1772846765364,0.00012919474286000009,2.609657142899996e-05,9.795908570995725e-05,1
90,1772846765367,0.00012919474286000009,2.609657142899996e-05,9.795908570995725e-05,1
91,1772846765369,0.00018379474286000022,8.849657142899996e-05,0.0001369590857099685,1
92,1772846765372,0.00018379474286000022,8.849657142899996e-05,0.0001369590857099685,1
93,1772846765375,0.00018379474286000022,8.849657142899996e-05,0.0005113590857099655,1
94,1772846765378,5.899474286000066e-05,1.4396571429e-05,0.0005113590857099655,1
95,1772846765381,5.899474286000066e-05,1.4396571429e-05,0.0005113590857099655,1
96,1772846765384,-0.00012040525713999904,-5.190342857100004e-05,0.00012525908571002064,1
97,1772846765386,-0.00012040525713999904,-5.190342857100004e-05,0.00012525908571002064,1
98,1772846765389,-0.00012040525713999904,-5.190342857100004e-05,0.00012525908571002064,1
99,1772846765392,-9.310525713999984e-05,-8.310342857100004e-05,0.0004060590857099906,1
100,1772846765395,-9.310525713999984e-05,-8.310342857100004e-05,0.0004060590857099906,1
101,1772846765397,-9.310525713999984e-05,-8.310342857100004e-05,0.0004060590857099906,1
102,1772846765400,2.7794742860000332e-05,6.596571428999973e-06,0.000277359085710009,1
103,1772846765403,2.7794742860000332e-05,6.596571428999973e-06,0.000277359085710009,1
104,1772846765405,2.7794742860000332e-05,6.596571428999973e-06,0.000277359085710009,1
105,1772846765408,-0.00011260525714000026,-0.00022740342857100002,0.00022275908570999325,1
106,1772846765411,-0.00011260525714000026,-0.00022740342857100002,0.00022275908570999325,1
107,1772846765414,-0.00011260525714000026,-0.00022740342857100002,0.00022275908570999325,1
108,1772846765416,-5.800525714000013e-05,-3.630342857100004e-05,-1.5140914290019854e-05,1
109,1772846765420,-5.800525714000013e-05,-3.630342857100004e-05,-1.5140914290019854e-05,1
110,1772846765422,-5.800525714000013e-05,-3.630342857100004e-05,-1.5140914290019854e-05,1
111,1772846765425,8.294742859999912e-06,5.339657142899997e-05,0.0002032590857099321,1
112,1772846765428,8.294742859999912e-06,5.339657142899997e-05,0.0002032590857099321,1
113,1772846765431,8.294742859999912e-06,5.339657142899997e-05,6.675908570994826e-05,1
114,1772846765433,-5.800525714000013e-05,-1.2903428571000013e-05,6.675908570994826e-05,1
115,1772846765436,-5.800525714000013e-05,-1.2903428571000013e-05,6.675908570994826e-05,1
116,1772846765439,-5.800525714000013e-05,-0.000153303428571,9.405908571001164e-05,1
117,1772846765442,-3.460525713999858e-05,-0.000153303428571,9.405908571001164e-05,1
118,1772846765444,-3.460525713999858e-05,-0.000153303428571,9.405908571001164e-05,1
119,1772846765447,-8.140525713999994e-05,-2.4603428571000026e-05,8.625908571000939e-05,1
120,1772846765450,-8.140525713999994e-05,-2.4603428571000026e-05,8.625908571000939e-05,1
121,1772846765453,-8.140525713999994e-05,-2.4603428571000026e-05,8.625908571000939e-05,1
122,1772846765455,2.3894742860000942e-05,-3.630342857100004e-05,0.00028515908571001124,1
123,1772846765458,2.3894742860000942e-05,-3.630342857100004e-05,0.00028515908571001124,1
124,1772846765461,2.3894742860000942e-05,-3.630342857100004e-05,0.00028515908571001124,1
0,1772846765565,1.2194742860001037e-05,9.629657142899998e-05,0.00033585908570997035,1
1,1772846765568,-5.020525713999961e-05,4.5596571429e-05,9.0159085709955e-05,1
2,1772846765571,-5.020525713999961e-05,4.5596571429e-05,9.0159085709955e-05,1
3,1772846765573,-5.020525713999961e-05,4.5596571429e-05,9.0159085709955e-05,1
4,1772846765576,-0.00021400525714000002,-1.6803428571e-05,8.625908571000939e-05,1
5,1772846765579,-0.00021400525714000002,-1.6803428571e-05,8.625908571000939e-05,1
6,1772846765582,-0.00021400525714000002,-1.6803428571e-05,8.625908571000939e-05,1
7,1772846765584,-6.970525714000003e-05,0.00011969657142899996,0.00024225908570994336,1
8,1772846765588,-6.970525714000003e-05,0.00011969657142899996,0.00024225908570994336,1
9,1772846765590,9.409474286000037e-05,6.509657142899999e-05,5.505908571000039e-05,1
10,1772846765593,9.409474286000037e-05,6.509657142899999e-05,5.505908571000039e-05,1
11,1772846765596,9.409474286000037e-05,6.509657142899999e-05,5.505908571000039e-05,1
12,1772846765599,-1.5105257139999897e-05,1.049657142899996e-05,0.00025785908570994786,1
13,1772846765601,-1.5105257139999897e-05,1.049657142899996e-05,0.00025785908570994786,1
14,1772846765604,-1.5105257139999897e-05,1.049657142899996e-05,0.00025785908570994786,1
15,1772846765607,-5.020525713999961e-05,-7.140342857100003e-05,0.0001876590857099276,1
16,1772846765610,-5.020525713999961e-05,-7.140342857100003e-05,0.0001876590857099276,1
17,1772846765612,-5.020525713999961e-05,-7.140342857100003e-05,0.0001876590857099276,1
18,1772846765615,6.679474286000117e-05,1.4396571429e-05,0.00010185908571001389,1
19,1772846765618,6.679474286000117e-05,1.4396571429e-05,0.00010185908571001389,1
20,1772846765620,6.679474286000117e-05,1.4396571429e-05,0.00010185908571001389,1
21,1772846765623,-5.4105257139999e-05,4.5596571429e-05,0.00036705908570997935,1
22,1772846765626,-5.4105257139999e-05,4.5596571429e-05,0.00036705908570997935,1
23,1772846765629,-5.4105257139999e-05,4.5596571429e-05,0.00036705908570997935,1
24,1772846765631,-0.00010090525713999862,-0.000137703428571,0.0004099590857099362,1
25,1772846765634,-0.00010090525713999862,-0.000137703428571,0.0004099590857099362,1
26,1772846765637,-0.00010090525713999862,-0.000137703428571,0.0004099590857099362,1
27,1772846765640,9.799474285999976e-05,-5.970342857100001e-05,0.00019155908570998425,1
28,1772846765643,9.799474285999976e-05,-5.970342857100001e-05,0.00019155908570998425,1
29,1772846765646,9.799474285999976e-05,-5.970342857100001e-05,0.00019155908570998425,1
30,1772846765649,-3.4052571399999926e-06,2.6965714289999866e-06,0.00024615908571,1
31,1772846765651,-3.4052571399999926e-06,2.6965714289999866e-06,0.00024615908571,1
32,1772846765654,-3.4052571399999926e-06,0.00016649657142899996,0.0001993590857099865,1
33,1772846765657,-3.070525713999919e-05,0.00016649657142899996,0.0001993590857099865,1
34,1772846765660,-3.070525713999919e-05,0.00016649657142899996,0.0001993590857099865,1
35,1772846765662,-1.9005257139999288e-05,3.3896571428999986e-05,0.0004099590857099362,1
36,1772846765665,-1.9005257139999288e-05,3.3896571428999986e-05,0.0004099590857099362,1
37,1772846765668,-1.9005257139999288e-05,3.3896571428999986e-05,0.0004099590857099362,1
38,1772846765671,-0.00025690525714000025,-0.00017670342857100004,0.00028515908571001124,1
39,1772846765673,-0.00025690525714000025,-0.00017670342857100004,0.00028515908571001124,1
40,1772846765676,-0.00025690525714000025,-0.00017670342857100004,0.00028515908571001124,1
41,1772846765679,-8.920525713999872e-05,-0.00010260342857100003,0.0001876590857099276,1
42,1772846765682,-8.920525713999872e-05,-0.00010260342857100003,0.0001876590857099276,1
43,1772846765685,-8.920525713999872e-05,-0.00010260342857100003,0.0001876590857099276,1
44,1772846765688,6.289474286000005e-05,-7.530342857100001e-05,7.065908571000489e-05,1
45,1772846765690,6.289474286000005e-05,-7.530342857100001e-05,7.065908571000489e-05,1
46,1772846765693,6.289474286000005e-05,-7.530342857100001e-05,7.065908571000489e-05,1
47,1772846765696,-5.4105257139999e-05,-7.530342857100001e-05,5.8959085709946006e-05,1
48,1772846765699,-5.4105257139999e-05,-7.530342857100001e-05,5.8959085709946006e-05,1
49,1772846765701,-5.4105257139999e-05,-7.530342857100001e-05,5.8959085709946006e-05,1
50,1772846765704,3.949474286000024e-05,5.339657142899997e-05,0.00038265908570998385,1
51,1772846765707,3.949474286000024e-05,5.339657142899997e-05,0.00038265908570998385,1
52,1772846765710,3.949474286000024e-05,5.339657142899997e-05,0.0002617590857100045,1
53,1772846765712,9.019474286000098e-05,0.000107996571429,0.0002617590857100045,1
54,1772846765715,9.019474286000098e-05,0.000107996571429,0.0002617590857100045,1
55,1772846765718,9.019474286000098e-05,0.000107996571429,0.00031635908571002024,1
56,1772846765720,-7.360525713999942e-05,1.8296571428999986e-05,0.00031635908571002024,1
57,1772846765723,-7.360525713999942e-05,1.8296571428999986e-05,0.00031635908571002024,1
58,1772846765726,-7.360525713999942e-05,-4.410342857100001e-05,7.065908571000489e-05,1
59,1772846765729,-3.4052571399999926e-06,-4.410342857100001e-05,7.065908571000489e-05,1
60,1772846765731,-3.4052571399999926e-06,-4.410342857100001e-05,7.065908571000489e-05,1
61,1772846765734,2.7794742860000332e-05,4.9496571428999986e-05,0.00022665908570993886,1
62,1772846765737,2.7794742860000332e-05,4.9496571428999986e-05,0.00022665908570993886,1
63,1772846765740,2.7794742860000332e-05,4.9496571428999986e-05,0.00022665908570993886,1
64,1772846765742,-3.070525713999919e-05,-2.4603428571000026e-05,0.00032025908570996586,1
65,1772846765745,-3.070525713999919e-05,-2.4603428571000026e-05,0.00032025908570996586,1
66,1772846765748,-3.070525713999919e-05,-2.4603428571000026e-05,0.00032025908570996586,1
67,1772846765750,-3.4052571399999926e-06,1.8296571428999986e-05,0.000277359085710009,1
68,1772846765753,-3.4052571399999926e-06,1.8296571428999986e-05,0.000277359085710009,1
69,1772846765756,-3.4052571399999926e-06,1.8296571428999986e-05,0.000277359085710009,1
70,1772846765759,5.899474286000066e-05,8.459657142899997e-05,6.675908570994826e-05,1
71,1772846765761,5.899474286000066e-05,8.459657142899997e-05,6.675908570994826e-05,1
72,1772846765764,5.899474286000066e-05,8.459657142899997e-05,6.675908570994826e-05,1
73,1772846765767,1.9994742859999817e-05,-9.003428571000027e-06,0.00015645908571002964,1
74,1772846765769,1.9994742859999817e-05,-9.003428571000027e-06,0.00015645908571002964,1
75,1772846765772,1.9994742859999817e-05,-9.003428571000027e-06,0.00015645908571002964,1
76,1772846765775,-6.580525713999891e-05,5.729657142899996e-05,0.00017595908570997975,1
77,1772846765778,-6.580525713999891e-05,5.729657142899996e-05,0.00017595908570997975,1
78,1772846765781,-6.580525713999891e-05,5.729657142899996e-05,0.00017595908570997975,1
79,1772846765783,7.849474286000108e-05,0.00011189657142899998,0.0004840590857100131,1
80,1772846765786,7.849474286000108e-05,0.00011189657142899998,0.0004840590857100131,1
81,1772846765789,7.849474286000108e-05,0.00011189657142899998,0.0004840590857100131,1
82,1772846765792,-3.460525713999858e-05,-4.410342857100001e-05,0.00033585908570997035,1
83,1772846765795,-3.460525713999858e-05,-4.410342857100001e-05,0.00033585908570997035,1
84,1772846765798,-3.460525713999858e-05,0.00013139657142899997,0.00036315908571003374,1
85,1772846765800,-0.00015940525713999988,0.00013139657142899997,0.00036315908571003374,1
86,1772846765803,-0.00015940525713999988,0.00013139657142899997,0.00036315908571003374,1
87,1772846765806,0.0001096947428600014,-1.6803428571e-05,0.00024615908571,1
88,1772846765809,0.0001096947428600014,-1.6803428571e-05,0.00024615908571,1
89,1772846765811,0.0001096947428600014,-1.6803428571e-05,0.00024615908571,1
90,1772846765814,1.2194742860001037e-05,5.729657142899996e-05,0.00026955908571000674,1
91,1772846765817,1.2194742860001037e-05,5.729657142899996e-05,0.00026955908571000674,1
92,1772846765819,1.2194742860001037e-05,5.729657142899996e-05,0.00026955908571000674,1
93,1772846765822,-6.970525714000003e-05,9.629657142899998e-05,0.00019545908570992986,1
94,1772846765825,-6.970525714000003e-05,9.629657142899998e-05,0.00019545908570992986,1
95,1772846765828,-6.970525714000003e-05,9.629657142899998e-05,0.00019545908570992986,1
96,1772846765831,0.0001486947428600005,5.339657142899997e-05,0.0001330590857100229,1
97,1772846765834,0.0001486947428600005,5.339657142899997e-05,0.0001330590857100229,1
98,1772846765837,0.0001486947428600005,5.339657142899997e-05,0.0001330590857100229,1
99,1772846765839,0.00021889474285999994,-2.4603428571000026e-05,0.00025395908571000225,1
100,1772846765842,0.00021889474285999994,-2.4603428571000026e-05,0.00025395908571000225,1
101,1772846765845,0.00021889474285999994,-2.4603428571000026e-05,0.00025395908571000225,1
102,1772846765848,8.239474286000047e-05,-3.630342857100004e-05,0.0001681590857099775,1
103,1772846765850,8.239474286000047e-05,-3.630342857100004e-05,0.0001681590857099775,1
104,1772846765853,8.239474286000047e-05,-3.630342857100004e-05,0.0002617590857100045,1
105,1772846765856,-0.00012430525714000017,-5.10342857100004e-06,0.0002617590857100045,1
106,1772846765859,-0.00012430525714000017,-5.10342857100004e-06,0.0002617590857100045,1
107,1772846765862,-0.00010870525713999914,-5.970342857100001e-05,0.0003592590857099771,1
108,1772846765864,-0.00010870525713999914,-5.970342857100001e-05,0.0003592590857099771,1
109,1772846765867,-0.00010870525713999914,-5.970342857100001e-05,0.0003592590857099771,1
110,1772846765870,-0.0002062052571399995,6.509657142899999e-05,0.0001993590857099865,1
111,1772846765873,-0.0002062052571399995,6.509657142899999e-05,0.0001993590857099865,1
112,1772846765876,-0.0002062052571399995,6.509657142899999e-05,0.0001993590857099865,1
113,1772846765879,-0.00015550525713999876,0.00011969657142899996,0.000308559085710018,1
114,1772846765881,-0.00015550525713999876,0.00011969657142899996,0.000308559085710018,1
115,1772846765884,-0.00015550525713999876,0.00011969657142899996,0.000308559085710018,1
116,1772846765887,-4.630525714000022e-05,-9.003428571000027e-06,0.0005230590857100243,1
117,1772846765890,-4.630525714000022e-05,-9.003428571000027e-06,0.0005230590857100243,1
118,1772846765892,-4.630525714000022e-05,-9.003428571000027e-06,0.0005230590857100243,1
119,1772846765895,3.169474285999972e-05,-7.530342857100001e-05,0.0003592590857099771,1
120,1772846765898,3.169474285999972e-05,-7.530342857100001e-05,0.0003592590857099771,1
121,1772846765900,3.169474285999972e-05,-7.530342857100001e-05,0.0003592590857099771,1
122,1772846765903,7.069474286000056e-05,2.6965714289999866e-06,0.00042945908570999735,1
123,1772846765906,7.069474286000056e-05,2.6965714289999866e-06,0.00042945908570999735,1
124,1772846765909,7.069474286000056e-05,2.6965714289999866e-06,0.00042945908570999735,1
0,1772846765952,-7.360525713999942e-05,-2.070342857100004e-05,0.00036705908570997935,1
1,1772846765956,-7.360525713999942e-05,-2.070342857100004e-05,0.00036705908570997935,1
2,1772846766018,5.509474286000127e-05,-8.310342857100004e-05,0.00022275908570999325,1
3,1772846766021,5.509474286000127e-05,8.849657142899996e-05,0.0001681590857099775,1
4,1772846766023,-2.6805257139999802e-05,8.849657142899996e-05,0.0001681590857099775,1
5,1772846766026,-2.6805257139999802e-05,8.849657142899996e-05,0.0001681590857099775,1
6,1772846766029,-1.9005257139999288e-05,3.779657142899997e-05,0.00026955908571000674,1
7,1772846766032,-1.9005257139999288e-05,3.779657142899997e-05,0.00026955908571000674,1
8,1772846766034,-1.9005257139999288e-05,3.779657142899997e-05,0.00026955908571000674,1
9,1772846766037,-3.070525713999919e-05,-2.4603428571000026e-05,0.00024615908571,1
10,1772846766040,-3.070525713999919e-05,-2.4603428571000026e-05,0.00024615908571,1
11,1772846766043,-3.070525713999919e-05,-2.4603428571000026e-05,0.00024615908571,1
12,1772846766046,0.00024619474286000087,5.339657142899997e-05,0.0002188590857099366,1
13,1772846766049,0.00024619474286000087,5.339657142899997e-05,0.0002188590857099366,1
14,1772846766052,0.00024619474286000087,5.339657142899997e-05,0.0002188590857099366,1
15,1772846766055,4.394742860000522e-06,6.119657142899994e-05,0.0002344590857099411,1
16,1772846766057,4.394742860000522e-06,6.119657142899994e-05,0.0002344590857099411,1
17,1772846766060,4.394742860000522e-06,6.119657142899994e-05,0.0002344590857099411,1
18,1772846766063,8.239474286000047e-05,0.00013529657142899996,0.00032025908570996586,1
19,1772846766066,8.239474286000047e-05,0.00013529657142899996,0.00032025908570996586,1
20,1772846766069,8.239474286000047e-05,2.2196571428999973e-05,0.0005425590857099745,1
21,1772846766072,8.239474286000047e-05,2.2196571428999973e-05,0.0005425590857099745,1
22,1772846766074,8.239474286000047e-05,2.2196571428999973e-05,0.0005425590857099745,1
23,1772846766077,-5.4105257139999e-05,4.9496571428999986e-05,0.00024225908570994336,1
24,1772846766080,-5.4105257139999e-05,4.9496571428999986e-05,0.00024225908570994336,1
25,1772846766083,-5.4105257139999e-05,4.9496571428999986e-05,0.00024225908570994336,1
26,1772846766085,-1.9005257139999288e-05,-2.070342857100004e-05,0.00017595908570997975,1
27,1772846766088,-1.9005257139999288e-05,-2.070342857100004e-05,0.00017595908570997975,1
28,1772846766091,-1.9005257139999288e-05,-2.070342857100004e-05,0.00017595908570997975,1
29,1772846766093,-4.630525714000022e-05,-0.000137703428571,0.00041385908570999285,1
30,1772846766096,-4.630525714000022e-05,-0.000137703428571,0.00041385908570999285,1
31,1772846766099,-4.630525714000022e-05,-0.000137703428571,0.00041385908570999285,1
32,1772846766102,-2.6805257139999802e-05,-0.00016110342857100004,0.00044505908571000185,1
33,1772846766104,-2.6805257139999802e-05,-0.00016110342857100004,0.00044505908571000185,1
34,1772846766107,-2.6805257139999802e-05,-0.00016110342857100004,0.00044505908571000185,1
35,1772846766110,-1.5105257139999897e-05,2.6965714289999866e-06,0.0001681590857099775,1
36,1772846766113,-1.5105257139999897e-05,2.6965714289999866e-06,0.0001681590857099775,1
37,1772846766115,-1.5105257139999897e-05,2.6965714289999866e-06,0.0001681590857099775,1
38,1772846766118,-2.6805257139999802e-05,0.000232796571429,-5.0240914289974466e-05,1
39,1772846766121,-2.6805257139999802e-05,0.000232796571429,-5.0240914289974466e-05,1
40,1772846766123,-2.6805257139999802e-05,0.000232796571429,-5.0240914289974466e-05,1
41,1772846766126,-0.0001906052571400002,2.2196571428999973e-05,0.00011355908570996175,1
42,1772846766129,-0.0001906052571400002,2.2196571428999973e-05,0.00011355908570996175,1
43,1772846766132,-0.0001906052571400002,2.2196571428999973e-05,0.00011355908570996175,1
44,1772846766134,5.899474286000066e-05,3.3896571428999986e-05,0.00021105908570993436,1
45,1772846766137,5.899474286000066e-05,3.3896571428999986e-05,0.00021105908570993436,1
46,1772846766140,5.899474286000066e-05,3.3896571428999986e-05,0.00021105908570993436,1
47,1772846766143,3.559474286000085e-05,0.00020549657142899993,0.000214959085709991,1
48,1772846766145,3.559474286000085e-05,0.00020549657142899993,0.000214959085709991,1
49,1772846766148,3.559474286000085e-05,0.00020549657142899993,2.3859085709991394e-05,1
50,1772846766151,4.394742860000522e-06,6.509657142899999e-05,2.3859085709991394e-05,1
51,1772846766154,4.394742860000522e-06,6.509657142899999e-05,2.3859085709991394e-05,1
52,1772846766156,4.394742860000522e-06,5.339657142899997e-05,0.00011745908571001839,1
53,1772846766159,8.294742859999912e-06,5.339657142899997e-05,0.00011745908571001839,1
54,1772846766162,8.294742859999912e-06,5.339657142899997e-05,0.00011745908571001839,1
55,1772846766165,4.339474286000136e-05,-5.190342857100004e-05,5.8959085709946006e-05,1
56,1772846766167,4.339474286000136e-05,-5.190342857100004e-05,5.8959085709946006e-05,1
57,1772846766170,4.339474286000136e-05,-5.190342857100004e-05,5.8959085709946006e-05,1
58,1772846766173,4.947428600011322e-07,0.00010019657142899997,0.0001993590857099865,1
59,1772846766176,4.947428600011322e-07,0.00010019657142899997,0.0001993590857099865,1
60,1772846766179,4.947428600011322e-07,0.00010019657142899997,0.0001993590857099865,1
61,1772846766182,-3.4052571399999926e-06,-3.2403428571000053e-05,0.0002812590857099546,1
62,1772846766185,-3.4052571399999926e-06,-3.2403428571000053e-05,0.0002812590857099546,1
63,1772846766187,-3.4052571399999926e-06,-3.2403428571000053e-05,0.0002812590857099546,1
64,1772846766190,-5.4105257139999e-05,6.596571428999973e-06,0.0003748590857099816,1
65,1772846766193,-5.4105257139999e-05,6.596571428999973e-06,0.0003748590857099816,1
66,1772846766196,-5.4105257139999e-05,6.596571428999973e-06,0.0003748590857099816,1
67,1772846766198,7.459474285999995e-05,1.049657142899996e-05,0.0003787590857099272,1
68,1772846766201,7.459474285999995e-05,1.049657142899996e-05,0.0003787590857099272,1
69,1772846766204,7.459474285999995e-05,1.049657142899996e-05,0.0001993590857099865,1
70,1772846766207,6.289474286000005e-05,2.9996571428999945e-05,0.0001993590857099865,1
71,1772846766210,6.289474286000005e-05,2.9996571428999945e-05,0.0001993590857099865,1
72,1772846766213,6.289474286000005e-05,0.00011969657142899996,0.0001369590857099685,1
73,1772846766216,-7.305257139999383e-06,0.00011969657142899996,0.0001369590857099685,1
74,1772846766219,-7.305257139999383e-06,0.00011969657142899996,0.0001369590857099685,1
75,1772846766221,0.00011749474286000018,6.119657142899994e-05,0.00023835908570999775,1
76,1772846766224,0.00011749474286000018,6.119657142899994e-05,0.00023835908570999775,1
77,1772846766227,0.00011749474286000018,6.119657142899994e-05,0.00023835908570999775,1
78,1772846766230,-5.4105257139999e-05,2.2196571428999973e-05,0.0004684590857100086,1
79,1772846766232,-5.4105257139999e-05,2.2196571428999973e-05,0.0004684590857100086,1
80,1772846766235,-5.4105257139999e-05,2.2196571428999973e-05,0.0004684590857100086,1
81,1772846766238,-7.305257139999383e-06,-0.000153303428571,0.0004567590857099497,1
82,1772846766241,-7.305257139999383e-06,-0.000153303428571,0.0004567590857099497,1
83,1772846766244,-7.305257139999383e-06,-0.000153303428571,0.0004567590857099497,1
84,1772846766247,-4.24052571399991e-05,0.00016259657142899992,0.00048015908570995646,1
85,1772846766250,-4.24052571399991e-05,0.00016259657142899992,0.00048015908570995646,1
86,1772846766253,-9.700525713999923e-05,5.729657142899996e-05,0.00025785908570994786,1
87,1772846766255,-9.700525713999923e-05,5.729657142899996e-05,0.00025785908570994786,1
88,1772846766258,-9.700525713999923e-05,5.729657142899996e-05,0.00025785908570994786,1
89,1772846766261,-8.920525713999872e-05,0.000139196571429,0.00028905908570995686,1
90,1772846766264,-8.920525713999872e-05,0.000139196571429,0.00028905908570995686,1
91,1772846766266,-8.920525713999872e-05,0.000139196571429,0.00028905908570995686,1
92,1772846766270,8.239474286000047e-05,-5.10342857100004e-06,0.00038265908570998385,1
93,1772846766273,8.239474286000047e-05,-5.10342857100004e-06,0.00038265908570998385,1
94,1772846766276,8.239474286000047e-05,-5.10342857100004e-06,0.00017985908571003639,1
95,1772846766278,9.409474286000037e-05,4.169657142899996e-05,0.00017985908571003639,1
96,1772846766281,9.409474286000037e-05,4.169657142899996e-05,0.00017985908571003639,1
97,1772846766284,-3.850525713999971e-05,8.069657142899999e-05,0.00041385908570999285,1
98,1772846766287,-3.850525713999971e-05,8.069657142899999e-05,0.00041385908570999285,1
99,1772846766290,-3.850525713999971e-05,8.069657142899999e-05,0.00041385908570999285,1
100,1772846766292,-3.460525713999858e-05,0.00013529657142899996,0.0003787590857099272,1
101,1772846766295,-3.460525713999858e-05,0.00013529657142899996,0.0003787590857099272,1
102,1772846766298,-3.460525713999858e-05,0.00013529657142899996,0.0003787590857099272,1
103,1772846766301,-0.00011260525714000026,4.169657142899996e-05,0.00025785908570994786,1
104,1772846766304,-0.00011260525714000026,4.169657142899996e-05,0.00025785908570994786,1
105,1772846766307,-0.00011260525714000026,4.169657142899996e-05,0.00025785908570994786,1
106,1772846766310,-7.305257139999383e-06,-4.0203428571000026e-05,0.0004723590857099542,1
107,1772846766313,-7.305257139999383e-06,-4.0203428571000026e-05,0.0004723590857099542,1
108,1772846766316,-7.305257139999383e-06,-4.0203428571000026e-05,0.00033195908571002474,1
109,1772846766319,0.00019159474286000074,-7.530342857100001e-05,0.00033195908571002474,1
110,1772846766321,0.00019159474286000074,-7.530342857100001e-05,0.00033195908571002474,1
111,1772846766324,0.0001096947428600014,8.069657142899999e-05,0.0003592590857099771,1
112,1772846766327,0.0001096947428600014,8.069657142899999e-05,0.0003592590857099771,1
113,1772846766330,0.0001096947428600014,8.069657142899999e-05,0.0003592590857099771,1
114,1772846766333,0.00020719474286000003,-6.750342857100004e-05,0.0002032590857099321,1
115,1772846766336,0.00020719474286000003,-6.750342857100004e-05,0.0002032590857099321,1
116,1772846766338,0.00020719474286000003,-6.750342857100004e-05,0.0002032590857099321,1
117,1772846766341,-1.5105257139999897e-05,-5.5803428571000026e-05,0.00026955908571000674,1
118,1772846766344,-1.5105257139999897e-05,-5.5803428571000026e-05,0.00026955908571000674,1
119,1772846766347,-1.5105257139999897e-05,-5.5803428571000026e-05,0.00026955908571000674,1
120,1772846766349,-7.360525713999942e-05,-7.9203428571e-05,7.845908571000714e-05,1
121,1772846766352,-7.360525713999942e-05,-7.9203428571e-05,7.845908571000714e-05,1
122,1772846766355,-7.360525713999942e-05,-7.9203428571e-05,7.845908571000714e-05,1
123,1772846766358,5.119474286000014e-05,0.00011579657142899997,0.0004528590857100041,1
124,1772846766360,5.119474286000014e-05,0.00011579657142899997,0.0004528590857100041,1
0,1772846766407,-3.4052571399999926e-06,-6.750342857100004e-05,0.00033195908571002474,1
1,1772846766410,-3.4052571399999926e-06,-6.750342857100004e-05,0.00033195908571002474,1
2,1772846766413,0.0001252947428600007,6.899657142899997e-05,0.000277359085710009,1
3,1772846766475,-1.5105257139999897e-05,-8.310342857100004e-05,0.00032025908570996586,1
4,1772846766479,-3.070525713999919e-05,-7.140342857100003e-05,9.795908570995725e-05,1
5,1772846766482,-3.070525713999919e-05,-7.140342857100003e-05,9.795908570995725e-05,1
6,1772846766485,0.00014089474286,-7.9203428571e-05,7.845908571000714e-05,1
7,1772846766487,0.00014089474286,-7.9203428571e-05,7.845908571000714e-05,1
8,1772846766490,0.00014089474286,-7.9203428571e-05,7.845908571000714e-05,1
9,1772846766493,5.899474286000066e-05,3.3896571428999986e-05,-5.8040914289976715e-05,1
10,1772846766496,5.899474286000066e-05,3.3896571428999986e-05,-5.8040914289976715e-05,1
11,1772846766499,5.899474286000066e-05,3.3896571428999986e-05,-5.8040914289976715e-05,1
12,1772846766502,-8.920525713999872e-05,0.00011189657142899998,0.000277359085710009,1
13,1772846766505,-8.920525713999872e-05,0.00011189657142899998,0.000277359085710009,1
14,1772846766507,0.00010579474286000028,-9.090342857100001e-05,0.0003787590857099272,1
15,1772846766510,0.00010579474286000028,-9.090342857100001e-05,0.0003787590857099272,1
16,1772846766513,0.00010579474286000028,-9.090342857100001e-05,0.0003787590857099272,1
17,1772846766516,0.00010189474286000089,-7.9203428571e-05,0.00025395908571000225,1
18,1772846766519,0.00010189474286000089,-7.9203428571e-05,0.00025395908571000225,1
19,1772846766522,0.00010189474286000089,-7.9203428571e-05,0.00025395908571000225,1
20,1772846766525,-8.530525713999933e-05,-8.310342857100004e-05,0.00031635908571002024,1
21,1772846766527,-8.530525713999933e-05,-8.310342857100004e-05,0.00031635908571002024,1
22,1772846766530,-8.530525713999933e-05,-8.310342857100004e-05,0.00031635908571002024,1
23,1772846766533,-4.24052571399991e-05,-2.4603428571000026e-05,0.0003553590857100315,1
24,1772846766536,-4.24052571399991e-05,-2.4603428571000026e-05,0.0003553590857100315,1
25,1772846766539,-4.24052571399991e-05,-2.4603428571000026e-05,0.00022275908570999325,1
26,1772846766542,-0.00012040525713999904,-8.310342857100004e-05,0.00022275908570999325,1
27,1772846766545,-0.00012040525713999904,-8.310342857100004e-05,0.00022275908570999325,1
28,1772846766548,-6.190525713999952e-05,3.779657142899997e-05,0.0002812590857099546,1
29,1772846766550,-6.190525713999952e-05,3.779657142899997e-05,0.0002812590857099546,1
30,1772846766553,-6.190525713999952e-05,3.779657142899997e-05,0.0002812590857099546,1
31,1772846766556,3.559474286000085e-05,-7.9203428571e-05,7.065908571000489e-05,1
32,1772846766559,3.559474286000085e-05,-7.9203428571e-05,7.065908571000489e-05,1
33,1772846766562,3.559474286000085e-05,-7.9203428571e-05,7.065908571000489e-05,1
34,1772846766565,-5.020525713999961e-05,-0.00016110342857100004,0.0002500590857099456,1
35,1772846766568,-5.020525713999961e-05,-0.00016110342857100004,0.0002500590857099456,1
36,1772846766570,-5.020525713999961e-05,-0.00016110342857100004,0.0002500590857099456,1
37,1772846766573,-7.305257139999383e-06,0.00016649657142899996,0.0004060590857099906,1
38,1772846766576,-7.305257139999383e-06,0.00016649657142899996,0.0004060590857099906,1
39,1772846766579,-7.305257139999383e-06,2.6965714289999866e-06,0.0001330590857100229,1
40,1772846766582,-7.305257139999383e-06,2.6965714289999866e-06,0.0001330590857100229,1
41,1772846766585,-7.305257139999383e-06,2.6965714289999866e-06,0.0001330590857100229,1
42,1772846766588,-0.00014380525713999885,-0.00010260342857100003,0.000183759085709982,1
43,1772846766590,-0.00014380525713999885,-0.00010260342857100003,0.000183759085709982,1
44,1772846766593,-0.00014380525713999885,-0.00010260342857100003,0.000183759085709982,1
45,1772846766596,-0.00015550525713999876,0.00014699657142899997,0.0002305590857099955,1
46,1772846766599,-0.00015550525713999876,0.00014699657142899997,0.0002305590857099955,1
47,1772846766602,-0.00015550525713999876,0.00014699657142899997,0.0002305590857099955,1
48,1772846766605,-0.00010480525713999975,0.00013529657142899996,0.00014475908570997075,1
49,1772846766608,-0.00010480525713999975,0.00013529657142899996,0.00014475908570997075,1
50,1772846766610,-0.00010480525713999975,0.00013529657142899996,0.00019545908570992986,1
51,1772846766613,0.0001369947428600006,0.000182096571429,0.00019545908570992986,1
52,1772846766616,0.0001369947428600006,0.000182096571429,0.00019545908570992986,1
53,1772846766619,0.0001369947428600006,0.00021719657142899994,0.0003241590857100225,1
54,1772846766622,0.00010189474286000089,0.00021719657142899994,0.0003241590857100225,1
55,1772846766625,0.00010189474286000089,0.00021719657142899994,0.0003241590857100225,1
56,1772846766628,3.169474285999972e-05,0.00022109657142899998,0.00030465908570996136,1
57,1772846766631,3.169474285999972e-05,0.00022109657142899998,0.00030465908570996136,1
58,1772846766634,3.169474285999972e-05,0.00022109657142899998,0.00030465908570996136,1
59,1772846766636,-0.00011260525714000026,2.2196571428999973e-05,0.0001993590857099865,1
60,1772846766639,-0.00011260525714000026,2.2196571428999973e-05,0.0001993590857099865,1
61,1772846766642,-0.00011260525714000026,2.2196571428999973e-05,0.0001993590857099865,1
62,1772846766645,3.559474286000085e-05,-9.003428571000027e-06,0.0001642590857100319,1
63,1772846766648,3.559474286000085e-05,-9.003428571000027e-06,0.0001642590857100319,1
64,1772846766650,3.559474286000085e-05,-9.003428571000027e-06,7.065908571000489e-05,1
65,1772846766654,8.629474285999986e-05,-9.003428571000027e-06,7.065908571000489e-05,1
66,1772846766657,8.629474285999986e-05,-9.003428571000027e-06,7.065908571000489e-05,1
67,1772846766659,-0.00010480525713999975,0.00013139657142899997,1.2159085709932509e-05,1
68,1772846766662,-0.00010480525713999975,0.00013139657142899997,1.2159085709932509e-05,1
69,1772846766665,-0.00010480525713999975,0.00013139657142899997,1.2159085709932509e-05,1
70,1772846766668,-0.00013210525713999895,-8.700342857100003e-05,0.0003553590857100315,1
71,1772846766671,-0.00013210525713999895,-8.700342857100003e-05,0.0003553590857100315,1
72,1772846766673,-0.00013210525713999895,-8.700342857100003e-05,0.0003553590857100315,1
73,1772846766676,0.00010579474286000028,2.2196571428999973e-05,0.0001369590857099685,1
74,1772846766679,0.00010579474286000028,2.2196571428999973e-05,0.0001369590857099685,1
75,1772846766682,0.00010579474286000028,2.2196571428999973e-05,0.0001369590857099685,1
76,1772846766685,0.0001252947428600007,0.00014309657142899993,0.00015645908571002964,1
77,1772846766688,0.0001252947428600007,0.00014309657142899993,0.00015645908571002964,1
78,1772846766690,0.0001252947428600007,0.00012359657142899994,0.000214959085709991,1
79,1772846766693,4.394742860000522e-06,0.00012359657142899994,0.000214959085709991,1
80,1772846766696,4.394742860000522e-06,0.00012359657142899994,0.000214959085709991,1
81,1772846766699,0.0001486947428600005,3.779657142899997e-05,0.0002929590857100135,1
82,1772846766701,0.0001486947428600005,3.779657142899997e-05,0.0002929590857100135,1
83,1772846766704,0.0001486947428600005,3.779657142899997e-05,0.0002929590857100135,1
84,1772846766707,0.00022669474286000045,5.729657142899996e-05,0.00025785908570994786,1
85,1772846766710,0.00022669474286000045,5.729657142899996e-05,0.00025785908570994786,1
86,1772846766713,0.00022669474286000045,5.729657142899996e-05,0.00025785908570994786,1
87,1772846766715,5.509474286000127e-05,6.119657142899994e-05,0.00024615908571,1
88,1772846766718,5.509474286000127e-05,6.119657142899994e-05,0.00024615908571,1
89,1772846766721,5.509474286000127e-05,6.119657142899994e-05,0.00024615908571,1
90,1772846766724,-0.00010480525713999975,8.459657142899997e-05,0.00017985908571003639,1
91,1772846766727,-0.00010480525713999975,8.459657142899997e-05,0.00017985908571003639,1
92,1772846766730,-0.00010480525713999975,8.459657142899997e-05,0.00017985908571003639,1
93,1772846766733,-0.00024910525713999973,2.2196571428999973e-05,0.00016035908570997525,1
94,1772846766735,-0.00024910525713999973,2.2196571428999973e-05,0.00016035908570997525,1
95,1772846766738,-0.00024910525713999973,6.596571428999973e-06,0.0003436590857099726,1
96,1772846766741,-0.00011260525714000026,6.596571428999973e-06,0.0003436590857099726,1
97,1772846766744,-0.00011260525714000026,6.596571428999973e-06,0.0003436590857099726,1
98,1772846766747,0.00012919474286000009,-2.8503428571000013e-05,0.0003124590857099636,1
99,1772846766750,0.00012919474286000009,-2.8503428571000013e-05,0.0003124590857099636,1
100,1772846766753,0.00012919474286000009,-2.8503428571000013e-05,0.0003124590857099636,1
101,1772846766755,7.069474286000056e-05,-0.00011040342857100002,0.00014475908570997075,1
102,1772846766758,7.069474286000056e-05,-0.00011040342857100002,0.00014475908570997075,1
103,1772846766761,7.069474286000056e-05,-0.00011040342857100002,0.00014475908570997075,1
104,1772846766764,-6.190525713999952e-05,-4.410342857100001e-05,0.00025395908571000225,1
105,1772846766767,-6.190525713999952e-05,-4.410342857100001e-05,0.00025395908571000225,1
106,1772846766769,-6.190525713999952e-05,-4.410342857100001e-05,0.00025395908571000225,1
107,1772846766772,-1.5105257139999897e-05,-6.360342857100005e-05,5.8959085709946006e-05,1
108,1772846766775,-1.5105257139999897e-05,-6.360342857100005e-05,5.8959085709946006e-05,1
109,1772846766778,-1.5105257139999897e-05,-6.360342857100005e-05,5.8959085709946006e-05,1
110,1772846766781,-3.070525713999919e-05,-4.410342857100001e-05,0.0002188590857099366,1
111,1772846766784,-3.070525713999919e-05,-4.410342857100001e-05,0.0002188590857099366,1
112,1772846766787,3.949474286000024e-05,-4.8003428571e-05,0.0001993590857099865,1
113,1772846766790,3.949474286000024e-05,-4.8003428571e-05,0.0001993590857099865,1
114,1772846766792,3.949474286000024e-05,-4.8003428571e-05,0.0001993590857099865,1
115,1772846766795,3.949474286000024e-05,-9.003428571000027e-06,-1.9040914289965467e-05,1
116,1772846766798,3.949474286000024e-05,-9.003428571000027e-06,-1.9040914289965467e-05,1
117,1772846766801,3.949474286000024e-05,-9.003428571000027e-06,-1.9040914289965467e-05,1
118,1772846766804,4.729474286000075e-05,4.5596571429e-05,0.00028515908571001124,1
119,1772846766807,4.729474286000075e-05,4.5596571429e-05,0.00028515908571001124,1
120,1772846766810,4.729474286000075e-05,4.5596571429e-05,0.00020715908570998875,1
121,1772846766813,-0.00010090525713999862,4.5596571429e-05,0.00020715908570998875,1
122,1772846766815,-0.00010090525713999862,4.5596571429e-05,0.00020715908570998875,1
123,1772846766818,-0.00010090525713999862,1.049657142899996e-05,0.0003787590857099272,1
124,1772846766821,-0.00011650525713999965,1.049657142899996e-05,0.0003787590857099272,1
0,1772846766868,-0.00010090525713999862,1.4396571429e-05,-9.314091429004235e-05,1
1,1772846766931,-0.00010090525713999862,1.4396571429e-05,-9.314091429004235e-05,1
2,1772846766934,-1.1205257139998773e-05,0.00013139657142899997,0.0001486590857100274,1
3,1772846766938,-1.1205257139998773e-05,0.00013139657142899997,0.0001486590857100274,1
4,1772846766940,0.0001096947428600014,-5.190342857100004e-05,0.00041775908570993846,1
5,1772846766943,0.0001096947428600014,-5.190342857100004e-05,0.00041775908570993846,1
6,1772846766946,-0.00014380525713999885,7.289657142899996e-05,0.0001057590857099595,1
7,1772846766949,-0.00014380525713999885,7.289657142899996e-05,0.0001057590857099595,1
8,1772846766951,-0.00014380525713999885,7.289657142899996e-05,0.0001057590857099595,1
9,1772846766954,-1.9005257139999288e-05,0.00010019657142899997,9.795908570995725e-05,1
10,1772846766957,-1.9005257139999288e-05,0.00010019657142899997,9.795908570995725e-05,1
11,1772846766960,-1.9005257139999288e-05,0.00010019657142899997,9.795908570995725e-05,1
12,1772846766963,0.00017209474286000032,-3.630342857100004e-05,0.00022665908570993886,1
13,1772846766966,0.00017209474286000032,-3.630342857100004e-05,0.00022665908570993886,1
14,1772846766969,0.00017209474286000032,-3.630342857100004e-05,0.00022665908570993886,1
15,1772846766971,4.947428600011322e-07,8.069657142899999e-05,0.0001369590857099685,1
16,1772846766974,4.947428600011322e-07,8.069657142899999e-05,0.0001369590857099685,1
17,1772846766977,4.947428600011322e-07,8.069657142899999e-05,0.0001369590857099685,1
18,1772846766979,-3.460525713999858e-05,0.00013529657142899996,0.0002929590857100135,1
19,1772846766982,-3.460525713999858e-05,0.00013529657142899996,0.0002929590857100135,1
20,1772846766985,-3.460525713999858e-05,0.00013529657142899996,0.0002929590857100135,1
21,1772846766988,-0.00012430525714000017,5.729657142899996e-05,0.00025395908571000225,1
22,1772846766990,-0.00012430525714000017,5.729657142899996e-05,0.00025395908571000225,1
23,1772846766993,-0.00012430525714000017,5.729657142899996e-05,3.945908570999589e-05,1
24,1772846766996,-3.070525713999919e-05,-1.203428571000054e-06,3.945908570999589e-05,1
25,1772846766999,-3.070525713999919e-05,-1.203428571000054e-06,3.945908570999589e-05,1
26,1772846767001,-3.070525713999919e-05,6.509657142899999e-05,0.0001876590857099276,1
27,1772846767004,9.019474286000098e-05,6.509657142899999e-05,0.0001876590857099276,1
28,1772846767007,9.019474286000098e-05,6.509657142899999e-05,0.0001876590857099276,1
29,1772846767009,-4.24052571399991e-05,-6.750342857100004e-05,0.0003748590857099816,1
30,1772846767012,-4.24052571399991e-05,-6.750342857100004e-05,0.0003748590857099816,1
31,1772846767015,-4.24052571399991e-05,-6.750342857100004e-05,0.0003748590857099816,1
32,1772846767018,6.679474286000117e-05,1.8296571428999986e-05,0.0002032590857099321,1
33,1772846767020,6.679474286000117e-05,1.8296571428999986e-05,0.0002032590857099321,1
34,1772846767023,6.679474286000117e-05,1.8296571428999986e-05,0.0002032590857099321,1
35,1772846767026,7.069474286000056e-05,8.459657142899997e-05,0.0002344590857099411,1
36,1772846767029,7.069474286000056e-05,8.459657142899997e-05,0.0002344590857099411,1
37,1772846767031,7.069474286000056e-05,8.459657142899997e-05,0.0002344590857099411,1
38,1772846767034,2.7794742860000332e-05,0.000150896571429,0.00030465908570996136,1
39,1772846767037,2.7794742860000332e-05,0.000150896571429,0.00030465908570996136,1
40,1772846767039,2.7794742860000332e-05,0.000150896571429,0.00030465908570996136,1
41,1772846767042,5.509474286000127e-05,0.00018989657142899998,0.0003124590857099636,1
42,1772846767045,5.509474286000127e-05,0.00018989657142899998,0.0003124590857099636,1
43,1772846767048,5.509474286000127e-05,0.00018989657142899998,0.0003124590857099636,1
44,1772846767050,-1.1205257139998773e-05,9.239657142899994e-05,0.00036315908571003374,1
45,1772846767053,-1.1205257139998773e-05,9.239657142899994e-05,0.00036315908571003374,1
46,1772846767056,-1.1205257139998773e-05,9.239657142899994e-05,0.00036315908571003374,1
47,1772846767059,-3.850525713999971e-05,-1.203428571000054e-06,0.00044505908571000185,1
48,1772846767061,-3.850525713999971e-05,-1.203428571000054e-06,0.00044505908571000185,1
49,1772846767064,-3.850525713999971e-05,-1.203428571000054e-06,0.00044505908571000185,1
50,1772846767067,-1.1205257139998773e-05,0.00014699657142899997,0.0005074590857100198,1
51,1772846767069,-1.1205257139998773e-05,0.00014699657142899997,0.0005074590857100198,1
52,1772846767072,-1.1205257139998773e-05,0.00014699657142899997,0.0005074590857100198,1
53,1772846767075,-0.00015940525713999988,0.000139196571429,0.00023835908570999775,1
54,1772846767078,-0.00015940525713999988,0.000139196571429,0.00023835908570999775,1
55,1772846767080,-0.00015940525713999988,0.000139196571429,0.00023835908570999775,1
56,1772846767083,4.947428600011322e-07,0.00017429657142899993,0.0002617590857100045,1
57,1772846767086,4.947428600011322e-07,0.00017429657142899993,0.0002617590857100045,1
58,1772846767089,4.947428600011322e-07,0.00017429657142899993,0.00040215908570993397,1
59,1772846767092,-6.190525713999952e-05,6.119657142899994e-05,0.00040215908570993397,1
60,1772846767095,-6.190525713999952e-05,6.119657142899994e-05,0.00040215908570993397,1
61,1772846767098,-0.00011650525713999965,7.289657142899996e-05,0.00030465908570996136,1
62,1772846767100,-0.00011650525713999965,7.289657142899996e-05,0.00030465908570996136,1
63,1772846767103,-0.00011650525713999965,7.289657142899996e-05,0.00030465908570996136,1
64,1772846767106,-3.070525713999919e-05,3.779657142899997e-05,0.000183759085709982,1
65,1772846767109,-3.070525713999919e-05,3.779657142899997e-05,0.000183759085709982,1
66,1772846767111,-3.070525713999919e-05,3.779657142899997e-05,0.000183759085709982,1
67,1772846767114,0.0001642947428599998,1.049657142899996e-05,0.000339759085710027,1
68,1772846767117,0.0001642947428599998,1.049657142899996e-05,0.000339759085710027,1
69,1772846767120,0.0001642947428599998,1.049657142899996e-05,0.000339759085710027,1
70,1772846767123,4.339474286000136e-05,-6.360342857100005e-05,0.00021105908570993436,1
71,1772846767126,4.339474286000136e-05,-6.360342857100005e-05,0.00021105908570993436,1
72,1772846767129,4.339474286000136e-05,-6.360342857100005e-05,0.00021105908570993436,1
73,1772846767131,-0.00011260525714000026,-7.140342857100003e-05,0.00038655908570992947,1
74,1772846767134,-0.00011260525714000026,-7.140342857100003e-05,0.00038655908570992947,1
75,1772846767137,-0.00011260525714000026,-7.140342857100003e-05,0.0003280590857099681,1
76,1772846767139,7.069474286000056e-05,0.00010409657142899996,0.0003280590857099681,1
77,1772846767142,7.069474286000056e-05,0.00010409657142899996,0.0003280590857099681,1
78,1772846767145,7.069474286000056e-05,-6.360342857100005e-05,0.00024225908570994336,1
79,1772846767148,-0.00013990525713999946,-6.360342857100005e-05,0.00024225908570994336,1
80,1772846767150,-0.00013990525713999946,-6.360342857100005e-05,0.00024225908570994336,1
81,1772846767153,-8.530525713999933e-05,0.00017429657142899993,0.00016035908570997525,1
82,1772846767156,-8.530525713999933e-05,0.00017429657142899993,0.00016035908570997525,1
83,1772846767158,-8.530525713999933e-05,0.00017429657142899993,0.00016035908570997525,1
84,1772846767161,3.169474285999972e-05,-4.410342857100001e-05,1.9959085709934758e-05,1
85,1772846767164,3.169474285999972e-05,-4.410342857100001e-05,1.9959085709934758e-05,1
86,1772846767167,3.169474285999972e-05,-4.410342857100001e-05,1.9959085709934758e-05,1
87,1772846767169,0.00015649474286000102,0.000139196571429,-4.2440914289972216e-05,1
88,1772846767172,0.00015649474286000102,0.000139196571429,-4.2440914289972216e-05,1
89,1772846767175,0.00015649474286000102,0.000139196571429,-4.2440914289972216e-05,1
90,1772846767178,-6.190525713999952e-05,-9.003428571000027e-06,0.0001330590857100229,1
91,1772846767180,-6.190525713999952e-05,-9.003428571000027e-06,0.0001330590857100229,1
92,1772846767183,-6.190525713999952e-05,-9.003428571000027e-06,0.0001330590857100229,1
93,1772846767186,-0.00015160525713999937,5.339657142899997e-05,0.0002968590857099591,1
94,1772846767189,-0.00015160525713999937,5.339657142899997e-05,0.0002968590857099591,1
95,1772846767192,-0.00015160525713999937,5.339657142899997e-05,0.0002968590857099591,1
96,1772846767195,-5.4105257139999e-05,0.000213296571429,0.0004060590857099906,1
97,1772846767197,-5.4105257139999e-05,0.000213296571429,0.0004060590857099906,1
98,1772846767200,-5.4105257139999e-05,0.000213296571429,0.0004060590857099906,1
99,1772846767203,-5.4105257139999e-05,0.00011969657142899996,0.0002188590857099366,1
100,1772846767206,-5.4105257139999e-05,0.00011969657142899996,0.0002188590857099366,1
101,1772846767209,-5.4105257139999e-05,-2.070342857100004e-05,0.0003904590857099861,1
102,1772846767211,-3.460525713999858e-05,-2.070342857100004e-05,0.0003904590857099861,1
103,1772846767214,-3.460525713999858e-05,-2.070342857100004e-05,0.0003904590857099861,1
104,1772846767217,-3.460525713999858e-05,0.00010409657142899996,0.00038655908570992947,1
105,1772846767219,1.9994742859999817e-05,0.00010409657142899996,0.00038655908570992947,1
106,1772846767222,1.9994742859999817e-05,0.00010409657142899996,0.00038655908570992947,1
107,1772846767225,-9.700525713999923e-05,9.239657142899994e-05,0.00017985908571003639,1
108,1772846767228,-9.700525713999923e-05,9.239657142899994e-05,0.00017985908571003639,1
109,1772846767230,-9.700525713999923e-05,9.239657142899994e-05,0.00017985908571003639,1
110,1772846767234,-7.360525713999942e-05,-7.530342857100001e-05,0.00017985908571003639,1
111,1772846767237,-7.360525713999942e-05,-7.530342857100001e-05,0.00017985908571003639,1
112,1772846767239,-7.360525713999942e-05,-7.530342857100001e-05,0.00017985908571003639,1
113,1772846767242,-1.1205257139998773e-05,9.239657142899994e-05,0.000121359085709964,1
114,1772846767245,-1.1205257139998773e-05,9.239657142899994e-05,0.000121359085709964,1
115,1772846767247,-1.1205257139998773e-05,9.239657142899994e-05,0.000121359085709964,1
116,1772846767250,-6.190525713999952e-05,7.6796571429e-05,8.625908571000939e-05,1
117,1772846767253,-6.190525713999952e-05,7.6796571429e-05,8.625908571000939e-05,1
118,1772846767256,-6.190525713999952e-05,7.6796571429e-05,8.625908571000939e-05,1
119,1772846767258,-1.5105257139999897e-05,6.509657142899999e-05,0.00017595908570997975,1
120,1772846767261,-1.5105257139999897e-05,6.509657142899999e-05,0.00017595908570997975,1
121,1772846767264,-1.5105257139999897e-05,6.509657142899999e-05,0.00025395908571000225,1
122,1772846767267,-2.6805257139999802e-05,0.00015869657142899998,0.00025395908571000225,1
123,1772846767270,-2.6805257139999802e-05,0.00015869657142899998,0.00025395908571000225,1
124,1772846767272,-2.6805257139999802e-05,0.00012749657142899998,0.0005191590857099677,1
0,1772846767316,-1.1205257139998773e-05,8.459657142899997e-05,0.0003280590857099681,1
1,1772846767335,-1.1205257139998773e-05,8.459657142899997e-05,0.0003280590857099681,1
2,1772846767384,5.899474286000066e-05,7.6796571429e-05,0.000308559085710018,1
3,1772846767387,-0.00010090525713999862,7.6796571429e-05,0.000308559085710018,1
4,1772846767390,-0.00010090525713999862,7.6796571429e-05,0.000308559085710018,1
5,1772846767393,-4.24052571399991e-05,0.00015869657142899998,0.000183759085709982,1
6,1772846767396,-4.24052571399991e-05,0.00015869657142899998,0.000183759085709982,1
7,1772846767398,-4.24052571399991e-05,0.00015869657142899998,0.000183759085709982,1
8,1772846767401,0.00014089474286,0.00020549657142899993,0.00025785908570994786,1
9,1772846767404,0.00014089474286,0.00020549657142899993,0.00025785908570994786,1
10,1772846767407,0.00014089474286,0.00020549657142899993,0.00025785908570994786,1
11,1772846767410,-0.00010090525713999862,0.000244496571429,3.555908570993926e-05,1
12,1772846767413,-0.00010090525713999862,0.000244496571429,3.555908570993926e-05,1
13,1772846767416,-0.00010090525713999862,0.000244496571429,0.0001993590857099865,1
14,1772846767418,-6.970525714000003e-05,1.049657142899996e-05,0.0001993590857099865,1
15,1772846767421,-6.970525714000003e-05,1.049657142899996e-05,0.0001993590857099865,1
16,1772846767424,-6.190525713999952e-05,-2.070342857100004e-05,0.00042945908570999735,1
17,1772846767427,-6.190525713999952e-05,-2.070342857100004e-05,0.00042945908570999735,1
18,1772846767430,-6.190525713999952e-05,-2.070342857100004e-05,0.00042945908570999735,1
19,1772846767433,2.7794742860000332e-05,-2.4603428571000026e-05,0.0003904590857099861,1
20,1772846767436,2.7794742860000332e-05,-2.4603428571000026e-05,0.0003904590857099861,1
21,1772846767439,2.7794742860000332e-05,-2.4603428571000026e-05,0.0003904590857099861,1
22,1772846767442,-7.360525713999942e-05,0.000139196571429,0.0003241590857100225,1
23,1772846767444,-7.360525713999942e-05,0.000139196571429,0.0003241590857100225,1
24,1772846767447,-7.360525713999942e-05,0.000139196571429,0.0003241590857100225,1
25,1772846767450,-6.580525713999891e-05,9.629657142899998e-05,0.00038655908570992947,1
26,1772846767453,-6.580525713999891e-05,9.629657142899998e-05,0.00038655908570992947,1
27,1772846767456,8.629474285999986e-05,3.3896571428999986e-05,0.0002812590857099546,1
28,1772846767459,8.629474285999986e-05,3.3896571428999986e-05,0.0002812590857099546,1
29,1772846767462,8.629474285999986e-05,3.3896571428999986e-05,0.0002812590857099546,1
30,1772846767464,3.169474285999972e-05,-4.8003428571e-05,0.00027345908570995236,1
31,1772846767467,3.169474285999972e-05,-4.8003428571e-05,0.00027345908570995236,1
32,1772846767470,3.169474285999972e-05,-4.8003428571e-05,0.00027345908570995236,1
33,1772846767473,-4.630525714000022e-05,-3.630342857100004e-05,0.00033195908571002474,1
34,1772846767476,-4.630525714000022e-05,-3.630342857100004e-05,0.00033195908571002474,1
35,1772846767479,-4.630525714000022e-05,-3.630342857100004e-05,0.00033195908571002474,1
36,1772846767482,-0.00013210525713999895,2.9996571428999945e-05,0.0004879590857099587,1
37,1772846767485,-0.00013210525713999895,2.9996571428999945e-05,0.0004879590857099587,1
38,1772846767487,-0.00013210525713999895,2.9996571428999945e-05,0.00019155908570998425,1
39,1772846767490,-7.305257139999383e-06,8.459657142899997e-05,0.00019155908570998425,1
40,1772846767493,-7.305257139999383e-06,8.459657142899997e-05,0.00019155908570998425,1
41,1772846767496,-7.305257139999383e-06,6.509657142899999e-05,0.00019155908570998425,1
42,1772846767499,-3.070525713999919e-05,6.509657142899999e-05,0.00019155908570998425,1
43,1772846767502,-3.070525713999919e-05,6.509657142899999e-05,0.00019155908570998425,1
44,1772846767505,2.3894742860000942e-05,4.9496571428999986e-05,0.0002968590857099591,1
45,1772846767507,2.3894742860000942e-05,4.9496571428999986e-05,0.0002968590857099591,1
46,1772846767510,2.3894742860000942e-05,4.9496571428999986e-05,0.0002968590857099591,1
47,1772846767513,-0.00014380525713999885,0.00011189657142899998,8.625908571000939e-05,1
48,1772846767516,-0.00014380525713999885,0.00011189657142899998,8.625908571000939e-05,1
49,1772846767519,-0.00014380525713999885,0.00011189657142899998,8.625908571000939e-05,1
50,1772846767521,-6.190525713999952e-05,4.169657142899996e-05,0.00012915908570996625,1
51,1772846767524,-6.190525713999952e-05,4.169657142899996e-05,0.00012915908570996625,1
52,1772846767527,-6.190525713999952e-05,4.169657142899996e-05,0.00012915908570996625,1
53,1772846767530,-7.305257139999383e-06,-9.090342857100001e-05,0.00032025908570996586,1
54,1772846767533,-7.305257139999383e-06,-9.090342857100001e-05,0.00032025908570996586,1
55,1772846767536,-6.190525713999952e-05,-4.0203428571000026e-05,0.0002344590857099411,1
56,1772846767539,-6.190525713999952e-05,-4.0203428571000026e-05,0.0002344590857099411,1
57,1772846767541,-6.190525713999952e-05,-4.0203428571000026e-05,0.0002344590857099411,1
58,1772846767544,-3.070525713999919e-05,-5.970342857100001e-05,0.0004060590857099906,1
59,1772846767547,-3.070525713999919e-05,-5.970342857100001e-05,0.0004060590857099906,1
60,1772846767550,-3.070525713999919e-05,-5.970342857100001e-05,0.0004060590857099906,1
61,1772846767553,1.6094742860000427e-05,-4.410342857100001e-05,0.0002812590857099546,1
62,1772846767556,1.6094742860000427e-05,-4.410342857100001e-05,0.0002812590857099546,1
63,1772846767559,1.6094742860000427e-05,-4.410342857100001e-05,0.0002812590857099546,1
64,1772846767561,-3.850525713999971e-05,8.459657142899997e-05,0.00017985908571003639,1
65,1772846767564,-3.850525713999971e-05,8.459657142899997e-05,0.00017985908571003639,1
66,1772846767567,-3.850525713999971e-05,8.459657142899997e-05,0.00017985908571003639,1
67,1772846767570,-6.970525714000003e-05,-3.630342857100004e-05,0.0004996590857100176,1
68,1772846767573,-6.970525714000003e-05,-3.630342857100004e-05,0.0004996590857100176,1
69,1772846767575,-6.970525714000003e-05,1.4396571429e-05,0.0001876590857099276,1
70,1772846767578,-5.020525713999961e-05,1.4396571429e-05,0.0001876590857099276,1
71,1772846767581,-5.020525713999961e-05,1.4396571429e-05,0.0001876590857099276,1
72,1772846767584,0.0001252947428600007,6.119657142899994e-05,0.00021105908570993436,1
73,1772846767588,0.0001252947428600007,6.119657142899994e-05,0.00021105908570993436,1
74,1772846767590,0.0001252947428600007,6.119657142899994e-05,0.00021105908570993436,1
75,1772846767593,0.00017209474286000032,1.8296571428999986e-05,0.00044895908570994746,1
76,1772846767596,0.00017209474286000032,1.8296571428999986e-05,0.00044895908570994746,1
77,1772846767599,0.00017209474286000032,1.8296571428999986e-05,0.00044895908570994746,1
78,1772846767601,0.0001213947428600013,1.4396571429e-05,9.0159085709955e-05,1
79,1772846767604,0.0001213947428600013,1.4396571429e-05,9.0159085709955e-05,1
80,1772846767607,0.0001213947428600013,1.4396571429e-05,0.00028905908570995686,1
81,1772846767610,-8.920525713999872e-05,-7.140342857100003e-05,0.00028905908570995686,1
82,1772846767613,-8.920525713999872e-05,-7.140342857100003e-05,0.00028905908570995686,1
83,1772846767616,-7.750525713999881e-05,-0.00012990342857100004,0.00039825908570998835,1
84,1772846767619,-7.750525713999881e-05,-0.00012990342857100004,0.00039825908570998835,1
85,1772846767621,-7.750525713999881e-05,-0.00012990342857100004,0.00039825908570998835,1
86,1772846767624,-1.1205257139998773e-05,-9.870342857100004e-05,0.0001057590857099595,1
87,1772846767627,-1.1205257139998773e-05,-9.870342857100004e-05,0.0001057590857099595,1
88,1772846767630,-1.1205257139998773e-05,-9.870342857100004e-05,0.0001057590857099595,1
89,1772846767633,-6.580525713999891e-05,2.2196571428999973e-05,0.00036705908570997935,1
90,1772846767636,-6.580525713999891e-05,2.2196571428999973e-05,0.00036705908570997935,1
91,1772846767639,-6.580525713999891e-05,2.2196571428999973e-05,0.00036705908570997935,1
92,1772846767641,3.949474286000024e-05,-1.2903428571000013e-05,0.0001486590857100274,1
93,1772846767644,3.949474286000024e-05,-1.2903428571000013e-05,0.0001486590857100274,1
94,1772846767647,3.949474286000024e-05,0.00014309657142899993,0.00017595908570997975,1
95,1772846767650,-3.850525713999971e-05,0.00014309657142899993,0.00017595908570997975,1
96,1772846767653,-3.850525713999971e-05,0.00014309657142899993,0.00017595908570997975,1
97,1772846767656,8.294742859999912e-06,-9.003428571000027e-06,6.285908571000264e-05,1
98,1772846767659,8.294742859999912e-06,-9.003428571000027e-06,6.285908571000264e-05,1
99,1772846767662,8.294742859999912e-06,-9.003428571000027e-06,6.285908571000264e-05,1
100,1772846767664,-8.920525713999872e-05,8.849657142899996e-05,0.000339759085710027,1
101,1772846767667,-8.920525713999872e-05,8.849657142899996e-05,0.000339759085710027,1
102,1772846767670,-8.920525713999872e-05,8.849657142899996e-05,0.000339759085710027,1
103,1772846767673,-4.630525714000022e-05,0.00012749657142899998,0.0003436590857099726,1
104,1772846767676,-4.630525714000022e-05,0.00012749657142899998,0.0003436590857099726,1
105,1772846767679,-4.630525714000022e-05,-1.203428571000054e-06,0.00012525908571002064,1
106,1772846767682,7.459474285999995e-05,-1.203428571000054e-06,0.00012525908571002064,1
107,1772846767684,7.459474285999995e-05,-1.203428571000054e-06,0.00012525908571002064,1
108,1772846767687,-2.6805257139999802e-05,0.00011189657142899998,0.00020715908570998875,1
109,1772846767690,-2.6805257139999802e-05,0.00011189657142899998,0.00020715908570998875,1
110,1772846767693,-2.6805257139999802e-05,0.00011189657142899998,0.00020715908570998875,1
111,1772846767696,6.679474286000117e-05,0.00016259657142899992,0.0003241590857100225,1
112,1772846767699,6.679474286000117e-05,0.00016259657142899992,0.0003241590857100225,1
113,1772846767702,6.679474286000117e-05,0.00016259657142899992,0.0003241590857100225,1
114,1772846767705,0.0001096947428600014,7.289657142899996e-05,0.0002617590857100045,1
115,1772846767707,0.0001096947428600014,7.289657142899996e-05,0.0002617590857100045,1
116,1772846767710,0.0001096947428600014,7.289657142899996e-05,0.0002617590857100045,1
117,1772846767714,4.394742860000522e-06,-9.090342857100001e-05,0.0001681590857099775,1
118,1772846767716,4.394742860000522e-06,-9.090342857100001e-05,0.0001681590857099775,1
119,1772846767719,-0.0001945052571399996,-0.00013380342857100002,-2.6840914289967717e-05,1
120,1772846767722,-0.0001945052571399996,-0.00013380342857100002,-2.6840914289967717e-05,1
121,1772846767725,-0.0001945052571399996,-0.00013380342857100002,-2.6840914289967717e-05,1
122,1772846767727,1.6094742860000427e-05,6.899657142899997e-05,0.00010185908571001389,1
123,1772846767730,1.6094742860000427e-05,6.899657142899997e-05,0.00010185908571001389,1
124,1772846767734,1.6094742860000427e-05,6.899657142899997e-05,0.00010185908571001389,1
0,1772846767779,3.169474285999972e-05,2.9996571428999945e-05,0.00040215908570993397,1
1,1772846767842,-3.070525713999919e-05,-7.9203428571e-05,0.00024615908571,1
2,1772846767848,-0.00015160525713999937,3.3896571428999986e-05,0.000121359085709964,1
3,1772846767851,-0.00015160525713999937,3.3896571428999986e-05,0.000121359085709964,1
4,1772846767853,-0.00015160525713999937,3.3896571428999986e-05,0.000121359085709964,1
5,1772846767856,-0.00011260525714000026,-0.00012990342857100004,0.00036705908570997935,1
6,1772846767859,-0.00011260525714000026,-0.00012990342857100004,0.00036705908570997935,1
7,1772846767862,-0.00011260525714000026,-0.00012990342857100004,0.00036705908570997935,1
8,1772846767864,-0.00019840525713999899,-0.00012600342857100002,0.00033585908570997035,1
9,1772846767867,-0.00019840525713999899,-0.00012600342857100002,0.00033585908570997035,1
10,1772846767870,-0.00019840525713999899,-0.00012600342857100002,0.00033585908570997035,1
11,1772846767872,1.2194742860001037e-05,-0.00011430342857100004,8.259085709986895e-06,1
12,1772846767875,1.2194742860001037e-05,-0.00011430342857100004,8.259085709986895e-06,1
13,1772846767878,1.2194742860001037e-05,-0.00011430342857100004,8.259085709986895e-06,1
14,1772846767881,-0.00015550525713999876,-0.00017280342857100002,-0.0001360409142899992,1
15,1772846767883,-0.00015550525713999876,-0.00017280342857100002,-0.0001360409142899992,1
16,1772846767886,-0.00015550525713999876,-0.00017280342857100002,0.00020715908570998875,1
17,1772846767889,-5.800525714000013e-05,-7.9203428571e-05,0.00020715908570998875,1
18,1772846767892,-5.800525714000013e-05,-7.9203428571e-05,0.00020715908570998875,1
19,1772846767894,-5.800525714000013e-05,-5.970342857100001e-05,0.0003124590857099636,1
20,1772846767897,-1.9005257139999288e-05,-5.970342857100001e-05,0.0003124590857099636,1
21,1772846767900,-1.9005257139999288e-05,-5.970342857100001e-05,0.0003124590857099636,1
22,1772846767903,3.559474286000085e-05,8.849657142899996e-05,0.00041385908570999285,1
23,1772846767905,3.559474286000085e-05,8.849657142899996e-05,0.00041385908570999285,1
24,1772846767908,3.559474286000085e-05,8.849657142899996e-05,0.00041385908570999285,1
25,1772846767911,5.119474286000014e-05,2.2196571428999973e-05,0.0003904590857099861,1
26,1772846767914,5.119474286000014e-05,2.2196571428999973e-05,0.0003904590857099861,1
27,1772846767916,5.119474286000014e-05,2.2196571428999973e-05,0.0003904590857099861,1
28,1772846767919,9.799474285999976e-05,-5.190342857100004e-05,0.00028515908571001124,1
29,1772846767922,9.799474285999976e-05,-5.190342857100004e-05,0.00028515908571001124,1
30,1772846767925,9.799474285999976e-05,-5.190342857100004e-05,0.00028515908571001124,1
31,1772846767928,8.294742859999912e-06,4.9496571428999986e-05,9.405908571001164e-05,1
32,1772846767931,8.294742859999912e-06,4.9496571428999986e-05,9.405908571001164e-05,1
33,1772846767933,8.294742859999912e-06,4.9496571428999986e-05,9.405908571001164e-05,1
34,1772846767936,-0.0002023052571400001,-3.630342857100004e-05,0.00026955908571000674,1
35,1772846767939,-0.0002023052571400001,-3.630342857100004e-05,0.00026955908571000674,1
36,1772846767942,-0.0002023052571400001,-3.630342857100004e-05,0.00017595908570997975,1
37,1772846767945,-0.00016720525713999866,-9.003428571000027e-06,0.00017595908570997975,1
38,1772846767948,-0.00016720525713999866,-9.003428571000027e-06,0.00017595908570997975,1
39,1772846767951,-6.190525713999952e-05,0.00018599657142899994,1.2159085709932509e-05,1
40,1772846767953,-6.190525713999952e-05,0.00018599657142899994,1.2159085709932509e-05,1
41,1772846767956,-6.190525713999952e-05,0.00018599657142899994,1.2159085709932509e-05,1
42,1772846767959,-3.460525713999858e-05,4.9496571428999986e-05,0.00030075908571001574,1
43,1772846767962,-3.460525713999858e-05,4.9496571428999986e-05,0.00030075908571001574,1
44,1772846767964,-3.460525713999858e-05,4.9496571428999986e-05,0.00030075908571001574,1
45,1772846767967,0.0001486947428600005,-9.003428571000027e-06,0.0004840590857100131,1
46,1772846767970,0.0001486947428600005,-9.003428571000027e-06,0.0004840590857100131,1
47,1772846767973,0.0001486947428600005,-9.003428571000027e-06,0.0004840590857100131,1
48,1772846767975,0.0001369947428600006,-0.000122103428571,0.00025395908571000225,1
49,1772846767978,0.0001369947428600006,-0.000122103428571,0.00025395908571000225,1
50,1772846767981,0.0001369947428600006,-0.000122103428571,0.00025395908571000225,1
51,1772846767984,-0.00012040525713999904,-7.530342857100001e-05,0.0002305590857099955,1
52,1772846767986,-0.00012040525713999904,-7.530342857100001e-05,0.0002305590857099955,1
53,1772846767990,-0.00012040525713999904,-7.530342857100001e-05,0.0002305590857099955,1
54,1772846767993,-0.00024910525713999973,6.596571428999973e-06,0.0002032590857099321,1
55,1772846767995,-0.00024910525713999973,6.596571428999973e-06,0.0002032590857099321,1
56,1772846767998,-0.00010090525713999862,-5.970342857100001e-05,0.0003592590857099771,1
57,1772846768001,-0.00010090525713999862,-5.970342857100001e-05,0.0003592590857099771,1
58,1772846768004,-0.00010090525713999862,-5.970342857100001e-05,0.0003592590857099771,1
59,1772846768006,-6.580525713999891e-05,-7.140342857100003e-05,5.505908571000039e-05,1
60,1772846768009,-6.580525713999891e-05,-7.140342857100003e-05,5.505908571000039e-05,1
61,1772846768012,-6.580525713999891e-05,-7.140342857100003e-05,5.505908571000039e-05,1
62,1772846768014,-4.24052571399991e-05,-0.00010260342857100003,0.00022275908570999325,1
63,1772846768017,-4.24052571399991e-05,-0.00010260342857100003,0.00022275908570999325,1
64,1772846768020,-4.24052571399991e-05,-0.00010260342857100003,0.00022275908570999325,1
65,1772846768023,7.459474285999995e-05,-8.700342857100003e-05,2.7759085709937008e-05,1
66,1772846768025,7.459474285999995e-05,-8.700342857100003e-05,2.7759085709937008e-05,1
67,1772846768028,7.459474285999995e-05,-8.700342857100003e-05,2.7759085709937008e-05,1
68,1772846768031,-1.1205257139998773e-05,0.00013529657142899996,0.000370959085710036,1
69,1772846768034,-1.1205257139998773e-05,0.00013529657142899996,0.000370959085710036,1
70,1772846768036,-1.1205257139998773e-05,0.00013529657142899996,0.000370959085710036,1
71,1772846768039,9.799474285999976e-05,-0.00011430342857100004,5.505908571000039e-05,1
72,1772846768042,9.799474285999976e-05,-0.00011430342857100004,5.505908571000039e-05,1
73,1772846768045,9.799474285999976e-05,-0.00011430342857100004,5.505908571000039e-05,1
74,1772846768048,3.169474285999972e-05,2.9996571428999945e-05,-3.074091429002435e-05,1
75,1772846768051,3.169474285999972e-05,2.9996571428999945e-05,-3.074091429002435e-05,1
76,1772846768054,3.169474285999972e-05,-2.4603428571000026e-05,0.00046455908570995196,1
77,1772846768056,-7.360525713999942e-05,-2.4603428571000026e-05,0.00046455908570995196,1
78,1772846768059,-7.360525713999942e-05,-2.4603428571000026e-05,0.00046455908570995196,1
79,1772846768062,-3.460525713999858e-05,0.00024059657142899997,0.00017985908571003639,1
80,1772846768065,-3.460525713999858e-05,0.00024059657142899997,0.00017985908571003639,1
81,1772846768067,-3.460525713999858e-05,0.00024059657142899997,0.00017985908571003639,1
82,1772846768070,0.00014089474286,-1.203428571000054e-06,0.00043335908570994296,1
83,1772846768073,0.00014089474286,-1.203428571000054e-06,0.00043335908570994296,1
84,1772846768076,0.00014089474286,-1.203428571000054e-06,0.00043335908570994296,1
85,1772846768079,0.0001213947428600013,-5.970342857100001e-05,0.0003241590857100225,1
86,1772846768083,0.0001213947428600013,-5.970342857100001e-05,0.0003241590857100225,1
87,1772846768085,0.0001213947428600013,-5.970342857100001e-05,0.00019545908570992986,1
88,1772846768088,7.849474286000108e-05,7.6796571429e-05,0.00019545908570992986,1
89,1772846768091,7.849474286000108e-05,7.6796571429e-05,0.00019545908570992986,1
90,1772846768094,7.849474286000108e-05,7.289657142899996e-05,0.0002500590857099456,1
91,1772846768097,1.9994742859999817e-05,7.289657142899996e-05,0.0002500590857099456,1
92,1772846768100,1.9994742859999817e-05,7.289657142899996e-05,0.0002500590857099456,1
93,1772846768103,9.799474285999976e-05,-5.10342857100004e-06,0.00014475908570997075,1
94,1772846768105,9.799474285999976e-05,-5.10342857100004e-06,0.00014475908570997075,1
95,1772846768108,9.799474285999976e-05,-5.10342857100004e-06,0.00014475908570997075,1
96,1772846768111,0.00011359474286000079,-0.000122103428571,0.0001057590857099595,1
97,1772846768114,0.00011359474286000079,-0.000122103428571,0.0001057590857099595,1
98,1772846768117,0.00011359474286000079,-0.000122103428571,0.0001057590857099595,1
99,1772846768120,-5.020525713999961e-05,1.049657142899996e-05,-3.85409142900266e-05,1
100,1772846768123,-5.020525713999961e-05,1.049657142899996e-05,-3.85409142900266e-05,1
101,1772846768125,-5.020525713999961e-05,-4.0203428571000026e-05,0.00017205908571003414,1
102,1772846768128,-7.750525713999881e-05,-4.0203428571000026e-05,0.00017205908571003414,1
103,1772846768131,-7.750525713999881e-05,-4.0203428571000026e-05,0.00017205908571003414,1
104,1772846768134,-0.00013990525713999946,1.8296571428999986e-05,0.00020715908570998875,1
105,1772846768137,-0.00013990525713999946,1.8296571428999986e-05,0.00020715908570998875,1
106,1772846768140,-0.00013990525713999946,1.8296571428999986e-05,0.00020715908570998875,1
107,1772846768142,-3.850525713999971e-05,8.849657142899996e-05,0.0004255590857099407,1
108,1772846768145,-3.850525713999971e-05,8.849657142899996e-05,0.0004255590857099407,1
109,1772846768148,-3.850525713999971e-05,8.849657142899996e-05,0.0004255590857099407,1
110,1772846768151,-5.800525714000013e-05,6.119657142899994e-05,0.00020715908570998875,1
111,1772846768154,-5.800525714000013e-05,6.119657142899994e-05,0.00020715908570998875,1
112,1772846768156,-5.800525714000013e-05,6.119657142899994e-05,0.00020715908570998875,1
113,1772846768160,4.394742860000522e-06,0.00012359657142899994,0.0004216590857099951,1
114,1772846768163,4.394742860000522e-06,0.00012359657142899994,0.0004216590857099951,1
115,1772846768165,4.394742860000522e-06,-2.4603428571000026e-05,0.0001993590857099865,1
116,1772846768168,0.00011359474286000079,-2.4603428571000026e-05,0.0001993590857099865,1
117,1772846768171,0.00011359474286000079,-2.4603428571000026e-05,0.0001993590857099865,1
118,1772846768174,0.00015649474286000102,2.2196571428999973e-05,0.000152559085709973,1
119,1772846768177,0.00015649474286000102,2.2196571428999973e-05,0.000152559085709973,1
120,1772846768180,0.00015649474286000102,2.2196571428999973e-05,0.000152559085709973,1
121,1772846768183,0.0002929947428600005,7.6796571429e-05,0.00036705908570997935,1
122,1772846768186,0.0002929947428600005,7.6796571429e-05,0.00036705908570997935,1
123,1772846768188,0.0002929947428600005,7.6796571429e-05,0.00036705908570997935,1
124,1772846768191,8.294742859999912e-06,-0.000324903428571,-5.0240914289974466e-05,1
0,1772846768308,0.00011749474286000018,-0.00011040342857100002,-8.144091428998346e-05,1
1,1772846768311,2.3894742860000942e-05,0.00021719657142899994,-8.924091428998571e-05,1
2,1772846768313,2.3894742860000942e-05,0.00021719657142899994,-8.924091428998571e-05,1
3,1772846768316,2.3894742860000942e-05,0.00021719657142899994,-8.924091428998571e-05,1
4,1772846768319,-3.4052571399999926e-06,0.00020549657142899993,0.00010185908571001389,1
5,1772846768322,-3.4052571399999926e-06,0.00020549657142899993,0.00010185908571001389,1
6,1772846768325,-7.305257139999383e-06,-7.140342857100003e-05,9.405908571001164e-05,1
7,1772846768329,-7.305257139999383e-06,-7.140342857100003e-05,9.405908571001164e-05,1
8,1772846768333,-7.305257139999383e-06,-7.140342857100003e-05,9.405908571001164e-05,1
9,1772846768336,-7.305257139999383e-06,2.9996571428999945e-05,0.00038655908570992947,1
10,1772846768339,-7.305257139999383e-06,2.9996571428999945e-05,0.00038655908570992947,1
11,1772846768342,-5.800525714000013e-05,-6.360342857100005e-05,0.00052695908570997,1
12,1772846768344,-5.800525714000013e-05,-6.360342857100005e-05,0.00052695908570997,1
13,1772846768347,-5.800525714000013e-05,-6.360342857100005e-05,0.00052695908570997,1
14,1772846768350,0.00010579474286000028,-5.970342857100001e-05,0.000277359085710009,1
15,1772846768353,0.00010579474286000028,-5.970342857100001e-05,0.000277359085710009,1
16,1772846768356,0.00010579474286000028,-5.970342857100001e-05,0.000277359085710009,1
17,1772846768359,2.7794742860000332e-05,-0.00011430342857100004,7.065908571000489e-05,1
18,1772846768362,2.7794742860000332e-05,-0.00011430342857100004,7.065908571000489e-05,1
19,1772846768365,-2.6805257139999802e-05,7.6796571429e-05,0.0001369590857099685,1
20,1772846768367,-2.6805257139999802e-05,7.6796571429e-05,0.0001369590857099685,1
21,1772846768370,-2.6805257139999802e-05,7.6796571429e-05,0.0001369590857099685,1
22,1772846768373,4.394742860000522e-06,0.00014309657142899993,0.00017205908571003414,1
23,1772846768376,4.394742860000522e-06,0.00014309657142899993,0.00017205908571003414,1
24,1772846768378,4.394742860000522e-06,0.00014309657142899993,0.00017205908571003414,1
25,1772846768381,0.00011359474286000079,0.000232796571429,1.6059085709989145e-05,1
26,1772846768384,0.00011359474286000079,0.000232796571429,1.6059085709989145e-05,1
27,1772846768386,0.00011359474286000079,0.000232796571429,1.6059085709989145e-05,1
28,1772846768389,0.00011359474286000079,4.9496571428999986e-05,0.00019155908570998425,1
29,1772846768392,0.00011359474286000079,4.9496571428999986e-05,0.00019155908570998425,1
30,1772846768395,0.00011359474286000079,4.9496571428999986e-05,0.00019155908570998425,1
31,1772846768398,1.9994742859999817e-05,0.00010019657142899997,0.0002656590857099501,1
32,1772846768400,1.9994742859999817e-05,0.00010019657142899997,0.0002656590857099501,1
33,1772846768403,1.9994742859999817e-05,0.00010019657142899997,0.0002656590857099501,1
34,1772846768406,-0.00010090525713999862,2.2196571428999973e-05,0.0002500590857099456,1
35,1772846768409,-0.00010090525713999862,2.2196571428999973e-05,0.0002500590857099456,1
36,1772846768411,-0.00010090525713999862,2.2196571428999973e-05,0.0002500590857099456,1
37,1772846768414,0.00019549474286000013,0.00014309657142899993,0.00041385908570999285,1
38,1772846768417,0.00019549474286000013,0.00014309657142899993,0.00041385908570999285,1
39,1772846768419,0.00019549474286000013,0.00014309657142899993,0.00041385908570999285,1
40,1772846768422,2.3894742860000942e-05,-0.00017280342857100002,0.00024225908570994336,1
41,1772846768425,2.3894742860000942e-05,-0.00017280342857100002,0.00024225908570994336,1
42,1772846768428,2.3894742860000942e-05,-0.00017280342857100002,0.00024225908570994336,1
43,1772846768430,-6.190525713999952e-05,-0.00019230342857100004,-0.0001321409142900536,1
44,1772846768433,-6.190525713999952e-05,-0.00019230342857100004,-0.0001321409142900536,1
45,1772846768436,-6.190525713999952e-05,-0.00019230342857100004,-0.0001321409142900536,1
46,1772846768438,8.239474286000047e-05,0.000568196571429,0.0006166590857099403,1
47,1772846768441,8.239474286000047e-05,0.000568196571429,0.0006166590857099403,1
48,1772846768444,8.239474286000047e-05,0.000568196571429,0.0006166590857099403,1
49,1772846768447,-0.00033100525713999907,-0.00043800342857100005,0.0008662590857100123,1
50,1772846768449,-0.00033100525713999907,-0.00043800342857100005,0.0008662590857100123,1
51,1772846768452,-0.00033100525713999907,-0.00043800342857100005,-0.00037784091429006895,1
52,1772846768455,-0.0002023052571400001,-0.00016110342857100004,-0.00037784091429006895,1
53,1772846768457,-0.0002023052571400001,-0.00016110342857100004,-0.00037784091429006895,1
54,1772846768460,-0.0002023052571400001,0.00037319657142899994,1.2159085709932509e-05,1
55,1772846768463,0.0002695947428600007,0.00037319657142899994,1.2159085709932509e-05,1
56,1772846768466,0.0002695947428600007,0.00037319657142899994,1.2159085709932509e-05,1
57,1772846768468,-0.00025690525714000025,-4.410342857100001e-05,0.00030075908571001574,1
58,1772846768471,-0.00025690525714000025,-4.410342857100001e-05,0.00030075908571001574,1
59,1772846768474,-0.00025690525714000025,-4.410342857100001e-05,0.00030075908571001574,1
60,1772846768477,7.069474286000056e-05,1.4396571429e-05,0.0004528590857100041,1
61,1772846768479,7.069474286000056e-05,1.4396571429e-05,0.0004528590857100041,1
62,1772846768482,7.069474286000056e-05,1.4396571429e-05,0.0004528590857100041,1
63,1772846768485,-0.00010870525713999914,0.00015869657142899998,0.000589359085709988,1
64,1772846768487,-0.00010870525713999914,0.00015869657142899998,0.000589359085709988,1
65,1772846768490,-0.00010870525713999914,0.00015869657142899998,0.000589359085709988,1
66,1772846768493,4.729474286000075e-05,-7.140342857100003e-05,-5.41409142900311e-05,1
67,1772846768496,4.729474286000075e-05,-7.140342857100003e-05,-5.41409142900311e-05,1
68,1772846768498,4.729474286000075e-05,-7.140342857100003e-05,-5.41409142900311e-05,1
69,1772846768501,3.169474285999972e-05,2.2196571428999973e-05,0.00010965908571001614,1
70,1772846768504,3.169474285999972e-05,2.2196571428999973e-05,0.00010965908571001614,1
71,1772846768507,3.169474285999972e-05,2.2196571428999973e-05,0.00010965908571001614,1
72,1772846768510,-9.310525713999984e-05,-0.00022350342857100004,7.45590857099505e-05,1
73,1772846768513,-9.310525713999984e-05,-0.00022350342857100004,7.45590857099505e-05,1
74,1772846768516,-9.310525713999984e-05,-0.00022350342857100004,7.45590857099505e-05,1
75,1772846768518,-4.630525714000022e-05,-2.070342857100004e-05,3.945908570999589e-05,1
76,1772846768521,-4.630525714000022e-05,-2.070342857100004e-05,3.945908570999589e-05,1
77,1772846768524,-4.630525714000022e-05,-2.070342857100004e-05,-9.704091428998796e-05,1
78,1772846768527,0.0001603947428600004,0.00011189657142899998,-9.704091428998796e-05,1
79,1772846768529,0.0001603947428600004,0.00011189657142899998,-9.704091428998796e-05,1
80,1772846768532,0.0001603947428600004,6.509657142899999e-05,5.8959085709946006e-05,1
81,1772846768535,6.679474286000117e-05,6.509657142899999e-05,5.8959085709946006e-05,1
82,1772846768537,6.679474286000117e-05,6.509657142899999e-05,5.8959085709946006e-05,1
83,1772846768540,6.679474286000117e-05,-8.310342857100004e-05,9.795908570995725e-05,1
84,1772846768543,4.947428600011322e-07,-8.310342857100004e-05,9.795908570995725e-05,1
85,1772846768546,4.947428600011322e-07,-8.310342857100004e-05,9.795908570995725e-05,1
86,1772846768548,-1.9005257139999288e-05,2.609657142899996e-05,0.0001642590857100319,1
87,1772846768551,-1.9005257139999288e-05,2.609657142899996e-05,0.0001642590857100319,1
88,1772846768554,-1.9005257139999288e-05,2.609657142899996e-05,0.0001642590857100319,1
89,1772846768556,-4.24052571399991e-05,2.6965714289999866e-06,0.00017595908570997975,1
90,1772846768559,-4.24052571399991e-05,2.6965714289999866e-06,0.00017595908570997975,1
91,1772846768562,-4.24052571399991e-05,2.6965714289999866e-06,0.00017595908570997975,1
92,1772846768565,-6.190525713999952e-05,0.00019379657142900002,7.45590857099505e-05,1
93,1772846768567,-6.190525713999952e-05,0.00019379657142900002,7.45590857099505e-05,1
94,1772846768570,-6.190525713999952e-05,0.00019379657142900002,7.45590857099505e-05,1
95,1772846768573,1.6094742860000427e-05,4.5596571429e-05,0.0002656590857099501,1
96,1772846768575,1.6094742860000427e-05,4.5596571429e-05,0.0002656590857099501,1
97,1772846768578,1.6094742860000427e-05,4.5596571429e-05,0.0002656590857099501,1
98,1772846768581,5.119474286000014e-05,2.9996571428999945e-05,0.0001369590857099685,1
99,1772846768584,5.119474286000014e-05,2.9996571428999945e-05,0.0001369590857099685,1
100,1772846768586,5.119474286000014e-05,2.9996571428999945e-05,0.0001369590857099685,1
101,1772846768589,0.0001213947428600013,-1.6803428571e-05,0.00040215908570993397,1
102,1772846768592,0.0001213947428600013,-1.6803428571e-05,0.00040215908570993397,1
103,1772846768595,0.0001213947428600013,-1.6803428571e-05,0.00040215908570993397,1
104,1772846768597,-1.5105257139999897e-05,-0.000137703428571,0.0002500590857099456,1
105,1772846768600,-1.5105257139999897e-05,-0.000137703428571,0.0002500590857099456,1
106,1772846768603,-1.5105257139999897e-05,-0.000137703428571,0.0002500590857099456,1
107,1772846768606,-8.530525713999933e-05,0.000107996571429,4.359085709930259e-06,1
108,1772846768608,-8.530525713999933e-05,0.000107996571429,4.359085709930259e-06,1
109,1772846768611,-8.530525713999933e-05,0.000107996571429,4.359085709930259e-06,1
110,1772846768614,9.799474285999976e-05,-5.970342857100001e-05,0.0001369590857099685,1
111,1772846768616,9.799474285999976e-05,-5.970342857100001e-05,0.0001369590857099685,1
112,1772846768619,9.799474285999976e-05,-5.970342857100001e-05,0.0001369590857099685,1
113,1772846768622,0.00022669474286000045,9.629657142899998e-05,9.0159085709955e-05,1
114,1772846768625,0.00022669474286000045,9.629657142899998e-05,9.0159085709955e-05,1
115,1772846768628,-3.4052571399999926e-06,5.729657142899996e-05,0.0003241590857100225,1
116,1772846768631,-3.4052571399999926e-06,5.729657142899996e-05,0.0003241590857100225,1
117,1772846768633,-3.4052571399999926e-06,5.729657142899996e-05,0.0003241590857100225,1
118,1772846768637,5.899474286000066e-05,0.00018989657142899998,0.00044895908570994746,1
119,1772846768639,5.899474286000066e-05,0.00018989657142899998,0.00044895908570994746,1
120,1772846768642,5.899474286000066e-05,0.00018989657142899998,0.00044895908570994746,1
121,1772846768645,1.9994742859999817e-05,-5.10342857100004e-06,0.00028515908571001124,1
122,1772846768648,1.9994742859999817e-05,-5.10342857100004e-06,0.00028515908571001124,1
123,1772846768651,1.9994742859999817e-05,-5.10342857100004e-06,0.00028515908571001124,1
124,1772846768653,-4.630525714000022e-05,-2.8503428571000013e-05,0.0005230590857100243,1
0,1772846768697,0.00014479474286000112,-0.00020400342857100002,0.0007570590857099808,1
1,1772846768700,-0.00011260525714000026,-0.000137703428571,-9.314091429004235e-05,1
2,1772846768764,-0.00011260525714000026,-0.000137703428571,-9.314091429004235e-05,1
3,1772846768766,-3.460525713999858e-05,8.459657142899997e-05,4.725908570999814e-05,1
4,1772846768769,-3.460525713999858e-05,8.459657142899997e-05,4.725908570999814e-05,1
5,1772846768772,0.00011359474286000079,7.289657142899996e-05,0.00010185908571001389,1
6,1772846768774,0.00011359474286000079,7.289657142899996e-05,0.00010185908571001389,1
7,1772846768777,0.00011359474286000079,7.289657142899996e-05,0.00010185908571001389,1
8,1772846768780,0.00020329474286000064,-2.4603428571000026e-05,-5.0240914289974466e-05,1
9,1772846768783,0.00020329474286000064,-2.4603428571000026e-05,-5.0240914289974466e-05,1
10,1772846768785,0.00020329474286000064,-2.4603428571000026e-05,-5.0240914289974466e-05,1
11,1772846768788,9.409474286000037e-05,5.339657142899997e-05,0.00036705908570997935,1
12,1772846768791,9.409474286000037e-05,5.339657142899997e-05,0.00036705908570997935,1
13,1772846768794,9.409474286000037e-05,5.339657142899997e-05,0.00036705908570997935,1
14,1772846768796,4.729474286000075e-05,7.6796571429e-05,0.0005659590857099812,1
15,1772846768799,4.729474286000075e-05,7.6796571429e-05,0.0005659590857099812,1
16,1772846768802,4.729474286000075e-05,7.6796571429e-05,0.0005659590857099812,1
17,1772846768804,-1.9005257139999288e-05,0.000306896571429,0.00035145908570997485,1
18,1772846768807,-1.9005257139999288e-05,0.000306896571429,0.00035145908570997485,1
19,1772846768810,-1.9005257139999288e-05,0.000306896571429,0.00035145908570997485,1
20,1772846768813,9.409474286000037e-05,0.00022499657142899991,0.0003124590857099636,1
21,1772846768815,9.409474286000037e-05,0.00022499657142899991,0.0003124590857099636,1
22,1772846768818,9.409474286000037e-05,0.00022499657142899991,0.0003124590857099636,1
23,1772846768821,5.899474286000066e-05,-2.8503428571000013e-05,0.00020715908570998875,1
24,1772846768824,5.899474286000066e-05,-2.8503428571000013e-05,0.00020715908570998875,1
25,1772846768826,5.899474286000066e-05,-2.8503428571000013e-05,0.00020715908570998875,1
26,1772846768829,6.289474286000005e-05,2.609657142899996e-05,0.00025395908571000225,1
27,1772846768832,6.289474286000005e-05,2.609657142899996e-05,0.00025395908571000225,1
28,1772846768835,6.289474286000005e-05,2.609657142899996e-05,0.00025395908571000225,1
29,1772846768837,-3.460525713999858e-05,4.169657142899996e-05,0.0001057590857099595,1
30,1772846768840,-3.460525713999858e-05,4.169657142899996e-05,0.0001057590857099595,1
31,1772846768843,-3.460525713999858e-05,4.169657142899996e-05,3.1659085709993644e-05,1
32,1772846768846,-0.00017110525713999979,-0.000122103428571,3.1659085709993644e-05,1
33,1772846768848,-0.00017110525713999979,-0.000122103428571,3.1659085709993644e-05,1
34,1772846768851,-0.00017110525713999979,-8.310342857100004e-05,0.00022275908570999325,1
35,1772846768854,-6.580525713999891e-05,-8.310342857100004e-05,0.00022275908570999325,1
36,1772846768857,-6.580525713999891e-05,-8.310342857100004e-05,0.00022275908570999325,1
37,1772846768860,8.294742859999912e-06,2.609657142899996e-05,0.00024225908570994336,1
38,1772846768863,8.294742859999912e-06,2.609657142899996e-05,0.00024225908570994336,1
39,1772846768865,8.294742859999912e-06,2.609657142899996e-05,0.00024225908570994336,1
40,1772846768868,-3.070525713999919e-05,7.6796571429e-05,0.0003943590857099317,1
41,1772846768871,-3.070525713999919e-05,7.6796571429e-05,0.0003943590857099317,1
42,1772846768874,-3.070525713999919e-05,7.6796571429e-05,0.0003943590857099317,1
43,1772846768877,-6.580525713999891e-05,-1.2903428571000013e-05,9.0159085709955e-05,1
44,1772846768879,-6.580525713999891e-05,-1.2903428571000013e-05,9.0159085709955e-05,1
45,1772846768882,-6.580525713999891e-05,-1.2903428571000013e-05,9.0159085709955e-05,1
46,1772846768885,-0.00030370525713999987,1.049657142899996e-05,0.00033195908571002474,1
47,1772846768888,-0.00030370525713999987,1.049657142899996e-05,0.00033195908571002474,1
48,1772846768891,-0.00030370525713999987,1.049657142899996e-05,0.00044505908571000185,1
49,1772846768894,-6.580525713999891e-05,-4.410342857100001e-05,0.00044505908571000185,1
50,1772846768896,-6.580525713999891e-05,-4.410342857100001e-05,0.00044505908571000185,1
51,1772846768899,-0.00012430525714000017,1.8296571428999986e-05,-5.0240914289974466e-05,1
52,1772846768902,-0.00012430525714000017,1.8296571428999986e-05,-5.0240914289974466e-05,1
53,1772846768905,-0.00012430525714000017,1.8296571428999986e-05,-5.0240914289974466e-05,1
54,1772846768907,-4.630525714000022e-05,-6.360342857100005e-05,0.0001876590857099276,1
55,1772846768910,-4.630525714000022e-05,-6.360342857100005e-05,0.0001876590857099276,1
56,1772846768913,-4.630525714000022e-05,-6.360342857100005e-05,0.0001876590857099276,1
57,1772846768916,-7.360525713999942e-05,-1.2903428571000013e-05,0.0002929590857100135,1
58,1772846768918,-7.360525713999942e-05,-1.2903428571000013e-05,0.0002929590857100135,1
59,1772846768921,-7.360525713999942e-05,-1.2903428571000013e-05,0.0002929590857100135,1
60,1772846768924,-0.00015940525713999988,-3.2403428571000053e-05,0.0003943590857099317,1
61,1772846768926,-0.00015940525713999988,-3.2403428571000053e-05,0.0003943590857099317,1
62,1772846768929,-0.00015940525713999988,-3.2403428571000053e-05,0.0003943590857099317,1
63,1772846768932,-9.310525713999984e-05,2.9996571428999945e-05,6.285908571000264e-05,1
64,1772846768935,-9.310525713999984e-05,2.9996571428999945e-05,6.285908571000264e-05,1
65,1772846768937,-9.310525713999984e-05,2.9996571428999945e-05,6.285908571000264e-05,1
66,1772846768940,-0.00026080525713999964,0.00011969657142899996,0.00021105908570993436,1
67,1772846768943,-0.00026080525713999964,0.00011969657142899996,0.00021105908570993436,1
68,1772846768946,-0.00026080525713999964,0.00011969657142899996,0.00021105908570993436,1
69,1772846768948,-0.00028420525713999945,6.899657142899997e-05,0.0001993590857099865,1
70,1772846768951,-0.00028420525713999945,6.899657142899997e-05,0.0001993590857099865,1
71,1772846768954,-0.00028420525713999945,6.899657142899997e-05,0.0001993590857099865,1
72,1772846768957,-1.9005257139999288e-05,0.00014699657142899997,0.0002812590857099546,1
73,1772846768960,-1.9005257139999288e-05,0.00014699657142899997,0.0002812590857099546,1
74,1772846768963,-0.00012040525713999904,0.00014309657142899993,0.0002500590857099456,1
75,1772846768965,-0.00012040525713999904,0.00014309657142899993,0.0002500590857099456,1
76,1772846768968,-0.00012040525713999904,0.00014309657142899993,0.0002500590857099456,1
77,1772846768971,0.0001603947428600004,-3.630342857100004e-05,6.675908570994826e-05,1
78,1772846768974,0.0001603947428600004,-3.630342857100004e-05,6.675908570994826e-05,1
79,1772846768977,0.0001603947428600004,-3.630342857100004e-05,6.675908570994826e-05,1
80,1772846768979,4.947428600011322e-07,0.00012749657142899998,0.0001057590857099595,1
81,1772846768982,4.947428600011322e-07,0.00012749657142899998,0.0001057590857099595,1
82,1772846768985,4.947428600011322e-07,0.00012749657142899998,0.0001057590857099595,1
83,1772846768988,9.019474286000098e-05,2.609657142899996e-05,0.000214959085709991,1
84,1772846768991,9.019474286000098e-05,2.609657142899996e-05,0.000214959085709991,1
85,1772846768994,9.019474286000098e-05,2.609657142899996e-05,0.000214959085709991,1
86,1772846768996,4.729474286000075e-05,-5.5803428571000026e-05,-5.8040914289976715e-05,1
87,1772846768999,4.729474286000075e-05,-5.5803428571000026e-05,-5.8040914289976715e-05,1
88,1772846769002,4.729474286000075e-05,-5.5803428571000026e-05,-5.8040914289976715e-05,1
89,1772846769005,-3.460525713999858e-05,0.00015479657142899994,0.00027345908570995236,1
90,1772846769007,-3.460525713999858e-05,0.00015479657142899994,0.00027345908570995236,1
91,1772846769010,-3.460525713999858e-05,0.00015479657142899994,0.00030465908570996136,1
92,1772846769013,-0.00013990525713999946,-1.2903428571000013e-05,0.00030465908570996136,1
93,1772846769016,-0.00013990525713999946,-1.2903428571000013e-05,0.00030465908570996136,1
94,1772846769018,-0.00013990525713999946,-0.00019620342857100002,0.000183759085709982,1
95,1772846769021,-0.00011650525713999965,-0.00019620342857100002,0.000183759085709982,1
96,1772846769024,-0.00011650525713999965,-0.00019620342857100002,0.000183759085709982,1
97,1772846769028,7.069474286000056e-05,-6.360342857100005e-05,0.0001642590857100319,1
98,1772846769030,7.069474286000056e-05,-6.360342857100005e-05,0.0001642590857100319,1
99,1772846769033,7.069474286000056e-05,-6.360342857100005e-05,0.0001642590857100319,1
100,1772846769036,-5.4105257139999e-05,-8.310342857100004e-05,0.0002188590857099366,1
101,1772846769039,-5.4105257139999e-05,-8.310342857100004e-05,0.0002188590857099366,1
102,1772846769041,-5.4105257139999e-05,-8.310342857100004e-05,0.0002188590857099366,1
103,1772846769044,-0.00027250525713999954,1.4396571429e-05,0.00026955908571000674,1
104,1772846769047,-0.00027250525713999954,1.4396571429e-05,0.00026955908571000674,1
105,1772846769050,-0.00027250525713999954,1.4396571429e-05,0.00026955908571000674,1
106,1772846769052,-6.580525713999891e-05,0.00010409657142899996,0.00011745908571001839,1
107,1772846769055,-6.580525713999891e-05,0.00010409657142899996,0.00011745908571001839,1
108,1772846769058,-6.580525713999891e-05,0.00010409657142899996,0.00038265908570998385,1
109,1772846769061,-5.020525713999961e-05,9.239657142899994e-05,0.00038265908570998385,1
110,1772846769064,-5.020525713999961e-05,9.239657142899994e-05,0.00038265908570998385,1
111,1772846769067,6.289474286000005e-05,-4.8003428571e-05,9.405908571001164e-05,1
112,1772846769070,6.289474286000005e-05,-4.8003428571e-05,9.405908571001164e-05,1
113,1772846769072,6.289474286000005e-05,-4.8003428571e-05,9.405908571001164e-05,1
114,1772846769075,-8.140525713999994e-05,-4.8003428571e-05,0.0003241590857100225,1
115,1772846769078,-8.140525713999994e-05,-4.8003428571e-05,0.0003241590857100225,1
116,1772846769080,-8.140525713999994e-05,-4.8003428571e-05,0.0003241590857100225,1
117,1772846769083,-0.00014380525713999885,-4.0203428571000026e-05,0.0001642590857100319,1
118,1772846769086,-0.00014380525713999885,-4.0203428571000026e-05,0.0001642590857100319,1
119,1772846769089,-0.00014380525713999885,-4.0203428571000026e-05,0.0001642590857100319,1
120,1772846769091,2.3894742860000942e-05,8.459657142899997e-05,0.0002617590857100045,1
121,1772846769094,2.3894742860000942e-05,8.459657142899997e-05,0.0002617590857100045,1
122,1772846769097,2.3894742860000942e-05,8.459657142899997e-05,0.0002617590857100045,1
123,1772846769100,-8.920525713999872e-05,0.00014309657142899993,0.00014475908570997075,1
124,1772846769102,-8.920525713999872e-05,0.00014309657142899993,0.00014475908570997075,1
0,1772846769148,-6.580525713999891e-05,0.00019379657142900002,0.0003553590857100315,1
1,1772846769210,-6.580525713999891e-05,0.00019379657142900002,0.0003553590857100315,1
2,1772846769214,-8.920525713999872e-05,-7.140342857100003e-05,0.00031635908571002024,1
3,1772846769217,-8.920525713999872e-05,-7.140342857100003e-05,0.00031635908571002024,1
4,1772846769220,-0.00027640525713999893,-0.000122103428571,0.00014085908571002514,1
5,1772846769222,-0.00027640525713999893,-0.000122103428571,0.00014085908571002514,1
6,1772846769225,-0.00027640525713999893,-0.000122103428571,0.00014085908571002514,1
7,1772846769228,-0.00010090525713999862,0.00017429657142899993,3.555908570993926e-05,1
8,1772846769230,-0.00010090525713999862,0.00017429657142899993,3.555908570993926e-05,1
9,1772846769233,-0.00010090525713999862,0.00017429657142899993,3.555908570993926e-05,1
10,1772846769236,-3.850525713999971e-05,-4.8003428571e-05,0.0003943590857099317,1
11,1772846769238,-3.850525713999971e-05,-4.8003428571e-05,0.0003943590857099317,1
12,1772846769241,-3.850525713999971e-05,-4.8003428571e-05,0.0005698590857099268,1
13,1772846769244,-1.9005257139999288e-05,0.00011189657142899998,0.0005698590857099268,1
14,1772846769248,-1.9005257139999288e-05,0.00011189657142899998,0.0005698590857099268,1
15,1772846769250,2.7794742860000332e-05,6.119657142899994e-05,0.00028515908571001124,1
16,1772846769253,2.7794742860000332e-05,6.119657142899994e-05,0.00028515908571001124,1
17,1772846769256,2.7794742860000332e-05,6.119657142899994e-05,0.00028515908571001124,1
18,1772846769259,5.899474286000066e-05,6.509657142899999e-05,0.00043335908570994296,1
19,1772846769261,5.899474286000066e-05,6.509657142899999e-05,0.00043335908570994296,1
20,1772846769264,5.899474286000066e-05,6.509657142899999e-05,0.00043335908570994296,1
21,1772846769267,-7.305257139999383e-06,7.289657142899996e-05,0.00016035908570997525,1
22,1772846769270,-7.305257139999383e-06,7.289657142899996e-05,0.00016035908570997525,1
23,1772846769272,-7.305257139999383e-06,7.289657142899996e-05,0.00016035908570997525,1
24,1772846769275,-0.00011260525714000026,0.00011969657142899996,0.00042945908570999735,1
25,1772846769278,-0.00011260525714000026,0.00011969657142899996,0.00042945908570999735,1
26,1772846769280,-0.00011260525714000026,0.00011969657142899996,0.00042945908570999735,1
27,1772846769283,3.169474285999972e-05,8.459657142899997e-05,0.00028905908570995686,1
28,1772846769286,3.169474285999972e-05,8.459657142899997e-05,0.00028905908570995686,1
29,1772846769289,3.169474285999972e-05,8.459657142899997e-05,0.00028905908570995686,1
30,1772846769291,-1.9005257139999288e-05,3.779657142899997e-05,0.00025785908570994786,1
31,1772846769294,-1.9005257139999288e-05,3.779657142899997e-05,0.00025785908570994786,1
32,1772846769297,-1.9005257139999288e-05,3.779657142899997e-05,0.00025785908570994786,1
33,1772846769300,8.294742859999912e-06,-8.310342857100004e-05,0.00024225908570994336,1
34,1772846769302,8.294742859999912e-06,-8.310342857100004e-05,0.00024225908570994336,1
35,1772846769305,8.294742859999912e-06,-8.310342857100004e-05,0.00023835908570999775,1
36,1772846769308,0.0001252947428600007,-3.2403428571000053e-05,0.00023835908570999775,1
37,1772846769310,0.0001252947428600007,-3.2403428571000053e-05,0.00023835908570999775,1
38,1772846769313,0.0001252947428600007,2.2196571428999973e-05,0.00025785908570994786,1
39,1772846769316,4.947428600011322e-07,2.2196571428999973e-05,0.00025785908570994786,1
40,1772846769319,4.947428600011322e-07,2.2196571428999973e-05,0.00025785908570994786,1
41,1772846769322,-6.970525714000003e-05,8.849657142899996e-05,0.000308559085710018,1
42,1772846769324,-6.970525714000003e-05,8.849657142899996e-05,0.000308559085710018,1
43,1772846769327,-6.970525714000003e-05,8.849657142899996e-05,0.000308559085710018,1
44,1772846769330,9.409474286000037e-05,2.6965714289999866e-06,0.00022665908570993886,1
45,1772846769333,9.409474286000037e-05,2.6965714289999866e-06,0.00022665908570993886,1
46,1772846769335,9.409474286000037e-05,2.6965714289999866e-06,0.00022665908570993886,1
47,1772846769338,7.069474286000056e-05,-5.10342857100004e-06,0.00015645908571002964,1
48,1772846769341,7.069474286000056e-05,-5.10342857100004e-06,0.00015645908571002964,1
49,1772846769344,7.069474286000056e-05,-5.10342857100004e-06,0.00015645908571002964,1
50,1772846769347,3.169474285999972e-05,4.169657142899996e-05,0.00022665908570993886,1
51,1772846769350,3.169474285999972e-05,4.169657142899996e-05,0.00022665908570993886,1
52,1772846769353,3.169474285999972e-05,4.169657142899996e-05,0.00022665908570993886,1
53,1772846769356,-1.5105257139999897e-05,4.169657142899996e-05,0.0004060590857099906,1
54,1772846769359,-1.5105257139999897e-05,4.169657142899996e-05,0.0004060590857099906,1
55,1772846769362,-0.00012430525714000017,-1.2903428571000013e-05,0.00024615908571,1
56,1772846769364,-0.00012430525714000017,-1.2903428571000013e-05,0.00024615908571,1
57,1772846769367,-0.00012430525714000017,-1.2903428571000013e-05,0.00024615908571,1
58,1772846769370,-3.850525713999971e-05,-0.000122103428571,0.000214959085709991,1
59,1772846769373,-3.850525713999971e-05,-0.000122103428571,0.000214959085709991,1
60,1772846769375,-3.850525713999971e-05,-0.000122103428571,0.000214959085709991,1
61,1772846769378,-7.305257139999383e-06,-4.8003428571e-05,0.0003592590857099771,1
62,1772846769381,-7.305257139999383e-06,-4.8003428571e-05,0.0003592590857099771,1
63,1772846769384,-7.305257139999383e-06,-4.8003428571e-05,0.0003592590857099771,1
64,1772846769386,0.00012919474286000009,6.899657142899997e-05,0.00017985908571003639,1
65,1772846769389,0.00012919474286000009,6.899657142899997e-05,0.00017985908571003639,1
66,1772846769392,0.00012919474286000009,6.899657142899997e-05,0.00017985908571003639,1
67,1772846769394,-9.310525713999984e-05,-8.700342857100003e-05,0.00016035908570997525,1
68,1772846769397,-9.310525713999984e-05,-8.700342857100003e-05,0.00016035908570997525,1
69,1772846769400,-9.310525713999984e-05,-8.700342857100003e-05,0.00016035908570997525,1
70,1772846769403,-0.00015550525713999876,-2.4603428571000026e-05,9.0159085709955e-05,1
71,1772846769405,-0.00015550525713999876,-2.4603428571000026e-05,9.0159085709955e-05,1
72,1772846769408,-0.00015550525713999876,-2.4603428571000026e-05,9.0159085709955e-05,1
73,1772846769411,-6.970525714000003e-05,-9.003428571000027e-06,0.00025785908570994786,1
74,1772846769414,-6.970525714000003e-05,-9.003428571000027e-06,0.00025785908570994786,1
75,1772846769416,-6.970525714000003e-05,-9.003428571000027e-06,0.00025785908570994786,1
76,1772846769419,-0.00014770525713999998,0.00012359657142899994,0.0002344590857099411,1
77,1772846769422,-0.00014770525713999998,0.00012359657142899994,0.0002344590857099411,1
78,1772846769424,-0.00014770525713999998,0.00012359657142899994,0.0002344590857099411,1
79,1772846769427,-1.5105257139999897e-05,0.00010409657142899996,0.00024225908570994336,1
80,1772846769430,-1.5105257139999897e-05,0.00010409657142899996,0.00024225908570994336,1
81,1772846769433,-1.5105257139999897e-05,0.00013529657142899996,0.0003436590857099726,1
82,1772846769436,-0.00012040525713999904,0.00013529657142899996,0.0003436590857099726,1
83,1772846769438,-0.00012040525713999904,0.00013529657142899996,0.0003436590857099726,1
84,1772846769442,-4.24052571399991e-05,8.459657142899997e-05,0.00032025908570996586,1
85,1772846769445,-4.24052571399991e-05,8.459657142899997e-05,0.00032025908570996586,1
86,1772846769447,-4.24052571399991e-05,8.459657142899997e-05,0.00032025908570996586,1
87,1772846769450,-4.24052571399991e-05,0.00015479657142899994,0.00028905908570995686,1
88,1772846769453,-4.24052571399991e-05,0.00015479657142899994,0.00028905908570995686,1
89,1772846769456,-4.24052571399991e-05,0.00015479657142899994,0.00028905908570995686,1
90,1772846769458,0.00010579474286000028,0.000150896571429,0.00038265908570998385,1
91,1772846769461,0.00010579474286000028,0.000150896571429,0.00038265908570998385,1
92,1772846769464,0.00010579474286000028,0.000150896571429,0.00038265908570998385,1
93,1772846769466,-0.00010480525713999975,2.609657142899996e-05,0.000183759085709982,1
94,1772846769469,-0.00010480525713999975,2.609657142899996e-05,0.000183759085709982,1
95,1772846769472,-0.00010480525713999975,2.609657142899996e-05,0.000183759085709982,1
96,1772846769475,-0.0001945052571399996,-8.310342857100004e-05,0.00028905908570995686,1
97,1772846769477,-0.0001945052571399996,-8.310342857100004e-05,0.00028905908570995686,1
98,1772846769480,-0.0001945052571399996,-8.310342857100004e-05,0.00028905908570995686,1
99,1772846769483,-1.9005257139999288e-05,-0.000168903428571,6.675908570994826e-05,1
100,1772846769486,-1.9005257139999288e-05,-0.000168903428571,6.675908570994826e-05,1
101,1772846769488,-1.9005257139999288e-05,-0.000168903428571,0.00022275908570999325,1
102,1772846769491,-0.00012040525713999904,-7.140342857100003e-05,0.00022275908570999325,1
103,1772846769494,-0.00012040525713999904,-7.140342857100003e-05,0.00022275908570999325,1
104,1772846769497,-0.00012040525713999904,-1.203428571000054e-06,4.335908570994151e-05,1
105,1772846769499,-0.00012430525714000017,-1.203428571000054e-06,4.335908570994151e-05,1
106,1772846769502,-0.00012430525714000017,-1.203428571000054e-06,4.335908570994151e-05,1
107,1772846769505,7.069474286000056e-05,-5.970342857100001e-05,0.00028905908570995686,1
108,1772846769508,7.069474286000056e-05,-5.970342857100001e-05,0.00028905908570995686,1
109,1772846769510,7.069474286000056e-05,-5.970342857100001e-05,0.00028905908570995686,1
110,1772846769513,-8.920525713999872e-05,2.2196571428999973e-05,0.00036315908571003374,1
111,1772846769516,-8.920525713999872e-05,2.2196571428999973e-05,0.00036315908571003374,1
112,1772846769518,-8.920525713999872e-05,2.2196571428999973e-05,0.00036315908571003374,1
113,1772846769521,-4.24052571399991e-05,-5.5803428571000026e-05,0.00027345908570995236,1
114,1772846769524,-4.24052571399991e-05,-5.5803428571000026e-05,0.00027345908570995236,1
115,1772846769527,-4.24052571399991e-05,-5.5803428571000026e-05,0.00027345908570995236,1
116,1772846769529,-3.460525713999858e-05,2.9996571428999945e-05,0.0004411590857099452,1
117,1772846769532,-3.460525713999858e-05,2.9996571428999945e-05,0.0004411590857099452,1
118,1772846769535,-3.460525713999858e-05,2.9996571428999945e-05,0.0004411590857099452,1
119,1772846769538,-1.1205257139998773e-05,-5.190342857100004e-05,0.000183759085709982,1
120,1772846769540,-1.1205257139998773e-05,-5.190342857100004e-05,0.000183759085709982,1
121,1772846769543,-1.1205257139998773e-05,-5.190342857100004e-05,0.000183759085709982,1
122,1772846769546,3.169474285999972e-05,-5.5803428571000026e-05,0.0002032590857099321,1
123,1772846769549,3.169474285999972e-05,-5.5803428571000026e-05,0.0002032590857099321,1
124,1772846769552,3.169474285999972e-05,-5.5803428571000026e-05,0.00011745908571001839,1
0,1772846769599,-7.305257139999383e-06,8.069657142899999e-05,0.0002617590857100045,1
1,1772846769663,4.729474286000075e-05,1.049657142899996e-05,0.00038655908570992947,1
2,1772846769665,-8.920525713999872e-05,0.000150896571429,0.00025395908571000225,1
3,1772846769669,-8.920525713999872e-05,0.000150896571429,0.00025395908571000225,1
4,1772846769671,-8.920525713999872e-05,0.000150896571429,0.00025395908571000225,1
5,1772846769674,-6.970525714000003e-05,4.5596571429e-05,3.1659085709993644e-05,1
6,1772846769677,-6.970525714000003e-05,4.5596571429e-05,3.1659085709993644e-05,1
7,1772846769680,-6.970525714000003e-05,4.5596571429e-05,8.625908571000939e-05,1
8,1772846769682,-8.920525713999872e-05,-7.140342857100003e-05,8.625908571000939e-05,1
9,1772846769685,-8.920525713999872e-05,-7.140342857100003e-05,8.625908571000939e-05,1
10,1772846769688,-8.920525713999872e-05,2.2196571428999973e-05,6.285908571000264e-05,1
11,1772846769691,6.289474286000005e-05,2.2196571428999973e-05,6.285908571000264e-05,1
12,1772846769694,6.289474286000005e-05,2.2196571428999973e-05,6.285908571000264e-05,1
13,1772846769697,8.239474286000047e-05,-0.00013380342857100002,0.00025395908571000225,1
14,1772846769700,8.239474286000047e-05,-0.00013380342857100002,0.00025395908571000225,1
15,1772846769702,8.239474286000047e-05,-0.00013380342857100002,0.00025395908571000225,1
16,1772846769705,-8.140525713999994e-05,-1.6803428571e-05,0.00033585908570997035,1
17,1772846769708,-8.140525713999994e-05,-1.6803428571e-05,0.00033585908570997035,1
18,1772846769711,-8.140525713999994e-05,-1.6803428571e-05,0.00033585908570997035,1
19,1772846769713,-1.5105257139999897e-05,-0.00010260342857100003,0.0003241590857100225,1
20,1772846769716,-1.5105257139999897e-05,-0.00010260342857100003,0.0003241590857100225,1
21,1772846769719,-1.5105257139999897e-05,-0.00010260342857100003,0.0003241590857100225,1
22,1772846769721,-9.700525713999923e-05,-9.090342857100001e-05,0.00022665908570993886,1
23,1772846769724,-9.700525713999923e-05,-9.090342857100001e-05,0.00022665908570993886,1
24,1772846769727,-9.700525713999923e-05,-9.090342857100001e-05,0.00022665908570993886,1
25,1772846769730,8.239474286000047e-05,-2.8503428571000013e-05,0.00028515908571001124,1
26,1772846769732,8.239474286000047e-05,-2.8503428571000013e-05,0.00028515908571001124,1
27,1772846769735,8.239474286000047e-05,-2.8503428571000013e-05,0.00028515908571001124,1
28,1772846769738,0.0001096947428600014,-1.2903428571000013e-05,0.0003553590857100315,1
29,1772846769741,0.0001096947428600014,-1.2903428571000013e-05,0.0003553590857100315,1
30,1772846769743,0.0001096947428600014,-1.2903428571000013e-05,0.0003553590857100315,1
31,1772846769746,-1.5105257139999897e-05,9.239657142899994e-05,0.0002617590857100045,1
32,1772846769749,-1.5105257139999897e-05,9.239657142899994e-05,0.0002617590857100045,1
33,1772846769751,-1.5105257139999897e-05,9.239657142899994e-05,0.00030465908570996136,1
34,1772846769754,-8.530525713999933e-05,9.239657142899994e-05,0.00030465908570996136,1
35,1772846769758,-8.530525713999933e-05,9.239657142899994e-05,0.00030465908570996136,1
36,1772846769760,-0.00011260525714000026,5.339657142899997e-05,0.00020715908570998875,1
37,1772846769763,-0.00011260525714000026,5.339657142899997e-05,0.00020715908570998875,1
38,1772846769766,-0.00011260525714000026,5.339657142899997e-05,0.00020715908570998875,1
39,1772846769769,8.294742859999912e-06,0.00017819657142899997,0.000277359085710009,1
40,1772846769771,8.294742859999912e-06,0.00017819657142899997,0.000277359085710009,1
41,1772846769774,8.294742859999912e-06,0.00017819657142899997,0.000277359085710009,1
42,1772846769777,-7.305257139999383e-06,0.0002873965714289999,0.0002344590857099411,1
43,1772846769780,-7.305257139999383e-06,0.0002873965714289999,0.0002344590857099411,1
44,1772846769783,-7.305257139999383e-06,0.0002873965714289999,0.0002344590857099411,1
45,1772846769786,-2.2905257139998678e-05,2.9996571428999945e-05,6.285908571000264e-05,1
46,1772846769789,-2.2905257139998678e-05,2.9996571428999945e-05,6.285908571000264e-05,1
47,1772846769791,-2.2905257139998678e-05,2.9996571428999945e-05,0.0004684590857100086,1
48,1772846769794,0.0001759947428599997,-6.360342857100005e-05,0.0004684590857100086,1
49,1772846769797,0.0001759947428599997,-6.360342857100005e-05,0.0004684590857100086,1
50,1772846769800,0.0001759947428599997,6.509657142899999e-05,0.0002812590857099546,1
51,1772846769802,0.00011359474286000079,6.509657142899999e-05,0.0002812590857099546,1
52,1772846769805,0.00011359474286000079,6.509657142899999e-05,0.0002812590857099546,1
53,1772846769808,0.00011359474286000079,-5.5803428571000026e-05,0.00036315908571003374,1
54,1772846769810,5.119474286000014e-05,-5.5803428571000026e-05,0.00036315908571003374,1
55,1772846769813,5.119474286000014e-05,-5.5803428571000026e-05,0.00036315908571003374,1
56,1772846769816,-3.070525713999919e-05,-8.310342857100004e-05,0.0002929590857100135,1
57,1772846769819,-3.070525713999919e-05,-8.310342857100004e-05,0.0002929590857100135,1
58,1772846769821,-3.070525713999919e-05,-8.310342857100004e-05,0.0002929590857100135,1
59,1772846769824,1.6094742860000427e-05,4.9496571428999986e-05,4.725908570999814e-05,1
60,1772846769827,1.6094742860000427e-05,4.9496571428999986e-05,4.725908570999814e-05,1
61,1772846769831,1.6094742860000427e-05,4.9496571428999986e-05,4.725908570999814e-05,1
62,1772846769833,4.339474286000136e-05,0.000201596571429,0.00015645908571002964,1
63,1772846769836,4.339474286000136e-05,0.000201596571429,0.00015645908571002964,1
64,1772846769839,4.339474286000136e-05,0.000201596571429,0.00015645908571002964,1
65,1772846769842,-0.00010480525713999975,5.729657142899996e-05,-5.0240914289974466e-05,1
66,1772846769844,-0.00010480525713999975,5.729657142899996e-05,-5.0240914289974466e-05,1
67,1772846769847,-0.00010480525713999975,5.729657142899996e-05,0.000214959085709991,1
68,1772846769850,-0.00014770525713999998,6.119657142899994e-05,0.000214959085709991,1
69,1772846769853,-0.00014770525713999998,6.119657142899994e-05,0.000214959085709991,1
70,1772846769856,5.899474286000066e-05,-5.10342857100004e-06,0.0002500590857099456,1
71,1772846769858,5.899474286000066e-05,-5.10342857100004e-06,0.0002500590857099456,1
72,1772846769862,5.899474286000066e-05,-5.10342857100004e-06,0.0002500590857099456,1
73,1772846769865,5.509474286000127e-05,0.00014699657142899997,0.000277359085710009,1
74,1772846769867,5.509474286000127e-05,0.00014699657142899997,0.000277359085710009,1
75,1772846769870,5.509474286000127e-05,0.00014699657142899997,0.000277359085710009,1
76,1772846769873,-3.460525713999858e-05,-3.630342857100004e-05,0.0001876590857099276,1
77,1772846769875,-3.460525713999858e-05,-3.630342857100004e-05,0.0001876590857099276,1
78,1772846769878,-3.460525713999858e-05,-3.630342857100004e-05,0.0001876590857099276,1
79,1772846769881,-7.750525713999881e-05,-1.2903428571000013e-05,0.0002188590857099366,1
80,1772846769884,-7.750525713999881e-05,-1.2903428571000013e-05,0.0002188590857099366,1
81,1772846769886,-7.750525713999881e-05,-1.2903428571000013e-05,0.0002188590857099366,1
82,1772846769889,-4.24052571399991e-05,-6.750342857100004e-05,9.795908570995725e-05,1
83,1772846769892,-4.24052571399991e-05,-6.750342857100004e-05,9.795908570995725e-05,1
84,1772846769894,-4.24052571399991e-05,-6.750342857100004e-05,9.795908570995725e-05,1
85,1772846769897,-6.190525713999952e-05,-5.10342857100004e-06,0.0002500590857099456,1
86,1772846769900,-6.190525713999952e-05,-5.10342857100004e-06,0.0002500590857099456,1
87,1772846769903,-6.190525713999952e-05,-5.10342857100004e-06,0.0002500590857099456,1
88,1772846769905,0.00014479474286000112,0.00013139657142899997,0.0003592590857099771,1
89,1772846769908,0.00014479474286000112,0.00013139657142899997,0.0003592590857099771,1
90,1772846769911,0.00014479474286000112,0.00013139657142899997,0.00024225908570994336,1
91,1772846769914,-1.9005257139999288e-05,6.596571428999973e-06,0.00024225908570994336,1
92,1772846769916,-1.9005257139999288e-05,6.596571428999973e-06,0.00024225908570994336,1
93,1772846769919,-1.9005257139999288e-05,-0.00016110342857100004,0.0003124590857099636,1
94,1772846769922,-2.2905257139998678e-05,-0.00016110342857100004,0.0003124590857099636,1
95,1772846769925,-2.2905257139998678e-05,-0.00016110342857100004,0.0003124590857099636,1
96,1772846769927,7.849474286000108e-05,4.9496571428999986e-05,0.00028905908570995686,1
97,1772846769930,7.849474286000108e-05,4.9496571428999986e-05,0.00028905908570995686,1
98,1772846769933,7.849474286000108e-05,4.9496571428999986e-05,0.00028905908570995686,1
99,1772846769936,0.00011359474286000079,-4.8003428571e-05,0.00015645908571002964,1
100,1772846769939,0.00011359474286000079,-4.8003428571e-05,0.00015645908571002964,1
101,1772846769942,0.00011359474286000079,-4.8003428571e-05,0.00015645908571002964,1
102,1772846769945,-0.00010480525713999975,0.00016649657142899996,2.7759085709937008e-05,1
103,1772846769948,-0.00010480525713999975,0.00016649657142899996,2.7759085709937008e-05,1
104,1772846769951,-0.00010480525713999975,0.00016649657142899996,2.7759085709937008e-05,1
105,1772846769953,1.6094742860000427e-05,2.9996571428999945e-05,0.0003241590857100225,1
106,1772846769956,1.6094742860000427e-05,2.9996571428999945e-05,0.0003241590857100225,1
107,1772846769959,1.6094742860000427e-05,2.9996571428999945e-05,0.00036315908571003374,1
108,1772846769962,-2.6805257139999802e-05,0.00010409657142899996,0.00036315908571003374,1
109,1772846769964,-2.6805257139999802e-05,0.00010409657142899996,0.00036315908571003374,1
110,1772846769968,6.679474286000117e-05,5.339657142899997e-05,0.0002968590857099591,1
111,1772846769970,6.679474286000117e-05,5.339657142899997e-05,0.0002968590857099591,1
112,1772846769973,6.679474286000117e-05,5.339657142899997e-05,0.0002968590857099591,1
113,1772846769976,3.169474285999972e-05,-9.003428571000027e-06,0.00022275908570999325,1
114,1772846769979,3.169474285999972e-05,-9.003428571000027e-06,0.00022275908570999325,1
115,1772846769981,3.169474285999972e-05,-9.003428571000027e-06,0.00022275908570999325,1
116,1772846769984,-0.00010870525713999914,-7.9203428571e-05,0.00019545908570992986,1
117,1772846769987,-0.00010870525713999914,-7.9203428571e-05,0.00019545908570992986,1
118,1772846769990,-0.00010870525713999914,-7.9203428571e-05,0.00019545908570992986,1
119,1772846769992,-6.190525713999952e-05,-1.203428571000054e-06,0.0004840590857100131,1
120,1772846769995,-6.190525713999952e-05,-1.203428571000054e-06,0.0004840590857100131,1
121,1772846769998,-6.190525713999952e-05,-1.203428571000054e-06,0.0004840590857100131,1
122,1772846770001,0.00011749474286000018,-5.970342857100001e-05,0.00022275908570999325,1
123,1772846770003,0.00011749474286000018,-5.970342857100001e-05,0.00022275908570999325,1
124,1772846770006,0.00011749474286000018,-5.970342857100001e-05,0.00022275908570999325,1
0,1772846770053,-1.1205257139998773e-05,-4.0203428571000026e-05,1.9959085709934758e-05,1
1,1772846770097,-9.700525713999923e-05,7.289657142899996e-05,9.405908571001164e-05,1
2,1772846770116,-2.6805257139999802e-05,-9.870342857100004e-05,-3.4409142900719905e-06,1
3,1772846770119,-0.00012820525713999956,-7.140342857100003e-05,0.0002344590857099411,1
4,1772846770122,-0.00012820525713999956,-7.140342857100003e-05,0.0002344590857099411,1
5,1772846770125,-0.00012820525713999956,-7.140342857100003e-05,0.0002344590857099411,1
6,1772846770127,5.509474286000127e-05,-7.530342857100001e-05,0.0002032590857099321,1
7,1772846770130,5.509474286000127e-05,-7.530342857100001e-05,0.0002032590857099321,1
8,1772846770133,5.509474286000127e-05,-7.530342857100001e-05,0.0002032590857099321,1
9,1772846770135,-8.920525713999872e-05,-0.00012600342857100002,6.285908571000264e-05,1
10,1772846770138,-8.920525713999872e-05,-0.00012600342857100002,6.285908571000264e-05,1
11,1772846770141,-8.920525713999872e-05,-0.00012600342857100002,6.285908571000264e-05,1
12,1772846770144,4.729474286000075e-05,6.596571428999973e-06,0.00041385908570999285,1
13,1772846770146,4.729474286000075e-05,6.596571428999973e-06,0.00041385908570999285,1
14,1772846770149,4.729474286000075e-05,6.596571428999973e-06,0.00041385908570999285,1
15,1772846770152,3.949474286000024e-05,9.239657142899994e-05,0.0005230590857100243,1
16,1772846770155,3.949474286000024e-05,9.239657142899994e-05,0.0005230590857100243,1
17,1772846770157,3.949474286000024e-05,9.239657142899994e-05,0.0005230590857100243,1
18,1772846770160,-8.530525713999933e-05,-7.140342857100003e-05,0.00025785908570994786,1
19,1772846770163,-8.530525713999933e-05,-7.140342857100003e-05,0.00025785908570994786,1
20,1772846770165,-8.530525713999933e-05,-7.140342857100003e-05,0.00025785908570994786,1
21,1772846770168,1.2194742860001037e-05,-5.190342857100004e-05,-3.4409142900719905e-06,1
22,1772846770171,1.2194742860001037e-05,-5.190342857100004e-05,-3.4409142900719905e-06,1
23,1772846770174,1.2194742860001037e-05,-5.190342857100004e-05,-3.4409142900719905e-06,1
24,1772846770178,1.6094742860000427e-05,-9.870342857100004e-05,0.0001642590857100319,1
25,1772846770181,1.6094742860000427e-05,-9.870342857100004e-05,0.0001642590857100319,1
26,1772846770185,-9.310525713999984e-05,8.069657142899999e-05,8.235908570995275e-05,1
27,1772846770189,-9.310525713999984e-05,8.069657142899999e-05,8.235908570995275e-05,1
28,1772846770192,-8.920525713999872e-05,5.339657142899997e-05,0.000152559085709973,1
29,1772846770195,-8.920525713999872e-05,5.339657142899997e-05,0.000152559085709973,1
30,1772846770197,-8.920525713999872e-05,5.339657142899997e-05,0.000152559085709973,1
31,1772846770200,-8.920525713999872e-05,4.9496571428999986e-05,7.065908571000489e-05,1
32,1772846770203,-8.920525713999872e-05,4.9496571428999986e-05,7.065908571000489e-05,1
33,1772846770206,-8.920525713999872e-05,4.9496571428999986e-05,7.065908571000489e-05,1
34,1772846770208,-3.4052571399999926e-06,0.00011969657142899996,0.00011745908571001839,1
35,1772846770211,-3.4052571399999926e-06,0.00011969657142899996,0.00011745908571001839,1
36,1772846770214,-3.4052571399999926e-06,0.00011969657142899996,0.00028905908570995686,1
37,1772846770216,-1.9005257139999288e-05,4.9496571428999986e-05,0.00028905908570995686,1
38,1772846770219,-1.9005257139999288e-05,4.9496571428999986e-05,0.00028905908570995686,1
39,1772846770222,-1.9005257139999288e-05,4.9496571428999986e-05,0.000339759085710027,1
40,1772846770225,8.239474286000047e-05,3.779657142899997e-05,0.000339759085710027,1
41,1772846770228,8.239474286000047e-05,3.779657142899997e-05,0.000339759085710027,1
42,1772846770231,3.949474286000024e-05,6.596571428999973e-06,0.00022275908570999325,1
43,1772846770234,3.949474286000024e-05,6.596571428999973e-06,0.00022275908570999325,1
44,1772846770237,3.949474286000024e-05,6.596571428999973e-06,0.00022275908570999325,1
45,1772846770240,9.409474286000037e-05,0.00015869657142899998,0.000183759085709982,1
46,1772846770243,9.409474286000037e-05,0.00015869657142899998,0.000183759085709982,1
47,1772846770246,9.409474286000037e-05,8.459657142899997e-05,0.0004216590857099951,1
48,1772846770249,-0.00010480525713999975,8.459657142899997e-05,0.0004216590857099951,1
49,1772846770252,-0.00010480525713999975,8.459657142899997e-05,0.0004216590857099951,1
50,1772846770255,-4.24052571399991e-05,0.000139196571429,6.285908571000264e-05,1
51,1772846770258,-4.24052571399991e-05,0.000139196571429,6.285908571000264e-05,1
52,1772846770260,-4.24052571399991e-05,0.000139196571429,6.285908571000264e-05,1
53,1772846770264,-0.00013600525714000007,-7.9203428571e-05,-5.8040914289976715e-05,1
54,1772846770268,-0.00013600525714000007,-7.9203428571e-05,-5.8040914289976715e-05,1
55,1772846770271,-1.5105257139999897e-05,-2.070342857100004e-05,0.0003124590857099636,1
56,1772846770275,-1.5105257139999897e-05,-2.070342857100004e-05,0.0003124590857099636,1
57,1772846770278,-1.5105257139999897e-05,-2.070342857100004e-05,0.00027345908570995236,1
58,1772846770280,-0.00010090525713999862,2.2196571428999973e-05,0.00027345908570995236,1
59,1772846770283,-0.00010090525713999862,2.2196571428999973e-05,0.00027345908570995236,1
60,1772846770286,-0.00010090525713999862,0.00010409657142899996,0.0004879590857099587,1
61,1772846770289,4.394742860000522e-06,0.00010409657142899996,0.0004879590857099587,1
62,1772846770291,4.394742860000522e-06,0.00010409657142899996,0.0004879590857099587,1
63,1772846770295,8.294742859999912e-06,0.00012749657142899998,0.0003943590857099317,1
64,1772846770297,8.294742859999912e-06,0.00012749657142899998,0.0003943590857099317,1
65,1772846770300,8.294742859999912e-06,0.00012749657142899998,0.0003943590857099317,1
66,1772846770303,6.679474286000117e-05,5.339657142899997e-05,0.0003124590857099636,1
67,1772846770306,6.679474286000117e-05,5.339657142899997e-05,0.0003124590857099636,1
68,1772846770308,6.679474286000117e-05,5.339657142899997e-05,0.0003124590857099636,1
69,1772846770311,4.947428600011322e-07,0.00010019657142899997,0.000370959085710036,1
70,1772846770314,4.947428600011322e-07,0.00010019657142899997,0.000370959085710036,1
71,1772846770317,4.947428600011322e-07,0.00010019657142899997,0.000370959085710036,1
72,1772846770319,4.947428600011322e-07,9.239657142899994e-05,0.0002188590857099366,1
73,1772846770322,4.947428600011322e-07,9.239657142899994e-05,0.0002188590857099366,1
74,1772846770325,4.947428600011322e-07,9.239657142899994e-05,0.0002188590857099366,1
75,1772846770327,-1.5105257139999897e-05,-0.00020790342857100004,0.00030075908571001574,1
76,1772846770330,-1.5105257139999897e-05,-0.00020790342857100004,0.00030075908571001574,1
77,1772846770333,-1.5105257139999897e-05,-0.00020790342857100004,0.00030075908571001574,1
78,1772846770336,0.00010579474286000028,0.00014699657142899997,0.0001642590857100319,1
79,1772846770338,0.00010579474286000028,0.00014699657142899997,0.0001642590857100319,1
80,1772846770341,0.00010579474286000028,0.00014699657142899997,0.0001642590857100319,1
81,1772846770344,7.069474286000056e-05,-0.00010650342857100001,0.00033195908571002474,1
82,1772846770346,7.069474286000056e-05,-0.00010650342857100001,0.00033195908571002474,1
83,1772846770349,7.069474286000056e-05,-0.00010650342857100001,0.00033195908571002474,1
84,1772846770352,0.00023839474286000036,0.000377096571429,-0.00017504091429001046,1
85,1772846770356,0.00023839474286000036,0.000377096571429,-0.00017504091429001046,1
86,1772846770361,7.849474286000108e-05,-9.480342857100005e-05,0.0007843590857099332,1
87,1772846770366,7.849474286000108e-05,-9.480342857100005e-05,0.0007843590857099332,1
88,1772846770369,3.559474286000085e-05,-0.000184503428571,-0.0004948409142899917,1
89,1772846770371,3.559474286000085e-05,-0.000184503428571,-0.0004948409142899917,1
90,1772846770374,1.9994742859999817e-05,0.000653996571429,0.0002032590857099321,1
91,1772846770377,1.9994742859999817e-05,0.000653996571429,0.0002032590857099321,1
92,1772846770379,1.9994742859999817e-05,0.000653996571429,0.0002032590857099321,1
93,1772846770382,-0.00016720525713999866,-0.00019230342857100004,0.0010846590857099643,1
94,1772846770385,-0.00016720525713999866,-0.00019230342857100004,0.0010846590857099643,1
95,1772846770388,-0.00016720525713999866,-0.00019230342857100004,0.0010846590857099643,1
96,1772846770390,0.0001096947428600014,-0.00034830342857100003,-0.00039734091429001906,1
97,1772846770393,0.0001096947428600014,-0.00034830342857100003,-0.00039734091429001906,1
98,1772846770396,0.0001096947428600014,-0.00034830342857100003,-0.00039734091429001906,1
99,1772846770398,0.0002578947428600008,-2.070342857100004e-05,-0.0004987409142900483,1
100,1772846770401,0.0002578947428600008,-2.070342857100004e-05,-0.0004987409142900483,1
101,1772846770404,0.0002578947428600008,-2.070342857100004e-05,-0.0004987409142900483,1
102,1772846770407,-2.6805257139999802e-05,0.00013139657142899997,-0.0001672409142900082,1
103,1772846770410,-2.6805257139999802e-05,0.00013139657142899997,-0.0001672409142900082,1
104,1772846770412,-2.6805257139999802e-05,0.00013139657142899997,-0.0001672409142900082,1
105,1772846770415,0.00019549474286000013,0.000306896571429,0.0006946590857099628,1
106,1772846770418,0.00019549474286000013,0.000306896571429,0.0006946590857099628,1
107,1772846770421,0.00019549474286000013,0.000306896571429,0.0006946590857099628,1
108,1772846770423,-0.00019840525713999899,-0.000340503428571,0.0008389590857099489,1
109,1772846770426,-0.00019840525713999899,-0.000340503428571,0.0008389590857099489,1
110,1772846770429,-0.00019840525713999899,-0.000340503428571,0.0008389590857099489,1
111,1772846770431,-2.6805257139999802e-05,-0.00017280342857100002,-0.0001321409142900536,1
112,1772846770434,-2.6805257139999802e-05,-0.00017280342857100002,-0.0001321409142900536,1
113,1772846770437,-2.6805257139999802e-05,-0.00017280342857100002,-0.0001321409142900536,1
114,1772846770440,0.00021109474286000116,0.00011189657142899998,0.00028905908570995686,1
115,1772846770442,0.00021109474286000116,0.00011189657142899998,0.00028905908570995686,1
116,1772846770445,0.00021109474286000116,0.00011189657142899998,0.0005698590857099268,1
117,1772846770448,8.294742859999912e-06,-0.000137703428571,0.0005698590857099268,1
118,1772846770450,8.294742859999912e-06,-0.000137703428571,0.0005698590857099268,1
119,1772846770455,8.629474285999986e-05,-0.00022740342857100002,7.45590857099505e-05,1
120,1772846770458,8.629474285999986e-05,-0.00022740342857100002,7.45590857099505e-05,1
121,1772846770462,8.629474285999986e-05,0.00016649657142899996,-0.0004012409142899647,1
122,1772846770465,1.9994742859999817e-05,0.00016649657142899996,-0.0004012409142899647,1
123,1772846770468,1.9994742859999817e-05,0.00016649657142899996,-0.0004012409142899647,1
124,1772846770471,0.0001252947428600007,0.000388796571429,0.00047625908571001085,1
0,1772846770545,9.409474286000037e-05,-7.140342857100003e-05,0.00024225908570994336,1
1,1772846770552,6.679474286000117e-05,3.3896571428999986e-05,0.00015645908571002964,1
2,1772846770581,6.679474286000117e-05,3.3896571428999986e-05,0.00015645908571002964,1
3,1772846770584,0.00024619474286000087,0.00014309657142899993,6.675908570994826e-05,1
4,1772846770587,0.00024619474286000087,0.00014309657142899993,6.675908570994826e-05,1
5,1772846770590,9.799474285999976e-05,2.609657142899996e-05,0.00019155908570998425,1
6,1772846770593,9.799474285999976e-05,2.609657142899996e-05,0.00019155908570998425,1
7,1772846770596,9.799474285999976e-05,2.609657142899996e-05,0.00019155908570998425,1
8,1772846770599,-5.4105257139999e-05,-0.00013380342857100002,0.0001057590857099595,1
9,1772846770601,-5.4105257139999e-05,-0.00013380342857100002,0.0001057590857099595,1
10,1772846770604,-5.4105257139999e-05,-0.00013380342857100002,0.0001057590857099595,1
11,1772846770607,-0.0002335052571399987,-4.410342857100001e-05,0.0003280590857099681,1
12,1772846770610,-0.0002335052571399987,-4.410342857100001e-05,0.0003280590857099681,1
13,1772846770612,-0.0002335052571399987,-4.410342857100001e-05,0.00041775908570993846,1
14,1772846770615,-5.800525714000013e-05,6.509657142899999e-05,0.00041775908570993846,1
15,1772846770618,-5.800525714000013e-05,6.509657142899999e-05,0.00041775908570993846,1
16,1772846770620,-5.800525714000013e-05,6.509657142899999e-05,0.0003904590857099861,1
17,1772846770623,0.0001213947428600013,-0.00020790342857100004,0.0003904590857099861,1
18,1772846770626,0.0001213947428600013,-0.00020790342857100004,0.0003904590857099861,1
19,1772846770629,0.0001213947428600013,-4.8003428571e-05,0.0001369590857099685,1
20,1772846770631,-5.800525714000013e-05,-4.8003428571e-05,0.0001369590857099685,1
21,1772846770635,-5.800525714000013e-05,-4.8003428571e-05,0.0001369590857099685,1
22,1772846770638,-5.020525713999961e-05,9.629657142899998e-05,0.00031635908571002024,1
23,1772846770641,-5.020525713999961e-05,9.629657142899998e-05,0.00031635908571002024,1
24,1772846770645,4.947428600011322e-07,0.00011189657142899998,0.0001993590857099865,1
25,1772846770648,4.947428600011322e-07,0.00011189657142899998,0.0001993590857099865,1
26,1772846770650,4.947428600011322e-07,0.00011189657142899998,0.0001993590857099865,1
27,1772846770653,-0.0002023052571400001,-8.310342857100004e-05,0.00022275908570999325,1
28,1772846770656,-0.0002023052571400001,-8.310342857100004e-05,0.00022275908570999325,1
29,1772846770659,-0.0002023052571400001,-8.310342857100004e-05,0.00022275908570999325,1
30,1772846770661,-0.00012040525713999904,-0.00010260342857100003,0.0002656590857099501,1
31,1772846770664,-0.00012040525713999904,-0.00010260342857100003,0.0002656590857099501,1
32,1772846770667,-0.00012040525713999904,-0.00010260342857100003,0.0002656590857099501,1
33,1772846770670,-0.0002530052571399991,1.8296571428999986e-05,0.0004255590857099407,1
34,1772846770672,-0.0002530052571399991,1.8296571428999986e-05,0.0004255590857099407,1
35,1772846770675,-0.0002530052571399991,1.8296571428999986e-05,0.0004255590857099407,1
36,1772846770678,-0.00015160525713999937,3.3896571428999986e-05,0.00026955908571000674,1
37,1772846770680,-0.00015160525713999937,3.3896571428999986e-05,0.00026955908571000674,1
38,1772846770683,-0.00015160525713999937,3.3896571428999986e-05,0.00026955908571000674,1
39,1772846770686,8.629474285999986e-05,-3.2403428571000053e-05,0.0006400590857099471,1
40,1772846770689,8.629474285999986e-05,-3.2403428571000053e-05,0.0006400590857099471,1
41,1772846770691,8.629474285999986e-05,-3.2403428571000053e-05,0.0006400590857099471,1
42,1772846770694,0.00014089474286,-0.00010260342857100003,0.00023835908570999775,1
43,1772846770697,0.00014089474286,-0.00010260342857100003,0.00023835908570999775,1
44,1772846770700,0.00014089474286,-0.00010260342857100003,0.00023835908570999775,1
45,1772846770702,2.3894742860000942e-05,-0.00012600342857100002,-2.2940914290022103e-05,1
46,1772846770705,2.3894742860000942e-05,-0.00012600342857100002,-2.2940914290022103e-05,1
47,1772846770708,2.3894742860000942e-05,-0.00012600342857100002,-2.2940914290022103e-05,1
48,1772846770711,-6.580525713999891e-05,-2.8503428571000013e-05,0.0006049590857099925,1
49,1772846770713,-6.580525713999891e-05,-2.8503428571000013e-05,0.0006049590857099925,1
50,1772846770716,-6.580525713999891e-05,-2.8503428571000013e-05,0.0003904590857099861,1
51,1772846770720,-3.460525713999858e-05,0.000170396571429,0.0003904590857099861,1
52,1772846770722,-3.460525713999858e-05,0.000170396571429,0.0003904590857099861,1
53,1772846770726,7.069474286000056e-05,2.9996571428999945e-05,0.00031635908571002024,1
54,1772846770730,7.069474286000056e-05,2.9996571428999945e-05,0.00031635908571002024,1
55,1772846770733,2.3894742860000942e-05,0.000139196571429,0.0001330590857100229,1
56,1772846770736,2.3894742860000942e-05,0.000139196571429,0.0001330590857100229,1
57,1772846770739,2.3894742860000942e-05,0.000139196571429,0.0001330590857100229,1
58,1772846770741,-1.1205257139998773e-05,-4.0203428571000026e-05,0.00025395908571000225,1
59,1772846770744,-1.1205257139998773e-05,-4.0203428571000026e-05,0.00025395908571000225,1
60,1772846770747,-1.1205257139998773e-05,-4.0203428571000026e-05,0.00025395908571000225,1
61,1772846770750,-0.00010870525713999914,-0.00011820342857100002,0.00038655908570992947,1
62,1772846770753,-0.00010870525713999914,-0.00011820342857100002,0.00038655908570992947,1
63,1772846770756,-0.00010870525713999914,-0.00011820342857100002,0.0001993590857099865,1
64,1772846770759,0.0001525947428599999,1.4396571429e-05,0.0001993590857099865,1
65,1772846770761,0.0001525947428599999,1.4396571429e-05,0.0001993590857099865,1
66,1772846770764,0.0001525947428599999,-2.8503428571000013e-05,0.0001486590857100274,1
67,1772846770767,8.239474286000047e-05,-2.8503428571000013e-05,0.0001486590857100274,1
68,1772846770770,8.239474286000047e-05,-2.8503428571000013e-05,0.0001486590857100274,1
69,1772846770772,8.239474286000047e-05,-5.970342857100001e-05,0.0002305590857099955,1
70,1772846770775,0.0001213947428600013,-5.970342857100001e-05,0.0002305590857099955,1
71,1772846770779,0.0001213947428600013,-5.970342857100001e-05,0.0002305590857099955,1
72,1772846770781,4.729474286000075e-05,-0.00010260342857100003,0.0003904590857099861,1
73,1772846770784,4.729474286000075e-05,-0.00010260342857100003,0.0003904590857099861,1
74,1772846770787,4.729474286000075e-05,-0.00010260342857100003,0.0003904590857099861,1
75,1772846770790,1.6094742860000427e-05,4.169657142899996e-05,0.0004411590857099452,1
76,1772846770792,1.6094742860000427e-05,4.169657142899996e-05,0.0004411590857099452,1
77,1772846770795,1.6094742860000427e-05,4.169657142899996e-05,0.0004411590857099452,1
78,1772846770798,0.0001096947428600014,-6.360342857100005e-05,0.0004099590857099362,1
79,1772846770801,0.0001096947428600014,-6.360342857100005e-05,0.0004099590857099362,1
80,1772846770803,0.0001096947428600014,-6.360342857100005e-05,0.0004099590857099362,1
81,1772846770806,0.0001096947428600014,0.00018599657142899994,0.0006166590857099403,1
82,1772846770809,0.0001096947428600014,0.00018599657142899994,0.0006166590857099403,1
83,1772846770812,0.0001096947428600014,0.00018599657142899994,0.0004684590857100086,1
84,1772846770815,-8.920525713999872e-05,0.00011189657142899998,0.0004684590857100086,1
85,1772846770818,-8.920525713999872e-05,0.00011189657142899998,0.0004684590857100086,1
86,1772846770822,-3.460525713999858e-05,2.609657142899996e-05,7.45590857099505e-05,1
87,1772846770825,-3.460525713999858e-05,2.609657142899996e-05,7.45590857099505e-05,1
88,1772846770828,-3.460525713999858e-05,2.609657142899996e-05,0.00011355908570996175,1
89,1772846770830,1.9994742859999817e-05,3.779657142899997e-05,0.00011355908570996175,1
90,1772846770833,1.9994742859999817e-05,3.779657142899997e-05,0.00011355908570996175,1
91,1772846770836,1.9994742859999817e-05,-1.203428571000054e-06,0.00019155908570998425,1
92,1772846770839,-6.580525713999891e-05,-1.203428571000054e-06,0.00019155908570998425,1
93,1772846770841,-6.580525713999891e-05,-1.203428571000054e-06,0.00019155908570998425,1
94,1772846770845,0.0001252947428600007,0.00013139657142899997,0.00015645908571002964,1
95,1772846770848,0.0001252947428600007,0.00013139657142899997,0.00015645908571002964,1
96,1772846770850,0.0001252947428600007,0.00013139657142899997,0.00015645908571002964,1
97,1772846770853,-4.630525714000022e-05,-0.00011820342857100002,0.0002188590857099366,1
98,1772846770856,-4.630525714000022e-05,-0.00011820342857100002,0.0002188590857099366,1
99,1772846770858,-4.630525714000022e-05,-0.00011820342857100002,0.0002188590857099366,1
100,1772846770861,1.2194742860001037e-05,-2.8503428571000013e-05,8.235908570995275e-05,1
101,1772846770864,1.2194742860001037e-05,-2.8503428571000013e-05,8.235908570995275e-05,1
102,1772846770867,1.2194742860001037e-05,-2.8503428571000013e-05,8.235908570995275e-05,1
103,1772846770870,-1.1205257139998773e-05,-0.00010260342857100003,0.0003280590857099681,1
104,1772846770872,-1.1205257139998773e-05,-0.00010260342857100003,0.0003280590857099681,1
105,1772846770875,-1.1205257139998773e-05,-0.00010260342857100003,0.0003280590857099681,1
106,1772846770878,8.629474285999986e-05,-0.00022740342857100002,0.0004099590857099362,1
107,1772846770880,8.629474285999986e-05,-0.00022740342857100002,0.0004099590857099362,1
108,1772846770883,8.629474285999986e-05,-0.00022740342857100002,0.0004099590857099362,1
109,1772846770887,7.849474286000108e-05,-0.00015720342857100002,0.000152559085709973,1
110,1772846770889,7.849474286000108e-05,-0.00015720342857100002,0.000152559085709973,1
111,1772846770892,9.799474285999976e-05,-7.140342857100003e-05,4.335908570994151e-05,1
112,1772846770895,9.799474285999976e-05,-7.140342857100003e-05,4.335908570994151e-05,1
113,1772846770898,9.799474285999976e-05,-7.140342857100003e-05,4.335908570994151e-05,1
114,1772846770900,0.0001330947428600012,4.5596571429e-05,0.00036705908570997935,1
115,1772846770904,0.0001330947428600012,4.5596571429e-05,0.00036705908570997935,1
116,1772846770908,0.0001330947428600012,4.5596571429e-05,0.00038655908570992947,1
117,1772846770911,0.00011359474286000079,7.6796571429e-05,0.00038655908570992947,1
118,1772846770915,0.00011359474286000079,7.6796571429e-05,0.00038655908570992947,1
119,1772846770917,2.3894742860000942e-05,2.2196571428999973e-05,0.0002968590857099591,1
120,1772846770920,2.3894742860000942e-05,2.2196571428999973e-05,0.0002968590857099591,1
121,1772846770923,2.3894742860000942e-05,2.2196571428999973e-05,0.0002968590857099591,1
122,1772846770926,4.947428600011322e-07,-3.2403428571000053e-05,0.0003241590857100225,1
123,1772846770928,4.947428600011322e-07,-3.2403428571000053e-05,0.0003241590857100225,1
124,1772846770931,4.947428600011322e-07,-3.2403428571000053e-05,0.0003241590857100225,1
0,1772846770971,2.7794742860000332e-05,-9.870342857100004e-05,0.00017205908571003414,1
1,1772846770995,-3.460525713999858e-05,-9.870342857100004e-05,0.00017205908571003414,1
2,1772846771008,-0.00011260525714000026,0.00013139657142899997,0.0001681590857099775,1
3,1772846771014,-0.00014770525713999998,9.239657142899994e-05,0.0004528590857100041,1
4,1772846771046,-5.020525713999961e-05,2.609657142899996e-05,0.0004216590857099951,1
5,1772846771049,-5.020525713999961e-05,2.609657142899996e-05,0.0004216590857099951,1
6,1772846771052,-4.630525714000022e-05,-4.410342857100001e-05,0.00036315908571003374,1
7,1772846771055,-4.630525714000022e-05,-4.410342857100001e-05,0.00036315908571003374,1
8,1772846771058,-4.630525714000022e-05,-4.410342857100001e-05,0.00036315908571003374,1
9,1772846771060,5.509474286000127e-05,-5.5803428571000026e-05,0.0005815590857099857,1
10,1772846771063,5.509474286000127e-05,-5.5803428571000026e-05,0.0005815590857099857,1
11,1772846771066,5.509474286000127e-05,-5.5803428571000026e-05,0.0005815590857099857,1
12,1772846771069,-1.5105257139999897e-05,-3.630342857100004e-05,0.0003592590857099771,1
13,1772846771071,-1.5105257139999897e-05,-3.630342857100004e-05,0.0003592590857099771,1
14,1772846771074,-1.5105257139999897e-05,-3.630342857100004e-05,0.0003592590857099771,1
15,1772846771077,-3.4052571399999926e-06,3.779657142899997e-05,0.0005074590857100198,1
16,1772846771079,-3.4052571399999926e-06,3.779657142899997e-05,0.0005074590857100198,1
17,1772846771083,-3.4052571399999926e-06,3.779657142899997e-05,0.0005074590857100198,1
18,1772846771086,3.949474286000024e-05,8.849657142899996e-05,0.0005542590857100333,1
19,1772846771088,3.949474286000024e-05,8.849657142899996e-05,0.0005542590857100333,1
20,1772846771091,3.949474286000024e-05,1.4396571429e-05,0.0003436590857099726,1
21,1772846771094,-8.140525713999994e-05,1.4396571429e-05,0.0003436590857099726,1
22,1772846771097,-8.140525713999994e-05,1.4396571429e-05,0.0003436590857099726,1
23,1772846771099,-8.920525713999872e-05,-5.970342857100001e-05,0.0002929590857100135,1
24,1772846771102,-8.920525713999872e-05,-5.970342857100001e-05,0.0002929590857100135,1
25,1772846771106,-8.920525713999872e-05,-5.970342857100001e-05,0.0002929590857100135,1
26,1772846771110,-8.530525713999933e-05,2.609657142899996e-05,0.0002188590857099366,1
27,1772846771113,-8.530525713999933e-05,2.609657142899996e-05,0.0002188590857099366,1
28,1772846771116,7.459474285999995e-05,2.6965714289999866e-06,0.00023835908570999775,1
29,1772846771119,7.459474285999995e-05,2.6965714289999866e-06,0.00023835908570999775,1
30,1772846771122,7.459474285999995e-05,2.6965714289999866e-06,0.00023835908570999775,1
31,1772846771125,-3.850525713999971e-05,1.8296571428999986e-05,0.00010965908571001614,1
32,1772846771127,-3.850525713999971e-05,1.8296571428999986e-05,0.00010965908571001614,1
33,1772846771130,-3.850525713999971e-05,1.8296571428999986e-05,0.00010965908571001614,1
34,1772846771133,8.239474286000047e-05,-0.00012600342857100002,0.00030075908571001574,1
35,1772846771136,8.239474286000047e-05,-0.00012600342857100002,0.00030075908571001574,1
36,1772846771138,8.239474286000047e-05,-0.00012600342857100002,0.00030075908571001574,1
37,1772846771141,4.394742860000522e-06,1.049657142899996e-05,0.00022665908570993886,1
38,1772846771144,4.394742860000522e-06,1.049657142899996e-05,0.00022665908570993886,1
39,1772846771147,4.394742860000522e-06,1.049657142899996e-05,0.00025785908570994786,1
40,1772846771149,-0.00010090525713999862,-6.750342857100004e-05,0.00025785908570994786,1
41,1772846771152,-0.00010090525713999862,-6.750342857100004e-05,0.00025785908570994786,1
42,1772846771155,-5.020525713999961e-05,1.049657142899996e-05,0.00014085908571002514,1
43,1772846771158,-5.020525713999961e-05,1.049657142899996e-05,0.00014085908571002514,1
44,1772846771161,-5.020525713999961e-05,1.049657142899996e-05,0.00014085908571002514,1
45,1772846771164,7.849474286000108e-05,-8.700342857100003e-05,9.0159085709955e-05,1
46,1772846771167,7.849474286000108e-05,-8.700342857100003e-05,9.0159085709955e-05,1
47,1772846771169,7.849474286000108e-05,-8.700342857100003e-05,9.0159085709955e-05,1
48,1772846771172,0.0001642947428599998,7.6796571429e-05,0.00014085908571002514,1
49,1772846771175,0.0001642947428599998,7.6796571429e-05,0.00014085908571002514,1
50,1772846771177,0.0001642947428599998,7.6796571429e-05,0.00014085908571002514,1
51,1772846771180,-8.140525713999994e-05,1.4396571429e-05,0.0002929590857100135,1
52,1772846771183,-8.140525713999994e-05,1.4396571429e-05,0.0002929590857100135,1
53,1772846771186,-8.140525713999994e-05,1.4396571429e-05,0.0002929590857100135,1
54,1772846771188,-0.00014770525713999998,1.4396571429e-05,7.45590857099505e-05,1
55,1772846771191,-0.00014770525713999998,1.4396571429e-05,7.45590857099505e-05,1
56,1772846771195,-0.00014770525713999998,-5.10342857100004e-06,0.0001369590857099685,1
57,1772846771198,-0.00011650525713999965,-5.10342857100004e-06,0.0001369590857099685,1
58,1772846771201,-0.00011650525713999965,-5.10342857100004e-06,0.0001369590857099685,1
59,1772846771205,-2.2905257139998678e-05,-8.310342857100004e-05,0.00028905908570995686,1
60,1772846771208,-2.2905257139998678e-05,-8.310342857100004e-05,0.00028905908570995686,1
61,1772846771211,-2.2905257139998678e-05,-9.003428571000027e-06,0.000214959085709991,1
62,1772846771213,3.559474286000085e-05,-9.003428571000027e-06,0.000214959085709991,1
63,1772846771216,3.559474286000085e-05,-9.003428571000027e-06,0.000214959085709991,1
64,1772846771219,4.729474286000075e-05,0.00012359657142899994,0.000277359085710009,1
65,1772846771222,4.729474286000075e-05,0.00012359657142899994,0.000277359085710009,1
66,1772846771225,4.729474286000075e-05,0.00012359657142899994,0.000277359085710009,1
67,1772846771228,5.119474286000014e-05,0.00018989657142899998,0.00019545908570992986,1
68,1772846771230,5.119474286000014e-05,0.00018989657142899998,0.00019545908570992986,1
69,1772846771233,5.119474286000014e-05,0.00018989657142899998,0.00019545908570992986,1
70,1772846771236,0.00010579474286000028,4.5596571429e-05,0.00014085908571002514,1
71,1772846771239,0.00010579474286000028,4.5596571429e-05,0.00014085908571002514,1
72,1772846771241,0.00010579474286000028,4.5596571429e-05,0.00014085908571002514,1
73,1772846771244,-0.00015160525713999937,0.00015479657142899994,0.00011745908571001839,1
74,1772846771247,-0.00015160525713999937,0.00015479657142899994,0.00011745908571001839,1
75,1772846771250,-0.00015160525713999937,0.00015479657142899994,0.00011745908571001839,1
76,1772846771252,-5.800525714000013e-05,0.00015869657142899998,0.00014085908571002514,1
77,1772846771255,-5.800525714000013e-05,0.00015869657142899998,0.00014085908571002514,1
78,1772846771258,-5.800525714000013e-05,0.00015869657142899998,0.00014085908571002514,1
79,1772846771261,1.6094742860000427e-05,0.00013529657142899996,0.0004372590857099996,1
80,1772846771263,1.6094742860000427e-05,0.00013529657142899996,0.0004372590857099996,1
81,1772846771266,1.6094742860000427e-05,0.00013529657142899996,0.0003592590857099771,1
82,1772846771269,2.7794742860000332e-05,5.729657142899996e-05,0.0003592590857099771,1
83,1772846771271,2.7794742860000332e-05,5.729657142899996e-05,0.0003592590857099771,1
84,1772846771274,2.7794742860000332e-05,5.729657142899996e-05,0.0002656590857099501,1
85,1772846771277,-9.310525713999984e-05,6.119657142899994e-05,0.0002656590857099501,1
86,1772846771280,-9.310525713999984e-05,6.119657142899994e-05,0.0002656590857099501,1
87,1772846771283,-9.310525713999984e-05,4.5596571429e-05,0.00015645908571002964,1
88,1772846771286,3.169474285999972e-05,4.5596571429e-05,0.00015645908571002964,1
89,1772846771290,3.169474285999972e-05,4.5596571429e-05,0.00015645908571002964,1
90,1772846771293,0.0001369947428600006,1.8296571428999986e-05,0.00041385908570999285,1
91,1772846771296,0.0001369947428600006,1.8296571428999986e-05,0.00041385908570999285,1
92,1772846771299,-7.750525713999881e-05,-5.10342857100004e-06,0.0002500590857099456,1
93,1772846771302,-7.750525713999881e-05,-5.10342857100004e-06,0.0002500590857099456,1
94,1772846771305,-7.750525713999881e-05,-5.10342857100004e-06,0.0002500590857099456,1
95,1772846771307,2.3894742860000942e-05,1.4396571429e-05,0.000308559085710018,1
96,1772846771310,2.3894742860000942e-05,1.4396571429e-05,0.000308559085710018,1
97,1772846771313,2.3894742860000942e-05,1.4396571429e-05,0.000308559085710018,1
98,1772846771316,1.9994742859999817e-05,-7.9203428571e-05,0.00024615908571,1
99,1772846771319,1.9994742859999817e-05,-7.9203428571e-05,0.00024615908571,1
100,1772846771321,1.9994742859999817e-05,-7.9203428571e-05,0.00024615908571,1
101,1772846771324,7.459474285999995e-05,-2.8503428571000013e-05,0.0005386590857100288,1
102,1772846771327,7.459474285999995e-05,-2.8503428571000013e-05,0.0005386590857100288,1
103,1772846771330,7.459474285999995e-05,-2.8503428571000013e-05,0.0005386590857100288,1
104,1772846771333,0.0001252947428600007,-7.530342857100001e-05,0.0003748590857099816,1
105,1772846771336,0.0001252947428600007,-7.530342857100001e-05,0.0003748590857099816,1
106,1772846771339,4.947428600011322e-07,-7.9203428571e-05,0.00028905908570995686,1
107,1772846771341,4.947428600011322e-07,-7.9203428571e-05,0.00028905908570995686,1
108,1772846771344,4.947428600011322e-07,-7.9203428571e-05,0.00028905908570995686,1
109,1772846771347,-0.00011260525714000026,-8.700342857100003e-05,0.0002032590857099321,1
110,1772846771350,-0.00011260525714000026,-8.700342857100003e-05,0.0002032590857099321,1
111,1772846771352,-0.00011260525714000026,-8.700342857100003e-05,0.0002032590857099321,1
112,1772846771355,0.0001330947428600012,-0.00011040342857100002,9.0159085709955e-05,1
113,1772846771358,0.0001330947428600012,-0.00011040342857100002,9.0159085709955e-05,1
114,1772846771361,0.0001330947428600012,-0.00011040342857100002,9.0159085709955e-05,1
115,1772846771363,4.729474286000075e-05,-0.00011040342857100002,0.00022665908570993886,1
116,1772846771366,4.729474286000075e-05,-0.00011040342857100002,0.00022665908570993886,1
117,1772846771369,4.729474286000075e-05,-0.00011040342857100002,0.00022665908570993886,1
118,1772846771372,-8.140525713999994e-05,0.00010409657142899996,0.0003943590857099317,1
119,1772846771377,-8.140525713999994e-05,0.00010409657142899996,0.0003943590857099317,1
120,1772846771382,-0.0001828052571399997,-5.190342857100004e-05,0.00030465908570996136,1
121,1772846771384,-0.0001828052571399997,-5.190342857100004e-05,0.00030465908570996136,1
122,1772846771388,-3.850525713999971e-05,4.169657142899996e-05,0.00010965908571001614,1
123,1772846771391,-3.850525713999971e-05,4.169657142899996e-05,0.00010965908571001614,1
124,1772846771394,-3.850525713999971e-05,4.169657142899996e-05,3.1659085709993644e-05,1
0,1772846771441,4.729474286000075e-05,0.00016259657142899992,1.6059085709989145e-05,1
1,1772846771444,-0.00012040525713999904,2.6965714289999866e-06,0.0001486590857100274,1
2,1772846771507,9.019474286000098e-05,4.9496571428999986e-05,0.0004060590857099906,1
3,1772846771510,9.019474286000098e-05,4.9496571428999986e-05,0.0004060590857099906,1
4,1772846771513,9.019474286000098e-05,4.9496571428999986e-05,0.0004060590857099906,1
5,1772846771516,-3.070525713999919e-05,2.9996571428999945e-05,0.0005191590857099677,1
6,1772846771518,-3.070525713999919e-05,2.9996571428999945e-05,0.0005191590857099677,1
7,1772846771521,-3.070525713999919e-05,2.9996571428999945e-05,0.0005191590857099677,1
8,1772846771524,-5.4105257139999e-05,-3.2403428571000053e-05,5.1159085709943757e-05,1
9,1772846771526,-5.4105257139999e-05,-3.2403428571000053e-05,5.1159085709943757e-05,1
10,1772846771529,-5.4105257139999e-05,-3.2403428571000053e-05,5.1159085709943757e-05,1
11,1772846771532,8.629474285999986e-05,2.609657142899996e-05,-3.85409142900266e-05,1
12,1772846771535,8.629474285999986e-05,2.609657142899996e-05,-3.85409142900266e-05,1
13,1772846771537,8.629474285999986e-05,2.609657142899996e-05,0.000121359085709964,1
14,1772846771540,0.00011359474286000079,1.4396571429e-05,0.000121359085709964,1
15,1772846771543,0.00011359474286000079,1.4396571429e-05,0.000121359085709964,1
16,1772846771545,0.00011359474286000079,0.00012359657142899994,0.0002305590857099955,1
17,1772846771548,7.849474286000108e-05,0.00012359657142899994,0.0002305590857099955,1
18,1772846771551,7.849474286000108e-05,0.00012359657142899994,0.0002305590857099955,1
19,1772846771554,-5.800525714000013e-05,0.000107996571429,0.0002500590857099456,1
20,1772846771556,-5.800525714000013e-05,0.000107996571429,0.0002500590857099456,1
21,1772846771559,-5.800525714000013e-05,0.000107996571429,0.0002500590857099456,1
22,1772846771562,-9.700525713999923e-05,0.00010019657142899997,0.0002305590857099955,1
23,1772846771564,-9.700525713999923e-05,0.00010019657142899997,0.0002305590857099955,1
24,1772846771567,-9.700525713999923e-05,0.00010019657142899997,0.0002305590857099955,1
25,1772846771570,0.00014089474286,4.9496571428999986e-05,0.00030075908571001574,1
26,1772846771573,0.00014089474286,4.9496571428999986e-05,0.00030075908571001574,1
27,1772846771575,0.00014089474286,4.9496571428999986e-05,0.00030075908571001574,1
28,1772846771578,0.0001096947428600014,7.289657142899996e-05,0.0002305590857099955,1
29,1772846771581,0.0001096947428600014,7.289657142899996e-05,0.0002305590857099955,1
30,1772846771584,0.0001096947428600014,7.289657142899996e-05,0.0002305590857099955,1
31,1772846771586,4.947428600011322e-07,6.899657142899997e-05,0.0005386590857100288,1
32,1772846771589,4.947428600011322e-07,6.899657142899997e-05,0.0005386590857100288,1
33,1772846771592,4.947428600011322e-07,6.899657142899997e-05,0.0005386590857100288,1
34,1772846771594,-0.0002179052571399994,0.00011579657142899997,0.00023835908570999775,1
35,1772846771597,-0.0002179052571399994,0.00011579657142899997,0.00023835908570999775,1
36,1772846771600,-0.0002179052571399994,0.00011579657142899997,0.00023835908570999775,1
37,1772846771603,5.899474286000066e-05,-5.5803428571000026e-05,0.00035145908570997485,1
38,1772846771605,5.899474286000066e-05,-5.5803428571000026e-05,0.00035145908570997485,1
39,1772846771608,5.899474286000066e-05,-5.5803428571000026e-05,0.00035145908570997485,1
40,1772846771611,0.00011749474286000018,-9.003428571000027e-06,0.0004099590857099362,1
41,1772846771614,0.00011749474286000018,-9.003428571000027e-06,0.0004099590857099362,1
42,1772846771616,0.00011749474286000018,-9.003428571000027e-06,0.0004099590857099362,1
43,1772846771619,-3.070525713999919e-05,0.00011579657142899997,0.0005152590857100221,1
44,1772846771622,-3.070525713999919e-05,0.00011579657142899997,0.0005152590857100221,1
45,1772846771625,-3.070525713999919e-05,0.00011579657142899997,0.0005152590857100221,1
46,1772846771627,-0.00017500525713999918,0.000107996571429,0.00044895908570994746,1
47,1772846771630,-0.00017500525713999918,0.000107996571429,0.00044895908570994746,1
48,1772846771633,-0.00017500525713999918,0.000107996571429,0.0003124590857099636,1
49,1772846771635,3.949474286000024e-05,-2.8503428571000013e-05,0.0003124590857099636,1
50,1772846771638,3.949474286000024e-05,-2.8503428571000013e-05,0.0003124590857099636,1
51,1772846771641,3.949474286000024e-05,-2.8503428571000013e-05,0.00021105908570993436,1
52,1772846771644,5.119474286000014e-05,-5.5803428571000026e-05,0.00021105908570993436,1
53,1772846771647,5.119474286000014e-05,-5.5803428571000026e-05,0.00021105908570993436,1
54,1772846771649,1.6094742860000427e-05,5.339657142899997e-05,8.235908570995275e-05,1
55,1772846771653,1.6094742860000427e-05,5.339657142899997e-05,8.235908570995275e-05,1
56,1772846771655,1.6094742860000427e-05,5.339657142899997e-05,8.235908570995275e-05,1
57,1772846771658,9.019474286000098e-05,0.00013139657142899997,0.0001642590857100319,1
58,1772846771661,9.019474286000098e-05,0.00013139657142899997,0.0001642590857100319,1
59,1772846771664,9.019474286000098e-05,0.00013139657142899997,0.0001642590857100319,1
60,1772846771666,-7.750525713999881e-05,2.6965714289999866e-06,0.0004567590857099497,1
61,1772846771669,-7.750525713999881e-05,2.6965714289999866e-06,0.0004567590857099497,1
62,1772846771672,-7.750525713999881e-05,2.6965714289999866e-06,0.0004567590857099497,1
63,1772846771675,0.0001330947428600012,3.3896571428999986e-05,0.0002812590857099546,1
64,1772846771678,0.0001330947428600012,3.3896571428999986e-05,0.0002812590857099546,1
65,1772846771680,0.0001330947428600012,3.3896571428999986e-05,0.0002812590857099546,1
66,1772846771684,3.169474285999972e-05,0.00032249657142899995,0.00026955908571000674,1
67,1772846771686,3.169474285999972e-05,0.00032249657142899995,0.00026955908571000674,1
68,1772846771689,-0.00016720525713999866,-1.6803428571e-05,0.0002188590857099366,1
69,1772846771692,-0.00016720525713999866,-1.6803428571e-05,0.0002188590857099366,1
70,1772846771695,-0.00016720525713999866,-1.6803428571e-05,0.0002188590857099366,1
71,1772846771697,-3.070525713999919e-05,-0.00010650342857100001,7.45590857099505e-05,1
72,1772846771700,-3.070525713999919e-05,-0.00010650342857100001,7.45590857099505e-05,1
73,1772846771703,-3.070525713999919e-05,-0.00010650342857100001,7.45590857099505e-05,1
74,1772846771706,-0.00017110525713999979,-0.00011430342857100004,0.0003241590857100225,1
75,1772846771708,-0.00017110525713999979,-0.00011430342857100004,0.0003241590857100225,1
76,1772846771711,-0.00017110525713999979,-0.00011430342857100004,0.0003241590857100225,1
77,1772846771714,-0.00015940525713999988,-0.00011040342857100002,0.0001642590857100319,1
78,1772846771716,-0.00015940525713999988,-0.00011040342857100002,0.0001642590857100319,1
79,1772846771719,-0.00015940525713999988,-0.00011040342857100002,0.0001642590857100319,1
80,1772846771722,4.947428600011322e-07,8.849657142899996e-05,-9.314091429004235e-05,1
81,1772846771725,4.947428600011322e-07,8.849657142899996e-05,-9.314091429004235e-05,1
82,1772846771727,4.947428600011322e-07,8.849657142899996e-05,-9.314091429004235e-05,1
83,1772846771730,4.947428600011322e-07,0.00011189657142899998,0.00025785908570994786,1
84,1772846771733,4.947428600011322e-07,0.00011189657142899998,0.00025785908570994786,1
85,1772846771736,4.947428600011322e-07,0.00011189657142899998,0.00025785908570994786,1
86,1772846771738,-6.580525713999891e-05,-0.000168903428571,0.0002812590857099546,1
87,1772846771741,-6.580525713999891e-05,-0.000168903428571,0.0002812590857099546,1
88,1772846771744,-6.580525713999891e-05,-0.000168903428571,0.0002812590857099546,1
89,1772846771747,-0.00015940525713999988,-3.2403428571000053e-05,0.00032025908570996586,1
90,1772846771750,-0.00015940525713999988,-3.2403428571000053e-05,0.00032025908570996586,1
91,1772846771753,-0.00016720525713999866,2.2196571428999973e-05,0.0005035590857099632,1
92,1772846771756,-0.00016720525713999866,2.2196571428999973e-05,0.0005035590857099632,1
93,1772846771758,-0.00016720525713999866,2.2196571428999973e-05,0.0005035590857099632,1
94,1772846771761,-0.00015940525713999988,-9.003428571000027e-06,0.000277359085710009,1
95,1772846771764,-0.00015940525713999988,-9.003428571000027e-06,0.000277359085710009,1
96,1772846771767,-0.00015940525713999988,-9.003428571000027e-06,0.000277359085710009,1
97,1772846771769,0.00012919474286000009,2.2196571428999973e-05,0.00044895908570994746,1
98,1772846771773,0.00012919474286000009,2.2196571428999973e-05,0.00044895908570994746,1
99,1772846771776,0.00012919474286000009,2.2196571428999973e-05,0.00044895908570994746,1
100,1772846771778,3.169474285999972e-05,-7.9203428571e-05,0.00031635908571002024,1
101,1772846771781,3.169474285999972e-05,-7.9203428571e-05,0.00031635908571002024,1
102,1772846771784,3.169474285999972e-05,-7.9203428571e-05,0.00031635908571002024,1
103,1772846771786,7.069474286000056e-05,-3.630342857100004e-05,0.0002929590857100135,1
104,1772846771789,7.069474286000056e-05,-3.630342857100004e-05,0.0002929590857100135,1
105,1772846771792,7.069474286000056e-05,-3.630342857100004e-05,0.0002929590857100135,1
106,1772846771795,-0.00016330525713999927,8.069657142899999e-05,0.00039825908570998835,1
107,1772846771797,-0.00016330525713999927,8.069657142899999e-05,0.00039825908570998835,1
108,1772846771800,-0.00016330525713999927,8.069657142899999e-05,0.00039825908570998835,1
109,1772846771803,5.509474286000127e-05,6.119657142899994e-05,0.00028905908570995686,1
110,1772846771806,5.509474286000127e-05,6.119657142899994e-05,0.00028905908570995686,1
111,1772846771808,5.509474286000127e-05,6.119657142899994e-05,0.00014475908570997075,1
112,1772846771811,-6.970525714000003e-05,0.00011579657142899997,0.00014475908570997075,1
113,1772846771814,-6.970525714000003e-05,0.00011579657142899997,0.00014475908570997075,1
114,1772846771816,-6.970525714000003e-05,4.9496571428999986e-05,0.0001876590857099276,1
115,1772846771819,-0.00012820525713999956,4.9496571428999986e-05,0.0001876590857099276,1
116,1772846771822,-0.00012820525713999956,4.9496571428999986e-05,0.0001876590857099276,1
117,1772846771825,0.00010579474286000028,-9.090342857100001e-05,9.405908571001164e-05,1
118,1772846771827,0.00010579474286000028,-9.090342857100001e-05,9.405908571001164e-05,1
119,1772846771830,0.00010579474286000028,-9.090342857100001e-05,9.405908571001164e-05,1
120,1772846771833,3.559474286000085e-05,-0.00021180342857100002,4.335908570994151e-05,1
121,1772846771836,3.559474286000085e-05,-0.00021180342857100002,4.335908570994151e-05,1
122,1772846771839,3.559474286000085e-05,-0.00021180342857100002,4.335908570994151e-05,1
123,1772846771842,3.169474285999972e-05,-0.00012600342857100002,0.000152559085709973,1
124,1772846771845,3.169474285999972e-05,-0.00012600342857100002,0.000152559085709973,1
0,1772846771892,-0.0002062052571399995,-0.000184503428571,0.00046455908570995196,1
1,1772846771894,-0.0002062052571399995,-0.000184503428571,0.00046455908570995196,1
2,1772846771901,-0.00019840525713999899,-0.00014940342857100002,1.6059085709989145e-05,1
3,1772846771960,-4.24052571399991e-05,2.6965714289999866e-06,0.0001681590857099775,1
4,1772846771963,-3.070525713999919e-05,-8.700342857100003e-05,0.0001486590857100274,1
5,1772846771966,-3.070525713999919e-05,-8.700342857100003e-05,0.0001486590857100274,1
6,1772846771968,-0.00019840525713999899,-0.000231303428571,0.0005191590857099677,1
7,1772846771971,-0.00019840525713999899,-0.000231303428571,0.0005191590857099677,1
8,1772846771974,-0.00019840525713999899,-0.000231303428571,0.0005191590857099677,1
9,1772846771976,-0.00014380525713999885,-5.10342857100004e-06,0.00024225908570994336,1
10,1772846771979,-0.00014380525713999885,-5.10342857100004e-06,0.00024225908570994336,1
11,1772846771982,-0.00014380525713999885,-5.10342857100004e-06,0.00024225908570994336,1
12,1772846771985,-8.140525713999994e-05,-0.00012990342857100004,0.00038655908570992947,1
13,1772846771987,-8.140525713999994e-05,-0.00012990342857100004,0.00038655908570992947,1
14,1772846771990,-8.140525713999994e-05,-0.00012990342857100004,0.00038655908570992947,1
15,1772846771993,-0.00010090525713999862,5.339657142899997e-05,0.00033195908571002474,1
16,1772846771996,-0.00010090525713999862,5.339657142899997e-05,0.00033195908571002474,1
17,1772846771998,-0.00010090525713999862,5.339657142899997e-05,0.00033195908571002474,1
18,1772846772001,1.6094742860000427e-05,8.849657142899996e-05,3.945908570999589e-05,1
19,1772846772004,1.6094742860000427e-05,8.849657142899996e-05,3.945908570999589e-05,1
20,1772846772006,1.6094742860000427e-05,8.849657142899996e-05,3.945908570999589e-05,1
21,1772846772009,5.509474286000127e-05,-5.10342857100004e-06,0.0004567590857099497,1
22,1772846772012,5.509474286000127e-05,-5.10342857100004e-06,0.0004567590857099497,1
23,1772846772015,5.509474286000127e-05,-5.10342857100004e-06,0.0004567590857099497,1
24,1772846772017,2.3894742860000942e-05,0.00012359657142899994,0.00025785908570994786,1
25,1772846772020,2.3894742860000942e-05,0.00012359657142899994,0.00025785908570994786,1
26,1772846772023,2.3894742860000942e-05,0.00012359657142899994,0.00025785908570994786,1
27,1772846772026,3.169474285999972e-05,0.00020549657142899993,5.505908571000039e-05,1
28,1772846772028,3.169474285999972e-05,0.00020549657142899993,5.505908571000039e-05,1
29,1772846772031,3.169474285999972e-05,0.00020549657142899993,5.505908571000039e-05,1
30,1772846772034,-6.190525713999952e-05,0.00011969657142899996,0.00011745908571001839,1
31,1772846772037,-6.190525713999952e-05,0.00011969657142899996,0.00011745908571001839,1
32,1772846772039,-6.190525713999952e-05,0.00011969657142899996,0.00011745908571001839,1
33,1772846772042,-4.630525714000022e-05,-3.2403428571000053e-05,0.00033195908571002474,1
34,1772846772045,-4.630525714000022e-05,-3.2403428571000053e-05,0.00033195908571002474,1
35,1772846772048,-4.630525714000022e-05,-1.6803428571e-05,0.0003787590857099272,1
36,1772846772051,0.00024229474285999975,-1.6803428571e-05,0.0003787590857099272,1
37,1772846772054,0.00024229474285999975,-1.6803428571e-05,0.0003787590857099272,1
38,1772846772057,0.0001525947428599999,-0.000137703428571,0.00038265908570998385,1
39,1772846772059,0.0001525947428599999,-0.000137703428571,0.00038265908570998385,1
40,1772846772062,0.0001525947428599999,-0.000137703428571,0.00038265908570998385,1
41,1772846772065,-6.190525713999952e-05,-5.10342857100004e-06,0.0003748590857099816,1
42,1772846772068,-6.190525713999952e-05,-5.10342857100004e-06,0.0003748590857099816,1
43,1772846772070,-6.190525713999952e-05,-5.10342857100004e-06,0.0003748590857099816,1
44,1772846772073,4.729474286000075e-05,-7.530342857100001e-05,0.00030075908571001574,1
45,1772846772076,4.729474286000075e-05,-7.530342857100001e-05,0.00030075908571001574,1
46,1772846772079,4.729474286000075e-05,-7.530342857100001e-05,0.00030075908571001574,1
47,1772846772081,7.069474286000056e-05,-5.10342857100004e-06,0.00012915908570996625,1
48,1772846772084,7.069474286000056e-05,-5.10342857100004e-06,0.00012915908570996625,1
49,1772846772087,7.069474286000056e-05,-5.10342857100004e-06,0.00012915908570996625,1
50,1772846772090,9.019474286000098e-05,4.9496571428999986e-05,0.00025395908571000225,1
51,1772846772092,9.019474286000098e-05,4.9496571428999986e-05,0.00025395908571000225,1
52,1772846772095,9.019474286000098e-05,4.9496571428999986e-05,0.00025395908571000225,1
53,1772846772098,-1.9005257139999288e-05,-2.4603428571000026e-05,2.7759085709937008e-05,1
54,1772846772101,-1.9005257139999288e-05,-2.4603428571000026e-05,2.7759085709937008e-05,1
55,1772846772104,3.169474285999972e-05,6.119657142899994e-05,7.065908571000489e-05,1
56,1772846772107,3.169474285999972e-05,6.119657142899994e-05,7.065908571000489e-05,1
57,1772846772109,3.169474285999972e-05,6.119657142899994e-05,7.065908571000489e-05,1
58,1772846772112,-2.6805257139999802e-05,2.9996571428999945e-05,0.00046455908570995196,1
59,1772846772115,-2.6805257139999802e-05,2.9996571428999945e-05,0.00046455908570995196,1
60,1772846772117,-2.6805257139999802e-05,2.9996571428999945e-05,0.00046455908570995196,1
61,1772846772120,4.339474286000136e-05,-2.070342857100004e-05,2.3859085709991394e-05,1
62,1772846772123,4.339474286000136e-05,-2.070342857100004e-05,2.3859085709991394e-05,1
63,1772846772126,4.339474286000136e-05,-2.070342857100004e-05,2.3859085709991394e-05,1
64,1772846772128,4.947428600011322e-07,-8.700342857100003e-05,0.00023835908570999775,1
65,1772846772131,4.947428600011322e-07,-8.700342857100003e-05,0.00023835908570999775,1
66,1772846772134,4.947428600011322e-07,-8.700342857100003e-05,0.00023835908570999775,1
67,1772846772136,-0.00011260525714000026,2.2196571428999973e-05,9.795908570995725e-05,1
68,1772846772139,-0.00011260525714000026,2.2196571428999973e-05,9.795908570995725e-05,1
69,1772846772142,-0.00011260525714000026,2.2196571428999973e-05,9.795908570995725e-05,1
70,1772846772145,-1.1205257139998773e-05,6.596571428999973e-06,0.00010185908571001389,1
71,1772846772147,-1.1205257139998773e-05,6.596571428999973e-06,0.00010185908571001389,1
72,1772846772150,-1.1205257139998773e-05,6.596571428999973e-06,0.00010185908571001389,1
73,1772846772153,-4.630525714000022e-05,0.00013139657142899997,4.5908570998464543e-07,1
74,1772846772156,-4.630525714000022e-05,0.00013139657142899997,4.5908570998464543e-07,1
75,1772846772158,-4.630525714000022e-05,0.00013139657142899997,4.5908570998464543e-07,1
76,1772846772161,-8.140525713999994e-05,4.169657142899996e-05,0.0002032590857099321,1
77,1772846772164,-8.140525713999994e-05,4.169657142899996e-05,0.0002032590857099321,1
78,1772846772166,-8.140525713999994e-05,4.169657142899996e-05,0.0002032590857099321,1
79,1772846772169,9.799474285999976e-05,0.00011189657142899998,0.00022665908570993886,1
80,1772846772172,9.799474285999976e-05,0.00011189657142899998,0.00022665908570993886,1
81,1772846772175,9.799474285999976e-05,0.00011189657142899998,0.00022665908570993886,1
82,1772846772177,0.0001759947428599997,6.509657142899999e-05,0.00026955908571000674,1
83,1772846772180,0.0001759947428599997,6.509657142899999e-05,0.00026955908571000674,1
84,1772846772183,0.0001759947428599997,6.509657142899999e-05,0.00026955908571000674,1
85,1772846772185,0.0001330947428600012,0.00016649657142899996,0.0001057590857099595,1
86,1772846772188,0.0001330947428600012,0.00016649657142899996,0.0001057590857099595,1
87,1772846772191,0.0001330947428600012,0.00016649657142899996,0.00024615908571,1
88,1772846772194,0.00015649474286000102,0.00011189657142899998,0.00024615908571,1
89,1772846772196,0.00015649474286000102,0.00011189657142899998,0.00024615908571,1
90,1772846772199,0.00015649474286000102,-5.10342857100004e-06,0.00036315908571003374,1
91,1772846772202,0.00012919474286000009,-5.10342857100004e-06,0.00036315908571003374,1
92,1772846772205,0.00012919474286000009,-5.10342857100004e-06,0.00036315908571003374,1
93,1772846772208,4.729474286000075e-05,0.00011969657142899996,0.00036315908571003374,1
94,1772846772210,4.729474286000075e-05,0.00011969657142899996,0.00036315908571003374,1
95,1772846772213,4.729474286000075e-05,0.00011969657142899996,0.00036315908571003374,1
96,1772846772216,-3.4052571399999926e-06,6.509657142899999e-05,0.0004840590857100131,1
97,1772846772219,-3.4052571399999926e-06,6.509657142899999e-05,0.0004840590857100131,1
98,1772846772222,-3.4052571399999926e-06,6.509657142899999e-05,0.0004840590857100131,1
99,1772846772225,3.559474286000085e-05,6.509657142899999e-05,-7.364091428998121e-05,1
100,1772846772227,3.559474286000085e-05,6.509657142899999e-05,-7.364091428998121e-05,1
101,1772846772230,3.559474286000085e-05,6.509657142899999e-05,-7.364091428998121e-05,1
102,1772846772234,8.294742859999912e-06,0.00019379657142900002,0.0003553590857100315,1
103,1772846772236,8.294742859999912e-06,0.00019379657142900002,0.0003553590857100315,1
104,1772846772239,8.294742859999912e-06,-9.090342857100001e-05,0.00040215908570993397,1
105,1772846772242,-0.0001789052571400003,-9.090342857100001e-05,0.00040215908570993397,1
106,1772846772245,-0.0001789052571400003,-9.090342857100001e-05,0.00040215908570993397,1
107,1772846772247,-3.070525713999919e-05,0.000283496571429,0.00036315908571003374,1
108,1772846772250,-3.070525713999919e-05,0.000283496571429,0.00036315908571003374,1
109,1772846772253,-3.070525713999919e-05,0.000283496571429,0.00036315908571003374,1
110,1772846772256,4.394742860000522e-06,9.239657142899994e-05,0.0004255590857099407,1
111,1772846772258,4.394742860000522e-06,9.239657142899994e-05,0.0004255590857099407,1
112,1772846772261,4.394742860000522e-06,9.239657142899994e-05,0.0004255590857099407,1
113,1772846772264,-3.850525713999971e-05,-0.00011430342857100004,-8.53409142900401e-05,1
114,1772846772266,-3.850525713999971e-05,-0.00011430342857100004,-8.53409142900401e-05,1
115,1772846772269,-3.850525713999971e-05,-0.00011430342857100004,-8.53409142900401e-05,1
116,1772846772272,0.0001369947428600006,-9.870342857100004e-05,-5.41409142900311e-05,1
117,1772846772275,0.0001369947428600006,-9.870342857100004e-05,-5.41409142900311e-05,1
118,1772846772277,0.0001369947428600006,-9.870342857100004e-05,-5.41409142900311e-05,1
119,1772846772280,-3.070525713999919e-05,2.6965714289999866e-06,0.0004372590857099996,1
120,1772846772283,-3.070525713999919e-05,2.6965714289999866e-06,0.0004372590857099996,1
121,1772846772285,-3.070525713999919e-05,2.6965714289999866e-06,0.0004372590857099996,1
122,1772846772288,-8.140525713999994e-05,2.2196571428999973e-05,0.0006244590857099426,1
123,1772846772291,-8.140525713999994e-05,2.2196571428999973e-05,0.0006244590857099426,1
124,1772846772294,-8.140525713999994e-05,2.2196571428999973e-05,0.0006244590857099426,1
0,1772846772335,-2.2905257139998678e-05,-0.00014160342857100002,0.0002500590857099456,1
1,1772846772398,-2.2905257139998678e-05,-0.00014160342857100002,0.0002500590857099456,1
2,1772846772403,-8.920525713999872e-05,0.000564296571429,0.0010105590857099984,1
3,1772846772406,-8.920525713999872e-05,0.000564296571429,0.0010105590857099984,1
4,1772846772408,-0.0002530052571399991,-0.000512103428571,0.0008818590857100168,1
5,1772846772411,-0.0002530052571399991,-0.000512103428571,0.0008818590857100168,1
6,1772846772414,-0.0002530052571399991,-0.000512103428571,0.0008818590857100168,1
7,1772846772417,-2.2905257139998678e-05,-0.000289803428571,-4.634091429002885e-05,1
8,1772846772419,-2.2905257139998678e-05,-0.000289803428571,-4.634091429002885e-05,1
9,1772846772422,-2.2905257139998678e-05,-0.000289803428571,-2.2940914290022103e-05,1
10,1772846772425,8.239474286000047e-05,0.00011189657142899998,-2.2940914290022103e-05,1
11,1772846772427,8.239474286000047e-05,0.00011189657142899998,-2.2940914290022103e-05,1
12,1772846772430,8.239474286000047e-05,0.00011189657142899998,0.0005152590857100221,1
13,1772846772433,0.00014089474286,0.000182096571429,0.0005152590857100221,1
14,1772846772436,0.00014089474286,0.000182096571429,0.0005152590857100221,1
15,1772846772439,4.729474286000075e-05,-0.00018840342857100002,0.00030465908570996136,1
16,1772846772442,4.729474286000075e-05,-0.00018840342857100002,0.00030465908570996136,1
17,1772846772445,4.729474286000075e-05,-0.00018840342857100002,0.00030465908570996136,1
18,1772846772447,-0.00027250525713999954,-8.700342857100003e-05,7.065908571000489e-05,1
19,1772846772450,-0.00027250525713999954,-8.700342857100003e-05,7.065908571000489e-05,1
20,1772846772453,-0.00027250525713999954,-8.700342857100003e-05,7.065908571000489e-05,1
21,1772846772456,4.729474286000075e-05,-5.190342857100004e-05,0.0002968590857099591,1
22,1772846772459,4.729474286000075e-05,-5.190342857100004e-05,0.0002968590857099591,1
23,1772846772462,4.729474286000075e-05,-5.190342857100004e-05,0.0002968590857099591,1
24,1772846772465,8.294742859999912e-06,-9.480342857100005e-05,0.00021105908570993436,1
25,1772846772467,8.294742859999912e-06,-9.480342857100005e-05,0.00021105908570993436,1
26,1772846772470,8.294742859999912e-06,-9.480342857100005e-05,0.0004255590857099407,1
27,1772846772473,-6.190525713999952e-05,6.596571428999973e-06,0.0004255590857099407,1
28,1772846772475,-6.190525713999952e-05,6.596571428999973e-06,0.0004255590857099407,1
29,1772846772478,-6.190525713999952e-05,-5.190342857100004e-05,0.000183759085709982,1
30,1772846772481,8.629474285999986e-05,-5.190342857100004e-05,0.000183759085709982,1
31,1772846772484,8.629474285999986e-05,-5.190342857100004e-05,0.000183759085709982,1
32,1772846772487,3.559474286000085e-05,-8.700342857100003e-05,-3.4640914289969967e-05,1
33,1772846772489,3.559474286000085e-05,-8.700342857100003e-05,-3.4640914289969967e-05,1
34,1772846772492,3.559474286000085e-05,-8.700342857100003e-05,-3.4640914289969967e-05,1
35,1772846772495,0.0001525947428599999,2.9996571428999945e-05,5.505908571000039e-05,1
36,1772846772498,0.0001525947428599999,2.9996571428999945e-05,5.505908571000039e-05,1
37,1772846772501,0.0001525947428599999,2.9996571428999945e-05,5.505908571000039e-05,1
38,1772846772504,4.729474286000075e-05,-0.00025080342857100005,-0.00015554091429006035,1
39,1772846772506,4.729474286000075e-05,-0.00025080342857100005,-0.00015554091429006035,1
40,1772846772509,4.729474286000075e-05,-0.00025080342857100005,-0.00015554091429006035,1
41,1772846772512,-0.0002023052571400001,6.596571428999973e-06,0.0001681590857099775,1
42,1772846772515,-0.0002023052571400001,6.596571428999973e-06,0.0001681590857099775,1
43,1772846772518,-0.0002023052571400001,6.596571428999973e-06,0.0003553590857100315,1
44,1772846772520,-0.00025690525714000025,0.00013139657142899997,0.0003553590857100315,1
45,1772846772523,-0.00025690525714000025,0.00013139657142899997,0.0003553590857100315,1
46,1772846772526,-0.00025690525714000025,0.00034199657142899994,0.00028905908570995686,1
47,1772846772529,4.947428600011322e-07,0.00034199657142899994,0.00028905908570995686,1
48,1772846772531,4.947428600011322e-07,0.00034199657142899994,0.00028905908570995686,1
49,1772846772534,-3.460525713999858e-05,6.119657142899994e-05,8.625908571000939e-05,1
50,1772846772537,-3.460525713999858e-05,6.119657142899994e-05,8.625908571000939e-05,1
51,1772846772540,-3.460525713999858e-05,6.119657142899994e-05,8.625908571000939e-05,1
52,1772846772543,-7.360525713999942e-05,2.6965714289999866e-06,-0.00011264091428999246,1
53,1772846772546,-7.360525713999942e-05,2.6965714289999866e-06,-0.00011264091428999246,1
54,1772846772549,-7.360525713999942e-05,2.6965714289999866e-06,-0.00011264091428999246,1
55,1772846772551,-6.580525713999891e-05,5.729657142899996e-05,0.00017595908570997975,1
56,1772846772554,-6.580525713999891e-05,5.729657142899996e-05,0.00017595908570997975,1
57,1772846772557,-6.580525713999891e-05,5.729657142899996e-05,0.00017595908570997975,1
58,1772846772559,-0.0001789052571400003,2.609657142899996e-05,0.00022275908570999325,1
59,1772846772562,-0.0001789052571400003,2.609657142899996e-05,0.00022275908570999325,1
60,1772846772565,-0.0001789052571400003,2.609657142899996e-05,0.00022275908570999325,1
61,1772846772568,-4.24052571399991e-05,-3.2403428571000053e-05,0.00010185908571001389,1
62,1772846772570,-4.24052571399991e-05,-3.2403428571000053e-05,0.00010185908571001389,1
63,1772846772573,-4.24052571399991e-05,-3.2403428571000053e-05,0.00010185908571001389,1
64,1772846772576,0.0001213947428600013,1.8296571428999986e-05,0.00014085908571002514,1
65,1772846772579,0.0001213947428600013,1.8296571428999986e-05,0.00014085908571002514,1
66,1772846772581,0.0001213947428600013,1.8296571428999986e-05,0.00014085908571002514,1
67,1772846772584,-5.4105257139999e-05,-5.5803428571000026e-05,0.0002656590857099501,1
68,1772846772587,-5.4105257139999e-05,-5.5803428571000026e-05,0.0002656590857099501,1
69,1772846772589,-5.4105257139999e-05,-5.5803428571000026e-05,7.45590857099505e-05,1
70,1772846772592,-6.190525713999952e-05,-9.003428571000027e-06,7.45590857099505e-05,1
71,1772846772595,-6.190525713999952e-05,-9.003428571000027e-06,7.45590857099505e-05,1
72,1772846772598,-6.190525713999952e-05,4.169657142899996e-05,0.00017595908570997975,1
73,1772846772600,5.119474286000014e-05,4.169657142899996e-05,0.00017595908570997975,1
74,1772846772603,5.119474286000014e-05,4.169657142899996e-05,0.00017595908570997975,1
75,1772846772606,7.459474285999995e-05,-1.6803428571e-05,4.335908570994151e-05,1
76,1772846772609,7.459474285999995e-05,-1.6803428571e-05,4.335908570994151e-05,1
77,1772846772612,7.459474285999995e-05,-1.6803428571e-05,4.335908570994151e-05,1
78,1772846772615,3.559474286000085e-05,2.609657142899996e-05,0.00014085908571002514,1
79,1772846772618,3.559474286000085e-05,2.609657142899996e-05,0.00014085908571002514,1
80,1772846772620,3.559474286000085e-05,2.609657142899996e-05,0.00014085908571002514,1
81,1772846772623,4.394742860000522e-06,-0.00011820342857100002,0.00025395908571000225,1
82,1772846772626,4.394742860000522e-06,-0.00011820342857100002,0.00025395908571000225,1
83,1772846772629,4.394742860000522e-06,-0.00011820342857100002,0.00025395908571000225,1
84,1772846772631,-1.1205257139998773e-05,-5.5803428571000026e-05,0.0001369590857099685,1
85,1772846772634,-1.1205257139998773e-05,-5.5803428571000026e-05,0.0001369590857099685,1
86,1772846772637,-1.1205257139998773e-05,-5.5803428571000026e-05,0.0001369590857099685,1
87,1772846772640,-2.2905257139998678e-05,7.6796571429e-05,0.00015645908571002964,1
88,1772846772643,-2.2905257139998678e-05,7.6796571429e-05,0.00015645908571002964,1
89,1772846772646,-3.460525713999858e-05,-3.2403428571000053e-05,0.00015645908571002964,1
90,1772846772649,-3.460525713999858e-05,-3.2403428571000053e-05,0.00015645908571002964,1
91,1772846772652,-3.460525713999858e-05,-3.2403428571000053e-05,0.00015645908571002964,1
92,1772846772654,-7.305257139999383e-06,-5.970342857100001e-05,0.00012915908570996625,1
93,1772846772657,-7.305257139999383e-06,-5.970342857100001e-05,0.00012915908570996625,1
94,1772846772660,-7.305257139999383e-06,-5.970342857100001e-05,0.00012915908570996625,1
95,1772846772663,-3.460525713999858e-05,0.00012359657142899994,7.065908571000489e-05,1
96,1772846772665,-3.460525713999858e-05,0.00012359657142899994,7.065908571000489e-05,1
97,1772846772668,-3.460525713999858e-05,0.00012359657142899994,7.065908571000489e-05,1
98,1772846772671,-6.190525713999952e-05,0.00016649657142899996,0.00024225908570994336,1
99,1772846772673,-6.190525713999952e-05,0.00016649657142899996,0.00024225908570994336,1
100,1772846772676,-6.190525713999952e-05,0.00016649657142899996,0.00024225908570994336,1
101,1772846772679,-0.00013600525714000007,-4.0203428571000026e-05,0.0002032590857099321,1
102,1772846772682,-0.00013600525714000007,-4.0203428571000026e-05,0.0002032590857099321,1
103,1772846772684,-0.00013600525714000007,-4.0203428571000026e-05,0.0002032590857099321,1
104,1772846772687,-5.020525713999961e-05,6.509657142899999e-05,0.0002968590857099591,1
105,1772846772690,-5.020525713999961e-05,6.509657142899999e-05,0.0002968590857099591,1
106,1772846772693,-5.020525713999961e-05,6.509657142899999e-05,0.0002968590857099591,1
107,1772846772696,-0.00019840525713999899,-9.090342857100001e-05,0.00022665908570993886,1
108,1772846772699,-0.00019840525713999899,-9.090342857100001e-05,0.00022665908570993886,1
109,1772846772702,-7.750525713999881e-05,4.169657142899996e-05,4.335908570994151e-05,1
110,1772846772704,-7.750525713999881e-05,4.169657142899996e-05,4.335908570994151e-05,1
111,1772846772707,-7.750525713999881e-05,4.169657142899996e-05,4.335908570994151e-05,1
112,1772846772710,-1.9005257139999288e-05,-9.870342857100004e-05,0.0003241590857100225,1
113,1772846772713,-1.9005257139999288e-05,-9.870342857100004e-05,0.0003241590857100225,1
114,1772846772715,-1.9005257139999288e-05,-9.870342857100004e-05,0.0003241590857100225,1
115,1772846772718,-1.9005257139999288e-05,-6.360342857100005e-05,0.0003787590857099272,1
116,1772846772721,-1.9005257139999288e-05,-6.360342857100005e-05,0.0003787590857099272,1
117,1772846772724,-1.9005257139999288e-05,-6.360342857100005e-05,0.0003787590857099272,1
118,1772846772727,4.394742860000522e-06,-5.190342857100004e-05,0.0002617590857100045,1
119,1772846772729,4.394742860000522e-06,-5.190342857100004e-05,0.0002617590857100045,1
120,1772846772733,4.394742860000522e-06,-5.190342857100004e-05,0.0002617590857100045,1
121,1772846772735,-0.00011260525714000026,0.00015869657142899998,0.00025785908570994786,1
122,1772846772738,-0.00011260525714000026,0.00015869657142899998,0.00025785908570994786,1
123,1772846772741,-0.00011260525714000026,0.00015869657142899998,0.00025785908570994786,1
124,1772846772744,-3.850525713999971e-05,5.729657142899996e-05,0.00022665908570993886,1
0,1772846772791,-0.00014770525713999998,-5.5803428571000026e-05,0.0005191590857099677,1
1,1772846772802,-0.00014770525713999998,-5.5803428571000026e-05,0.0005191590857099677,1
2,1772846772853,9.019474286000098e-05,6.509657142899999e-05,0.0002500590857099456,1
3,1772846772856,3.949474286000024e-05,0.000107996571429,0.0002500590857099456,1
4,1772846772859,3.949474286000024e-05,0.000107996571429,0.0002500590857099456,1
5,1772846772862,0.00012919474286000009,8.069657142899999e-05,0.00039825908570998835,1
6,1772846772864,0.00012919474286000009,8.069657142899999e-05,0.00039825908570998835,1
7,1772846772867,0.00012919474286000009,8.069657142899999e-05,0.00039825908570998835,1
8,1772846772870,0.00012919474286000009,5.729657142899996e-05,0.0004099590857099362,1
9,1772846772873,0.00012919474286000009,5.729657142899996e-05,0.0004099590857099362,1
10,1772846772875,0.00012919474286000009,5.729657142899996e-05,0.0004099590857099362,1
11,1772846772878,-0.00010480525713999975,0.00016259657142899992,0.0005542590857100333,1
12,1772846772881,-0.00010480525713999975,0.00016259657142899992,0.0005542590857100333,1
13,1772846772883,-0.00010480525713999975,0.00016259657142899992,0.0005542590857100333,1
14,1772846772886,-2.2905257139998678e-05,-5.190342857100004e-05,0.00046455908570995196,1
15,1772846772889,-2.2905257139998678e-05,-5.190342857100004e-05,0.00046455908570995196,1
16,1772846772892,-2.2905257139998678e-05,-5.190342857100004e-05,0.00046455908570995196,1
17,1772846772894,-2.2905257139998678e-05,4.169657142899996e-05,0.00017985908571003639,1
18,1772846772897,-2.2905257139998678e-05,4.169657142899996e-05,0.00017985908571003639,1
19,1772846772900,-2.2905257139998678e-05,4.169657142899996e-05,0.00017985908571003639,1
20,1772846772903,-0.00016720525713999866,7.289657142899996e-05,7.065908571000489e-05,1
21,1772846772905,-0.00016720525713999866,7.289657142899996e-05,7.065908571000489e-05,1
22,1772846772908,-0.00016720525713999866,7.289657142899996e-05,7.065908571000489e-05,1
23,1772846772911,7.849474286000108e-05,-5.190342857100004e-05,9.795908570995725e-05,1
24,1772846772914,7.849474286000108e-05,-5.190342857100004e-05,9.795908570995725e-05,1
25,1772846772916,7.849474286000108e-05,-5.190342857100004e-05,-1.9040914289965467e-05,1
26,1772846772919,-6.190525713999952e-05,-5.970342857100001e-05,-1.9040914289965467e-05,1
27,1772846772922,-6.190525713999952e-05,-5.970342857100001e-05,-1.9040914289965467e-05,1
28,1772846772924,-6.190525713999952e-05,-5.970342857100001e-05,0.0001057590857099595,1
29,1772846772927,-0.00011650525713999965,0.000170396571429,0.0001057590857099595,1
30,1772846772930,-0.00011650525713999965,0.000170396571429,0.0001057590857099595,1
31,1772846772933,-0.00011650525713999965,-7.530342857100001e-05,0.0002344590857099411,1
32,1772846772935,4.394742860000522e-06,-7.530342857100001e-05,0.0002344590857099411,1
33,1772846772938,4.394742860000522e-06,-7.530342857100001e-05,0.0002344590857099411,1
34,1772846772941,-3.070525713999919e-05,1.049657142899996e-05,0.0003436590857099726,1
35,1772846772944,-3.070525713999919e-05,1.049657142899996e-05,0.0003436590857099726,1
36,1772846772946,-3.070525713999919e-05,1.049657142899996e-05,0.0003436590857099726,1
37,1772846772950,1.6094742860000427e-05,6.119657142899994e-05,0.0002188590857099366,1
38,1772846772952,1.6094742860000427e-05,6.119657142899994e-05,0.0002188590857099366,1
39,1772846772955,1.6094742860000427e-05,6.119657142899994e-05,0.0002188590857099366,1
40,1772846772958,-0.00014380525713999885,1.049657142899996e-05,0.0001876590857099276,1
41,1772846772961,-0.00014380525713999885,1.049657142899996e-05,0.0001876590857099276,1
42,1772846772964,-0.00014380525713999885,1.049657142899996e-05,0.0001876590857099276,1
43,1772846772966,-0.0002062052571399995,-1.2903428571000013e-05,0.00032025908570996586,1
44,1772846772969,-0.0002062052571399995,-1.2903428571000013e-05,0.00032025908570996586,1
45,1772846772972,-0.0002062052571399995,-1.2903428571000013e-05,0.00032025908570996586,1
46,1772846772975,-0.0002062052571399995,5.339657142899997e-05,0.00046455908570995196,1
47,1772846772977,-0.0002062052571399995,5.339657142899997e-05,0.00046455908570995196,1
48,1772846772981,-0.0002062052571399995,5.339657142899997e-05,0.0003787590857099272,1
49,1772846772983,-2.2905257139998678e-05,8.459657142899997e-05,0.0003787590857099272,1
50,1772846772986,-2.2905257139998678e-05,8.459657142899997e-05,0.0003787590857099272,1
51,1772846772989,-0.00014380525713999885,-1.6803428571e-05,0.00026955908571000674,1
52,1772846772992,-0.00014380525713999885,-1.6803428571e-05,0.00026955908571000674,1
53,1772846772994,-0.00014380525713999885,-1.6803428571e-05,0.00026955908571000674,1
54,1772846772997,5.899474286000066e-05,-1.6803428571e-05,0.00019155908570998425,1
55,1772846773000,5.899474286000066e-05,-1.6803428571e-05,0.00019155908570998425,1
56,1772846773003,5.899474286000066e-05,-1.6803428571e-05,0.00019155908570998425,1
57,1772846773005,7.069474286000056e-05,0.00013529657142899996,0.0004060590857099906,1
58,1772846773008,7.069474286000056e-05,0.00013529657142899996,0.0004060590857099906,1
59,1772846773011,7.069474286000056e-05,0.00013529657142899996,0.0004060590857099906,1
60,1772846773014,-0.00017500525713999918,6.596571428999973e-06,0.00025395908571000225,1
61,1772846773016,-0.00017500525713999918,6.596571428999973e-06,0.00025395908571000225,1
62,1772846773019,-0.00017500525713999918,6.596571428999973e-06,0.00025395908571000225,1
63,1772846773022,2.3894742860000942e-05,7.6796571429e-05,0.00033585908570997035,1
64,1772846773025,2.3894742860000942e-05,7.6796571429e-05,0.00033585908570997035,1
65,1772846773027,2.3894742860000942e-05,7.6796571429e-05,0.00033585908570997035,1
66,1772846773030,-1.5105257139999897e-05,0.00016649657142899996,0.0005308590857100266,1
67,1772846773034,-1.5105257139999897e-05,0.00016649657142899996,0.0005308590857100266,1
68,1772846773036,-1.5105257139999897e-05,8.459657142899997e-05,0.0003280590857099681,1
69,1772846773039,-0.00012040525713999904,8.459657142899997e-05,0.0003280590857099681,1
70,1772846773042,-0.00012040525713999904,8.459657142899997e-05,0.0003280590857099681,1
71,1772846773045,-1.1205257139998773e-05,2.6965714289999866e-06,0.0001642590857100319,1
72,1772846773047,-1.1205257139998773e-05,2.6965714289999866e-06,0.0001642590857100319,1
73,1772846773050,-1.1205257139998773e-05,2.6965714289999866e-06,0.0001642590857100319,1
74,1772846773053,1.6094742860000427e-05,2.6965714289999866e-06,0.000121359085709964,1
75,1772846773056,1.6094742860000427e-05,2.6965714289999866e-06,0.000121359085709964,1
76,1772846773059,1.6094742860000427e-05,2.6965714289999866e-06,0.000121359085709964,1
77,1772846773062,-1.5105257139999897e-05,2.609657142899996e-05,0.00017595908570997975,1
78,1772846773065,-1.5105257139999897e-05,2.609657142899996e-05,0.00017595908570997975,1
79,1772846773067,-1.5105257139999897e-05,2.609657142899996e-05,0.00017595908570997975,1
80,1772846773070,-2.2905257139998678e-05,0.00011969657142899996,-6.97409142900356e-05,1
81,1772846773073,-2.2905257139998678e-05,0.00011969657142899996,-6.97409142900356e-05,1
82,1772846773075,-2.2905257139998678e-05,0.00011969657142899996,-6.97409142900356e-05,1
83,1772846773078,-0.0002062052571399995,-0.00011040342857100002,0.0003592590857099771,1
84,1772846773081,-0.0002062052571399995,-0.00011040342857100002,0.0003592590857099771,1
85,1772846773084,-0.0002062052571399995,-0.00011040342857100002,9.405908571001164e-05,1
86,1772846773086,-2.6805257139999802e-05,4.169657142899996e-05,9.405908571001164e-05,1
87,1772846773089,-2.6805257139999802e-05,4.169657142899996e-05,9.405908571001164e-05,1
88,1772846773092,-2.6805257139999802e-05,-0.00012990342857100004,0.00028515908571001124,1
89,1772846773095,-6.580525713999891e-05,-0.00012990342857100004,0.00028515908571001124,1
90,1772846773098,-6.580525713999891e-05,-0.00012990342857100004,0.00028515908571001124,1
91,1772846773101,-1.1205257139998773e-05,-7.9203428571e-05,0.00031635908571002024,1
92,1772846773104,-1.1205257139998773e-05,-7.9203428571e-05,0.00031635908571002024,1
93,1772846773106,-1.1205257139998773e-05,-7.9203428571e-05,0.00031635908571002024,1
94,1772846773109,0.0001213947428600013,-4.410342857100001e-05,0.00022275908570999325,1
95,1772846773112,0.0001213947428600013,-4.410342857100001e-05,0.00022275908570999325,1
96,1772846773115,0.0001213947428600013,-4.410342857100001e-05,0.00022275908570999325,1
97,1772846773117,7.849474286000108e-05,-3.2403428571000053e-05,0.00017985908571003639,1
98,1772846773120,7.849474286000108e-05,-3.2403428571000053e-05,0.00017985908571003639,1
99,1772846773123,7.849474286000108e-05,-3.2403428571000053e-05,0.00017985908571003639,1
100,1772846773126,-6.190525713999952e-05,6.596571428999973e-06,0.0002344590857099411,1
101,1772846773128,-6.190525713999952e-05,6.596571428999973e-06,0.0002344590857099411,1
102,1772846773131,-6.190525713999952e-05,6.596571428999973e-06,0.0002344590857099411,1
103,1772846773134,-1.9005257139999288e-05,9.629657142899998e-05,0.0002305590857099955,1
104,1772846773136,-1.9005257139999288e-05,9.629657142899998e-05,0.0002305590857099955,1
105,1772846773139,-1.9005257139999288e-05,9.629657142899998e-05,0.0002305590857099955,1
106,1772846773142,9.799474285999976e-05,-0.00011430342857100004,0.00020715908570998875,1
107,1772846773145,9.799474285999976e-05,-0.00011430342857100004,0.00020715908570998875,1
108,1772846773147,9.799474285999976e-05,-0.00011430342857100004,0.00020715908570998875,1
109,1772846773150,-1.9005257139999288e-05,-1.2903428571000013e-05,0.0004723590857099542,1
110,1772846773153,-1.9005257139999288e-05,-1.2903428571000013e-05,0.0004723590857099542,1
111,1772846773156,-1.9005257139999288e-05,-1.2903428571000013e-05,0.00011745908571001839,1
112,1772846773158,2.7794742860000332e-05,6.596571428999973e-06,0.00011745908571001839,1
113,1772846773161,2.7794742860000332e-05,6.596571428999973e-06,0.00011745908571001839,1
114,1772846773164,2.7794742860000332e-05,-2.8503428571000013e-05,0.00025785908570994786,1
115,1772846773166,-2.6805257139999802e-05,-2.8503428571000013e-05,0.00025785908570994786,1
116,1772846773169,-2.6805257139999802e-05,-2.8503428571000013e-05,0.00025785908570994786,1
117,1772846773172,-2.6805257139999802e-05,-4.0203428571000026e-05,0.00022275908570999325,1
118,1772846773175,-1.5105257139999897e-05,-4.0203428571000026e-05,0.00022275908570999325,1
119,1772846773177,-1.5105257139999897e-05,-4.0203428571000026e-05,0.00022275908570999325,1
120,1772846773180,7.069474286000056e-05,0.00016259657142899992,0.000183759085709982,1
121,1772846773183,7.069474286000056e-05,0.00016259657142899992,0.000183759085709982,1
122,1772846773185,7.069474286000056e-05,0.00016259657142899992,0.000183759085709982,1
123,1772846773188,1.2194742860001037e-05,1.4396571429e-05,0.00019545908570992986,1
124,1772846773191,1.2194742860001037e-05,1.4396571429e-05,0.00019545908570992986,1
0,1772846773236,6.679474286000117e-05,-0.00017280342857100002,0.0002344590857099411,1
1,1772846773301,6.679474286000117e-05,-0.00017280342857100002,0.0002344590857099411,1
2,1772846773304,7.069474286000056e-05,-4.0203428571000026e-05,0.0003943590857099317,1
3,1772846773306,7.069474286000056e-05,-4.0203428571000026e-05,0.0003943590857099317,1
4,1772846773309,-1.9005257139999288e-05,0.00010409657142899996,8.625908571000939e-05,1
5,1772846773312,-1.9005257139999288e-05,0.00010409657142899996,8.625908571000939e-05,1
6,1772846773315,-1.9005257139999288e-05,0.00010409657142899996,8.625908571000939e-05,1
7,1772846773317,-0.0001906052571400002,0.00010019657142899997,0.00022275908570999325,1
8,1772846773320,-0.0001906052571400002,0.00010019657142899997,0.00022275908570999325,1
9,1772846773323,-0.0001906052571400002,0.00010019657142899997,0.000214959085709991,1
10,1772846773326,-5.800525714000013e-05,0.00015869657142899998,0.000214959085709991,1
11,1772846773329,-5.800525714000013e-05,0.00015869657142899998,0.000214959085709991,1
12,1772846773331,-5.800525714000013e-05,2.2196571428999973e-05,0.0005464590857100311,1
13,1772846773334,-3.460525713999858e-05,2.2196571428999973e-05,0.0005464590857100311,1
14,1772846773337,-3.460525713999858e-05,2.2196571428999973e-05,0.0005464590857100311,1
15,1772846773340,-2.2905257139998678e-05,-2.8503428571000013e-05,0.00010185908571001389,1
16,1772846773343,-2.2905257139998678e-05,-2.8503428571000013e-05,0.00010185908571001389,1
17,1772846773346,-2.2905257139998678e-05,-2.8503428571000013e-05,0.00010185908571001389,1
18,1772846773348,-5.020525713999961e-05,8.069657142899999e-05,0.000277359085710009,1
19,1772846773351,-5.020525713999961e-05,8.069657142899999e-05,0.000277359085710009,1
20,1772846773354,-5.020525713999961e-05,8.069657142899999e-05,0.000277359085710009,1
21,1772846773357,6.679474286000117e-05,-5.190342857100004e-05,0.00026955908571000674,1
22,1772846773359,6.679474286000117e-05,-5.190342857100004e-05,0.00026955908571000674,1
23,1772846773362,6.679474286000117e-05,-5.190342857100004e-05,0.00026955908571000674,1
24,1772846773365,-2.6805257139999802e-05,6.899657142899997e-05,0.0004372590857099996,1
25,1772846773367,-2.6805257139999802e-05,6.899657142899997e-05,0.0004372590857099996,1
26,1772846773370,-2.6805257139999802e-05,6.899657142899997e-05,0.0004372590857099996,1
27,1772846773373,-7.305257139999383e-06,-1.203428571000054e-06,0.00030465908570996136,1
28,1772846773376,-7.305257139999383e-06,-1.203428571000054e-06,0.00030465908570996136,1
29,1772846773379,-7.305257139999383e-06,-1.203428571000054e-06,0.00030465908570996136,1
30,1772846773381,5.509474286000127e-05,0.00010409657142899996,0.00035145908570997485,1
31,1772846773385,5.509474286000127e-05,0.00010409657142899996,0.00035145908570997485,1
32,1772846773387,7.459474285999995e-05,2.609657142899996e-05,0.00025395908571000225,1
33,1772846773390,7.459474285999995e-05,2.609657142899996e-05,0.00025395908571000225,1
34,1772846773393,7.459474285999995e-05,2.609657142899996e-05,0.00025395908571000225,1
35,1772846773396,-0.00025690525714000025,0.00011579657142899997,0.0002617590857100045,1
36,1772846773398,-0.00025690525714000025,0.00011579657142899997,0.0002617590857100045,1
37,1772846773401,-0.00025690525714000025,0.00011579657142899997,0.0002617590857100045,1
38,1772846773404,-5.800525714000013e-05,5.339657142899997e-05,0.00027345908570995236,1
39,1772846773407,-5.800525714000013e-05,5.339657142899997e-05,0.00027345908570995236,1
40,1772846773410,-5.800525714000013e-05,5.339657142899997e-05,0.00027345908570995236,1
41,1772846773413,3.169474285999972e-05,-5.5803428571000026e-05,0.00010185908571001389,1
42,1772846773416,3.169474285999972e-05,-5.5803428571000026e-05,0.00010185908571001389,1
43,1772846773419,3.169474285999972e-05,-5.5803428571000026e-05,0.0003280590857099681,1
44,1772846773422,6.289474286000005e-05,0.00014309657142899993,0.0003280590857099681,1
45,1772846773425,6.289474286000005e-05,0.00014309657142899993,0.0003280590857099681,1
46,1772846773428,0.00022669474286000045,1.049657142899996e-05,0.0002812590857099546,1
47,1772846773430,0.00022669474286000045,1.049657142899996e-05,0.0002812590857099546,1
48,1772846773433,0.00022669474286000045,1.049657142899996e-05,0.0002812590857099546,1
49,1772846773436,3.559474286000085e-05,-9.480342857100005e-05,0.00022275908570999325,1
50,1772846773439,3.559474286000085e-05,-9.480342857100005e-05,0.00022275908570999325,1
51,1772846773442,3.559474286000085e-05,-9.480342857100005e-05,0.00022275908570999325,1
52,1772846773444,-4.24052571399991e-05,6.509657142899999e-05,0.00032025908570996586,1
53,1772846773447,-4.24052571399991e-05,6.509657142899999e-05,0.00032025908570996586,1
54,1772846773450,-4.24052571399991e-05,6.509657142899999e-05,0.00032025908570996586,1
55,1772846773453,2.3894742860000942e-05,0.00015869657142899998,0.000339759085710027,1
56,1772846773455,2.3894742860000942e-05,0.00015869657142899998,0.000339759085710027,1
57,1772846773458,2.3894742860000942e-05,0.00015869657142899998,0.000339759085710027,1
58,1772846773461,3.169474285999972e-05,-9.480342857100005e-05,0.00021105908570993436,1
59,1772846773463,3.169474285999972e-05,-9.480342857100005e-05,0.00021105908570993436,1
60,1772846773466,3.169474285999972e-05,-9.480342857100005e-05,0.00021105908570993436,1
61,1772846773469,-3.070525713999919e-05,-5.10342857100004e-06,0.0002032590857099321,1
62,1772846773472,-3.070525713999919e-05,-5.10342857100004e-06,0.0002032590857099321,1
63,1772846773474,-3.070525713999919e-05,-5.10342857100004e-06,0.000277359085710009,1
64,1772846773477,-7.750525713999881e-05,1.049657142899996e-05,0.000277359085710009,1
65,1772846773480,-7.750525713999881e-05,1.049657142899996e-05,0.000277359085710009,1
66,1772846773483,-7.750525713999881e-05,-4.410342857100001e-05,0.00027345908570995236,1
67,1772846773485,-0.0002023052571400001,-4.410342857100001e-05,0.00027345908570995236,1
68,1772846773488,-0.0002023052571400001,-4.410342857100001e-05,0.00027345908570995236,1
69,1772846773491,-0.00019840525713999899,-0.00013380342857100002,0.0004567590857099497,1
70,1772846773494,-0.00019840525713999899,-0.00013380342857100002,0.0004567590857099497,1
71,1772846773496,-0.00019840525713999899,-0.00013380342857100002,0.0004567590857099497,1
72,1772846773499,4.947428600011322e-07,-0.000184503428571,0.000339759085710027,1
73,1772846773502,4.947428600011322e-07,-0.000184503428571,0.000339759085710027,1
74,1772846773504,4.947428600011322e-07,-0.000184503428571,0.000339759085710027,1
75,1772846773507,-0.00010090525713999862,-6.750342857100004e-05,0.00012915908570996625,1
76,1772846773510,-0.00010090525713999862,-6.750342857100004e-05,0.00012915908570996625,1
77,1772846773513,-0.00010090525713999862,-6.750342857100004e-05,0.00012915908570996625,1
78,1772846773516,5.509474286000127e-05,3.3896571428999986e-05,0.00026955908571000674,1
79,1772846773518,5.509474286000127e-05,3.3896571428999986e-05,0.00026955908571000674,1
80,1772846773521,5.509474286000127e-05,3.3896571428999986e-05,0.00026955908571000674,1
81,1772846773524,-7.305257139999383e-06,-5.190342857100004e-05,0.00025395908571000225,1
82,1772846773527,-7.305257139999383e-06,-5.190342857100004e-05,0.00025395908571000225,1
83,1772846773530,-7.305257139999383e-06,-5.190342857100004e-05,0.00025395908571000225,1
84,1772846773533,-1.5105257139999897e-05,0.000139196571429,5.1159085709943757e-05,1
85,1772846773535,-1.5105257139999897e-05,0.000139196571429,5.1159085709943757e-05,1
86,1772846773538,-1.5105257139999897e-05,0.000139196571429,0.0003787590857099272,1
87,1772846773541,4.394742860000522e-06,0.00014309657142899993,0.0003787590857099272,1
88,1772846773544,4.394742860000522e-06,0.00014309657142899993,0.0003787590857099272,1
89,1772846773547,4.394742860000522e-06,6.899657142899997e-05,0.0005308590857100266,1
90,1772846773550,9.019474286000098e-05,6.899657142899997e-05,0.0005308590857100266,1
91,1772846773553,9.019474286000098e-05,6.899657142899997e-05,0.0005308590857100266,1
92,1772846773555,-8.530525713999933e-05,0.00011969657142899996,0.00031635908571002024,1
93,1772846773558,-8.530525713999933e-05,0.00011969657142899996,0.00031635908571002024,1
94,1772846773561,-8.530525713999933e-05,0.00011969657142899996,0.00031635908571002024,1
95,1772846773564,5.119474286000014e-05,2.6965714289999866e-06,0.00017985908571003639,1
96,1772846773566,5.119474286000014e-05,2.6965714289999866e-06,0.00017985908571003639,1
97,1772846773569,5.119474286000014e-05,2.6965714289999866e-06,0.00017985908571003639,1
98,1772846773572,-8.920525713999872e-05,-0.000122103428571,0.00041385908570999285,1
99,1772846773575,-8.920525713999872e-05,-0.000122103428571,0.00041385908570999285,1
100,1772846773577,-8.920525713999872e-05,-0.000122103428571,0.00041385908570999285,1
101,1772846773581,-0.00010870525713999914,3.3896571428999986e-05,0.000214959085709991,1
102,1772846773583,-0.00010870525713999914,3.3896571428999986e-05,0.000214959085709991,1
103,1772846773586,-0.00010870525713999914,0.00011189657142899998,0.000214959085709991,1
104,1772846773589,-1.9005257139999288e-05,0.00011189657142899998,0.000214959085709991,1
105,1772846773592,-1.9005257139999288e-05,0.00011189657142899998,0.000214959085709991,1
106,1772846773594,6.679474286000117e-05,0.00015479657142899994,0.000214959085709991,1
107,1772846773597,6.679474286000117e-05,0.00015479657142899994,0.000214959085709991,1
108,1772846773600,6.679474286000117e-05,0.00015479657142899994,0.000214959085709991,1
109,1772846773603,0.0001330947428600012,2.9996571428999945e-05,0.00023835908570999775,1
110,1772846773606,0.0001330947428600012,2.9996571428999945e-05,0.00023835908570999775,1
111,1772846773609,0.0001330947428600012,2.9996571428999945e-05,0.00023835908570999775,1
112,1772846773612,1.9994742859999817e-05,0.00011579657142899997,0.00030075908571001574,1
113,1772846773615,1.9994742859999817e-05,0.00011579657142899997,0.00030075908571001574,1
114,1772846773617,1.9994742859999817e-05,0.00011579657142899997,0.00030075908571001574,1
115,1772846773620,-3.4052571399999926e-06,6.119657142899994e-05,0.00034755908571002924,1
116,1772846773623,-3.4052571399999926e-06,6.119657142899994e-05,0.00034755908571002924,1
117,1772846773626,-3.4052571399999926e-06,6.119657142899994e-05,0.00034755908571002924,1
118,1772846773628,-0.00011650525713999965,-9.003428571000027e-06,0.0003904590857099861,1
119,1772846773631,-0.00011650525713999965,-9.003428571000027e-06,0.0003904590857099861,1
120,1772846773634,-0.00011650525713999965,-9.003428571000027e-06,0.00034755908571002924,1
121,1772846773637,4.339474286000136e-05,-7.530342857100001e-05,0.00034755908571002924,1
122,1772846773639,4.339474286000136e-05,-7.530342857100001e-05,0.00034755908571002924,1
123,1772846773642,4.339474286000136e-05,-4.8003428571e-05,0.0003280590857099681,1
124,1772846773645,-4.24052571399991e-05,-4.8003428571e-05,0.0003280590857099681,1
0,1772846773691,-3.460525713999858e-05,-8.700342857100003e-05,0.0001993590857099865,1
1,1772846773725,-3.460525713999858e-05,-8.700342857100003e-05,0.0001993590857099865,1
2,1772846773758,4.729474286000075e-05,-1.2903428571000013e-05,0.0004528590857100041,1
3,1772846773760,4.729474286000075e-05,-1.2903428571000013e-05,0.0004528590857100041,1
4,1772846773763,-6.970525714000003e-05,0.000244496571429,0.00043335908570994296,1
5,1772846773766,-6.970525714000003e-05,0.000244496571429,0.00043335908570994296,1
6,1772846773769,-6.970525714000003e-05,0.000244496571429,0.00043335908570994296,1
7,1772846773771,-0.00010480525713999975,0.000139196571429,0.0004216590857099951,1
8,1772846773774,-0.00010480525713999975,0.000139196571429,0.0004216590857099951,1
9,1772846773777,-0.00010480525713999975,0.000139196571429,0.0004216590857099951,1
10,1772846773780,7.459474285999995e-05,0.00022499657142899991,0.0003904590857099861,1
11,1772846773783,7.459474285999995e-05,0.00022499657142899991,0.0003904590857099861,1
12,1772846773786,7.459474285999995e-05,0.00026789657142899993,0.0004372590857099996,1
13,1772846773789,0.0001213947428600013,0.00026789657142899993,0.0004372590857099996,1
14,1772846773791,0.0001213947428600013,0.00026789657142899993,0.0004372590857099996,1
15,1772846773794,0.0001369947428600006,-4.410342857100001e-05,0.0005815590857099857,1
16,1772846773797,0.0001369947428600006,-4.410342857100001e-05,0.0005815590857099857,1
17,1772846773800,0.0001369947428600006,-4.410342857100001e-05,0.0005815590857099857,1
18,1772846773802,2.3894742860000942e-05,4.169657142899996e-05,0.0002929590857100135,1
19,1772846773806,2.3894742860000942e-05,4.169657142899996e-05,0.0002929590857100135,1
20,1772846773808,2.3894742860000942e-05,4.169657142899996e-05,0.0002929590857100135,1
21,1772846773811,-8.920525713999872e-05,0.00019379657142900002,0.000308559085710018,1
22,1772846773814,-8.920525713999872e-05,0.00019379657142900002,0.000308559085710018,1
23,1772846773817,-8.920525713999872e-05,0.00019379657142900002,0.000308559085710018,1
24,1772846773819,-0.00024910525713999973,2.2196571428999973e-05,0.0002929590857100135,1
25,1772846773822,-0.00024910525713999973,2.2196571428999973e-05,0.0002929590857100135,1
26,1772846773825,-0.00024910525713999973,2.2196571428999973e-05,0.0002929590857100135,1
27,1772846773828,-0.00016720525713999866,-0.00014160342857100002,0.000370959085710036,1
28,1772846773830,-0.00016720525713999866,-0.00014160342857100002,0.000370959085710036,1
29,1772846773833,-0.00016720525713999866,-0.00014160342857100002,0.000308559085710018,1
30,1772846773836,9.019474286000098e-05,2.609657142899996e-05,0.000308559085710018,1
31,1772846773839,9.019474286000098e-05,2.609657142899996e-05,0.000308559085710018,1
32,1772846773842,9.019474286000098e-05,0.00015869657142899998,0.000152559085709973,1
33,1772846773844,5.119474286000014e-05,0.00015869657142899998,0.000152559085709973,1
34,1772846773847,5.119474286000014e-05,0.00015869657142899998,0.000152559085709973,1
35,1772846773850,8.629474285999986e-05,-9.003428571000027e-06,0.00020715908570998875,1
36,1772846773853,8.629474285999986e-05,-9.003428571000027e-06,0.00020715908570998875,1
37,1772846773855,8.629474285999986e-05,-9.003428571000027e-06,0.00020715908570998875,1
38,1772846773858,-0.00010870525713999914,0.000139196571429,0.00041775908570993846,1
39,1772846773861,-0.00010870525713999914,0.000139196571429,0.00041775908570993846,1
40,1772846773864,-0.00010870525713999914,0.000139196571429,0.00041775908570993846,1
41,1772846773866,8.629474285999986e-05,5.729657142899996e-05,9.0159085709955e-05,1
42,1772846773869,8.629474285999986e-05,5.729657142899996e-05,9.0159085709955e-05,1
43,1772846773872,8.629474285999986e-05,5.729657142899996e-05,9.0159085709955e-05,1
44,1772846773874,1.6094742860000427e-05,-8.310342857100004e-05,0.0004411590857099452,1
45,1772846773877,1.6094742860000427e-05,-8.310342857100004e-05,0.0004411590857099452,1
46,1772846773880,1.6094742860000427e-05,-8.310342857100004e-05,0.0004411590857099452,1
47,1772846773883,-0.00013600525714000007,-5.970342857100001e-05,0.00031635908571002024,1
48,1772846773885,-0.00013600525714000007,-5.970342857100001e-05,0.00031635908571002024,1
49,1772846773888,-0.00013600525714000007,-5.970342857100001e-05,0.00031635908571002024,1
50,1772846773891,7.069474286000056e-05,-4.0203428571000026e-05,0.00016035908570997525,1
51,1772846773893,7.069474286000056e-05,-4.0203428571000026e-05,0.00016035908570997525,1
52,1772846773896,7.069474286000056e-05,-4.0203428571000026e-05,0.00016035908570997525,1
53,1772846773899,0.0001252947428600007,6.509657142899999e-05,0.0004060590857099906,1
54,1772846773902,0.0001252947428600007,6.509657142899999e-05,0.0004060590857099906,1
55,1772846773904,0.0001252947428600007,6.509657142899999e-05,0.0004060590857099906,1
56,1772846773907,-1.1205257139998773e-05,0.00012359657142899994,0.00031635908571002024,1
57,1772846773911,-1.1205257139998773e-05,0.00012359657142899994,0.00031635908571002024,1
58,1772846773913,-0.00010090525713999862,-9.870342857100004e-05,7.45590857099505e-05,1
59,1772846773916,-0.00010090525713999862,-9.870342857100004e-05,7.45590857099505e-05,1
60,1772846773919,-0.00010090525713999862,-9.870342857100004e-05,7.45590857099505e-05,1
61,1772846773922,-5.4105257139999e-05,8.849657142899996e-05,0.0002656590857099501,1
62,1772846773924,-5.4105257139999e-05,8.849657142899996e-05,0.0002656590857099501,1
63,1772846773927,-5.4105257139999e-05,8.849657142899996e-05,0.0002656590857099501,1
64,1772846773930,-7.360525713999942e-05,6.119657142899994e-05,0.00017985908571003639,1
65,1772846773933,-7.360525713999942e-05,6.119657142899994e-05,0.00017985908571003639,1
66,1772846773936,-7.360525713999942e-05,6.119657142899994e-05,0.00017985908571003639,1
67,1772846773939,-0.0001828052571399997,0.00016259657142899992,0.00023835908570999775,1
68,1772846773942,-0.0001828052571399997,0.00016259657142899992,0.00023835908570999775,1
69,1772846773944,-0.0001828052571399997,0.00016259657142899992,0.00023835908570999775,1
70,1772846773947,-9.700525713999923e-05,-4.410342857100001e-05,0.0004840590857100131,1
71,1772846773950,-9.700525713999923e-05,-4.410342857100001e-05,0.0004840590857100131,1
72,1772846773953,-9.700525713999923e-05,-4.410342857100001e-05,0.00025395908571000225,1
73,1772846773955,6.679474286000117e-05,0.00013529657142899996,0.00025395908571000225,1
74,1772846773958,6.679474286000117e-05,0.00013529657142899996,0.00025395908571000225,1
75,1772846773961,6.679474286000117e-05,-6.360342857100005e-05,9.795908570995725e-05,1
76,1772846773964,0.00017209474286000032,-6.360342857100005e-05,9.795908570995725e-05,1
77,1772846773966,0.00017209474286000032,-6.360342857100005e-05,9.795908570995725e-05,1
78,1772846773969,0.00017209474286000032,-1.2903428571000013e-05,4.335908570994151e-05,1
79,1772846773972,7.849474286000108e-05,-1.2903428571000013e-05,4.335908570994151e-05,1
80,1772846773975,7.849474286000108e-05,-1.2903428571000013e-05,4.335908570994151e-05,1
81,1772846773977,9.409474286000037e-05,-0.00020790342857100004,0.00035145908570997485,1
82,1772846773980,9.409474286000037e-05,-0.00020790342857100004,0.00035145908570997485,1
83,1772846773983,9.409474286000037e-05,-0.00020790342857100004,0.00035145908570997485,1
84,1772846773986,3.169474285999972e-05,2.9996571428999945e-05,0.0003124590857099636,1
85,1772846773989,3.169474285999972e-05,2.9996571428999945e-05,0.0003124590857099636,1
86,1772846773992,3.169474285999972e-05,2.9996571428999945e-05,0.0003124590857099636,1
87,1772846773995,7.849474286000108e-05,-1.203428571000054e-06,0.0002929590857100135,1
88,1772846773997,7.849474286000108e-05,-1.203428571000054e-06,0.0002929590857100135,1
89,1772846774000,7.849474286000108e-05,-1.203428571000054e-06,0.0002929590857100135,1
90,1772846774003,1.2194742860001037e-05,0.00010409657142899996,0.00041385908570999285,1
91,1772846774006,1.2194742860001037e-05,0.00010409657142899996,0.00041385908570999285,1
92,1772846774008,1.2194742860001037e-05,0.00010409657142899996,0.00041385908570999285,1
93,1772846774011,4.729474286000075e-05,0.000107996571429,0.000121359085709964,1
94,1772846774014,4.729474286000075e-05,0.000107996571429,0.000121359085709964,1
95,1772846774017,4.729474286000075e-05,0.000107996571429,0.00030075908571001574,1
96,1772846774019,-4.24052571399991e-05,-2.4603428571000026e-05,0.00030075908571001574,1
97,1772846774022,-4.24052571399991e-05,-2.4603428571000026e-05,0.00030075908571001574,1
98,1772846774025,-4.24052571399991e-05,1.8296571428999986e-05,0.000620559085709997,1
99,1772846774028,4.947428600011322e-07,1.8296571428999986e-05,0.000620559085709997,1
100,1772846774030,4.947428600011322e-07,1.8296571428999986e-05,0.000620559085709997,1
101,1772846774033,3.169474285999972e-05,0.000244496571429,0.00025395908571000225,1
102,1772846774036,3.169474285999972e-05,0.000244496571429,0.00025395908571000225,1
103,1772846774039,3.169474285999972e-05,0.000244496571429,0.00025395908571000225,1
104,1772846774041,0.00011359474286000079,2.609657142899996e-05,0.00022665908570993886,1
105,1772846774044,0.00011359474286000079,2.609657142899996e-05,0.00022665908570993886,1
106,1772846774047,0.00011359474286000079,2.609657142899996e-05,0.00022665908570993886,1
107,1772846774049,4.339474286000136e-05,-8.700342857100003e-05,0.0001642590857100319,1
108,1772846774052,4.339474286000136e-05,-8.700342857100003e-05,0.0001642590857100319,1
109,1772846774055,4.339474286000136e-05,-8.700342857100003e-05,0.0001642590857100319,1
110,1772846774058,0.0001096947428600014,4.5596571429e-05,0.0004060590857099906,1
111,1772846774060,0.0001096947428600014,4.5596571429e-05,0.0004060590857099906,1
112,1772846774063,0.0001096947428600014,4.5596571429e-05,0.0004060590857099906,1
113,1772846774066,-5.020525713999961e-05,0.00012359657142899994,0.0002188590857099366,1
114,1772846774068,-5.020525713999961e-05,0.00012359657142899994,0.0002188590857099366,1
115,1772846774071,-5.020525713999961e-05,0.00012359657142899994,0.0002188590857099366,1
116,1772846774075,0.00010579474286000028,-1.6803428571e-05,0.00024615908571,1
117,1772846774077,0.00010579474286000028,-1.6803428571e-05,0.00024615908571,1
118,1772846774080,0.00010579474286000028,-1.6803428571e-05,0.0004372590857099996,1
119,1772846774083,8.629474285999986e-05,2.609657142899996e-05,0.0004372590857099996,1
120,1772846774086,8.629474285999986e-05,2.609657142899996e-05,0.0004372590857099996,1
121,1772846774088,8.629474285999986e-05,6.509657142899999e-05,0.00046065908571000635,1
122,1772846774091,-3.460525713999858e-05,6.509657142899999e-05,0.00046065908571000635,1
123,1772846774094,-3.460525713999858e-05,6.509657142899999e-05,0.00046065908571000635,1
124,1772846774097,-0.00012820525713999956,2.2196571428999973e-05,0.00036315908571003374,1
0,1772846774142,-0.00013600525714000007,4.9496571428999986e-05,0.00038655908570992947,1
1,1772846774145,-0.00019840525713999899,5.729657142899996e-05,0.0001993590857099865,1
2,1772846774148,-0.00019840525713999899,5.729657142899996e-05,0.0001993590857099865,1
3,1772846774151,-0.00019840525713999899,5.729657142899996e-05,0.0001993590857099865,1
4,1772846774223,-2.2905257139998678e-05,-5.190342857100004e-05,0.00038655908570992947,1
5,1772846774226,0.00015649474286000102,0.00011579657142899997,0.00027345908570995236,1
6,1772846774229,0.00015649474286000102,0.00011579657142899997,0.00027345908570995236,1
7,1772846774232,0.00015649474286000102,0.00011579657142899997,0.0002188590857099366,1
8,1772846774235,1.6094742860000427e-05,4.5596571429e-05,0.0002188590857099366,1
9,1772846774237,1.6094742860000427e-05,4.5596571429e-05,0.0002188590857099366,1
10,1772846774240,-0.00024130525713999922,0.00011969657142899996,0.000370959085710036,1
11,1772846774243,-0.00024130525713999922,0.00011969657142899996,0.000370959085710036,1
12,1772846774246,-0.00024130525713999922,0.00011969657142899996,0.000370959085710036,1
13,1772846774249,4.947428600011322e-07,-6.750342857100004e-05,0.0004567590857099497,1
14,1772846774252,4.947428600011322e-07,-6.750342857100004e-05,0.0004567590857099497,1
15,1772846774255,4.947428600011322e-07,-6.750342857100004e-05,0.0004567590857099497,1
16,1772846774257,4.394742860000522e-06,-6.750342857100004e-05,0.0002812590857099546,1
17,1772846774260,4.394742860000522e-06,-6.750342857100004e-05,0.0002812590857099546,1
18,1772846774263,4.394742860000522e-06,-6.750342857100004e-05,0.0002812590857099546,1
19,1772846774266,-9.310525713999984e-05,2.6965714289999866e-06,-5.41409142900311e-05,1
20,1772846774269,-9.310525713999984e-05,2.6965714289999866e-06,-5.41409142900311e-05,1
21,1772846774272,-9.310525713999984e-05,2.6965714289999866e-06,0.0001486590857100274,1
22,1772846774275,-0.00021400525714000002,-7.9203428571e-05,0.0001486590857100274,1
23,1772846774277,-0.00021400525714000002,-7.9203428571e-05,0.0001486590857100274,1
24,1772846774280,-2.6805257139999802e-05,8.069657142899999e-05,0.0005386590857100288,1
25,1772846774283,-2.6805257139999802e-05,8.069657142899999e-05,0.0005386590857100288,1
26,1772846774286,-2.6805257139999802e-05,8.069657142899999e-05,0.0005386590857100288,1
27,1772846774289,-4.24052571399991e-05,-2.8503428571000013e-05,0.00022275908570999325,1
28,1772846774292,-4.24052571399991e-05,-2.8503428571000013e-05,0.00022275908570999325,1
29,1772846774295,-4.24052571399991e-05,-2.8503428571000013e-05,0.00022275908570999325,1
30,1772846774297,3.949474286000024e-05,2.609657142899996e-05,-3.4409142900719905e-06,1
31,1772846774300,3.949474286000024e-05,2.609657142899996e-05,-3.4409142900719905e-06,1
32,1772846774303,3.949474286000024e-05,2.609657142899996e-05,-3.4409142900719905e-06,1
33,1772846774306,-4.24052571399991e-05,-0.000184503428571,0.000183759085709982,1
34,1772846774309,-4.24052571399991e-05,-0.000184503428571,0.000183759085709982,1
35,1772846774312,-4.24052571399991e-05,-4.410342857100001e-05,9.795908570995725e-05,1
36,1772846774315,4.339474286000136e-05,-4.410342857100001e-05,9.795908570995725e-05,1
37,1772846774317,4.339474286000136e-05,-4.410342857100001e-05,9.795908570995725e-05,1
38,1772846774320,8.239474286000047e-05,0.000170396571429,-2.6840914289967717e-05,1
39,1772846774323,8.239474286000047e-05,0.000170396571429,-2.6840914289967717e-05,1
40,1772846774326,8.239474286000047e-05,0.000170396571429,-2.6840914289967717e-05,1
41,1772846774328,5.509474286000127e-05,5.339657142899997e-05,6.285908571000264e-05,1
42,1772846774331,5.509474286000127e-05,5.339657142899997e-05,6.285908571000264e-05,1
43,1772846774335,5.509474286000127e-05,5.339657142899997e-05,6.285908571000264e-05,1
44,1772846774337,0.0001486947428600005,-0.00013380342857100002,0.0003436590857099726,1
45,1772846774340,0.0001486947428600005,-0.00013380342857100002,0.0003436590857099726,1
46,1772846774343,0.0001486947428600005,-0.00013380342857100002,0.0003436590857099726,1
47,1772846774346,-3.460525713999858e-05,2.6965714289999866e-06,0.00028515908571001124,1
48,1772846774348,-3.460525713999858e-05,2.6965714289999866e-06,0.00028515908571001124,1
49,1772846774351,-3.460525713999858e-05,2.6965714289999866e-06,0.00028515908571001124,1
50,1772846774355,6.679474286000117e-05,5.339657142899997e-05,0.0002305590857099955,1
51,1772846774357,6.679474286000117e-05,5.339657142899997e-05,0.0002305590857099955,1
52,1772846774360,-2.6805257139999802e-05,3.3896571428999986e-05,0.0004372590857099996,1
53,1772846774363,-2.6805257139999802e-05,3.3896571428999986e-05,0.0004372590857099996,1
54,1772846774366,-2.6805257139999802e-05,3.3896571428999986e-05,0.0004372590857099996,1
55,1772846774368,5.509474286000127e-05,0.000252296571429,0.0002968590857099591,1
56,1772846774371,5.509474286000127e-05,0.000252296571429,0.0002968590857099591,1
57,1772846774375,5.509474286000127e-05,0.000252296571429,0.0002968590857099591,1
58,1772846774377,4.729474286000075e-05,0.00015479657142899994,0.0001681590857099775,1
59,1772846774380,4.729474286000075e-05,0.00015479657142899994,0.0001681590857099775,1
60,1772846774383,4.729474286000075e-05,0.00015479657142899994,0.0001681590857099775,1
61,1772846774386,-0.00016720525713999866,0.00011189657142899998,0.0001876590857099276,1
62,1772846774388,-0.00016720525713999866,0.00011189657142899998,0.0001876590857099276,1
63,1772846774391,-0.00016720525713999866,0.00011189657142899998,0.00015645908571002964,1
64,1772846774394,-0.0002023052571400001,1.4396571429e-05,0.00015645908571002964,1
65,1772846774397,-0.0002023052571400001,1.4396571429e-05,0.00015645908571002964,1
66,1772846774399,-0.0002023052571400001,1.049657142899996e-05,0.0002968590857099591,1
67,1772846774402,3.169474285999972e-05,1.049657142899996e-05,0.0002968590857099591,1
68,1772846774405,3.169474285999972e-05,1.049657142899996e-05,0.0002968590857099591,1
69,1772846774408,1.6094742860000427e-05,8.459657142899997e-05,8.625908571000939e-05,1
70,1772846774411,1.6094742860000427e-05,8.459657142899997e-05,8.625908571000939e-05,1
71,1772846774414,1.6094742860000427e-05,8.459657142899997e-05,8.625908571000939e-05,1
72,1772846774417,-6.970525714000003e-05,-1.6803428571e-05,0.0001681590857099775,1
73,1772846774420,-6.970525714000003e-05,-1.6803428571e-05,0.0001681590857099775,1
74,1772846774423,-6.970525714000003e-05,-1.6803428571e-05,0.0001681590857099775,1
75,1772846774426,-2.2905257139998678e-05,1.4396571429e-05,0.0003904590857099861,1
76,1772846774429,-2.2905257139998678e-05,1.4396571429e-05,0.0003904590857099861,1
77,1772846774433,4.394742860000522e-06,1.8296571428999986e-05,7.45590857099505e-05,1
78,1772846774435,4.394742860000522e-06,1.8296571428999986e-05,7.45590857099505e-05,1
79,1772846774438,4.394742860000522e-06,1.8296571428999986e-05,7.45590857099505e-05,1
80,1772846774441,-5.800525714000013e-05,6.899657142899997e-05,0.000214959085709991,1
81,1772846774444,-5.800525714000013e-05,6.899657142899997e-05,0.000214959085709991,1
82,1772846774446,-5.800525714000013e-05,6.899657142899997e-05,0.000214959085709991,1
83,1772846774449,4.339474286000136e-05,6.596571428999973e-06,0.00030075908571001574,1
84,1772846774452,4.339474286000136e-05,6.596571428999973e-06,0.00030075908571001574,1
85,1772846774455,4.339474286000136e-05,6.596571428999973e-06,0.00030075908571001574,1
86,1772846774458,6.289474286000005e-05,0.000170396571429,0.0003124590857099636,1
87,1772846774461,6.289474286000005e-05,0.000170396571429,0.0003124590857099636,1
88,1772846774464,0.00014479474286000112,-1.6803428571e-05,0.000308559085710018,1
89,1772846774467,0.00014479474286000112,-1.6803428571e-05,0.000308559085710018,1
90,1772846774469,0.00014479474286000112,-1.6803428571e-05,0.000308559085710018,1
91,1772846774472,0.0001213947428600013,-5.10342857100004e-06,0.0003787590857099272,1
92,1772846774475,0.0001213947428600013,-5.10342857100004e-06,0.0003787590857099272,1
93,1772846774478,0.0001213947428600013,-5.10342857100004e-06,0.0003787590857099272,1
94,1772846774481,-7.750525713999881e-05,8.069657142899999e-05,0.000121359085709964,1
95,1772846774484,-7.750525713999881e-05,8.069657142899999e-05,0.000121359085709964,1
96,1772846774487,-7.750525713999881e-05,8.069657142899999e-05,0.000121359085709964,1
97,1772846774489,-0.00012430525714000017,-2.4603428571000026e-05,0.0002617590857100045,1
98,1772846774492,-0.00012430525714000017,-2.4603428571000026e-05,0.0002617590857100045,1
99,1772846774495,-0.00012430525714000017,-2.4603428571000026e-05,0.00026955908571000674,1
100,1772846774498,-9.310525713999984e-05,8.069657142899999e-05,0.00026955908571000674,1
101,1772846774501,-9.310525713999984e-05,8.069657142899999e-05,0.00026955908571000674,1
102,1772846774504,7.459474285999995e-05,-5.190342857100004e-05,0.000339759085710027,1
103,1772846774507,7.459474285999995e-05,-5.190342857100004e-05,0.000339759085710027,1
104,1772846774510,7.459474285999995e-05,-5.190342857100004e-05,0.000339759085710027,1
105,1772846774512,-4.630525714000022e-05,1.049657142899996e-05,0.0002617590857100045,1
106,1772846774515,-4.630525714000022e-05,1.049657142899996e-05,0.0002617590857100045,1
107,1772846774518,-4.630525714000022e-05,1.049657142899996e-05,0.0002617590857100045,1
108,1772846774520,-0.00031540525713999977,-5.5803428571000026e-05,0.0001681590857099775,1
109,1772846774523,-0.00031540525713999977,-5.5803428571000026e-05,0.0001681590857099775,1
110,1772846774526,-0.00031540525713999977,-5.5803428571000026e-05,0.0001681590857099775,1
111,1772846774529,-5.4105257139999e-05,1.8296571428999986e-05,0.00034755908571002924,1
112,1772846774532,-5.4105257139999e-05,1.8296571428999986e-05,0.00034755908571002924,1
113,1772846774535,-5.4105257139999e-05,1.8296571428999986e-05,0.00034755908571002924,1
114,1772846774538,2.3894742860000942e-05,3.779657142899997e-05,0.0003943590857099317,1
115,1772846774541,2.3894742860000942e-05,3.779657142899997e-05,0.0003943590857099317,1
116,1772846774543,0.00018769474286000135,-9.480342857100005e-05,0.0004099590857099362,1
117,1772846774546,0.00018769474286000135,-9.480342857100005e-05,0.0004099590857099362,1
118,1772846774549,0.00018769474286000135,-9.480342857100005e-05,0.0004099590857099362,1
119,1772846774552,-5.4105257139999e-05,-0.00020400342857100002,0.0003280590857099681,1
120,1772846774554,-5.4105257139999e-05,-0.00020400342857100002,0.0003280590857099681,1
121,1772846774557,-5.4105257139999e-05,-0.00020400342857100002,0.0003280590857099681,1
122,1772846774560,-0.00015940525713999988,-0.00012600342857100002,0.00036315908571003374,1
123,1772846774563,-0.00015940525713999988,-0.00012600342857100002,0.00036315908571003374,1
124,1772846774566,-0.00015940525713999988,-0.00012600342857100002,0.00036315908571003374,1
0,1772846774607,3.949474286000024e-05,0.00012359657142899994,0.00030465908570996136,1
1,1772846774632,3.949474286000024e-05,0.00012359657142899994,0.00030465908570996136,1
2,1772846774682,0.00010189474286000089,-0.00014940342857100002,0.00038655908570992947,1
3,1772846774685,0.00010189474286000089,-0.00014940342857100002,0.00038655908570992947,1
4,1772846774688,-3.460525713999858e-05,-3.630342857100004e-05,0.0003787590857099272,1
5,1772846774690,-3.460525713999858e-05,-3.630342857100004e-05,0.0003787590857099272,1
6,1772846774693,-3.460525713999858e-05,-3.630342857100004e-05,0.0003787590857099272,1
7,1772846774696,3.559474286000085e-05,-3.2403428571000053e-05,0.00020715908570998875,1
8,1772846774699,3.559474286000085e-05,-3.2403428571000053e-05,0.00020715908570998875,1
9,1772846774701,3.559474286000085e-05,-3.2403428571000053e-05,0.00020715908570998875,1
10,1772846774704,4.729474286000075e-05,0.00010019657142899997,0.00017205908571003414,1
11,1772846774707,4.729474286000075e-05,0.00010019657142899997,0.00017205908571003414,1
12,1772846774710,4.729474286000075e-05,0.00010019657142899997,8.259085709986895e-06,1
13,1772846774713,-0.00013600525714000007,0.000150896571429,8.259085709986895e-06,1
14,1772846774716,-0.00013600525714000007,0.000150896571429,8.259085709986895e-06,1
15,1772846774719,-0.00018670525713999908,9.239657142899994e-05,0.00024615908571,1
16,1772846774721,-0.00018670525713999908,9.239657142899994e-05,0.00024615908571,1
17,1772846774724,-0.00018670525713999908,9.239657142899994e-05,0.00024615908571,1
18,1772846774728,-0.00015160525713999937,-4.8003428571e-05,0.00024615908571,1
19,1772846774730,-0.00015160525713999937,-4.8003428571e-05,0.00024615908571,1
20,1772846774733,-0.00015160525713999937,-4.8003428571e-05,0.00024615908571,1
21,1772846774736,8.294742859999912e-06,-0.000153303428571,0.00027345908570995236,1
22,1772846774739,8.294742859999912e-06,-0.000153303428571,0.00027345908570995236,1
23,1772846774741,8.294742859999912e-06,-0.000153303428571,0.00027345908570995236,1
24,1772846774744,7.069474286000056e-05,3.779657142899997e-05,0.0005035590857099632,1
25,1772846774747,7.069474286000056e-05,3.779657142899997e-05,0.0005035590857099632,1
26,1772846774750,7.069474286000056e-05,3.779657142899997e-05,0.0005035590857099632,1
27,1772846774752,-3.460525713999858e-05,-1.203428571000054e-06,0.0002188590857099366,1
28,1772846774755,-3.460525713999858e-05,-1.203428571000054e-06,0.0002188590857099366,1
29,1772846774758,-3.460525713999858e-05,-1.203428571000054e-06,0.00032025908570996586,1
30,1772846774761,-2.2905257139998678e-05,6.596571428999973e-06,0.00032025908570996586,1
31,1772846774764,-2.2905257139998678e-05,6.596571428999973e-06,0.00032025908570996586,1
32,1772846774767,0.0001213947428600013,1.8296571428999986e-05,0.00033195908571002474,1
33,1772846774770,0.0001213947428600013,1.8296571428999986e-05,0.00033195908571002474,1
34,1772846774773,0.0001213947428600013,1.8296571428999986e-05,0.00033195908571002474,1
35,1772846774775,-3.850525713999971e-05,-0.000168903428571,0.00023835908570999775,1
36,1772846774778,-3.850525713999971e-05,-0.000168903428571,0.00023835908570999775,1
37,1772846774781,-3.850525713999971e-05,-0.000168903428571,0.00023835908570999775,1
38,1772846774784,-0.00010480525713999975,-0.000168903428571,0.00014475908570997075,1
39,1772846774787,-0.00010480525713999975,-0.000168903428571,0.00014475908570997075,1
40,1772846774790,-0.00010480525713999975,-0.000168903428571,0.0002305590857099955,1
41,1772846774793,-7.750525713999881e-05,8.069657142899999e-05,0.0002305590857099955,1
42,1772846774795,-7.750525713999881e-05,8.069657142899999e-05,0.0002305590857099955,1
43,1772846774798,-7.750525713999881e-05,8.849657142899996e-05,0.0003241590857100225,1
44,1772846774801,-0.00014770525713999998,8.849657142899996e-05,0.0003241590857100225,1
45,1772846774804,-0.00014770525713999998,8.849657142899996e-05,0.0003241590857100225,1
46,1772846774807,-4.24052571399991e-05,6.596571428999973e-06,0.0004528590857100041,1
47,1772846774810,-4.24052571399991e-05,6.596571428999973e-06,0.0004528590857100041,1
48,1772846774813,-4.24052571399991e-05,6.596571428999973e-06,0.0004528590857100041,1
49,1772846774815,-5.020525713999961e-05,0.00018599657142899994,0.0001681590857099775,1
50,1772846774818,-5.020525713999961e-05,0.00018599657142899994,0.0001681590857099775,1
51,1772846774821,-5.020525713999961e-05,0.00018599657142899994,0.0001681590857099775,1
52,1772846774824,3.949474286000024e-05,-9.870342857100004e-05,0.0002929590857100135,1
53,1772846774827,3.949474286000024e-05,-9.870342857100004e-05,0.0002929590857100135,1
54,1772846774830,3.949474286000024e-05,-9.870342857100004e-05,0.0005425590857099745,1
55,1772846774833,3.949474286000024e-05,2.9996571428999945e-05,0.0005425590857099745,1
56,1772846774835,3.949474286000024e-05,2.9996571428999945e-05,0.0005425590857099745,1
57,1772846774838,-6.580525713999891e-05,-0.000153303428571,0.0001876590857099276,1
58,1772846774841,-6.580525713999891e-05,-0.000153303428571,0.0001876590857099276,1
59,1772846774844,-6.580525713999891e-05,-0.000153303428571,0.0001876590857099276,1
60,1772846774847,-0.00010480525713999975,5.339657142899997e-05,-0.00012044091428999471,1
61,1772846774850,-0.00010480525713999975,5.339657142899997e-05,-0.00012044091428999471,1
62,1772846774853,-0.00010480525713999975,5.339657142899997e-05,-0.00012044091428999471,1
63,1772846774856,-2.6805257139999802e-05,0.00011969657142899996,0.00012915908570996625,1
64,1772846774859,-2.6805257139999802e-05,0.00011969657142899996,0.00012915908570996625,1
65,1772846774862,-2.6805257139999802e-05,-6.360342857100005e-05,0.0002032590857099321,1
66,1772846774865,-4.24052571399991e-05,-6.360342857100005e-05,0.0002032590857099321,1
67,1772846774867,-4.24052571399991e-05,-6.360342857100005e-05,0.0002032590857099321,1
68,1772846774870,-9.700525713999923e-05,-7.530342857100001e-05,0.0001369590857099685,1
69,1772846774873,-9.700525713999923e-05,-7.530342857100001e-05,0.0001369590857099685,1
70,1772846774876,-9.700525713999923e-05,-7.530342857100001e-05,0.0001369590857099685,1
71,1772846774879,3.169474285999972e-05,3.779657142899997e-05,0.0003592590857099771,1
72,1772846774881,3.169474285999972e-05,3.779657142899997e-05,0.0003592590857099771,1
73,1772846774885,3.169474285999972e-05,3.779657142899997e-05,0.0003592590857099771,1
74,1772846774887,6.289474286000005e-05,8.069657142899999e-05,0.0001993590857099865,1
75,1772846774890,6.289474286000005e-05,8.069657142899999e-05,0.0001993590857099865,1
76,1772846774893,6.289474286000005e-05,8.069657142899999e-05,0.0001993590857099865,1
77,1772846774896,2.3894742860000942e-05,-0.00014160342857100002,0.00019155908570998425,1
78,1772846774898,2.3894742860000942e-05,-0.00014160342857100002,0.00019155908570998425,1
79,1772846774901,2.3894742860000942e-05,-0.00014160342857100002,0.00019155908570998425,1
80,1772846774905,1.6094742860000427e-05,-5.970342857100001e-05,0.0002344590857099411,1
81,1772846774907,1.6094742860000427e-05,-5.970342857100001e-05,0.0002344590857099411,1
82,1772846774910,3.949474286000024e-05,-9.870342857100004e-05,0.000277359085710009,1
83,1772846774913,3.949474286000024e-05,-9.870342857100004e-05,0.000277359085710009,1
84,1772846774916,3.949474286000024e-05,-9.870342857100004e-05,0.000277359085710009,1
85,1772846774919,5.119474286000014e-05,-5.970342857100001e-05,0.00043335908570994296,1
86,1772846774921,5.119474286000014e-05,-5.970342857100001e-05,0.00043335908570994296,1
87,1772846774925,5.119474286000014e-05,-5.970342857100001e-05,0.00043335908570994296,1
88,1772846774927,-6.970525714000003e-05,-0.000153303428571,0.00025785908570994786,1
89,1772846774930,-6.970525714000003e-05,-0.000153303428571,0.00025785908570994786,1
90,1772846774933,-6.970525714000003e-05,-0.000153303428571,0.00025785908570994786,1
91,1772846774936,1.2194742860001037e-05,2.9996571428999945e-05,9.405908571001164e-05,1
92,1772846774938,1.2194742860001037e-05,2.9996571428999945e-05,9.405908571001164e-05,1
93,1772846774941,1.2194742860001037e-05,2.9996571428999945e-05,0.0002929590857100135,1
94,1772846774944,3.559474286000085e-05,6.509657142899999e-05,0.0002929590857100135,1
95,1772846774947,3.559474286000085e-05,6.509657142899999e-05,0.0002929590857100135,1
96,1772846774950,-1.1205257139998773e-05,7.289657142899996e-05,0.0002929590857100135,1
97,1772846774953,-1.1205257139998773e-05,7.289657142899996e-05,0.0002929590857100135,1
98,1772846774956,-1.1205257139998773e-05,7.289657142899996e-05,0.0002929590857100135,1
99,1772846774959,-5.800525714000013e-05,-9.480342857100005e-05,0.0002929590857100135,1
100,1772846774962,-5.800525714000013e-05,-9.480342857100005e-05,0.0002929590857100135,1
101,1772846774964,-5.800525714000013e-05,-9.480342857100005e-05,0.0002929590857100135,1
102,1772846774967,-5.020525713999961e-05,-5.970342857100001e-05,0.0004099590857099362,1
103,1772846774970,-5.020525713999961e-05,-5.970342857100001e-05,0.0004099590857099362,1
104,1772846774973,-5.020525713999961e-05,-5.970342857100001e-05,0.0004099590857099362,1
105,1772846774976,-2.2905257139998678e-05,-0.00013380342857100002,0.00030075908571001574,1
106,1772846774979,-2.2905257139998678e-05,-0.00013380342857100002,0.00030075908571001574,1
107,1772846774982,-2.2905257139998678e-05,1.049657142899996e-05,0.00017985908571003639,1
108,1772846774984,5.899474286000066e-05,1.049657142899996e-05,0.00017985908571003639,1
109,1772846774987,5.899474286000066e-05,1.049657142899996e-05,0.00017985908571003639,1
110,1772846774990,7.069474286000056e-05,0.00011189657142899998,0.000183759085709982,1
111,1772846774993,7.069474286000056e-05,0.00011189657142899998,0.000183759085709982,1
112,1772846774996,7.069474286000056e-05,0.00011189657142899998,0.000183759085709982,1
113,1772846774999,8.629474285999986e-05,2.9996571428999945e-05,8.625908571000939e-05,1
114,1772846775002,8.629474285999986e-05,2.9996571428999945e-05,8.625908571000939e-05,1
115,1772846775004,8.629474285999986e-05,2.9996571428999945e-05,8.625908571000939e-05,1
116,1772846775007,-1.1205257139998773e-05,1.4396571429e-05,0.00011355908570996175,1
117,1772846775010,-1.1205257139998773e-05,1.4396571429e-05,0.00011355908570996175,1
118,1772846775013,-1.1205257139998773e-05,1.4396571429e-05,0.00011355908570996175,1
119,1772846775016,-3.460525713999858e-05,6.899657142899997e-05,0.00012915908570996625,1
120,1772846775019,-3.460525713999858e-05,6.899657142899997e-05,0.00012915908570996625,1
121,1772846775022,-5.800525714000013e-05,2.6965714289999866e-06,0.0003592590857099771,1
122,1772846775024,-5.800525714000013e-05,2.6965714289999866e-06,0.0003592590857099771,1
123,1772846775027,-5.800525714000013e-05,2.6965714289999866e-06,0.0003592590857099771,1
124,1772846775030,1.9994742859999817e-05,-0.00018060342857100002,7.065908571000489e-05,1
0,1772846775077,-9.700525713999923e-05,6.119657142899994e-05,0.0002929590857100135,1
1,1772846775080,9.409474286000037e-05,6.119657142899994e-05,0.0002929590857100135,1
2,1772846775142,-2.2905257139998678e-05,0.00010019657142899997,-1.1240914289963218e-05,1
3,1772846775145,1.2194742860001037e-05,-2.070342857100004e-05,0.0004528590857100041,1
4,1772846775148,1.2194742860001037e-05,-2.070342857100004e-05,0.0004528590857100041,1
5,1772846775151,0.00010579474286000028,7.289657142899996e-05,0.0004840590857100131,1
6,1772846775153,0.00010579474286000028,7.289657142899996e-05,0.0004840590857100131,1
7,1772846775156,0.00010579474286000028,7.289657142899996e-05,0.0004840590857100131,1
8,1772846775159,7.849474286000108e-05,-5.190342857100004e-05,0.00026955908571000674,1
9,1772846775162,7.849474286000108e-05,-5.190342857100004e-05,0.00026955908571000674,1
10,1772846775164,7.849474286000108e-05,-5.190342857100004e-05,0.00038265908570998385,1
11,1772846775167,1.6094742860000427e-05,-4.410342857100001e-05,0.00038265908570998385,1
12,1772846775170,1.6094742860000427e-05,-4.410342857100001e-05,0.00038265908570998385,1
13,1772846775173,1.6094742860000427e-05,-2.070342857100004e-05,0.0003553590857100315,1
14,1772846775176,-0.00012040525713999904,-2.070342857100004e-05,0.0003553590857100315,1
15,1772846775179,-0.00012040525713999904,-2.070342857100004e-05,0.0003553590857100315,1
16,1772846775182,-3.4052571399999926e-06,8.069657142899999e-05,0.00023835908570999775,1
17,1772846775185,-3.4052571399999926e-06,8.069657142899999e-05,0.00023835908570999775,1
18,1772846775187,-3.4052571399999926e-06,8.069657142899999e-05,0.00023835908570999775,1
19,1772846775190,-7.360525713999942e-05,0.00011189657142899998,0.0004528590857100041,1
20,1772846775193,-7.360525713999942e-05,0.00011189657142899998,0.0004528590857100041,1
21,1772846775196,-7.360525713999942e-05,0.00011189657142899998,0.0004528590857100041,1
22,1772846775199,5.899474286000066e-05,1.049657142899996e-05,0.00017985908571003639,1
23,1772846775201,5.899474286000066e-05,1.049657142899996e-05,0.00017985908571003639,1
24,1772846775205,5.899474286000066e-05,1.049657142899996e-05,0.00017985908571003639,1
25,1772846775207,7.069474286000056e-05,5.729657142899996e-05,0.000339759085710027,1
26,1772846775210,7.069474286000056e-05,5.729657142899996e-05,0.000339759085710027,1
27,1772846775213,-0.00013600525714000007,6.596571428999973e-06,0.00017595908570997975,1
28,1772846775216,-0.00013600525714000007,6.596571428999973e-06,0.00017595908570997975,1
29,1772846775219,-0.00013600525714000007,6.596571428999973e-06,0.00017595908570997975,1
30,1772846775221,3.169474285999972e-05,-0.000137703428571,0.0002812590857099546,1
31,1772846775225,3.169474285999972e-05,-0.000137703428571,0.0002812590857099546,1
32,1772846775228,3.169474285999972e-05,-0.000137703428571,0.0002812590857099546,1
33,1772846775230,9.409474286000037e-05,6.119657142899994e-05,0.00030075908571001574,1
34,1772846775233,9.409474286000037e-05,6.119657142899994e-05,0.00030075908571001574,1
35,1772846775236,9.409474286000037e-05,6.119657142899994e-05,0.00030075908571001574,1
36,1772846775239,5.119474286000014e-05,2.609657142899996e-05,0.0002344590857099411,1
37,1772846775241,5.119474286000014e-05,2.609657142899996e-05,0.0002344590857099411,1
38,1772846775245,5.119474286000014e-05,2.609657142899996e-05,0.0004723590857099542,1
39,1772846775248,5.899474286000066e-05,3.3896571428999986e-05,0.0004723590857099542,1
40,1772846775250,5.899474286000066e-05,3.3896571428999986e-05,0.0004723590857099542,1
41,1772846775253,-0.00010480525713999975,7.289657142899996e-05,0.00038265908570998385,1
42,1772846775256,-0.00010480525713999975,7.289657142899996e-05,0.00038265908570998385,1
43,1772846775259,-0.00010480525713999975,7.289657142899996e-05,0.00038265908570998385,1
44,1772846775261,1.2194742860001037e-05,3.779657142899997e-05,0.0001993590857099865,1
45,1772846775264,1.2194742860001037e-05,3.779657142899997e-05,0.0001993590857099865,1
46,1772846775267,1.2194742860001037e-05,3.779657142899997e-05,0.0001993590857099865,1
47,1772846775269,-7.305257139999383e-06,6.899657142899997e-05,0.00032025908570996586,1
48,1772846775272,-7.305257139999383e-06,6.899657142899997e-05,0.00032025908570996586,1
49,1772846775275,-7.305257139999383e-06,6.899657142899997e-05,0.00032025908570996586,1
50,1772846775278,-2.2905257139998678e-05,0.000150896571429,0.0002305590857099955,1
51,1772846775281,-2.2905257139998678e-05,0.000150896571429,0.0002305590857099955,1
52,1772846775283,-2.2905257139998678e-05,0.000150896571429,0.0002305590857099955,1
53,1772846775286,-7.750525713999881e-05,7.6796571429e-05,0.00024615908571,1
54,1772846775289,-7.750525713999881e-05,7.6796571429e-05,0.00024615908571,1
55,1772846775292,-7.750525713999881e-05,7.6796571429e-05,0.00024615908571,1
56,1772846775294,-7.305257139999383e-06,-9.090342857100001e-05,0.0001993590857099865,1
57,1772846775297,-7.305257139999383e-06,-9.090342857100001e-05,0.0001993590857099865,1
58,1772846775300,-7.305257139999383e-06,-9.090342857100001e-05,0.0001993590857099865,1
59,1772846775303,1.2194742860001037e-05,5.339657142899997e-05,0.000308559085710018,1
60,1772846775306,1.2194742860001037e-05,5.339657142899997e-05,0.000308559085710018,1
61,1772846775308,-3.460525713999858e-05,8.069657142899999e-05,0.00011355908570996175,1
62,1772846775311,-3.460525713999858e-05,8.069657142899999e-05,0.00011355908570996175,1
63,1772846775314,-3.460525713999858e-05,8.069657142899999e-05,0.00011355908570996175,1
64,1772846775317,0.0001330947428600012,1.4396571429e-05,0.00036705908570997935,1
65,1772846775319,0.0001330947428600012,1.4396571429e-05,0.00036705908570997935,1
66,1772846775322,0.0001330947428600012,1.4396571429e-05,0.00036705908570997935,1
67,1772846775325,3.949474286000024e-05,4.5596571429e-05,0.00022275908570999325,1
68,1772846775327,3.949474286000024e-05,4.5596571429e-05,0.00022275908570999325,1
69,1772846775330,3.949474286000024e-05,4.5596571429e-05,0.00022275908570999325,1
70,1772846775333,1.6094742860000427e-05,9.239657142899994e-05,0.0002617590857100045,1
71,1772846775335,1.6094742860000427e-05,9.239657142899994e-05,0.0002617590857100045,1
72,1772846775338,1.6094742860000427e-05,9.239657142899994e-05,0.0002617590857100045,1
73,1772846775341,-3.850525713999971e-05,-2.8503428571000013e-05,0.00028515908571001124,1
74,1772846775344,-3.850525713999971e-05,-2.8503428571000013e-05,0.00028515908571001124,1
75,1772846775347,-3.850525713999971e-05,-2.8503428571000013e-05,0.00028515908571001124,1
76,1772846775350,-6.580525713999891e-05,-9.090342857100001e-05,0.0005542590857100333,1
77,1772846775353,-6.580525713999891e-05,-9.090342857100001e-05,0.0005542590857100333,1
78,1772846775356,-6.580525713999891e-05,-9.090342857100001e-05,0.0005542590857100333,1
79,1772846775358,-6.970525714000003e-05,4.169657142899996e-05,0.00033585908570997035,1
80,1772846775361,-6.970525714000003e-05,4.169657142899996e-05,0.00033585908570997035,1
81,1772846775364,-6.970525714000003e-05,4.169657142899996e-05,5.1159085709943757e-05,1
82,1772846775367,-0.00014380525713999885,2.6965714289999866e-06,5.1159085709943757e-05,1
83,1772846775369,-0.00014380525713999885,2.6965714289999866e-06,5.1159085709943757e-05,1
84,1772846775372,-0.00014380525713999885,5.339657142899997e-05,9.795908570995725e-05,1
85,1772846775375,8.239474286000047e-05,5.339657142899997e-05,9.795908570995725e-05,1
86,1772846775378,8.239474286000047e-05,5.339657142899997e-05,9.795908570995725e-05,1
87,1772846775381,0.0001525947428599999,7.6796571429e-05,4.359085709930259e-06,1
88,1772846775384,0.0001525947428599999,7.6796571429e-05,4.359085709930259e-06,1
89,1772846775387,0.0001525947428599999,7.6796571429e-05,4.359085709930259e-06,1
90,1772846775389,-3.070525713999919e-05,-4.410342857100001e-05,0.00039825908570998835,1
91,1772846775392,-3.070525713999919e-05,-4.410342857100001e-05,0.00039825908570998835,1
92,1772846775395,-3.070525713999919e-05,-4.410342857100001e-05,0.00039825908570998835,1
93,1772846775398,-3.070525713999919e-05,1.049657142899996e-05,0.0002188590857099366,1
94,1772846775401,-3.070525713999919e-05,1.049657142899996e-05,0.0002188590857099366,1
95,1772846775404,-3.070525713999919e-05,1.049657142899996e-05,0.0002188590857099366,1
96,1772846775407,2.7794742860000332e-05,-4.410342857100001e-05,0.00046065908571000635,1
97,1772846775409,2.7794742860000332e-05,-4.410342857100001e-05,0.00046065908571000635,1
98,1772846775412,-0.00010870525713999914,1.4396571429e-05,0.0003592590857099771,1
99,1772846775415,-0.00010870525713999914,1.4396571429e-05,0.0003592590857099771,1
100,1772846775418,-0.00010870525713999914,1.4396571429e-05,0.0003592590857099771,1
101,1772846775420,-5.4105257139999e-05,4.9496571428999986e-05,0.0003124590857099636,1
102,1772846775423,-5.4105257139999e-05,4.9496571428999986e-05,0.0003124590857099636,1
103,1772846775426,-5.4105257139999e-05,4.9496571428999986e-05,0.0003124590857099636,1
104,1772846775429,-6.190525713999952e-05,-7.530342857100001e-05,0.0002968590857099591,1
105,1772846775432,-6.190525713999952e-05,-7.530342857100001e-05,0.0002968590857099591,1
106,1772846775435,-6.190525713999952e-05,-7.530342857100001e-05,0.0002968590857099591,1
107,1772846775438,4.339474286000136e-05,-9.003428571000027e-06,0.0001993590857099865,1
108,1772846775442,4.339474286000136e-05,-9.003428571000027e-06,0.0001993590857099865,1
109,1772846775447,0.00012919474286000009,-5.10342857100004e-06,0.00036705908570997935,1
110,1772846775450,0.00012919474286000009,-5.10342857100004e-06,0.00036705908570997935,1
111,1772846775453,-8.140525713999994e-05,2.9996571428999945e-05,0.00017205908571003414,1
112,1772846775456,-8.140525713999994e-05,2.9996571428999945e-05,0.00017205908571003414,1
113,1772846775459,-8.140525713999994e-05,2.9996571428999945e-05,0.00017205908571003414,1
114,1772846775461,-0.00013600525714000007,-8.310342857100004e-05,5.8959085709946006e-05,1
115,1772846775464,-0.00013600525714000007,-8.310342857100004e-05,5.8959085709946006e-05,1
116,1772846775467,-0.00013600525714000007,-8.310342857100004e-05,5.8959085709946006e-05,1
117,1772846775470,-0.00015160525713999937,-2.8503428571000013e-05,0.00019155908570998425,1
118,1772846775473,-0.00015160525713999937,-2.8503428571000013e-05,0.00019155908570998425,1
119,1772846775476,-0.00015160525713999937,-9.090342857100001e-05,0.0003787590857099272,1
120,1772846775479,-9.310525713999984e-05,-9.090342857100001e-05,0.0003787590857099272,1
121,1772846775481,-9.310525713999984e-05,-9.090342857100001e-05,0.0003787590857099272,1
122,1772846775484,-0.00011650525713999965,-0.00016110342857100004,0.00033585908570997035,1
123,1772846775487,-0.00011650525713999965,-0.00016110342857100004,0.00033585908570997035,1
124,1772846775490,-0.00011650525713999965,-0.00016110342857100004,0.00033585908570997035,1
0,1772846775541,-2.6805257139999802e-05,0.00012749657142899998,0.00035145908570997485,1
1,1772846775647,-6.190525713999952e-05,2.2196571428999973e-05,0.00024615908571,1
2,1772846775649,-6.580525713999891e-05,-0.00012990342857100004,0.00024615908571,1
3,1772846775653,-6.970525714000003e-05,-0.00017670342857100004,0.00019155908570998425,1
4,1772846775656,-6.970525714000003e-05,-0.00017670342857100004,0.00019155908570998425,1
5,1772846775659,-6.970525714000003e-05,0.00011579657142899997,0.0003943590857099317,1
6,1772846775662,-8.530525713999933e-05,0.00011579657142899997,0.0003943590857099317,1
7,1772846775665,-8.530525713999933e-05,0.00011579657142899997,0.0003943590857099317,1
8,1772846775667,-6.190525713999952e-05,6.509657142899999e-05,0.00038655908570992947,1
9,1772846775670,-6.190525713999952e-05,6.509657142899999e-05,0.00038655908570992947,1
10,1772846775673,-6.190525713999952e-05,6.509657142899999e-05,0.00038655908570992947,1
11,1772846775676,-0.00017110525713999979,-6.750342857100004e-05,0.0002032590857099321,1
12,1772846775678,-0.00017110525713999979,-6.750342857100004e-05,0.0002032590857099321,1
13,1772846775681,-0.00017110525713999979,-6.750342857100004e-05,0.0002032590857099321,1
14,1772846775684,-3.460525713999858e-05,6.899657142899997e-05,6.675908570994826e-05,1
15,1772846775687,-3.460525713999858e-05,6.899657142899997e-05,6.675908570994826e-05,1
16,1772846775689,-3.460525713999858e-05,6.899657142899997e-05,6.675908570994826e-05,1
17,1772846775692,-4.630525714000022e-05,-9.003428571000027e-06,0.000214959085709991,1
18,1772846775695,-4.630525714000022e-05,-9.003428571000027e-06,0.000214959085709991,1
19,1772846775697,-4.630525714000022e-05,-9.003428571000027e-06,0.000214959085709991,1
20,1772846775700,0.0001759947428599997,-9.003428571000027e-06,0.000214959085709991,1
21,1772846775703,0.0001759947428599997,-9.003428571000027e-06,0.000214959085709991,1
22,1772846775706,0.0001759947428599997,-9.003428571000027e-06,0.000214959085709991,1
23,1772846775708,-8.530525713999933e-05,0.00010019657142899997,0.00025785908570994786,1
24,1772846775711,-8.530525713999933e-05,0.00010019657142899997,0.00025785908570994786,1
25,1772846775714,-8.530525713999933e-05,0.00010019657142899997,0.00025785908570994786,1
26,1772846775717,-8.920525713999872e-05,6.509657142899999e-05,0.00033195908571002474,1
27,1772846775719,-8.920525713999872e-05,6.509657142899999e-05,0.00033195908571002474,1
28,1772846775722,-8.920525713999872e-05,6.509657142899999e-05,0.00033195908571002474,1
29,1772846775725,-9.310525713999984e-05,2.6965714289999866e-06,0.00042945908570999735,1
30,1772846775727,-9.310525713999984e-05,2.6965714289999866e-06,0.00042945908570999735,1
31,1772846775730,-9.310525713999984e-05,2.6965714289999866e-06,0.00042945908570999735,1
32,1772846775733,0.0001486947428600005,3.3896571428999986e-05,0.0004411590857099452,1
33,1772846775736,0.0001486947428600005,3.3896571428999986e-05,0.0004411590857099452,1
34,1772846775738,0.0001486947428600005,3.3896571428999986e-05,0.0004411590857099452,1
35,1772846775741,1.6094742860000427e-05,-6.750342857100004e-05,0.00020715908570998875,1
36,1772846775744,1.6094742860000427e-05,-6.750342857100004e-05,0.00020715908570998875,1
37,1772846775746,1.6094742860000427e-05,-6.750342857100004e-05,0.0003436590857099726,1
38,1772846775749,0.00010189474286000089,0.00018989657142899998,0.0003436590857099726,1
39,1772846775752,0.00010189474286000089,0.00018989657142899998,0.0003436590857099726,1
40,1772846775755,0.00010189474286000089,0.00012749657142899998,0.0003592590857099771,1
41,1772846775757,0.00019159474286000074,0.00012749657142899998,0.0003592590857099771,1
42,1772846775760,0.00019159474286000074,0.00012749657142899998,0.0003592590857099771,1
43,1772846775763,-1.9005257139999288e-05,6.119657142899994e-05,0.000277359085710009,1
44,1772846775766,-1.9005257139999288e-05,6.119657142899994e-05,0.000277359085710009,1
45,1772846775768,-1.9005257139999288e-05,6.119657142899994e-05,0.000277359085710009,1
46,1772846775771,-0.00010090525713999862,-7.140342857100003e-05,2.7759085709937008e-05,1
47,1772846775774,-0.00010090525713999862,-7.140342857100003e-05,2.7759085709937008e-05,1
48,1772846775777,-0.00010090525713999862,-7.140342857100003e-05,2.7759085709937008e-05,1
49,1772846775779,-4.24052571399991e-05,0.00012749657142899998,0.00024225908570994336,1
50,1772846775782,-4.24052571399991e-05,0.00012749657142899998,0.00024225908570994336,1
51,1772846775785,-4.24052571399991e-05,0.00012749657142899998,0.00024225908570994336,1
52,1772846775787,5.119474286000014e-05,-5.10342857100004e-06,0.0001330590857100229,1
53,1772846775790,5.119474286000014e-05,-5.10342857100004e-06,0.0001330590857100229,1
54,1772846775793,5.119474286000014e-05,-5.10342857100004e-06,0.0001330590857100229,1
55,1772846775796,5.899474286000066e-05,-0.000137703428571,-2.6840914289967717e-05,1
56,1772846775798,5.899474286000066e-05,-0.000137703428571,-2.6840914289967717e-05,1
57,1772846775801,5.899474286000066e-05,-0.000137703428571,-2.6840914289967717e-05,1
58,1772846775804,1.9994742859999817e-05,-4.410342857100001e-05,0.0005230590857100243,1
59,1772846775807,1.9994742859999817e-05,-4.410342857100001e-05,0.0005230590857100243,1
60,1772846775809,1.9994742859999817e-05,-4.410342857100001e-05,0.0005230590857100243,1
61,1772846775813,7.069474286000056e-05,4.9496571428999986e-05,0.00022665908570993886,1
62,1772846775815,7.069474286000056e-05,4.9496571428999986e-05,0.00022665908570993886,1
63,1772846775818,7.069474286000056e-05,4.9496571428999986e-05,0.0003436590857099726,1
64,1772846775821,-7.360525713999942e-05,4.9496571428999986e-05,0.0003436590857099726,1
65,1772846775824,-7.360525713999942e-05,4.9496571428999986e-05,0.0003436590857099726,1
66,1772846775827,-7.360525713999942e-05,6.119657142899994e-05,0.00025785908570994786,1
67,1772846775829,-0.00015940525713999988,6.119657142899994e-05,0.00025785908570994786,1
68,1772846775832,-0.00015940525713999988,6.119657142899994e-05,0.00025785908570994786,1
69,1772846775835,-0.00010090525713999862,-8.310342857100004e-05,0.00020715908570998875,1
70,1772846775838,-0.00010090525713999862,-8.310342857100004e-05,0.00020715908570998875,1
71,1772846775840,-0.00010090525713999862,-8.310342857100004e-05,0.00020715908570998875,1
72,1772846775843,0.0001096947428600014,-2.4603428571000026e-05,0.00014475908570997075,1
73,1772846775846,0.0001096947428600014,-2.4603428571000026e-05,0.00014475908570997075,1
74,1772846775849,0.0001096947428600014,-2.4603428571000026e-05,0.00014475908570997075,1
75,1772846775852,-0.00010870525713999914,-0.00016500342857100002,0.0005074590857100198,1
76,1772846775854,-0.00010870525713999914,-0.00016500342857100002,0.0005074590857100198,1
77,1772846775857,-0.00010870525713999914,-0.00016500342857100002,0.0005074590857100198,1
78,1772846775860,-5.020525713999961e-05,-0.00014160342857100002,0.0001876590857099276,1
79,1772846775863,-5.020525713999961e-05,-0.00014160342857100002,0.0001876590857099276,1
80,1772846775866,-5.020525713999961e-05,-0.00014160342857100002,0.0001876590857099276,1
81,1772846775869,-4.24052571399991e-05,1.049657142899996e-05,0.0001330590857100229,1
82,1772846775871,-4.24052571399991e-05,1.049657142899996e-05,0.0001330590857100229,1
83,1772846775874,-4.24052571399991e-05,1.049657142899996e-05,0.0002929590857100135,1
84,1772846775877,-6.190525713999952e-05,4.5596571429e-05,0.0002929590857100135,1
85,1772846775879,-6.190525713999952e-05,4.5596571429e-05,0.0002929590857100135,1
86,1772846775882,-6.190525713999952e-05,4.5596571429e-05,0.0003553590857100315,1
87,1772846775885,-6.190525713999952e-05,0.00015479657142899994,0.0003553590857100315,1
88,1772846775887,-6.190525713999952e-05,0.00015479657142899994,0.0003553590857100315,1
89,1772846775890,-6.190525713999952e-05,0.00015479657142899994,0.00023835908570999775,1
90,1772846775893,0.00014479474286000112,0.000295196571429,0.00023835908570999775,1
91,1772846775895,0.00014479474286000112,0.000295196571429,0.00023835908570999775,1
92,1772846775898,0.00014479474286000112,6.596571428999973e-06,1.9959085709934758e-05,1
93,1772846775901,8.294742859999912e-06,6.596571428999973e-06,1.9959085709934758e-05,1
94,1772846775904,8.294742859999912e-06,6.596571428999973e-06,1.9959085709934758e-05,1
95,1772846775907,8.294742859999912e-06,-0.000153303428571,0.00017205908571003414,1
96,1772846775909,-4.24052571399991e-05,-0.000153303428571,0.00017205908571003414,1
97,1772846775912,-4.24052571399991e-05,-0.000153303428571,0.00017205908571003414,1
98,1772846775915,-7.360525713999942e-05,7.6796571429e-05,0.00014475908570997075,1
99,1772846775918,-7.360525713999942e-05,7.6796571429e-05,0.00014475908570997075,1
100,1772846775920,-7.360525713999942e-05,7.6796571429e-05,0.00014475908570997075,1
101,1772846775923,4.394742860000522e-06,0.00010019657142899997,0.0001876590857099276,1
102,1772846775926,4.394742860000522e-06,0.00010019657142899997,0.0001876590857099276,1
103,1772846775928,4.394742860000522e-06,0.00010019657142899997,0.0001876590857099276,1
104,1772846775931,5.899474286000066e-05,0.000201596571429,0.0004216590857099951,1
105,1772846775934,5.899474286000066e-05,0.000201596571429,0.0004216590857099951,1
106,1772846775937,5.899474286000066e-05,0.000201596571429,0.0004216590857099951,1
107,1772846775939,-1.5105257139999897e-05,-0.00011430342857100004,0.0003241590857100225,1
108,1772846775942,-1.5105257139999897e-05,-0.00011430342857100004,0.0003241590857100225,1
109,1772846775945,-1.5105257139999897e-05,-0.00011430342857100004,0.0003241590857100225,1
110,1772846775947,-0.00011650525713999965,-5.190342857100004e-05,2.7759085709937008e-05,1
111,1772846775950,-0.00011650525713999965,-5.190342857100004e-05,2.7759085709937008e-05,1
112,1772846775953,-0.00011650525713999965,-5.190342857100004e-05,2.7759085709937008e-05,1
113,1772846775956,-3.850525713999971e-05,5.729657142899996e-05,0.0005035590857099632,1
114,1772846775959,-3.850525713999971e-05,5.729657142899996e-05,0.0005035590857099632,1
115,1772846775961,-3.850525713999971e-05,5.729657142899996e-05,0.0005035590857099632,1
116,1772846775964,-2.2905257139998678e-05,-0.00019230342857100004,0.0003592590857099771,1
117,1772846775967,-2.2905257139998678e-05,-0.00019230342857100004,0.0003592590857099771,1
118,1772846775970,-2.2905257139998678e-05,-0.00019230342857100004,0.0003592590857099771,1
119,1772846775972,1.6094742860000427e-05,-8.700342857100003e-05,7.45590857099505e-05,1
120,1772846775975,1.6094742860000427e-05,-8.700342857100003e-05,7.45590857099505e-05,1
121,1772846775978,1.6094742860000427e-05,-8.700342857100003e-05,0.00014475908570997075,1
122,1772846775980,6.679474286000117e-05,-6.360342857100005e-05,0.00014475908570997075,1
123,1772846775983,6.679474286000117e-05,-6.360342857100005e-05,0.00014475908570997075,1
124,1772846775986,6.679474286000117e-05,4.9496571428999986e-05,-0.0001789409142900671,1
0,1772846776028,-8.530525713999933e-05,4.5596571429e-05,0.00017985908571003639,1
1,1772846776051,-8.530525713999933e-05,4.5596571429e-05,0.00017985908571003639,1
2,1772846776093,2.3894742860000942e-05,0.00013529657142899996,-0.0001321409142900536,1
3,1772846776096,2.3894742860000942e-05,0.00013529657142899996,-0.0001321409142900536,1
4,1772846776099,2.7794742860000332e-05,6.119657142899994e-05,0.00017595908570997975,1
5,1772846776102,2.7794742860000332e-05,6.119657142899994e-05,0.00017595908570997975,1
6,1772846776104,2.7794742860000332e-05,6.119657142899994e-05,0.00017595908570997975,1
7,1772846776108,-5.800525714000013e-05,-6.360342857100005e-05,0.00027345908570995236,1
8,1772846776110,-5.800525714000013e-05,-6.360342857100005e-05,0.00027345908570995236,1
9,1772846776113,-5.800525714000013e-05,-6.360342857100005e-05,5.8959085709946006e-05,1
10,1772846776116,-2.2905257139998678e-05,-2.4603428571000026e-05,5.8959085709946006e-05,1
11,1772846776119,-2.2905257139998678e-05,-2.4603428571000026e-05,5.8959085709946006e-05,1
12,1772846776122,-2.2905257139998678e-05,-3.2403428571000053e-05,-5.41409142900311e-05,1
13,1772846776124,4.947428600011322e-07,-3.2403428571000053e-05,-5.41409142900311e-05,1
14,1772846776127,4.947428600011322e-07,-3.2403428571000053e-05,-5.41409142900311e-05,1
15,1772846776130,-9.700525713999923e-05,-0.00010650342857100001,9.0159085709955e-05,1
16,1772846776133,-9.700525713999923e-05,-0.00010650342857100001,9.0159085709955e-05,1
17,1772846776135,-9.700525713999923e-05,-0.00010650342857100001,9.0159085709955e-05,1
18,1772846776138,0.00014479474286000112,1.049657142899996e-05,9.0159085709955e-05,1
19,1772846776141,0.00014479474286000112,1.049657142899996e-05,9.0159085709955e-05,1
20,1772846776144,0.00014479474286000112,1.049657142899996e-05,9.0159085709955e-05,1
21,1772846776147,1.6094742860000427e-05,-5.10342857100004e-06,0.0004723590857099542,1
22,1772846776150,1.6094742860000427e-05,-5.10342857100004e-06,0.0004723590857099542,1
23,1772846776153,1.6094742860000427e-05,-5.10342857100004e-06,0.0004723590857099542,1
24,1772846776155,-9.700525713999923e-05,0.00010019657142899997,0.0005776590857099291,1
25,1772846776158,-9.700525713999923e-05,0.00010019657142899997,0.0005776590857099291,1
26,1772846776161,-9.700525713999923e-05,0.00010019657142899997,0.0005776590857099291,1
27,1772846776164,6.679474286000117e-05,0.000107996571429,0.00023835908570999775,1
28,1772846776167,6.679474286000117e-05,0.000107996571429,0.00023835908570999775,1
29,1772846776170,-0.00015550525713999876,1.4396571429e-05,0.0004411590857099452,1
30,1772846776173,-0.00015550525713999876,1.4396571429e-05,0.0004411590857099452,1
31,1772846776176,-0.00015550525713999876,1.4396571429e-05,0.0004411590857099452,1
32,1772846776179,0.0001486947428600005,0.00017429657142899993,0.0004216590857099951,1
33,1772846776181,0.0001486947428600005,0.00017429657142899993,0.0004216590857099951,1
34,1772846776184,0.0001486947428600005,0.00017429657142899993,0.0004216590857099951,1
35,1772846776187,-0.0001906052571400002,-0.000367803428571,0.0004684590857100086,1
36,1772846776190,-0.0001906052571400002,-0.000367803428571,0.0004684590857100086,1
37,1772846776192,-0.0001906052571400002,-0.000367803428571,0.0004684590857100086,1
38,1772846776195,5.119474286000014e-05,0.00022109657142899998,-0.00031934091428999656,1
39,1772846776198,5.119474286000014e-05,0.00022109657142899998,-0.00031934091428999656,1
40,1772846776201,5.119474286000014e-05,0.00022109657142899998,-0.00031934091428999656,1
41,1772846776204,-5.800525714000013e-05,0.00016259657142899992,0.0003280590857099681,1
42,1772846776207,-5.800525714000013e-05,0.00016259657142899992,0.0003280590857099681,1
43,1772846776209,-0.00015940525713999988,-0.00030150342857100003,0.0005815590857099857,1
44,1772846776212,-0.00015940525713999988,-0.00030150342857100003,0.0005815590857099857,1
45,1772846776215,-0.00015940525713999988,-0.00030150342857100003,0.0005815590857099857,1
46,1772846776218,5.119474286000014e-05,-9.003428571000027e-06,0.0003748590857099816,1
47,1772846776221,5.119474286000014e-05,-9.003428571000027e-06,0.0003748590857099816,1
48,1772846776223,5.119474286000014e-05,-9.003428571000027e-06,0.0003748590857099816,1
49,1772846776226,-3.850525713999971e-05,5.729657142899996e-05,-0.00031934091428999656,1
50,1772846776229,-3.850525713999971e-05,5.729657142899996e-05,-0.00031934091428999656,1
51,1772846776232,-3.850525713999971e-05,5.729657142899996e-05,-0.00031934091428999656,1
52,1772846776234,8.239474286000047e-05,0.000295196571429,0.00046065908571000635,1
53,1772846776237,8.239474286000047e-05,0.000295196571429,0.00046065908571000635,1
54,1772846776240,8.239474286000047e-05,0.000295196571429,0.00046065908571000635,1
55,1772846776243,0.00014479474286000112,6.596571428999973e-06,0.0005308590857100266,1
56,1772846776246,0.00014479474286000112,6.596571428999973e-06,0.0005308590857100266,1
57,1772846776249,0.00014479474286000112,6.596571428999973e-06,6.675908570994826e-05,1
58,1772846776252,-6.580525713999891e-05,-0.000266403428571,6.675908570994826e-05,1
59,1772846776254,-6.580525713999891e-05,-0.000266403428571,6.675908570994826e-05,1
60,1772846776257,-6.580525713999891e-05,-0.00012600342857100002,6.675908570994826e-05,1
61,1772846776260,4.947428600011322e-07,-0.00012600342857100002,6.675908570994826e-05,1
62,1772846776263,4.947428600011322e-07,-0.00012600342857100002,6.675908570994826e-05,1
63,1772846776265,0.00011359474286000079,2.609657142899996e-05,4.359085709930259e-06,1
64,1772846776268,0.00011359474286000079,2.609657142899996e-05,4.359085709930259e-06,1
65,1772846776271,0.00011359474286000079,2.609657142899996e-05,4.359085709930259e-06,1
66,1772846776273,-4.24052571399991e-05,0.00011969657142899996,0.0003904590857099861,1
67,1772846776276,-4.24052571399991e-05,0.00011969657142899996,0.0003904590857099861,1
68,1772846776279,-4.24052571399991e-05,0.00011969657142899996,0.0003904590857099861,1
69,1772846776282,-9.310525713999984e-05,-0.00014550342857100004,0.0003241590857100225,1
70,1772846776284,-9.310525713999984e-05,-0.00014550342857100004,0.0003241590857100225,1
71,1772846776287,-9.310525713999984e-05,-0.00014550342857100004,0.0003241590857100225,1
72,1772846776290,-4.24052571399991e-05,-5.5803428571000026e-05,0.0002305590857099955,1
73,1772846776293,-4.24052571399991e-05,-5.5803428571000026e-05,0.0002305590857099955,1
74,1772846776295,-4.24052571399991e-05,-5.5803428571000026e-05,0.0002305590857099955,1
75,1772846776298,-6.970525714000003e-05,0.000232796571429,0.000121359085709964,1
76,1772846776301,-6.970525714000003e-05,0.000232796571429,0.000121359085709964,1
77,1772846776303,-6.970525714000003e-05,0.000232796571429,0.000121359085709964,1
78,1772846776306,0.00010579474286000028,-5.10342857100004e-06,0.00038655908570992947,1
79,1772846776309,0.00010579474286000028,-5.10342857100004e-06,0.00038655908570992947,1
80,1772846776312,0.00010579474286000028,-5.10342857100004e-06,0.00038655908570992947,1
81,1772846776315,-5.020525713999961e-05,-9.480342857100005e-05,0.00022275908570999325,1
82,1772846776317,-5.020525713999961e-05,-9.480342857100005e-05,0.00022275908570999325,1
83,1772846776320,-5.020525713999961e-05,-9.480342857100005e-05,0.00022275908570999325,1
84,1772846776323,-0.00016330525713999927,-9.090342857100001e-05,0.0003241590857100225,1
85,1772846776325,-0.00016330525713999927,-9.090342857100001e-05,0.0003241590857100225,1
86,1772846776328,-0.00016330525713999927,-9.090342857100001e-05,0.0003241590857100225,1
87,1772846776331,1.2194742860001037e-05,-7.140342857100003e-05,-1.9040914289965467e-05,1
88,1772846776334,1.2194742860001037e-05,-7.140342857100003e-05,-1.9040914289965467e-05,1
89,1772846776336,1.2194742860001037e-05,-7.140342857100003e-05,-1.9040914289965467e-05,1
90,1772846776339,1.9994742859999817e-05,-0.00014160342857100002,1.9959085709934758e-05,1
91,1772846776342,1.9994742859999817e-05,-0.00014160342857100002,1.9959085709934758e-05,1
92,1772846776345,1.9994742859999817e-05,-0.00014160342857100002,0.00014085908571002514,1
93,1772846776347,0.0001096947428600014,-2.8503428571000013e-05,0.00014085908571002514,1
94,1772846776351,0.0001096947428600014,-2.8503428571000013e-05,0.00014085908571002514,1
95,1772846776353,-0.00012430525714000017,-0.00021180342857100002,0.0003592590857099771,1
96,1772846776356,-0.00012430525714000017,-0.00021180342857100002,0.0003592590857099771,1
97,1772846776359,-0.00012430525714000017,-0.00021180342857100002,0.0003592590857099771,1
98,1772846776362,-3.4052571399999926e-06,0.000107996571429,7.845908571000714e-05,1
99,1772846776364,-3.4052571399999926e-06,0.000107996571429,7.845908571000714e-05,1
100,1772846776367,-3.4052571399999926e-06,0.000107996571429,7.845908571000714e-05,1
101,1772846776370,1.9994742859999817e-05,0.000150896571429,0.0001369590857099685,1
102,1772846776373,1.9994742859999817e-05,0.000150896571429,0.0001369590857099685,1
103,1772846776375,1.9994742859999817e-05,0.000150896571429,0.0001369590857099685,1
104,1772846776379,-0.00012820525713999956,6.596571428999973e-06,0.0002968590857099591,1
105,1772846776383,-0.00012820525713999956,6.596571428999973e-06,0.0002968590857099591,1
106,1772846776386,-7.305257139999383e-06,-8.310342857100004e-05,0.00052695908570997,1
107,1772846776389,-7.305257139999383e-06,-8.310342857100004e-05,0.00052695908570997,1
108,1772846776393,0.0001369947428600006,-5.5803428571000026e-05,0.0002968590857099591,1
109,1772846776396,0.0001369947428600006,-5.5803428571000026e-05,0.0002968590857099591,1
110,1772846776399,0.0001369947428600006,-5.5803428571000026e-05,0.0002968590857099591,1
111,1772846776401,-4.24052571399991e-05,1.049657142899996e-05,0.00027345908570995236,1
112,1772846776404,-4.24052571399991e-05,1.049657142899996e-05,0.00027345908570995236,1
113,1772846776407,-4.24052571399991e-05,1.049657142899996e-05,0.00027345908570995236,1
114,1772846776410,-0.00010870525713999914,5.729657142899996e-05,0.0001330590857100229,1
115,1772846776412,-0.00010870525713999914,5.729657142899996e-05,0.0001330590857100229,1
116,1772846776415,-0.00010870525713999914,5.729657142899996e-05,0.0001330590857100229,1
117,1772846776418,-5.020525713999961e-05,4.169657142899996e-05,0.00038655908570992947,1
118,1772846776421,-5.020525713999961e-05,4.169657142899996e-05,0.00038655908570992947,1
119,1772846776424,-5.020525713999961e-05,4.169657142899996e-05,0.00038655908570992947,1
120,1772846776427,-9.310525713999984e-05,-4.0203428571000026e-05,-0.00014384091429000146,1
121,1772846776430,-9.310525713999984e-05,-4.0203428571000026e-05,-0.00014384091429000146,1
122,1772846776432,-9.310525713999984e-05,0.00019379657142900002,0.0001330590857100229,1
123,1772846776435,3.169474285999972e-05,0.00019379657142900002,0.0001330590857100229,1
124,1772846776438,3.169474285999972e-05,0.00019379657142900002,0.0001330590857100229,1
0,1772846776482,-0.00016330525713999927,3.779657142899997e-05,0.0002968590857099591,1
1,1772846776488,-1.9005257139999288e-05,9.239657142899994e-05,7.065908571000489e-05,1
2,1772846776491,-5.4105257139999e-05,6.899657142899997e-05,0.0001681590857099775,1
3,1772846776544,-5.4105257139999e-05,6.899657142899997e-05,0.0001681590857099775,1
4,1772846776556,-0.00011260525714000026,9.629657142899998e-05,0.000277359085710009,1
5,1772846776559,-0.00011260525714000026,9.629657142899998e-05,0.000277359085710009,1
6,1772846776562,-0.00010870525713999914,-7.530342857100001e-05,0.0002968590857099591,1
7,1772846776566,-0.00010870525713999914,-7.530342857100001e-05,0.0002968590857099591,1
8,1772846776569,4.339474286000136e-05,1.049657142899996e-05,0.00030075908571001574,1
9,1772846776573,4.339474286000136e-05,1.049657142899996e-05,0.00030075908571001574,1
10,1772846776576,9.799474285999976e-05,7.6796571429e-05,0.000277359085710009,1
11,1772846776580,9.799474285999976e-05,7.6796571429e-05,0.000277359085710009,1
12,1772846776582,9.799474285999976e-05,7.6796571429e-05,0.000277359085710009,1
13,1772846776585,-0.00012040525713999904,1.4396571429e-05,0.00030075908571001574,1
14,1772846776588,-0.00012040525713999904,1.4396571429e-05,0.00030075908571001574,1
15,1772846776591,-0.00012040525713999904,1.4396571429e-05,0.00030075908571001574,1
16,1772846776593,-3.4052571399999926e-06,-0.000184503428571,0.0002656590857099501,1
17,1772846776596,-3.4052571399999926e-06,-0.000184503428571,0.0002656590857099501,1
18,1772846776599,-3.4052571399999926e-06,-0.000184503428571,0.0002656590857099501,1
19,1772846776602,3.169474285999972e-05,2.6965714289999866e-06,0.00025395908571000225,1
20,1772846776605,3.169474285999972e-05,2.6965714289999866e-06,0.00025395908571000225,1
21,1772846776608,3.169474285999972e-05,0.000139196571429,8.235908570995275e-05,1
22,1772846776611,0.0001252947428600007,0.000139196571429,8.235908570995275e-05,1
23,1772846776613,0.0001252947428600007,0.000139196571429,8.235908570995275e-05,1
24,1772846776616,9.799474285999976e-05,8.849657142899996e-05,0.00026955908571000674,1
25,1772846776619,9.799474285999976e-05,8.849657142899996e-05,0.00026955908571000674,1
26,1772846776622,9.799474285999976e-05,8.849657142899996e-05,0.00026955908571000674,1
27,1772846776625,1.6094742860000427e-05,-9.003428571000027e-06,-4.2440914289972216e-05,1
28,1772846776628,1.6094742860000427e-05,-9.003428571000027e-06,-4.2440914289972216e-05,1
29,1772846776631,1.6094742860000427e-05,-9.003428571000027e-06,-4.2440914289972216e-05,1
30,1772846776633,-3.460525713999858e-05,-8.310342857100004e-05,0.00019545908570992986,1
31,1772846776636,-3.460525713999858e-05,-8.310342857100004e-05,0.00019545908570992986,1
32,1772846776639,-3.460525713999858e-05,-8.310342857100004e-05,0.00019545908570992986,1
33,1772846776642,0.0001330947428600012,-2.4603428571000026e-05,0.00019155908570998425,1
34,1772846776645,0.0001330947428600012,-2.4603428571000026e-05,0.00019155908570998425,1
35,1772846776647,0.0001330947428600012,-2.4603428571000026e-05,0.00021105908570993436,1
36,1772846776651,-0.00010480525713999975,-9.480342857100005e-05,0.00021105908570993436,1
37,1772846776655,-0.00010480525713999975,-9.480342857100005e-05,0.00021105908570993436,1
38,1772846776658,-5.800525714000013e-05,4.169657142899996e-05,0.00026955908571000674,1
39,1772846776661,-5.800525714000013e-05,4.169657142899996e-05,0.00026955908571000674,1
40,1772846776665,0.00016819474286000093,-4.410342857100001e-05,0.00030075908571001574,1
41,1772846776668,0.00016819474286000093,-4.410342857100001e-05,0.00030075908571001574,1
42,1772846776671,0.00016819474286000093,-4.410342857100001e-05,0.00030075908571001574,1
43,1772846776673,9.799474285999976e-05,0.00011579657142899997,0.00026955908571000674,1
44,1772846776676,9.799474285999976e-05,0.00011579657142899997,0.00026955908571000674,1
45,1772846776679,9.799474285999976e-05,0.00011579657142899997,0.00026955908571000674,1
46,1772846776682,3.169474285999972e-05,0.00011579657142899997,0.00017985908571003639,1
47,1772846776685,3.169474285999972e-05,0.00011579657142899997,0.00017985908571003639,1
48,1772846776688,7.069474286000056e-05,0.000244496571429,0.0003943590857099317,1
49,1772846776691,7.069474286000056e-05,0.000244496571429,0.0003943590857099317,1
50,1772846776693,7.069474286000056e-05,0.000244496571429,0.0003943590857099317,1
51,1772846776696,-0.00019840525713999899,0.000139196571429,0.00028515908571001124,1
52,1772846776699,-0.00019840525713999899,0.000139196571429,0.00028515908571001124,1
53,1772846776702,-0.00019840525713999899,0.000139196571429,0.00028515908571001124,1
54,1772846776705,-5.020525713999961e-05,3.3896571428999986e-05,0.0002968590857099591,1
55,1772846776708,-5.020525713999961e-05,3.3896571428999986e-05,0.0002968590857099591,1
56,1772846776711,-5.020525713999961e-05,3.3896571428999986e-05,0.0002968590857099591,1
57,1772846776714,4.394742860000522e-06,-2.4603428571000026e-05,0.000183759085709982,1
58,1772846776716,4.394742860000522e-06,-2.4603428571000026e-05,0.000183759085709982,1
59,1772846776719,4.394742860000522e-06,-2.4603428571000026e-05,0.0003787590857099272,1
60,1772846776722,6.289474286000005e-05,-2.070342857100004e-05,0.0003787590857099272,1
61,1772846776725,6.289474286000005e-05,-2.070342857100004e-05,0.0003787590857099272,1
62,1772846776728,9.799474285999976e-05,-0.00010260342857100003,0.00025395908571000225,1
63,1772846776731,9.799474285999976e-05,-0.00010260342857100003,0.00025395908571000225,1
64,1772846776734,9.799474285999976e-05,-0.00010260342857100003,0.00025395908571000225,1
65,1772846776736,2.3894742860000942e-05,-7.9203428571e-05,0.0002188590857099366,1
66,1772846776739,2.3894742860000942e-05,-7.9203428571e-05,0.0002188590857099366,1
67,1772846776743,2.3894742860000942e-05,-7.9203428571e-05,0.0002188590857099366,1
68,1772846776747,5.509474286000127e-05,-5.10342857100004e-06,0.0002032590857099321,1
69,1772846776750,5.509474286000127e-05,-5.10342857100004e-06,0.0002032590857099321,1
70,1772846776755,3.169474285999972e-05,-9.480342857100005e-05,0.0004840590857100131,1
71,1772846776758,3.169474285999972e-05,-9.480342857100005e-05,0.0004840590857100131,1
72,1772846776760,-1.9005257139999288e-05,6.509657142899999e-05,0.00024225908570994336,1
73,1772846776763,-1.9005257139999288e-05,6.509657142899999e-05,0.00024225908570994336,1
74,1772846776766,-1.9005257139999288e-05,6.509657142899999e-05,0.00024225908570994336,1
75,1772846776769,7.459474285999995e-05,-2.4603428571000026e-05,0.00023835908570999775,1
76,1772846776772,7.459474285999995e-05,-2.4603428571000026e-05,0.00023835908570999775,1
77,1772846776775,7.459474285999995e-05,-2.4603428571000026e-05,0.00023835908570999775,1
78,1772846776778,-1.1205257139998773e-05,-8.700342857100003e-05,0.0004372590857099996,1
79,1772846776780,-1.1205257139998773e-05,-8.700342857100003e-05,0.0004372590857099996,1
80,1772846776783,-1.1205257139998773e-05,-8.700342857100003e-05,0.0001642590857100319,1
81,1772846776786,-0.00017110525713999979,-8.700342857100003e-05,0.0001642590857100319,1
82,1772846776789,-0.00017110525713999979,-8.700342857100003e-05,0.0001642590857100319,1
83,1772846776791,4.947428600011322e-07,0.00021719657142899994,2.3859085709991394e-05,1
84,1772846776794,4.947428600011322e-07,0.00021719657142899994,2.3859085709991394e-05,1
85,1772846776797,4.947428600011322e-07,0.00021719657142899994,2.3859085709991394e-05,1
86,1772846776800,8.239474286000047e-05,6.899657142899997e-05,0.00024225908570994336,1
87,1772846776803,8.239474286000047e-05,6.899657142899997e-05,0.00024225908570994336,1
88,1772846776806,8.239474286000047e-05,6.899657142899997e-05,0.00024225908570994336,1
89,1772846776809,3.949474286000024e-05,2.9996571428999945e-05,0.00014085908571002514,1
90,1772846776812,3.949474286000024e-05,2.9996571428999945e-05,0.00014085908571002514,1
91,1772846776814,3.949474286000024e-05,2.9996571428999945e-05,0.00014085908571002514,1
92,1772846776817,8.239474286000047e-05,3.3896571428999986e-05,0.00026955908571000674,1
93,1772846776820,8.239474286000047e-05,3.3896571428999986e-05,0.00026955908571000674,1
94,1772846776823,8.239474286000047e-05,3.3896571428999986e-05,0.00021105908570993436,1
95,1772846776826,9.409474286000037e-05,3.3896571428999986e-05,0.00021105908570993436,1
96,1772846776829,9.409474286000037e-05,3.3896571428999986e-05,0.00021105908570993436,1
97,1772846776832,4.729474286000075e-05,-8.700342857100003e-05,0.00021105908570993436,1
98,1772846776835,4.729474286000075e-05,-8.700342857100003e-05,0.00021105908570993436,1
99,1772846776838,4.729474286000075e-05,-8.700342857100003e-05,0.00021105908570993436,1
100,1772846776842,-1.1205257139998773e-05,2.6965714289999866e-06,0.00021105908570993436,1
101,1772846776845,-1.1205257139998773e-05,2.6965714289999866e-06,0.00021105908570993436,1
102,1772846776848,-0.00012430525714000017,0.00017429657142899993,0.00038265908570998385,1
103,1772846776851,-0.00012430525714000017,0.00017429657142899993,0.00038265908570998385,1
104,1772846776853,-0.00012430525714000017,0.00017429657142899993,0.00038265908570998385,1
105,1772846776856,-1.5105257139999897e-05,7.6796571429e-05,0.0002500590857099456,1
106,1772846776859,-1.5105257139999897e-05,7.6796571429e-05,0.0002500590857099456,1
107,1772846776862,-1.5105257139999897e-05,7.6796571429e-05,0.0002500590857099456,1
108,1772846776865,7.459474285999995e-05,-7.530342857100001e-05,0.0001330590857100229,1
109,1772846776867,7.459474285999995e-05,-7.530342857100001e-05,0.0001330590857100229,1
110,1772846776870,7.459474285999995e-05,-7.530342857100001e-05,0.0001330590857100229,1
111,1772846776873,-2.6805257139999802e-05,-0.00013380342857100002,0.00025785908570994786,1
112,1772846776876,-2.6805257139999802e-05,-0.00013380342857100002,0.00025785908570994786,1
113,1772846776879,-2.6805257139999802e-05,4.9496571428999986e-05,0.00027345908570995236,1
114,1772846776882,-5.800525714000013e-05,4.9496571428999986e-05,0.00027345908570995236,1
115,1772846776885,-5.800525714000013e-05,4.9496571428999986e-05,0.00027345908570995236,1
116,1772846776888,8.239474286000047e-05,-9.090342857100001e-05,0.00034755908571002924,1
117,1772846776890,8.239474286000047e-05,-9.090342857100001e-05,0.00034755908571002924,1
118,1772846776893,8.239474286000047e-05,-9.090342857100001e-05,0.00034755908571002924,1
119,1772846776897,8.239474286000047e-05,3.779657142899997e-05,0.0004528590857100041,1
120,1772846776899,8.239474286000047e-05,3.779657142899997e-05,0.0004528590857100041,1
121,1772846776902,8.239474286000047e-05,3.779657142899997e-05,0.0004528590857100041,1
122,1772846776905,-2.2905257139998678e-05,7.6796571429e-05,9.0159085709955e-05,1
123,1772846776908,-2.2905257139998678e-05,7.6796571429e-05,9.0159085709955e-05,1
124,1772846776910,-2.2905257139998678e-05,7.6796571429e-05,0.00022275908570999325,1
0,1772846776956,-8.920525713999872e-05,6.119657142899994e-05,0.00010185908571001389,1
1,1772846776959,-4.24052571399991e-05,-3.630342857100004e-05,0.0005074590857100198,1
2,1772846776971,-4.24052571399991e-05,-3.630342857100004e-05,0.0005074590857100198,1
3,1772846777025,-6.970525714000003e-05,2.609657142899996e-05,0.0005386590857100288,1
4,1772846777028,-6.970525714000003e-05,2.609657142899996e-05,0.0005386590857100288,1
5,1772846777032,-9.700525713999923e-05,-2.8503428571000013e-05,-4.2440914289972216e-05,1
6,1772846777036,-9.700525713999923e-05,-2.8503428571000013e-05,-4.2440914289972216e-05,1
7,1772846777039,4.339474286000136e-05,-9.480342857100005e-05,-0.00012044091428999471,1
8,1772846777041,4.339474286000136e-05,-9.480342857100005e-05,-0.00012044091428999471,1
9,1772846777044,4.339474286000136e-05,-9.480342857100005e-05,-0.00012044091428999471,1
10,1772846777047,-0.00018670525713999908,-5.5803428571000026e-05,1.2159085709932509e-05,1
11,1772846777050,-0.00018670525713999908,-5.5803428571000026e-05,1.2159085709932509e-05,1
12,1772846777053,-0.00018670525713999908,-5.5803428571000026e-05,1.2159085709932509e-05,1
13,1772846777056,-0.00010090525713999862,0.00011969657142899996,-5.41409142900311e-05,1
14,1772846777059,-0.00010090525713999862,0.00011969657142899996,-5.41409142900311e-05,1
15,1772846777062,-0.00010090525713999862,0.00011969657142899996,-5.41409142900311e-05,1
16,1772846777065,7.849474286000108e-05,0.00012749657142899998,0.00025395908571000225,1
17,1772846777067,7.849474286000108e-05,0.00012749657142899998,0.00025395908571000225,1
18,1772846777070,7.849474286000108e-05,0.00012749657142899998,0.00031635908571002024,1
19,1772846777073,-0.00013990525713999946,-8.700342857100003e-05,0.00031635908571002024,1
20,1772846777076,-0.00013990525713999946,-8.700342857100003e-05,0.00031635908571002024,1
21,1772846777078,-3.4052571399999926e-06,1.049657142899996e-05,0.000308559085710018,1
22,1772846777081,-3.4052571399999926e-06,1.049657142899996e-05,0.000308559085710018,1
23,1772846777084,-3.4052571399999926e-06,1.049657142899996e-05,0.000308559085710018,1
24,1772846777087,0.00014479474286000112,-4.8003428571e-05,0.00030075908571001574,1
25,1772846777089,0.00014479474286000112,-4.8003428571e-05,0.00030075908571001574,1
26,1772846777092,0.00014479474286000112,-4.8003428571e-05,0.00030075908571001574,1
27,1772846777095,-3.4052571399999926e-06,3.3896571428999986e-05,0.00024615908571,1
28,1772846777097,-3.4052571399999926e-06,3.3896571428999986e-05,0.00024615908571,1
29,1772846777100,-3.4052571399999926e-06,3.3896571428999986e-05,0.00024615908571,1
30,1772846777103,8.294742859999912e-06,-7.9203428571e-05,3.555908570993926e-05,1
31,1772846777106,8.294742859999912e-06,-7.9203428571e-05,3.555908570993926e-05,1
32,1772846777108,8.294742859999912e-06,-7.9203428571e-05,3.555908570993926e-05,1
33,1772846777111,0.00016819474286000093,-4.0203428571000026e-05,0.00019155908570998425,1
34,1772846777115,0.00016819474286000093,-4.0203428571000026e-05,0.00019155908570998425,1
35,1772846777118,0.00016819474286000093,-4.0203428571000026e-05,0.00030465908570996136,1
36,1772846777121,-0.0001789052571400003,8.459657142899997e-05,0.00030465908570996136,1
37,1772846777125,-0.0001789052571400003,8.459657142899997e-05,0.00030465908570996136,1
38,1772846777128,-0.00015940525713999988,-5.5803428571000026e-05,0.00038655908570992947,1
39,1772846777130,-0.00015940525713999988,-5.5803428571000026e-05,0.00038655908570992947,1
40,1772846777133,-0.00015940525713999988,-5.5803428571000026e-05,0.00038655908570992947,1
41,1772846777136,4.947428600011322e-07,-1.6803428571e-05,0.00027345908570995236,1
42,1772846777139,4.947428600011322e-07,-1.6803428571e-05,0.00027345908570995236,1
43,1772846777141,4.947428600011322e-07,-1.6803428571e-05,0.00027345908570995236,1
44,1772846777144,5.119474286000014e-05,-6.750342857100004e-05,0.0002500590857099456,1
45,1772846777147,5.119474286000014e-05,-6.750342857100004e-05,0.0002500590857099456,1
46,1772846777150,5.119474286000014e-05,-6.750342857100004e-05,0.00028515908571001124,1
47,1772846777153,-5.800525714000013e-05,2.9996571428999945e-05,0.00028515908571001124,1
48,1772846777156,-5.800525714000013e-05,2.9996571428999945e-05,0.00028515908571001124,1
49,1772846777159,1.2194742860001037e-05,6.596571428999973e-06,0.0004411590857099452,1
50,1772846777162,1.2194742860001037e-05,6.596571428999973e-06,0.0004411590857099452,1
51,1772846777164,1.2194742860001037e-05,6.596571428999973e-06,0.0004411590857099452,1
52,1772846777167,-6.580525713999891e-05,5.729657142899996e-05,0.0002188590857099366,1
53,1772846777170,-6.580525713999891e-05,5.729657142899996e-05,0.0002188590857099366,1
54,1772846777173,-6.580525713999891e-05,5.729657142899996e-05,0.0002188590857099366,1
55,1772846777176,-1.1205257139998773e-05,7.289657142899996e-05,0.0002305590857099955,1
56,1772846777178,-1.1205257139998773e-05,7.289657142899996e-05,0.0002305590857099955,1
57,1772846777181,-1.1205257139998773e-05,7.289657142899996e-05,0.0002305590857099955,1
58,1772846777185,-0.00013600525714000007,0.00026789657142899993,0.00022665908570993886,1
59,1772846777187,-0.00013600525714000007,0.00026789657142899993,0.00022665908570993886,1
60,1772846777190,-5.020525713999961e-05,0.00013529657142899996,9.0159085709955e-05,1
61,1772846777193,-5.020525713999961e-05,0.00013529657142899996,9.0159085709955e-05,1
62,1772846777195,-5.020525713999961e-05,0.00013529657142899996,9.0159085709955e-05,1
63,1772846777198,-5.800525714000013e-05,-7.140342857100003e-05,0.000339759085710027,1
64,1772846777201,-5.800525714000013e-05,-7.140342857100003e-05,0.000339759085710027,1
65,1772846777205,-5.800525714000013e-05,-7.140342857100003e-05,0.000339759085710027,1
66,1772846777208,0.0001213947428600013,0.00013529657142899996,0.00035145908570997485,1
67,1772846777211,0.0001213947428600013,0.00013529657142899996,0.00035145908570997485,1
68,1772846777215,0.00018379474286000022,6.119657142899994e-05,0.000214959085709991,1
69,1772846777218,0.00018379474286000022,6.119657142899994e-05,0.000214959085709991,1
70,1772846777221,0.00018379474286000022,6.119657142899994e-05,0.000214959085709991,1
71,1772846777224,-2.2905257139998678e-05,0.00017819657142899997,0.000152559085709973,1
72,1772846777226,-2.2905257139998678e-05,0.00017819657142899997,0.000152559085709973,1
73,1772846777229,-2.2905257139998678e-05,0.00017819657142899997,0.000152559085709973,1
74,1772846777232,-3.070525713999919e-05,0.00023669657142899993,0.00017205908571003414,1
75,1772846777234,-3.070525713999919e-05,0.00023669657142899993,0.00017205908571003414,1
76,1772846777237,-3.070525713999919e-05,0.00023669657142899993,0.00017205908571003414,1
77,1772846777240,8.239474286000047e-05,0.00013529657142899996,0.00036705908570997935,1
78,1772846777243,8.239474286000047e-05,0.00013529657142899996,0.00036705908570997935,1
79,1772846777245,8.239474286000047e-05,0.00013529657142899996,0.0003124590857099636,1
80,1772846777248,0.00012919474286000009,0.00016649657142899996,0.0003124590857099636,1
81,1772846777251,0.00012919474286000009,0.00016649657142899996,0.0003124590857099636,1
82,1772846777254,0.00012919474286000009,-0.00010260342857100003,2.3859085709991394e-05,1
83,1772846777256,-5.020525713999961e-05,-0.00010260342857100003,2.3859085709991394e-05,1
84,1772846777260,-5.020525713999961e-05,-0.00010260342857100003,2.3859085709991394e-05,1
85,1772846777262,-7.305257139999383e-06,-8.310342857100004e-05,6.285908571000264e-05,1
86,1772846777265,-7.305257139999383e-06,-8.310342857100004e-05,6.285908571000264e-05,1
87,1772846777268,-7.305257139999383e-06,-8.310342857100004e-05,6.285908571000264e-05,1
88,1772846777271,0.00010189474286000089,-0.00014550342857100004,0.0002032590857099321,1
89,1772846777273,0.00010189474286000089,-0.00014550342857100004,0.0002032590857099321,1
90,1772846777276,0.00010189474286000089,-0.00014550342857100004,0.0002032590857099321,1
91,1772846777279,-5.4105257139999e-05,6.596571428999973e-06,0.0002929590857100135,1
92,1772846777282,-5.4105257139999e-05,6.596571428999973e-06,0.0002929590857100135,1
93,1772846777284,-5.4105257139999e-05,6.596571428999973e-06,0.0002929590857100135,1
94,1772846777287,-1.9005257139999288e-05,-5.190342857100004e-05,0.00038655908570992947,1
95,1772846777290,-1.9005257139999288e-05,-5.190342857100004e-05,0.00038655908570992947,1
96,1772846777293,-1.9005257139999288e-05,-5.190342857100004e-05,0.00038655908570992947,1
97,1772846777296,-0.00010480525713999975,3.3896571428999986e-05,0.00021105908570993436,1
98,1772846777300,-0.00010480525713999975,3.3896571428999986e-05,0.00021105908570993436,1
99,1772846777305,0.00014089474286,9.239657142899994e-05,0.00025785908570994786,1
100,1772846777307,0.00014089474286,9.239657142899994e-05,0.00025785908570994786,1
101,1772846777310,6.289474286000005e-05,2.6965714289999866e-06,0.00024225908570994336,1
102,1772846777313,6.289474286000005e-05,2.6965714289999866e-06,0.00024225908570994336,1
103,1772846777316,6.289474286000005e-05,2.6965714289999866e-06,0.00024225908570994336,1
104,1772846777319,-4.630525714000022e-05,7.6796571429e-05,0.00022665908570993886,1
105,1772846777321,-4.630525714000022e-05,7.6796571429e-05,0.00022665908570993886,1
106,1772846777324,-4.630525714000022e-05,7.6796571429e-05,0.00022665908570993886,1
107,1772846777327,-8.920525713999872e-05,-5.190342857100004e-05,0.0005737590857099835,1
108,1772846777330,-8.920525713999872e-05,-5.190342857100004e-05,0.0005737590857099835,1
109,1772846777332,-8.920525713999872e-05,-5.190342857100004e-05,0.0005737590857099835,1
110,1772846777335,7.849474286000108e-05,-8.700342857100003e-05,0.00041775908570993846,1
111,1772846777338,7.849474286000108e-05,-8.700342857100003e-05,0.00041775908570993846,1
112,1772846777341,7.849474286000108e-05,-8.700342857100003e-05,0.00041775908570993846,1
113,1772846777344,0.00010579474286000028,4.169657142899996e-05,0.00026955908571000674,1
114,1772846777347,0.00010579474286000028,4.169657142899996e-05,0.00026955908571000674,1
115,1772846777349,0.00010579474286000028,4.5596571429e-05,6.285908571000264e-05,1
116,1772846777352,-9.310525713999984e-05,4.5596571429e-05,6.285908571000264e-05,1
117,1772846777355,-9.310525713999984e-05,4.5596571429e-05,6.285908571000264e-05,1
118,1772846777357,7.849474286000108e-05,1.4396571429e-05,0.00022275908570999325,1
119,1772846777360,7.849474286000108e-05,1.4396571429e-05,0.00022275908570999325,1
120,1772846777363,7.849474286000108e-05,1.4396571429e-05,0.00022275908570999325,1
121,1772846777366,-0.00014770525713999998,-0.00018840342857100002,0.00025785908570994786,1
122,1772846777369,-0.00014770525713999998,-0.00018840342857100002,0.00025785908570994786,1
123,1772846777371,-0.00014770525713999998,-0.00018840342857100002,0.00025785908570994786,1
124,1772846777374,-1.9005257139999288e-05,-7.9203428571e-05,0.00020715908570998875,1
0,1772846777422,8.294742859999912e-06,1.8296571428999986e-05,0.0002617590857100045,1
1,1772846777460,8.294742859999912e-06,4.9496571428999986e-05,0.0001876590857099276,1
2,1772846777472,1.6094742860000427e-05,-4.0203428571000026e-05,0.00033195908571002474,1
3,1772846777479,-5.020525713999961e-05,0.00012359657142899994,0.00021105908570993436,1
4,1772846777491,5.509474286000127e-05,-3.630342857100004e-05,0.00022275908570999325,1
5,1772846777494,-6.580525713999891e-05,6.119657142899994e-05,0.00016035908570997525,1
6,1772846777497,-6.580525713999891e-05,6.119657142899994e-05,0.00016035908570997525,1
7,1772846777500,-6.580525713999891e-05,6.119657142899994e-05,0.00016035908570997525,1
8,1772846777503,5.119474286000014e-05,0.00014309657142899993,0.000277359085710009,1
9,1772846777505,5.119474286000014e-05,0.00014309657142899993,0.000277359085710009,1
10,1772846777508,5.119474286000014e-05,0.00014309657142899993,0.000277359085710009,1
11,1772846777511,2.3894742860000942e-05,0.000150896571429,0.00031635908571002024,1
12,1772846777513,2.3894742860000942e-05,0.000150896571429,0.00031635908571002024,1
13,1772846777516,2.3894742860000942e-05,0.000150896571429,0.00031635908571002024,1
14,1772846777519,1.6094742860000427e-05,0.00011189657142899998,0.00047625908571001085,1
15,1772846777522,1.6094742860000427e-05,0.00011189657142899998,0.00047625908571001085,1
16,1772846777524,1.6094742860000427e-05,0.00011189657142899998,0.0001057590857099595,1
17,1772846777527,3.949474286000024e-05,-1.2903428571000013e-05,0.0001057590857099595,1
18,1772846777530,3.949474286000024e-05,-1.2903428571000013e-05,0.0001057590857099595,1
19,1772846777533,3.949474286000024e-05,-6.750342857100004e-05,0.00031635908571002024,1
20,1772846777535,8.294742859999912e-06,-6.750342857100004e-05,0.00031635908571002024,1
21,1772846777538,8.294742859999912e-06,-6.750342857100004e-05,0.00031635908571002024,1
22,1772846777541,5.509474286000127e-05,-0.000289803428571,0.00052695908570997,1
23,1772846777543,5.509474286000127e-05,-0.000289803428571,0.00052695908570997,1
24,1772846777546,5.509474286000127e-05,-0.000289803428571,0.00052695908570997,1
25,1772846777549,1.9994742859999817e-05,-2.070342857100004e-05,0.0002929590857100135,1
26,1772846777552,1.9994742859999817e-05,-2.070342857100004e-05,0.0002929590857100135,1
27,1772846777554,1.9994742859999817e-05,-2.070342857100004e-05,0.0002929590857100135,1
28,1772846777557,-2.2905257139998678e-05,3.3896571428999986e-05,0.00041385908570999285,1
29,1772846777560,-2.2905257139998678e-05,3.3896571428999986e-05,0.00041385908570999285,1
30,1772846777564,-2.2905257139998678e-05,3.3896571428999986e-05,0.00041385908570999285,1
31,1772846777567,3.559474286000085e-05,4.169657142899996e-05,0.00036705908570997935,1
32,1772846777571,3.559474286000085e-05,4.169657142899996e-05,0.00036705908570997935,1
33,1772846777575,0.0001642947428599998,1.049657142899996e-05,0.00020715908570998875,1
34,1772846777579,0.0001642947428599998,1.049657142899996e-05,0.00020715908570998875,1
35,1772846777582,9.019474286000098e-05,-7.140342857100003e-05,0.00025785908570994786,1
36,1772846777585,9.019474286000098e-05,-7.140342857100003e-05,0.00025785908570994786,1
37,1772846777587,9.019474286000098e-05,-7.140342857100003e-05,0.00025785908570994786,1
38,1772846777590,8.629474285999986e-05,-0.00012600342857100002,0.00048015908570995646,1
39,1772846777593,8.629474285999986e-05,-0.00012600342857100002,0.00048015908570995646,1
40,1772846777596,8.629474285999986e-05,-0.00012600342857100002,0.00048015908570995646,1
41,1772846777598,-1.5105257139999897e-05,-9.480342857100005e-05,0.000152559085709973,1
42,1772846777601,-1.5105257139999897e-05,-9.480342857100005e-05,0.000152559085709973,1
43,1772846777604,-1.5105257139999897e-05,-9.480342857100005e-05,0.000152559085709973,1
44,1772846777607,-2.2905257139998678e-05,-2.4603428571000026e-05,0.000152559085709973,1
45,1772846777610,-2.2905257139998678e-05,-2.4603428571000026e-05,0.000152559085709973,1
46,1772846777613,0.0001486947428600005,4.5596571429e-05,0.000152559085709973,1
47,1772846777616,0.0001486947428600005,4.5596571429e-05,0.000152559085709973,1
48,1772846777618,0.0001486947428600005,4.5596571429e-05,0.000152559085709973,1
49,1772846777621,-3.850525713999971e-05,0.000150896571429,5.505908571000039e-05,1
50,1772846777624,-3.850525713999971e-05,0.000150896571429,5.505908571000039e-05,1
51,1772846777626,-3.850525713999971e-05,0.000150896571429,5.505908571000039e-05,1
52,1772846777629,6.289474286000005e-05,0.00016259657142899992,0.00031635908571002024,1
53,1772846777632,6.289474286000005e-05,0.00016259657142899992,0.00031635908571002024,1
54,1772846777635,6.289474286000005e-05,0.00016259657142899992,0.00031635908571002024,1
55,1772846777637,-2.6805257139999802e-05,-5.10342857100004e-06,9.405908571001164e-05,1
56,1772846777640,-2.6805257139999802e-05,-5.10342857100004e-06,9.405908571001164e-05,1
57,1772846777643,-2.6805257139999802e-05,-5.10342857100004e-06,9.405908571001164e-05,1
58,1772846777646,-3.850525713999971e-05,3.3896571428999986e-05,0.00014475908570997075,1
59,1772846777648,-3.850525713999971e-05,3.3896571428999986e-05,0.00014475908570997075,1
60,1772846777651,-3.850525713999971e-05,3.3896571428999986e-05,0.00014475908570997075,1
61,1772846777654,7.849474286000108e-05,-7.530342857100001e-05,3.555908570993926e-05,1
62,1772846777657,7.849474286000108e-05,-7.530342857100001e-05,3.555908570993926e-05,1
63,1772846777659,7.849474286000108e-05,-7.530342857100001e-05,3.555908570993926e-05,1
64,1772846777662,-0.00017500525713999918,-0.00010260342857100003,0.00019155908570998425,1
65,1772846777665,-0.00017500525713999918,-0.00010260342857100003,0.00019155908570998425,1
66,1772846777667,-0.00017500525713999918,-0.00010260342857100003,0.00019155908570998425,1
67,1772846777670,-6.190525713999952e-05,2.2196571428999973e-05,0.0005347590857099722,1
68,1772846777673,-6.190525713999952e-05,2.2196571428999973e-05,0.0005347590857099722,1
69,1772846777676,-6.190525713999952e-05,2.2196571428999973e-05,0.0005347590857099722,1
70,1772846777678,4.947428600011322e-07,4.5596571429e-05,0.0002617590857100045,1
71,1772846777681,4.947428600011322e-07,4.5596571429e-05,0.0002617590857100045,1
72,1772846777684,4.947428600011322e-07,4.5596571429e-05,0.00017985908571003639,1
73,1772846777687,9.799474285999976e-05,2.9996571428999945e-05,0.00017985908571003639,1
74,1772846777689,9.799474285999976e-05,2.9996571428999945e-05,0.00017985908571003639,1
75,1772846777692,9.799474285999976e-05,9.239657142899994e-05,0.0003553590857100315,1
76,1772846777695,3.559474286000085e-05,9.239657142899994e-05,0.0003553590857100315,1
77,1772846777697,3.559474286000085e-05,9.239657142899994e-05,0.0003553590857100315,1
78,1772846777700,4.394742860000522e-06,-7.140342857100003e-05,0.00025395908571000225,1
79,1772846777703,4.394742860000522e-06,-7.140342857100003e-05,0.00025395908571000225,1
80,1772846777706,4.394742860000522e-06,-7.140342857100003e-05,0.00025395908571000225,1
81,1772846777709,-0.00012430525714000017,-0.00018840342857100002,8.235908570995275e-05,1
82,1772846777712,-0.00012430525714000017,-0.00018840342857100002,8.235908570995275e-05,1
83,1772846777715,-0.00012430525714000017,-0.00018840342857100002,8.235908570995275e-05,1
84,1772846777717,-2.6805257139999802e-05,-2.4603428571000026e-05,-4.2440914289972216e-05,1
85,1772846777720,-2.6805257139999802e-05,-2.4603428571000026e-05,-4.2440914289972216e-05,1
86,1772846777723,-2.6805257139999802e-05,-2.4603428571000026e-05,-4.2440914289972216e-05,1
87,1772846777726,0.00019549474286000013,0.000380996571429,0.0004255590857099407,1
88,1772846777728,0.00019549474286000013,0.000380996571429,0.0004255590857099407,1
89,1772846777731,0.00019549474286000013,0.000380996571429,0.0004255590857099407,1
90,1772846777735,-0.00013990525713999946,0.00014309657142899993,0.0006244590857099426,1
91,1772846777737,-0.00013990525713999946,0.00014309657142899993,0.0006244590857099426,1
92,1772846777740,-5.4105257139999e-05,-0.00013380342857100002,0.0001369590857099685,1
93,1772846777743,-5.4105257139999e-05,-0.00013380342857100002,0.0001369590857099685,1
94,1772846777746,-5.4105257139999e-05,-0.00013380342857100002,0.0001369590857099685,1
95,1772846777748,-0.00012820525713999956,-2.070342857100004e-05,-4.2440914289972216e-05,1
96,1772846777751,-0.00012820525713999956,-2.070342857100004e-05,-4.2440914289972216e-05,1
97,1772846777754,-0.00012820525713999956,-2.070342857100004e-05,-4.2440914289972216e-05,1
98,1772846777756,-9.310525713999984e-05,0.00020939657142899997,9.405908571001164e-05,1
99,1772846777759,-9.310525713999984e-05,0.00020939657142899997,9.405908571001164e-05,1
100,1772846777762,-9.310525713999984e-05,0.00020939657142899997,9.405908571001164e-05,1
101,1772846777765,-7.305257139999383e-06,0.00017819657142899997,0.0007102590857099673,1
102,1772846777767,-7.305257139999383e-06,0.00017819657142899997,0.0007102590857099673,1
103,1772846777770,-7.305257139999383e-06,0.00017819657142899997,0.0007102590857099673,1
104,1772846777773,-0.00015940525713999988,-0.00023910342857100004,0.0004255590857099407,1
105,1772846777776,-0.00015940525713999988,-0.00023910342857100004,0.0004255590857099407,1
106,1772846777778,-0.00015940525713999988,-0.00023910342857100004,0.0004255590857099407,1
107,1772846777781,-3.4052571399999926e-06,-1.2903428571000013e-05,2.3859085709991394e-05,1
108,1772846777784,-3.4052571399999926e-06,-1.2903428571000013e-05,2.3859085709991394e-05,1
109,1772846777786,-3.4052571399999926e-06,-1.2903428571000013e-05,2.3859085709991394e-05,1
110,1772846777789,0.0001486947428600005,0.000150896571429,0.00014085908571002514,1
111,1772846777792,0.0001486947428600005,0.000150896571429,0.00014085908571002514,1
112,1772846777795,0.0001486947428600005,0.000150896571429,0.00014085908571002514,1
113,1772846777797,8.294742859999912e-06,6.899657142899997e-05,2.7759085709937008e-05,1
114,1772846777800,8.294742859999912e-06,6.899657142899997e-05,2.7759085709937008e-05,1
115,1772846777803,8.294742859999912e-06,6.899657142899997e-05,2.7759085709937008e-05,1
116,1772846777806,-0.00012820525713999956,-1.6803428571e-05,0.0003787590857099272,1
117,1772846777808,-0.00012820525713999956,-1.6803428571e-05,0.0003787590857099272,1
118,1772846777811,-0.00012820525713999956,-1.6803428571e-05,0.0003787590857099272,1
119,1772846777815,-0.00016330525713999927,-0.00016110342857100004,0.0001057590857099595,1
120,1772846777817,-0.00016330525713999927,-0.00016110342857100004,0.0001057590857099595,1
121,1772846777820,2.3894742860000942e-05,3.3896571428999986e-05,-3.85409142900266e-05,1
122,1772846777823,2.3894742860000942e-05,3.3896571428999986e-05,-3.85409142900266e-05,1
123,1772846777826,2.3894742860000942e-05,3.3896571428999986e-05,-3.85409142900266e-05,1
124,1772846777828,-3.460525713999858e-05,0.000107996571429,0.0005035590857099632,1
0,1772846777869,-0.00013210525713999895,-7.9203428571e-05,0.0002812590857099546,1
1,1772846777872,-0.00013210525713999895,-7.9203428571e-05,0.0002812590857099546,1
2,1772846777876,-0.00013210525713999895,-7.9203428571e-05,0.0002812590857099546,1
3,1772846777879,-0.00010480525713999975,-0.00011040342857100002,0.0002032590857099321,1
4,1772846777882,-0.00010480525713999975,-0.00011040342857100002,0.0002032590857099321,1
5,1772846777885,-0.00012820525713999956,9.629657142899998e-05,0.00021105908570993436,1
6,1772846777888,-0.00012820525713999956,9.629657142899998e-05,0.00021105908570993436,1
7,1772846777890,-0.00012820525713999956,9.629657142899998e-05,0.00021105908570993436,1
8,1772846777894,6.289474286000005e-05,0.00018989657142899998,0.00034755908571002924,1
9,1772846777911,6.289474286000005e-05,0.00018989657142899998,0.00034755908571002924,1
10,1772846777914,3.949474286000024e-05,6.596571428999973e-06,0.0003241590857100225,1
11,1772846777916,-0.00014380525713999885,9.629657142899998e-05,0.00033195908571002474,1
12,1772846777919,-0.00014380525713999885,9.629657142899998e-05,0.00033195908571002474,1
13,1772846777922,-0.00014380525713999885,9.629657142899998e-05,0.00033195908571002474,1
14,1772846777925,-3.460525713999858e-05,0.00015869657142899998,0.00022275908570999325,1
15,1772846777927,-3.460525713999858e-05,0.00015869657142899998,0.00022275908570999325,1
16,1772846777930,-3.460525713999858e-05,0.00015869657142899998,0.00022275908570999325,1
17,1772846777944,1.2194742860001037e-05,-3.630342857100004e-05,0.0004723590857099542,1
18,1772846777947,1.2194742860001037e-05,-3.630342857100004e-05,0.00044505908571000185,1
19,1772846777987,7.069474286000056e-05,2.6965714289999866e-06,0.00044505908571000185,1
20,1772846777990,-7.750525713999881e-05,0.00012359657142899994,0.0002617590857100045,1
21,1772846777993,-7.750525713999881e-05,0.00012359657142899994,0.0002617590857100045,1
22,1772846777996,4.339474286000136e-05,0.00010409657142899996,3.1659085709993644e-05,1
23,1772846777998,4.339474286000136e-05,0.00010409657142899996,3.1659085709993644e-05,1
24,1772846778001,4.339474286000136e-05,0.00010409657142899996,3.1659085709993644e-05,1
25,1772846778004,-6.970525714000003e-05,-4.410342857100001e-05,0.0002812590857099546,1
26,1772846778006,-6.970525714000003e-05,-4.410342857100001e-05,0.0002812590857099546,1
27,1772846778009,-6.970525714000003e-05,-4.410342857100001e-05,0.0002812590857099546,1
28,1772846778012,-0.00018670525713999908,-5.190342857100004e-05,0.00017595908570997975,1
29,1772846778014,-0.00018670525713999908,-5.190342857100004e-05,0.00017595908570997975,1
30,1772846778017,-0.00018670525713999908,-5.190342857100004e-05,0.00017595908570997975,1
31,1772846778020,-7.360525713999942e-05,6.509657142899999e-05,0.00015645908571002964,1
32,1772846778023,-7.360525713999942e-05,6.509657142899999e-05,0.00015645908571002964,1
33,1772846778026,-7.360525713999942e-05,6.509657142899999e-05,0.00015645908571002964,1
34,1772846778029,-0.00015940525713999988,-3.2403428571000053e-05,0.0001330590857100229,1
35,1772846778031,-0.00015940525713999988,-3.2403428571000053e-05,0.0001330590857100229,1
36,1772846778034,-0.00015940525713999988,-3.2403428571000053e-05,0.0001330590857100229,1
37,1772846778037,-8.920525713999872e-05,-9.090342857100001e-05,0.00032025908570996586,1
38,1772846778039,-8.920525713999872e-05,-9.090342857100001e-05,0.00032025908570996586,1
39,1772846778042,-8.920525713999872e-05,-9.090342857100001e-05,0.00032025908570996586,1
40,1772846778045,0.00014089474286,6.119657142899994e-05,2.7759085709937008e-05,1
41,1772846778047,0.00014089474286,6.119657142899994e-05,2.7759085709937008e-05,1
42,1772846778050,0.00014089474286,6.119657142899994e-05,2.7759085709937008e-05,1
43,1772846778053,0.00020329474286000064,-4.410342857100001e-05,4.335908570994151e-05,1
44,1772846778056,0.00020329474286000064,-4.410342857100001e-05,4.335908570994151e-05,1
45,1772846778058,0.00020329474286000064,-4.410342857100001e-05,4.335908570994151e-05,1
46,1772846778062,8.629474285999986e-05,-0.00010650342857100001,0.00038265908570998385,1
47,1772846778064,8.629474285999986e-05,-0.00010650342857100001,0.00038265908570998385,1
48,1772846778067,-9.310525713999984e-05,-4.410342857100001e-05,0.00043335908570994296,1
49,1772846778070,-9.310525713999984e-05,-4.410342857100001e-05,0.00043335908570994296,1
50,1772846778072,-9.310525713999984e-05,-4.410342857100001e-05,0.00043335908570994296,1
51,1772846778075,-5.800525714000013e-05,1.8296571428999986e-05,0.00012915908570996625,1
52,1772846778078,-5.800525714000013e-05,1.8296571428999986e-05,0.00012915908570996625,1
53,1772846778081,-5.800525714000013e-05,1.8296571428999986e-05,0.00012915908570996625,1
54,1772846778083,-7.750525713999881e-05,-1.6803428571e-05,0.00016035908570997525,1
55,1772846778086,-7.750525713999881e-05,-1.6803428571e-05,0.00016035908570997525,1
56,1772846778089,-7.750525713999881e-05,-1.6803428571e-05,0.00016035908570997525,1
57,1772846778091,4.339474286000136e-05,-2.070342857100004e-05,0.00017205908571003414,1
58,1772846778094,4.339474286000136e-05,-2.070342857100004e-05,0.00017205908571003414,1
59,1772846778097,4.339474286000136e-05,-2.070342857100004e-05,0.00017205908571003414,1
60,1772846778100,9.019474286000098e-05,-1.2903428571000013e-05,-2.6840914289967717e-05,1
61,1772846778103,9.019474286000098e-05,-1.2903428571000013e-05,-2.6840914289967717e-05,1
62,1772846778105,9.019474286000098e-05,-1.2903428571000013e-05,-2.6840914289967717e-05,1
63,1772846778108,0.00010579474286000028,-0.00012990342857100004,-0.00010484091428999021,1
64,1772846778111,0.00010579474286000028,-0.00012990342857100004,-0.00010484091428999021,1
65,1772846778114,0.00010579474286000028,-0.00012990342857100004,-0.00010484091428999021,1
66,1772846778116,-5.800525714000013e-05,0.00011969657142899996,6.285908571000264e-05,1
67,1772846778119,-5.800525714000013e-05,0.00011969657142899996,6.285908571000264e-05,1
68,1772846778122,-5.800525714000013e-05,0.00011969657142899996,6.285908571000264e-05,1
69,1772846778124,8.294742859999912e-06,5.339657142899997e-05,0.00044895908570994746,1
70,1772846778127,8.294742859999912e-06,5.339657142899997e-05,0.00044895908570994746,1
71,1772846778130,8.294742859999912e-06,5.339657142899997e-05,0.00044895908570994746,1
72,1772846778133,-0.00015550525713999876,-1.6803428571e-05,0.00014085908571002514,1
73,1772846778136,-0.00015550525713999876,-1.6803428571e-05,0.00014085908571002514,1
74,1772846778138,-0.00015550525713999876,-0.00014160342857100002,9.0159085709955e-05,1
75,1772846778141,-8.920525713999872e-05,-0.00014160342857100002,9.0159085709955e-05,1
76,1772846778144,-8.920525713999872e-05,-0.00014160342857100002,9.0159085709955e-05,1
77,1772846778146,-8.920525713999872e-05,-9.090342857100001e-05,0.00022665908570993886,1
78,1772846778149,-0.00018670525713999908,-9.090342857100001e-05,0.00022665908570993886,1
79,1772846778152,-0.00018670525713999908,-9.090342857100001e-05,0.00022665908570993886,1
80,1772846778155,8.294742859999912e-06,-0.00012600342857100002,0.0004411590857099452,1
81,1772846778158,8.294742859999912e-06,-0.00012600342857100002,0.0004411590857099452,1
82,1772846778160,8.294742859999912e-06,-0.00012600342857100002,0.0004411590857099452,1
83,1772846778163,3.169474285999972e-05,-0.00017670342857100004,7.065908571000489e-05,1
84,1772846778166,3.169474285999972e-05,-0.00017670342857100004,7.065908571000489e-05,1
85,1772846778169,3.169474285999972e-05,-0.00017670342857100004,7.065908571000489e-05,1
86,1772846778172,4.729474286000075e-05,-0.00010650342857100001,0.00022665908570993886,1
87,1772846778174,4.729474286000075e-05,-0.00010650342857100001,0.00022665908570993886,1
88,1772846778177,4.729474286000075e-05,-0.00010650342857100001,0.00022665908570993886,1
89,1772846778180,-5.020525713999961e-05,-3.2403428571000053e-05,0.0002812590857099546,1
90,1772846778183,-5.020525713999961e-05,-3.2403428571000053e-05,0.0002812590857099546,1
91,1772846778185,-5.020525713999961e-05,-3.2403428571000053e-05,0.0002812590857099546,1
92,1772846778188,-5.800525714000013e-05,6.509657142899999e-05,0.0002305590857099955,1
93,1772846778191,-5.800525714000013e-05,6.509657142899999e-05,0.0002305590857099955,1
94,1772846778193,-5.800525714000013e-05,6.509657142899999e-05,0.0002305590857099955,1
95,1772846778196,1.2194742860001037e-05,0.00016649657142899996,0.0002032590857099321,1
96,1772846778199,1.2194742860001037e-05,0.00016649657142899996,0.0002032590857099321,1
97,1772846778202,1.2194742860001037e-05,0.00016649657142899996,0.00016035908570997525,1
98,1772846778205,-8.140525713999994e-05,-8.700342857100003e-05,0.00016035908570997525,1
99,1772846778207,-8.140525713999994e-05,-8.700342857100003e-05,0.00016035908570997525,1
100,1772846778210,-8.140525713999994e-05,6.596571428999973e-06,0.00020715908570998875,1
101,1772846778213,3.949474286000024e-05,6.596571428999973e-06,0.00020715908570998875,1
102,1772846778216,3.949474286000024e-05,6.596571428999973e-06,0.00020715908570998875,1
103,1772846778218,3.949474286000024e-05,7.289657142899996e-05,0.0002812590857099546,1
104,1772846778221,-4.24052571399991e-05,7.289657142899996e-05,0.0002812590857099546,1
105,1772846778224,-4.24052571399991e-05,7.289657142899996e-05,0.0002812590857099546,1
106,1772846778226,-0.00015160525713999937,0.00012359657142899994,0.000277359085710009,1
107,1772846778230,-0.00015160525713999937,0.00012359657142899994,0.000277359085710009,1
108,1772846778232,-0.00015160525713999937,0.00012359657142899994,0.000277359085710009,1
109,1772846778235,-0.00011650525713999965,-5.10342857100004e-06,0.00036705908570997935,1
110,1772846778238,-0.00011650525713999965,-5.10342857100004e-06,0.00036705908570997935,1
111,1772846778240,-0.00011650525713999965,-5.10342857100004e-06,0.00036705908570997935,1
112,1772846778243,-3.460525713999858e-05,-4.0203428571000026e-05,0.0001057590857099595,1
113,1772846778246,-3.460525713999858e-05,-4.0203428571000026e-05,0.0001057590857099595,1
114,1772846778249,-3.460525713999858e-05,-4.0203428571000026e-05,0.0001057590857099595,1
115,1772846778252,0.00012919474286000009,4.5596571429e-05,0.0002617590857100045,1
116,1772846778254,0.00012919474286000009,4.5596571429e-05,0.0002617590857100045,1
117,1772846778257,0.00012919474286000009,4.5596571429e-05,0.0002617590857100045,1
118,1772846778260,1.2194742860001037e-05,-1.6803428571e-05,0.0002656590857099501,1
119,1772846778263,1.2194742860001037e-05,-1.6803428571e-05,0.0002656590857099501,1
120,1772846778266,1.2194742860001037e-05,-1.6803428571e-05,0.00030465908570996136,1
121,1772846778269,-0.00010090525713999862,-0.000215703428571,0.00030465908570996136,1
122,1772846778271,-0.00010090525713999862,-0.000215703428571,0.00030465908570996136,1
123,1772846778274,-0.00010090525713999862,-6.750342857100004e-05,9.405908571001164e-05,1
124,1772846778277,0.0001096947428600014,-6.750342857100004e-05,9.405908571001164e-05,1
0,1772846778318,-3.070525713999919e-05,-1.6803428571e-05,0.0001681590857099775,1
1,1772846778321,-3.070525713999919e-05,-1.6803428571e-05,0.0001681590857099775,1
2,1772846778330,-3.850525713999971e-05,4.9496571428999986e-05,0.00036705908570997935,1
3,1772846778357,-7.360525713999942e-05,-2.4603428571000026e-05,0.0005776590857099291,1
4,1772846778388,-0.00015550525713999876,4.169657142899996e-05,0.00033195908571002474,1
5,1772846778390,0.00011749474286000018,0.00010019657142899997,0.00043335908570994296,1
6,1772846778393,0.00011749474286000018,0.00010019657142899997,0.00024225908570994336,1
7,1772846778396,-3.4052571399999926e-06,0.00014309657142899993,0.00024225908570994336,1
8,1772846778399,-3.4052571399999926e-06,0.00014309657142899993,0.00024225908570994336,1
9,1772846778401,-3.4052571399999926e-06,0.00014309657142899993,0.000183759085709982,1
10,1772846778404,8.239474286000047e-05,4.9496571428999986e-05,0.000183759085709982,1
11,1772846778407,8.239474286000047e-05,4.9496571428999986e-05,0.000183759085709982,1
12,1772846778409,8.239474286000047e-05,4.9496571428999986e-05,7.845908571000714e-05,1
13,1772846778412,-1.5105257139999897e-05,8.459657142899997e-05,7.845908571000714e-05,1
14,1772846778415,-1.5105257139999897e-05,8.459657142899997e-05,7.845908571000714e-05,1
15,1772846778417,-1.5105257139999897e-05,7.289657142899996e-05,0.0002812590857099546,1
16,1772846778420,4.947428600011322e-07,7.289657142899996e-05,0.0002812590857099546,1
17,1772846778423,4.947428600011322e-07,7.289657142899996e-05,0.0002812590857099546,1
18,1772846778426,-2.6805257139999802e-05,2.6965714289999866e-06,0.00032025908570996586,1
19,1772846778429,-2.6805257139999802e-05,2.6965714289999866e-06,0.00032025908570996586,1
20,1772846778431,-2.6805257139999802e-05,2.6965714289999866e-06,0.00032025908570996586,1
21,1772846778434,-0.00010090525713999862,-0.00019230342857100004,3.1659085709993644e-05,1
22,1772846778437,-0.00010090525713999862,-0.00019230342857100004,3.1659085709993644e-05,1
23,1772846778440,-0.00010090525713999862,-0.00019230342857100004,3.1659085709993644e-05,1
24,1772846778442,0.00010189474286000089,4.169657142899996e-05,0.00024615908571,1
25,1772846778445,0.00010189474286000089,4.169657142899996e-05,0.00024615908571,1
26,1772846778448,0.00010189474286000089,4.169657142899996e-05,0.00024615908571,1
27,1772846778450,-6.580525713999891e-05,8.849657142899996e-05,0.0004918590857100153,1
28,1772846778453,-6.580525713999891e-05,8.849657142899996e-05,0.0004918590857100153,1
29,1772846778456,-6.580525713999891e-05,8.849657142899996e-05,0.0004918590857100153,1
30,1772846778459,2.7794742860000332e-05,0.00014699657142899997,0.0004060590857099906,1
31,1772846778462,2.7794742860000332e-05,0.00014699657142899997,0.0004060590857099906,1
32,1772846778464,2.7794742860000332e-05,0.00014699657142899997,0.0004060590857099906,1
33,1772846778467,9.799474285999976e-05,5.339657142899997e-05,0.00041775908570993846,1
34,1772846778470,9.799474285999976e-05,5.339657142899997e-05,0.00041775908570993846,1
35,1772846778473,9.799474285999976e-05,5.339657142899997e-05,0.00041775908570993846,1
36,1772846778475,3.949474286000024e-05,3.779657142899997e-05,0.0002500590857099456,1
37,1772846778478,3.949474286000024e-05,3.779657142899997e-05,0.0002500590857099456,1
38,1772846778481,3.949474286000024e-05,3.779657142899997e-05,0.0002500590857099456,1
39,1772846778483,0.0001096947428600014,-6.360342857100005e-05,0.00040215908570993397,1
40,1772846778486,0.0001096947428600014,-6.360342857100005e-05,0.00040215908570993397,1
41,1772846778489,0.0001096947428600014,-6.360342857100005e-05,0.00040215908570993397,1
42,1772846778491,0.00010189474286000089,-8.310342857100004e-05,0.00015645908571002964,1
43,1772846778495,0.00010189474286000089,-8.310342857100004e-05,0.00015645908571002964,1
44,1772846778499,1.6094742860000427e-05,-6.750342857100004e-05,0.0003904590857099861,1
45,1772846778502,1.6094742860000427e-05,-6.750342857100004e-05,0.0003904590857099861,1
46,1772846778505,1.6094742860000427e-05,-6.750342857100004e-05,0.0003904590857099861,1
47,1772846778507,0.0001525947428599999,0.00010409657142899996,0.0005386590857100288,1
48,1772846778510,0.0001525947428599999,0.00010409657142899996,0.0005386590857100288,1
49,1772846778513,0.0001525947428599999,0.00010409657142899996,0.00032025908570996586,1
50,1772846778515,4.729474286000075e-05,0.00014699657142899997,0.00032025908570996586,1
51,1772846778518,4.729474286000075e-05,0.00014699657142899997,0.00032025908570996586,1
52,1772846778521,4.729474286000075e-05,0.00014699657142899997,0.00028515908571001124,1
53,1772846778524,-3.460525713999858e-05,0.000182096571429,0.00028515908571001124,1
54,1772846778526,-3.460525713999858e-05,0.000182096571429,0.00028515908571001124,1
55,1772846778530,-3.460525713999858e-05,0.000182096571429,0.0001993590857099865,1
56,1772846778532,0.0001525947428599999,0.00015479657142899994,0.0001993590857099865,1
57,1772846778535,0.0001525947428599999,0.00015479657142899994,0.0001993590857099865,1
58,1772846778538,0.00024229474285999975,-5.190342857100004e-05,9.0159085709955e-05,1
59,1772846778540,0.00024229474285999975,-5.190342857100004e-05,9.0159085709955e-05,1
60,1772846778543,0.00024229474285999975,-5.190342857100004e-05,9.0159085709955e-05,1
61,1772846778546,1.9994742859999817e-05,-0.00011430342857100004,5.8959085709946006e-05,1
62,1772846778548,1.9994742859999817e-05,-0.00011430342857100004,5.8959085709946006e-05,1
63,1772846778551,1.9994742859999817e-05,-0.00011430342857100004,5.8959085709946006e-05,1
64,1772846778554,-3.460525713999858e-05,-4.0203428571000026e-05,0.0001681590857099775,1
65,1772846778556,-3.460525713999858e-05,-4.0203428571000026e-05,0.0001681590857099775,1
66,1772846778559,-3.460525713999858e-05,-4.0203428571000026e-05,0.0001681590857099775,1
67,1772846778562,7.459474285999995e-05,-0.00018840342857100002,0.0002305590857099955,1
68,1772846778565,7.459474285999995e-05,-0.00018840342857100002,0.0002305590857099955,1
69,1772846778568,7.459474285999995e-05,-0.00018840342857100002,0.0002305590857099955,1
70,1772846778571,-7.305257139999383e-06,0.00012359657142899994,0.0005230590857100243,1
71,1772846778573,-7.305257139999383e-06,0.00012359657142899994,0.0005230590857100243,1
72,1772846778576,-7.305257139999383e-06,0.00012359657142899994,0.0005230590857100243,1
73,1772846778579,-5.800525714000013e-05,-0.00017280342857100002,0.0004528590857100041,1
74,1772846778581,-5.800525714000013e-05,-0.00017280342857100002,0.0004528590857100041,1
75,1772846778584,-5.800525714000013e-05,-0.00017280342857100002,0.0004528590857100041,1
76,1772846778587,-5.800525714000013e-05,-2.8503428571000013e-05,0.00024225908570994336,1
77,1772846778589,-5.800525714000013e-05,-2.8503428571000013e-05,0.00024225908570994336,1
78,1772846778592,-5.800525714000013e-05,-2.8503428571000013e-05,0.00024225908570994336,1
79,1772846778595,5.509474286000127e-05,3.779657142899997e-05,0.0002344590857099411,1
80,1772846778598,5.509474286000127e-05,3.779657142899997e-05,0.0002344590857099411,1
81,1772846778601,5.509474286000127e-05,3.779657142899997e-05,0.0002344590857099411,1
82,1772846778604,0.00010189474286000089,-5.10342857100004e-06,0.00027345908570995236,1
83,1772846778606,0.00010189474286000089,-5.10342857100004e-06,0.00027345908570995236,1
84,1772846778609,0.00010189474286000089,-7.140342857100003e-05,0.00030075908571001574,1
85,1772846778612,-5.800525714000013e-05,-7.140342857100003e-05,0.00030075908571001574,1
86,1772846778614,-5.800525714000013e-05,-7.140342857100003e-05,0.00030075908571001574,1
87,1772846778617,2.3894742860000942e-05,-2.070342857100004e-05,0.00016035908570997525,1
88,1772846778620,2.3894742860000942e-05,-2.070342857100004e-05,0.00016035908570997525,1
89,1772846778622,2.3894742860000942e-05,-2.070342857100004e-05,0.00016035908570997525,1
90,1772846778625,-1.1205257139998773e-05,0.00014309657142899993,0.0001486590857100274,1
91,1772846778628,-1.1205257139998773e-05,0.00014309657142899993,0.0001486590857100274,1
92,1772846778630,-1.1205257139998773e-05,0.00014309657142899993,0.0001486590857100274,1
93,1772846778633,-6.190525713999952e-05,-9.003428571000027e-06,0.0003748590857099816,1
94,1772846778636,-6.190525713999952e-05,-9.003428571000027e-06,0.0003748590857099816,1
95,1772846778639,-6.190525713999952e-05,-9.003428571000027e-06,0.0003748590857099816,1
96,1772846778642,-1.5105257139999897e-05,6.899657142899997e-05,0.00030075908571001574,1
97,1772846778645,-1.5105257139999897e-05,6.899657142899997e-05,0.00030075908571001574,1
98,1772846778648,-1.5105257139999897e-05,6.899657142899997e-05,0.00030075908571001574,1
99,1772846778650,0.00011359474286000079,-9.003428571000027e-06,0.00032025908570996586,1
100,1772846778653,0.00011359474286000079,-9.003428571000027e-06,0.00032025908570996586,1
101,1772846778656,0.00011359474286000079,-9.003428571000027e-06,0.00032025908570996586,1
102,1772846778659,-1.1205257139998773e-05,-4.410342857100001e-05,0.00015645908571002964,1
103,1772846778661,-1.1205257139998773e-05,-4.410342857100001e-05,0.00015645908571002964,1
104,1772846778664,-1.1205257139998773e-05,-4.410342857100001e-05,0.00015645908571002964,1
105,1772846778667,9.019474286000098e-05,-2.8503428571000013e-05,0.0002032590857099321,1
106,1772846778669,9.019474286000098e-05,-2.8503428571000013e-05,0.0002032590857099321,1
107,1772846778672,9.019474286000098e-05,-2.8503428571000013e-05,0.0002032590857099321,1
108,1772846778675,0.0001096947428600014,0.00017819657142899997,0.00019545908570992986,1
109,1772846778678,0.0001096947428600014,0.00017819657142899997,0.00019545908570992986,1
110,1772846778681,2.3894742860000942e-05,2.609657142899996e-05,0.00022665908570993886,1
111,1772846778683,2.3894742860000942e-05,2.609657142899996e-05,0.00022665908570993886,1
112,1772846778686,2.3894742860000942e-05,2.609657142899996e-05,0.00022665908570993886,1
113,1772846778689,8.294742859999912e-06,0.00011969657142899996,0.0002812590857099546,1
114,1772846778692,8.294742859999912e-06,0.00011969657142899996,0.0002812590857099546,1
115,1772846778694,8.294742859999912e-06,0.00011969657142899996,0.0002812590857099546,1
116,1772846778697,8.294742859999912e-06,0.00014309657142899993,-7.754091429003785e-05,1
117,1772846778700,8.294742859999912e-06,0.00014309657142899993,-7.754091429003785e-05,1
118,1772846778702,8.294742859999912e-06,0.00014309657142899993,-7.754091429003785e-05,1
119,1772846778705,7.069474286000056e-05,-0.00010260342857100003,0.00011355908570996175,1
120,1772846778708,7.069474286000056e-05,-0.00010260342857100003,0.00011355908570996175,1
121,1772846778711,7.069474286000056e-05,-0.00010260342857100003,0.00011355908570996175,1
122,1772846778714,-7.360525713999942e-05,-0.00010260342857100003,0.00020715908570998875,1
123,1772846778716,-7.360525713999942e-05,-0.00010260342857100003,0.00020715908570998875,1
124,1772846778719,-7.360525713999942e-05,-0.00010260342857100003,0.00020715908570998875,1
0,1772846778763,-6.970525714000003e-05,-0.00011040342857100002,0.0003280590857099681,1
1,1772846778766,-6.970525714000003e-05,-0.00011040342857100002,0.0003280590857099681,1
2,1772846778791,0.00015649474286000102,0.00010409657142899996,-7.340914290017604e-06,1
3,1772846778822,0.00017209474286000032,-0.00014550342857100004,0.0003787590857099272,1
4,1772846778834,3.559474286000085e-05,2.9996571428999945e-05,0.0004723590857099542,1
5,1772846778836,3.559474286000085e-05,2.9996571428999945e-05,0.0004723590857099542,1
6,1772846778839,3.559474286000085e-05,2.9996571428999945e-05,0.0004723590857099542,1
7,1772846778842,5.509474286000127e-05,-5.10342857100004e-06,0.00022665908570993886,1
8,1772846778844,5.509474286000127e-05,-5.10342857100004e-06,0.00022665908570993886,1
9,1772846778847,5.509474286000127e-05,-5.10342857100004e-06,0.00022665908570993886,1
10,1772846778850,5.119474286000014e-05,-0.000153303428571,4.359085709930259e-06,1
11,1772846778853,5.119474286000014e-05,-0.000153303428571,4.359085709930259e-06,1
12,1772846778855,5.119474286000014e-05,-0.000153303428571,4.359085709930259e-06,1
13,1772846778858,0.0001213947428600013,-8.700342857100003e-05,0.00012525908571002064,1
14,1772846778861,0.0001213947428600013,-8.700342857100003e-05,0.00012525908571002064,1
15,1772846778864,0.0001213947428600013,-8.700342857100003e-05,0.00012525908571002064,1
16,1772846778867,4.394742860000522e-06,-0.00012600342857100002,0.0002188590857099366,1
17,1772846778869,4.394742860000522e-06,-0.00012600342857100002,0.0002188590857099366,1
18,1772846778872,-3.070525713999919e-05,-3.2403428571000053e-05,0.0005347590857099722,1
19,1772846778875,-3.070525713999919e-05,-3.2403428571000053e-05,0.0005347590857099722,1
20,1772846778878,-3.070525713999919e-05,-3.2403428571000053e-05,0.0005347590857099722,1
21,1772846778880,-0.00011650525713999965,-3.630342857100004e-05,0.00017985908571003639,1
22,1772846778883,-0.00011650525713999965,-3.630342857100004e-05,0.00017985908571003639,1
23,1772846778886,-0.00011650525713999965,-3.630342857100004e-05,0.00017985908571003639,1
24,1772846778888,-8.530525713999933e-05,-4.8003428571e-05,0.0001993590857099865,1
25,1772846778891,-8.530525713999933e-05,-4.8003428571e-05,0.0001993590857099865,1
26,1772846778894,-8.530525713999933e-05,-4.8003428571e-05,0.0001993590857099865,1
27,1772846778897,-0.00010090525713999862,2.9996571428999945e-05,0.00035145908570997485,1
28,1772846778900,-0.00010090525713999862,2.9996571428999945e-05,0.00035145908570997485,1
29,1772846778902,-0.00010090525713999862,2.9996571428999945e-05,0.00035145908570997485,1
30,1772846778905,-6.190525713999952e-05,2.2196571428999973e-05,0.0001369590857099685,1
31,1772846778908,-6.190525713999952e-05,2.2196571428999973e-05,0.0001369590857099685,1
32,1772846778911,-6.190525713999952e-05,2.2196571428999973e-05,0.0001369590857099685,1
33,1772846778913,5.509474286000127e-05,1.8296571428999986e-05,0.00010965908571001614,1
34,1772846778916,5.509474286000127e-05,1.8296571428999986e-05,0.00010965908571001614,1
35,1772846778919,5.509474286000127e-05,1.8296571428999986e-05,0.00010965908571001614,1
36,1772846778921,-6.580525713999891e-05,-1.6803428571e-05,0.00035145908570997485,1
37,1772846778925,-6.580525713999891e-05,-1.6803428571e-05,0.00035145908570997485,1
38,1772846778927,-6.580525713999891e-05,-1.6803428571e-05,0.00035145908570997485,1
39,1772846778930,3.559474286000085e-05,-3.630342857100004e-05,0.00041775908570993846,1
40,1772846778933,3.559474286000085e-05,-3.630342857100004e-05,0.00041775908570993846,1
41,1772846778935,3.559474286000085e-05,-3.630342857100004e-05,0.0003241590857100225,1
42,1772846778938,8.629474285999986e-05,3.3896571428999986e-05,0.0003241590857100225,1
43,1772846778941,8.629474285999986e-05,3.3896571428999986e-05,0.0003241590857100225,1
44,1772846778943,8.629474285999986e-05,3.3896571428999986e-05,0.0001681590857099775,1
45,1772846778946,0.00012919474286000009,-0.00020790342857100004,0.0001681590857099775,1
46,1772846778949,0.00012919474286000009,-0.00020790342857100004,0.0001681590857099775,1
47,1772846778952,0.00012919474286000009,-0.00021180342857100002,0.00028515908571001124,1
48,1772846778955,3.169474285999972e-05,-0.00021180342857100002,0.00028515908571001124,1
49,1772846778958,3.169474285999972e-05,-0.00021180342857100002,0.00028515908571001124,1
50,1772846778960,3.949474286000024e-05,-1.6803428571e-05,0.0001486590857100274,1
51,1772846778963,3.949474286000024e-05,-1.6803428571e-05,0.0001486590857100274,1
52,1772846778966,3.949474286000024e-05,-1.6803428571e-05,0.0001486590857100274,1
53,1772846778968,4.394742860000522e-06,4.5596571429e-05,0.000214959085709991,1
54,1772846778971,4.394742860000522e-06,4.5596571429e-05,0.000214959085709991,1
55,1772846778974,4.394742860000522e-06,4.5596571429e-05,0.000214959085709991,1
56,1772846778976,8.294742859999912e-06,-2.4603428571000026e-05,0.00020715908570998875,1
57,1772846778979,8.294742859999912e-06,-2.4603428571000026e-05,0.00020715908570998875,1
58,1772846778982,8.294742859999912e-06,-2.4603428571000026e-05,0.00020715908570998875,1
59,1772846778985,4.339474286000136e-05,1.8296571428999986e-05,0.0002617590857100045,1
60,1772846778988,4.339474286000136e-05,1.8296571428999986e-05,0.0002617590857100045,1
61,1772846778990,4.339474286000136e-05,1.8296571428999986e-05,0.0002617590857100045,1
62,1772846778993,3.169474285999972e-05,6.119657142899994e-05,0.000308559085710018,1
63,1772846778996,3.169474285999972e-05,6.119657142899994e-05,0.000308559085710018,1
64,1772846778999,3.169474285999972e-05,6.119657142899994e-05,0.000308559085710018,1
65,1772846779001,-1.9005257139999288e-05,-0.00013380342857100002,0.00028905908570995686,1
66,1772846779004,-1.9005257139999288e-05,-0.00013380342857100002,0.00028905908570995686,1
67,1772846779007,-1.9005257139999288e-05,-0.00013380342857100002,0.00028905908570995686,1
68,1772846779009,8.629474285999986e-05,6.119657142899994e-05,0.0002656590857099501,1
69,1772846779012,8.629474285999986e-05,6.119657142899994e-05,0.0002656590857099501,1
70,1772846779015,8.629474285999986e-05,6.119657142899994e-05,0.0002656590857099501,1
71,1772846779018,0.00018379474286000022,4.5596571429e-05,0.000183759085709982,1
72,1772846779020,0.00018379474286000022,4.5596571429e-05,0.000183759085709982,1
73,1772846779023,0.00018379474286000022,4.5596571429e-05,0.000183759085709982,1
74,1772846779026,-1.5105257139999897e-05,-1.2903428571000013e-05,0.0002344590857099411,1
75,1772846779029,-1.5105257139999897e-05,-1.2903428571000013e-05,0.0002344590857099411,1
76,1772846779032,-3.850525713999971e-05,0.00012749657142899998,0.00024225908570994336,1
77,1772846779034,-3.850525713999971e-05,0.00012749657142899998,0.00024225908570994336,1
78,1772846779037,-3.850525713999971e-05,0.00012749657142899998,0.00024225908570994336,1
79,1772846779040,-0.00011260525714000026,-4.0203428571000026e-05,0.0002968590857099591,1
80,1772846779042,-0.00011260525714000026,-4.0203428571000026e-05,0.0002968590857099591,1
81,1772846779045,-0.00011260525714000026,-4.0203428571000026e-05,0.0002968590857099591,1
82,1772846779048,6.289474286000005e-05,5.339657142899997e-05,8.625908571000939e-05,1
83,1772846779050,6.289474286000005e-05,5.339657142899997e-05,8.625908571000939e-05,1
84,1772846779053,6.289474286000005e-05,5.339657142899997e-05,8.625908571000939e-05,1
85,1772846779056,9.799474285999976e-05,-4.410342857100001e-05,0.00011355908570996175,1
86,1772846779059,9.799474285999976e-05,-4.410342857100001e-05,0.00011355908570996175,1
87,1772846779061,9.799474285999976e-05,-4.410342857100001e-05,0.00011355908570996175,1
88,1772846779064,-3.4052571399999926e-06,-9.090342857100001e-05,0.00026955908571000674,1
89,1772846779067,-3.4052571399999926e-06,-9.090342857100001e-05,0.00026955908571000674,1
90,1772846779070,-3.4052571399999926e-06,-9.090342857100001e-05,0.00026955908571000674,1
91,1772846779073,-2.6805257139999802e-05,7.6796571429e-05,-8.144091428998346e-05,1
92,1772846779075,-2.6805257139999802e-05,7.6796571429e-05,-8.144091428998346e-05,1
93,1772846779078,-2.6805257139999802e-05,7.6796571429e-05,-8.144091428998346e-05,1
94,1772846779081,0.0001213947428600013,-9.090342857100001e-05,0.00014475908570997075,1
95,1772846779084,0.0001213947428600013,-9.090342857100001e-05,0.00014475908570997075,1
96,1772846779086,0.0001213947428600013,-9.090342857100001e-05,0.00014475908570997075,1
97,1772846779089,9.409474286000037e-05,-3.2403428571000053e-05,0.00011745908571001839,1
98,1772846779092,9.409474286000037e-05,-3.2403428571000053e-05,0.00011745908571001839,1
99,1772846779094,9.409474286000037e-05,-3.2403428571000053e-05,0.00011745908571001839,1
100,1772846779097,-4.630525714000022e-05,0.00011969657142899996,0.00030465908570996136,1
101,1772846779100,-4.630525714000022e-05,0.00011969657142899996,0.00030465908570996136,1
102,1772846779103,-4.630525714000022e-05,0.00011969657142899996,0.00030465908570996136,1
103,1772846779106,-0.00010870525713999914,2.6965714289999866e-06,1.9959085709934758e-05,1
104,1772846779108,-0.00010870525713999914,2.6965714289999866e-06,1.9959085709934758e-05,1
105,1772846779111,-0.00010870525713999914,0.00014699657142899997,0.000308559085710018,1
106,1772846779114,5.119474286000014e-05,0.00014699657142899997,0.000308559085710018,1
107,1772846779116,5.119474286000014e-05,0.00014699657142899997,0.000308559085710018,1
108,1772846779119,-6.190525713999952e-05,3.3896571428999986e-05,0.0003748590857099816,1
109,1772846779122,-6.190525713999952e-05,3.3896571428999986e-05,0.0003748590857099816,1
110,1772846779125,-6.190525713999952e-05,3.3896571428999986e-05,0.0003748590857099816,1
111,1772846779127,-4.24052571399991e-05,-0.00010650342857100001,0.00040215908570993397,1
112,1772846779130,-4.24052571399991e-05,-0.00010650342857100001,0.00040215908570993397,1
113,1772846779133,-4.24052571399991e-05,-0.00010650342857100001,0.00040215908570993397,1
114,1772846779136,-8.920525713999872e-05,-4.0203428571000026e-05,0.000370959085710036,1
115,1772846779139,-8.920525713999872e-05,-4.0203428571000026e-05,0.000370959085710036,1
116,1772846779141,-8.920525713999872e-05,-4.0203428571000026e-05,0.000370959085710036,1
117,1772846779144,-9.310525713999984e-05,-0.00016110342857100004,0.00031635908571002024,1
118,1772846779147,-9.310525713999984e-05,-0.00016110342857100004,0.00031635908571002024,1
119,1772846779150,-9.310525713999984e-05,-0.00016110342857100004,0.00031635908571002024,1
120,1772846779152,-0.00010090525713999862,-5.5803428571000026e-05,0.0003436590857099726,1
121,1772846779155,-0.00010090525713999862,-5.5803428571000026e-05,0.0003436590857099726,1
122,1772846779158,-0.00010090525713999862,-5.5803428571000026e-05,0.0003436590857099726,1
123,1772846779161,-7.750525713999881e-05,2.9996571428999945e-05,0.0004060590857099906,1
124,1772846779164,-7.750525713999881e-05,2.9996571428999945e-05,0.0004060590857099906,1
0,1772846779207,1.9994742859999817e-05,-2.070342857100004e-05,0.00010185908571001389,1
1,1772846779210,1.9994742859999817e-05,-2.070342857100004e-05,0.00010185908571001389,1
2,1772846779232,1.9994742859999817e-05,-2.070342857100004e-05,0.00010185908571001389,1
3,1772846779238,-3.850525713999971e-05,0.00012359657142899994,0.0002500590857099456,1
4,1772846779271,-5.020525713999961e-05,2.6965714289999866e-06,0.0002188590857099366,1
5,1772846779279,1.6094742860000427e-05,7.289657142899996e-05,0.00030075908571001574,1
6,1772846779282,-0.0001906052571400002,0.000107996571429,0.00030075908571001574,1
7,1772846779284,-0.0001906052571400002,0.000107996571429,0.00030075908571001574,1
8,1772846779287,-2.2905257139998678e-05,6.899657142899997e-05,0.000152559085709973,1
9,1772846779290,-2.2905257139998678e-05,6.899657142899997e-05,0.000152559085709973,1
10,1772846779292,-2.2905257139998678e-05,6.899657142899997e-05,0.000152559085709973,1
11,1772846779295,3.169474285999972e-05,-3.630342857100004e-05,0.00021105908570993436,1
12,1772846779298,3.169474285999972e-05,-3.630342857100004e-05,0.00021105908570993436,1
13,1772846779301,3.169474285999972e-05,-3.630342857100004e-05,0.00021105908570993436,1
14,1772846779304,-3.4052571399999926e-06,-0.00011820342857100002,0.0001876590857099276,1
15,1772846779306,-3.4052571399999926e-06,-0.00011820342857100002,0.0001876590857099276,1
16,1772846779309,-3.4052571399999926e-06,-0.00011820342857100002,0.0001876590857099276,1
17,1772846779312,-3.460525713999858e-05,6.596571428999973e-06,0.0003904590857099861,1
18,1772846779315,-3.460525713999858e-05,6.596571428999973e-06,0.0003904590857099861,1
19,1772846779317,-3.460525713999858e-05,6.596571428999973e-06,0.0003904590857099861,1
20,1772846779320,-2.6805257139999802e-05,0.00015479657142899994,0.000183759085709982,1
21,1772846779323,-2.6805257139999802e-05,0.00015479657142899994,0.000183759085709982,1
22,1772846779325,-2.6805257139999802e-05,0.00015479657142899994,0.000183759085709982,1
23,1772846779328,8.294742859999912e-06,4.5596571429e-05,0.0001486590857100274,1
24,1772846779331,8.294742859999912e-06,4.5596571429e-05,0.0001486590857100274,1
25,1772846779334,8.294742859999912e-06,4.5596571429e-05,0.0001486590857100274,1
26,1772846779337,7.459474285999995e-05,-3.630342857100004e-05,0.0001369590857099685,1
27,1772846779339,7.459474285999995e-05,-3.630342857100004e-05,0.0001369590857099685,1
28,1772846779342,7.459474285999995e-05,-3.630342857100004e-05,0.0003592590857099771,1
29,1772846779345,-6.580525713999891e-05,6.899657142899997e-05,0.0003592590857099771,1
30,1772846779347,-6.580525713999891e-05,6.899657142899997e-05,0.0003592590857099771,1
31,1772846779350,-6.580525713999891e-05,3.779657142899997e-05,0.0001681590857099775,1
32,1772846779353,-1.9005257139999288e-05,3.779657142899997e-05,0.0001681590857099775,1
33,1772846779356,-1.9005257139999288e-05,3.779657142899997e-05,0.0001681590857099775,1
34,1772846779358,-1.9005257139999288e-05,2.9996571428999945e-05,0.0003124590857099636,1
35,1772846779361,0.00012919474286000009,2.9996571428999945e-05,0.0003124590857099636,1
36,1772846779364,0.00012919474286000009,2.9996571428999945e-05,0.0003124590857099636,1
37,1772846779367,4.947428600011322e-07,2.9996571428999945e-05,0.00024225908570994336,1
38,1772846779370,4.947428600011322e-07,2.9996571428999945e-05,0.00024225908570994336,1
39,1772846779372,4.947428600011322e-07,2.9996571428999945e-05,0.00024225908570994336,1
40,1772846779375,8.294742859999912e-06,-5.10342857100004e-06,0.00025395908571000225,1
41,1772846779378,8.294742859999912e-06,-5.10342857100004e-06,0.00025395908571000225,1
42,1772846779380,8.294742859999912e-06,-5.10342857100004e-06,0.00025395908571000225,1
43,1772846779383,0.0001369947428600006,-3.2403428571000053e-05,0.0002305590857099955,1
44,1772846779386,0.0001369947428600006,-3.2403428571000053e-05,0.0002305590857099955,1
45,1772846779389,0.0001369947428600006,-3.2403428571000053e-05,0.0002305590857099955,1
46,1772846779391,0.00011359474286000079,-0.000153303428571,0.00040215908570993397,1
47,1772846779395,0.00011359474286000079,-0.000153303428571,0.00040215908570993397,1
48,1772846779397,0.00011359474286000079,-0.000153303428571,0.00040215908570993397,1
49,1772846779400,-0.0003739052571399993,5.339657142899997e-05,0.0001642590857100319,1
50,1772846779403,-0.0003739052571399993,5.339657142899997e-05,0.0001642590857100319,1
51,1772846779405,-0.0003739052571399993,5.339657142899997e-05,0.0001642590857100319,1
52,1772846779408,-2.2905257139998678e-05,2.9996571428999945e-05,-0.00011264091428999246,1
53,1772846779411,-2.2905257139998678e-05,2.9996571428999945e-05,-0.00011264091428999246,1
54,1772846779413,-2.2905257139998678e-05,2.9996571428999945e-05,-0.00011264091428999246,1
55,1772846779416,7.459474285999995e-05,-3.2403428571000053e-05,0.0002656590857099501,1
56,1772846779419,7.459474285999995e-05,-3.2403428571000053e-05,0.0002656590857099501,1
57,1772846779422,7.459474285999995e-05,-3.2403428571000053e-05,0.0002656590857099501,1
58,1772846779425,-0.00015940525713999988,-9.003428571000027e-06,0.0001876590857099276,1
59,1772846779427,-0.00015940525713999988,-9.003428571000027e-06,0.0001876590857099276,1
60,1772846779430,2.7794742860000332e-05,0.00011579657142899997,0.00025395908571000225,1
61,1772846779433,2.7794742860000332e-05,0.00011579657142899997,0.00025395908571000225,1
62,1772846779436,2.7794742860000332e-05,0.00011579657142899997,0.00025395908571000225,1
63,1772846779438,3.559474286000085e-05,4.169657142899996e-05,0.0002305590857099955,1
64,1772846779441,3.559474286000085e-05,4.169657142899996e-05,0.0002305590857099955,1
65,1772846779444,3.559474286000085e-05,4.169657142899996e-05,0.0002305590857099955,1
66,1772846779446,-0.00013210525713999895,2.6965714289999866e-06,0.0003592590857099771,1
67,1772846779450,-0.00013210525713999895,2.6965714289999866e-06,0.0003592590857099771,1
68,1772846779453,-0.00013210525713999895,2.6965714289999866e-06,0.0003592590857099771,1
69,1772846779456,-7.305257139999383e-06,0.00014309657142899993,0.0005854590857099313,1
70,1772846779458,-7.305257139999383e-06,0.00014309657142899993,0.0005854590857099313,1
71,1772846779461,-7.305257139999383e-06,0.00014309657142899993,0.0005854590857099313,1
72,1772846779464,4.394742860000522e-06,-2.070342857100004e-05,0.0004099590857099362,1
73,1772846779466,4.394742860000522e-06,-2.070342857100004e-05,0.0004099590857099362,1
74,1772846779469,4.394742860000522e-06,-2.070342857100004e-05,0.0004099590857099362,1
75,1772846779472,-5.800525714000013e-05,-9.090342857100001e-05,5.505908571000039e-05,1
76,1772846779474,-5.800525714000013e-05,-9.090342857100001e-05,5.505908571000039e-05,1
77,1772846779477,-5.800525714000013e-05,-9.090342857100001e-05,5.505908571000039e-05,1
78,1772846779480,-7.360525713999942e-05,1.8296571428999986e-05,0.0002617590857100045,1
79,1772846779483,-7.360525713999942e-05,1.8296571428999986e-05,0.0002617590857100045,1
80,1772846779486,-7.360525713999942e-05,1.8296571428999986e-05,0.000152559085709973,1
81,1772846779489,8.294742859999912e-06,2.2196571428999973e-05,0.000152559085709973,1
82,1772846779491,8.294742859999912e-06,2.2196571428999973e-05,0.000152559085709973,1
83,1772846779494,-3.4052571399999926e-06,-6.360342857100005e-05,0.0005464590857100311,1
84,1772846779497,-3.4052571399999926e-06,-6.360342857100005e-05,0.0005464590857100311,1
85,1772846779499,-3.4052571399999926e-06,-6.360342857100005e-05,0.0005464590857100311,1
86,1772846779502,-6.970525714000003e-05,-5.970342857100001e-05,0.00022275908570999325,1
87,1772846779505,-6.970525714000003e-05,-5.970342857100001e-05,0.00022275908570999325,1
88,1772846779508,-6.970525714000003e-05,-5.970342857100001e-05,0.00022275908570999325,1
89,1772846779511,9.799474285999976e-05,-3.2403428571000053e-05,0.000152559085709973,1
90,1772846779514,9.799474285999976e-05,-3.2403428571000053e-05,0.000152559085709973,1
91,1772846779517,9.799474285999976e-05,-3.2403428571000053e-05,0.000152559085709973,1
92,1772846779519,6.289474286000005e-05,1.8296571428999986e-05,0.0002617590857100045,1
93,1772846779522,6.289474286000005e-05,1.8296571428999986e-05,0.0002617590857100045,1
94,1772846779525,6.289474286000005e-05,1.8296571428999986e-05,0.0002617590857100045,1
95,1772846779528,0.0001096947428600014,0.00026789657142899993,0.00024225908570994336,1
96,1772846779530,0.0001096947428600014,0.00026789657142899993,0.00024225908570994336,1
97,1772846779533,0.0001096947428600014,0.00026789657142899993,0.00024225908570994336,1
98,1772846779536,1.9994742859999817e-05,3.779657142899997e-05,7.065908571000489e-05,1
99,1772846779538,1.9994742859999817e-05,3.779657142899997e-05,7.065908571000489e-05,1
100,1772846779541,1.9994742859999817e-05,3.779657142899997e-05,7.065908571000489e-05,1
101,1772846779544,-0.00011650525713999965,-6.360342857100005e-05,-0.00013994091429005585,1
102,1772846779547,-0.00011650525713999965,-6.360342857100005e-05,-0.00013994091429005585,1
103,1772846779550,-0.00011650525713999965,-9.090342857100001e-05,0.00012525908571002064,1
104,1772846779552,-6.580525713999891e-05,-9.090342857100001e-05,0.00012525908571002064,1
105,1772846779555,-6.580525713999891e-05,-9.090342857100001e-05,0.00012525908571002064,1
106,1772846779558,-8.920525713999872e-05,9.629657142899998e-05,0.00035145908570997485,1
107,1772846779560,-8.920525713999872e-05,9.629657142899998e-05,0.00035145908570997485,1
108,1772846779563,-8.920525713999872e-05,9.629657142899998e-05,0.00035145908570997485,1
109,1772846779566,3.559474286000085e-05,-5.970342857100001e-05,0.00038655908570992947,1
110,1772846779569,3.559474286000085e-05,-5.970342857100001e-05,0.00038655908570992947,1
111,1772846779571,3.559474286000085e-05,-5.970342857100001e-05,0.00038655908570992947,1
112,1772846779575,-1.5105257139999897e-05,-5.190342857100004e-05,0.00047625908571001085,1
113,1772846779577,-1.5105257139999897e-05,-5.190342857100004e-05,0.00047625908571001085,1
114,1772846779580,-1.5105257139999897e-05,-5.190342857100004e-05,0.00047625908571001085,1
115,1772846779583,-2.2905257139998678e-05,6.509657142899999e-05,0.00046455908570995196,1
116,1772846779585,-2.2905257139998678e-05,6.509657142899999e-05,0.00046455908570995196,1
117,1772846779588,-2.2905257139998678e-05,6.509657142899999e-05,0.00046455908570995196,1
118,1772846779591,-5.4105257139999e-05,-3.630342857100004e-05,0.0003553590857100315,1
119,1772846779594,-5.4105257139999e-05,-3.630342857100004e-05,0.0003553590857100315,1
120,1772846779596,-5.4105257139999e-05,-3.630342857100004e-05,0.0003553590857100315,1
121,1772846779599,-3.4052571399999926e-06,8.069657142899999e-05,0.000121359085709964,1
122,1772846779602,-3.4052571399999926e-06,8.069657142899999e-05,0.000121359085709964,1
123,1772846779605,-3.4052571399999926e-06,8.069657142899999e-05,0.000121359085709964,1
124,1772846779608,2.7794742860000332e-05,2.6965714289999866e-06,0.00024225908570994336,1
0,1772846779661,-7.305257139999383e-06,-1.2903428571000013e-05,0.00030465908570996136,1
1,1772846779697,0.00010189474286000089,-4.0203428571000026e-05,0.00022275908570999325,1
2,1772846779712,-0.00010870525713999914,-0.00016110342857100004,0.000339759085710027,1
3,1772846779715,-0.00010870525713999914,-0.00016110342857100004,0.000339759085710027,1
4,1772846779718,-4.24052571399991e-05,2.9996571428999945e-05,-3.85409142900266e-05,1
5,1772846779721,-4.24052571399991e-05,2.9996571428999945e-05,-3.85409142900266e-05,1
6,1772846779723,-4.24052571399991e-05,2.9996571428999945e-05,-3.85409142900266e-05,1
7,1772846779726,1.2194742860001037e-05,6.119657142899994e-05,0.00011745908571001839,1
8,1772846779729,1.2194742860001037e-05,6.119657142899994e-05,0.00011745908571001839,1
9,1772846779732,1.2194742860001037e-05,6.119657142899994e-05,0.00011745908571001839,1
10,1772846779734,0.0001759947428599997,0.00016259657142899992,0.00017595908570997975,1
11,1772846779737,0.0001759947428599997,0.00016259657142899992,0.00017595908570997975,1
12,1772846779740,0.0001759947428599997,0.00016259657142899992,0.00017595908570997975,1
13,1772846779742,5.119474286000014e-05,-5.970342857100001e-05,0.0002032590857099321,1
14,1772846779745,5.119474286000014e-05,-5.970342857100001e-05,0.0002032590857099321,1
15,1772846779748,5.119474286000014e-05,-5.970342857100001e-05,0.0002032590857099321,1
16,1772846779750,-4.630525714000022e-05,-2.070342857100004e-05,0.0004840590857100131,1
17,1772846779753,-4.630525714000022e-05,-2.070342857100004e-05,0.0004840590857100131,1
18,1772846779756,-4.630525714000022e-05,-2.070342857100004e-05,0.0004840590857100131,1
19,1772846779759,0.00018379474286000022,5.339657142899997e-05,0.00032025908570996586,1
20,1772846779762,0.00018379474286000022,5.339657142899997e-05,0.00032025908570996586,1
21,1772846779764,0.00018379474286000022,5.339657142899997e-05,0.00036705908570997935,1
22,1772846779767,0.00015649474286000102,6.119657142899994e-05,0.00036705908570997935,1
23,1772846779770,0.00015649474286000102,6.119657142899994e-05,0.00036705908570997935,1
24,1772846779773,0.00015649474286000102,6.119657142899994e-05,0.00017595908570997975,1
25,1772846779775,0.0001525947428599999,0.000139196571429,0.00017595908570997975,1
26,1772846779778,0.0001525947428599999,0.000139196571429,0.00017595908570997975,1
27,1772846779781,0.0001525947428599999,3.779657142899997e-05,0.00023835908570999775,1
28,1772846779783,0.00012919474286000009,3.779657142899997e-05,0.00023835908570999775,1
29,1772846779786,0.00012919474286000009,3.779657142899997e-05,0.00023835908570999775,1
30,1772846779789,0.00012919474286000009,-5.5803428571000026e-05,0.0005659590857099812,1
31,1772846779791,-0.0001906052571400002,-5.5803428571000026e-05,0.0005659590857099812,1
32,1772846779794,-0.0001906052571400002,-5.5803428571000026e-05,0.0005659590857099812,1
33,1772846779797,-0.00016720525713999866,-0.00011040342857100002,0.0003280590857099681,1
34,1772846779800,-0.00016720525713999866,-0.00011040342857100002,0.0003280590857099681,1
35,1772846779803,-0.00016720525713999866,-0.00011040342857100002,0.0003280590857099681,1
36,1772846779806,-8.920525713999872e-05,-6.360342857100005e-05,0.0004060590857099906,1
37,1772846779808,-8.920525713999872e-05,-6.360342857100005e-05,0.0004060590857099906,1
38,1772846779811,-8.920525713999872e-05,-6.360342857100005e-05,0.0004060590857099906,1
39,1772846779814,-3.070525713999919e-05,-4.410342857100001e-05,0.0003553590857100315,1
40,1772846779816,-3.070525713999919e-05,-4.410342857100001e-05,0.0003553590857100315,1
41,1772846779819,-3.070525713999919e-05,-4.410342857100001e-05,0.0003553590857100315,1
42,1772846779822,7.069474286000056e-05,-2.8503428571000013e-05,8.625908571000939e-05,1
43,1772846779824,7.069474286000056e-05,-2.8503428571000013e-05,8.625908571000939e-05,1
44,1772846779827,7.069474286000056e-05,-2.8503428571000013e-05,8.625908571000939e-05,1
45,1772846779830,4.947428600011322e-07,5.729657142899996e-05,0.00017205908571003414,1
46,1772846779833,4.947428600011322e-07,5.729657142899996e-05,0.00017205908571003414,1
47,1772846779836,4.947428600011322e-07,5.729657142899996e-05,0.00017205908571003414,1
48,1772846779839,4.394742860000522e-06,2.6965714289999866e-06,0.00032025908570996586,1
49,1772846779841,4.394742860000522e-06,2.6965714289999866e-06,0.00032025908570996586,1
50,1772846779844,4.394742860000522e-06,2.6965714289999866e-06,0.00032025908570996586,1
51,1772846779847,3.559474286000085e-05,9.239657142899994e-05,0.00017985908571003639,1
52,1772846779849,3.559474286000085e-05,9.239657142899994e-05,0.00017985908571003639,1
53,1772846779852,3.559474286000085e-05,9.239657142899994e-05,0.00036315908571003374,1
54,1772846779855,0.00011749474286000018,1.049657142899996e-05,0.00036315908571003374,1
55,1772846779858,0.00011749474286000018,1.049657142899996e-05,0.00036315908571003374,1
56,1772846779860,0.00011749474286000018,7.289657142899996e-05,0.0004567590857099497,1
57,1772846779863,7.069474286000056e-05,7.289657142899996e-05,0.0004567590857099497,1
58,1772846779866,7.069474286000056e-05,7.289657142899996e-05,0.0004567590857099497,1
59,1772846779869,7.069474286000056e-05,0.00019769657142899996,0.00033195908571002474,1
60,1772846779872,8.294742859999912e-06,0.00019769657142899996,0.00033195908571002474,1
61,1772846779874,8.294742859999912e-06,0.00019769657142899996,0.00033195908571002474,1
62,1772846779877,-7.360525713999942e-05,-5.190342857100004e-05,0.000214959085709991,1
63,1772846779880,-7.360525713999942e-05,-5.190342857100004e-05,0.000214959085709991,1
64,1772846779883,-7.360525713999942e-05,-5.190342857100004e-05,0.000214959085709991,1
65,1772846779885,4.729474286000075e-05,6.596571428999973e-06,0.0003592590857099771,1
66,1772846779888,4.729474286000075e-05,6.596571428999973e-06,0.0003592590857099771,1
67,1772846779891,4.729474286000075e-05,6.596571428999973e-06,0.0003592590857099771,1
68,1772846779893,-0.00010480525713999975,-2.070342857100004e-05,0.00033195908571002474,1
69,1772846779896,-0.00010480525713999975,-2.070342857100004e-05,0.00033195908571002474,1
70,1772846779899,-0.00010480525713999975,-2.070342857100004e-05,0.00033195908571002474,1
71,1772846779902,-0.00013600525714000007,-5.970342857100001e-05,0.00025395908571000225,1
72,1772846779905,-0.00013600525714000007,-5.970342857100001e-05,0.00025395908571000225,1
73,1772846779907,-0.00013600525714000007,-5.970342857100001e-05,0.00025395908571000225,1
74,1772846779910,-8.140525713999994e-05,-7.530342857100001e-05,0.000183759085709982,1
75,1772846779913,-8.140525713999994e-05,-7.530342857100001e-05,0.000183759085709982,1
76,1772846779916,-8.140525713999994e-05,-7.530342857100001e-05,0.000183759085709982,1
77,1772846779918,-3.460525713999858e-05,1.049657142899996e-05,0.0001876590857099276,1
78,1772846779921,-3.460525713999858e-05,1.049657142899996e-05,0.0001876590857099276,1
79,1772846779924,-3.460525713999858e-05,1.049657142899996e-05,0.0001876590857099276,1
80,1772846779926,-2.6805257139999802e-05,2.609657142899996e-05,0.0005152590857100221,1
81,1772846779929,-2.6805257139999802e-05,2.609657142899996e-05,0.0005152590857100221,1
82,1772846779932,-2.6805257139999802e-05,2.609657142899996e-05,0.0005152590857100221,1
83,1772846779934,-3.460525713999858e-05,1.4396571429e-05,0.0002344590857099411,1
84,1772846779937,-3.460525713999858e-05,1.4396571429e-05,0.0002344590857099411,1
85,1772846779940,-3.460525713999858e-05,1.4396571429e-05,0.00012915908570996625,1
86,1772846779943,-7.305257139999383e-06,-3.2403428571000053e-05,0.00012915908570996625,1
87,1772846779946,-7.305257139999383e-06,-3.2403428571000053e-05,0.00012915908570996625,1
88,1772846779948,4.729474286000075e-05,-1.2903428571000013e-05,0.0001993590857099865,1
89,1772846779951,4.729474286000075e-05,-1.2903428571000013e-05,0.0001993590857099865,1
90,1772846779954,4.729474286000075e-05,-1.2903428571000013e-05,0.0001993590857099865,1
91,1772846779957,-8.920525713999872e-05,0.00011579657142899997,0.00021105908570993436,1
92,1772846779959,-8.920525713999872e-05,0.00011579657142899997,0.00021105908570993436,1
93,1772846779962,-8.920525713999872e-05,0.00011579657142899997,0.00021105908570993436,1
94,1772846779965,3.559474286000085e-05,3.779657142899997e-05,0.00023835908570999775,1
95,1772846779967,3.559474286000085e-05,3.779657142899997e-05,0.00023835908570999775,1
96,1772846779970,3.559474286000085e-05,3.779657142899997e-05,0.00023835908570999775,1
97,1772846779973,4.394742860000522e-06,-0.00010260342857100003,0.000339759085710027,1
98,1772846779975,4.394742860000522e-06,-0.00010260342857100003,0.000339759085710027,1
99,1772846779978,4.394742860000522e-06,-0.00010260342857100003,0.000339759085710027,1
100,1772846779981,-3.070525713999919e-05,1.049657142899996e-05,0.0002188590857099366,1
101,1772846779984,-3.070525713999919e-05,1.049657142899996e-05,0.0002188590857099366,1
102,1772846779987,-3.070525713999919e-05,1.049657142899996e-05,0.0002188590857099366,1
103,1772846779990,3.949474286000024e-05,1.8296571428999986e-05,0.00024225908570994336,1
104,1772846779992,3.949474286000024e-05,1.8296571428999986e-05,0.00024225908570994336,1
105,1772846779995,3.949474286000024e-05,1.8296571428999986e-05,0.00024225908570994336,1
106,1772846779998,0.0001525947428599999,2.609657142899996e-05,0.00048015908570995646,1
107,1772846780000,0.0001525947428599999,2.609657142899996e-05,0.00048015908570995646,1
108,1772846780003,0.0001525947428599999,2.609657142899996e-05,0.00048015908570995646,1
109,1772846780006,0.0001330947428600012,-0.00011040342857100002,0.0003124590857099636,1
110,1772846780008,0.0001330947428600012,-0.00011040342857100002,0.0003124590857099636,1
111,1772846780011,0.0001330947428600012,-0.00011040342857100002,0.0003124590857099636,1
112,1772846780014,4.394742860000522e-06,2.9996571428999945e-05,7.065908571000489e-05,1
113,1772846780017,4.394742860000522e-06,2.9996571428999945e-05,7.065908571000489e-05,1
114,1772846780019,4.394742860000522e-06,2.9996571428999945e-05,7.065908571000489e-05,1
115,1772846780022,1.2194742860001037e-05,5.339657142899997e-05,9.0159085709955e-05,1
116,1772846780025,1.2194742860001037e-05,5.339657142899997e-05,9.0159085709955e-05,1
117,1772846780028,1.2194742860001037e-05,5.339657142899997e-05,9.0159085709955e-05,1
118,1772846780031,-6.190525713999952e-05,0.0002873965714289999,0.000183759085709982,1
119,1772846780033,-6.190525713999952e-05,0.0002873965714289999,0.000183759085709982,1
120,1772846780036,-7.360525713999942e-05,2.6965714289999866e-06,0.0002032590857099321,1
121,1772846780039,-7.360525713999942e-05,2.6965714289999866e-06,0.0002032590857099321,1
122,1772846780041,-7.360525713999942e-05,2.6965714289999866e-06,0.0002032590857099321,1
123,1772846780044,-8.530525713999933e-05,0.000107996571429,0.0004216590857099951,1
124,1772846780047,-8.530525713999933e-05,0.000107996571429,0.0004216590857099951,1
0,1772846780089,-5.4105257139999e-05,0.000107996571429,0.0004099590857099362,1
1,1772846780092,-0.00017500525713999918,0.00014309657142899993,0.00025395908571000225,1
2,1772846780095,-0.00017500525713999918,0.00014309657142899993,0.00025395908571000225,1
3,1772846780103,-0.00017500525713999918,0.00014309657142899993,0.00025395908571000225,1
4,1772846780160,5.899474286000066e-05,0.00017819657142899997,3.945908570999589e-05,1
5,1772846780163,-5.020525713999961e-05,-0.00018060342857100002,4.725908570999814e-05,1
6,1772846780166,-0.00014770525713999998,-9.090342857100001e-05,4.725908570999814e-05,1
7,1772846780169,-0.00014770525713999998,-9.090342857100001e-05,4.725908570999814e-05,1
8,1772846780172,4.729474286000075e-05,0.00010019657142899997,4.725908570999814e-05,1
9,1772846780175,4.729474286000075e-05,0.00010019657142899997,4.725908570999814e-05,1
10,1772846780177,4.729474286000075e-05,0.00010019657142899997,4.725908570999814e-05,1
11,1772846780180,0.00010579474286000028,6.899657142899997e-05,0.00022275908570999325,1
12,1772846780183,0.00010579474286000028,6.899657142899997e-05,0.00022275908570999325,1
13,1772846780186,0.00010579474286000028,6.899657142899997e-05,0.00022275908570999325,1
14,1772846780188,4.339474286000136e-05,0.00010019657142899997,0.00039825908570998835,1
15,1772846780191,4.339474286000136e-05,0.00010019657142899997,0.00039825908570998835,1
16,1772846780194,4.339474286000136e-05,0.00010019657142899997,0.00039825908570998835,1
17,1772846780196,-3.4052571399999926e-06,0.00012749657142899998,0.000183759085709982,1
18,1772846780199,-3.4052571399999926e-06,0.00012749657142899998,0.000183759085709982,1
19,1772846780202,-3.4052571399999926e-06,0.00012749657142899998,0.000183759085709982,1
20,1772846780205,-8.140525713999994e-05,1.4396571429e-05,1.9959085709934758e-05,1
21,1772846780208,-8.140525713999994e-05,1.4396571429e-05,1.9959085709934758e-05,1
22,1772846780210,-8.140525713999994e-05,1.4396571429e-05,1.9959085709934758e-05,1
23,1772846780213,-4.24052571399991e-05,7.6796571429e-05,0.00012915908570996625,1
24,1772846780216,-4.24052571399991e-05,7.6796571429e-05,0.00012915908570996625,1
25,1772846780218,-4.24052571399991e-05,7.6796571429e-05,0.00012915908570996625,1
26,1772846780221,5.899474286000066e-05,7.289657142899996e-05,0.00026955908571000674,1
27,1772846780224,5.899474286000066e-05,7.289657142899996e-05,0.00026955908571000674,1
28,1772846780227,5.899474286000066e-05,7.289657142899996e-05,0.00026955908571000674,1
29,1772846780229,0.00014479474286000112,8.849657142899996e-05,0.00046455908570995196,1
30,1772846780233,0.00014479474286000112,8.849657142899996e-05,0.00046455908570995196,1
31,1772846780235,0.00014479474286000112,2.2196571428999973e-05,0.00017985908571003639,1
32,1772846780238,7.069474286000056e-05,2.2196571428999973e-05,0.00017985908571003639,1
33,1772846780241,7.069474286000056e-05,2.2196571428999973e-05,0.00017985908571003639,1
34,1772846780243,-1.5105257139999897e-05,-2.070342857100004e-05,0.00022275908570999325,1
35,1772846780246,-1.5105257139999897e-05,-2.070342857100004e-05,0.00022275908570999325,1
36,1772846780249,-1.5105257139999897e-05,-2.070342857100004e-05,0.00022275908570999325,1
37,1772846780251,-0.00012040525713999904,4.169657142899996e-05,0.0004528590857100041,1
38,1772846780254,-0.00012040525713999904,4.169657142899996e-05,0.0004528590857100041,1
39,1772846780257,-0.00012040525713999904,4.169657142899996e-05,0.0004528590857100041,1
40,1772846780260,-6.580525713999891e-05,-1.6803428571e-05,0.0002617590857100045,1
41,1772846780262,-6.580525713999891e-05,-1.6803428571e-05,0.0002617590857100045,1
42,1772846780265,-6.580525713999891e-05,-1.6803428571e-05,0.0002617590857100045,1
43,1772846780268,-2.2905257139998678e-05,0.00014699657142899997,0.0001681590857099775,1
44,1772846780270,-2.2905257139998678e-05,0.00014699657142899997,0.0001681590857099775,1
45,1772846780274,-2.2905257139998678e-05,0.00014699657142899997,0.0001681590857099775,1
46,1772846780276,4.947428600011322e-07,2.9996571428999945e-05,0.00019155908570998425,1
47,1772846780279,4.947428600011322e-07,2.9996571428999945e-05,0.00019155908570998425,1
48,1772846780282,4.947428600011322e-07,2.9996571428999945e-05,0.00019155908570998425,1
49,1772846780284,2.3894742860000942e-05,1.8296571428999986e-05,0.00011355908570996175,1
50,1772846780287,2.3894742860000942e-05,1.8296571428999986e-05,0.00011355908570996175,1
51,1772846780290,2.3894742860000942e-05,1.8296571428999986e-05,0.00011355908570996175,1
52,1772846780293,0.00014089474286,-6.360342857100005e-05,0.0001876590857099276,1
53,1772846780295,0.00014089474286,-6.360342857100005e-05,0.0001876590857099276,1
54,1772846780298,0.00014089474286,-6.360342857100005e-05,0.0001876590857099276,1
55,1772846780301,0.00019549474286000013,-9.480342857100005e-05,0.00026955908571000674,1
56,1772846780304,0.00019549474286000013,-9.480342857100005e-05,0.00026955908571000674,1
57,1772846780307,0.00019549474286000013,-9.480342857100005e-05,0.00026955908571000674,1
58,1772846780309,0.00012919474286000009,-7.9203428571e-05,0.00026955908571000674,1
59,1772846780312,0.00012919474286000009,-7.9203428571e-05,0.00026955908571000674,1
60,1772846780315,0.00012919474286000009,-7.9203428571e-05,0.00041385908570999285,1
61,1772846780317,4.394742860000522e-06,-1.2903428571000013e-05,0.00041385908570999285,1
62,1772846780320,4.394742860000522e-06,-1.2903428571000013e-05,0.00041385908570999285,1
63,1772846780323,4.394742860000522e-06,5.339657142899997e-05,0.0004840590857100131,1
64,1772846780325,-5.800525714000013e-05,5.339657142899997e-05,0.0004840590857100131,1
65,1772846780328,-5.800525714000013e-05,5.339657142899997e-05,0.0004840590857100131,1
66,1772846780331,-5.800525714000013e-05,1.4396571429e-05,0.00028515908571001124,1
67,1772846780334,-5.800525714000013e-05,1.4396571429e-05,0.00028515908571001124,1
68,1772846780337,-5.800525714000013e-05,1.4396571429e-05,0.00028515908571001124,1
69,1772846780340,-0.00010870525713999914,-0.00012600342857100002,0.0002344590857099411,1
70,1772846780342,-0.00010870525713999914,-0.00012600342857100002,0.0002344590857099411,1
71,1772846780345,-0.00010870525713999914,-0.00012600342857100002,0.0002344590857099411,1
72,1772846780348,-0.00017500525713999918,-1.6803428571e-05,0.00040215908570993397,1
73,1772846780350,-0.00017500525713999918,-1.6803428571e-05,0.00040215908570993397,1
74,1772846780353,-0.00017500525713999918,-1.6803428571e-05,0.00040215908570993397,1
75,1772846780356,-0.0002179052571399994,-5.5803428571000026e-05,0.00012525908571002064,1
76,1772846780358,-0.0002179052571399994,-5.5803428571000026e-05,0.00012525908571002064,1
77,1772846780361,-0.0002179052571399994,-5.5803428571000026e-05,0.00012525908571002064,1
78,1772846780364,-3.850525713999971e-05,-5.190342857100004e-05,0.0001993590857099865,1
79,1772846780367,-3.850525713999971e-05,-5.190342857100004e-05,0.0001993590857099865,1
80,1772846780370,-3.850525713999971e-05,-5.190342857100004e-05,0.0001993590857099865,1
81,1772846780373,7.459474285999995e-05,0.00012359657142899994,0.00038655908570992947,1
82,1772846780375,7.459474285999995e-05,0.00012359657142899994,0.00038655908570992947,1
83,1772846780378,7.459474285999995e-05,0.00012359657142899994,0.00038655908570992947,1
84,1772846780381,5.119474286000014e-05,3.779657142899997e-05,0.00035145908570997485,1
85,1772846780383,5.119474286000014e-05,3.779657142899997e-05,0.00035145908570997485,1
86,1772846780386,5.119474286000014e-05,3.779657142899997e-05,0.00035145908570997485,1
87,1772846780389,-6.190525713999952e-05,0.00014699657142899997,0.00030075908571001574,1
88,1772846780391,-6.190525713999952e-05,0.00014699657142899997,0.00030075908571001574,1
89,1772846780394,-6.190525713999952e-05,0.00014699657142899997,0.00030075908571001574,1
90,1772846780397,5.119474286000014e-05,0.00015479657142899994,3.1659085709993644e-05,1
91,1772846780400,5.119474286000014e-05,0.00015479657142899994,3.1659085709993644e-05,1
92,1772846780403,7.069474286000056e-05,3.3896571428999986e-05,0.0003436590857099726,1
93,1772846780406,7.069474286000056e-05,3.3896571428999986e-05,0.0003436590857099726,1
94,1772846780408,7.069474286000056e-05,3.3896571428999986e-05,0.0003436590857099726,1
95,1772846780411,3.949474286000024e-05,1.8296571428999986e-05,0.0003553590857100315,1
96,1772846780414,3.949474286000024e-05,1.8296571428999986e-05,0.0003553590857100315,1
97,1772846780416,3.949474286000024e-05,1.8296571428999986e-05,0.0003553590857100315,1
98,1772846780419,-0.00010870525713999914,-2.070342857100004e-05,0.000370959085710036,1
99,1772846780422,-0.00010870525713999914,-2.070342857100004e-05,0.000370959085710036,1
100,1772846780424,-0.00010870525713999914,-2.070342857100004e-05,0.000370959085710036,1
101,1772846780427,6.289474286000005e-05,0.00014699657142899997,0.0004060590857099906,1
102,1772846780430,6.289474286000005e-05,0.00014699657142899997,0.0004060590857099906,1
103,1772846780433,6.289474286000005e-05,0.00014699657142899997,0.0004060590857099906,1
104,1772846780435,0.00015649474286000102,5.729657142899996e-05,0.00022275908570999325,1
105,1772846780438,0.00015649474286000102,5.729657142899996e-05,0.00022275908570999325,1
106,1772846780441,0.00015649474286000102,5.729657142899996e-05,0.00022275908570999325,1
107,1772846780444,6.289474286000005e-05,4.169657142899996e-05,0.0001057590857099595,1
108,1772846780447,6.289474286000005e-05,4.169657142899996e-05,0.0001057590857099595,1
109,1772846780449,6.289474286000005e-05,4.169657142899996e-05,0.0001057590857099595,1
110,1772846780452,5.509474286000127e-05,-5.970342857100001e-05,0.0002968590857099591,1
111,1772846780455,5.509474286000127e-05,-5.970342857100001e-05,0.0002968590857099591,1
112,1772846780457,5.509474286000127e-05,-5.970342857100001e-05,0.0002968590857099591,1
113,1772846780460,2.7794742860000332e-05,-9.480342857100005e-05,0.00014085908571002514,1
114,1772846780463,2.7794742860000332e-05,-9.480342857100005e-05,0.00014085908571002514,1
115,1772846780466,2.7794742860000332e-05,-9.480342857100005e-05,0.00014085908571002514,1
116,1772846780468,-1.5105257139999897e-05,-0.000200103428571,6.285908571000264e-05,1
117,1772846780471,-1.5105257139999897e-05,-0.000200103428571,6.285908571000264e-05,1
118,1772846780474,-1.5105257139999897e-05,-0.000200103428571,6.285908571000264e-05,1
119,1772846780476,1.6094742860000427e-05,-0.00018060342857100002,0.00024615908571,1
120,1772846780479,1.6094742860000427e-05,-0.00018060342857100002,0.00024615908571,1
121,1772846780482,1.6094742860000427e-05,-0.00018060342857100002,0.00024615908571,1
122,1772846780485,6.679474286000117e-05,7.6796571429e-05,0.0001681590857099775,1
123,1772846780488,6.679474286000117e-05,7.6796571429e-05,0.0001681590857099775,1
124,1772846780490,-0.00010480525713999975,2.2196571428999973e-05,0.000152559085709973,1
0,1772846780533,0.00010579474286000028,4.169657142899996e-05,0.0004099590857099362,1
1,1772846780536,0.00010579474286000028,4.169657142899996e-05,0.0004099590857099362,1
2,1772846780546,6.679474286000117e-05,5.729657142899996e-05,1.9959085709934758e-05,1
3,1772846780589,-5.4105257139999e-05,-7.140342857100003e-05,0.0004255590857099407,1
4,1772846780599,-7.360525713999942e-05,-4.410342857100001e-05,0.00038265908570998385,1
5,1772846780604,1.6094742860000427e-05,-0.000168903428571,-1.5140914290019854e-05,1
6,1772846780607,1.6094742860000427e-05,-0.000168903428571,-1.5140914290019854e-05,1
7,1772846780610,1.6094742860000427e-05,-0.000168903428571,0.00023835908570999775,1
8,1772846780612,1.2194742860001037e-05,-0.00011820342857100002,0.00023835908570999775,1
9,1772846780615,1.2194742860001037e-05,-0.00011820342857100002,0.00023835908570999775,1
10,1772846780618,1.2194742860001037e-05,-0.00011820342857100002,0.00025395908571000225,1
11,1772846780620,-8.140525713999994e-05,-6.750342857100004e-05,0.00025395908571000225,1
12,1772846780623,-8.140525713999994e-05,-6.750342857100004e-05,0.00025395908571000225,1
13,1772846780626,-8.140525713999994e-05,0.00011579657142899997,0.00030075908571001574,1
14,1772846780628,0.00026179474286000017,0.00011579657142899997,0.00030075908571001574,1
15,1772846780631,0.00026179474286000017,0.00011579657142899997,0.00030075908571001574,1
16,1772846780634,0.00026179474286000017,0.00011969657142899996,0.00024225908570994336,1
17,1772846780637,0.0001525947428599999,0.00011969657142899996,0.00024225908570994336,1
18,1772846780640,0.0001525947428599999,0.00011969657142899996,0.00024225908570994336,1
19,1772846780642,1.6094742860000427e-05,7.289657142899996e-05,0.00021105908570993436,1
20,1772846780645,1.6094742860000427e-05,7.289657142899996e-05,0.00021105908570993436,1
21,1772846780648,1.6094742860000427e-05,7.289657142899996e-05,0.00021105908570993436,1
22,1772846780651,-3.070525713999919e-05,-0.00011040342857100002,0.0004528590857100041,1
23,1772846780653,-3.070525713999919e-05,-0.00011040342857100002,0.0004528590857100041,1
24,1772846780656,-3.070525713999919e-05,-0.00011040342857100002,0.0004528590857100041,1
25,1772846780659,-0.00011260525714000026,4.9496571428999986e-05,0.000589359085709988,1
26,1772846780662,-0.00011260525714000026,4.9496571428999986e-05,0.000589359085709988,1
27,1772846780665,-0.00011260525714000026,4.9496571428999986e-05,0.000589359085709988,1
28,1772846780668,-2.6805257139999802e-05,0.00011189657142899998,0.0005035590857099632,1
29,1772846780670,-2.6805257139999802e-05,0.00011189657142899998,0.0005035590857099632,1
30,1772846780673,-2.6805257139999802e-05,0.00011189657142899998,0.0005035590857099632,1
31,1772846780676,4.947428600011322e-07,0.00011969657142899996,0.0001681590857099775,1
32,1772846780678,4.947428600011322e-07,0.00011969657142899996,0.0001681590857099775,1
33,1772846780681,4.947428600011322e-07,0.00011969657142899996,0.0001681590857099775,1
34,1772846780684,0.00010189474286000089,0.00013139657142899997,0.00017205908571003414,1
35,1772846780686,0.00010189474286000089,0.00013139657142899997,0.00017205908571003414,1
36,1772846780689,0.00010189474286000089,0.00013139657142899997,0.000339759085710027,1
37,1772846780692,0.0001525947428599999,7.6796571429e-05,0.000339759085710027,1
38,1772846780695,0.0001525947428599999,7.6796571429e-05,0.000339759085710027,1
39,1772846780697,0.0001525947428599999,7.6796571429e-05,0.0004216590857099951,1
40,1772846780700,-3.070525713999919e-05,3.3896571428999986e-05,0.0004216590857099951,1
41,1772846780703,-3.070525713999919e-05,3.3896571428999986e-05,0.0004216590857099951,1
42,1772846780706,-3.070525713999919e-05,2.609657142899996e-05,0.0004099590857099362,1
43,1772846780709,-0.00010870525713999914,2.609657142899996e-05,0.0004099590857099362,1
44,1772846780711,-0.00010870525713999914,2.609657142899996e-05,0.0004099590857099362,1
45,1772846780714,-5.020525713999961e-05,0.00012749657142899998,2.7759085709937008e-05,1
46,1772846780717,-5.020525713999961e-05,0.00012749657142899998,2.7759085709937008e-05,1
47,1772846780720,-5.020525713999961e-05,0.00012749657142899998,2.7759085709937008e-05,1
48,1772846780722,-0.00012430525714000017,0.00017819657142899997,-4.2440914289972216e-05,1
49,1772846780725,-0.00012430525714000017,0.00017819657142899997,-4.2440914289972216e-05,1
50,1772846780728,-0.00012430525714000017,0.00017819657142899997,-4.2440914289972216e-05,1
51,1772846780730,1.6094742860000427e-05,-7.9203428571e-05,0.00024615908571,1
52,1772846780733,1.6094742860000427e-05,-7.9203428571e-05,0.00024615908571,1
53,1772846780736,1.6094742860000427e-05,-7.9203428571e-05,0.00024615908571,1
54,1772846780738,8.629474285999986e-05,6.899657142899997e-05,0.0005503590857099767,1
55,1772846780742,8.629474285999986e-05,6.899657142899997e-05,0.0005503590857099767,1
56,1772846780744,8.629474285999986e-05,6.899657142899997e-05,0.0005503590857099767,1
57,1772846780747,1.6094742860000427e-05,7.289657142899996e-05,0.00025395908571000225,1
58,1772846780750,1.6094742860000427e-05,7.289657142899996e-05,0.00025395908571000225,1
59,1772846780753,1.6094742860000427e-05,7.289657142899996e-05,0.00025395908571000225,1
60,1772846780755,-2.6805257139999802e-05,-0.000122103428571,0.00014085908571002514,1
61,1772846780758,-2.6805257139999802e-05,-0.000122103428571,0.00014085908571002514,1
62,1772846780761,-2.6805257139999802e-05,-0.000122103428571,0.00014085908571002514,1
63,1772846780763,2.3894742860000942e-05,1.4396571429e-05,0.00010965908571001614,1
64,1772846780766,2.3894742860000942e-05,1.4396571429e-05,0.00010965908571001614,1
65,1772846780769,2.3894742860000942e-05,1.4396571429e-05,0.00010965908571001614,1
66,1772846780771,0.0001525947428599999,-1.6803428571e-05,4.335908570994151e-05,1
67,1772846780774,0.0001525947428599999,-1.6803428571e-05,4.335908570994151e-05,1
68,1772846780777,0.0001525947428599999,-1.6803428571e-05,0.00017595908570997975,1
69,1772846780780,0.00010579474286000028,6.899657142899997e-05,0.00017595908570997975,1
70,1772846780783,0.00010579474286000028,6.899657142899997e-05,0.00017595908570997975,1
71,1772846780786,-9.700525713999923e-05,4.169657142899996e-05,0.00032025908570996586,1
72,1772846780788,-9.700525713999923e-05,4.169657142899996e-05,0.00032025908570996586,1
73,1772846780791,-9.700525713999923e-05,4.169657142899996e-05,0.00032025908570996586,1
74,1772846780794,-6.190525713999952e-05,-2.4603428571000026e-05,0.00028905908570995686,1
75,1772846780796,-6.190525713999952e-05,-2.4603428571000026e-05,0.00028905908570995686,1
76,1772846780799,-6.190525713999952e-05,-2.4603428571000026e-05,0.00028905908570995686,1
77,1772846780802,-2.2905257139998678e-05,-3.630342857100004e-05,0.00032025908570996586,1
78,1772846780804,-2.2905257139998678e-05,-3.630342857100004e-05,0.00032025908570996586,1
79,1772846780807,-2.2905257139998678e-05,-3.630342857100004e-05,0.00032025908570996586,1
80,1772846780810,0.00010189474286000089,0.00013529657142899996,0.0005230590857100243,1
81,1772846780813,0.00010189474286000089,0.00013529657142899996,0.0005230590857100243,1
82,1772846780816,0.00010189474286000089,0.00013529657142899996,0.0005230590857100243,1
83,1772846780819,-7.305257139999383e-06,2.2196571428999973e-05,0.0005191590857099677,1
84,1772846780821,-7.305257139999383e-06,2.2196571428999973e-05,0.0005191590857099677,1
85,1772846780824,-7.305257139999383e-06,2.2196571428999973e-05,0.0005191590857099677,1
86,1772846780827,-1.9005257139999288e-05,8.069657142899999e-05,0.00031635908571002024,1
87,1772846780829,-1.9005257139999288e-05,8.069657142899999e-05,0.00031635908571002024,1
88,1772846780832,-1.9005257139999288e-05,8.069657142899999e-05,0.00031635908571002024,1
89,1772846780835,-6.580525713999891e-05,9.239657142899994e-05,0.0002656590857099501,1
90,1772846780837,-6.580525713999891e-05,9.239657142899994e-05,0.0002656590857099501,1
91,1772846780840,-6.580525713999891e-05,9.239657142899994e-05,0.0002656590857099501,1
92,1772846780843,-2.2905257139998678e-05,-5.5803428571000026e-05,0.0003592590857099771,1
93,1772846780846,-2.2905257139998678e-05,-5.5803428571000026e-05,0.0003592590857099771,1
94,1772846780849,-2.2905257139998678e-05,-5.5803428571000026e-05,0.000308559085710018,1
95,1772846780851,6.289474286000005e-05,6.119657142899994e-05,0.000308559085710018,1
96,1772846780854,6.289474286000005e-05,6.119657142899994e-05,0.000308559085710018,1
97,1772846780857,6.289474286000005e-05,0.00012749657142899998,0.0002305590857099955,1
98,1772846780860,6.289474286000005e-05,0.00012749657142899998,0.0002305590857099955,1
99,1772846780862,6.289474286000005e-05,0.00012749657142899998,0.0002305590857099955,1
100,1772846780865,6.289474286000005e-05,2.6965714289999866e-06,5.8959085709946006e-05,1
101,1772846780868,-5.020525713999961e-05,2.6965714289999866e-06,5.8959085709946006e-05,1
102,1772846780870,-5.020525713999961e-05,2.6965714289999866e-06,5.8959085709946006e-05,1
103,1772846780874,-6.580525713999891e-05,-7.140342857100003e-05,0.00017205908571003414,1
104,1772846780876,-6.580525713999891e-05,-7.140342857100003e-05,0.00017205908571003414,1
105,1772846780879,-6.580525713999891e-05,-7.140342857100003e-05,0.00017205908571003414,1
106,1772846780882,-0.00012820525713999956,-1.203428571000054e-06,6.675908570994826e-05,1
107,1772846780884,-0.00012820525713999956,-1.203428571000054e-06,6.675908570994826e-05,1
108,1772846780887,-0.00012820525713999956,-1.203428571000054e-06,6.675908570994826e-05,1
109,1772846780890,-0.00013600525714000007,5.339657142899997e-05,0.0006127590857099947,1
110,1772846780893,-0.00013600525714000007,5.339657142899997e-05,0.0006127590857099947,1
111,1772846780895,-0.00013600525714000007,5.339657142899997e-05,0.0006127590857099947,1
112,1772846780898,-7.305257139999383e-06,-2.4603428571000026e-05,0.0004528590857100041,1
113,1772846780901,-7.305257139999383e-06,-2.4603428571000026e-05,0.0004528590857100041,1
114,1772846780904,-7.305257139999383e-06,-2.4603428571000026e-05,0.0004528590857100041,1
115,1772846780907,-4.630525714000022e-05,2.2196571428999973e-05,8.235908570995275e-05,1
116,1772846780909,-4.630525714000022e-05,2.2196571428999973e-05,8.235908570995275e-05,1
117,1772846780912,-4.630525714000022e-05,2.2196571428999973e-05,8.235908570995275e-05,1
118,1772846780915,-0.00013210525713999895,5.729657142899996e-05,-2.2940914290022103e-05,1
119,1772846780918,-0.00013210525713999895,5.729657142899996e-05,-2.2940914290022103e-05,1
120,1772846780920,-0.00013210525713999895,5.729657142899996e-05,-2.2940914290022103e-05,1
121,1772846780923,-0.00014380525713999885,-5.5803428571000026e-05,7.45590857099505e-05,1
122,1772846780926,-0.00014380525713999885,-5.5803428571000026e-05,7.45590857099505e-05,1
123,1772846780928,-0.00014380525713999885,-5.5803428571000026e-05,7.45590857099505e-05,1
124,1772846780931,5.899474286000066e-05,0.00011189657142899998,0.0002656590857099501,1
0,1772846780973,-0.00013600525714000007,1.4396571429e-05,0.0004723590857099542,1
1,1772846780976,-0.00013600525714000007,1.4396571429e-05,0.0004723590857099542,1
2,1772846780986,-6.190525713999952e-05,0.00012359657142899994,0.00017595908570997975,1
3,1772846780995,-0.00016330525713999927,6.899657142899997e-05,0.0003280590857099681,1
4,1772846781043,-0.00016330525713999927,-8.310342857100004e-05,0.0003943590857099317,1
5,1772846781046,1.2194742860001037e-05,-7.9203428571e-05,0.00011355908570996175,1
6,1772846781049,1.2194742860001037e-05,-9.870342857100004e-05,-3.4409142900719905e-06,1
7,1772846781052,7.069474286000056e-05,-9.870342857100004e-05,-3.4409142900719905e-06,1
8,1772846781054,7.069474286000056e-05,-9.870342857100004e-05,-3.4409142900719905e-06,1
9,1772846781057,0.0002812947428600006,6.596571428999973e-06,0.00028905908570995686,1
10,1772846781060,0.0002812947428600006,6.596571428999973e-06,0.00028905908570995686,1
11,1772846781063,0.0002812947428600006,6.596571428999973e-06,0.00028905908570995686,1
12,1772846781065,4.729474286000075e-05,-2.070342857100004e-05,0.0003787590857099272,1
13,1772846781068,4.729474286000075e-05,-2.070342857100004e-05,0.0003787590857099272,1
14,1772846781071,4.729474286000075e-05,-2.070342857100004e-05,0.0003787590857099272,1
15,1772846781073,-2.6805257139999802e-05,-1.203428571000054e-06,0.0003124590857099636,1
16,1772846781076,-2.6805257139999802e-05,-1.203428571000054e-06,0.0003124590857099636,1
17,1772846781079,-2.6805257139999802e-05,-1.203428571000054e-06,0.0003124590857099636,1
18,1772846781081,-0.00011650525713999965,0.00026009657142899995,0.0002968590857099591,1
19,1772846781085,-0.00011650525713999965,0.00026009657142899995,0.0002968590857099591,1
20,1772846781087,-0.00011650525713999965,0.00026009657142899995,0.0002968590857099591,1
21,1772846781090,-1.9005257139999288e-05,-9.090342857100001e-05,0.00028515908571001124,1
22,1772846781093,-1.9005257139999288e-05,-9.090342857100001e-05,0.00028515908571001124,1
23,1772846781096,-1.9005257139999288e-05,-9.090342857100001e-05,0.00028515908571001124,1
24,1772846781098,9.409474286000037e-05,2.609657142899996e-05,0.00025785908570994786,1
25,1772846781101,9.409474286000037e-05,2.609657142899996e-05,0.00025785908570994786,1
26,1772846781104,9.409474286000037e-05,2.609657142899996e-05,0.00025785908570994786,1
27,1772846781106,-9.700525713999923e-05,1.049657142899996e-05,0.0006439590857100037,1
28,1772846781109,-9.700525713999923e-05,1.049657142899996e-05,0.0006439590857100037,1
29,1772846781112,-9.700525713999923e-05,1.049657142899996e-05,0.00025785908570994786,1
30,1772846781115,7.069474286000056e-05,-0.00013380342857100002,0.00025785908570994786,1
31,1772846781118,7.069474286000056e-05,-0.00013380342857100002,0.00025785908570994786,1
32,1772846781121,0.00010189474286000089,8.459657142899997e-05,0.0002617590857100045,1
33,1772846781123,0.00010189474286000089,8.459657142899997e-05,0.0002617590857100045,1
34,1772846781126,0.00010189474286000089,8.459657142899997e-05,0.0002617590857100045,1
35,1772846781129,5.899474286000066e-05,6.899657142899997e-05,0.00030075908571001574,1
36,1772846781132,5.899474286000066e-05,6.899657142899997e-05,0.00030075908571001574,1
37,1772846781134,5.899474286000066e-05,6.899657142899997e-05,0.00030075908571001574,1
38,1772846781137,-8.920525713999872e-05,0.00012359657142899994,0.00014475908570997075,1
39,1772846781140,-8.920525713999872e-05,0.00012359657142899994,0.00014475908570997075,1
40,1772846781142,-8.920525713999872e-05,0.00012359657142899994,0.00014475908570997075,1
41,1772846781145,-2.2905257139998678e-05,-9.870342857100004e-05,0.00028905908570995686,1
42,1772846781148,-2.2905257139998678e-05,-9.870342857100004e-05,0.00028905908570995686,1
43,1772846781151,-2.2905257139998678e-05,-9.870342857100004e-05,0.00028905908570995686,1
44,1772846781153,-3.070525713999919e-05,-2.4603428571000026e-05,1.9959085709934758e-05,1
45,1772846781156,-3.070525713999919e-05,-2.4603428571000026e-05,1.9959085709934758e-05,1
46,1772846781159,-3.070525713999919e-05,-2.4603428571000026e-05,1.9959085709934758e-05,1
47,1772846781162,-4.24052571399991e-05,4.169657142899996e-05,0.0002500590857099456,1
48,1772846781165,-4.24052571399991e-05,4.169657142899996e-05,0.0002500590857099456,1
49,1772846781167,-4.24052571399991e-05,4.169657142899996e-05,0.0002500590857099456,1
50,1772846781170,-3.460525713999858e-05,4.169657142899996e-05,1.6059085709989145e-05,1
51,1772846781173,-3.460525713999858e-05,4.169657142899996e-05,1.6059085709989145e-05,1
52,1772846781175,-3.460525713999858e-05,4.169657142899996e-05,1.6059085709989145e-05,1
53,1772846781178,0.00011359474286000079,5.729657142899996e-05,0.00033585908570997035,1
54,1772846781181,0.00011359474286000079,5.729657142899996e-05,0.00033585908570997035,1
55,1772846781184,0.00011359474286000079,5.729657142899996e-05,0.00040215908570993397,1
56,1772846781186,0.00017989474286000083,0.000170396571429,0.00040215908570993397,1
57,1772846781189,0.00017989474286000083,0.000170396571429,0.00040215908570993397,1
58,1772846781192,0.00017989474286000083,0.00020939657142899997,0.0005503590857099767,1
59,1772846781195,4.394742860000522e-06,0.00020939657142899997,0.0005503590857099767,1
60,1772846781198,4.394742860000522e-06,0.00020939657142899997,0.0005503590857099767,1
61,1772846781200,4.339474286000136e-05,0.00011189657142899998,0.00023835908570999775,1
62,1772846781203,4.339474286000136e-05,0.00011189657142899998,0.00023835908570999775,1
63,1772846781206,4.339474286000136e-05,0.00011189657142899998,0.00023835908570999775,1
64,1772846781208,-1.9005257139999288e-05,-3.2403428571000053e-05,0.0003553590857100315,1
65,1772846781211,-1.9005257139999288e-05,-3.2403428571000053e-05,0.0003553590857100315,1
66,1772846781214,-1.9005257139999288e-05,-3.2403428571000053e-05,0.0003553590857100315,1
67,1772846781216,5.899474286000066e-05,-9.480342857100005e-05,0.0001993590857099865,1
68,1772846781219,5.899474286000066e-05,-9.480342857100005e-05,0.0001993590857099865,1
69,1772846781222,5.899474286000066e-05,-9.480342857100005e-05,0.0001993590857099865,1
70,1772846781225,-6.970525714000003e-05,-0.000122103428571,0.0003280590857099681,1
71,1772846781227,-6.970525714000003e-05,-0.000122103428571,0.0003280590857099681,1
72,1772846781230,-6.970525714000003e-05,-0.000122103428571,0.0003280590857099681,1
73,1772846781233,9.409474286000037e-05,3.3896571428999986e-05,9.405908571001164e-05,1
74,1772846781236,9.409474286000037e-05,3.3896571428999986e-05,9.405908571001164e-05,1
75,1772846781239,9.409474286000037e-05,3.3896571428999986e-05,9.405908571001164e-05,1
76,1772846781241,8.294742859999912e-06,-1.6803428571e-05,0.000183759085709982,1
77,1772846781244,8.294742859999912e-06,-1.6803428571e-05,0.000183759085709982,1
78,1772846781247,8.294742859999912e-06,-1.6803428571e-05,0.000183759085709982,1
79,1772846781249,-2.2905257139998678e-05,1.049657142899996e-05,0.0003748590857099816,1
80,1772846781252,-2.2905257139998678e-05,1.049657142899996e-05,0.0003748590857099816,1
81,1772846781255,-2.2905257139998678e-05,1.049657142899996e-05,0.0003748590857099816,1
82,1772846781257,-3.070525713999919e-05,0.000139196571429,0.00039825908570998835,1
83,1772846781260,-3.070525713999919e-05,0.000139196571429,0.00039825908570998835,1
84,1772846781263,-3.070525713999919e-05,0.000139196571429,0.00039825908570998835,1
85,1772846781266,-0.00014770525713999998,-4.8003428571e-05,0.00041775908570993846,1
86,1772846781269,-0.00014770525713999998,-4.8003428571e-05,0.00041775908570993846,1
87,1772846781272,-0.00014770525713999998,0.00015869657142899998,0.0005074590857100198,1
88,1772846781274,-5.4105257139999e-05,0.00015869657142899998,0.0005074590857100198,1
89,1772846781277,-5.4105257139999e-05,0.00015869657142899998,0.0005074590857100198,1
90,1772846781280,-5.4105257139999e-05,-9.003428571000027e-06,0.00010185908571001389,1
91,1772846781282,0.0001525947428599999,-9.003428571000027e-06,0.00010185908571001389,1
92,1772846781285,0.0001525947428599999,-9.003428571000027e-06,0.00010185908571001389,1
93,1772846781288,4.947428600011322e-07,-7.530342857100001e-05,0.000152559085709973,1
94,1772846781291,4.947428600011322e-07,-7.530342857100001e-05,0.000152559085709973,1
95,1772846781293,4.947428600011322e-07,-7.530342857100001e-05,0.000152559085709973,1
96,1772846781296,3.949474286000024e-05,8.459657142899997e-05,0.00017985908571003639,1
97,1772846781299,3.949474286000024e-05,8.459657142899997e-05,0.00017985908571003639,1
98,1772846781301,3.949474286000024e-05,8.459657142899997e-05,0.00017985908571003639,1
99,1772846781304,1.2194742860001037e-05,0.00012359657142899994,0.00016035908570997525,1
100,1772846781307,1.2194742860001037e-05,0.00012359657142899994,0.00016035908570997525,1
101,1772846781310,1.2194742860001037e-05,0.00012359657142899994,0.00016035908570997525,1
102,1772846781313,-7.305257139999383e-06,5.339657142899997e-05,0.0002929590857100135,1
103,1772846781315,-7.305257139999383e-06,5.339657142899997e-05,0.0002929590857100135,1
104,1772846781318,-7.305257139999383e-06,5.339657142899997e-05,0.0002929590857100135,1
105,1772846781321,0.0001252947428600007,-1.203428571000054e-06,0.0004411590857099452,1
106,1772846781324,0.0001252947428600007,-1.203428571000054e-06,0.0004411590857099452,1
107,1772846781326,0.0001252947428600007,-1.203428571000054e-06,0.0004411590857099452,1
108,1772846781329,0.00012919474286000009,-2.4603428571000026e-05,0.000370959085710036,1
109,1772846781332,0.00012919474286000009,-2.4603428571000026e-05,0.000370959085710036,1
110,1772846781334,0.00012919474286000009,-2.4603428571000026e-05,0.000370959085710036,1
111,1772846781337,0.00010579474286000028,9.629657142899998e-05,0.00014085908571002514,1
112,1772846781340,0.00010579474286000028,9.629657142899998e-05,0.00014085908571002514,1
113,1772846781343,0.00010579474286000028,9.629657142899998e-05,0.0001057590857099595,1
114,1772846781346,5.119474286000014e-05,-1.203428571000054e-06,0.0001057590857099595,1
115,1772846781348,5.119474286000014e-05,-1.203428571000054e-06,0.0001057590857099595,1
116,1772846781351,5.119474286000014e-05,-1.203428571000054e-06,0.00024225908570994336,1
117,1772846781354,-2.6805257139999802e-05,1.4396571429e-05,0.00024225908570994336,1
118,1772846781357,-2.6805257139999802e-05,1.4396571429e-05,0.00024225908570994336,1
119,1772846781359,-2.6805257139999802e-05,3.779657142899997e-05,0.0004879590857099587,1
120,1772846781362,-2.2905257139998678e-05,3.779657142899997e-05,0.0004879590857099587,1
121,1772846781365,-2.2905257139998678e-05,3.779657142899997e-05,0.0004879590857099587,1
122,1772846781367,-2.2905257139998678e-05,1.4396571429e-05,0.0002500590857099456,1
123,1772846781370,3.169474285999972e-05,1.4396571429e-05,0.0002500590857099456,1
124,1772846781373,3.169474285999972e-05,1.4396571429e-05,0.0002500590857099456,1
0,1772846781412,0.00011749474286000018,3.3896571428999986e-05,0.0004684590857100086,1
1,1772846781415,8.629474285999986e-05,-0.00010260342857100003,0.00032025908570996586,1
2,1772846781480,8.629474285999986e-05,-0.00010260342857100003,0.00032025908570996586,1
3,1772846781483,6.679474286000117e-05,-4.410342857100001e-05,0.00038655908570992947,1
4,1772846781486,6.679474286000117e-05,-4.410342857100001e-05,0.00038655908570992947,1
5,1772846781489,-2.6805257139999802e-05,2.609657142899996e-05,0.0002812590857099546,1
6,1772846781491,-2.6805257139999802e-05,2.609657142899996e-05,0.0002812590857099546,1
7,1772846781494,-2.6805257139999802e-05,2.609657142899996e-05,0.0002812590857099546,1
8,1772846781497,-2.6805257139999802e-05,9.239657142899994e-05,0.00014475908570997075,1
9,1772846781499,-2.6805257139999802e-05,9.239657142899994e-05,0.00014475908570997075,1
10,1772846781502,-2.6805257139999802e-05,9.239657142899994e-05,0.00014475908570997075,1
11,1772846781505,5.509474286000127e-05,6.119657142899994e-05,0.00028905908570995686,1
12,1772846781507,5.509474286000127e-05,6.119657142899994e-05,0.00028905908570995686,1
13,1772846781510,5.509474286000127e-05,6.119657142899994e-05,0.00028905908570995686,1
14,1772846781513,5.509474286000127e-05,0.00012749657142899998,0.00019155908570998425,1
15,1772846781516,5.509474286000127e-05,0.00012749657142899998,0.00019155908570998425,1
16,1772846781519,9.409474286000037e-05,3.3896571428999986e-05,0.0003592590857099771,1
17,1772846781522,9.409474286000037e-05,3.3896571428999986e-05,0.0003592590857099771,1
18,1772846781524,9.409474286000037e-05,3.3896571428999986e-05,0.0003592590857099771,1
19,1772846781527,0.00024229474285999975,5.729657142899996e-05,0.0002968590857099591,1
20,1772846781530,0.00024229474285999975,5.729657142899996e-05,0.0002968590857099591,1
21,1772846781532,0.00024229474285999975,5.729657142899996e-05,0.0002968590857099591,1
22,1772846781535,0.0001486947428600005,-1.203428571000054e-06,0.00023835908570999775,1
23,1772846781539,0.0001486947428600005,-1.203428571000054e-06,0.00023835908570999775,1
24,1772846781542,0.0001486947428600005,-1.203428571000054e-06,0.00023835908570999775,1
25,1772846781545,7.459474285999995e-05,-8.700342857100003e-05,5.1159085709943757e-05,1
26,1772846781547,7.459474285999995e-05,-8.700342857100003e-05,5.1159085709943757e-05,1
27,1772846781550,7.459474285999995e-05,-8.700342857100003e-05,5.1159085709943757e-05,1
28,1772846781553,-5.4105257139999e-05,-2.8503428571000013e-05,0.0003241590857100225,1
29,1772846781556,-5.4105257139999e-05,-2.8503428571000013e-05,0.0003241590857100225,1
30,1772846781559,-5.4105257139999e-05,-2.8503428571000013e-05,0.0001681590857099775,1
31,1772846781561,-5.4105257139999e-05,3.3896571428999986e-05,0.0001681590857099775,1
32,1772846781564,-5.4105257139999e-05,3.3896571428999986e-05,0.0001681590857099775,1
33,1772846781567,1.2194742860001037e-05,0.000170396571429,0.0002656590857099501,1
34,1772846781570,1.2194742860001037e-05,0.000170396571429,0.0002656590857099501,1
35,1772846781572,1.2194742860001037e-05,0.000170396571429,0.0002656590857099501,1
36,1772846781575,-8.920525713999872e-05,0.000107996571429,0.0002500590857099456,1
37,1772846781578,-8.920525713999872e-05,0.000107996571429,0.0002500590857099456,1
38,1772846781580,-8.920525713999872e-05,0.000107996571429,0.0002500590857099456,1
39,1772846781583,-0.00017500525713999918,8.849657142899996e-05,0.000277359085710009,1
40,1772846781586,-0.00017500525713999918,8.849657142899996e-05,0.000277359085710009,1
41,1772846781588,-0.00017500525713999918,8.849657142899996e-05,0.000277359085710009,1
42,1772846781591,-3.850525713999971e-05,-0.00012990342857100004,0.00019545908570992986,1
43,1772846781594,-3.850525713999971e-05,-0.00012990342857100004,0.00019545908570992986,1
44,1772846781597,-3.850525713999971e-05,-0.00012990342857100004,0.00019545908570992986,1
45,1772846781600,-8.530525713999933e-05,6.596571428999973e-06,0.0002617590857100045,1
46,1772846781603,-8.530525713999933e-05,6.596571428999973e-06,0.0002617590857100045,1
47,1772846781605,-8.530525713999933e-05,6.596571428999973e-06,0.0002617590857100045,1
48,1772846781608,-0.00012040525713999904,0.00015479657142899994,0.0003241590857100225,1
49,1772846781611,-0.00012040525713999904,0.00015479657142899994,0.0003241590857100225,1
50,1772846781613,-0.00012040525713999904,0.00015479657142899994,0.0003241590857100225,1
51,1772846781616,4.947428600011322e-07,0.000107996571429,1.9959085709934758e-05,1
52,1772846781619,4.947428600011322e-07,0.000107996571429,1.9959085709934758e-05,1
53,1772846781621,4.947428600011322e-07,0.000107996571429,1.9959085709934758e-05,1
54,1772846781625,8.239474286000047e-05,8.849657142899996e-05,0.00017595908570997975,1
55,1772846781627,8.239474286000047e-05,8.849657142899996e-05,0.00017595908570997975,1
56,1772846781630,8.239474286000047e-05,8.849657142899996e-05,0.00028515908571001124,1
57,1772846781633,3.169474285999972e-05,-5.10342857100004e-06,0.00028515908571001124,1
58,1772846781635,3.169474285999972e-05,-5.10342857100004e-06,0.00028515908571001124,1
59,1772846781638,3.169474285999972e-05,4.5596571429e-05,0.000121359085709964,1
60,1772846781641,0.0001525947428599999,4.5596571429e-05,0.000121359085709964,1
61,1772846781644,0.0001525947428599999,4.5596571429e-05,0.000121359085709964,1
62,1772846781646,0.0001525947428599999,-1.203428571000054e-06,0.0003553590857100315,1
63,1772846781649,0.00011749474286000018,-1.203428571000054e-06,0.0003553590857100315,1
64,1772846781652,0.00011749474286000018,-1.203428571000054e-06,0.0003553590857100315,1
65,1772846781655,0.00011749474286000018,0.00014309657142899993,0.0004060590857099906,1
66,1772846781658,0.00010579474286000028,0.00014309657142899993,0.0004060590857099906,1
67,1772846781660,0.00010579474286000028,0.00014309657142899993,0.0004060590857099906,1
68,1772846781663,3.949474286000024e-05,9.629657142899998e-05,0.0002617590857100045,1
69,1772846781666,3.949474286000024e-05,9.629657142899998e-05,0.0002617590857100045,1
70,1772846781668,3.949474286000024e-05,9.629657142899998e-05,0.0002617590857100045,1
71,1772846781671,-0.00012820525713999956,9.629657142899998e-05,0.0005035590857099632,1
72,1772846781674,-0.00012820525713999956,9.629657142899998e-05,0.0005035590857099632,1
73,1772846781676,-0.00012820525713999956,9.629657142899998e-05,0.0005035590857099632,1
74,1772846781679,3.559474286000085e-05,1.049657142899996e-05,0.00014475908570997075,1
75,1772846781682,3.559474286000085e-05,1.049657142899996e-05,0.00014475908570997075,1
76,1772846781684,3.559474286000085e-05,1.049657142899996e-05,0.00014475908570997075,1
77,1772846781687,4.729474286000075e-05,6.899657142899997e-05,-7.340914290017604e-06,1
78,1772846781690,4.729474286000075e-05,6.899657142899997e-05,-7.340914290017604e-06,1
79,1772846781693,4.729474286000075e-05,6.899657142899997e-05,-7.340914290017604e-06,1
80,1772846781696,1.6094742860000427e-05,-9.003428571000027e-06,0.00024225908570994336,1
81,1772846781698,1.6094742860000427e-05,-9.003428571000027e-06,0.00024225908570994336,1
82,1772846781701,1.6094742860000427e-05,-9.003428571000027e-06,0.00024225908570994336,1
83,1772846781704,4.947428600011322e-07,-0.00010650342857100001,0.0002344590857099411,1
84,1772846781707,4.947428600011322e-07,-0.00010650342857100001,0.0002344590857099411,1
85,1772846781709,4.947428600011322e-07,-0.00010650342857100001,0.0002344590857099411,1
86,1772846781712,-8.530525713999933e-05,-1.203428571000054e-06,0.00016035908570997525,1
87,1772846781715,-8.530525713999933e-05,-1.203428571000054e-06,0.00016035908570997525,1
88,1772846781717,-8.530525713999933e-05,-1.203428571000054e-06,0.00016035908570997525,1
89,1772846781720,0.00010579474286000028,-0.000200103428571,0.00025395908571000225,1
90,1772846781723,0.00010579474286000028,-0.000200103428571,0.00025395908571000225,1
91,1772846781726,0.00010579474286000028,-0.000200103428571,0.00025395908571000225,1
92,1772846781729,-4.24052571399991e-05,-5.190342857100004e-05,0.0002188590857099366,1
93,1772846781731,-4.24052571399991e-05,-5.190342857100004e-05,0.0002188590857099366,1
94,1772846781734,8.294742859999912e-06,-6.750342857100004e-05,0.000339759085710027,1
95,1772846781737,8.294742859999912e-06,-6.750342857100004e-05,0.000339759085710027,1
96,1772846781740,8.294742859999912e-06,-6.750342857100004e-05,0.000339759085710027,1
97,1772846781742,-5.020525713999961e-05,-2.4603428571000026e-05,0.00046065908571000635,1
98,1772846781745,-5.020525713999961e-05,-2.4603428571000026e-05,0.00046065908571000635,1
99,1772846781748,-5.020525713999961e-05,-2.4603428571000026e-05,0.00046065908571000635,1
100,1772846781750,-2.2905257139998678e-05,8.849657142899996e-05,0.0005191590857099677,1
101,1772846781753,-2.2905257139998678e-05,8.849657142899996e-05,0.0005191590857099677,1
102,1772846781756,-2.2905257139998678e-05,8.849657142899996e-05,0.0005191590857099677,1
103,1772846781758,9.409474286000037e-05,8.849657142899996e-05,0.0003592590857099771,1
104,1772846781761,9.409474286000037e-05,8.849657142899996e-05,0.0003592590857099771,1
105,1772846781764,9.409474286000037e-05,8.849657142899996e-05,0.0003592590857099771,1
106,1772846781767,-1.5105257139999897e-05,0.00010409657142899996,0.0003241590857100225,1
107,1772846781769,-1.5105257139999897e-05,0.00010409657142899996,0.0003241590857100225,1
108,1772846781772,-1.5105257139999897e-05,0.00010409657142899996,0.0003241590857100225,1
109,1772846781775,-3.070525713999919e-05,-9.003428571000027e-06,0.0003553590857100315,1
110,1772846781778,-3.070525713999919e-05,-9.003428571000027e-06,0.0003553590857100315,1
111,1772846781781,-3.070525713999919e-05,-9.003428571000027e-06,0.0003553590857100315,1
112,1772846781783,1.2194742860001037e-05,-5.190342857100004e-05,0.00028905908570995686,1
113,1772846781786,1.2194742860001037e-05,-5.190342857100004e-05,0.00028905908570995686,1
114,1772846781789,1.2194742860001037e-05,-5.190342857100004e-05,0.00028905908570995686,1
115,1772846781791,3.169474285999972e-05,-2.070342857100004e-05,0.00014085908571002514,1
116,1772846781794,3.169474285999972e-05,-2.070342857100004e-05,0.00014085908571002514,1
117,1772846781797,3.169474285999972e-05,-2.070342857100004e-05,0.00014085908571002514,1
118,1772846781799,-0.00013990525713999946,6.899657142899997e-05,0.0001330590857100229,1
119,1772846781802,-0.00013990525713999946,6.899657142899997e-05,0.0001330590857100229,1
120,1772846781805,-0.00013990525713999946,6.899657142899997e-05,0.0001330590857100229,1
121,1772846781808,-4.630525714000022e-05,6.509657142899999e-05,4.725908570999814e-05,1
122,1772846781810,-4.630525714000022e-05,6.509657142899999e-05,4.725908570999814e-05,1
123,1772846781813,-4.630525714000022e-05,6.509657142899999e-05,4.725908570999814e-05,1
124,1772846781816,4.947428600011322e-07,4.169657142899996e-05,0.00028905908570995686,1
0,1772846781859,-0.00016330525713999927,0.00010409657142899996,0.0003592590857099771,1
1,1772846781861,4.394742860000522e-06,4.9496571428999986e-05,0.0002500590857099456,1
2,1772846781865,0.0001096947428600014,4.9496571428999986e-05,0.0002500590857099456,1
3,1772846781904,1.6094742860000427e-05,-2.4603428571000026e-05,0.00024225908570994336,1
4,1772846781930,-0.00015160525713999937,-3.2403428571000053e-05,0.00012525908571002064,1
5,1772846781933,-0.00015160525713999937,-3.2403428571000053e-05,0.00012525908571002064,1
6,1772846781936,-3.4052571399999926e-06,-0.00012990342857100004,0.00014475908570997075,1
7,1772846781939,-3.4052571399999926e-06,-0.00012990342857100004,0.00014475908570997075,1
8,1772846781941,-3.4052571399999926e-06,1.8296571428999986e-05,0.0004723590857099542,1
9,1772846781944,3.949474286000024e-05,1.8296571428999986e-05,0.0004723590857099542,1
10,1772846781947,3.949474286000024e-05,1.8296571428999986e-05,0.0004723590857099542,1
11,1772846781949,1.6094742860000427e-05,-0.00012990342857100004,0.00030075908571001574,1
12,1772846781952,1.6094742860000427e-05,-0.00012990342857100004,0.00030075908571001574,1
13,1772846781955,1.6094742860000427e-05,-0.00012990342857100004,0.00030075908571001574,1
14,1772846781957,-1.9005257139999288e-05,7.6796571429e-05,0.00041775908570993846,1
15,1772846781960,-1.9005257139999288e-05,7.6796571429e-05,0.00041775908570993846,1
16,1772846781963,-1.9005257139999288e-05,7.6796571429e-05,0.00041775908570993846,1
17,1772846781966,-0.00012430525714000017,6.509657142899999e-05,0.0001993590857099865,1
18,1772846781969,-0.00012430525714000017,6.509657142899999e-05,0.0001993590857099865,1
19,1772846781971,-0.00012430525714000017,6.509657142899999e-05,0.0001993590857099865,1
20,1772846781974,-6.970525714000003e-05,9.239657142899994e-05,9.405908571001164e-05,1
21,1772846781977,-6.970525714000003e-05,9.239657142899994e-05,9.405908571001164e-05,1
22,1772846781980,-6.970525714000003e-05,9.239657142899994e-05,9.405908571001164e-05,1
23,1772846781982,-1.9005257139999288e-05,0.00020549657142899993,0.0003124590857099636,1
24,1772846781985,-1.9005257139999288e-05,0.00020549657142899993,0.0003124590857099636,1
25,1772846781988,-1.9005257139999288e-05,0.00020549657142899993,0.0003124590857099636,1
26,1772846781990,-8.140525713999994e-05,-0.00010260342857100003,0.00019155908570998425,1
27,1772846781993,-8.140525713999994e-05,-0.00010260342857100003,0.00019155908570998425,1
28,1772846781996,-8.140525713999994e-05,-0.00010260342857100003,0.00019155908570998425,1
29,1772846781999,-0.00012040525713999904,-0.00014160342857100002,0.0002617590857100045,1
30,1772846782002,-0.00012040525713999904,-0.00014160342857100002,0.0002617590857100045,1
31,1772846782004,-0.00012040525713999904,-0.00014160342857100002,0.0002617590857100045,1
32,1772846782007,-9.700525713999923e-05,4.169657142899996e-05,6.285908571000264e-05,1
33,1772846782010,-9.700525713999923e-05,4.169657142899996e-05,6.285908571000264e-05,1
34,1772846782013,-9.700525713999923e-05,4.169657142899996e-05,4.335908570994151e-05,1
35,1772846782015,-3.070525713999919e-05,-1.2903428571000013e-05,4.335908570994151e-05,1
36,1772846782018,-3.070525713999919e-05,-1.2903428571000013e-05,4.335908570994151e-05,1
37,1772846782021,-3.070525713999919e-05,-1.2903428571000013e-05,0.0001057590857099595,1
38,1772846782023,-4.630525714000022e-05,-7.140342857100003e-05,0.0001057590857099595,1
39,1772846782026,-4.630525714000022e-05,-7.140342857100003e-05,0.0001057590857099595,1
40,1772846782029,-4.630525714000022e-05,1.4396571429e-05,0.0002500590857099456,1
41,1772846782032,-6.970525714000003e-05,1.4396571429e-05,0.0002500590857099456,1
42,1772846782035,-6.970525714000003e-05,1.4396571429e-05,0.0002500590857099456,1
43,1772846782037,0.0001642947428599998,2.9996571428999945e-05,0.00017985908571003639,1
44,1772846782040,0.0001642947428599998,2.9996571428999945e-05,0.00017985908571003639,1
45,1772846782043,0.0001642947428599998,2.9996571428999945e-05,0.00017985908571003639,1
46,1772846782046,0.00010579474286000028,-0.00011040342857100002,0.00027345908570995236,1
47,1772846782048,0.00010579474286000028,-0.00011040342857100002,0.00027345908570995236,1
48,1772846782051,0.00010579474286000028,-0.00011040342857100002,0.00027345908570995236,1
49,1772846782054,6.679474286000117e-05,-0.00011430342857100004,0.00020715908570998875,1
50,1772846782057,6.679474286000117e-05,-0.00011430342857100004,0.00020715908570998875,1
51,1772846782059,6.679474286000117e-05,-0.00011430342857100004,0.00020715908570998875,1
52,1772846782062,-0.00010090525713999862,0.00018989657142899998,0.00019155908570998425,1
53,1772846782065,-0.00010090525713999862,0.00018989657142899998,0.00019155908570998425,1
54,1772846782067,-0.00010090525713999862,0.00018989657142899998,0.00019155908570998425,1
55,1772846782070,4.339474286000136e-05,0.00029129657142899995,0.00010965908571001614,1
56,1772846782073,4.339474286000136e-05,0.00029129657142899995,0.00010965908571001614,1
57,1772846782076,4.339474286000136e-05,0.00029129657142899995,0.00010965908571001614,1
58,1772846782079,-8.920525713999872e-05,6.899657142899997e-05,0.00022275908570999325,1
59,1772846782081,-8.920525713999872e-05,6.899657142899997e-05,0.00022275908570999325,1
60,1772846782084,-8.920525713999872e-05,6.899657142899997e-05,0.00022275908570999325,1
61,1772846782087,5.119474286000014e-05,-0.00010650342857100001,0.0003592590857099771,1
62,1772846782090,5.119474286000014e-05,-0.00010650342857100001,0.0003592590857099771,1
63,1772846782092,5.119474286000014e-05,-0.00010650342857100001,0.0003592590857099771,1
64,1772846782095,-1.5105257139999897e-05,-1.6803428571e-05,0.00024225908570994336,1
65,1772846782098,-1.5105257139999897e-05,-1.6803428571e-05,0.00024225908570994336,1
66,1772846782100,-1.5105257139999897e-05,-1.6803428571e-05,5.505908571000039e-05,1
67,1772846782103,-0.00014770525713999998,0.00011579657142899997,5.505908571000039e-05,1
68,1772846782106,-0.00014770525713999998,0.00011579657142899997,5.505908571000039e-05,1
69,1772846782108,-0.00014770525713999998,0.00011579657142899997,7.45590857099505e-05,1
70,1772846782112,-5.4105257139999e-05,6.596571428999973e-06,7.45590857099505e-05,1
71,1772846782115,-5.4105257139999e-05,6.596571428999973e-06,7.45590857099505e-05,1
72,1772846782118,6.679474286000117e-05,0.000107996571429,0.0002188590857099366,1
73,1772846782120,6.679474286000117e-05,0.000107996571429,0.0002188590857099366,1
74,1772846782123,6.679474286000117e-05,0.000107996571429,0.0002188590857099366,1
75,1772846782126,0.00011359474286000079,-2.8503428571000013e-05,0.0001993590857099865,1
76,1772846782128,0.00011359474286000079,-2.8503428571000013e-05,0.0001993590857099865,1
77,1772846782131,0.00011359474286000079,-2.8503428571000013e-05,0.0001993590857099865,1
78,1772846782134,9.019474286000098e-05,-3.2403428571000053e-05,0.0002344590857099411,1
79,1772846782137,9.019474286000098e-05,-3.2403428571000053e-05,0.0002344590857099411,1
80,1772846782139,9.019474286000098e-05,-3.2403428571000053e-05,0.0002344590857099411,1
81,1772846782142,7.849474286000108e-05,-2.070342857100004e-05,0.0002344590857099411,1
82,1772846782145,7.849474286000108e-05,-2.070342857100004e-05,0.0002344590857099411,1
83,1772846782148,7.849474286000108e-05,-2.070342857100004e-05,0.0002344590857099411,1
84,1772846782151,9.019474286000098e-05,-0.000184503428571,1.2159085709932509e-05,1
85,1772846782153,9.019474286000098e-05,-0.000184503428571,1.2159085709932509e-05,1
86,1772846782156,9.019474286000098e-05,-0.000184503428571,1.2159085709932509e-05,1
87,1772846782159,0.0001369947428600006,7.289657142899996e-05,0.0001681590857099775,1
88,1772846782161,0.0001369947428600006,7.289657142899996e-05,0.0001681590857099775,1
89,1772846782164,0.0001369947428600006,7.289657142899996e-05,0.000214959085709991,1
90,1772846782167,8.629474285999986e-05,1.4396571429e-05,0.000214959085709991,1
91,1772846782169,8.629474285999986e-05,1.4396571429e-05,0.000214959085709991,1
92,1772846782172,8.629474285999986e-05,1.4396571429e-05,-1.5140914290019854e-05,1
93,1772846782175,1.2194742860001037e-05,9.239657142899994e-05,-1.5140914290019854e-05,1
94,1772846782178,1.2194742860001037e-05,9.239657142899994e-05,-1.5140914290019854e-05,1
95,1772846782180,1.2194742860001037e-05,-6.360342857100005e-05,0.0003748590857099816,1
96,1772846782183,9.799474285999976e-05,-6.360342857100005e-05,0.0003748590857099816,1
97,1772846782186,9.799474285999976e-05,-6.360342857100005e-05,0.0003748590857099816,1
98,1772846782189,9.799474285999976e-05,9.239657142899994e-05,0.000121359085709964,1
99,1772846782192,0.0001525947428599999,9.239657142899994e-05,0.000121359085709964,1
100,1772846782194,0.0001525947428599999,9.239657142899994e-05,0.000121359085709964,1
101,1772846782197,2.3894742860000942e-05,-0.000153303428571,0.00017205908571003414,1
102,1772846782200,2.3894742860000942e-05,-0.000153303428571,0.00017205908571003414,1
103,1772846782203,2.3894742860000942e-05,-0.000153303428571,0.00017205908571003414,1
104,1772846782205,-9.700525713999923e-05,-5.10342857100004e-06,0.00027345908570995236,1
105,1772846782208,-9.700525713999923e-05,-5.10342857100004e-06,0.00027345908570995236,1
106,1772846782211,-9.700525713999923e-05,-5.10342857100004e-06,0.00027345908570995236,1
107,1772846782213,9.409474286000037e-05,-0.000200103428571,0.0003124590857099636,1
108,1772846782216,9.409474286000037e-05,-0.000200103428571,0.0003124590857099636,1
109,1772846782219,9.409474286000037e-05,-0.000200103428571,0.0003124590857099636,1
110,1772846782222,0.00017209474286000032,-4.8003428571e-05,0.000214959085709991,1
111,1772846782225,0.00017209474286000032,-4.8003428571e-05,0.000214959085709991,1
112,1772846782227,0.00017209474286000032,-4.8003428571e-05,0.000214959085709991,1
113,1772846782230,3.169474285999972e-05,9.629657142899998e-05,7.845908571000714e-05,1
114,1772846782233,3.169474285999972e-05,9.629657142899998e-05,7.845908571000714e-05,1
115,1772846782236,3.169474285999972e-05,9.629657142899998e-05,7.845908571000714e-05,1
116,1772846782238,-0.00018670525713999908,-0.00010650342857100001,9.405908571001164e-05,1
117,1772846782241,-0.00018670525713999908,-0.00010650342857100001,9.405908571001164e-05,1
118,1772846782244,-0.00018670525713999908,-0.00010650342857100001,9.405908571001164e-05,1
119,1772846782246,-0.00015550525713999876,-1.6803428571e-05,1.9959085709934758e-05,1
120,1772846782249,-0.00015550525713999876,-1.6803428571e-05,1.9959085709934758e-05,1
121,1772846782252,-0.00015550525713999876,-1.6803428571e-05,0.00011745908571001839,1
122,1772846782255,-4.630525714000022e-05,-7.530342857100001e-05,0.00011745908571001839,1
123,1772846782257,-4.630525714000022e-05,-7.530342857100001e-05,0.00011745908571001839,1
124,1772846782260,-4.630525714000022e-05,-6.750342857100004e-05,0.0002968590857099591,1
0,1772846782302,3.949474286000024e-05,8.069657142899999e-05,0.0003241590857100225,1
1,1772846782304,3.949474286000024e-05,8.069657142899999e-05,0.0003241590857100225,1
2,1772846782369,3.949474286000024e-05,8.069657142899999e-05,0.0003241590857100225,1
3,1772846782371,4.729474286000075e-05,1.049657142899996e-05,0.000152559085709973,1
4,1772846782374,-3.460525713999858e-05,5.729657142899996e-05,0.000152559085709973,1
5,1772846782377,-3.460525713999858e-05,5.729657142899996e-05,0.000152559085709973,1
6,1772846782379,-3.460525713999858e-05,5.729657142899996e-05,0.00015645908571002964,1
7,1772846782382,0.00015649474286000102,-1.203428571000054e-06,0.00015645908571002964,1
8,1772846782385,0.00015649474286000102,-1.203428571000054e-06,0.00015645908571002964,1
9,1772846782388,0.00015649474286000102,-5.970342857100001e-05,0.0002305590857099955,1
10,1772846782390,7.849474286000108e-05,-5.970342857100001e-05,0.0002305590857099955,1
11,1772846782393,7.849474286000108e-05,-5.970342857100001e-05,0.0002305590857099955,1
12,1772846782396,6.289474286000005e-05,-0.00020790342857100004,0.000495759085709961,1
13,1772846782399,6.289474286000005e-05,-0.00020790342857100004,0.000495759085709961,1
14,1772846782402,6.289474286000005e-05,-0.00020790342857100004,0.000495759085709961,1
15,1772846782404,-0.0001828052571399997,-5.10342857100004e-06,0.0005152590857100221,1
16,1772846782407,-0.0001828052571399997,-5.10342857100004e-06,0.0005152590857100221,1
17,1772846782410,-0.0001828052571399997,-5.10342857100004e-06,0.0005152590857100221,1
18,1772846782412,-1.9005257139999288e-05,1.4396571429e-05,0.00025395908571000225,1
19,1772846782415,-1.9005257139999288e-05,1.4396571429e-05,0.00025395908571000225,1
20,1772846782418,-1.9005257139999288e-05,1.4396571429e-05,0.00025395908571000225,1
21,1772846782420,6.289474286000005e-05,-0.00016500342857100002,0.00014085908571002514,1
22,1772846782423,6.289474286000005e-05,-0.00016500342857100002,0.00014085908571002514,1
23,1772846782426,6.289474286000005e-05,-0.00016500342857100002,0.00014085908571002514,1
24,1772846782429,9.799474285999976e-05,-0.00018060342857100002,0.00011355908570996175,1
25,1772846782432,9.799474285999976e-05,-0.00018060342857100002,0.00011355908570996175,1
26,1772846782435,9.799474285999976e-05,-0.00018060342857100002,0.00011355908570996175,1
27,1772846782437,-0.00010870525713999914,-0.00010260342857100003,0.0004060590857099906,1
28,1772846782440,-0.00010870525713999914,-0.00010260342857100003,0.0004060590857099906,1
29,1772846782443,-0.00010870525713999914,-0.00010260342857100003,0.0004060590857099906,1
30,1772846782445,0.0001252947428600007,3.779657142899997e-05,0.0003787590857099272,1
31,1772846782448,0.0001252947428600007,3.779657142899997e-05,0.0003787590857099272,1
32,1772846782451,0.0001252947428600007,3.779657142899997e-05,0.0003787590857099272,1
33,1772846782453,-7.305257139999383e-06,4.5596571429e-05,-3.85409142900266e-05,1
34,1772846782456,-7.305257139999383e-06,4.5596571429e-05,-3.85409142900266e-05,1
35,1772846782459,-7.305257139999383e-06,4.5596571429e-05,-3.85409142900266e-05,1
36,1772846782462,0.00010189474286000089,-0.00011040342857100002,-2.6840914289967717e-05,1
37,1772846782465,0.00010189474286000089,-0.00011040342857100002,-2.6840914289967717e-05,1
38,1772846782467,0.00010189474286000089,-5.970342857100001e-05,0.00039825908570998835,1
39,1772846782470,9.019474286000098e-05,-5.970342857100001e-05,0.00039825908570998835,1
40,1772846782473,9.019474286000098e-05,-5.970342857100001e-05,0.00039825908570998835,1
41,1772846782476,-9.310525713999984e-05,-1.203428571000054e-06,0.0004060590857099906,1
42,1772846782478,-9.310525713999984e-05,-1.203428571000054e-06,0.0004060590857099906,1
43,1772846782481,-9.310525713999984e-05,-1.203428571000054e-06,0.0004060590857099906,1
44,1772846782484,0.0001096947428600014,0.00010409657142899996,0.000183759085709982,1
45,1772846782486,0.0001096947428600014,0.00010409657142899996,0.000183759085709982,1
46,1772846782490,0.0001096947428600014,0.00010409657142899996,0.000183759085709982,1
47,1772846782492,7.459474285999995e-05,1.049657142899996e-05,0.00012525908571002064,1
48,1772846782495,7.459474285999995e-05,1.049657142899996e-05,0.00012525908571002064,1
49,1772846782498,7.459474285999995e-05,1.049657142899996e-05,0.00012525908571002064,1
50,1772846782500,-0.00019840525713999899,-3.2403428571000053e-05,0.00017205908571003414,1
51,1772846782503,-0.00019840525713999899,-3.2403428571000053e-05,0.00017205908571003414,1
52,1772846782506,-0.00019840525713999899,-3.2403428571000053e-05,0.00017205908571003414,1
53,1772846782509,4.947428600011322e-07,-9.870342857100004e-05,0.0002812590857099546,1
54,1772846782511,4.947428600011322e-07,-9.870342857100004e-05,0.0002812590857099546,1
55,1772846782514,4.947428600011322e-07,-9.870342857100004e-05,0.0002812590857099546,1
56,1772846782517,-5.800525714000013e-05,2.2196571428999973e-05,0.0001369590857099685,1
57,1772846782520,-5.800525714000013e-05,2.2196571428999973e-05,0.0001369590857099685,1
58,1772846782523,-5.800525714000013e-05,2.2196571428999973e-05,0.0001369590857099685,1
59,1772846782525,0.00010189474286000089,8.459657142899997e-05,0.00016035908570997525,1
60,1772846782528,0.00010189474286000089,8.459657142899997e-05,0.00016035908570997525,1
61,1772846782531,0.00010189474286000089,8.459657142899997e-05,0.0001330590857100229,1
62,1772846782534,5.119474286000014e-05,-7.9203428571e-05,0.0001330590857100229,1
63,1772846782536,5.119474286000014e-05,-7.9203428571e-05,0.0001330590857100229,1
64,1772846782539,5.119474286000014e-05,-7.9203428571e-05,0.00022275908570999325,1
65,1772846782542,8.629474285999986e-05,-3.630342857100004e-05,0.00022275908570999325,1
66,1772846782544,8.629474285999986e-05,-3.630342857100004e-05,0.00022275908570999325,1
67,1772846782547,8.629474285999986e-05,0.000150896571429,6.675908570994826e-05,1
68,1772846782551,0.0001252947428600007,0.000150896571429,6.675908570994826e-05,1
69,1772846782553,0.0001252947428600007,0.000150896571429,6.675908570994826e-05,1
70,1772846782556,-4.24052571399991e-05,1.8296571428999986e-05,0.00028905908570995686,1
71,1772846782559,-4.24052571399991e-05,1.8296571428999986e-05,0.00028905908570995686,1
72,1772846782562,-4.24052571399991e-05,1.8296571428999986e-05,0.00028905908570995686,1
73,1772846782565,-0.00011260525714000026,-5.10342857100004e-06,0.00031635908571002024,1
74,1772846782568,-0.00011260525714000026,-5.10342857100004e-06,0.00031635908571002024,1
75,1772846782571,-0.00011260525714000026,-5.10342857100004e-06,0.00031635908571002024,1
76,1772846782574,-8.140525713999994e-05,0.000263996571429,0.000183759085709982,1
77,1772846782576,-8.140525713999994e-05,0.000263996571429,0.000183759085709982,1
78,1772846782579,-8.140525713999994e-05,8.069657142899999e-05,0.00016035908570997525,1
79,1772846782582,7.459474285999995e-05,8.069657142899999e-05,0.00016035908570997525,1
80,1772846782584,7.459474285999995e-05,8.069657142899999e-05,0.00016035908570997525,1
81,1772846782587,7.459474285999995e-05,-6.750342857100004e-05,0.00036315908571003374,1
82,1772846782590,1.6094742860000427e-05,-6.750342857100004e-05,0.00036315908571003374,1
83,1772846782592,1.6094742860000427e-05,-6.750342857100004e-05,0.00036315908571003374,1
84,1772846782595,-0.00014770525713999998,-4.0203428571000026e-05,0.0003904590857099861,1
85,1772846782598,-0.00014770525713999998,-4.0203428571000026e-05,0.0003904590857099861,1
86,1772846782601,-0.00014770525713999998,-4.0203428571000026e-05,0.0003904590857099861,1
87,1772846782604,-0.00012820525713999956,3.779657142899997e-05,0.000277359085710009,1
88,1772846782607,-0.00012820525713999956,3.779657142899997e-05,0.000277359085710009,1
89,1772846782609,-0.00012820525713999956,3.779657142899997e-05,0.000277359085710009,1
90,1772846782612,-7.305257139999383e-06,6.509657142899999e-05,0.00016035908570997525,1
91,1772846782615,-7.305257139999383e-06,6.509657142899999e-05,0.00016035908570997525,1
92,1772846782617,-7.305257139999383e-06,6.509657142899999e-05,0.00016035908570997525,1
93,1772846782620,9.409474286000037e-05,-0.00010650342857100001,-7.340914290017604e-06,1
94,1772846782623,9.409474286000037e-05,-0.00010650342857100001,-7.340914290017604e-06,1
95,1772846782625,9.409474286000037e-05,-0.00010650342857100001,-7.340914290017604e-06,1
96,1772846782628,-0.00013600525714000007,0.000107996571429,0.00035145908570997485,1
97,1772846782631,-0.00013600525714000007,0.000107996571429,0.00035145908570997485,1
98,1772846782634,-0.00013600525714000007,0.000107996571429,0.00035145908570997485,1
99,1772846782636,-9.310525713999984e-05,0.00022889657142899996,0.00024225908570994336,1
100,1772846782639,-9.310525713999984e-05,0.00022889657142899996,0.00024225908570994336,1
101,1772846782642,-9.310525713999984e-05,0.00022889657142899996,0.00024225908570994336,1
102,1772846782645,4.339474286000136e-05,0.00013529657142899996,0.0002968590857099591,1
103,1772846782648,4.339474286000136e-05,0.00013529657142899996,0.0002968590857099591,1
104,1772846782650,4.339474286000136e-05,0.00013529657142899996,-9.704091428998796e-05,1
105,1772846782653,1.2194742860001037e-05,0.000150896571429,-9.704091428998796e-05,1
106,1772846782656,1.2194742860001037e-05,0.000150896571429,-9.704091428998796e-05,1
107,1772846782659,1.2194742860001037e-05,0.000150896571429,0.0002656590857099501,1
108,1772846782661,-0.00010090525713999862,-1.6803428571e-05,0.0002656590857099501,1
109,1772846782664,-0.00010090525713999862,-1.6803428571e-05,0.0002656590857099501,1
110,1772846782667,-0.00010090525713999862,0.00011189657142899998,0.00032025908570996586,1
111,1772846782669,5.899474286000066e-05,0.00011189657142899998,0.00032025908570996586,1
112,1772846782672,5.899474286000066e-05,0.00011189657142899998,0.00032025908570996586,1
113,1772846782675,8.239474286000047e-05,0.00011579657142899997,0.000183759085709982,1
114,1772846782677,8.239474286000047e-05,0.00011579657142899997,0.000183759085709982,1
115,1772846782680,8.239474286000047e-05,0.00011579657142899997,0.000183759085709982,1
116,1772846782683,1.6094742860000427e-05,-3.630342857100004e-05,0.000558159085709979,1
117,1772846782686,1.6094742860000427e-05,-3.630342857100004e-05,0.000558159085709979,1
118,1772846782689,1.6094742860000427e-05,-3.630342857100004e-05,0.000558159085709979,1
119,1772846782692,4.394742860000522e-06,2.9996571428999945e-05,0.0002812590857099546,1
120,1772846782694,4.394742860000522e-06,2.9996571428999945e-05,0.0002812590857099546,1
121,1772846782697,4.394742860000522e-06,2.9996571428999945e-05,0.0002812590857099546,1
122,1772846782700,4.729474286000075e-05,6.119657142899994e-05,0.00011745908571001839,1
123,1772846782702,4.729474286000075e-05,6.119657142899994e-05,0.00011745908571001839,1
124,1772846782705,4.729474286000075e-05,6.119657142899994e-05,0.00011745908571001839,1
0,1772846782749,-0.00012040525713999904,-5.5803428571000026e-05,0.00019155908570998425,1
1,1772846782751,-0.00012040525713999904,-5.5803428571000026e-05,0.00019155908570998425,1
2,1772846782771,0.00012919474286000009,6.509657142899999e-05,4.359085709930259e-06,1
3,1772846782813,7.849474286000108e-05,-9.090342857100001e-05,0.00030075908571001574,1
4,1772846782820,2.7794742860000332e-05,7.6796571429e-05,0.00021105908570993436,1
5,1772846782823,2.7794742860000332e-05,7.6796571429e-05,0.00021105908570993436,1
6,1772846782825,2.7794742860000332e-05,7.6796571429e-05,0.00021105908570993436,1
7,1772846782828,5.899474286000066e-05,0.00016259657142899992,0.000152559085709973,1
8,1772846782831,5.899474286000066e-05,0.00016259657142899992,0.000152559085709973,1
9,1772846782833,5.899474286000066e-05,0.00016259657142899992,0.000152559085709973,1
10,1772846782836,-6.190525713999952e-05,8.459657142899997e-05,0.0001642590857100319,1
11,1772846782839,-6.190525713999952e-05,8.459657142899997e-05,0.0001642590857100319,1
12,1772846782842,-6.190525713999952e-05,8.459657142899997e-05,0.0001642590857100319,1
13,1772846782845,-8.140525713999994e-05,-5.970342857100001e-05,0.00025785908570994786,1
14,1772846782848,-8.140525713999994e-05,-5.970342857100001e-05,0.00025785908570994786,1
15,1772846782850,5.509474286000127e-05,-0.000200103428571,0.00022275908570999325,1
16,1772846782853,5.509474286000127e-05,-0.000200103428571,0.00022275908570999325,1
17,1772846782856,5.509474286000127e-05,-0.000200103428571,0.00022275908570999325,1
18,1772846782858,-2.6805257139999802e-05,-7.140342857100003e-05,0.0004879590857099587,1
19,1772846782861,-2.6805257139999802e-05,-7.140342857100003e-05,0.0004879590857099587,1
20,1772846782864,-2.6805257139999802e-05,-7.140342857100003e-05,0.0004879590857099587,1
21,1772846782867,0.0001603947428600004,7.289657142899996e-05,0.00036315908571003374,1
22,1772846782869,0.0001603947428600004,7.289657142899996e-05,0.00036315908571003374,1
23,1772846782872,0.0001603947428600004,7.289657142899996e-05,0.00036315908571003374,1
24,1772846782875,0.00026179474286000017,0.00011189657142899998,7.45590857099505e-05,1
25,1772846782877,0.00026179474286000017,0.00011189657142899998,7.45590857099505e-05,1
26,1772846782880,0.00026179474286000017,0.00011189657142899998,7.45590857099505e-05,1
27,1772846782883,7.459474285999995e-05,3.779657142899997e-05,0.0001330590857100229,1
28,1772846782886,7.459474285999995e-05,3.779657142899997e-05,0.0001330590857100229,1
29,1772846782889,7.459474285999995e-05,3.779657142899997e-05,0.0001330590857100229,1
30,1772846782891,-0.00010480525713999975,1.049657142899996e-05,0.00012915908570996625,1
31,1772846782894,-0.00010480525713999975,1.049657142899996e-05,0.00012915908570996625,1
32,1772846782897,-0.00010480525713999975,1.049657142899996e-05,0.00012915908570996625,1
33,1772846782900,0.0001252947428600007,5.729657142899996e-05,0.00017985908571003639,1
34,1772846782902,0.0001252947428600007,5.729657142899996e-05,0.00017985908571003639,1
35,1772846782905,0.0001252947428600007,5.729657142899996e-05,0.00017985908571003639,1
36,1772846782908,-3.850525713999971e-05,-4.410342857100001e-05,0.000214959085709991,1
37,1772846782910,-3.850525713999971e-05,-4.410342857100001e-05,0.000214959085709991,1
38,1772846782913,-3.850525713999971e-05,-4.410342857100001e-05,0.000214959085709991,1
39,1772846782916,2.3894742860000942e-05,-8.310342857100004e-05,-3.074091429002435e-05,1
40,1772846782918,2.3894742860000942e-05,-8.310342857100004e-05,-3.074091429002435e-05,1
41,1772846782922,2.3894742860000942e-05,-8.310342857100004e-05,-3.074091429002435e-05,1
42,1772846782924,5.899474286000066e-05,0.00010019657142899997,7.45590857099505e-05,1
43,1772846782927,5.899474286000066e-05,0.00010019657142899997,7.45590857099505e-05,1
44,1772846782930,5.899474286000066e-05,0.00010409657142899996,6.675908570994826e-05,1
45,1772846782933,-0.00015160525713999937,0.00010409657142899996,6.675908570994826e-05,1
46,1772846782935,-0.00015160525713999937,0.00010409657142899996,6.675908570994826e-05,1
47,1772846782938,1.9994742859999817e-05,6.899657142899997e-05,3.945908570999589e-05,1
48,1772846782941,1.9994742859999817e-05,6.899657142899997e-05,3.945908570999589e-05,1
49,1772846782943,1.9994742859999817e-05,6.899657142899997e-05,3.945908570999589e-05,1
50,1772846782946,4.339474286000136e-05,8.459657142899997e-05,0.0002188590857099366,1
51,1772846782949,4.339474286000136e-05,8.459657142899997e-05,0.0002188590857099366,1
52,1772846782952,4.339474286000136e-05,8.459657142899997e-05,0.0002188590857099366,1
53,1772846782955,-3.850525713999971e-05,-2.8503428571000013e-05,0.00017595908570997975,1
54,1772846782958,-3.850525713999971e-05,-2.8503428571000013e-05,0.00017595908570997975,1
55,1772846782960,-3.850525713999971e-05,-2.8503428571000013e-05,0.00017595908570997975,1
56,1772846782963,-1.9005257139999288e-05,-3.630342857100004e-05,0.0003436590857099726,1
57,1772846782966,-1.9005257139999288e-05,-3.630342857100004e-05,0.0003436590857099726,1
58,1772846782968,-1.9005257139999288e-05,-3.630342857100004e-05,0.0003436590857099726,1
59,1772846782971,0.0001096947428600014,-0.000137703428571,0.000339759085710027,1
60,1772846782974,0.0001096947428600014,-0.000137703428571,0.000339759085710027,1
61,1772846782976,0.0001096947428600014,-0.000137703428571,0.000339759085710027,1
62,1772846782979,-3.4052571399999926e-06,8.459657142899997e-05,0.00031635908571002024,1
63,1772846782982,-3.4052571399999926e-06,8.459657142899997e-05,0.00031635908571002024,1
64,1772846782985,-3.4052571399999926e-06,8.459657142899997e-05,0.00031635908571002024,1
65,1772846782988,5.509474286000127e-05,0.00017429657142899993,0.0003904590857099861,1
66,1772846782991,5.509474286000127e-05,0.00017429657142899993,0.0003904590857099861,1
67,1772846782993,5.509474286000127e-05,0.00017429657142899993,0.00021105908570993436,1
68,1772846782996,5.509474286000127e-05,6.899657142899997e-05,0.00021105908570993436,1
69,1772846782999,5.509474286000127e-05,6.899657142899997e-05,0.00021105908570993436,1
70,1772846783001,5.509474286000127e-05,5.729657142899996e-05,0.00034755908571002924,1
71,1772846783004,-2.6805257139999802e-05,5.729657142899996e-05,0.00034755908571002924,1
72,1772846783007,-2.6805257139999802e-05,5.729657142899996e-05,0.00034755908571002924,1
73,1772846783009,-2.6805257139999802e-05,-0.00010650342857100001,-1.1240914289963218e-05,1
74,1772846783012,-0.0002101052571399989,-0.00010650342857100001,-1.1240914289963218e-05,1
75,1772846783015,-0.0002101052571399989,-0.00010650342857100001,-1.1240914289963218e-05,1
76,1772846783018,-0.0002101052571399989,6.596571428999973e-06,0.00019545908570992986,1
77,1772846783020,-0.00013600525714000007,6.596571428999973e-06,0.00019545908570992986,1
78,1772846783023,-0.00013600525714000007,6.596571428999973e-06,0.00019545908570992986,1
79,1772846783026,8.294742859999912e-06,3.779657142899997e-05,0.00032025908570996586,1
80,1772846783028,8.294742859999912e-06,3.779657142899997e-05,0.00032025908570996586,1
81,1772846783031,8.294742859999912e-06,3.779657142899997e-05,0.00032025908570996586,1
82,1772846783034,1.6094742860000427e-05,0.00013529657142899996,0.0002032590857099321,1
83,1772846783037,1.6094742860000427e-05,0.00013529657142899996,0.0002032590857099321,1
84,1772846783040,1.6094742860000427e-05,0.00013529657142899996,0.0002032590857099321,1
85,1772846783043,-1.1205257139998773e-05,-1.203428571000054e-06,0.00025785908570994786,1
86,1772846783045,-1.1205257139998773e-05,-1.203428571000054e-06,0.00025785908570994786,1
87,1772846783048,-1.1205257139998773e-05,-1.203428571000054e-06,0.00025785908570994786,1
88,1772846783051,-4.24052571399991e-05,1.8296571428999986e-05,5.8959085709946006e-05,1
89,1772846783053,-4.24052571399991e-05,1.8296571428999986e-05,5.8959085709946006e-05,1
90,1772846783056,-4.24052571399991e-05,1.8296571428999986e-05,5.8959085709946006e-05,1
91,1772846783059,-1.1205257139998773e-05,0.00020549657142899993,0.0004684590857100086,1
92,1772846783062,-1.1205257139998773e-05,0.00020549657142899993,0.0004684590857100086,1
93,1772846783064,-1.1205257139998773e-05,0.00020549657142899993,0.0004684590857100086,1
94,1772846783067,-2.2905257139998678e-05,7.289657142899996e-05,0.00014085908571002514,1
95,1772846783070,-2.2905257139998678e-05,7.289657142899996e-05,0.00014085908571002514,1
96,1772846783073,-2.2905257139998678e-05,7.289657142899996e-05,0.00014085908571002514,1
97,1772846783076,-1.9005257139999288e-05,3.779657142899997e-05,0.00038265908570998385,1
98,1772846783079,-1.9005257139999288e-05,3.779657142899997e-05,0.00038265908570998385,1
99,1772846783081,-1.9005257139999288e-05,-4.410342857100001e-05,0.0002617590857100045,1
100,1772846783084,7.459474285999995e-05,-4.410342857100001e-05,0.0002617590857100045,1
101,1772846783087,7.459474285999995e-05,-4.410342857100001e-05,0.0002617590857100045,1
102,1772846783089,0.00014089474286,-1.203428571000054e-06,0.00025785908570994786,1
103,1772846783092,0.00014089474286,-1.203428571000054e-06,0.00025785908570994786,1
104,1772846783095,0.00014089474286,-1.203428571000054e-06,0.00025785908570994786,1
105,1772846783097,4.394742860000522e-06,6.119657142899994e-05,-2.2940914290022103e-05,1
106,1772846783100,4.394742860000522e-06,6.119657142899994e-05,-2.2940914290022103e-05,1
107,1772846783103,4.394742860000522e-06,6.119657142899994e-05,-2.2940914290022103e-05,1
108,1772846783106,7.459474285999995e-05,3.779657142899997e-05,0.000183759085709982,1
109,1772846783109,7.459474285999995e-05,3.779657142899997e-05,0.000183759085709982,1
110,1772846783112,7.459474285999995e-05,3.779657142899997e-05,0.000183759085709982,1
111,1772846783114,-1.9005257139999288e-05,0.00017429657142899993,0.00017205908571003414,1
112,1772846783117,-1.9005257139999288e-05,0.00017429657142899993,0.00017205908571003414,1
113,1772846783120,-1.9005257139999288e-05,0.00017429657142899993,0.00017205908571003414,1
114,1772846783123,-7.750525713999881e-05,-4.8003428571e-05,0.00021105908570993436,1
115,1772846783126,-7.750525713999881e-05,-4.8003428571e-05,0.00021105908570993436,1
116,1772846783128,-7.750525713999881e-05,-4.8003428571e-05,0.00021105908570993436,1
117,1772846783131,-2.6805257139999802e-05,-0.00020400342857100002,0.0003553590857100315,1
118,1772846783134,-2.6805257139999802e-05,-0.00020400342857100002,0.0003553590857100315,1
119,1772846783137,-2.6805257139999802e-05,-0.00020400342857100002,0.0003553590857100315,1
120,1772846783139,5.509474286000127e-05,-2.4603428571000026e-05,0.000495759085709961,1
121,1772846783142,5.509474286000127e-05,-2.4603428571000026e-05,0.000495759085709961,1
122,1772846783145,5.509474286000127e-05,-2.4603428571000026e-05,0.0003241590857100225,1
123,1772846783147,0.00010189474286000089,6.119657142899994e-05,0.0003241590857100225,1
124,1772846783150,0.00010189474286000089,6.119657142899994e-05,0.0003241590857100225,1
0,1772846783195,4.339474286000136e-05,-0.00011430342857100004,0.00032025908570996586,1
1,1772846783198,4.339474286000136e-05,-0.00011430342857100004,0.00032025908570996586,1
2,1772846783201,4.339474286000136e-05,-0.00011430342857100004,9.0159085709955e-05,1
3,1772846783222,-4.24052571399991e-05,1.4396571429e-05,0.00032025908570996586,1
4,1772846783229,4.947428600011322e-07,0.00016259657142899992,0.0001876590857099276,1
5,1772846783236,1.2194742860001037e-05,0.00010409657142899996,0.000339759085710027,1
6,1772846783271,-1.9005257139999288e-05,-1.2903428571000013e-05,0.00041385908570999285,1
7,1772846783274,-1.1205257139998773e-05,3.3896571428999986e-05,0.0002305590857099955,1
8,1772846783277,-1.1205257139998773e-05,3.3896571428999986e-05,0.0002305590857099955,1
9,1772846783280,-1.1205257139998773e-05,3.3896571428999986e-05,0.0002305590857099955,1
10,1772846783282,3.949474286000024e-05,6.899657142899997e-05,0.00030465908570996136,1
11,1772846783285,3.949474286000024e-05,6.899657142899997e-05,0.00030465908570996136,1
12,1772846783288,3.949474286000024e-05,6.899657142899997e-05,0.00030465908570996136,1
13,1772846783290,-1.9005257139999288e-05,0.000107996571429,5.8959085709946006e-05,1
14,1772846783293,-1.9005257139999288e-05,0.000107996571429,5.8959085709946006e-05,1
15,1772846783296,-1.9005257139999288e-05,0.000107996571429,5.8959085709946006e-05,1
16,1772846783299,0.0001330947428600012,2.609657142899996e-05,0.00024615908571,1
17,1772846783301,0.0001330947428600012,2.609657142899996e-05,0.00024615908571,1
18,1772846783304,0.0001330947428600012,2.609657142899996e-05,0.00024615908571,1
19,1772846783307,0.0001330947428600012,0.00019379657142900002,0.0002344590857099411,1
20,1772846783309,0.0001330947428600012,0.00019379657142900002,0.0002344590857099411,1
21,1772846783312,0.0001330947428600012,0.00019379657142900002,0.000339759085710027,1
22,1772846783315,-4.630525714000022e-05,0.00013529657142899996,0.000339759085710027,1
23,1772846783318,-4.630525714000022e-05,0.00013529657142899996,0.000339759085710027,1
24,1772846783321,-0.00012430525714000017,3.3896571428999986e-05,5.505908571000039e-05,1
25,1772846783324,-0.00012430525714000017,3.3896571428999986e-05,5.505908571000039e-05,1
26,1772846783326,-0.00012430525714000017,3.3896571428999986e-05,5.505908571000039e-05,1
27,1772846783329,-6.970525714000003e-05,0.00017429657142899993,0.00023835908570999775,1
28,1772846783332,-6.970525714000003e-05,0.00017429657142899993,0.00023835908570999775,1
29,1772846783334,-6.970525714000003e-05,0.00017429657142899993,0.00023835908570999775,1
30,1772846783337,-8.530525713999933e-05,5.339657142899997e-05,0.0003787590857099272,1
31,1772846783340,-8.530525713999933e-05,5.339657142899997e-05,0.0003787590857099272,1
32,1772846783343,-8.530525713999933e-05,5.339657142899997e-05,0.0003787590857099272,1
33,1772846783345,-0.0002023052571400001,6.899657142899997e-05,0.00017205908571003414,1
34,1772846783348,-0.0002023052571400001,6.899657142899997e-05,0.00017205908571003414,1
35,1772846783351,-0.0002023052571400001,6.899657142899997e-05,0.00017205908571003414,1
36,1772846783354,-1.1205257139998773e-05,1.8296571428999986e-05,0.00023835908570999775,1
37,1772846783357,-1.1205257139998773e-05,1.8296571428999986e-05,0.00023835908570999775,1
38,1772846783359,-1.1205257139998773e-05,1.8296571428999986e-05,0.00023835908570999775,1
39,1772846783362,1.9994742859999817e-05,-1.6803428571e-05,0.000308559085710018,1
40,1772846783365,1.9994742859999817e-05,-1.6803428571e-05,0.000308559085710018,1
41,1772846783367,1.9994742859999817e-05,-1.6803428571e-05,0.000308559085710018,1
42,1772846783370,2.7794742860000332e-05,3.779657142899997e-05,6.285908571000264e-05,1
43,1772846783373,2.7794742860000332e-05,3.779657142899997e-05,6.285908571000264e-05,1
44,1772846783376,2.7794742860000332e-05,3.779657142899997e-05,6.285908571000264e-05,1
45,1772846783379,-0.00012430525714000017,1.8296571428999986e-05,0.0002032590857099321,1
46,1772846783381,-0.00012430525714000017,1.8296571428999986e-05,0.0002032590857099321,1
47,1772846783384,-0.00012430525714000017,6.509657142899999e-05,0.00019545908570992986,1
48,1772846783387,0.0001603947428600004,6.509657142899999e-05,0.00019545908570992986,1
49,1772846783390,0.0001603947428600004,6.509657142899999e-05,0.00019545908570992986,1
50,1772846783392,1.6094742860000427e-05,4.5596571429e-05,7.065908571000489e-05,1
51,1772846783395,1.6094742860000427e-05,4.5596571429e-05,7.065908571000489e-05,1
52,1772846783398,1.6094742860000427e-05,4.5596571429e-05,7.065908571000489e-05,1
53,1772846783400,-4.630525714000022e-05,-0.00014550342857100004,0.0001369590857099685,1
54,1772846783403,-4.630525714000022e-05,-0.00014550342857100004,0.0001369590857099685,1
55,1772846783406,-4.630525714000022e-05,-0.00014550342857100004,0.0001369590857099685,1
56,1772846783409,8.629474285999986e-05,0.00010019657142899997,0.00033195908571002474,1
57,1772846783411,8.629474285999986e-05,0.00010019657142899997,0.00033195908571002474,1
58,1772846783415,8.629474285999986e-05,0.00010019657142899997,0.00033195908571002474,1
59,1772846783417,-1.9005257139999288e-05,6.119657142899994e-05,0.0006946590857099628,1
60,1772846783420,-1.9005257139999288e-05,6.119657142899994e-05,0.0006946590857099628,1
61,1772846783423,-1.9005257139999288e-05,6.119657142899994e-05,0.0006946590857099628,1
62,1772846783426,3.559474286000085e-05,6.596571428999973e-06,0.0002968590857099591,1
63,1772846783428,3.559474286000085e-05,6.596571428999973e-06,0.0002968590857099591,1
64,1772846783431,3.559474286000085e-05,6.596571428999973e-06,0.0002968590857099591,1
65,1772846783434,0.00014479474286000112,0.00010019657142899997,4.359085709930259e-06,1
66,1772846783436,0.00014479474286000112,0.00010019657142899997,4.359085709930259e-06,1
67,1772846783439,0.00014479474286000112,0.00010019657142899997,4.359085709930259e-06,1
68,1772846783442,-3.070525713999919e-05,0.000213296571429,0.00030075908571001574,1
69,1772846783445,-3.070525713999919e-05,0.000213296571429,0.00030075908571001574,1
70,1772846783448,-3.070525713999919e-05,0.000213296571429,0.0003943590857099317,1
71,1772846783450,0.0001213947428600013,7.6796571429e-05,0.0003943590857099317,1
72,1772846783453,0.0001213947428600013,7.6796571429e-05,0.0003943590857099317,1
73,1772846783456,0.0001213947428600013,6.509657142899999e-05,0.00022665908570993886,1
74,1772846783459,-0.00010090525713999862,6.509657142899999e-05,0.00022665908570993886,1
75,1772846783462,-0.00010090525713999862,6.509657142899999e-05,0.00022665908570993886,1
76,1772846783464,-1.1205257139998773e-05,2.609657142899996e-05,0.000308559085710018,1
77,1772846783467,-1.1205257139998773e-05,2.609657142899996e-05,0.000308559085710018,1
78,1772846783470,-1.1205257139998773e-05,2.609657142899996e-05,0.000308559085710018,1
79,1772846783472,-8.530525713999933e-05,9.629657142899998e-05,0.00024615908571,1
80,1772846783476,-8.530525713999933e-05,9.629657142899998e-05,0.00024615908571,1
81,1772846783478,-8.530525713999933e-05,9.629657142899998e-05,0.00024615908571,1
82,1772846783481,-1.9005257139999288e-05,-8.700342857100003e-05,0.0002656590857099501,1
83,1772846783484,-1.9005257139999288e-05,-8.700342857100003e-05,0.0002656590857099501,1
84,1772846783486,-1.9005257139999288e-05,-8.700342857100003e-05,0.0002656590857099501,1
85,1772846783489,-0.00012040525713999904,5.729657142899996e-05,0.0004840590857100131,1
86,1772846783492,-0.00012040525713999904,5.729657142899996e-05,0.0004840590857100131,1
87,1772846783495,-0.00012040525713999904,5.729657142899996e-05,0.0004840590857100131,1
88,1772846783497,-2.6805257139999802e-05,6.899657142899997e-05,0.00034755908571002924,1
89,1772846783500,-2.6805257139999802e-05,6.899657142899997e-05,0.00034755908571002924,1
90,1772846783503,-2.6805257139999802e-05,6.899657142899997e-05,0.00034755908571002924,1
91,1772846783506,-0.00010480525713999975,-0.000137703428571,0.0003553590857100315,1
92,1772846783509,-0.00010480525713999975,-0.000137703428571,0.0003553590857100315,1
93,1772846783511,-0.00010480525713999975,-0.000137703428571,0.00012525908571002064,1
94,1772846783514,-3.850525713999971e-05,-3.2403428571000053e-05,0.00012525908571002064,1
95,1772846783517,-3.850525713999971e-05,-3.2403428571000053e-05,0.00012525908571002064,1
96,1772846783520,-3.850525713999971e-05,-0.00010260342857100003,7.065908571000489e-05,1
97,1772846783522,2.3894742860000942e-05,-0.00010260342857100003,7.065908571000489e-05,1
98,1772846783525,2.3894742860000942e-05,-0.00010260342857100003,7.065908571000489e-05,1
99,1772846783528,2.3894742860000942e-05,2.2196571428999973e-05,-0.00014384091429000146,1
100,1772846783530,-0.00014770525713999998,2.2196571428999973e-05,-0.00014384091429000146,1
101,1772846783533,-0.00014770525713999998,2.2196571428999973e-05,-0.00014384091429000146,1
102,1772846783536,5.899474286000066e-05,6.596571428999973e-06,0.0003241590857100225,1
103,1772846783539,5.899474286000066e-05,6.596571428999973e-06,0.0003241590857100225,1
104,1772846783542,5.899474286000066e-05,6.596571428999973e-06,0.0003241590857100225,1
105,1772846783544,-5.020525713999961e-05,0.00011579657142899997,8.625908571000939e-05,1
106,1772846783547,-5.020525713999961e-05,0.00011579657142899997,8.625908571000939e-05,1
107,1772846783550,-5.020525713999961e-05,0.00011579657142899997,8.625908571000939e-05,1
108,1772846783553,1.2194742860001037e-05,7.289657142899996e-05,0.00010185908571001389,1
109,1772846783555,1.2194742860001037e-05,7.289657142899996e-05,0.00010185908571001389,1
110,1772846783558,1.2194742860001037e-05,7.289657142899996e-05,0.00010185908571001389,1
111,1772846783561,7.849474286000108e-05,-2.4603428571000026e-05,0.0002500590857099456,1
112,1772846783564,7.849474286000108e-05,-2.4603428571000026e-05,0.0002500590857099456,1
113,1772846783567,7.849474286000108e-05,-2.4603428571000026e-05,0.0002500590857099456,1
114,1772846783570,1.6094742860000427e-05,-6.750342857100004e-05,0.0002812590857099546,1
115,1772846783573,1.6094742860000427e-05,-6.750342857100004e-05,0.0002812590857099546,1
116,1772846783575,1.6094742860000427e-05,-2.8503428571000013e-05,0.00025395908571000225,1
117,1772846783578,5.899474286000066e-05,-2.8503428571000013e-05,0.00025395908571000225,1
118,1772846783581,5.899474286000066e-05,-2.8503428571000013e-05,0.00025395908571000225,1
119,1772846783584,5.899474286000066e-05,2.6965714289999866e-06,0.00036315908571003374,1
120,1772846783586,-6.580525713999891e-05,2.6965714289999866e-06,0.00036315908571003374,1
121,1772846783589,-6.580525713999891e-05,2.6965714289999866e-06,0.00036315908571003374,1
122,1772846783592,8.239474286000047e-05,-4.8003428571e-05,0.0001486590857100274,1
123,1772846783595,8.239474286000047e-05,-4.8003428571e-05,0.0001486590857100274,1
124,1772846783598,8.239474286000047e-05,-4.8003428571e-05,0.0001486590857100274,1
0,1772846783638,2.7794742860000332e-05,3.3896571428999986e-05,0.00030075908571001574,1
1,1772846783641,4.394742860000522e-06,9.239657142899994e-05,-3.85409142900266e-05,1
2,1772846783694,-1.1205257139998773e-05,9.629657142899998e-05,0.0005854590857099313,1
3,1772846783698,5.119474286000014e-05,-5.10342857100004e-06,0.00016035908570997525,1
4,1772846783703,5.119474286000014e-05,-5.10342857100004e-06,0.00016035908570997525,1
5,1772846783714,-0.00014770525713999998,-0.00010260342857100003,0.0002929590857100135,1
6,1772846783716,-5.4105257139999e-05,-5.5803428571000026e-05,7.845908571000714e-05,1
7,1772846783719,4.339474286000136e-05,2.2196571428999973e-05,3.1659085709993644e-05,1
8,1772846783722,4.339474286000136e-05,2.2196571428999973e-05,3.1659085709993644e-05,1
9,1772846783725,4.339474286000136e-05,2.2196571428999973e-05,3.1659085709993644e-05,1
10,1772846783727,0.0001486947428600005,1.049657142899996e-05,3.945908570999589e-05,1
11,1772846783730,0.0001486947428600005,1.049657142899996e-05,3.945908570999589e-05,1
12,1772846783733,0.0001486947428600005,1.049657142899996e-05,3.945908570999589e-05,1
13,1772846783735,-7.360525713999942e-05,4.9496571428999986e-05,0.00017205908571003414,1
14,1772846783739,-7.360525713999942e-05,4.9496571428999986e-05,0.00017205908571003414,1
15,1772846783741,-7.360525713999942e-05,4.9496571428999986e-05,0.00017205908571003414,1
16,1772846783744,-2.6805257139999802e-05,-0.00010260342857100003,8.625908571000939e-05,1
17,1772846783747,-2.6805257139999802e-05,-0.00010260342857100003,8.625908571000939e-05,1
18,1772846783750,-2.6805257139999802e-05,-0.00010260342857100003,8.625908571000939e-05,1
19,1772846783752,8.294742859999912e-06,3.3896571428999986e-05,0.00020715908570998875,1
20,1772846783755,8.294742859999912e-06,3.3896571428999986e-05,0.00020715908570998875,1
21,1772846783758,8.294742859999912e-06,3.3896571428999986e-05,0.00020715908570998875,1
22,1772846783760,-0.00013990525713999946,0.00014699657142899997,0.0002305590857099955,1
23,1772846783764,-0.00013990525713999946,0.00014699657142899997,0.0002305590857099955,1
24,1772846783766,-0.00013990525713999946,0.00014699657142899997,0.0002305590857099955,1
25,1772846783769,-0.00012040525713999904,-1.6803428571e-05,0.0001993590857099865,1
26,1772846783772,-0.00012040525713999904,-1.6803428571e-05,0.0001993590857099865,1
27,1772846783774,-0.00012040525713999904,-1.6803428571e-05,0.00024615908571,1
28,1772846783777,6.679474286000117e-05,-0.00010260342857100003,0.00024615908571,1
29,1772846783780,6.679474286000117e-05,-0.00010260342857100003,0.00024615908571,1
30,1772846783783,6.679474286000117e-05,-0.00010260342857100003,0.00033585908570997035,1
31,1772846783785,0.0001213947428600013,-1.2903428571000013e-05,0.00033585908570997035,1
32,1772846783788,0.0001213947428600013,-1.2903428571000013e-05,0.00033585908570997035,1
33,1772846783791,0.0001213947428600013,0.00014309657142899993,0.00021105908570993436,1
34,1772846783794,-0.00013210525713999895,0.00014309657142899993,0.00021105908570993436,1
35,1772846783797,-0.00013210525713999895,0.00014309657142899993,0.00021105908570993436,1
36,1772846783800,-1.5105257139999897e-05,0.00010019657142899997,0.00022275908570999325,1
37,1772846783802,-1.5105257139999897e-05,0.00010019657142899997,0.00022275908570999325,1
38,1772846783805,-1.5105257139999897e-05,0.00010019657142899997,0.00022275908570999325,1
39,1772846783808,1.6094742860000427e-05,-0.000153303428571,9.405908571001164e-05,1
40,1772846783810,1.6094742860000427e-05,-0.000153303428571,9.405908571001164e-05,1
41,1772846783813,1.6094742860000427e-05,-0.000153303428571,9.405908571001164e-05,1
42,1772846783816,-3.4052571399999926e-06,7.6796571429e-05,9.795908570995725e-05,1
43,1772846783819,-3.4052571399999926e-06,7.6796571429e-05,9.795908570995725e-05,1
44,1772846783822,-3.4052571399999926e-06,7.6796571429e-05,9.795908570995725e-05,1
45,1772846783824,-8.530525713999933e-05,5.339657142899997e-05,0.00015645908571002964,1
46,1772846783827,-8.530525713999933e-05,5.339657142899997e-05,0.00015645908571002964,1
47,1772846783830,-8.530525713999933e-05,5.339657142899997e-05,0.00015645908571002964,1
48,1772846783833,-0.00013600525714000007,7.6796571429e-05,0.00027345908570995236,1
49,1772846783835,-0.00013600525714000007,7.6796571429e-05,0.00027345908570995236,1
50,1772846783838,-0.00013600525714000007,7.6796571429e-05,0.00027345908570995236,1
51,1772846783841,-7.360525713999942e-05,2.6965714289999866e-06,0.00031635908571002024,1
52,1772846783844,-7.360525713999942e-05,2.6965714289999866e-06,0.00031635908571002024,1
53,1772846783847,2.7794742860000332e-05,-0.000122103428571,0.00019155908570998425,1
54,1772846783849,2.7794742860000332e-05,-0.000122103428571,0.00019155908570998425,1
55,1772846783852,2.7794742860000332e-05,-0.000122103428571,0.00019155908570998425,1
56,1772846783855,1.9994742859999817e-05,4.5596571429e-05,0.00021105908570993436,1
57,1772846783858,1.9994742859999817e-05,4.5596571429e-05,0.00021105908570993436,1
58,1772846783860,1.9994742859999817e-05,4.5596571429e-05,0.00021105908570993436,1
59,1772846783863,-6.580525713999891e-05,-8.700342857100003e-05,0.0002305590857099955,1
60,1772846783866,-6.580525713999891e-05,-8.700342857100003e-05,0.0002305590857099955,1
61,1772846783868,-6.580525713999891e-05,-8.700342857100003e-05,0.0002305590857099955,1
62,1772846783871,-3.4052571399999926e-06,0.00011969657142899996,-4.2440914289972216e-05,1
63,1772846783874,-3.4052571399999926e-06,0.00011969657142899996,-4.2440914289972216e-05,1
64,1772846783877,-3.4052571399999926e-06,0.00011969657142899996,-4.2440914289972216e-05,1
65,1772846783880,8.629474285999986e-05,0.00010409657142899996,0.00012525908571002064,1
66,1772846783883,8.629474285999986e-05,0.00010409657142899996,0.00012525908571002064,1
67,1772846783885,8.629474285999986e-05,0.00010409657142899996,0.00012525908571002064,1
68,1772846783888,0.00017209474286000032,-2.8503428571000013e-05,0.00033585908570997035,1
69,1772846783891,0.00017209474286000032,-2.8503428571000013e-05,0.00033585908570997035,1
70,1772846783893,0.00017209474286000032,-2.8503428571000013e-05,0.00033585908570997035,1
71,1772846783896,7.459474285999995e-05,-9.003428571000027e-06,0.0002032590857099321,1
72,1772846783899,7.459474285999995e-05,-9.003428571000027e-06,0.0002032590857099321,1
73,1772846783901,7.459474285999995e-05,-9.003428571000027e-06,0.0002032590857099321,1
74,1772846783905,-1.5105257139999897e-05,9.239657142899994e-05,8.625908571000939e-05,1
75,1772846783907,-1.5105257139999897e-05,9.239657142899994e-05,8.625908571000939e-05,1
76,1772846783910,-1.5105257139999897e-05,9.239657142899994e-05,0.00012915908570996625,1
77,1772846783913,-0.00011650525713999965,8.069657142899999e-05,0.00012915908570996625,1
78,1772846783916,-0.00011650525713999965,8.069657142899999e-05,0.00012915908570996625,1
79,1772846783918,-0.00011650525713999965,-0.00010650342857100001,0.00025395908571000225,1
80,1772846783921,3.949474286000024e-05,-0.00010650342857100001,0.00025395908571000225,1
81,1772846783924,3.949474286000024e-05,-0.00010650342857100001,0.00025395908571000225,1
82,1772846783926,3.949474286000024e-05,0.00014309657142899993,0.00021105908570993436,1
83,1772846783929,-7.305257139999383e-06,0.00014309657142899993,0.00021105908570993436,1
84,1772846783932,-7.305257139999383e-06,0.00014309657142899993,0.00021105908570993436,1
85,1772846783935,8.294742859999912e-06,0.00015869657142899998,0.00048015908570995646,1
86,1772846783938,8.294742859999912e-06,0.00015869657142899998,0.00048015908570995646,1
87,1772846783940,8.294742859999912e-06,0.00015869657142899998,0.00048015908570995646,1
88,1772846783943,-0.00015160525713999937,-1.2903428571000013e-05,0.00035145908570997485,1
89,1772846783946,-0.00015160525713999937,-1.2903428571000013e-05,0.00035145908570997485,1
90,1772846783949,-0.00015160525713999937,-1.2903428571000013e-05,0.00035145908570997485,1
91,1772846783951,-0.00014770525713999998,-5.190342857100004e-05,0.00016035908570997525,1
92,1772846783954,-0.00014770525713999998,-5.190342857100004e-05,0.00016035908570997525,1
93,1772846783957,-0.00014770525713999998,-5.190342857100004e-05,0.00016035908570997525,1
94,1772846783959,0.0001330947428600012,6.899657142899997e-05,-3.4409142900719905e-06,1
95,1772846783962,0.0001330947428600012,6.899657142899997e-05,-3.4409142900719905e-06,1
96,1772846783965,0.0001330947428600012,6.899657142899997e-05,-3.4409142900719905e-06,1
97,1772846783968,-6.190525713999952e-05,6.899657142899997e-05,0.00014085908571002514,1
98,1772846783971,-6.190525713999952e-05,6.899657142899997e-05,0.00014085908571002514,1
99,1772846783974,-6.190525713999952e-05,6.899657142899997e-05,0.00014085908571002514,1
100,1772846783976,-7.305257139999383e-06,-4.0203428571000026e-05,0.00047625908571001085,1
101,1772846783979,-7.305257139999383e-06,-4.0203428571000026e-05,0.00047625908571001085,1
102,1772846783982,-7.305257139999383e-06,-4.0203428571000026e-05,0.00047625908571001085,1
103,1772846783984,5.899474286000066e-05,-1.6803428571e-05,0.000308559085710018,1
104,1772846783987,5.899474286000066e-05,-1.6803428571e-05,0.000308559085710018,1
105,1772846783990,5.899474286000066e-05,-1.6803428571e-05,0.0001330590857100229,1
106,1772846783993,-7.305257139999383e-06,2.2196571428999973e-05,0.0001330590857100229,1
107,1772846783996,-7.305257139999383e-06,2.2196571428999973e-05,0.0001330590857100229,1
108,1772846783998,-1.1205257139998773e-05,-0.00011430342857100004,0.0003553590857100315,1
109,1772846784001,-1.1205257139998773e-05,-0.00011430342857100004,0.0003553590857100315,1
110,1772846784004,-1.1205257139998773e-05,-0.00011430342857100004,0.0003553590857100315,1
111,1772846784007,-3.460525713999858e-05,-7.530342857100001e-05,0.0003748590857099816,1
112,1772846784009,-3.460525713999858e-05,-7.530342857100001e-05,0.0003748590857099816,1
113,1772846784012,-3.460525713999858e-05,-7.530342857100001e-05,0.0003748590857099816,1
114,1772846784015,3.559474286000085e-05,2.609657142899996e-05,0.00017985908571003639,1
115,1772846784018,3.559474286000085e-05,2.609657142899996e-05,0.00017985908571003639,1
116,1772846784021,3.559474286000085e-05,2.609657142899996e-05,0.00017985908571003639,1
117,1772846784024,-1.1205257139998773e-05,0.00013139657142899997,9.0159085709955e-05,1
118,1772846784026,-1.1205257139998773e-05,0.00013139657142899997,9.0159085709955e-05,1
119,1772846784029,-1.1205257139998773e-05,0.00013139657142899997,9.0159085709955e-05,1
120,1772846784032,7.849474286000108e-05,0.00014699657142899997,0.0001993590857099865,1
121,1772846784034,7.849474286000108e-05,0.00014699657142899997,0.0001993590857099865,1
122,1772846784037,7.849474286000108e-05,0.00014699657142899997,0.0001993590857099865,1
123,1772846784040,9.409474286000037e-05,0.000170396571429,0.00010185908571001389,1
124,1772846784042,9.409474286000037e-05,0.000170396571429,0.00010185908571001389,1
