0,1774313827986,-0.00011650525713999965,-9.003428571000027e-06,-7.364091428998121e-05,1
1,1774313827988,2.7794742860000332e-05,-2.070342857100004e-05,9.795908570995725e-05,1
2,1774313827990,2.7794742860000332e-05,-2.070342857100004e-05,9.795908570995725e-05,1
3,1774313827993,2.7794742860000332e-05,-2.070342857100004e-05,9.795908570995725e-05,1
4,1774313827995,2.7794742860000332e-05,8.459657142899997e-05,-0.00010874091429004685,1
5,1774313827998,2.7794742860000332e-05,8.459657142899997e-05,-0.00010874091429004685,1
6,1774313828000,2.7794742860000332e-05,8.459657142899997e-05,-0.00010874091429004685,1
7,1774313828002,-0.00010090525713999862,0.000107996571429,0.0002656590857099501,1
8,1774313828005,-0.00010090525713999862,0.000107996571429,0.0002656590857099501,1
9,1774313828007,-0.00010090525713999862,0.000107996571429,0.0002656590857099501,1
10,1774313828009,-0.00010090525713999862,0.000107996571429,0.00017595908570997975,1
11,1774313828012,-0.0003349052571400002,0.00019379657142900002,0.00017595908570997975,1
12,1774313828014,-0.0003349052571400002,0.00019379657142900002,0.00017595908570997975,1
13,1774313828017,-0.0003349052571400002,0.00019379657142900002,0.00017595908570997975,1
14,1774313828019,-0.00015940525713999988,0.00029129657142899995,0.0002500590857099456,1
15,1774313828021,-0.00015940525713999988,0.00029129657142899995,0.0002500590857099456,1
16,1774313828024,-0.00015940525713999988,0.00029129657142899995,0.0002500590857099456,1
17,1774313828026,-3.070525713999919e-05,6.899657142899997e-05,0.00047625908571001085,1
18,1774313828028,-3.070525713999919e-05,6.899657142899997e-05,0.00047625908571001085,1
19,1774313828031,-3.070525713999919e-05,6.899657142899997e-05,0.00047625908571001085,1
20,1774313828033,-3.070525713999919e-05,6.899657142899997e-05,0.00025395908571000225,1
21,1774313828036,2.7794742860000332e-05,7.6796571429e-05,0.00025395908571000225,1
22,1774313828038,2.7794742860000332e-05,7.6796571429e-05,0.00025395908571000225,1
23,1774313828040,2.7794742860000332e-05,7.6796571429e-05,0.00025395908571000225,1
24,1774313828043,1.2194742860001037e-05,-2.8503428571000013e-05,0.000339759085710027,1
25,1774313828045,1.2194742860001037e-05,-2.8503428571000013e-05,0.000339759085710027,1
26,1774313828047,1.2194742860001037e-05,-2.8503428571000013e-05,0.000339759085710027,1
27,1774313828050,-2.2905257139998678e-05,0.00013139657142899997,0.0003787590857099272,1
28,1774313828052,-2.2905257139998678e-05,0.00013139657142899997,0.0003787590857099272,1
29,1774313828055,-2.2905257139998678e-05,0.00013139657142899997,0.0003787590857099272,1
30,1774313828057,-2.2905257139998678e-05,0.00013139657142899997,0.0003787590857099272,1
31,1774313828059,9.799474285999976e-05,4.169657142899996e-05,-3.4640914289969967e-05,1
32,1774313828062,9.799474285999976e-05,4.169657142899996e-05,-3.4640914289969967e-05,1
33,1774313828064,9.799474285999976e-05,4.169657142899996e-05,-3.4640914289969967e-05,1
34,1774313828066,-6.580525713999891e-05,7.289657142899996e-05,9.405908571001164e-05,1
35,1774313828069,-6.580525713999891e-05,7.289657142899996e-05,9.405908571001164e-05,1
36,1774313828071,-6.580525713999891e-05,7.289657142899996e-05,9.405908571001164e-05,1
37,1774313828074,-0.00019840525713999899,6.509657142899999e-05,0.00038265908570998385,1
38,1774313828079,-0.00019840525713999899,6.509657142899999e-05,0.00038265908570998385,1
39,1774313828082,-7.360525713999942e-05,-0.00010260342857100003,1.6059085709989145e-05,1
40,1774313828084,-7.360525713999942e-05,-0.00010260342857100003,1.6059085709989145e-05,1
41,1774313828086,-7.360525713999942e-05,-0.00010260342857100003,1.6059085709989145e-05,1
42,1774313828089,-7.360525713999942e-05,-0.00010260342857100003,1.6059085709989145e-05,1
43,1774313828091,0.00011359474286000079,-2.4603428571000026e-05,3.1659085709993644e-05,1
44,1774313828093,0.00011359474286000079,-2.4603428571000026e-05,3.1659085709993644e-05,1
45,1774313828096,0.00011359474286000079,-2.4603428571000026e-05,3.1659085709993644e-05,1
46,1774313828098,8.294742859999912e-06,-5.190342857100004e-05,0.0006127590857099947,1
47,1774313828101,8.294742859999912e-06,-5.190342857100004e-05,0.0006127590857099947,1
48,1774313828103,8.294742859999912e-06,-5.190342857100004e-05,0.0006127590857099947,1
49,1774313828105,8.294742859999912e-06,-0.00011040342857100002,9.795908570995725e-05,1
50,1774313828108,-4.24052571399991e-05,-0.00011040342857100002,9.795908570995725e-05,1
51,1774313828110,-4.24052571399991e-05,-0.00011040342857100002,9.795908570995725e-05,1
52,1774313828112,-4.24052571399991e-05,-0.00011040342857100002,9.795908570995725e-05,1
53,1774313828115,-9.700525713999923e-05,7.6796571429e-05,-8.924091428998571e-05,1
54,1774313828117,-9.700525713999923e-05,7.6796571429e-05,-8.924091428998571e-05,1
55,1774313828120,-9.700525713999923e-05,7.6796571429e-05,-8.924091428998571e-05,1
56,1774313828122,-7.750525713999881e-05,-4.410342857100001e-05,8.259085709986895e-06,1
57,1774313828124,-7.750525713999881e-05,-4.410342857100001e-05,8.259085709986895e-06,1
58,1774313828127,-7.750525713999881e-05,-4.410342857100001e-05,8.259085709986895e-06,1
59,1774313828129,-7.750525713999881e-05,-4.410342857100001e-05,-4.2440914289972216e-05,1
60,1774313828132,-0.00013210525713999895,-4.410342857100001e-05,-4.2440914289972216e-05,1
61,1774313828134,-0.00013210525713999895,-4.410342857100001e-05,-4.2440914289972216e-05,1
62,1774313828136,-0.00013210525713999895,-4.410342857100001e-05,-4.2440914289972216e-05,1
63,1774313828139,-1.9005257139999288e-05,0.00011969657142899996,0.0002656590857099501,1
64,1774313828141,-1.9005257139999288e-05,0.00011969657142899996,0.0002656590857099501,1
65,1774313828143,-1.9005257139999288e-05,0.00011969657142899996,0.0002656590857099501,1
66,1774313828146,3.169474285999972e-05,6.119657142899994e-05,0.0005971590857099902,1
67,1774313828148,3.169474285999972e-05,6.119657142899994e-05,0.0005971590857099902,1
68,1774313828151,3.169474285999972e-05,6.119657142899994e-05,0.0005971590857099902,1
69,1774313828153,3.169474285999972e-05,6.119657142899994e-05,0.000370959085710036,1
70,1774313828155,-9.700525713999923e-05,2.9996571428999945e-05,0.000370959085710036,1
71,1774313828158,-9.700525713999923e-05,2.9996571428999945e-05,0.000370959085710036,1
72,1774313828160,-9.700525713999923e-05,2.9996571428999945e-05,0.000370959085710036,1
73,1774313828162,-1.9005257139999288e-05,0.00010409657142899996,0.00020715908570998875,1
74,1774313828165,-1.9005257139999288e-05,0.00010409657142899996,0.00020715908570998875,1
75,1774313828167,-1.9005257139999288e-05,0.00010409657142899996,0.00020715908570998875,1
76,1774313828170,-6.970525714000003e-05,8.459657142899997e-05,0.0004216590857099951,1
77,1774313828172,-6.970525714000003e-05,8.459657142899997e-05,0.0004216590857099951,1
78,1774313828174,-6.970525714000003e-05,8.459657142899997e-05,0.0004216590857099951,1
79,1774313828177,-6.970525714000003e-05,8.459657142899997e-05,0.0003436590857099726,1
80,1774313828179,3.949474286000024e-05,-5.970342857100001e-05,0.0003436590857099726,1
81,1774313828181,3.949474286000024e-05,-5.970342857100001e-05,0.0003436590857099726,1
82,1774313828184,3.949474286000024e-05,-5.970342857100001e-05,0.0003436590857099726,1
83,1774313828186,-8.920525713999872e-05,-7.530342857100001e-05,0.0002500590857099456,1
84,1774313828189,-8.920525713999872e-05,-7.530342857100001e-05,0.0002500590857099456,1
85,1774313828191,-8.920525713999872e-05,-7.530342857100001e-05,0.0002500590857099456,1
86,1774313828193,-6.970525714000003e-05,0.000107996571429,0.00023835908570999775,1
87,1774313828196,-6.970525714000003e-05,0.000107996571429,0.00023835908570999775,1
88,1774313828198,-6.970525714000003e-05,0.000107996571429,0.00023835908570999775,1
89,1774313828200,-6.970525714000003e-05,0.000107996571429,0.00023835908570999775,1
90,1774313828203,-5.4105257139999e-05,8.459657142899997e-05,0.00038655908570992947,1
91,1774313828205,-5.4105257139999e-05,8.459657142899997e-05,0.00038655908570992947,1
92,1774313828208,-5.4105257139999e-05,8.459657142899997e-05,0.00038655908570992947,1
93,1774313828210,-9.310525713999984e-05,6.596571428999973e-06,0.0001876590857099276,1
94,1774313828212,-9.310525713999984e-05,6.596571428999973e-06,0.0001876590857099276,1
95,1774313828215,-9.310525713999984e-05,6.596571428999973e-06,0.0001876590857099276,1
96,1774313828217,-5.4105257139999e-05,0.00010019657142899997,0.0001057590857099595,1
97,1774313828219,-5.4105257139999e-05,0.00010019657142899997,0.0001057590857099595,1
98,1774313828222,-5.4105257139999e-05,0.00010019657142899997,0.0001057590857099595,1
99,1774313828224,-5.4105257139999e-05,0.00010019657142899997,0.0001057590857099595,1
100,1774313828227,-7.750525713999881e-05,5.339657142899997e-05,9.405908571001164e-05,1
101,1774313828229,-7.750525713999881e-05,5.339657142899997e-05,9.405908571001164e-05,1
102,1774313828231,-7.750525713999881e-05,5.339657142899997e-05,9.405908571001164e-05,1
103,1774313828234,-0.00012820525713999956,1.8296571428999986e-05,0.00012915908570996625,1
104,1774313828236,-0.00012820525713999956,1.8296571428999986e-05,0.00012915908570996625,1
105,1774313828238,-0.00012820525713999956,1.8296571428999986e-05,0.00012915908570996625,1
106,1774313828241,-0.00012820525713999956,-4.0203428571000026e-05,0.00033195908571002474,1
107,1774313828243,-8.920525713999872e-05,-4.0203428571000026e-05,0.00033195908571002474,1
108,1774313828246,-8.920525713999872e-05,-4.0203428571000026e-05,0.00033195908571002474,1
109,1774313828248,-8.920525713999872e-05,-4.0203428571000026e-05,0.00033195908571002474,1
110,1774313828250,-0.00011650525713999965,-0.00013380342857100002,0.00032025908570996586,1
111,1774313828253,-0.00011650525713999965,-0.00013380342857100002,0.00032025908570996586,1
112,1774313828255,-0.00011650525713999965,-0.00013380342857100002,0.00032025908570996586,1
113,1774313828257,-0.00012820525713999956,-8.310342857100004e-05,-2.2940914290022103e-05,1
114,1774313828260,-0.00012820525713999956,-8.310342857100004e-05,-2.2940914290022103e-05,1
115,1774313828262,-0.00012820525713999956,-8.310342857100004e-05,-2.2940914290022103e-05,1
116,1774313828265,-0.00012820525713999956,-8.310342857100004e-05,8.625908571000939e-05,1
117,1774313828267,-1.5105257139999897e-05,-5.10342857100004e-06,8.625908571000939e-05,1
118,1774313828269,-1.5105257139999897e-05,-5.10342857100004e-06,8.625908571000939e-05,1
119,1774313828273,-1.5105257139999897e-05,-5.10342857100004e-06,0.00034755908571002924,1
120,1774313828275,4.394742860000522e-06,6.899657142899997e-05,0.00034755908571002924,1
121,1774313828278,4.394742860000522e-06,6.899657142899997e-05,0.00034755908571002924,1
122,1774313828280,4.394742860000522e-06,6.899657142899997e-05,0.0005347590857099722,1
123,1774313828283,8.294742859999912e-06,4.9496571428999986e-05,0.0005347590857099722,1
124,1774313828285,8.294742859999912e-06,4.9496571428999986e-05,0.0005347590857099722,1
0,1774313828299,-1.1205257139998773e-05,8.459657142899997e-05,0.00023835908570999775,1
1,1774313828301,-1.1205257139998773e-05,8.459657142899997e-05,0.00023835908570999775,1
2,1774313828304,-1.1205257139998773e-05,8.459657142899997e-05,0.00023835908570999775,1
3,1774313828335,8.294742859999912e-06,-5.10342857100004e-06,0.00014475908570997075,1
4,1774313828337,-5.4105257139999e-05,7.289657142899996e-05,0.0003241590857100225,1
5,1774313828355,-5.4105257139999e-05,7.289657142899996e-05,0.0003241590857100225,1
6,1774313828391,-7.305257139999383e-06,0.00013529657142899996,0.00030075908571001574,1
7,1774313828394,-5.4105257139999e-05,4.169657142899996e-05,0.0002188590857099366,1
8,1774313828396,-5.4105257139999e-05,4.169657142899996e-05,0.0002188590857099366,1
9,1774313828399,-5.4105257139999e-05,4.169657142899996e-05,0.0002188590857099366,1
10,1774313828401,-0.00010480525713999975,4.5596571429e-05,0.0002968590857099591,1
11,1774313828403,-0.00010480525713999975,4.5596571429e-05,0.0002968590857099591,1
12,1774313828406,-0.00010480525713999975,4.5596571429e-05,0.0002968590857099591,1
13,1774313828408,-0.00010480525713999975,4.5596571429e-05,0.0005347590857099722,1
14,1774313828410,-0.00013210525713999895,-3.630342857100004e-05,0.0005347590857099722,1
15,1774313828413,-0.00013210525713999895,-3.630342857100004e-05,0.0005347590857099722,1
16,1774313828415,-0.00013210525713999895,-3.630342857100004e-05,0.0005347590857099722,1
17,1774313828417,-9.310525713999984e-05,0.000252296571429,0.00022665908570993886,1
18,1774313828420,-9.310525713999984e-05,0.000252296571429,0.00022665908570993886,1
19,1774313828422,-9.310525713999984e-05,0.000252296571429,0.00022665908570993886,1
20,1774313828424,5.509474286000127e-05,-5.10342857100004e-06,0.0002617590857100045,1
21,1774313828427,5.509474286000127e-05,-5.10342857100004e-06,0.0002617590857100045,1
22,1774313828429,5.509474286000127e-05,-5.10342857100004e-06,0.0002617590857100045,1
23,1774313828432,5.509474286000127e-05,-5.10342857100004e-06,0.0002617590857100045,1
24,1774313828434,-3.4052571399999926e-06,-2.070342857100004e-05,0.0002812590857099546,1
25,1774313828436,-3.4052571399999926e-06,-2.070342857100004e-05,0.0002812590857099546,1
26,1774313828439,-3.4052571399999926e-06,-2.070342857100004e-05,0.0002812590857099546,1
27,1774313828441,-8.140525713999994e-05,-1.203428571000054e-06,0.00033195908571002474,1
28,1774313828443,-8.140525713999994e-05,-1.203428571000054e-06,0.00033195908571002474,1
29,1774313828446,-8.140525713999994e-05,-1.203428571000054e-06,0.00033195908571002474,1
30,1774313828448,-8.140525713999994e-05,-0.00010260342857100003,0.00030465908570996136,1
31,1774313828450,-0.00012820525713999956,-0.00010260342857100003,0.00030465908570996136,1
32,1774313828453,-0.00012820525713999956,-0.00010260342857100003,0.00030465908570996136,1
33,1774313828455,-0.00012820525713999956,-0.00010260342857100003,0.00030465908570996136,1
34,1774313828458,-2.6805257139999802e-05,0.00013139657142899997,1.9959085709934758e-05,1
35,1774313828460,-2.6805257139999802e-05,0.00013139657142899997,1.9959085709934758e-05,1
36,1774313828462,-2.6805257139999802e-05,0.00013139657142899997,1.9959085709934758e-05,1
37,1774313828465,6.679474286000117e-05,-7.9203428571e-05,-4.634091429002885e-05,1
38,1774313828467,6.679474286000117e-05,-7.9203428571e-05,-4.634091429002885e-05,1
39,1774313828469,6.679474286000117e-05,-7.9203428571e-05,-4.634091429002885e-05,1
40,1774313828472,6.679474286000117e-05,-7.9203428571e-05,-7.340914290017604e-06,1
41,1774313828474,-9.700525713999923e-05,1.4396571429e-05,-7.340914290017604e-06,1
42,1774313828480,-0.00019840525713999899,5.339657142899997e-05,0.00024615908571,1
43,1774313828483,-0.00019840525713999899,5.339657142899997e-05,0.00024615908571,1
44,1774313828485,-0.00019840525713999899,5.339657142899997e-05,0.00024615908571,1
45,1774313828487,-0.00019840525713999899,5.339657142899997e-05,0.00024615908571,1
46,1774313828490,-6.970525714000003e-05,-0.00011430342857100004,0.0004099590857099362,1
47,1774313828492,-6.970525714000003e-05,-0.00011430342857100004,0.0004099590857099362,1
48,1774313828495,-6.970525714000003e-05,-0.00011430342857100004,0.0004099590857099362,1
49,1774313828497,6.289474286000005e-05,-0.00010650342857100001,0.0002500590857099456,1
50,1774313828499,6.289474286000005e-05,-0.00010650342857100001,0.0002500590857099456,1
51,1774313828502,6.289474286000005e-05,-0.00010650342857100001,0.0002500590857099456,1
52,1774313828504,-3.460525713999858e-05,-9.090342857100001e-05,0.00026955908571000674,1
53,1774313828507,-3.460525713999858e-05,-9.090342857100001e-05,0.00026955908571000674,1
54,1774313828509,-3.460525713999858e-05,-9.090342857100001e-05,0.00026955908571000674,1
55,1774313828511,-3.460525713999858e-05,-9.090342857100001e-05,0.00026955908571000674,1
56,1774313828514,-0.00017500525713999918,6.899657142899997e-05,0.00027345908570995236,1
57,1774313828516,-0.00017500525713999918,6.899657142899997e-05,0.00027345908570995236,1
58,1774313828518,-0.00017500525713999918,6.899657142899997e-05,0.00027345908570995236,1
59,1774313828521,-8.920525713999872e-05,-5.10342857100004e-06,0.00019155908570998425,1
60,1774313828523,-8.920525713999872e-05,-5.10342857100004e-06,0.00019155908570998425,1
61,1774313828525,-8.920525713999872e-05,-5.10342857100004e-06,0.00019155908570998425,1
62,1774313828528,-8.920525713999872e-05,1.049657142899996e-05,0.0004723590857099542,1
63,1774313828530,-6.580525713999891e-05,1.049657142899996e-05,0.0004723590857099542,1
64,1774313828533,-6.580525713999891e-05,1.049657142899996e-05,0.0004723590857099542,1
65,1774313828535,-6.580525713999891e-05,1.049657142899996e-05,0.0004723590857099542,1
66,1774313828537,3.559474286000085e-05,7.289657142899996e-05,0.00010965908571001614,1
67,1774313828540,3.559474286000085e-05,7.289657142899996e-05,0.00010965908571001614,1
68,1774313828542,3.559474286000085e-05,7.289657142899996e-05,0.00010965908571001614,1
69,1774313828545,4.729474286000075e-05,5.339657142899997e-05,0.00034755908571002924,1
70,1774313828547,4.729474286000075e-05,5.339657142899997e-05,0.00034755908571002924,1
71,1774313828549,4.729474286000075e-05,5.339657142899997e-05,0.00034755908571002924,1
72,1774313828552,4.729474286000075e-05,0.00018989657142899998,7.065908571000489e-05,1
73,1774313828554,8.239474286000047e-05,0.00018989657142899998,7.065908571000489e-05,1
74,1774313828556,8.239474286000047e-05,0.00018989657142899998,7.065908571000489e-05,1
75,1774313828559,8.239474286000047e-05,0.00018989657142899998,7.065908571000489e-05,1
76,1774313828561,-6.190525713999952e-05,0.00010409657142899996,1.9959085709934758e-05,1
77,1774313828564,-6.190525713999952e-05,0.00010409657142899996,1.9959085709934758e-05,1
78,1774313828566,-6.190525713999952e-05,0.00010409657142899996,1.9959085709934758e-05,1
79,1774313828568,-5.800525714000013e-05,-3.630342857100004e-05,0.00047625908571001085,1
80,1774313828571,-5.800525714000013e-05,-3.630342857100004e-05,0.00047625908571001085,1
81,1774313828573,-5.800525714000013e-05,-3.630342857100004e-05,0.00047625908571001085,1
82,1774313828575,-5.800525714000013e-05,-3.630342857100004e-05,0.00028905908570995686,1
83,1774313828578,-3.850525713999971e-05,1.049657142899996e-05,0.00028905908570995686,1
84,1774313828580,-3.850525713999971e-05,1.049657142899996e-05,0.00028905908570995686,1
85,1774313828583,-3.850525713999971e-05,1.049657142899996e-05,0.00028905908570995686,1
86,1774313828585,-0.00013210525713999895,1.049657142899996e-05,4.335908570994151e-05,1
87,1774313828587,-0.00013210525713999895,1.049657142899996e-05,4.335908570994151e-05,1
88,1774313828590,-0.00013210525713999895,1.049657142899996e-05,4.335908570994151e-05,1
89,1774313828592,-1.9005257139999288e-05,-7.140342857100003e-05,0.00038265908570998385,1
90,1774313828594,-1.9005257139999288e-05,-7.140342857100003e-05,0.00038265908570998385,1
91,1774313828597,-1.9005257139999288e-05,-7.140342857100003e-05,0.00038265908570998385,1
92,1774313828599,-1.9005257139999288e-05,-7.140342857100003e-05,0.00038265908570998385,1
93,1774313828601,4.729474286000075e-05,-0.00010260342857100003,0.00023835908570999775,1
94,1774313828604,4.729474286000075e-05,-0.00010260342857100003,0.00023835908570999775,1
95,1774313828606,4.729474286000075e-05,-0.00010260342857100003,0.00023835908570999775,1
96,1774313828609,-0.00010480525713999975,5.729657142899996e-05,0.00010185908571001389,1
97,1774313828611,-0.00010480525713999975,5.729657142899996e-05,0.00010185908571001389,1
98,1774313828613,-0.00010480525713999975,5.729657142899996e-05,0.00010185908571001389,1
99,1774313828616,-2.6805257139999802e-05,6.899657142899997e-05,1.6059085709989145e-05,1
100,1774313828618,-2.6805257139999802e-05,6.899657142899997e-05,1.6059085709989145e-05,1
101,1774313828620,-2.6805257139999802e-05,6.899657142899997e-05,1.6059085709989145e-05,1
102,1774313828623,-2.6805257139999802e-05,6.899657142899997e-05,1.6059085709989145e-05,1
103,1774313828625,-0.00010090525713999862,-7.530342857100001e-05,0.00016035908570997525,1
104,1774313828628,-0.00010090525713999862,-7.530342857100001e-05,0.00016035908570997525,1
105,1774313828630,-0.00010090525713999862,-7.530342857100001e-05,0.00016035908570997525,1
106,1774313828632,-7.305257139999383e-06,-6.360342857100005e-05,0.0002188590857099366,1
107,1774313828635,-7.305257139999383e-06,-6.360342857100005e-05,0.0002188590857099366,1
108,1774313828637,-7.305257139999383e-06,-6.360342857100005e-05,0.0002188590857099366,1
109,1774313828640,-7.305257139999383e-06,0.00019379657142900002,0.00030465908570996136,1
110,1774313828642,1.2194742860001037e-05,0.00019379657142900002,0.00030465908570996136,1
111,1774313828644,1.2194742860001037e-05,0.00019379657142900002,0.00030465908570996136,1
112,1774313828647,1.2194742860001037e-05,0.00019379657142900002,0.00030465908570996136,1
113,1774313828649,-0.00013990525713999946,8.849657142899996e-05,0.00022275908570999325,1
114,1774313828651,-0.00013990525713999946,8.849657142899996e-05,0.00022275908570999325,1
115,1774313828654,-0.00013990525713999946,8.849657142899996e-05,0.00022275908570999325,1
116,1774313828656,-5.4105257139999e-05,6.596571428999973e-06,0.0003748590857099816,1
117,1774313828658,-5.4105257139999e-05,6.596571428999973e-06,0.0003748590857099816,1
118,1774313828661,-5.4105257139999e-05,6.596571428999973e-06,0.0003748590857099816,1
119,1774313828663,-5.4105257139999e-05,6.509657142899999e-05,0.0007180590857099696,1
120,1774313828666,-9.310525713999984e-05,6.509657142899999e-05,0.0007180590857099696,1
121,1774313828668,-9.310525713999984e-05,6.509657142899999e-05,0.0007180590857099696,1
122,1774313828670,-9.310525713999984e-05,6.509657142899999e-05,0.0007180590857099696,1
123,1774313828673,-2.6805257139999802e-05,8.459657142899997e-05,0.0002812590857099546,1
124,1774313828675,-2.6805257139999802e-05,8.459657142899997e-05,0.0002812590857099546,1
0,1774313828688,-0.00014380525713999885,-9.003428571000027e-06,0.0001330590857100229,1
1,1774313828691,-0.00014380525713999885,-9.003428571000027e-06,0.0001330590857100229,1
2,1774313828693,-0.00014380525713999885,-9.003428571000027e-06,0.0001330590857100229,1
3,1774313828696,-8.140525713999994e-05,4.169657142899996e-05,-0.00010484091428999021,1
4,1774313828698,-8.140525713999994e-05,4.169657142899996e-05,-0.00010484091428999021,1
5,1774313828700,-8.140525713999994e-05,4.169657142899996e-05,-0.00010484091428999021,1
6,1774313828703,-8.140525713999994e-05,4.169657142899996e-05,-0.00010484091428999021,1
7,1774313828705,-5.020525713999961e-05,4.169657142899996e-05,-2.6840914289967717e-05,1
8,1774313828707,-5.020525713999961e-05,4.169657142899996e-05,-2.6840914289967717e-05,1
9,1774313828710,-5.020525713999961e-05,4.169657142899996e-05,-2.6840914289967717e-05,1
10,1774313828749,-0.00016330525713999927,8.459657142899997e-05,0.00031635908571002024,1
11,1774313828751,-0.00014770525713999998,-9.870342857100004e-05,0.00028515908571001124,1
12,1774313828771,-0.00014770525713999998,-9.870342857100004e-05,0.00028515908571001124,1
13,1774313828799,-1.1205257139998773e-05,-1.6803428571e-05,0.0001057590857099595,1
14,1774313828816,-0.0001828052571399997,8.849657142899996e-05,0.0002305590857099955,1
15,1774313828818,-0.0001828052571399997,8.849657142899996e-05,0.0002305590857099955,1
16,1774313828820,-0.0001828052571399997,8.849657142899996e-05,0.0002305590857099955,1
17,1774313828823,-0.0001828052571399997,6.596571428999973e-06,0.0003592590857099771,1
18,1774313828825,-2.6805257139999802e-05,6.596571428999973e-06,0.0003592590857099771,1
19,1774313828827,-2.6805257139999802e-05,6.596571428999973e-06,0.0003592590857099771,1
20,1774313828830,-2.6805257139999802e-05,6.596571428999973e-06,0.0003592590857099771,1
21,1774313828832,-6.970525714000003e-05,-2.8503428571000013e-05,0.00033585908570997035,1
22,1774313828835,-6.970525714000003e-05,-2.8503428571000013e-05,0.00033585908570997035,1
23,1774313828837,-6.970525714000003e-05,-2.8503428571000013e-05,0.00033585908570997035,1
24,1774313828839,-0.0001945052571399996,2.6965714289999866e-06,0.0002032590857099321,1
25,1774313828842,-0.0001945052571399996,2.6965714289999866e-06,0.0002032590857099321,1
26,1774313828844,-0.0001945052571399996,2.6965714289999866e-06,0.0002032590857099321,1
27,1774313828846,-0.0001945052571399996,2.6965714289999866e-06,0.00026955908571000674,1
28,1774313828849,-0.00012430525714000017,8.459657142899997e-05,0.00026955908571000674,1
29,1774313828851,-0.00012430525714000017,8.459657142899997e-05,0.00026955908571000674,1
30,1774313828854,-0.00012430525714000017,8.459657142899997e-05,0.00026955908571000674,1
31,1774313828856,-3.4052571399999926e-06,5.339657142899997e-05,1.2159085709932509e-05,1
32,1774313828858,-3.4052571399999926e-06,5.339657142899997e-05,1.2159085709932509e-05,1
33,1774313828861,-3.4052571399999926e-06,5.339657142899997e-05,1.2159085709932509e-05,1
34,1774313828863,0.00011749474286000018,0.00011189657142899998,-7.340914290017604e-06,1
35,1774313828866,0.00011749474286000018,0.00011189657142899998,-7.340914290017604e-06,1
36,1774313828868,0.00011749474286000018,0.00011189657142899998,-7.340914290017604e-06,1
37,1774313828870,0.00011749474286000018,0.00011189657142899998,5.8959085709946006e-05,1
38,1774313828873,4.729474286000075e-05,-5.190342857100004e-05,5.8959085709946006e-05,1
39,1774313828875,4.729474286000075e-05,-5.190342857100004e-05,5.8959085709946006e-05,1
40,1774313828877,4.729474286000075e-05,-5.190342857100004e-05,5.8959085709946006e-05,1
41,1774313828880,-0.00016720525713999866,-9.003428571000027e-06,0.0003436590857099726,1
42,1774313828882,-0.00016720525713999866,-9.003428571000027e-06,0.0003436590857099726,1
43,1774313828885,-0.00016720525713999866,-9.003428571000027e-06,0.0003436590857099726,1
44,1774313828887,-4.24052571399991e-05,-3.2403428571000053e-05,0.0002812590857099546,1
45,1774313828889,-4.24052571399991e-05,-3.2403428571000053e-05,0.0002812590857099546,1
46,1774313828892,-4.24052571399991e-05,-3.2403428571000053e-05,0.0002812590857099546,1
47,1774313828894,-4.24052571399991e-05,-3.2403428571000053e-05,0.0002812590857099546,1
48,1774313828896,7.069474286000056e-05,-0.00010650342857100001,-6.194091429003335e-05,1
49,1774313828899,7.069474286000056e-05,-0.00010650342857100001,-6.194091429003335e-05,1
50,1774313828901,7.069474286000056e-05,-0.00010650342857100001,-6.194091429003335e-05,1
51,1774313828904,-0.0001906052571400002,1.049657142899996e-05,0.00011355908570996175,1
52,1774313828906,-0.0001906052571400002,1.049657142899996e-05,0.00011355908570996175,1
53,1774313828908,-0.0001906052571400002,1.049657142899996e-05,0.00011355908570996175,1
54,1774313828911,-2.2905257139998678e-05,0.00024059657142899997,0.00023835908570999775,1
55,1774313828913,-2.2905257139998678e-05,0.00024059657142899997,0.00023835908570999775,1
56,1774313828915,-2.2905257139998678e-05,0.00024059657142899997,0.00023835908570999775,1
57,1774313828918,-2.2905257139998678e-05,0.00024059657142899997,0.00023835908570999775,1
58,1774313828920,-7.360525713999942e-05,1.049657142899996e-05,9.795908570995725e-05,1
59,1774313828923,-7.360525713999942e-05,1.049657142899996e-05,9.795908570995725e-05,1
60,1774313828925,-7.360525713999942e-05,1.049657142899996e-05,9.795908570995725e-05,1
61,1774313828927,-0.00016330525713999927,1.4396571429e-05,0.00044895908570994746,1
62,1774313828930,-0.00016330525713999927,1.4396571429e-05,0.00044895908570994746,1
63,1774313828932,-0.00016330525713999927,1.4396571429e-05,0.00044895908570994746,1
64,1774313828934,-0.00016330525713999927,0.000244496571429,0.000214959085709991,1
65,1774313828937,-0.00010090525713999862,0.000244496571429,0.000214959085709991,1
66,1774313828939,-0.00010090525713999862,0.000244496571429,0.000214959085709991,1
67,1774313828942,-0.00010090525713999862,0.000244496571429,0.000214959085709991,1
68,1774313828944,3.169474285999972e-05,0.000232796571429,0.0001681590857099775,1
69,1774313828946,3.169474285999972e-05,0.000232796571429,0.0001681590857099775,1
70,1774313828949,3.169474285999972e-05,0.000232796571429,0.0001681590857099775,1
71,1774313828951,-0.00013600525714000007,0.00012749657142899998,-8.144091428998346e-05,1
72,1774313828954,-0.00013600525714000007,0.00012749657142899998,-8.144091428998346e-05,1
73,1774313828956,-0.00013600525714000007,0.00012749657142899998,-8.144091428998346e-05,1
74,1774313828959,1.6094742860000427e-05,4.169657142899996e-05,0.00017595908570997975,1
75,1774313828961,1.6094742860000427e-05,4.169657142899996e-05,0.00017595908570997975,1
76,1774313828963,1.6094742860000427e-05,4.169657142899996e-05,0.00017595908570997975,1
77,1774313828966,1.6094742860000427e-05,4.169657142899996e-05,0.00017595908570997975,1
78,1774313828968,-0.00025690525714000025,-8.310342857100004e-05,0.0003748590857099816,1
79,1774313828970,-0.00025690525714000025,-8.310342857100004e-05,0.0003748590857099816,1
80,1774313828973,-0.00025690525714000025,-8.310342857100004e-05,0.0003748590857099816,1
81,1774313828975,-8.920525713999872e-05,-7.9203428571e-05,0.0005542590857100333,1
82,1774313828978,-8.920525713999872e-05,-7.9203428571e-05,0.0005542590857100333,1
83,1774313828980,-8.920525713999872e-05,-7.9203428571e-05,0.0005542590857100333,1
84,1774313828982,4.394742860000522e-06,1.4396571429e-05,0.00041775908570993846,1
85,1774313828985,4.394742860000522e-06,1.4396571429e-05,0.00041775908570993846,1
86,1774313828987,4.394742860000522e-06,1.4396571429e-05,0.00041775908570993846,1
87,1774313828989,4.394742860000522e-06,1.4396571429e-05,0.00041775908570993846,1
88,1774313828992,-2.6805257139999802e-05,-3.630342857100004e-05,0.0001681590857099775,1
89,1774313828994,-2.6805257139999802e-05,-3.630342857100004e-05,0.0001681590857099775,1
90,1774313828997,-2.6805257139999802e-05,-3.630342857100004e-05,0.0001681590857099775,1
91,1774313828999,8.294742859999912e-06,-4.8003428571e-05,0.00014085908571002514,1
92,1774313829001,8.294742859999912e-06,-4.8003428571e-05,0.00014085908571002514,1
93,1774313829004,8.294742859999912e-06,-4.8003428571e-05,0.00014085908571002514,1
94,1774313829006,8.294742859999912e-06,-4.0203428571000026e-05,0.000121359085709964,1
95,1774313829008,1.9994742859999817e-05,-4.0203428571000026e-05,0.000121359085709964,1
96,1774313829011,1.9994742859999817e-05,-4.0203428571000026e-05,0.000121359085709964,1
97,1774313829013,1.9994742859999817e-05,-4.0203428571000026e-05,0.000121359085709964,1
98,1774313829016,8.239474286000047e-05,3.3896571428999986e-05,0.00019545908570992986,1
99,1774313829018,8.239474286000047e-05,3.3896571428999986e-05,0.00019545908570992986,1
100,1774313829020,8.239474286000047e-05,3.3896571428999986e-05,0.00019545908570992986,1
101,1774313829023,8.239474286000047e-05,6.119657142899994e-05,0.00017595908570997975,1
102,1774313829025,8.239474286000047e-05,6.119657142899994e-05,0.00017595908570997975,1
103,1774313829027,8.239474286000047e-05,6.119657142899994e-05,0.00017595908570997975,1
104,1774313829030,8.239474286000047e-05,6.119657142899994e-05,5.8959085709946006e-05,1
105,1774313829032,6.679474286000117e-05,3.779657142899997e-05,5.8959085709946006e-05,1
106,1774313829035,6.679474286000117e-05,3.779657142899997e-05,5.8959085709946006e-05,1
107,1774313829037,6.679474286000117e-05,3.779657142899997e-05,5.8959085709946006e-05,1
108,1774313829039,4.394742860000522e-06,2.609657142899996e-05,2.3859085709991394e-05,1
109,1774313829042,4.394742860000522e-06,2.609657142899996e-05,2.3859085709991394e-05,1
110,1774313829044,4.394742860000522e-06,2.609657142899996e-05,2.3859085709991394e-05,1
111,1774313829047,-7.305257139999383e-06,5.339657142899997e-05,0.0002344590857099411,1
112,1774313829049,-7.305257139999383e-06,5.339657142899997e-05,0.0002344590857099411,1
113,1774313829051,-7.305257139999383e-06,5.339657142899997e-05,0.0002344590857099411,1
114,1774313829054,-7.305257139999383e-06,5.339657142899997e-05,0.0004255590857099407,1
115,1774313829056,-6.190525713999952e-05,-5.970342857100001e-05,0.0004255590857099407,1
116,1774313829058,-6.190525713999952e-05,-5.970342857100001e-05,0.0004255590857099407,1
117,1774313829061,-6.190525713999952e-05,-5.970342857100001e-05,0.0004255590857099407,1
118,1774313829063,-0.00016720525713999866,-7.530342857100001e-05,0.00019155908570998425,1
119,1774313829066,-0.00016720525713999866,-7.530342857100001e-05,0.00019155908570998425,1
120,1774313829068,-0.00016720525713999866,-7.530342857100001e-05,0.00019155908570998425,1
121,1774313829070,-5.4105257139999e-05,9.629657142899998e-05,0.00027345908570995236,1
122,1774313829073,-5.4105257139999e-05,9.629657142899998e-05,0.00027345908570995236,1
123,1774313829075,-5.4105257139999e-05,9.629657142899998e-05,0.00027345908570995236,1
124,1774313829077,-5.4105257139999e-05,9.629657142899998e-05,0.00027345908570995236,1
0,1774313829130,4.339474286000136e-05,9.239657142899994e-05,0.00043335908570994296,1
1,1774313829161,-1.9005257139999288e-05,3.3896571428999986e-05,-9.704091428998796e-05,1
2,1774313829184,-0.00016330525713999927,0.00012359657142899994,0.000121359085709964,1
3,1774313829186,-0.00016330525713999927,0.00012359657142899994,0.000121359085709964,1
4,1774313829188,-0.00016330525713999927,0.00012359657142899994,0.000121359085709964,1
5,1774313829191,-0.0002296052571399993,-9.003428571000027e-06,9.795908570995725e-05,1
6,1774313829193,-0.0002296052571399993,-9.003428571000027e-06,9.795908570995725e-05,1
7,1774313829196,-0.0002296052571399993,-9.003428571000027e-06,9.795908570995725e-05,1
8,1774313829198,-9.700525713999923e-05,-7.140342857100003e-05,0.00041775908570993846,1
9,1774313829200,-9.700525713999923e-05,-7.140342857100003e-05,0.00041775908570993846,1
10,1774313829203,-9.700525713999923e-05,-7.140342857100003e-05,0.00041775908570993846,1
11,1774313829205,-9.700525713999923e-05,-7.140342857100003e-05,0.00017985908571003639,1
12,1774313829207,-0.00011260525714000026,1.8296571428999986e-05,0.00017985908571003639,1
13,1774313829210,-0.00011260525714000026,1.8296571428999986e-05,0.00017985908571003639,1
14,1774313829212,-0.00011260525714000026,1.8296571428999986e-05,0.00017985908571003639,1
15,1774313829215,-0.00019840525713999899,8.069657142899999e-05,0.0003553590857100315,1
16,1774313829217,-0.00019840525713999899,8.069657142899999e-05,0.0003553590857100315,1
17,1774313829219,-0.00019840525713999899,8.069657142899999e-05,0.0003553590857100315,1
18,1774313829222,-0.00015940525713999988,-5.5803428571000026e-05,0.0002968590857099591,1
19,1774313829224,-0.00015940525713999988,-5.5803428571000026e-05,0.0002968590857099591,1
20,1774313829226,-0.00015940525713999988,-5.5803428571000026e-05,0.0002968590857099591,1
21,1774313829229,-0.00015940525713999988,-5.5803428571000026e-05,0.0002968590857099591,1
22,1774313829231,-4.24052571399991e-05,2.609657142899996e-05,0.00019545908570992986,1
23,1774313829234,-4.24052571399991e-05,2.609657142899996e-05,0.00019545908570992986,1
24,1774313829236,-4.24052571399991e-05,2.609657142899996e-05,0.00019545908570992986,1
25,1774313829238,5.509474286000127e-05,6.596571428999973e-06,3.1659085709993644e-05,1
26,1774313829241,5.509474286000127e-05,6.596571428999973e-06,3.1659085709993644e-05,1
27,1774313829243,5.509474286000127e-05,6.596571428999973e-06,3.1659085709993644e-05,1
28,1774313829245,-1.9005257139999288e-05,0.00010019657142899997,0.000183759085709982,1
29,1774313829248,-1.9005257139999288e-05,0.00010019657142899997,0.000183759085709982,1
30,1774313829250,-1.9005257139999288e-05,0.00010019657142899997,0.000183759085709982,1
31,1774313829253,-1.9005257139999288e-05,0.00010019657142899997,0.000183759085709982,1
32,1774313829255,-5.4105257139999e-05,0.000201596571429,8.259085709986895e-06,1
33,1774313829257,-5.4105257139999e-05,0.000201596571429,8.259085709986895e-06,1
34,1774313829260,-5.4105257139999e-05,0.000201596571429,8.259085709986895e-06,1
35,1774313829262,3.169474285999972e-05,0.00016649657142899996,0.00012525908571002064,1
36,1774313829264,3.169474285999972e-05,0.00016649657142899996,0.00012525908571002064,1
37,1774313829267,3.169474285999972e-05,0.00016649657142899996,0.00012525908571002064,1
38,1774313829269,3.169474285999972e-05,5.729657142899996e-05,0.00017205908571003414,1
39,1774313829272,1.9994742859999817e-05,5.729657142899996e-05,0.00017205908571003414,1
40,1774313829274,1.9994742859999817e-05,5.729657142899996e-05,0.00017205908571003414,1
41,1774313829276,1.9994742859999817e-05,5.729657142899996e-05,0.00017205908571003414,1
42,1774313829282,-0.00010090525713999862,8.459657142899997e-05,0.0002344590857099411,1
43,1774313829285,-0.00010090525713999862,8.459657142899997e-05,0.0002344590857099411,1
44,1774313829287,-0.00014770525713999998,8.459657142899997e-05,3.945908570999589e-05,1
45,1774313829290,-0.00014770525713999998,8.459657142899997e-05,3.945908570999589e-05,1
46,1774313829292,-0.00014770525713999998,8.459657142899997e-05,3.945908570999589e-05,1
47,1774313829295,-7.750525713999881e-05,-8.310342857100004e-05,0.0002305590857099955,1
48,1774313829297,-7.750525713999881e-05,-8.310342857100004e-05,0.0002305590857099955,1
49,1774313829300,-7.750525713999881e-05,-8.310342857100004e-05,0.0002305590857099955,1
50,1774313829302,-0.00017500525713999918,-1.2903428571000013e-05,5.505908571000039e-05,1
51,1774313829304,-0.00017500525713999918,-1.2903428571000013e-05,5.505908571000039e-05,1
52,1774313829307,-0.00017500525713999918,-1.2903428571000013e-05,5.505908571000039e-05,1
53,1774313829309,-0.00017500525713999918,0.00010019657142899997,0.0001642590857100319,1
54,1774313829311,-0.00024910525713999973,0.00010019657142899997,0.0001642590857100319,1
55,1774313829314,-0.00024910525713999973,0.00010019657142899997,0.0001642590857100319,1
56,1774313829316,-0.00024910525713999973,0.00010019657142899997,0.0001642590857100319,1
57,1774313829319,8.294742859999912e-06,-4.8003428571e-05,0.00033195908571002474,1
58,1774313829321,8.294742859999912e-06,-4.8003428571e-05,0.00033195908571002474,1
59,1774313829323,8.294742859999912e-06,-4.8003428571e-05,0.00033195908571002474,1
60,1774313829326,-0.0001828052571399997,0.00019379657142900002,0.0003592590857099771,1
61,1774313829328,-0.0001828052571399997,0.00019379657142900002,0.0003592590857099771,1
62,1774313829330,-0.0001828052571399997,0.00019379657142900002,0.0003592590857099771,1
63,1774313829333,-0.0001828052571399997,0.00019379657142900002,0.0002617590857100045,1
64,1774313829335,-8.530525713999933e-05,0.00012359657142899994,0.0002617590857100045,1
65,1774313829338,-8.530525713999933e-05,0.00012359657142899994,0.0002617590857100045,1
66,1774313829340,-8.530525713999933e-05,0.00012359657142899994,0.0002617590857100045,1
67,1774313829342,-0.00012040525713999904,0.00010019657142899997,0.000152559085709973,1
68,1774313829345,-0.00012040525713999904,0.00010019657142899997,0.000152559085709973,1
69,1774313829347,-0.00012040525713999904,0.00010019657142899997,0.000152559085709973,1
70,1774313829349,-0.00012040525713999904,6.119657142899994e-05,0.000121359085709964,1
71,1774313829352,-0.00012040525713999904,6.119657142899994e-05,0.000121359085709964,1
72,1774313829354,-0.00012040525713999904,6.119657142899994e-05,0.000121359085709964,1
73,1774313829357,-0.00012040525713999904,6.119657142899994e-05,0.0001369590857099685,1
74,1774313829359,-0.00011650525713999965,-7.530342857100001e-05,0.0001369590857099685,1
75,1774313829361,-0.00011650525713999965,-7.530342857100001e-05,0.0001369590857099685,1
76,1774313829364,-0.00011650525713999965,-7.530342857100001e-05,0.0001369590857099685,1
77,1774313829366,-1.9005257139999288e-05,6.119657142899994e-05,0.0003436590857099726,1
78,1774313829368,-1.9005257139999288e-05,6.119657142899994e-05,0.0003436590857099726,1
79,1774313829371,-1.9005257139999288e-05,6.119657142899994e-05,0.0003436590857099726,1
80,1774313829373,0.0001486947428600005,-2.8503428571000013e-05,0.00024615908571,1
81,1774313829376,0.0001486947428600005,-2.8503428571000013e-05,0.00024615908571,1
82,1774313829378,0.0001486947428600005,-2.8503428571000013e-05,0.00024615908571,1
83,1774313829380,0.0001486947428600005,-2.8503428571000013e-05,0.00024615908571,1
84,1774313829383,-0.0002101052571399989,-7.9203428571e-05,0.00011355908570996175,1
85,1774313829385,-0.0002101052571399989,-7.9203428571e-05,0.00011355908570996175,1
86,1774313829387,-0.0002101052571399989,-7.9203428571e-05,0.00011355908570996175,1
87,1774313829390,-0.0001828052571399997,2.6965714289999866e-06,0.000152559085709973,1
88,1774313829392,-0.0001828052571399997,2.6965714289999866e-06,0.000152559085709973,1
89,1774313829395,-0.0001828052571399997,2.6965714289999866e-06,0.000152559085709973,1
90,1774313829397,-5.020525713999961e-05,6.509657142899999e-05,0.00031635908571002024,1
91,1774313829399,-5.020525713999961e-05,6.509657142899999e-05,0.00031635908571002024,1
92,1774313829402,-5.020525713999961e-05,6.509657142899999e-05,0.00031635908571002024,1
93,1774313829404,-5.020525713999961e-05,6.509657142899999e-05,0.00031635908571002024,1
94,1774313829407,3.169474285999972e-05,-8.700342857100003e-05,0.00014475908570997075,1
95,1774313829409,3.169474285999972e-05,-8.700342857100003e-05,0.00014475908570997075,1
96,1774313829411,3.169474285999972e-05,-8.700342857100003e-05,0.00014475908570997075,1
97,1774313829414,-7.750525713999881e-05,3.779657142899997e-05,0.00022275908570999325,1
98,1774313829416,-7.750525713999881e-05,3.779657142899997e-05,0.00022275908570999325,1
99,1774313829418,-7.750525713999881e-05,3.779657142899997e-05,0.00022275908570999325,1
100,1774313829421,-7.750525713999881e-05,-7.530342857100001e-05,0.0002968590857099591,1
101,1774313829423,-0.00013600525714000007,-7.530342857100001e-05,0.0002968590857099591,1
102,1774313829426,-0.00013600525714000007,-7.530342857100001e-05,0.0002968590857099591,1
103,1774313829428,-0.00013600525714000007,-7.530342857100001e-05,0.0002968590857099591,1
104,1774313829430,5.119474286000014e-05,-2.4603428571000026e-05,6.675908570994826e-05,1
105,1774313829433,5.119474286000014e-05,-2.4603428571000026e-05,6.675908570994826e-05,1
106,1774313829435,5.119474286000014e-05,-2.4603428571000026e-05,6.675908570994826e-05,1
107,1774313829437,-7.305257139999383e-06,6.119657142899994e-05,5.1159085709943757e-05,1
108,1774313829440,-7.305257139999383e-06,6.119657142899994e-05,5.1159085709943757e-05,1
109,1774313829442,-7.305257139999383e-06,6.119657142899994e-05,5.1159085709943757e-05,1
110,1774313829445,-7.305257139999383e-06,4.5596571429e-05,0.00015645908571002964,1
111,1774313829447,1.6094742860000427e-05,4.5596571429e-05,0.00015645908571002964,1
112,1774313829449,1.6094742860000427e-05,4.5596571429e-05,0.00015645908571002964,1
113,1774313829452,1.6094742860000427e-05,4.5596571429e-05,0.00015645908571002964,1
114,1774313829454,-0.00011650525713999965,0.000107996571429,0.00030075908571001574,1
115,1774313829456,-0.00011650525713999965,0.000107996571429,0.00030075908571001574,1
116,1774313829459,-0.00011650525713999965,0.000107996571429,0.00030075908571001574,1
117,1774313829461,-0.00013600525714000007,6.596571428999973e-06,0.00033195908571002474,1
118,1774313829464,-0.00013600525714000007,6.596571428999973e-06,0.00033195908571002474,1
119,1774313829466,-0.00013600525714000007,6.596571428999973e-06,0.00033195908571002474,1
120,1774313829468,-0.00013600525714000007,6.596571428999973e-06,0.00011745908571001839,1
121,1774313829471,-0.00012040525713999904,8.459657142899997e-05,0.00011745908571001839,1
122,1774313829473,-0.00012040525713999904,8.459657142899997e-05,0.00011745908571001839,1
123,1774313829475,-0.00012040525713999904,8.459657142899997e-05,0.00011745908571001839,1
124,1774313829478,-0.0002335052571399987,4.169657142899996e-05,0.00022665908570993886,1
0,1774313829560,-0.00010870525713999914,-5.190342857100004e-05,-1.9040914289965467e-05,1
1,1774313829583,-6.190525713999952e-05,1.4396571429e-05,0.0004216590857099951,1
2,1774313829586,-0.00013990525713999946,-0.00014550342857100004,0.00048015908570995646,1
3,1774313829588,-0.00012040525713999904,-0.00011820342857100002,0.0002929590857100135,1
4,1774313829591,-0.00012040525713999904,-0.00011820342857100002,0.0002929590857100135,1
5,1774313829593,-0.00012040525713999904,-0.00011820342857100002,0.0002929590857100135,1
6,1774313829595,-0.00012040525713999904,-0.00011820342857100002,0.0002929590857100135,1
7,1774313829598,-9.700525713999923e-05,6.119657142899994e-05,0.0002032590857099321,1
8,1774313829600,-9.700525713999923e-05,6.119657142899994e-05,0.0002032590857099321,1
9,1774313829603,-9.700525713999923e-05,6.119657142899994e-05,0.0002032590857099321,1
10,1774313829605,-4.24052571399991e-05,4.5596571429e-05,8.625908571000939e-05,1
11,1774313829607,-4.24052571399991e-05,4.5596571429e-05,8.625908571000939e-05,1
12,1774313829610,-4.24052571399991e-05,4.5596571429e-05,8.625908571000939e-05,1
13,1774313829612,-4.24052571399991e-05,-3.630342857100004e-05,5.8959085709946006e-05,1
14,1774313829614,-4.24052571399991e-05,-3.630342857100004e-05,5.8959085709946006e-05,1
15,1774313829617,-4.24052571399991e-05,-3.630342857100004e-05,5.8959085709946006e-05,1
16,1774313829619,-4.24052571399991e-05,-3.630342857100004e-05,5.8959085709946006e-05,1
17,1774313829622,-3.4052571399999926e-06,-2.4603428571000026e-05,0.0003943590857099317,1
18,1774313829624,-3.4052571399999926e-06,-2.4603428571000026e-05,0.0003943590857099317,1
19,1774313829626,-3.4052571399999926e-06,-2.4603428571000026e-05,0.0003943590857099317,1
20,1774313829629,-9.700525713999923e-05,-5.10342857100004e-06,0.000183759085709982,1
21,1774313829631,-9.700525713999923e-05,-5.10342857100004e-06,0.000183759085709982,1
22,1774313829633,-9.700525713999923e-05,-5.10342857100004e-06,0.000183759085709982,1
23,1774313829636,-9.700525713999923e-05,0.00015479657142899994,0.0002188590857099366,1
24,1774313829638,-0.00013210525713999895,0.00015479657142899994,0.0002188590857099366,1
25,1774313829641,-0.00013210525713999895,0.00015479657142899994,0.0002188590857099366,1
26,1774313829643,-0.00013210525713999895,0.00015479657142899994,0.0002188590857099366,1
27,1774313829645,-9.700525713999923e-05,6.119657142899994e-05,-6.194091429003335e-05,1
28,1774313829648,-9.700525713999923e-05,6.119657142899994e-05,-6.194091429003335e-05,1
29,1774313829650,-9.700525713999923e-05,6.119657142899994e-05,-6.194091429003335e-05,1
30,1774313829653,5.899474286000066e-05,-7.140342857100003e-05,0.000214959085709991,1
31,1774313829655,5.899474286000066e-05,-7.140342857100003e-05,0.000214959085709991,1
32,1774313829657,5.899474286000066e-05,-7.140342857100003e-05,0.000214959085709991,1
33,1774313829660,5.899474286000066e-05,-7.140342857100003e-05,0.00028515908571001124,1
34,1774313829662,5.509474286000127e-05,2.609657142899996e-05,0.00028515908571001124,1
35,1774313829664,5.509474286000127e-05,2.609657142899996e-05,0.00028515908571001124,1
36,1774313829667,5.509474286000127e-05,2.609657142899996e-05,0.00028515908571001124,1
37,1774313829669,3.949474286000024e-05,6.899657142899997e-05,0.00022665908570993886,1
38,1774313829672,3.949474286000024e-05,6.899657142899997e-05,0.00022665908570993886,1
39,1774313829674,3.949474286000024e-05,6.899657142899997e-05,0.00022665908570993886,1
40,1774313829676,-0.0002023052571400001,0.00015479657142899994,0.000339759085710027,1
41,1774313829682,-0.0002023052571400001,0.00015479657142899994,0.000339759085710027,1
42,1774313829684,-9.700525713999923e-05,0.00012749657142899998,0.000495759085709961,1
43,1774313829687,-9.700525713999923e-05,0.00012749657142899998,0.000495759085709961,1
44,1774313829689,-9.700525713999923e-05,0.00012749657142899998,0.000495759085709961,1
45,1774313829691,-9.700525713999923e-05,0.00012749657142899998,0.00031635908571002024,1
46,1774313829694,4.394742860000522e-06,5.339657142899997e-05,0.00031635908571002024,1
47,1774313829696,4.394742860000522e-06,5.339657142899997e-05,0.00031635908571002024,1
48,1774313829698,4.394742860000522e-06,5.339657142899997e-05,0.00031635908571002024,1
49,1774313829701,0.0001252947428600007,-0.00010260342857100003,0.0002344590857099411,1
50,1774313829703,0.0001252947428600007,-0.00010260342857100003,0.0002344590857099411,1
51,1774313829706,0.0001252947428600007,-0.00010260342857100003,0.0002344590857099411,1
52,1774313829708,0.00012919474286000009,5.339657142899997e-05,0.00024225908570994336,1
53,1774313829710,0.00012919474286000009,5.339657142899997e-05,0.00024225908570994336,1
54,1774313829713,0.00012919474286000009,5.339657142899997e-05,0.00024225908570994336,1
55,1774313829715,0.00012919474286000009,5.339657142899997e-05,0.0002188590857099366,1
56,1774313829718,-8.530525713999933e-05,3.3896571428999986e-05,0.0002188590857099366,1
57,1774313829720,-8.530525713999933e-05,3.3896571428999986e-05,0.0002188590857099366,1
58,1774313829723,-8.530525713999933e-05,3.3896571428999986e-05,0.0002188590857099366,1
59,1774313829725,-0.00013990525713999946,-0.00014550342857100004,0.00017595908570997975,1
60,1774313829727,-0.00013990525713999946,-0.00014550342857100004,0.00017595908570997975,1
61,1774313829730,-0.00013990525713999946,-0.00014550342857100004,0.00017595908570997975,1
62,1774313829732,-0.0001906052571400002,4.169657142899996e-05,0.0001876590857099276,1
63,1774313829735,-0.0001906052571400002,4.169657142899996e-05,0.0001876590857099276,1
64,1774313829737,-0.0001906052571400002,4.169657142899996e-05,0.0001876590857099276,1
65,1774313829739,-0.0001906052571400002,4.169657142899996e-05,0.0001993590857099865,1
66,1774313829742,7.069474286000056e-05,6.596571428999973e-06,0.0001993590857099865,1
67,1774313829744,7.069474286000056e-05,6.596571428999973e-06,0.0001993590857099865,1
68,1774313829746,7.069474286000056e-05,6.596571428999973e-06,0.0001993590857099865,1
69,1774313829749,-1.1205257139998773e-05,-3.630342857100004e-05,0.00032025908570996586,1
70,1774313829751,-1.1205257139998773e-05,-3.630342857100004e-05,0.00032025908570996586,1
71,1774313829754,-1.1205257139998773e-05,-3.630342857100004e-05,0.00032025908570996586,1
72,1774313829756,-3.070525713999919e-05,0.000213296571429,0.00030075908571001574,1
73,1774313829758,-3.070525713999919e-05,0.000213296571429,0.00030075908571001574,1
74,1774313829761,-3.070525713999919e-05,0.000213296571429,0.00030075908571001574,1
75,1774313829763,-3.070525713999919e-05,0.000213296571429,0.0002188590857099366,1
76,1774313829765,2.7794742860000332e-05,0.00013529657142899996,0.0002188590857099366,1
77,1774313829768,2.7794742860000332e-05,0.00013529657142899996,0.0002188590857099366,1
78,1774313829770,2.7794742860000332e-05,0.00013529657142899996,0.0002188590857099366,1
79,1774313829773,-0.00010480525713999975,4.5596571429e-05,0.0003553590857100315,1
80,1774313829775,-0.00010480525713999975,4.5596571429e-05,0.0003553590857100315,1
81,1774313829777,-0.00010480525713999975,4.5596571429e-05,0.0003553590857100315,1
82,1774313829780,-3.460525713999858e-05,2.2196571428999973e-05,0.00030465908570996136,1
83,1774313829782,-3.460525713999858e-05,2.2196571428999973e-05,0.00030465908570996136,1
84,1774313829784,-3.460525713999858e-05,2.2196571428999973e-05,0.00030465908570996136,1
85,1774313829787,-3.460525713999858e-05,2.2196571428999973e-05,0.00030465908570996136,1
86,1774313829789,-8.920525713999872e-05,-8.310342857100004e-05,0.00047625908571001085,1
87,1774313829792,-8.920525713999872e-05,-8.310342857100004e-05,0.00047625908571001085,1
88,1774313829794,-8.920525713999872e-05,-8.310342857100004e-05,0.00047625908571001085,1
89,1774313829796,7.459474285999995e-05,-8.310342857100004e-05,0.00010965908571001614,1
90,1774313829799,7.459474285999995e-05,-8.310342857100004e-05,0.00010965908571001614,1
91,1774313829801,7.459474285999995e-05,-8.310342857100004e-05,0.00010965908571001614,1
92,1774313829804,4.394742860000522e-06,-8.700342857100003e-05,0.000152559085709973,1
93,1774313829806,4.394742860000522e-06,-8.700342857100003e-05,0.000152559085709973,1
94,1774313829808,4.394742860000522e-06,-8.700342857100003e-05,0.000152559085709973,1
95,1774313829811,4.394742860000522e-06,-8.700342857100003e-05,0.000152559085709973,1
96,1774313829813,-0.00012430525714000017,1.8296571428999986e-05,0.0005230590857100243,1
97,1774313829815,-0.00012430525714000017,1.8296571428999986e-05,0.0005230590857100243,1
98,1774313829818,-0.00012430525714000017,1.8296571428999986e-05,0.0005230590857100243,1
99,1774313829820,-0.00013990525713999946,4.169657142899996e-05,0.0002617590857100045,1
100,1774313829823,-0.00013990525713999946,4.169657142899996e-05,0.0002617590857100045,1
101,1774313829825,-0.00013990525713999946,4.169657142899996e-05,0.0002617590857100045,1
102,1774313829827,-0.00013990525713999946,-4.0203428571000026e-05,0.00024225908570994336,1
103,1774313829830,-0.0002530052571399991,-4.0203428571000026e-05,0.00024225908570994336,1
104,1774313829832,-0.0002530052571399991,-4.0203428571000026e-05,0.00024225908570994336,1
105,1774313829834,-0.0002530052571399991,-4.0203428571000026e-05,0.00024225908570994336,1
106,1774313829837,-0.00013210525713999895,2.6965714289999866e-06,0.00023835908570999775,1
107,1774313829839,-0.00013210525713999895,2.6965714289999866e-06,0.00023835908570999775,1
108,1774313829842,-0.00013210525713999895,2.6965714289999866e-06,0.00023835908570999775,1
109,1774313829844,-0.00014770525713999998,-3.630342857100004e-05,0.00012915908570996625,1
110,1774313829846,-0.00014770525713999998,-3.630342857100004e-05,0.00012915908570996625,1
111,1774313829849,-0.00014770525713999998,-3.630342857100004e-05,0.00012915908570996625,1
112,1774313829851,-0.00014770525713999998,-7.140342857100003e-05,-0.00011264091428999246,1
113,1774313829853,-0.00027250525713999954,-7.140342857100003e-05,-0.00011264091428999246,1
114,1774313829856,-0.00027250525713999954,-7.140342857100003e-05,-0.00011264091428999246,1
115,1774313829858,-0.00027250525713999954,-7.140342857100003e-05,-0.00011264091428999246,1
116,1774313829861,-0.0002452052571399986,2.6965714289999866e-06,-4.634091429002885e-05,1
117,1774313829863,-0.0002452052571399986,2.6965714289999866e-06,-4.634091429002885e-05,1
118,1774313829865,-0.0002452052571399986,2.6965714289999866e-06,-4.634091429002885e-05,1
119,1774313829868,1.9994742859999817e-05,-6.360342857100005e-05,0.00011745908571001839,1
120,1774313829870,1.9994742859999817e-05,-6.360342857100005e-05,0.00011745908571001839,1
121,1774313829873,1.9994742859999817e-05,-6.360342857100005e-05,0.00011745908571001839,1
122,1774313829875,1.9994742859999817e-05,6.596571428999973e-06,0.00019155908570998425,1
123,1774313829877,-0.00017110525713999979,6.596571428999973e-06,0.00019155908570998425,1
124,1774313829880,-0.00017110525713999979,6.596571428999973e-06,0.00019155908570998425,1
0,1774313829978,-8.530525713999933e-05,1.4396571429e-05,0.00034755908571002924,1
1,1774313829988,-0.00014380525713999885,-4.0203428571000026e-05,9.405908571001164e-05,1
2,1774313829990,-0.00014380525713999885,-4.0203428571000026e-05,9.405908571001164e-05,1
3,1774313829993,-0.00014380525713999885,-4.0203428571000026e-05,9.405908571001164e-05,1
4,1774313829995,-0.00017500525713999918,3.3896571428999986e-05,5.1159085709943757e-05,1
5,1774313829998,-0.00017500525713999918,3.3896571428999986e-05,5.1159085709943757e-05,1
6,1774313830000,-0.00017500525713999918,3.3896571428999986e-05,5.1159085709943757e-05,1
7,1774313830002,-0.00017500525713999918,3.3896571428999986e-05,5.1159085709943757e-05,1
8,1774313830005,-0.00021400525714000002,2.6965714289999866e-06,5.1159085709943757e-05,1
9,1774313830007,-0.00021400525714000002,2.6965714289999866e-06,5.1159085709943757e-05,1
10,1774313830010,-0.00021400525714000002,2.6965714289999866e-06,5.1159085709943757e-05,1
11,1774313830012,-8.530525713999933e-05,-9.870342857100004e-05,9.0159085709955e-05,1
12,1774313830014,-8.530525713999933e-05,-9.870342857100004e-05,9.0159085709955e-05,1
13,1774313830017,-8.530525713999933e-05,-9.870342857100004e-05,9.0159085709955e-05,1
14,1774313830019,1.6094742860000427e-05,6.596571428999973e-06,0.00023835908570999775,1
15,1774313830021,1.6094742860000427e-05,6.596571428999973e-06,0.00023835908570999775,1
16,1774313830024,1.6094742860000427e-05,6.596571428999973e-06,0.00023835908570999775,1
17,1774313830026,1.6094742860000427e-05,6.596571428999973e-06,0.0002500590857099456,1
18,1774313830029,-8.920525713999872e-05,5.339657142899997e-05,0.0002500590857099456,1
19,1774313830031,-8.920525713999872e-05,5.339657142899997e-05,0.0002500590857099456,1
20,1774313830033,-8.920525713999872e-05,5.339657142899997e-05,0.0002500590857099456,1
21,1774313830036,4.729474286000075e-05,6.899657142899997e-05,-9.314091429004235e-05,1
22,1774313830038,4.729474286000075e-05,6.899657142899997e-05,-9.314091429004235e-05,1
23,1774313830040,4.729474286000075e-05,6.899657142899997e-05,-9.314091429004235e-05,1
24,1774313830043,-0.00010870525713999914,4.9496571428999986e-05,-0.00015944091429000596,1
25,1774313830045,-0.00010870525713999914,4.9496571428999986e-05,-0.00015944091429000596,1
26,1774313830048,-0.00010870525713999914,4.9496571428999986e-05,-0.00015944091429000596,1
27,1774313830050,-0.00010870525713999914,4.9496571428999986e-05,-0.00015944091429000596,1
28,1774313830052,-0.00026860525714000015,-3.2403428571000053e-05,2.3859085709991394e-05,1
29,1774313830055,-0.00026860525714000015,-3.2403428571000053e-05,2.3859085709991394e-05,1
30,1774313830057,-0.00026860525714000015,-3.2403428571000053e-05,2.3859085709991394e-05,1
31,1774313830059,-0.00015550525713999876,9.629657142899998e-05,0.0002929590857100135,1
32,1774313830062,-0.00015550525713999876,9.629657142899998e-05,0.0002929590857100135,1
33,1774313830064,-0.00015550525713999876,9.629657142899998e-05,0.0002929590857100135,1
34,1774313830067,1.2194742860001037e-05,-9.003428571000027e-06,0.0005113590857099655,1
35,1774313830069,1.2194742860001037e-05,-9.003428571000027e-06,0.0005113590857099655,1
36,1774313830071,1.2194742860001037e-05,-9.003428571000027e-06,0.0005113590857099655,1
37,1774313830074,1.2194742860001037e-05,-9.003428571000027e-06,0.0005113590857099655,1
38,1774313830076,-2.2905257139998678e-05,5.339657142899997e-05,0.0003553590857100315,1
39,1774313830078,-2.2905257139998678e-05,5.339657142899997e-05,0.0003553590857100315,1
40,1774313830081,-2.2905257139998678e-05,5.339657142899997e-05,0.0003553590857100315,1
41,1774313830083,3.949474286000024e-05,0.00015869657142899998,0.0003124590857099636,1
42,1774313830086,3.949474286000024e-05,0.00015869657142899998,0.0003124590857099636,1
43,1774313830088,3.949474286000024e-05,0.00015869657142899998,0.0003124590857099636,1
44,1774313830090,3.949474286000024e-05,6.509657142899999e-05,3.945908570999589e-05,1
45,1774313830093,4.947428600011322e-07,6.509657142899999e-05,3.945908570999589e-05,1
46,1774313830095,4.947428600011322e-07,6.509657142899999e-05,3.945908570999589e-05,1
47,1774313830097,4.947428600011322e-07,6.509657142899999e-05,3.945908570999589e-05,1
48,1774313830100,-1.9005257139999288e-05,6.509657142899999e-05,5.1159085709943757e-05,1
49,1774313830102,-1.9005257139999288e-05,6.509657142899999e-05,5.1159085709943757e-05,1
50,1774313830105,-1.9005257139999288e-05,6.509657142899999e-05,5.1159085709943757e-05,1
51,1774313830107,-8.140525713999994e-05,0.00015479657142899994,0.00032025908570996586,1
52,1774313830109,-8.140525713999994e-05,0.00015479657142899994,0.00032025908570996586,1
53,1774313830112,-8.140525713999994e-05,0.00015479657142899994,0.00032025908570996586,1
54,1774313830114,-8.140525713999994e-05,4.169657142899996e-05,0.00016035908570997525,1
55,1774313830116,-1.9005257139999288e-05,4.169657142899996e-05,0.00016035908570997525,1
56,1774313830119,-1.9005257139999288e-05,4.169657142899996e-05,0.00016035908570997525,1
57,1774313830121,-1.9005257139999288e-05,4.169657142899996e-05,0.00016035908570997525,1
58,1774313830124,-3.460525713999858e-05,0.00013139657142899997,0.00016035908570997525,1
59,1774313830126,-3.460525713999858e-05,0.00013139657142899997,0.00016035908570997525,1
60,1774313830128,-3.460525713999858e-05,0.00013139657142899997,0.00016035908570997525,1
61,1774313830131,-0.00019840525713999899,9.239657142899994e-05,0.00014475908570997075,1
62,1774313830133,-0.00019840525713999899,9.239657142899994e-05,0.00014475908570997075,1
63,1774313830135,-0.00019840525713999899,9.239657142899994e-05,0.00014475908570997075,1
64,1774313830138,-0.00019840525713999899,9.239657142899994e-05,0.0002929590857100135,1
65,1774313830140,-0.00010870525713999914,-2.4603428571000026e-05,0.0002929590857100135,1
66,1774313830143,-0.00010870525713999914,-2.4603428571000026e-05,0.0002929590857100135,1
67,1774313830145,-0.00010870525713999914,-2.4603428571000026e-05,0.0002929590857100135,1
68,1774313830147,-7.360525713999942e-05,3.3896571428999986e-05,0.00028515908571001124,1
69,1774313830150,-7.360525713999942e-05,3.3896571428999986e-05,0.00028515908571001124,1
70,1774313830152,-7.360525713999942e-05,3.3896571428999986e-05,0.00028515908571001124,1
71,1774313830154,-0.00014770525713999998,2.609657142899996e-05,0.00033195908571002474,1
72,1774313830157,-0.00014770525713999998,2.609657142899996e-05,0.00033195908571002474,1
73,1774313830159,-0.00014770525713999998,2.609657142899996e-05,0.00033195908571002474,1
74,1774313830162,-0.00014770525713999998,2.609657142899996e-05,0.00033195908571002474,1
75,1774313830164,-6.970525714000003e-05,4.5596571429e-05,0.00025785908570994786,1
76,1774313830166,-6.970525714000003e-05,4.5596571429e-05,0.00025785908570994786,1
77,1774313830169,-6.970525714000003e-05,4.5596571429e-05,0.00025785908570994786,1
78,1774313830171,-6.970525714000003e-05,8.459657142899997e-05,8.235908570995275e-05,1
79,1774313830174,-6.970525714000003e-05,8.459657142899997e-05,8.235908570995275e-05,1
80,1774313830176,-6.970525714000003e-05,8.459657142899997e-05,8.235908570995275e-05,1
81,1774313830178,-3.070525713999919e-05,6.509657142899999e-05,0.00022665908570993886,1
82,1774313830181,-3.070525713999919e-05,6.509657142899999e-05,0.00022665908570993886,1
83,1774313830183,-3.070525713999919e-05,6.509657142899999e-05,0.00022665908570993886,1
84,1774313830185,-3.070525713999919e-05,6.509657142899999e-05,0.00022665908570993886,1
85,1774313830188,-1.9005257139999288e-05,-0.00015720342857100002,0.00010965908571001614,1
86,1774313830190,-1.9005257139999288e-05,-0.00015720342857100002,0.00010965908571001614,1
87,1774313830193,-1.9005257139999288e-05,-0.00015720342857100002,0.00010965908571001614,1
88,1774313830195,-0.00012430525714000017,3.779657142899997e-05,0.00028515908571001124,1
89,1774313830197,-0.00012430525714000017,3.779657142899997e-05,0.00028515908571001124,1
90,1774313830200,-0.00012430525714000017,3.779657142899997e-05,0.00028515908571001124,1
91,1774313830202,-0.00012040525713999904,1.049657142899996e-05,0.00022665908570993886,1
92,1774313830204,-0.00012040525713999904,1.049657142899996e-05,0.00022665908570993886,1
93,1774313830207,-0.00012040525713999904,1.049657142899996e-05,0.00022665908570993886,1
94,1774313830209,-0.00012040525713999904,1.049657142899996e-05,0.00022665908570993886,1
95,1774313830212,-0.00025690525714000025,2.9996571428999945e-05,0.0002812590857099546,1
96,1774313830214,-0.00025690525714000025,2.9996571428999945e-05,0.0002812590857099546,1
97,1774313830216,-0.00025690525714000025,2.9996571428999945e-05,0.0002812590857099546,1
98,1774313830219,-8.920525713999872e-05,3.779657142899997e-05,0.00014475908570997075,1
99,1774313830221,-8.920525713999872e-05,3.779657142899997e-05,0.00014475908570997075,1
100,1774313830223,-8.920525713999872e-05,3.779657142899997e-05,0.00014475908570997075,1
101,1774313830226,-8.920525713999872e-05,4.169657142899996e-05,0.0004684590857100086,1
102,1774313830228,-0.00010090525713999862,4.169657142899996e-05,0.0004684590857100086,1
103,1774313830231,-0.00010090525713999862,4.169657142899996e-05,0.0004684590857100086,1
104,1774313830233,-0.00010090525713999862,4.169657142899996e-05,0.0004684590857100086,1
105,1774313830235,-0.00015160525713999937,0.00013529657142899996,0.0002929590857100135,1
106,1774313830238,-0.00015160525713999937,0.00013529657142899996,0.0002929590857100135,1
107,1774313830240,-0.00015160525713999937,0.00013529657142899996,0.0002929590857100135,1
108,1774313830243,4.394742860000522e-06,0.00014699657142899997,0.00016035908570997525,1
109,1774313830245,4.394742860000522e-06,0.00014699657142899997,0.00016035908570997525,1
110,1774313830247,4.394742860000522e-06,0.00014699657142899997,0.00016035908570997525,1
111,1774313830250,4.394742860000522e-06,3.779657142899997e-05,0.00035145908570997485,1
112,1774313830252,0.0001096947428600014,3.779657142899997e-05,0.00035145908570997485,1
113,1774313830255,0.0001096947428600014,3.779657142899997e-05,0.00035145908570997485,1
114,1774313830257,0.0001096947428600014,3.779657142899997e-05,0.00035145908570997485,1
115,1774313830259,-3.850525713999971e-05,-2.8503428571000013e-05,0.000121359085709964,1
116,1774313830262,-3.850525713999971e-05,-2.8503428571000013e-05,0.000121359085709964,1
117,1774313830264,-3.850525713999971e-05,-2.8503428571000013e-05,0.000121359085709964,1
118,1774313830266,-8.140525713999994e-05,0.00011189657142899998,0.00044895908570994746,1
119,1774313830269,-8.140525713999994e-05,0.00011189657142899998,0.00044895908570994746,1
120,1774313830271,-8.140525713999994e-05,0.00011189657142899998,0.00044895908570994746,1
121,1774313830273,-8.140525713999994e-05,0.00011189657142899998,3.945908570999589e-05,1
122,1774313830276,-6.970525714000003e-05,0.00010019657142899997,3.945908570999589e-05,1
123,1774313830278,-6.970525714000003e-05,0.00010019657142899997,3.945908570999589e-05,1
124,1774313830280,-6.970525714000003e-05,0.00010019657142899997,3.945908570999589e-05,1
0,1774313830292,-3.850525713999971e-05,-9.003428571000027e-06,0.0003787590857099272,1
1,1774313830296,-3.850525713999971e-05,-9.003428571000027e-06,0.0003787590857099272,1
2,1774313830298,-3.070525713999919e-05,7.289657142899996e-05,0.0002968590857099591,1
3,1774313830301,-3.070525713999919e-05,7.289657142899996e-05,0.0002968590857099591,1
4,1774313830303,-3.070525713999919e-05,7.289657142899996e-05,0.0002968590857099591,1
5,1774313830306,-3.070525713999919e-05,-0.00012600342857100002,0.000121359085709964,1
6,1774313830308,5.119474286000014e-05,-0.00012600342857100002,0.000121359085709964,1
7,1774313830310,5.119474286000014e-05,-0.00012600342857100002,0.000121359085709964,1
8,1774313830313,5.119474286000014e-05,-0.00012600342857100002,0.000121359085709964,1
9,1774313830315,-8.140525713999994e-05,-6.360342857100005e-05,2.7759085709937008e-05,1
10,1774313830317,-8.140525713999994e-05,-6.360342857100005e-05,2.7759085709937008e-05,1
11,1774313830320,-8.140525713999994e-05,-6.360342857100005e-05,2.7759085709937008e-05,1
12,1774313830322,5.899474286000066e-05,-0.00011040342857100002,-0.0001165409142900491,1
13,1774313830325,5.899474286000066e-05,-0.00011040342857100002,-0.0001165409142900491,1
14,1774313830327,5.899474286000066e-05,-0.00011040342857100002,-0.0001165409142900491,1
15,1774313830355,5.899474286000066e-05,-0.00011040342857100002,-0.00012824091428999696,1
16,1774313830358,-0.0002023052571400001,-4.0203428571000026e-05,0.0006244590857099426,1
17,1774313830360,-0.0002023052571400001,-4.0203428571000026e-05,0.0006244590857099426,1
18,1774313830385,-0.0001945052571399996,-3.630342857100004e-05,0.00044895908570994746,1
19,1774313830415,0.00011749474286000018,7.6796571429e-05,0.00038655908570992947,1
20,1774313830417,0.00011749474286000018,-0.00018840342857100002,0.00025785908570994786,1
21,1774313830420,-2.6805257139999802e-05,-0.00018840342857100002,0.00025785908570994786,1
22,1774313830422,-2.6805257139999802e-05,-0.00018840342857100002,0.00025785908570994786,1
23,1774313830424,-2.6805257139999802e-05,-0.00018840342857100002,0.00025785908570994786,1
24,1774313830427,-1.5105257139999897e-05,5.339657142899997e-05,0.00021105908570993436,1
25,1774313830429,-1.5105257139999897e-05,5.339657142899997e-05,0.00021105908570993436,1
26,1774313830431,-1.5105257139999897e-05,5.339657142899997e-05,0.00021105908570993436,1
27,1774313830434,0.00017989474286000083,7.289657142899996e-05,0.0003592590857099771,1
28,1774313830436,0.00017989474286000083,7.289657142899996e-05,0.0003592590857099771,1
29,1774313830438,0.00017989474286000083,7.289657142899996e-05,0.0003592590857099771,1
30,1774313830441,0.00017989474286000083,7.289657142899996e-05,-0.00041294091429002356,1
31,1774313830443,-1.1205257139998773e-05,-0.00013380342857100002,-0.00041294091429002356,1
32,1774313830445,-1.1205257139998773e-05,-0.00013380342857100002,-0.00041294091429002356,1
33,1774313830448,-1.1205257139998773e-05,-0.00013380342857100002,-0.00041294091429002356,1
34,1774313830450,-3.850525713999971e-05,-6.360342857100005e-05,-0.00012824091428999696,1
35,1774313830452,-3.850525713999971e-05,-6.360342857100005e-05,-0.00012824091428999696,1
36,1774313830455,-3.850525713999971e-05,-6.360342857100005e-05,-0.00012824091428999696,1
37,1774313830457,-0.0002296052571399993,-9.003428571000027e-06,0.00033585908570997035,1
38,1774313830459,-0.0002296052571399993,-9.003428571000027e-06,0.00033585908570997035,1
39,1774313830462,-0.0002296052571399993,-9.003428571000027e-06,0.00033585908570997035,1
40,1774313830464,-0.0002296052571399993,-9.003428571000027e-06,0.00033585908570997035,1
41,1774313830467,-0.00029590525713999935,1.8296571428999986e-05,0.00010185908571001389,1
42,1774313830469,-0.00029590525713999935,1.8296571428999986e-05,0.00010185908571001389,1
43,1774313830471,-0.00029590525713999935,1.8296571428999986e-05,0.00010185908571001389,1
44,1774313830474,4.947428600011322e-07,6.119657142899994e-05,0.00033195908571002474,1
45,1774313830476,4.947428600011322e-07,6.119657142899994e-05,0.00033195908571002474,1
46,1774313830478,4.947428600011322e-07,6.119657142899994e-05,0.00033195908571002474,1
47,1774313830485,0.0001759947428599997,7.289657142899996e-05,0.0003436590857099726,1
48,1774313830487,0.0001759947428599997,7.289657142899996e-05,0.0003436590857099726,1
49,1774313830489,-1.1205257139998773e-05,5.729657142899996e-05,0.00023835908570999775,1
50,1774313830492,-1.1205257139998773e-05,5.729657142899996e-05,0.00023835908570999775,1
51,1774313830494,-1.1205257139998773e-05,5.729657142899996e-05,0.00023835908570999775,1
52,1774313830497,-1.1205257139998773e-05,5.729657142899996e-05,-0.00039344091429007345,1
53,1774313830499,7.459474285999995e-05,-3.2403428571000053e-05,-0.00039344091429007345,1
54,1774313830501,7.459474285999995e-05,-3.2403428571000053e-05,-0.00039344091429007345,1
55,1774313830504,7.459474285999995e-05,-3.2403428571000053e-05,-0.00039344091429007345,1
56,1774313830506,-5.4105257139999e-05,0.000232796571429,2.3859085709991394e-05,1
57,1774313830508,-5.4105257139999e-05,0.000232796571429,2.3859085709991394e-05,1
58,1774313830511,-5.4105257139999e-05,0.000232796571429,2.3859085709991394e-05,1
59,1774313830513,-0.00015160525713999937,0.00011189657142899998,0.00011355908570996175,1
60,1774313830516,-0.00015160525713999937,0.00011189657142899998,0.00011355908570996175,1
61,1774313830518,-0.00015160525713999937,0.00011189657142899998,0.00011355908570996175,1
62,1774313830520,-0.00015160525713999937,0.00011189657142899998,0.00011355908570996175,1
63,1774313830523,3.559474286000085e-05,0.00026009657142899995,2.3859085709991394e-05,1
64,1774313830525,3.559474286000085e-05,0.00026009657142899995,2.3859085709991394e-05,1
65,1774313830527,3.559474286000085e-05,0.00026009657142899995,2.3859085709991394e-05,1
66,1774313830530,4.729474286000075e-05,-5.190342857100004e-05,0.0002968590857099591,1
67,1774313830532,4.729474286000075e-05,-5.190342857100004e-05,0.0002968590857099591,1
68,1774313830535,4.729474286000075e-05,-5.190342857100004e-05,0.0002968590857099591,1
69,1774313830537,-0.00016720525713999866,1.049657142899996e-05,0.0003748590857099816,1
70,1774313830539,-0.00016720525713999866,1.049657142899996e-05,0.0003748590857099816,1
71,1774313830542,-0.00016720525713999866,1.049657142899996e-05,0.0003748590857099816,1
72,1774313830544,-0.00016720525713999866,1.049657142899996e-05,0.0003748590857099816,1
73,1774313830546,-0.00012040525713999904,-5.10342857100004e-06,0.00022665908570993886,1
74,1774313830549,-0.00012040525713999904,-5.10342857100004e-06,0.00022665908570993886,1
75,1774313830551,-0.00012040525713999904,-5.10342857100004e-06,0.00022665908570993886,1
76,1774313830554,-8.920525713999872e-05,9.629657142899998e-05,0.0003787590857099272,1
77,1774313830556,-8.920525713999872e-05,9.629657142899998e-05,0.0003787590857099272,1
78,1774313830558,-8.920525713999872e-05,9.629657142899998e-05,0.0003787590857099272,1
79,1774313830561,2.3894742860000942e-05,6.509657142899999e-05,0.0001330590857100229,1
80,1774313830563,2.3894742860000942e-05,6.509657142899999e-05,0.0001330590857100229,1
81,1774313830566,2.3894742860000942e-05,6.509657142899999e-05,0.0001330590857100229,1
82,1774313830568,2.3894742860000942e-05,6.509657142899999e-05,0.0001330590857100229,1
83,1774313830570,-0.00024130525713999922,0.00023669657142899993,0.0001876590857099276,1
84,1774313830573,-0.00024130525713999922,0.00023669657142899993,0.0001876590857099276,1
85,1774313830575,-0.00024130525713999922,0.00023669657142899993,0.0001876590857099276,1
86,1774313830578,-0.00015940525713999988,4.5596571429e-05,-1.5140914290019854e-05,1
87,1774313830580,-0.00015940525713999988,4.5596571429e-05,-1.5140914290019854e-05,1
88,1774313830582,-0.00015940525713999988,4.5596571429e-05,-1.5140914290019854e-05,1
89,1774313830585,-5.800525714000013e-05,-8.700342857100003e-05,0.00021105908570993436,1
90,1774313830587,-5.800525714000013e-05,-8.700342857100003e-05,0.00021105908570993436,1
91,1774313830589,-5.800525714000013e-05,-8.700342857100003e-05,0.00021105908570993436,1
92,1774313830592,-5.800525714000013e-05,-8.700342857100003e-05,0.00021105908570993436,1
93,1774313830594,-3.070525713999919e-05,-0.000137703428571,0.0003241590857100225,1
94,1774313830597,-3.070525713999919e-05,-0.000137703428571,0.0003241590857100225,1
95,1774313830599,-3.070525713999919e-05,-0.000137703428571,0.0003241590857100225,1
96,1774313830601,3.949474286000024e-05,-6.750342857100004e-05,4.725908570999814e-05,1
97,1774313830604,3.949474286000024e-05,-6.750342857100004e-05,4.725908570999814e-05,1
98,1774313830606,3.949474286000024e-05,-6.750342857100004e-05,4.725908570999814e-05,1
99,1774313830608,3.949474286000024e-05,1.049657142899996e-05,0.00025395908571000225,1
100,1774313830611,-3.850525713999971e-05,1.049657142899996e-05,0.00025395908571000225,1
101,1774313830613,-3.850525713999971e-05,1.049657142899996e-05,0.00025395908571000225,1
102,1774313830616,-3.850525713999971e-05,1.049657142899996e-05,0.00025395908571000225,1
103,1774313830618,-0.00023740525713999983,-4.8003428571e-05,5.1159085709943757e-05,1
104,1774313830620,-0.00023740525713999983,-4.8003428571e-05,5.1159085709943757e-05,1
105,1774313830623,-0.00023740525713999983,-4.8003428571e-05,5.1159085709943757e-05,1
106,1774313830625,-9.310525713999984e-05,2.9996571428999945e-05,0.0001642590857100319,1
107,1774313830627,-9.310525713999984e-05,2.9996571428999945e-05,0.0001642590857100319,1
108,1774313830630,-9.310525713999984e-05,2.9996571428999945e-05,0.0001642590857100319,1
109,1774313830632,-9.310525713999984e-05,0.00014699657142899997,0.0001330590857100229,1
110,1774313830635,-8.140525713999994e-05,0.00014699657142899997,0.0001330590857100229,1
111,1774313830637,-8.140525713999994e-05,0.00014699657142899997,0.0001330590857100229,1
112,1774313830639,-8.140525713999994e-05,0.00014699657142899997,0.0001330590857100229,1
113,1774313830642,-3.460525713999858e-05,0.00012359657142899994,4.725908570999814e-05,1
114,1774313830644,-3.460525713999858e-05,0.00012359657142899994,4.725908570999814e-05,1
115,1774313830647,-3.460525713999858e-05,0.00012359657142899994,4.725908570999814e-05,1
116,1774313830649,-0.00012040525713999904,0.00014699657142899997,-5.41409142900311e-05,1
117,1774313830651,-0.00012040525713999904,0.00014699657142899997,-5.41409142900311e-05,1
118,1774313830654,-0.00012040525713999904,0.00014699657142899997,-5.41409142900311e-05,1
119,1774313830656,-0.00012040525713999904,0.00014699657142899997,-7.340914290017604e-06,1
120,1774313830658,-1.9005257139999288e-05,7.6796571429e-05,-7.340914290017604e-06,1
121,1774313830661,-1.9005257139999288e-05,7.6796571429e-05,-7.340914290017604e-06,1
122,1774313830663,-1.9005257139999288e-05,7.6796571429e-05,-7.340914290017604e-06,1
123,1774313830666,4.947428600011322e-07,0.000139196571429,0.0004060590857099906,1
124,1774313830668,4.947428600011322e-07,0.000139196571429,0.0004060590857099906,1
0,1774313830681,-7.305257139999383e-06,-0.00021180342857100002,0.0001330590857100229,1
1,1774313830684,-7.305257139999383e-06,-0.00021180342857100002,0.0001330590857100229,1
2,1774313830686,-7.305257139999383e-06,-0.00021180342857100002,0.0001330590857100229,1
3,1774313830688,8.629474285999986e-05,6.509657142899999e-05,0.0002344590857099411,1
4,1774313830691,8.629474285999986e-05,6.509657142899999e-05,0.0002344590857099411,1
5,1774313830693,8.629474285999986e-05,6.509657142899999e-05,0.0002344590857099411,1
6,1774313830696,8.629474285999986e-05,6.509657142899999e-05,0.0002344590857099411,1
7,1774313830738,2.7794742860000332e-05,0.00031079657142899994,0.0005113590857099655,1
8,1774313830740,0.0001525947428599999,0.000170396571429,6.285908571000264e-05,1
9,1774313830776,0.0001525947428599999,0.000170396571429,6.285908571000264e-05,1
10,1774313830800,-0.00014770525713999998,4.169657142899996e-05,0.00047625908571001085,1
11,1774313830803,-0.00014770525713999998,4.169657142899996e-05,0.00047625908571001085,1
12,1774313830805,-0.00014770525713999998,4.169657142899996e-05,0.00047625908571001085,1
13,1774313830807,-0.00014770525713999998,4.169657142899996e-05,0.00014475908570997075,1
14,1774313830810,-0.00012040525713999904,-0.00012990342857100004,0.00014475908570997075,1
15,1774313830812,-0.00012040525713999904,-0.00012990342857100004,0.00014475908570997075,1
16,1774313830814,-0.00012040525713999904,-0.00012990342857100004,0.00014475908570997075,1
17,1774313830817,-0.00014380525713999885,4.5596571429e-05,-0.000522140914290055,1
18,1774313830819,-0.00014380525713999885,4.5596571429e-05,-0.000522140914290055,1
19,1774313830822,-0.00014380525713999885,4.5596571429e-05,-0.000522140914290055,1
20,1774313830824,-0.0002179052571399994,1.8296571428999986e-05,0.0001330590857100229,1
21,1774313830826,-0.0002179052571399994,1.8296571428999986e-05,0.0001330590857100229,1
22,1774313830829,-0.0002179052571399994,1.8296571428999986e-05,0.0001330590857100229,1
23,1774313830831,-0.0002179052571399994,1.8296571428999986e-05,0.0001330590857100229,1
24,1774313830833,-0.0002062052571399995,-3.630342857100004e-05,0.0009910590857099373,1
25,1774313830836,-0.0002062052571399995,-3.630342857100004e-05,0.0009910590857099373,1
26,1774313830838,-0.0002062052571399995,-3.630342857100004e-05,0.0009910590857099373,1
27,1774313830840,-4.24052571399991e-05,0.00014699657142899997,-0.0001828409142900127,1
28,1774313830843,-4.24052571399991e-05,0.00014699657142899997,-0.0001828409142900127,1
29,1774313830845,-4.24052571399991e-05,0.00014699657142899997,-0.0001828409142900127,1
30,1774313830847,-4.24052571399991e-05,0.00014699657142899997,0.0002188590857099366,1
31,1774313830850,4.729474286000075e-05,0.00019769657142899996,0.0002188590857099366,1
32,1774313830852,4.729474286000075e-05,0.00019769657142899996,0.0002188590857099366,1
33,1774313830854,4.729474286000075e-05,0.00019769657142899996,0.0002188590857099366,1
34,1774313830857,0.0002656947428600013,5.339657142899997e-05,0.00027345908570995236,1
35,1774313830859,0.0002656947428600013,5.339657142899997e-05,0.00027345908570995236,1
36,1774313830862,0.0002656947428600013,5.339657142899997e-05,0.00027345908570995236,1
37,1774313830864,-1.5105257139999897e-05,-0.00020400342857100002,-0.0002608409142900352,1
38,1774313830866,-1.5105257139999897e-05,-0.00020400342857100002,-0.0002608409142900352,1
39,1774313830869,-1.5105257139999897e-05,-0.00020400342857100002,-0.0002608409142900352,1
40,1774313830871,-1.5105257139999897e-05,-0.00020400342857100002,-0.0002608409142900352,1
41,1774313830873,-0.00017500525713999918,0.00018989657142899998,0.00028515908571001124,1
42,1774313830876,-0.00017500525713999918,0.00018989657142899998,0.00028515908571001124,1
43,1774313830878,-0.00017500525713999918,0.00018989657142899998,0.00028515908571001124,1
44,1774313830881,-4.630525714000022e-05,1.8296571428999986e-05,0.000558159085709979,1
45,1774313830886,-4.630525714000022e-05,1.8296571428999986e-05,0.000558159085709979,1
46,1774313830888,-3.070525713999919e-05,0.00013529657142899996,6.675908570994826e-05,1
47,1774313830891,-3.070525713999919e-05,0.00013529657142899996,6.675908570994826e-05,1
48,1774313830893,-3.070525713999919e-05,0.00013529657142899996,6.675908570994826e-05,1
49,1774313830896,-3.070525713999919e-05,8.849657142899996e-05,0.0005152590857100221,1
50,1774313830898,-6.970525714000003e-05,8.849657142899996e-05,0.0005152590857100221,1
51,1774313830900,-6.970525714000003e-05,8.849657142899996e-05,0.0005152590857100221,1
52,1774313830903,-6.970525714000003e-05,8.849657142899996e-05,0.0005152590857100221,1
53,1774313830905,-0.00011650525713999965,-0.00023520342857100002,-3.4640914289969967e-05,1
54,1774313830907,-0.00011650525713999965,-0.00023520342857100002,-3.4640914289969967e-05,1
55,1774313830910,-0.00011650525713999965,-0.00023520342857100002,-3.4640914289969967e-05,1
56,1774313830912,-6.970525714000003e-05,9.629657142899998e-05,0.00021105908570993436,1
57,1774313830915,-6.970525714000003e-05,9.629657142899998e-05,0.00021105908570993436,1
58,1774313830917,-6.970525714000003e-05,9.629657142899998e-05,0.00021105908570993436,1
59,1774313830919,-6.970525714000003e-05,-8.700342857100003e-05,0.0005971590857099902,1
60,1774313830922,4.339474286000136e-05,-8.700342857100003e-05,0.0005971590857099902,1
61,1774313830924,4.339474286000136e-05,-8.700342857100003e-05,0.0005971590857099902,1
62,1774313830926,4.339474286000136e-05,-8.700342857100003e-05,0.0005971590857099902,1
63,1774313830929,-0.00012430525714000017,-0.00028200342857100005,0.00017985908571003639,1
64,1774313830931,-0.00012430525714000017,-0.00028200342857100005,0.00017985908571003639,1
65,1774313830934,-0.00012430525714000017,-0.00028200342857100005,0.00017985908571003639,1
66,1774313830936,-0.00013990525713999946,0.000182096571429,-0.0001009409142900446,1
67,1774313830938,-0.00013990525713999946,0.000182096571429,-0.0001009409142900446,1
68,1774313830941,-0.00013990525713999946,0.000182096571429,-0.0001009409142900446,1
69,1774313830943,-0.00013990525713999946,0.000182096571429,0.00030465908570996136,1
70,1774313830945,5.119474286000014e-05,0.00012359657142899994,0.00030465908570996136,1
71,1774313830948,5.119474286000014e-05,0.00012359657142899994,0.00030465908570996136,1
72,1774313830950,5.119474286000014e-05,0.00012359657142899994,0.00030465908570996136,1
73,1774313830953,-9.310525713999984e-05,-5.5803428571000026e-05,-6.584091428997896e-05,1
74,1774313830955,-9.310525713999984e-05,-5.5803428571000026e-05,-6.584091428997896e-05,1
75,1774313830957,-9.310525713999984e-05,-5.5803428571000026e-05,-6.584091428997896e-05,1
76,1774313830960,-0.0002062052571399995,-0.00021180342857100002,-4.2440914289972216e-05,1
77,1774313830962,-0.0002062052571399995,-0.00021180342857100002,-4.2440914289972216e-05,1
78,1774313830964,-0.0002062052571399995,-0.00021180342857100002,-4.2440914289972216e-05,1
79,1774313830967,-0.0002062052571399995,-0.00021180342857100002,0.0003553590857100315,1
80,1774313830969,-0.00010090525713999862,0.000107996571429,0.0003553590857100315,1
81,1774313830972,-0.00010090525713999862,0.000107996571429,0.0003553590857100315,1
82,1774313830974,-0.00010090525713999862,0.000107996571429,0.0003553590857100315,1
83,1774313830976,-0.00010090525713999862,0.00016259657142899992,0.000214959085709991,1
84,1774313830979,-0.00010090525713999862,0.00016259657142899992,0.000214959085709991,1
85,1774313830981,-0.00010090525713999862,0.00016259657142899992,0.000214959085709991,1
86,1774313830983,2.3894742860000942e-05,-2.070342857100004e-05,-0.0001516409142900037,1
87,1774313830986,2.3894742860000942e-05,-2.070342857100004e-05,-0.0001516409142900037,1
88,1774313830988,2.3894742860000942e-05,-2.070342857100004e-05,-0.0001516409142900037,1
89,1774313830991,2.3894742860000942e-05,-2.070342857100004e-05,9.795908570995725e-05,1
90,1774313830993,-0.00010090525713999862,-0.00011430342857100004,9.795908570995725e-05,1
91,1774313830995,-0.00010090525713999862,-0.00011430342857100004,9.795908570995725e-05,1
92,1774313830998,-0.00010090525713999862,-0.00011430342857100004,9.795908570995725e-05,1
93,1774313831000,-8.140525713999994e-05,0.00019379657142900002,0.0005932590857099336,1
94,1774313831003,-8.140525713999994e-05,0.00019379657142900002,0.0005932590857099336,1
95,1774313831005,-8.140525713999994e-05,0.00019379657142900002,0.0005932590857099336,1
96,1774313831007,-0.00012040525713999904,-0.00020790342857100004,-0.0001477409142900581,1
97,1774313831010,-0.00012040525713999904,-0.00020790342857100004,-0.0001477409142900581,1
98,1774313831012,-0.00012040525713999904,-0.00020790342857100004,-0.0001477409142900581,1
99,1774313831014,-0.00012040525713999904,-0.00020790342857100004,-0.0001477409142900581,1
100,1774313831017,-0.00016330525713999927,6.596571428999973e-06,-0.0003895409142900168,1
101,1774313831019,-0.00016330525713999927,6.596571428999973e-06,-0.0003895409142900168,1
102,1774313831022,-0.00016330525713999927,6.596571428999973e-06,-0.0003895409142900168,1
103,1774313831024,-0.00011260525714000026,0.00015869657142899998,0.000589359085709988,1
104,1774313831026,-0.00011260525714000026,0.00015869657142899998,0.000589359085709988,1
105,1774313831029,-0.00011260525714000026,0.00015869657142899998,0.000589359085709988,1
106,1774313831031,-2.6805257139999802e-05,5.729657142899996e-05,0.0005776590857099291,1
107,1774313831033,-2.6805257139999802e-05,5.729657142899996e-05,0.0005776590857099291,1
108,1774313831036,-2.6805257139999802e-05,5.729657142899996e-05,0.0005776590857099291,1
109,1774313831038,-2.6805257139999802e-05,5.729657142899996e-05,0.0005776590857099291,1
110,1774313831041,0.00010189474286000089,9.239657142899994e-05,-0.00018674091429006934,1
111,1774313831043,0.00010189474286000089,9.239657142899994e-05,-0.00018674091429006934,1
112,1774313831045,0.00010189474286000089,9.239657142899994e-05,-0.00018674091429006934,1
113,1774313831048,6.289474286000005e-05,0.00014699657142899997,0.0002929590857100135,1
114,1774313831050,6.289474286000005e-05,0.00014699657142899997,0.0002929590857100135,1
115,1774313831053,6.289474286000005e-05,0.00014699657142899997,0.0002929590857100135,1
116,1774313831055,6.289474286000005e-05,6.596571428999973e-06,0.0004255590857099407,1
117,1774313831057,-0.00011260525714000026,6.596571428999973e-06,0.0004255590857099407,1
118,1774313831060,-0.00011260525714000026,6.596571428999973e-06,0.0004255590857099407,1
119,1774313831062,-0.00011260525714000026,6.596571428999973e-06,0.0004255590857099407,1
120,1774313831064,-0.0001828052571399997,-4.8003428571e-05,-0.00039344091429007345,1
121,1774313831067,-0.0001828052571399997,-4.8003428571e-05,-0.00039344091429007345,1
122,1774313831069,-0.0001828052571399997,-4.8003428571e-05,-0.00039344091429007345,1
123,1774313831072,-0.00019840525713999899,4.9496571428999986e-05,0.0004684590857100086,1
124,1774313831074,-0.00019840525713999899,4.9496571428999986e-05,0.0004684590857100086,1
0,1774313831087,-0.00021400525714000002,0.00019379657142900002,0.00033195908571002474,1
1,1774313831089,-0.00021400525714000002,0.00019379657142900002,0.00033195908571002474,1
2,1774313831092,-0.00021400525714000002,0.00019379657142900002,0.00033195908571002474,1
3,1774313831094,-0.00021400525714000002,0.00019379657142900002,0.00033195908571002474,1
4,1774313831097,-3.850525713999971e-05,2.609657142899996e-05,6.675908570994826e-05,1
5,1774313831128,-3.850525713999971e-05,2.609657142899996e-05,6.675908570994826e-05,1
6,1774313831131,-5.020525713999961e-05,0.00012749657142899998,0.0008428590857100056,1
7,1774313831158,-5.020525713999961e-05,0.00012749657142899998,0.0008428590857100056,1
8,1774313831195,-7.305257139999383e-06,8.069657142899999e-05,7.45590857099505e-05,1
9,1774313831198,6.679474286000117e-05,0.00022499657142899991,0.0001681590857099775,1
10,1774313831200,-3.850525713999971e-05,-1.6803428571e-05,0.00031635908571002024,1
11,1774313831202,-3.850525713999971e-05,-1.6803428571e-05,0.00031635908571002024,1
12,1774313831205,-3.850525713999971e-05,-1.6803428571e-05,0.00031635908571002024,1
13,1774313831207,3.559474286000085e-05,-0.00014160342857100002,-4.2440914289972216e-05,1
14,1774313831210,3.559474286000085e-05,-0.00014160342857100002,-4.2440914289972216e-05,1
15,1774313831212,3.559474286000085e-05,-0.00014160342857100002,-4.2440914289972216e-05,1
16,1774313831214,3.559474286000085e-05,0.00020939657142899997,8.235908570995275e-05,1
17,1774313831217,-8.140525713999994e-05,0.00020939657142899997,8.235908570995275e-05,1
18,1774313831219,-8.140525713999994e-05,0.00020939657142899997,8.235908570995275e-05,1
19,1774313831221,-8.140525713999994e-05,0.00020939657142899997,8.235908570995275e-05,1
20,1774313831224,-0.0003271052571399997,6.899657142899997e-05,0.0008584590857100101,1
21,1774313831226,-0.0003271052571399997,6.899657142899997e-05,0.0008584590857100101,1
22,1774313831229,-0.0003271052571399997,6.899657142899997e-05,0.0008584590857100101,1
23,1774313831231,3.559474286000085e-05,-0.00016110342857100004,-0.00023354091428997182,1
24,1774313831233,3.559474286000085e-05,-0.00016110342857100004,-0.00023354091428997182,1
25,1774313831236,3.559474286000085e-05,-0.00016110342857100004,-0.00023354091428997182,1
26,1774313831238,3.559474286000085e-05,0.00013529657142899996,0.0004060590857099906,1
27,1774313831240,0.00015649474286000102,0.00013529657142899996,0.0004060590857099906,1
28,1774313831243,0.00015649474286000102,0.00013529657142899996,0.0004060590857099906,1
29,1774313831245,0.00015649474286000102,0.00013529657142899996,0.0004060590857099906,1
30,1774313831248,9.019474286000098e-05,-7.530342857100001e-05,0.0004723590857099542,1
31,1774313831250,9.019474286000098e-05,-7.530342857100001e-05,0.0004723590857099542,1
32,1774313831252,9.019474286000098e-05,-7.530342857100001e-05,0.0004723590857099542,1
33,1774313831255,-3.850525713999971e-05,-4.8003428571e-05,-0.0003856409142900712,1
34,1774313831257,-3.850525713999971e-05,-4.8003428571e-05,-0.0003856409142900712,1
35,1774313831259,-3.850525713999971e-05,-4.8003428571e-05,-0.0003856409142900712,1
36,1774313831262,-3.850525713999971e-05,-4.8003428571e-05,4.5908570998464543e-07,1
37,1774313831264,0.0001252947428600007,-6.750342857100004e-05,4.5908570998464543e-07,1
38,1774313831267,0.0001252947428600007,-6.750342857100004e-05,4.5908570998464543e-07,1
39,1774313831269,0.0001252947428600007,-6.750342857100004e-05,4.5908570998464543e-07,1
40,1774313831271,7.849474286000108e-05,-3.2403428571000053e-05,0.00033585908570997035,1
41,1774313831274,7.849474286000108e-05,-3.2403428571000053e-05,0.00033585908570997035,1
42,1774313831276,7.849474286000108e-05,-3.2403428571000053e-05,0.00033585908570997035,1
43,1774313831278,-0.0002335052571399987,-0.00012600342857100002,-3.85409142900266e-05,1
44,1774313831281,-0.0002335052571399987,-0.00012600342857100002,-3.85409142900266e-05,1
45,1774313831283,-0.0002335052571399987,-0.00012600342857100002,-3.85409142900266e-05,1
46,1774313831285,-0.0002335052571399987,-0.00012600342857100002,-3.85409142900266e-05,1
47,1774313831288,5.899474286000066e-05,-4.0203428571000026e-05,-0.00012824091428999696,1
48,1774313831290,5.899474286000066e-05,-4.0203428571000026e-05,-0.00012824091428999696,1
49,1774313831293,5.899474286000066e-05,-4.0203428571000026e-05,-0.00012824091428999696,1
50,1774313831295,-4.24052571399991e-05,-4.8003428571e-05,0.0004411590857099452,1
51,1774313831297,-4.24052571399991e-05,-4.8003428571e-05,0.0004411590857099452,1
52,1774313831300,-4.24052571399991e-05,-4.8003428571e-05,0.0004411590857099452,1
53,1774313831302,-4.24052571399991e-05,6.509657142899999e-05,8.259085709986895e-06,1
54,1774313831305,4.394742860000522e-06,6.509657142899999e-05,8.259085709986895e-06,1
55,1774313831308,4.394742860000522e-06,6.509657142899999e-05,8.259085709986895e-06,1
56,1774313831310,7.069474286000056e-05,0.000252296571429,0.00017595908570997975,1
57,1774313831313,7.069474286000056e-05,0.000252296571429,0.00017595908570997975,1
58,1774313831315,7.069474286000056e-05,0.000252296571429,0.00017595908570997975,1
59,1774313831318,7.069474286000056e-05,0.000252296571429,0.0009988590857099395,1
60,1774313831320,-0.0001789052571400003,3.3896571428999986e-05,0.0009988590857099395,1
61,1774313831322,-0.0001789052571400003,3.3896571428999986e-05,0.0009988590857099395,1
62,1774313831325,-0.0001789052571400003,3.3896571428999986e-05,0.0009988590857099395,1
63,1774313831327,-0.00013210525713999895,-0.00014940342857100002,3.555908570993926e-05,1
64,1774313831329,-0.00013210525713999895,-0.00014940342857100002,3.555908570993926e-05,1
65,1774313831332,-0.00013210525713999895,-0.00014940342857100002,3.555908570993926e-05,1
66,1774313831334,-0.00013210525713999895,0.00014309657142899993,-6.194091429003335e-05,1
67,1774313831336,-3.460525713999858e-05,0.00014309657142899993,-6.194091429003335e-05,1
68,1774313831339,-3.460525713999858e-05,0.00014309657142899993,-6.194091429003335e-05,1
69,1774313831341,-3.460525713999858e-05,0.00014309657142899993,-6.194091429003335e-05,1
70,1774313831343,-0.0002296052571399993,5.729657142899996e-05,0.0001330590857100229,1
71,1774313831346,-0.0002296052571399993,5.729657142899996e-05,0.0001330590857100229,1
72,1774313831348,-0.0002296052571399993,5.729657142899996e-05,0.0001330590857100229,1
73,1774313831350,-3.850525713999971e-05,-0.00014160342857100002,0.00014475908570997075,1
74,1774313831353,-3.850525713999971e-05,-0.00014160342857100002,0.00014475908570997075,1
75,1774313831355,-3.850525713999971e-05,-0.00014160342857100002,0.00014475908570997075,1
76,1774313831357,-3.850525713999971e-05,-0.00014160342857100002,0.00017205908571003414,1
77,1774313831360,2.3894742860000942e-05,1.8296571428999986e-05,0.00017205908571003414,1
78,1774313831362,2.3894742860000942e-05,1.8296571428999986e-05,0.00017205908571003414,1
79,1774313831365,2.3894742860000942e-05,1.8296571428999986e-05,0.00017205908571003414,1
80,1774313831367,-2.2905257139998678e-05,9.239657142899994e-05,0.0005308590857100266,1
81,1774313831369,-2.2905257139998678e-05,9.239657142899994e-05,0.0005308590857100266,1
82,1774313831372,-2.2905257139998678e-05,9.239657142899994e-05,0.0005308590857100266,1
83,1774313831374,-6.580525713999891e-05,5.339657142899997e-05,0.0002344590857099411,1
84,1774313831376,-6.580525713999891e-05,5.339657142899997e-05,0.0002344590857099411,1
85,1774313831379,-6.580525713999891e-05,5.339657142899997e-05,0.0002344590857099411,1
86,1774313831381,-6.580525713999891e-05,5.339657142899997e-05,0.0002344590857099411,1
87,1774313831383,-5.4105257139999e-05,0.00010409657142899996,0.000214959085709991,1
88,1774313831386,-5.4105257139999e-05,0.00010409657142899996,0.000214959085709991,1
89,1774313831388,-5.4105257139999e-05,0.00010409657142899996,0.000214959085709991,1
90,1774313831391,-7.360525713999942e-05,-0.00011430342857100004,0.00031635908571002024,1
91,1774313831393,-7.360525713999942e-05,-0.00011430342857100004,0.00031635908571002024,1
92,1774313831395,-7.360525713999942e-05,-0.00011430342857100004,0.00031635908571002024,1
93,1774313831398,-7.360525713999942e-05,3.779657142899997e-05,-0.00023744091429002846,1
94,1774313831400,5.119474286000014e-05,3.779657142899997e-05,-0.00023744091429002846,1
95,1774313831402,5.119474286000014e-05,3.779657142899997e-05,-0.00023744091429002846,1
96,1774313831405,5.119474286000014e-05,3.779657142899997e-05,-0.00023744091429002846,1
97,1774313831407,1.6094742860000427e-05,0.00020939657142899997,0.0005035590857099632,1
98,1774313831410,1.6094742860000427e-05,0.00020939657142899997,0.0005035590857099632,1
99,1774313831412,1.6094742860000427e-05,0.00020939657142899997,0.0005035590857099632,1
100,1774313831414,-0.00011650525713999965,-0.00011430342857100004,0.0005737590857099835,1
101,1774313831417,-0.00011650525713999965,-0.00011430342857100004,0.0005737590857099835,1
102,1774313831419,-0.00011650525713999965,-0.00011430342857100004,0.0005737590857099835,1
103,1774313831422,-0.00011650525713999965,0.00013139657142899997,-0.0005884409142900187,1
104,1774313831424,0.00015649474286000102,0.00013139657142899997,-0.0005884409142900187,1
105,1774313831426,0.00015649474286000102,0.00013139657142899997,-0.0005884409142900187,1
106,1774313831429,0.00015649474286000102,0.00013139657142899997,-0.0005884409142900187,1
107,1774313831431,-3.460525713999858e-05,0.000170396571429,0.00017205908571003414,1
108,1774313831433,-3.460525713999858e-05,0.000170396571429,0.00017205908571003414,1
109,1774313831436,-3.460525713999858e-05,0.000170396571429,0.00017205908571003414,1
110,1774313831438,-0.00010480525713999975,-9.870342857100004e-05,0.0007765590857099309,1
111,1774313831441,-0.00010480525713999975,-9.870342857100004e-05,0.0007765590857099309,1
112,1774313831443,-0.00010480525713999975,-9.870342857100004e-05,0.0007765590857099309,1
113,1774313831445,-0.00010480525713999975,-9.870342857100004e-05,7.45590857099505e-05,1
114,1774313831448,-4.24052571399991e-05,-0.000122103428571,7.45590857099505e-05,1
115,1774313831450,-4.24052571399991e-05,-0.000122103428571,7.45590857099505e-05,1
116,1774313831452,-4.24052571399991e-05,-0.000122103428571,7.45590857099505e-05,1
117,1774313831455,0.00014479474286000112,-1.6803428571e-05,0.0004060590857099906,1
118,1774313831457,0.00014479474286000112,-1.6803428571e-05,0.0004060590857099906,1
119,1774313831460,0.00014479474286000112,-1.6803428571e-05,0.0004060590857099906,1
120,1774313831462,-0.00012820525713999956,9.629657142899998e-05,0.0005308590857100266,1
121,1774313831464,-0.00012820525713999956,9.629657142899998e-05,0.0005308590857100266,1
122,1774313831467,-0.00012820525713999956,9.629657142899998e-05,0.0005308590857100266,1
123,1774313831469,-0.00012820525713999956,9.629657142899998e-05,0.00022665908570993886,1
124,1774313831472,3.949474286000024e-05,0.00020939657142899997,0.00022665908570993886,1
0,1774313831515,-5.4105257139999e-05,0.00018989657142899998,0.0004684590857100086,1
1,1774313831577,-0.0001906052571400002,3.3896571428999986e-05,0.00027345908570995236,1
2,1774313831579,-0.00012040525713999904,-9.090342857100001e-05,0.0003748590857099816,1
3,1774313831581,-4.24052571399991e-05,-4.8003428571e-05,-0.0001360409142899992,1
4,1774313831584,-4.24052571399991e-05,-4.8003428571e-05,-0.0001360409142899992,1
5,1774313831586,-4.24052571399991e-05,-4.8003428571e-05,-0.0001360409142899992,1
6,1774313831588,-4.24052571399991e-05,-4.8003428571e-05,-0.0001360409142899992,1
7,1774313831591,-9.700525713999923e-05,0.00023669657142899993,2.7759085709937008e-05,1
8,1774313831593,-9.700525713999923e-05,0.00023669657142899993,2.7759085709937008e-05,1
9,1774313831596,-9.700525713999923e-05,0.00023669657142899993,2.7759085709937008e-05,1
10,1774313831598,-0.00015160525713999937,0.00013529657142899996,0.0006088590857099381,1
11,1774313831600,-0.00015160525713999937,0.00013529657142899996,0.0006088590857099381,1
12,1774313831603,-0.00015160525713999937,0.00013529657142899996,0.0006088590857099381,1
13,1774313831605,-0.00021400525714000002,0.00010019657142899997,0.00041775908570993846,1
14,1774313831607,-0.00021400525714000002,0.00010019657142899997,0.00041775908570993846,1
15,1774313831610,-0.00021400525714000002,0.00010019657142899997,0.00041775908570993846,1
16,1774313831612,-0.00021400525714000002,0.00010019657142899997,0.00041775908570993846,1
17,1774313831614,-6.970525714000003e-05,0.000182096571429,0.00036315908571003374,1
18,1774313831617,-6.970525714000003e-05,0.000182096571429,0.00036315908571003374,1
19,1774313831619,-6.970525714000003e-05,0.000182096571429,0.00036315908571003374,1
20,1774313831622,0.00020719474286000003,-0.00010650342857100001,0.0001642590857100319,1
21,1774313831624,0.00020719474286000003,-0.00010650342857100001,0.0001642590857100319,1
22,1774313831626,0.00020719474286000003,-0.00010650342857100001,0.0001642590857100319,1
23,1774313831629,0.00020719474286000003,-0.00010650342857100001,-1.9040914289965467e-05,1
24,1774313831631,-0.00014770525713999998,0.00013139657142899997,-1.9040914289965467e-05,1
25,1774313831633,-0.00014770525713999998,0.00013139657142899997,-1.9040914289965467e-05,1
26,1774313831636,-0.00014770525713999998,0.00013139657142899997,-1.9040914289965467e-05,1
27,1774313831638,-2.6805257139999802e-05,0.00012749657142899998,-0.0001165409142900491,1
28,1774313831640,-2.6805257139999802e-05,0.00012749657142899998,-0.0001165409142900491,1
29,1774313831643,-2.6805257139999802e-05,0.00012749657142899998,-0.0001165409142900491,1
30,1774313831645,7.459474285999995e-05,8.849657142899996e-05,4.5908570998464543e-07,1
31,1774313831647,7.459474285999995e-05,8.849657142899996e-05,4.5908570998464543e-07,1
32,1774313831650,7.459474285999995e-05,8.849657142899996e-05,4.5908570998464543e-07,1
33,1774313831652,7.459474285999995e-05,8.849657142899996e-05,4.5908570998464543e-07,1
34,1774313831654,-5.800525714000013e-05,0.000232796571429,0.00041385908570999285,1
35,1774313831657,-5.800525714000013e-05,0.000232796571429,0.00041385908570999285,1
36,1774313831659,-5.800525714000013e-05,0.000232796571429,0.00041385908570999285,1
37,1774313831661,-6.970525714000003e-05,5.729657142899996e-05,0.0003943590857099317,1
38,1774313831664,-6.970525714000003e-05,5.729657142899996e-05,0.0003943590857099317,1
39,1774313831666,-6.970525714000003e-05,5.729657142899996e-05,0.0003943590857099317,1
40,1774313831669,-6.970525714000003e-05,5.729657142899996e-05,-0.00017114091429006485,1
41,1774313831671,5.509474286000127e-05,0.000107996571429,-0.00017114091429006485,1
42,1774313831673,5.509474286000127e-05,0.000107996571429,-0.00017114091429006485,1
43,1774313831676,5.509474286000127e-05,0.000107996571429,-0.00017114091429006485,1
44,1774313831678,2.7794742860000332e-05,0.00013529657142899996,0.00020715908570998875,1
45,1774313831680,2.7794742860000332e-05,0.00013529657142899996,0.00020715908570998875,1
46,1774313831686,2.7794742860000332e-05,0.00013529657142899996,0.00020715908570998875,1
47,1774313831689,-0.00012820525713999956,8.849657142899996e-05,0.000339759085710027,1
48,1774313831691,-0.00012820525713999956,8.849657142899996e-05,0.000339759085710027,1
49,1774313831693,-0.00012430525714000017,0.00011969657142899996,3.1659085709993644e-05,1
50,1774313831696,-0.00012430525714000017,0.00011969657142899996,3.1659085709993644e-05,1
51,1774313831699,-0.00012430525714000017,0.00011969657142899996,3.1659085709993644e-05,1
52,1774313831701,-9.310525713999984e-05,0.00010019657142899997,0.0004684590857100086,1
53,1774313831704,-9.310525713999984e-05,0.00010019657142899997,0.0004684590857100086,1
54,1774313831706,-9.310525713999984e-05,0.00010019657142899997,0.0004684590857100086,1
55,1774313831708,-9.310525713999984e-05,-7.530342857100001e-05,0.0010066590857099418,1
56,1774313831711,-7.750525713999881e-05,-7.530342857100001e-05,0.0010066590857099418,1
57,1774313831713,-7.750525713999881e-05,-7.530342857100001e-05,0.0010066590857099418,1
58,1774313831716,-7.750525713999881e-05,-7.530342857100001e-05,0.0010066590857099418,1
59,1774313831718,3.169474285999972e-05,2.2196571428999973e-05,-1.9040914289965467e-05,1
60,1774313831720,3.169474285999972e-05,2.2196571428999973e-05,-1.9040914289965467e-05,1
61,1774313831723,3.169474285999972e-05,2.2196571428999973e-05,-1.9040914289965467e-05,1
62,1774313831725,3.169474285999972e-05,-7.9203428571e-05,9.405908571001164e-05,1
63,1774313831727,3.169474285999972e-05,-7.9203428571e-05,9.405908571001164e-05,1
64,1774313831730,3.169474285999972e-05,-7.9203428571e-05,9.405908571001164e-05,1
65,1774313831732,3.169474285999972e-05,-7.9203428571e-05,1.9959085709934758e-05,1
66,1774313831735,-9.310525713999984e-05,6.509657142899999e-05,1.9959085709934758e-05,1
67,1774313831737,-9.310525713999984e-05,6.509657142899999e-05,1.9959085709934758e-05,1
68,1774313831739,-9.310525713999984e-05,6.509657142899999e-05,1.9959085709934758e-05,1
69,1774313831742,0.00011749474286000018,0.000107996571429,6.675908570994826e-05,1
70,1774313831744,0.00011749474286000018,0.000107996571429,6.675908570994826e-05,1
71,1774313831746,0.00011749474286000018,0.000107996571429,6.675908570994826e-05,1
72,1774313831749,0.00020329474286000064,0.00022889657142899996,0.0005113590857099655,1
73,1774313831751,0.00020329474286000064,0.00022889657142899996,0.0005113590857099655,1
74,1774313831754,0.00020329474286000064,0.00022889657142899996,0.0005113590857099655,1
75,1774313831756,0.00020329474286000064,0.00022889657142899996,0.0005113590857099655,1
76,1774313831758,-6.580525713999891e-05,-7.9203428571e-05,0.00038265908570998385,1
77,1774313831761,-6.580525713999891e-05,-7.9203428571e-05,0.00038265908570998385,1
78,1774313831763,-6.580525713999891e-05,-7.9203428571e-05,0.00038265908570998385,1
79,1774313831765,-8.140525713999994e-05,4.169657142899996e-05,2.7759085709937008e-05,1
80,1774313831768,-8.140525713999994e-05,4.169657142899996e-05,2.7759085709937008e-05,1
81,1774313831770,-8.140525713999994e-05,4.169657142899996e-05,2.7759085709937008e-05,1
82,1774313831773,5.119474286000014e-05,0.00013529657142899996,0.0004099590857099362,1
83,1774313831775,5.119474286000014e-05,0.00013529657142899996,0.0004099590857099362,1
84,1774313831777,5.119474286000014e-05,0.00013529657142899996,0.0004099590857099362,1
85,1774313831780,5.119474286000014e-05,0.00013529657142899996,0.0004099590857099362,1
86,1774313831782,-3.850525713999971e-05,-0.00014160342857100002,1.2159085709932509e-05,1
87,1774313831785,-3.850525713999971e-05,-0.00014160342857100002,1.2159085709932509e-05,1
88,1774313831787,-3.850525713999971e-05,-0.00014160342857100002,1.2159085709932509e-05,1
89,1774313831789,-0.00014380525713999885,0.000107996571429,3.945908570999589e-05,1
90,1774313831792,-0.00014380525713999885,0.000107996571429,3.945908570999589e-05,1
91,1774313831794,-0.00014380525713999885,0.000107996571429,3.945908570999589e-05,1
92,1774313831796,-0.00010480525713999975,0.00021719657142899994,0.000745359085710033,1
93,1774313831799,-0.00010480525713999975,0.00021719657142899994,0.000745359085710033,1
94,1774313831801,-0.00010480525713999975,0.00021719657142899994,0.000745359085710033,1
95,1774313831804,-0.00010480525713999975,0.00021719657142899994,0.000745359085710033,1
96,1774313831806,1.6094742860000427e-05,-3.630342857100004e-05,0.00036315908571003374,1
97,1774313831808,1.6094742860000427e-05,-3.630342857100004e-05,0.00036315908571003374,1
98,1774313831811,1.6094742860000427e-05,-3.630342857100004e-05,0.00036315908571003374,1
99,1774313831813,8.629474285999986e-05,0.00024059657142899997,-5.41409142900311e-05,1
100,1774313831816,8.629474285999986e-05,0.00024059657142899997,-5.41409142900311e-05,1
101,1774313831818,8.629474285999986e-05,0.00024059657142899997,-5.41409142900311e-05,1
102,1774313831820,-6.190525713999952e-05,8.849657142899996e-05,0.0004411590857099452,1
103,1774313831823,-6.190525713999952e-05,8.849657142899996e-05,0.0004411590857099452,1
104,1774313831825,-6.190525713999952e-05,8.849657142899996e-05,0.0004411590857099452,1
105,1774313831827,-6.190525713999952e-05,8.849657142899996e-05,0.0004411590857099452,1
106,1774313831830,-0.0002218052571399988,-5.190342857100004e-05,0.0001876590857099276,1
107,1774313831832,-0.0002218052571399988,-5.190342857100004e-05,0.0001876590857099276,1
108,1774313831835,-0.0002218052571399988,-5.190342857100004e-05,0.0001876590857099276,1
109,1774313831837,-0.0002101052571399989,3.779657142899997e-05,5.505908571000039e-05,1
110,1774313831839,-0.0002101052571399989,3.779657142899997e-05,5.505908571000039e-05,1
111,1774313831842,-0.0002101052571399989,3.779657142899997e-05,5.505908571000039e-05,1
112,1774313831844,-0.0002101052571399989,-9.870342857100004e-05,0.00028905908570995686,1
113,1774313831847,1.6094742860000427e-05,-9.870342857100004e-05,0.00028905908570995686,1
114,1774313831849,1.6094742860000427e-05,-9.870342857100004e-05,0.00028905908570995686,1
115,1774313831851,1.6094742860000427e-05,-9.870342857100004e-05,0.00028905908570995686,1
116,1774313831854,-0.00016720525713999866,0.00011969657142899996,0.0003553590857100315,1
117,1774313831856,-0.00016720525713999866,0.00011969657142899996,0.0003553590857100315,1
118,1774313831858,-0.00016720525713999866,0.00011969657142899996,0.0003553590857100315,1
119,1774313831861,-0.00012430525714000017,6.509657142899999e-05,0.0005113590857099655,1
120,1774313831863,-0.00012430525714000017,6.509657142899999e-05,0.0005113590857099655,1
121,1774313831866,-0.00012430525714000017,6.509657142899999e-05,0.0005113590857099655,1
122,1774313831868,-0.00012430525714000017,-1.6803428571e-05,0.0005347590857099722,1
123,1774313831870,6.679474286000117e-05,-1.6803428571e-05,0.0005347590857099722,1
124,1774313831873,6.679474286000117e-05,-1.6803428571e-05,0.0005347590857099722,1
0,1774313831977,6.679474286000117e-05,8.849657142899996e-05,0.0003943590857099317,1
1,1774313831979,-8.920525713999872e-05,4.5596571429e-05,0.000370959085710036,1
2,1774313831982,-0.00010090525713999862,1.049657142899996e-05,0.000370959085710036,1
3,1774313831984,-0.00010090525713999862,1.049657142899996e-05,0.000370959085710036,1
4,1774313831986,-0.00010090525713999862,1.049657142899996e-05,0.000370959085710036,1
5,1774313831989,-0.00027250525713999954,-1.6803428571e-05,0.000339759085710027,1
6,1774313831991,-0.00027250525713999954,-1.6803428571e-05,0.000339759085710027,1
7,1774313831994,-0.00027250525713999954,-1.6803428571e-05,0.000339759085710027,1
8,1774313831996,4.947428600011322e-07,0.00019379657142900002,0.00016035908570997525,1
9,1774313831998,4.947428600011322e-07,0.00019379657142900002,0.00016035908570997525,1
10,1774313832001,4.947428600011322e-07,0.00019379657142900002,0.00016035908570997525,1
11,1774313832003,4.947428600011322e-07,0.00019379657142900002,0.0004216590857099951,1
12,1774313832006,0.00010579474286000028,-9.090342857100001e-05,0.0004216590857099951,1
13,1774313832008,0.00010579474286000028,-9.090342857100001e-05,0.0004216590857099951,1
14,1774313832010,0.00010579474286000028,-9.090342857100001e-05,0.0004216590857099951,1
15,1774313832013,8.629474285999986e-05,-9.480342857100005e-05,0.000152559085709973,1
16,1774313832015,8.629474285999986e-05,-9.480342857100005e-05,0.000152559085709973,1
17,1774313832017,8.629474285999986e-05,-9.480342857100005e-05,0.000152559085709973,1
18,1774313832020,-6.580525713999891e-05,6.119657142899994e-05,-0.00024134091428997407,1
19,1774313832022,-6.580525713999891e-05,6.119657142899994e-05,-0.00024134091428997407,1
20,1774313832025,-6.580525713999891e-05,6.119657142899994e-05,-0.00024134091428997407,1
21,1774313832027,-6.580525713999891e-05,6.119657142899994e-05,-0.00024134091428997407,1
22,1774313832029,-7.305257139999383e-06,0.0004238965714289999,0.00027345908570995236,1
23,1774313832032,-7.305257139999383e-06,0.0004238965714289999,0.00027345908570995236,1
24,1774313832034,-7.305257139999383e-06,0.0004238965714289999,0.00027345908570995236,1
25,1774313832036,-2.2905257139998678e-05,0.000263996571429,0.00028905908570995686,1
26,1774313832039,-2.2905257139998678e-05,0.000263996571429,0.00028905908570995686,1
27,1774313832041,-2.2905257139998678e-05,0.000263996571429,0.00028905908570995686,1
28,1774313832044,-1.1205257139998773e-05,0.00016649657142899996,0.0004996590857100176,1
29,1774313832046,-1.1205257139998773e-05,0.00016649657142899996,0.0004996590857100176,1
30,1774313832048,-1.1205257139998773e-05,0.00016649657142899996,0.0004996590857100176,1
31,1774313832051,-1.1205257139998773e-05,0.00016649657142899996,0.0004996590857100176,1
32,1774313832053,8.294742859999912e-06,7.6796571429e-05,-0.00031544091429005095,1
33,1774313832055,8.294742859999912e-06,7.6796571429e-05,-0.00031544091429005095,1
34,1774313832058,8.294742859999912e-06,7.6796571429e-05,-0.00031544091429005095,1
35,1774313832060,5.509474286000127e-05,0.00019769657142899996,0.0001993590857099865,1
36,1774313832063,5.509474286000127e-05,0.00019769657142899996,0.0001993590857099865,1
37,1774313832065,5.509474286000127e-05,0.00019769657142899996,0.0001993590857099865,1
38,1774313832067,5.509474286000127e-05,-7.9203428571e-05,0.0006322590857099448,1
39,1774313832070,-0.00012820525713999956,-7.9203428571e-05,0.0006322590857099448,1
40,1774313832072,-0.00012820525713999956,-7.9203428571e-05,0.0006322590857099448,1
41,1774313832074,-0.00012820525713999956,-7.9203428571e-05,0.0006322590857099448,1
42,1774313832077,-0.00011260525714000026,-0.00024300342857100002,0.00014475908570997075,1
43,1774313832079,-0.00011260525714000026,-0.00024300342857100002,0.00014475908570997075,1
44,1774313832082,-0.00011260525714000026,-0.00024300342857100002,0.00014475908570997075,1
45,1774313832087,-0.00013210525713999895,0.000408296571429,0.0005620590857100356,1
46,1774313832090,-0.00013210525713999895,0.000408296571429,0.0005620590857100356,1
47,1774313832092,9.019474286000098e-05,8.459657142899997e-05,0.0010183590857100007,1
48,1774313832095,9.019474286000098e-05,8.459657142899997e-05,0.0010183590857100007,1
49,1774313832097,9.019474286000098e-05,8.459657142899997e-05,0.0010183590857100007,1
50,1774313832099,0.00011749474286000018,-0.00014940342857100002,-0.001165640914289963,1
51,1774313832102,0.00011749474286000018,-0.00014940342857100002,-0.001165640914289963,1
52,1774313832104,0.00011749474286000018,-0.00014940342857100002,-0.001165640914289963,1
53,1774313832106,0.00011749474286000018,-0.00014940342857100002,-0.001165640914289963,1
54,1774313832109,-0.00010870525713999914,0.0003926965714289999,-8.53409142900401e-05,1
55,1774313832111,-0.00010870525713999914,0.0003926965714289999,-8.53409142900401e-05,1
56,1774313832114,-0.00010870525713999914,0.0003926965714289999,-8.53409142900401e-05,1
57,1774313832117,-0.00027640525713999893,3.779657142899997e-05,0.0009754590857099328,1
58,1774313832119,-0.00027640525713999893,3.779657142899997e-05,0.0009754590857099328,1
59,1774313832121,-0.00027640525713999893,3.779657142899997e-05,0.0009754590857099328,1
60,1774313832124,-0.00012430525714000017,-0.00018840342857100002,2.3859085709991394e-05,1
61,1774313832126,-0.00012430525714000017,-0.00018840342857100002,2.3859085709991394e-05,1
62,1774313832128,-0.00012430525714000017,-0.00018840342857100002,2.3859085709991394e-05,1
63,1774313832131,-0.00012430525714000017,-0.00018840342857100002,5.1159085709943757e-05,1
64,1774313832133,-3.070525713999919e-05,0.00023669657142899993,5.1159085709943757e-05,1
65,1774313832136,-3.070525713999919e-05,0.00023669657142899993,5.1159085709943757e-05,1
66,1774313832138,-3.070525713999919e-05,0.00023669657142899993,5.1159085709943757e-05,1
67,1774313832140,3.559474286000085e-05,-0.00011820342857100002,0.0009637590857099849,1
68,1774313832143,3.559474286000085e-05,-0.00011820342857100002,0.0009637590857099849,1
69,1774313832145,3.559474286000085e-05,-0.00011820342857100002,0.0009637590857099849,1
70,1774313832147,-7.305257139999383e-06,-0.00019620342857100002,-0.0002296409142900262,1
71,1774313832150,-7.305257139999383e-06,-0.00019620342857100002,-0.0002296409142900262,1
72,1774313832152,-7.305257139999383e-06,-0.00019620342857100002,-0.0002296409142900262,1
73,1774313832155,-7.305257139999383e-06,-0.00019620342857100002,-2.2940914290022103e-05,1
74,1774313832157,-4.630525714000022e-05,0.00013139657142899997,-2.2940914290022103e-05,1
75,1774313832159,-4.630525714000022e-05,0.00013139657142899997,-2.2940914290022103e-05,1
76,1774313832162,-4.630525714000022e-05,0.00013139657142899997,-2.2940914290022103e-05,1
77,1774313832164,-0.00015160525713999937,5.339657142899997e-05,0.0006439590857100037,1
78,1774313832166,-0.00015160525713999937,5.339657142899997e-05,0.0006439590857100037,1
79,1774313832169,-0.00015160525713999937,5.339657142899997e-05,0.0006439590857100037,1
80,1774313832171,-7.360525713999942e-05,0.000263996571429,-7.754091429003785e-05,1
81,1774313832174,-7.360525713999942e-05,0.000263996571429,-7.754091429003785e-05,1
82,1774313832176,-7.360525713999942e-05,0.000263996571429,-7.754091429003785e-05,1
83,1774313832178,-7.360525713999942e-05,0.000263996571429,-7.754091429003785e-05,1
84,1774313832181,5.509474286000127e-05,0.00031079657142899994,0.00028515908571001124,1
85,1774313832183,5.509474286000127e-05,0.00031079657142899994,0.00028515908571001124,1
86,1774313832185,5.509474286000127e-05,0.00031079657142899994,0.00028515908571001124,1
87,1774313832188,-0.00024910525713999973,-0.00016500342857100002,0.0008662590857100123,1
88,1774313832190,-0.00024910525713999973,-0.00016500342857100002,0.0008662590857100123,1
89,1774313832193,-0.00024910525713999973,-0.00016500342857100002,0.0008662590857100123,1
90,1774313832195,4.339474286000136e-05,5.339657142899997e-05,-0.0005182409142899984,1
91,1774313832197,4.339474286000136e-05,5.339657142899997e-05,-0.0005182409142899984,1
92,1774313832200,4.339474286000136e-05,5.339657142899997e-05,-0.0005182409142899984,1
93,1774313832202,4.339474286000136e-05,5.339657142899997e-05,-0.0005182409142899984,1
94,1774313832204,-1.9005257139999288e-05,0.00013529657142899996,0.000339759085710027,1
95,1774313832207,-1.9005257139999288e-05,0.00013529657142899996,0.000339759085710027,1
96,1774313832209,-1.9005257139999288e-05,0.00013529657142899996,0.000339759085710027,1
97,1774313832212,-3.4052571399999926e-06,-5.190342857100004e-05,0.0006166590857099403,1
98,1774313832214,-3.4052571399999926e-06,-5.190342857100004e-05,0.0006166590857099403,1
99,1774313832216,-3.4052571399999926e-06,-5.190342857100004e-05,0.0006166590857099403,1
100,1774313832219,-3.4052571399999926e-06,2.6965714289999866e-06,-0.00029984091429004645,1
101,1774313832221,-0.00016720525713999866,2.6965714289999866e-06,-0.00029984091429004645,1
102,1774313832224,-0.00016720525713999866,2.6965714289999866e-06,-0.00029984091429004645,1
103,1774313832226,-0.00016720525713999866,2.6965714289999866e-06,-0.00029984091429004645,1
104,1774313832228,-1.5105257139999897e-05,0.00011579657142899997,0.00024225908570994336,1
105,1774313832231,-1.5105257139999897e-05,0.00011579657142899997,0.00024225908570994336,1
106,1774313832233,-1.5105257139999897e-05,0.00011579657142899997,0.00024225908570994336,1
107,1774313832235,-1.1205257139998773e-05,-0.00023910342857100004,0.00022275908570999325,1
108,1774313832238,-1.1205257139998773e-05,-0.00023910342857100004,0.00022275908570999325,1
109,1774313832240,-1.1205257139998773e-05,-0.00023910342857100004,0.00022275908570999325,1
110,1774313832243,-1.1205257139998773e-05,0.000150896571429,0.000370959085710036,1
111,1774313832245,4.394742860000522e-06,0.000150896571429,0.000370959085710036,1
112,1774313832247,4.394742860000522e-06,0.000150896571429,0.000370959085710036,1
113,1774313832250,4.394742860000522e-06,0.000150896571429,0.000370959085710036,1
114,1774313832252,1.2194742860001037e-05,-6.360342857100005e-05,0.00024615908571,1
115,1774313832254,1.2194742860001037e-05,-6.360342857100005e-05,0.00024615908571,1
116,1774313832257,1.2194742860001037e-05,-6.360342857100005e-05,0.00024615908571,1
117,1774313832259,-8.530525713999933e-05,-0.00011430342857100004,-0.00034664091429005995,1
118,1774313832262,-8.530525713999933e-05,-0.00011430342857100004,-0.00034664091429005995,1
119,1774313832264,-8.530525713999933e-05,-0.00011430342857100004,-0.00034664091429005995,1
120,1774313832266,-8.530525713999933e-05,-0.00011430342857100004,-1.9040914289965467e-05,1
121,1774313832269,8.294742859999912e-06,0.00016649657142899996,-1.9040914289965467e-05,1
122,1774313832271,8.294742859999912e-06,0.00016649657142899996,-1.9040914289965467e-05,1
123,1774313832273,8.294742859999912e-06,0.00016649657142899996,-1.9040914289965467e-05,1
124,1774313832276,4.339474286000136e-05,6.509657142899999e-05,0.0009715590857099872,1
0,1774313832289,-0.00026860525714000015,-5.5803428571000026e-05,-0.0001009409142900446,1
1,1774313832291,-8.140525713999994e-05,0.00015869657142899998,4.335908570994151e-05,1
2,1774313832294,-8.140525713999994e-05,0.00015869657142899998,4.335908570994151e-05,1
3,1774313832296,-8.140525713999994e-05,0.00015869657142899998,4.335908570994151e-05,1
4,1774313832299,-8.140525713999994e-05,5.339657142899997e-05,0.0006283590857099992,1
5,1774313832301,0.00021499474286000055,5.339657142899997e-05,0.0006283590857099992,1
6,1774313832303,0.00021499474286000055,5.339657142899997e-05,0.0006283590857099992,1
7,1774313832306,0.00021499474286000055,5.339657142899997e-05,0.0006283590857099992,1
8,1774313832308,-0.00024910525713999973,-0.00020400342857100002,0.000682959085710015,1
9,1774313832310,-0.00024910525713999973,-0.00020400342857100002,0.000682959085710015,1
10,1774313832344,-0.0002179052571399994,0.00016259657142899992,0.00033195908571002474,1
11,1774313832347,-0.00011260525714000026,-0.000153303428571,-0.00026864091429003745,1
12,1774313832409,-5.020525713999961e-05,0.0003302965714289999,0.0001486590857100274,1
13,1774313832411,-0.00011650525713999965,-0.00015720342857100002,0.0005776590857099291,1
14,1774313832414,-0.00011650525713999965,-0.00015720342857100002,0.0005776590857099291,1
15,1774313832416,-0.00011650525713999965,-0.00015720342857100002,0.0005776590857099291,1
16,1774313832419,-5.020525713999961e-05,0.00010019657142899997,-4.2440914289972216e-05,1
17,1774313832421,-5.020525713999961e-05,0.00010019657142899997,-4.2440914289972216e-05,1
18,1774313832423,-5.020525713999961e-05,0.00010019657142899997,-4.2440914289972216e-05,1
19,1774313832426,-5.020525713999961e-05,0.00010019657142899997,0.00036705908570997935,1
20,1774313832428,1.9994742859999817e-05,0.00024839657142899994,0.00036705908570997935,1
21,1774313832431,1.9994742859999817e-05,0.00024839657142899994,0.00036705908570997935,1
22,1774313832433,1.9994742859999817e-05,0.00024839657142899994,0.00036705908570997935,1
23,1774313832435,-1.1205257139998773e-05,-3.630342857100004e-05,0.00022275908570999325,1
24,1774313832438,-1.1205257139998773e-05,-3.630342857100004e-05,0.00022275908570999325,1
25,1774313832440,-1.1205257139998773e-05,-3.630342857100004e-05,0.00022275908570999325,1
26,1774313832442,-0.00013990525713999946,-0.00011430342857100004,-0.0004012409142899647,1
27,1774313832445,-0.00013990525713999946,-0.00011430342857100004,-0.0004012409142899647,1
28,1774313832447,-0.00013990525713999946,-0.00011430342857100004,-0.0004012409142899647,1
29,1774313832449,-0.00013990525713999946,-0.00011430342857100004,-0.0004012409142899647,1
30,1774313832452,-0.00015160525713999937,0.00016649657142899996,0.0003943590857099317,1
31,1774313832454,-0.00015160525713999937,0.00016649657142899996,0.0003943590857099317,1
32,1774313832457,-0.00015160525713999937,0.00016649657142899996,0.0003943590857099317,1
33,1774313832459,-0.00025690525714000025,-1.203428571000054e-06,0.0011821590857099369,1
34,1774313832461,-0.00025690525714000025,-1.203428571000054e-06,0.0011821590857099369,1
35,1774313832464,-0.00025690525714000025,-1.203428571000054e-06,0.0011821590857099369,1
36,1774313832466,7.849474286000108e-05,-9.003428571000027e-06,-0.0005650409142900119,1
37,1774313832468,7.849474286000108e-05,-9.003428571000027e-06,-0.0005650409142900119,1
38,1774313832471,7.849474286000108e-05,-9.003428571000027e-06,-0.0005650409142900119,1
39,1774313832473,7.849474286000108e-05,-9.003428571000027e-06,-0.0005650409142900119,1
40,1774313832476,0.00011749474286000018,0.0002873965714289999,5.505908571000039e-05,1
41,1774313832478,0.00011749474286000018,0.0002873965714289999,5.505908571000039e-05,1
42,1774313832480,0.00011749474286000018,0.0002873965714289999,5.505908571000039e-05,1
43,1774313832483,-0.00012040525713999904,-3.2403428571000053e-05,0.00036705908570997935,1
44,1774313832485,-0.00012040525713999904,-3.2403428571000053e-05,0.00036705908570997935,1
45,1774313832487,-0.00012040525713999904,-3.2403428571000053e-05,0.00036705908570997935,1
46,1774313832490,-0.00012040525713999904,-0.00014550342857100004,-0.0001828409142900127,1
47,1774313832492,-0.00028810525713999884,-0.00014550342857100004,-0.0001828409142900127,1
48,1774313832495,-0.00028810525713999884,-0.00014550342857100004,-0.0001828409142900127,1
49,1774313832497,-0.00028810525713999884,-0.00014550342857100004,-0.0001828409142900127,1
50,1774313832499,-0.0002101052571399989,8.069657142899999e-05,-7.340914290017604e-06,1
51,1774313832502,-0.0002101052571399989,8.069657142899999e-05,-7.340914290017604e-06,1
52,1774313832504,-0.0002101052571399989,8.069657142899999e-05,-7.340914290017604e-06,1
53,1774313832506,-1.9005257139999288e-05,4.5596571429e-05,0.0001681590857099775,1
54,1774313832509,-1.9005257139999288e-05,4.5596571429e-05,0.0001681590857099775,1
55,1774313832511,-1.9005257139999288e-05,4.5596571429e-05,0.0001681590857099775,1
56,1774313832514,-1.9005257139999288e-05,0.000139196571429,0.0003124590857099636,1
57,1774313832516,-1.5105257139999897e-05,0.000139196571429,0.0003124590857099636,1
58,1774313832518,-1.5105257139999897e-05,0.000139196571429,0.0003124590857099636,1
59,1774313832521,-1.5105257139999897e-05,0.000139196571429,0.0003124590857099636,1
60,1774313832523,6.289474286000005e-05,0.00011189657142899998,0.0006166590857099403,1
61,1774313832526,6.289474286000005e-05,0.00011189657142899998,0.0006166590857099403,1
62,1774313832528,6.289474286000005e-05,0.00011189657142899998,0.0006166590857099403,1
63,1774313832530,-0.00012820525713999956,-0.00013380342857100002,7.45590857099505e-05,1
64,1774313832533,-0.00012820525713999956,-0.00013380342857100002,7.45590857099505e-05,1
65,1774313832535,-0.00012820525713999956,-0.00013380342857100002,7.45590857099505e-05,1
66,1774313832537,-0.00012820525713999956,-0.00013380342857100002,-0.00012824091428999696,1
67,1774313832540,-3.070525713999919e-05,0.00015479657142899994,-0.00012824091428999696,1
68,1774313832542,-3.070525713999919e-05,0.00015479657142899994,-0.00012824091428999696,1
69,1774313832545,-3.070525713999919e-05,0.00015479657142899994,-0.00012824091428999696,1
70,1774313832547,-0.00017500525713999918,0.00010409657142899996,0.0006283590857099992,1
71,1774313832549,-0.00017500525713999918,0.00010409657142899996,0.0006283590857099992,1
72,1774313832552,-0.00017500525713999918,0.00010409657142899996,0.0006283590857099992,1
73,1774313832554,-0.0001945052571399996,-0.000200103428571,0.0006439590857100037,1
74,1774313832556,-0.0001945052571399996,-0.000200103428571,0.0006439590857100037,1
75,1774313832559,-0.0001945052571399996,-0.000200103428571,0.0006439590857100037,1
76,1774313832561,-0.0001945052571399996,-0.000200103428571,-0.0007444409142900637,1
77,1774313832564,9.019474286000098e-05,2.609657142899996e-05,-0.0007444409142900637,1
78,1774313832566,9.019474286000098e-05,2.609657142899996e-05,-0.0007444409142900637,1
79,1774313832568,9.019474286000098e-05,2.609657142899996e-05,-0.0007444409142900637,1
80,1774313832571,0.00019159474286000074,0.000314696571429,0.0001876590857099276,1
81,1774313832573,0.00019159474286000074,0.000314696571429,0.0001876590857099276,1
82,1774313832575,0.00019159474286000074,0.000314696571429,0.0001876590857099276,1
83,1774313832578,8.294742859999912e-06,-7.9203428571e-05,0.0008545590857099534,1
84,1774313832580,8.294742859999912e-06,-7.9203428571e-05,0.0008545590857099534,1
85,1774313832583,8.294742859999912e-06,-7.9203428571e-05,0.0008545590857099534,1
86,1774313832585,8.294742859999912e-06,-7.9203428571e-05,0.0008545590857099534,1
87,1774313832587,-5.4105257139999e-05,1.8296571428999986e-05,-0.00027254091428998307,1
88,1774313832590,-5.4105257139999e-05,1.8296571428999986e-05,-0.00027254091428998307,1
89,1774313832592,-5.4105257139999e-05,1.8296571428999986e-05,-0.00027254091428998307,1
90,1774313832594,-6.580525713999891e-05,0.00022499657142899991,0.00047625908571001085,1
91,1774313832597,-6.580525713999891e-05,0.00022499657142899991,0.00047625908571001085,1
92,1774313832599,-6.580525713999891e-05,0.00022499657142899991,0.00047625908571001085,1
93,1774313832602,-0.0002023052571400001,-7.9203428571e-05,0.000620559085709997,1
94,1774313832605,-0.0002023052571400001,-7.9203428571e-05,0.000620559085709997,1
95,1774313832607,-0.0002023052571400001,-7.9203428571e-05,0.000620559085709997,1
96,1774313832610,-4.24052571399991e-05,0.00016649657142899996,2.7759085709937008e-05,1
97,1774313832613,-4.24052571399991e-05,0.00016649657142899996,2.7759085709937008e-05,1
98,1774313832615,-4.24052571399991e-05,0.00016649657142899996,2.7759085709937008e-05,1
99,1774313832618,-8.920525713999872e-05,-4.410342857100001e-05,0.00052695908570997,1
100,1774313832620,-8.920525713999872e-05,-4.410342857100001e-05,0.00052695908570997,1
101,1774313832623,-8.920525713999872e-05,-4.410342857100001e-05,0.00052695908570997,1
102,1774313832625,-8.920525713999872e-05,-4.410342857100001e-05,-0.0003544409142900622,1
103,1774313832627,-0.0002218052571399988,-0.00028200342857100005,-0.0003544409142900622,1
104,1774313832630,-0.0002218052571399988,-0.00028200342857100005,-0.0003544409142900622,1
105,1774313832632,-0.0002218052571399988,-0.00028200342857100005,-0.0003544409142900622,1
106,1774313832634,-0.0002335052571399987,0.0004862965714289999,4.5908570998464543e-07,1
107,1774313832637,-0.0002335052571399987,0.0004862965714289999,4.5908570998464543e-07,1
108,1774313832639,-0.0002335052571399987,0.0004862965714289999,4.5908570998464543e-07,1
109,1774313832642,-1.1205257139998773e-05,0.00020939657142899997,0.0011431590857100367,1
110,1774313832644,-1.1205257139998773e-05,0.00020939657142899997,0.0011431590857100367,1
111,1774313832646,-1.1205257139998773e-05,0.00020939657142899997,0.0011431590857100367,1
112,1774313832649,-1.1205257139998773e-05,0.00020939657142899997,0.0011431590857100367,1
113,1774313832651,-9.700525713999923e-05,-0.00012600342857100002,4.335908570994151e-05,1
114,1774313832654,-9.700525713999923e-05,-0.00012600342857100002,4.335908570994151e-05,1
115,1774313832656,-9.700525713999923e-05,-0.00012600342857100002,4.335908570994151e-05,1
116,1774313832658,5.509474286000127e-05,0.00010019657142899997,-5.8040914289976715e-05,1
117,1774313832661,5.509474286000127e-05,0.00010019657142899997,-5.8040914289976715e-05,1
118,1774313832663,5.509474286000127e-05,0.00010019657142899997,-5.8040914289976715e-05,1
119,1774313832666,0.00012919474286000009,-7.530342857100001e-05,0.0006400590857099471,1
120,1774313832668,0.00012919474286000009,-7.530342857100001e-05,0.0006400590857099471,1
121,1774313832670,0.00012919474286000009,-7.530342857100001e-05,0.0006400590857099471,1
122,1774313832673,0.00012919474286000009,-7.530342857100001e-05,-5.8040914289976715e-05,1
123,1774313832675,-0.00013210525713999895,-0.00019230342857100004,-5.8040914289976715e-05,1
124,1774313832678,-0.00013210525713999895,-0.00019230342857100004,-5.8040914289976715e-05,1
0,1774313832691,3.559474286000085e-05,7.6796571429e-05,0.00041385908570999285,1
1,1774313832725,-0.00012820525713999956,-8.310342857100004e-05,-0.0002452409142900307,1
2,1774313832728,-0.00012820525713999956,-8.310342857100004e-05,-0.0002452409142900307,1
3,1774313832741,-3.850525713999971e-05,0.000338096571429,0.000339759085710027,1
4,1774313832751,-0.0002452052571399986,-0.00012990342857100004,0.0009793590857099894,1
5,1774313832787,-7.360525713999942e-05,1.049657142899996e-05,0.0004411590857099452,1
6,1774313832798,7.069474286000056e-05,0.00020939657142899997,-0.00021014091428996507,1
7,1774313832800,7.069474286000056e-05,0.00020939657142899997,-0.00021014091428996507,1
8,1774313832802,-3.4052571399999926e-06,-6.750342857100004e-05,0.000214959085709991,1
9,1774313832805,-3.4052571399999926e-06,-6.750342857100004e-05,0.000214959085709991,1
10,1774313832807,-3.4052571399999926e-06,-6.750342857100004e-05,0.000214959085709991,1
11,1774313832810,-0.00028030525714000006,-0.000231303428571,0.00017985908571003639,1
12,1774313832812,-0.00028030525714000006,-0.000231303428571,0.00017985908571003639,1
13,1774313832814,-0.00028030525714000006,-0.000231303428571,0.00017985908571003639,1
14,1774313832817,-0.00028030525714000006,-0.00010650342857100001,-6.194091429003335e-05,1
15,1774313832819,-0.00012820525713999956,-0.00010650342857100001,-6.194091429003335e-05,1
16,1774313832821,-0.00012820525713999956,-0.00010650342857100001,-6.194091429003335e-05,1
17,1774313832824,-0.00012820525713999956,-0.00010650342857100001,-6.194091429003335e-05,1
18,1774313832826,-0.00013210525713999895,0.00020939657142899997,0.00022275908570999325,1
19,1774313832828,-0.00013210525713999895,0.00020939657142899997,0.00022275908570999325,1
20,1774313832831,-0.00013210525713999895,0.00020939657142899997,0.00022275908570999325,1
21,1774313832834,-0.000264705257139999,0.000107996571429,0.0009013590857099669,1
22,1774313832836,-0.000264705257139999,0.000107996571429,0.0009013590857099669,1
23,1774313832838,-0.000264705257139999,0.000107996571429,0.0009013590857099669,1
24,1774313832841,0.0001096947428600014,4.5596571429e-05,-0.00042854091429002806,1
25,1774313832843,0.0001096947428600014,4.5596571429e-05,-0.00042854091429002806,1
26,1774313832845,0.0001096947428600014,4.5596571429e-05,-0.00042854091429002806,1
27,1774313832848,0.0001096947428600014,4.5596571429e-05,-0.00042854091429002806,1
28,1774313832850,7.069474286000056e-05,0.00011189657142899998,-0.0001789409142900671,1
29,1774313832853,7.069474286000056e-05,0.00011189657142899998,-0.0001789409142900671,1
30,1774313832855,7.069474286000056e-05,0.00011189657142899998,-0.0001789409142900671,1
31,1774313832857,-0.00010870525713999914,-9.003428571000027e-06,0.0005815590857099857,1
32,1774313832860,-0.00010870525713999914,-9.003428571000027e-06,0.0005815590857099857,1
33,1774313832862,-0.00010870525713999914,-9.003428571000027e-06,0.0005815590857099857,1
34,1774313832864,-0.00010870525713999914,-0.00011820342857100002,-7.340914290017604e-06,1
35,1774313832867,-0.00013210525713999895,-0.00011820342857100002,-7.340914290017604e-06,1
36,1774313832869,-0.00013210525713999895,-0.00011820342857100002,-7.340914290017604e-06,1
37,1774313832872,-0.00013210525713999895,-0.00011820342857100002,-7.340914290017604e-06,1
38,1774313832874,1.6094742860000427e-05,-4.8003428571e-05,0.000152559085709973,1
39,1774313832877,1.6094742860000427e-05,-4.8003428571e-05,0.000152559085709973,1
40,1774313832880,1.6094742860000427e-05,-4.8003428571e-05,0.000152559085709973,1
41,1774313832882,-0.00010870525713999914,-5.5803428571000026e-05,0.0005308590857100266,1
42,1774313832885,-0.00010870525713999914,-5.5803428571000026e-05,0.0005308590857100266,1
43,1774313832890,-2.2905257139998678e-05,4.5596571429e-05,0.0001642590857100319,1
44,1774313832892,-2.2905257139998678e-05,4.5596571429e-05,0.0001642590857100319,1
45,1774313832894,-2.2905257139998678e-05,4.5596571429e-05,0.0001642590857100319,1
46,1774313832897,-0.00011260525714000026,-0.00010260342857100003,0.0001642590857100319,1
47,1774313832899,-0.00011260525714000026,-0.00010260342857100003,0.0001642590857100319,1
48,1774313832901,-0.00011260525714000026,-0.00010260342857100003,0.0001642590857100319,1
49,1774313832904,-0.00011260525714000026,-0.00010260342857100003,0.0001642590857100319,1
50,1774313832906,-6.580525713999891e-05,-0.000289803428571,0.0002617590857100045,1
51,1774313832909,-6.580525713999891e-05,-0.000289803428571,0.0002617590857100045,1
52,1774313832911,-6.580525713999891e-05,-0.000289803428571,0.0002617590857100045,1
53,1774313832913,-0.000264705257139999,-0.00012990342857100004,-0.0001516409142900037,1
54,1774313832916,-0.000264705257139999,-0.00012990342857100004,-0.0001516409142900037,1
55,1774313832918,-0.000264705257139999,-0.00012990342857100004,-0.0001516409142900037,1
56,1774313832920,-0.000264705257139999,0.0002873965714289999,0.00047625908571001085,1
57,1774313832923,-0.0002218052571399988,0.0002873965714289999,0.00047625908571001085,1
58,1774313832925,-0.0002218052571399988,0.0002873965714289999,0.00047625908571001085,1
59,1774313832927,-0.0002218052571399988,0.0002873965714289999,0.00047625908571001085,1
60,1774313832930,-5.4105257139999e-05,4.9496571428999986e-05,0.0010963590857100232,1
61,1774313832932,-5.4105257139999e-05,4.9496571428999986e-05,0.0010963590857100232,1
62,1774313832934,-5.4105257139999e-05,4.9496571428999986e-05,0.0010963590857100232,1
63,1774313832937,1.6094742860000427e-05,7.289657142899996e-05,-0.00022184091429002396,1
64,1774313832939,1.6094742860000427e-05,7.289657142899996e-05,-0.00022184091429002396,1
65,1774313832941,1.6094742860000427e-05,7.289657142899996e-05,-0.00022184091429002396,1
66,1774313832944,1.6094742860000427e-05,7.289657142899996e-05,0.000308559085710018,1
67,1774313832946,9.019474286000098e-05,0.000256196571429,0.000308559085710018,1
68,1774313832949,9.019474286000098e-05,0.000256196571429,0.000308559085710018,1
69,1774313832951,9.019474286000098e-05,0.000256196571429,0.000308559085710018,1
70,1774313832953,-0.00012820525713999956,5.339657142899997e-05,0.0006049590857099925,1
71,1774313832956,-0.00012820525713999956,5.339657142899997e-05,0.0006049590857099925,1
72,1774313832958,-0.00012820525713999956,5.339657142899997e-05,0.0006049590857099925,1
73,1774313832960,-5.020525713999961e-05,-0.000153303428571,-0.00028424091429004195,1
74,1774313832963,-5.020525713999961e-05,-0.000153303428571,-0.00028424091429004195,1
75,1774313832965,-5.020525713999961e-05,-0.000153303428571,-0.00028424091429004195,1
76,1774313832968,-5.020525713999961e-05,0.000263996571429,0.0005854590857099313,1
77,1774313832970,2.3894742860000942e-05,0.000263996571429,0.0005854590857099313,1
78,1774313832973,2.3894742860000942e-05,0.000263996571429,0.0005854590857099313,1
79,1774313832975,2.3894742860000942e-05,0.000263996571429,0.0005854590857099313,1
80,1774313832978,1.9994742859999817e-05,0.00011579657142899997,0.0011275590857100322,1
81,1774313832980,1.9994742859999817e-05,0.00011579657142899997,0.0011275590857100322,1
82,1774313832982,1.9994742859999817e-05,0.00011579657142899997,0.0011275590857100322,1
83,1774313832985,-0.00012040525713999904,0.00011579657142899997,8.235908570995275e-05,1
84,1774313832987,-0.00012040525713999904,0.00011579657142899997,8.235908570995275e-05,1
85,1774313832990,-0.00012040525713999904,0.00011579657142899997,8.235908570995275e-05,1
86,1774313832992,-0.00012040525713999904,0.00011579657142899997,0.0002617590857100045,1
87,1774313832994,1.2194742860001037e-05,0.00011579657142899997,0.0002617590857100045,1
88,1774313832997,1.2194742860001037e-05,0.00011579657142899997,0.0002617590857100045,1
89,1774313832999,1.2194742860001037e-05,0.00011579657142899997,0.0002617590857100045,1
90,1774313833001,-0.00014770525713999998,-0.00019620342857100002,0.000277359085710009,1
91,1774313833004,-0.00014770525713999998,-0.00019620342857100002,0.000277359085710009,1
92,1774313833006,-0.00014770525713999998,-0.00019620342857100002,0.000277359085710009,1
93,1774313833009,-4.24052571399991e-05,-5.10342857100004e-06,-0.0001789409142900671,1
94,1774313833011,-4.24052571399991e-05,-5.10342857100004e-06,-0.0001789409142900671,1
95,1774313833013,-4.24052571399991e-05,-5.10342857100004e-06,-0.0001789409142900671,1
96,1774313833016,-4.24052571399991e-05,2.2196571428999973e-05,0.0004255590857099407,1
97,1774313833018,6.289474286000005e-05,2.2196571428999973e-05,0.0004255590857099407,1
98,1774313833021,6.289474286000005e-05,2.2196571428999973e-05,0.0004255590857099407,1
99,1774313833023,6.289474286000005e-05,2.2196571428999973e-05,0.0004255590857099407,1
100,1774313833025,-0.0002179052571399994,2.9996571428999945e-05,0.0010417590857100074,1
101,1774313833028,-0.0002179052571399994,2.9996571428999945e-05,0.0010417590857100074,1
102,1774313833030,-0.0002179052571399994,2.9996571428999945e-05,0.0010417590857100074,1
103,1774313833032,2.7794742860000332e-05,6.509657142899999e-05,-0.0004948409142899917,1
104,1774313833035,2.7794742860000332e-05,6.509657142899999e-05,-0.0004948409142899917,1
105,1774313833037,2.7794742860000332e-05,6.509657142899999e-05,-0.0004948409142899917,1
106,1774313833040,2.7794742860000332e-05,6.509657142899999e-05,0.00012915908570996625,1
107,1774313833042,0.0002890947428600011,0.000213296571429,0.00012915908570996625,1
108,1774313833044,0.0002890947428600011,0.000213296571429,0.00012915908570996625,1
109,1774313833047,0.0002890947428600011,0.000213296571429,0.00012915908570996625,1
110,1774313833049,-7.360525713999942e-05,-4.0203428571000026e-05,0.0004099590857099362,1
111,1774313833052,-7.360525713999942e-05,-4.0203428571000026e-05,0.0004099590857099362,1
112,1774313833054,-7.360525713999942e-05,-4.0203428571000026e-05,0.0004099590857099362,1
113,1774313833057,-1.1205257139998773e-05,-4.410342857100001e-05,-0.0001789409142900671,1
114,1774313833059,-1.1205257139998773e-05,-4.410342857100001e-05,-0.0001789409142900671,1
115,1774313833062,-1.1205257139998773e-05,-4.410342857100001e-05,-0.0001789409142900671,1
116,1774313833064,-8.530525713999933e-05,0.00017429657142899993,0.0002344590857099411,1
117,1774313833067,-8.530525713999933e-05,0.00017429657142899993,0.0002344590857099411,1
118,1774313833069,-8.530525713999933e-05,0.00017429657142899993,0.0002344590857099411,1
119,1774313833072,-8.530525713999933e-05,0.00013529657142899996,0.0006556590857099516,1
120,1774313833074,-0.00010090525713999862,0.00013529657142899996,0.0006556590857099516,1
121,1774313833076,-0.00010090525713999862,0.00013529657142899996,0.0006556590857099516,1
122,1774313833079,-0.00010090525713999862,0.00013529657142899996,0.0006556590857099516,1
123,1774313833081,-5.020525713999961e-05,8.459657142899997e-05,0.00011355908570996175,1
124,1774313833083,-5.020525713999961e-05,8.459657142899997e-05,0.00011355908570996175,1
0,1774313833097,-0.00015550525713999876,-8.310342857100004e-05,0.0002968590857099591,1
1,1774313833099,-0.00015550525713999876,-8.310342857100004e-05,0.0002968590857099591,1
2,1774313833101,-0.00015550525713999876,-8.310342857100004e-05,0.0002968590857099591,1
3,1774313833104,-0.00031930525713999916,8.459657142899997e-05,-0.0002452409142900307,1
4,1774313833106,-0.00031930525713999916,8.459657142899997e-05,-0.0002452409142900307,1
5,1774313833109,-0.00031930525713999916,8.459657142899997e-05,-0.0002452409142900307,1
6,1774313833111,-0.00031930525713999916,8.459657142899997e-05,-0.0002452409142900307,1
7,1774313833113,-9.700525713999923e-05,9.629657142899998e-05,0.00046455908570995196,1
8,1774313833116,-9.700525713999923e-05,9.629657142899998e-05,0.00046455908570995196,1
9,1774313833146,-0.00015940525713999988,-0.00017670342857100004,0.0006127590857099947,1
10,1774313833149,-0.00015940525713999988,-0.00017670342857100004,0.0006127590857099947,1
11,1774313833179,-0.00015940525713999988,-0.000274203428571,-0.0001984409142900172,1
12,1774313833214,-3.070525713999919e-05,0.000338096571429,0.0006166590857099403,1
13,1774313833216,-0.00012430525714000017,-9.870342857100004e-05,0.0006322590857099448,1
14,1774313833218,-0.00012430525714000017,-9.870342857100004e-05,0.0006322590857099448,1
15,1774313833221,-0.00012430525714000017,-9.870342857100004e-05,0.0006322590857099448,1
16,1774313833223,-0.00012430525714000017,2.6965714289999866e-06,-0.0006547409142899823,1
17,1774313833226,4.947428600011322e-07,2.6965714289999866e-06,-0.0006547409142899823,1
18,1774313833228,4.947428600011322e-07,2.6965714289999866e-06,-0.0006547409142899823,1
19,1774313833230,4.947428600011322e-07,2.6965714289999866e-06,-0.0006547409142899823,1
20,1774313833233,-6.970525714000003e-05,0.000244496571429,-2.6840914289967717e-05,1
21,1774313833235,-6.970525714000003e-05,0.000244496571429,-2.6840914289967717e-05,1
22,1774313833237,-6.970525714000003e-05,0.000244496571429,-2.6840914289967717e-05,1
23,1774313833240,-6.190525713999952e-05,4.169657142899996e-05,0.0006322590857099448,1
24,1774313833243,-6.190525713999952e-05,4.169657142899996e-05,0.0006322590857099448,1
25,1774313833245,-6.190525713999952e-05,4.169657142899996e-05,0.0006322590857099448,1
26,1774313833248,4.729474286000075e-05,2.9996571428999945e-05,-0.00017504091429001046,1
27,1774313833250,4.729474286000075e-05,2.9996571428999945e-05,-0.00017504091429001046,1
28,1774313833253,4.729474286000075e-05,2.9996571428999945e-05,-0.00017504091429001046,1
29,1774313833255,-3.070525713999919e-05,0.00013529657142899996,0.0005230590857100243,1
30,1774313833258,-3.070525713999919e-05,0.00013529657142899996,0.0005230590857100243,1
31,1774313833260,-3.070525713999919e-05,0.00013529657142899996,0.0005230590857100243,1
32,1774313833262,-3.070525713999919e-05,0.00013529657142899996,0.0005230590857100243,1
33,1774313833265,-5.800525714000013e-05,8.069657142899999e-05,0.0004411590857099452,1
34,1774313833267,-5.800525714000013e-05,8.069657142899999e-05,0.0004411590857099452,1
35,1774313833270,-5.800525714000013e-05,8.069657142899999e-05,0.0004411590857099452,1
36,1774313833272,2.7794742860000332e-05,2.2196571428999973e-05,-0.0001360409142899992,1
37,1774313833274,2.7794742860000332e-05,2.2196571428999973e-05,-0.0001360409142899992,1
38,1774313833277,2.7794742860000332e-05,2.2196571428999973e-05,-0.0001360409142899992,1
39,1774313833279,-2.2905257139998678e-05,6.596571428999973e-06,0.0002968590857099591,1
40,1774313833282,-2.2905257139998678e-05,6.596571428999973e-06,0.0002968590857099591,1
41,1774313833284,-2.2905257139998678e-05,6.596571428999973e-06,0.0002968590857099591,1
42,1774313833290,-2.2905257139998678e-05,6.596571428999973e-06,0.0002968590857099591,1
43,1774313833292,-0.00013990525713999946,-9.090342857100001e-05,4.5908570998464543e-07,1
44,1774313833295,-0.00013990525713999946,-9.090342857100001e-05,-0.0004051409142900213,1
45,1774313833297,-3.460525713999858e-05,0.00010409657142899996,-0.0004051409142900213,1
46,1774313833299,-3.460525713999858e-05,0.00010409657142899996,-0.0004051409142900213,1
47,1774313833302,-3.460525713999858e-05,0.00010409657142899996,-0.0004051409142900213,1
48,1774313833304,-0.00012820525713999956,0.000213296571429,0.00046455908570995196,1
49,1774313833307,-0.00012820525713999956,0.000213296571429,0.00046455908570995196,1
50,1774313833309,-0.00012820525713999956,0.000213296571429,0.00046455908570995196,1
51,1774313833311,-0.0002218052571399988,4.5596571429e-05,0.0005152590857100221,1
52,1774313833314,-0.0002218052571399988,4.5596571429e-05,0.0005152590857100221,1
53,1774313833316,-0.0002218052571399988,4.5596571429e-05,0.0005152590857100221,1
54,1774313833319,-0.0002218052571399988,4.5596571429e-05,-0.0002959409142899898,1
55,1774313833321,-7.360525713999942e-05,-5.10342857100004e-06,-0.0002959409142899898,1
56,1774313833323,-7.360525713999942e-05,-5.10342857100004e-06,-0.0002959409142899898,1
57,1774313833326,-7.360525713999942e-05,-5.10342857100004e-06,-0.0002959409142899898,1
58,1774313833328,-1.1205257139998773e-05,0.000107996571429,0.000183759085709982,1
59,1774313833330,-1.1205257139998773e-05,0.000107996571429,0.000183759085709982,1
60,1774313833333,-1.1205257139998773e-05,0.000107996571429,0.000183759085709982,1
61,1774313833336,-2.6805257139999802e-05,-0.00017280342857100002,0.0005542590857100333,1
62,1774313833338,-2.6805257139999802e-05,-0.00017280342857100002,0.0005542590857100333,1
63,1774313833343,-2.6805257139999802e-05,-0.00017280342857100002,0.0005542590857100333,1
64,1774313833345,-5.020525713999961e-05,1.8296571428999986e-05,-0.00012044091428999471,1
65,1774313833348,-5.020525713999961e-05,1.8296571428999986e-05,-0.00012044091428999471,1
66,1774313833350,-5.020525713999961e-05,1.8296571428999986e-05,0.0003436590857099726,1
67,1774313833353,-3.460525713999858e-05,8.069657142899999e-05,0.0003436590857099726,1
68,1774313833355,-3.460525713999858e-05,8.069657142899999e-05,0.0003436590857099726,1
69,1774313833357,-3.460525713999858e-05,8.069657142899999e-05,0.0003436590857099726,1
70,1774313833360,-0.00012820525713999956,6.596571428999973e-06,0.0003904590857099861,1
71,1774313833362,-0.00012820525713999956,6.596571428999973e-06,0.0003904590857099861,1
72,1774313833365,-0.00012820525713999956,6.596571428999973e-06,0.0003904590857099861,1
73,1774313833367,5.119474286000014e-05,8.069657142899999e-05,4.5908570998464543e-07,1
74,1774313833369,5.119474286000014e-05,8.069657142899999e-05,4.5908570998464543e-07,1
75,1774313833372,5.119474286000014e-05,8.069657142899999e-05,4.5908570998464543e-07,1
76,1774313833374,5.119474286000014e-05,8.069657142899999e-05,4.5908570998464543e-07,1
77,1774313833377,-8.140525713999994e-05,5.339657142899997e-05,0.0006673590857100105,1
78,1774313833379,-8.140525713999994e-05,5.339657142899997e-05,0.0006673590857100105,1
79,1774313833381,-8.140525713999994e-05,5.339657142899997e-05,0.0006673590857100105,1
80,1774313833384,-0.0001906052571400002,-0.00037950342857100003,-4.634091429002885e-05,1
81,1774313833386,-0.0001906052571400002,-0.00037950342857100003,-4.634091429002885e-05,1
82,1774313833388,-0.0001906052571400002,-0.00037950342857100003,-4.634091429002885e-05,1
83,1774313833391,-6.190525713999952e-05,0.00012749657142899998,-0.0002959409142899898,1
84,1774313833393,-6.190525713999952e-05,0.00012749657142899998,-0.0002959409142899898,1
85,1774313833396,-6.190525713999952e-05,0.00012749657142899998,-0.0002959409142899898,1
86,1774313833398,-6.190525713999952e-05,0.00012749657142899998,-0.0002959409142899898,1
87,1774313833400,-0.00012820525713999956,0.00027959657142899994,0.000714159085710024,1
88,1774313833403,-0.00012820525713999956,0.00027959657142899994,0.000714159085710024,1
89,1774313833405,-0.00012820525713999956,0.00027959657142899994,0.000714159085710024,1
90,1774313833407,7.459474285999995e-05,-1.6803428571e-05,0.0009676590857099305,1
91,1774313833410,7.459474285999995e-05,-1.6803428571e-05,0.0009676590857099305,1
92,1774313833412,7.459474285999995e-05,-1.6803428571e-05,0.0009676590857099305,1
93,1774313833415,0.00023839474286000036,-4.410342857100001e-05,-0.0004714409142899849,1
94,1774313833417,0.00023839474286000036,-4.410342857100001e-05,-0.0004714409142899849,1
95,1774313833419,0.00023839474286000036,-4.410342857100001e-05,-0.0004714409142899849,1
96,1774313833422,0.00023839474286000036,-4.410342857100001e-05,-0.0004714409142899849,1
97,1774313833425,0.00022669474286000045,0.00019379657142900002,0.00011745908571001839,1
98,1774313833427,0.00022669474286000045,0.00019379657142900002,0.00011745908571001839,1
99,1774313833430,0.00022669474286000045,0.00019379657142900002,0.00011745908571001839,1
100,1774313833432,-0.00017500525713999918,-4.0203428571000026e-05,0.0006556590857099516,1
101,1774313833435,-0.00017500525713999918,-4.0203428571000026e-05,0.0006556590857099516,1
102,1774313833437,-0.00017500525713999918,-4.0203428571000026e-05,0.0006556590857099516,1
103,1774313833440,-0.00011260525714000026,-3.2403428571000053e-05,-0.0002647409142899808,1
104,1774313833442,-0.00011260525714000026,-3.2403428571000053e-05,-0.0002647409142899808,1
105,1774313833444,-0.00011260525714000026,-3.2403428571000053e-05,-0.0002647409142899808,1
106,1774313833447,-3.070525713999919e-05,0.000263996571429,4.725908570999814e-05,1
107,1774313833449,-3.070525713999919e-05,0.000263996571429,4.725908570999814e-05,1
108,1774313833451,-3.070525713999919e-05,0.000263996571429,4.725908570999814e-05,1
109,1774313833454,-3.070525713999919e-05,0.000263996571429,4.725908570999814e-05,1
110,1774313833456,-0.00014770525713999998,8.069657142899999e-05,0.00044895908570994746,1
111,1774313833459,-0.00014770525713999998,8.069657142899999e-05,0.00044895908570994746,1
112,1774313833461,-0.00014770525713999998,8.069657142899999e-05,0.00044895908570994746,1
113,1774313833463,-0.00010480525713999975,8.069657142899999e-05,0.00010965908571001614,1
114,1774313833466,-0.00010480525713999975,8.069657142899999e-05,0.00010965908571001614,1
115,1774313833468,-0.00010480525713999975,8.069657142899999e-05,0.00010965908571001614,1
116,1774313833470,-0.00010480525713999975,-0.00019620342857100002,0.0003436590857099726,1
117,1774313833473,-0.00013990525713999946,-0.00019620342857100002,0.0003436590857099726,1
118,1774313833475,-0.00013990525713999946,-0.00019620342857100002,0.0003436590857099726,1
119,1774313833478,-0.00013990525713999946,-0.00019620342857100002,0.0003436590857099726,1
120,1774313833480,-5.020525713999961e-05,-0.00024300342857100002,-0.0001477409142900581,1
121,1774313833482,-5.020525713999961e-05,-0.00024300342857100002,-0.0001477409142900581,1
122,1774313833485,-5.020525713999961e-05,-0.00024300342857100002,-0.0001477409142900581,1
123,1774313833487,0.00016819474286000093,0.00037319657142899994,-0.00017504091429001046,1
124,1774313833489,0.00016819474286000093,0.00037319657142899994,-0.00017504091429001046,1
0,1774313833534,-1.5105257139999897e-05,-7.140342857100003e-05,-0.0003232409142900532,1
1,1774313833537,-1.5105257139999897e-05,-7.140342857100003e-05,-0.0003232409142900532,1
2,1774313833539,-1.5105257139999897e-05,-7.140342857100003e-05,-0.0003232409142900532,1
3,1774313833572,-5.020525713999961e-05,4.5596571429e-05,0.0001876590857099276,1
4,1774313833603,-1.1205257139998773e-05,-0.00012600342857100002,4.359085709930259e-06,1
5,1774313833605,-1.1205257139998773e-05,-0.00012600342857100002,4.359085709930259e-06,1
6,1774313833607,-3.460525713999858e-05,0.000107996571429,-0.000522140914290055,1
7,1774313833610,-3.460525713999858e-05,0.000107996571429,-0.000522140914290055,1
8,1774313833612,-3.460525713999858e-05,0.000107996571429,-0.000522140914290055,1
9,1774313833615,-0.00010090525713999862,0.00024059657142899997,9.405908571001164e-05,1
10,1774313833618,-0.00010090525713999862,0.00024059657142899997,9.405908571001164e-05,1
11,1774313833620,-0.00010090525713999862,0.00024059657142899997,9.405908571001164e-05,1
12,1774313833623,-0.00025690525714000025,-0.00012600342857100002,0.00025785908570994786,1
13,1774313833625,-0.00025690525714000025,-0.00012600342857100002,0.00025785908570994786,1
14,1774313833627,-0.00025690525714000025,-0.00012600342857100002,0.00025785908570994786,1
15,1774313833630,-0.00025690525714000025,6.596571428999973e-06,-0.00017504091429001046,1
16,1774313833632,-8.530525713999933e-05,6.596571428999973e-06,-0.00017504091429001046,1
17,1774313833635,-8.530525713999933e-05,6.596571428999973e-06,-0.00017504091429001046,1
18,1774313833637,-8.530525713999933e-05,6.596571428999973e-06,-0.00017504091429001046,1
19,1774313833639,-0.00010480525713999975,0.00014309657142899993,0.00043335908570994296,1
20,1774313833642,-0.00010480525713999975,0.00014309657142899993,0.00043335908570994296,1
21,1774313833644,-0.00010480525713999975,0.00014309657142899993,0.00043335908570994296,1
22,1774313833646,-0.00016720525713999866,-6.750342857100004e-05,0.00038655908570992947,1
23,1774313833649,-0.00016720525713999866,-6.750342857100004e-05,0.00038655908570992947,1
24,1774313833651,-0.00016720525713999866,-6.750342857100004e-05,0.00038655908570992947,1
25,1774313833654,-0.00016720525713999866,0.000244496571429,7.845908571000714e-05,1
26,1774313833656,8.294742859999912e-06,0.000244496571429,7.845908571000714e-05,1
27,1774313833658,8.294742859999912e-06,0.000244496571429,7.845908571000714e-05,1
28,1774313833661,8.294742859999912e-06,0.000244496571429,7.845908571000714e-05,1
29,1774313833663,-8.140525713999994e-05,-0.00011430342857100004,0.0002812590857099546,1
30,1774313833665,-8.140525713999994e-05,-0.00011430342857100004,0.0002812590857099546,1
31,1774313833668,-8.140525713999994e-05,-0.00011430342857100004,0.0002812590857099546,1
32,1774313833670,-6.580525713999891e-05,-4.410342857100001e-05,1.2159085709932509e-05,1
33,1774313833673,-6.580525713999891e-05,-4.410342857100001e-05,1.2159085709932509e-05,1
34,1774313833675,-6.580525713999891e-05,-4.410342857100001e-05,1.2159085709932509e-05,1
35,1774313833678,0.0001213947428600013,0.00040439657142899994,4.335908570994151e-05,1
36,1774313833680,0.0001213947428600013,0.00040439657142899994,4.335908570994151e-05,1
37,1774313833683,0.0001213947428600013,0.00040439657142899994,4.335908570994151e-05,1
38,1774313833685,0.0001213947428600013,0.00040439657142899994,0.0009988590857099395,1
39,1774313833688,1.9994742859999817e-05,0.00032249657142899995,0.0009988590857099395,1
40,1774313833690,1.9994742859999817e-05,0.00032249657142899995,0.0009988590857099395,1
41,1774313833692,1.9994742859999817e-05,0.00032249657142899995,0.0009988590857099395,1
42,1774313833695,0.00011749474286000018,-6.360342857100005e-05,6.285908571000264e-05,1
43,1774313833697,0.00011749474286000018,-6.360342857100005e-05,6.285908571000264e-05,1
44,1774313833699,0.00011749474286000018,-6.360342857100005e-05,6.285908571000264e-05,1
45,1774313833702,0.00011749474286000018,0.000182096571429,-0.00025694091428997857,1
46,1774313833705,0.00011749474286000018,0.000182096571429,-0.00025694091428997857,1
47,1774313833707,0.00011749474286000018,0.000182096571429,-0.00025694091428997857,1
48,1774313833710,2.3894742860000942e-05,-5.970342857100001e-05,9.795908570995725e-05,1
49,1774313833713,2.3894742860000942e-05,-5.970342857100001e-05,9.795908570995725e-05,1
50,1774313833715,2.3894742860000942e-05,-5.970342857100001e-05,9.795908570995725e-05,1
51,1774313833717,2.3894742860000942e-05,-4.0203428571000026e-05,0.0002812590857099546,1
52,1774313833720,-0.0002023052571400001,-4.0203428571000026e-05,0.0002812590857099546,1
53,1774313833722,-0.0002023052571400001,-4.0203428571000026e-05,0.0002812590857099546,1
54,1774313833724,-0.0002023052571400001,-4.0203428571000026e-05,0.0002812590857099546,1
55,1774313833727,-0.0002062052571399995,-1.203428571000054e-06,-0.00017504091429001046,1
56,1774313833729,-0.0002062052571399995,-1.203428571000054e-06,-0.00017504091429001046,1
57,1774313833732,-0.0002062052571399995,-1.203428571000054e-06,-0.00017504091429001046,1
58,1774313833734,1.2194742860001037e-05,0.00011579657142899997,0.00030465908570996136,1
59,1774313833736,1.2194742860001037e-05,0.00011579657142899997,0.00030465908570996136,1
60,1774313833739,1.2194742860001037e-05,0.00011579657142899997,0.00030465908570996136,1
61,1774313833741,1.2194742860001037e-05,0.00011579657142899997,5.505908571000039e-05,1
62,1774313833744,-0.00018670525713999908,8.069657142899999e-05,5.505908571000039e-05,1
63,1774313833746,-0.00018670525713999908,8.069657142899999e-05,5.505908571000039e-05,1
64,1774313833748,-0.00018670525713999908,8.069657142899999e-05,5.505908571000039e-05,1
65,1774313833751,-5.020525713999961e-05,0.000107996571429,0.0002305590857099955,1
66,1774313833753,-5.020525713999961e-05,0.000107996571429,0.0002305590857099955,1
67,1774313833755,-5.020525713999961e-05,0.000107996571429,0.0002305590857099955,1
68,1774313833758,2.7794742860000332e-05,-0.000305403428571,0.00017595908570997975,1
69,1774313833760,2.7794742860000332e-05,-0.000305403428571,0.00017595908570997975,1
70,1774313833763,2.7794742860000332e-05,-0.000305403428571,0.00017595908570997975,1
71,1774313833765,2.7794742860000332e-05,-0.000305403428571,-0.0001984409142900172,1
72,1774313833767,0.00022669474286000045,-0.00025080342857100005,-0.0001984409142900172,1
73,1774313833770,0.00022669474286000045,-0.00025080342857100005,-0.0001984409142900172,1
74,1774313833772,0.00022669474286000045,-0.00025080342857100005,-0.0001984409142900172,1
75,1774313833774,-3.4052571399999926e-06,0.000451196571429,0.0001330590857100229,1
76,1774313833777,-3.4052571399999926e-06,0.000451196571429,0.0001330590857100229,1
77,1774313833779,-3.4052571399999926e-06,0.000451196571429,0.0001330590857100229,1
78,1774313833782,-9.310525713999984e-05,0.00010019657142899997,0.0012367590857099526,1
79,1774313833784,-9.310525713999984e-05,0.00010019657142899997,0.0012367590857099526,1
80,1774313833786,-9.310525713999984e-05,0.00010019657142899997,0.0012367590857099526,1
81,1774313833789,-9.310525713999984e-05,0.00010019657142899997,0.0012367590857099526,1
82,1774313833792,9.799474285999976e-05,-4.8003428571e-05,-0.0002452409142900307,1
83,1774313833795,9.799474285999976e-05,-4.8003428571e-05,-0.0002452409142900307,1
84,1774313833797,9.799474285999976e-05,0.000107996571429,-0.0002296409142900262,1
85,1774313833800,2.7794742860000332e-05,0.000107996571429,-0.0002296409142900262,1
86,1774313833802,2.7794742860000332e-05,0.000107996571429,-0.0002296409142900262,1
87,1774313833805,2.7794742860000332e-05,0.000107996571429,0.0005464590857100311,1
88,1774313833807,-0.00010480525713999975,0.00012749657142899998,0.0005464590857100311,1
89,1774313833810,-0.00010480525713999975,0.00012749657142899998,0.0005464590857100311,1
90,1774313833812,-0.00010480525713999975,0.00012749657142899998,0.0005464590857100311,1
91,1774313833814,-0.00031150525713999865,-0.00011040342857100002,-7.364091428998121e-05,1
92,1774313833817,-0.00031150525713999865,-0.00011040342857100002,-7.364091428998121e-05,1
93,1774313833819,-0.00031150525713999865,-0.00011040342857100002,-7.364091428998121e-05,1
94,1774313833822,-3.850525713999971e-05,-5.5803428571000026e-05,8.259085709986895e-06,1
95,1774313833824,-3.850525713999971e-05,-5.5803428571000026e-05,8.259085709986895e-06,1
96,1774313833826,-3.850525713999971e-05,-5.5803428571000026e-05,8.259085709986895e-06,1
97,1774313833829,-3.850525713999971e-05,-5.5803428571000026e-05,0.0006127590857099947,1
98,1774313833831,4.394742860000522e-06,0.000182096571429,0.0006127590857099947,1
99,1774313833833,4.394742860000522e-06,0.000182096571429,0.0006127590857099947,1
100,1774313833836,4.394742860000522e-06,0.000182096571429,0.0006127590857099947,1
101,1774313833838,-0.00014380525713999885,0.000150896571429,0.000370959085710036,1
102,1774313833841,-0.00014380525713999885,0.000150896571429,0.000370959085710036,1
103,1774313833843,-0.00014380525713999885,0.000150896571429,0.000370959085710036,1
104,1774313833845,9.409474286000037e-05,0.00010409657142899996,0.0005113590857099655,1
105,1774313833848,9.409474286000037e-05,0.00010409657142899996,0.0005113590857099655,1
106,1774313833850,9.409474286000037e-05,0.00010409657142899996,0.0005113590857099655,1
107,1774313833852,9.409474286000037e-05,0.00010409657142899996,0.0005113590857099655,1
108,1774313833855,-0.00010870525713999914,-0.00011040342857100002,0.0005152590857100221,1
109,1774313833857,-0.00010870525713999914,-0.00011040342857100002,0.0005152590857100221,1
110,1774313833860,-0.00010870525713999914,-0.00011040342857100002,0.0005152590857100221,1
111,1774313833862,-0.00013600525714000007,-2.8503428571000013e-05,-0.0001009409142900446,1
112,1774313833864,-0.00013600525714000007,-2.8503428571000013e-05,-0.0001009409142900446,1
113,1774313833867,-0.00013600525714000007,-2.8503428571000013e-05,-0.0001009409142900446,1
114,1774313833869,-6.580525713999891e-05,0.000256196571429,0.0001642590857100319,1
115,1774313833871,-6.580525713999891e-05,0.000256196571429,0.0001642590857100319,1
116,1774313833874,-6.580525713999891e-05,0.000256196571429,0.0001642590857100319,1
117,1774313833876,-6.580525713999891e-05,0.000256196571429,0.0001642590857100319,1
118,1774313833879,-7.360525713999942e-05,0.00022109657142899998,0.0010690590857099598,1
119,1774313833881,-7.360525713999942e-05,0.00022109657142899998,0.0010690590857099598,1
120,1774313833883,-7.360525713999942e-05,0.00022109657142899998,0.0010690590857099598,1
121,1774313833886,9.019474286000098e-05,-3.2403428571000053e-05,5.1159085709943757e-05,1
122,1774313833888,9.019474286000098e-05,-3.2403428571000053e-05,5.1159085709943757e-05,1
123,1774313833891,9.019474286000098e-05,-3.2403428571000053e-05,5.1159085709943757e-05,1
124,1774313833893,9.019474286000098e-05,0.00011189657142899998,-0.00031544091429005095,1
0,1774313833906,-5.020525713999961e-05,0.000256196571429,0.00046455908570995196,1
1,1774313833939,-2.2905257139998678e-05,-8.310342857100004e-05,7.845908571000714e-05,1
2,1774313833941,-1.5105257139999897e-05,0.000139196571429,0.00027345908570995236,1
3,1774313833944,-1.5105257139999897e-05,0.000139196571429,0.00027345908570995236,1
4,1774313834006,4.947428600011322e-07,-6.360342857100005e-05,5.1159085709943757e-05,1
5,1774313834008,-0.00021400525714000002,-2.4603428571000026e-05,0.0002032590857099321,1
6,1774313834011,-0.00021400525714000002,-2.4603428571000026e-05,0.0002032590857099321,1
7,1774313834013,-0.00011260525714000026,0.000107996571429,-0.00018674091429006934,1
8,1774313834015,-0.00011260525714000026,0.000107996571429,-0.00018674091429006934,1
9,1774313834018,-0.00011260525714000026,0.000107996571429,-0.00018674091429006934,1
10,1774313834020,-0.00011260525714000026,0.000107996571429,0.0006712590857099561,1
11,1774313834023,-8.920525713999872e-05,0.00022109657142899998,0.0006712590857099561,1
12,1774313834025,-8.920525713999872e-05,0.00022109657142899998,0.0006712590857099561,1
13,1774313834027,-8.920525713999872e-05,0.00022109657142899998,0.0006712590857099561,1
14,1774313834030,-7.305257139999383e-06,-9.003428571000027e-06,0.0001330590857100229,1
15,1774313834032,-7.305257139999383e-06,-9.003428571000027e-06,0.0001330590857100229,1
16,1774313834034,-7.305257139999383e-06,-9.003428571000027e-06,0.0001330590857100229,1
17,1774313834037,-0.00014770525713999998,0.00011579657142899997,0.0001486590857100274,1
18,1774313834039,-0.00014770525713999998,0.00011579657142899997,0.0001486590857100274,1
19,1774313834042,-0.00014770525713999998,0.00011579657142899997,0.0001486590857100274,1
20,1774313834044,-0.00014770525713999998,0.00011579657142899997,0.0005971590857099902,1
21,1774313834046,-0.0003232052571400003,-0.00020790342857100004,0.0005971590857099902,1
22,1774313834049,-0.0003232052571400003,-0.00020790342857100004,0.0005971590857099902,1
23,1774313834051,-0.0003232052571400003,-0.00020790342857100004,0.0005971590857099902,1
24,1774313834053,-7.750525713999881e-05,1.049657142899996e-05,0.000214959085709991,1
25,1774313834056,-7.750525713999881e-05,1.049657142899996e-05,0.000214959085709991,1
26,1774313834058,-7.750525713999881e-05,1.049657142899996e-05,0.000214959085709991,1
27,1774313834061,0.0001252947428600007,0.00034199657142899994,0.00010965908571001614,1
28,1774313834063,0.0001252947428600007,0.00034199657142899994,0.00010965908571001614,1
29,1774313834065,0.0001252947428600007,0.00034199657142899994,0.00010965908571001614,1
30,1774313834068,0.0001252947428600007,0.00034199657142899994,0.00010965908571001614,1
31,1774313834070,-0.0001906052571400002,6.899657142899997e-05,0.0009754590857099328,1
32,1774313834072,-0.0001906052571400002,6.899657142899997e-05,0.0009754590857099328,1
33,1774313834075,-0.0001906052571400002,6.899657142899997e-05,0.0009754590857099328,1
34,1774313834077,-5.4105257139999e-05,-5.970342857100001e-05,-0.00023744091429002846,1
35,1774313834080,-5.4105257139999e-05,-5.970342857100001e-05,-0.00023744091429002846,1
36,1774313834082,-5.4105257139999e-05,-5.970342857100001e-05,-0.00023744091429002846,1
37,1774313834084,-6.970525714000003e-05,0.000275696571429,-0.00041294091429002356,1
38,1774313834087,-6.970525714000003e-05,0.000275696571429,-0.00041294091429002356,1
39,1774313834093,-7.360525713999942e-05,-5.10342857100004e-06,0.0005035590857099632,1
40,1774313834095,-7.360525713999942e-05,-5.10342857100004e-06,0.0005035590857099632,1
41,1774313834098,-7.360525713999942e-05,-5.10342857100004e-06,0.0005035590857099632,1
42,1774313834100,-7.360525713999942e-05,-0.00023910342857100004,-7.364091428998121e-05,1
43,1774313834102,-0.0001906052571400002,-0.00023910342857100004,-7.364091428998121e-05,1
44,1774313834105,-0.0001906052571400002,-0.00023910342857100004,-7.364091428998121e-05,1
45,1774313834107,-0.0001906052571400002,-0.00023910342857100004,-7.364091428998121e-05,1
46,1774313834109,-7.305257139999383e-06,-2.8503428571000013e-05,-6.97409142900356e-05,1
47,1774313834112,-7.305257139999383e-06,-2.8503428571000013e-05,-6.97409142900356e-05,1
48,1774313834114,-7.305257139999383e-06,-2.8503428571000013e-05,-6.97409142900356e-05,1
49,1774313834117,3.169474285999972e-05,7.289657142899996e-05,0.0006322590857099448,1
50,1774313834119,3.169474285999972e-05,7.289657142899996e-05,0.0006322590857099448,1
51,1774313834121,3.169474285999972e-05,7.289657142899996e-05,0.0006322590857099448,1
52,1774313834124,3.169474285999972e-05,7.289657142899996e-05,0.00032025908570996586,1
53,1774313834126,-4.24052571399991e-05,-7.140342857100003e-05,0.00032025908570996586,1
54,1774313834129,-4.24052571399991e-05,-7.140342857100003e-05,0.00032025908570996586,1
55,1774313834131,-4.24052571399991e-05,-7.140342857100003e-05,0.00032025908570996586,1
56,1774313834133,1.9994742859999817e-05,6.119657142899994e-05,0.0001993590857099865,1
57,1774313834136,1.9994742859999817e-05,6.119657142899994e-05,0.0001993590857099865,1
58,1774313834138,1.9994742859999817e-05,6.119657142899994e-05,0.0001993590857099865,1
59,1774313834140,-0.00015160525713999937,-0.000328803428571,0.0005425590857099745,1
60,1774313834143,-0.00015160525713999937,-0.000328803428571,0.0005425590857099745,1
61,1774313834145,-0.00015160525713999937,-0.000328803428571,0.0005425590857099745,1
62,1774313834148,-0.00015160525713999937,-0.000328803428571,0.00014085908571002514,1
63,1774313834150,-8.530525713999933e-05,-0.000266403428571,0.00014085908571002514,1
64,1774313834152,-8.530525713999933e-05,-0.000266403428571,0.00014085908571002514,1
65,1774313834155,-8.530525713999933e-05,-0.000266403428571,0.00014085908571002514,1
66,1774313834157,-0.00011260525714000026,0.000295196571429,8.259085709986895e-06,1
67,1774313834159,-0.00011260525714000026,0.000295196571429,8.259085709986895e-06,1
68,1774313834162,-0.00011260525714000026,0.000295196571429,8.259085709986895e-06,1
69,1774313834164,-3.460525713999858e-05,0.0003302965714289999,0.0009169590857099714,1
70,1774313834167,-3.460525713999858e-05,0.0003302965714289999,0.0009169590857099714,1
71,1774313834169,-3.460525713999858e-05,0.0003302965714289999,0.0009169590857099714,1
72,1774313834171,-3.460525713999858e-05,0.0003302965714289999,0.0009169590857099714,1
73,1774313834174,-2.6805257139999802e-05,6.596571428999973e-06,0.000370959085710036,1
74,1774313834176,-2.6805257139999802e-05,6.596571428999973e-06,0.000370959085710036,1
75,1774313834178,-2.6805257139999802e-05,6.596571428999973e-06,0.000370959085710036,1
76,1774313834181,0.0001525947428599999,4.5596571429e-05,-0.0004948409142899917,1
77,1774313834183,0.0001525947428599999,4.5596571429e-05,-0.0004948409142899917,1
78,1774313834186,0.0001525947428599999,4.5596571429e-05,-0.0004948409142899917,1
79,1774313834188,6.289474286000005e-05,0.00018599657142899994,0.00025395908571000225,1
80,1774313834190,6.289474286000005e-05,0.00018599657142899994,0.00025395908571000225,1
81,1774313834193,6.289474286000005e-05,0.00018599657142899994,0.00025395908571000225,1
82,1774313834195,6.289474286000005e-05,0.00018599657142899994,0.00025395908571000225,1
83,1774313834198,-8.530525713999933e-05,-5.970342857100001e-05,0.0005191590857099677,1
84,1774313834200,-8.530525713999933e-05,-5.970342857100001e-05,0.0005191590857099677,1
85,1774313834202,-8.530525713999933e-05,-5.970342857100001e-05,0.0005191590857099677,1
86,1774313834205,-3.4052571399999926e-06,-0.00015720342857100002,-0.0003115409142899943,1
87,1774313834207,-3.4052571399999926e-06,-0.00015720342857100002,-0.0003115409142899943,1
88,1774313834209,-3.4052571399999926e-06,-0.00015720342857100002,-0.0003115409142899943,1
89,1774313834212,7.459474285999995e-05,0.00031079657142899994,0.00026955908571000674,1
90,1774313834214,7.459474285999995e-05,0.00031079657142899994,0.00026955908571000674,1
91,1774313834217,7.459474285999995e-05,0.00031079657142899994,0.00026955908571000674,1
92,1774313834219,7.459474285999995e-05,0.00031079657142899994,0.00026955908571000674,1
93,1774313834221,-0.00010870525713999914,0.00022889657142899996,0.00038655908570992947,1
94,1774313834224,-0.00010870525713999914,0.00022889657142899996,0.00038655908570992947,1
95,1774313834226,-0.00010870525713999914,0.00022889657142899996,0.00038655908570992947,1
96,1774313834228,1.9994742859999817e-05,7.289657142899996e-05,-1.1240914289963218e-05,1
97,1774313834231,1.9994742859999817e-05,7.289657142899996e-05,-1.1240914289963218e-05,1
98,1774313834233,1.9994742859999817e-05,7.289657142899996e-05,-1.1240914289963218e-05,1
99,1774313834236,1.9994742859999817e-05,-0.000246903428571,0.00025395908571000225,1
100,1774313834238,-0.00010480525713999975,-0.000246903428571,0.00025395908571000225,1
101,1774313834240,-0.00010480525713999975,-0.000246903428571,0.00025395908571000225,1
102,1774313834243,-0.00010480525713999975,-0.000246903428571,0.00025395908571000225,1
103,1774313834245,-7.750525713999881e-05,-0.000305403428571,1.9959085709934758e-05,1
104,1774313834247,-7.750525713999881e-05,-0.000305403428571,1.9959085709934758e-05,1
105,1774313834250,-7.750525713999881e-05,-0.000305403428571,1.9959085709934758e-05,1
106,1774313834252,-0.00015550525713999876,1.4396571429e-05,7.845908571000714e-05,1
107,1774313834255,-0.00015550525713999876,1.4396571429e-05,7.845908571000714e-05,1
108,1774313834257,-0.00015550525713999876,1.4396571429e-05,7.845908571000714e-05,1
109,1774313834259,-0.00015550525713999876,0.00023669657142899993,0.0008155590857099422,1
110,1774313834262,-3.070525713999919e-05,0.00023669657142899993,0.0008155590857099422,1
111,1774313834264,-3.070525713999919e-05,0.00023669657142899993,0.0008155590857099422,1
112,1774313834267,-3.070525713999919e-05,0.00023669657142899993,0.0008155590857099422,1
113,1774313834269,-0.00017110525713999979,-8.310342857100004e-05,0.0005152590857100221,1
114,1774313834271,-0.00017110525713999979,-8.310342857100004e-05,0.0005152590857100221,1
115,1774313834274,-0.00017110525713999979,-8.310342857100004e-05,0.0005152590857100221,1
116,1774313834276,-1.5105257139999897e-05,8.459657142899997e-05,-0.00031934091428999656,1
117,1774313834278,-1.5105257139999897e-05,8.459657142899997e-05,-0.00031934091428999656,1
118,1774313834281,-1.5105257139999897e-05,8.459657142899997e-05,-0.00031934091428999656,1
119,1774313834283,-1.5105257139999897e-05,8.459657142899997e-05,0.00020715908570998875,1
120,1774313834286,-8.530525713999933e-05,2.9996571428999945e-05,0.00020715908570998875,1
121,1774313834288,-8.530525713999933e-05,2.9996571428999945e-05,0.00020715908570998875,1
122,1774313834290,-8.530525713999933e-05,2.9996571428999945e-05,0.00020715908570998875,1
123,1774313834293,-0.0001789052571400003,-5.10342857100004e-06,0.000370959085710036,1
124,1774313834295,-0.0001789052571400003,-5.10342857100004e-06,0.000370959085710036,1
0,1774313834334,-0.00011260525714000026,-3.2403428571000053e-05,-0.0001789409142900671,1
1,1774313834337,-0.000264705257139999,-0.00011820342857100002,0.0004255590857099407,1
2,1774313834344,-0.000264705257139999,-0.00017280342857100002,-0.00011264091428999246,1
3,1774313834393,-1.5105257139999897e-05,0.000107996571429,0.0004996590857100176,1
4,1774313834395,-0.00017110525713999979,0.00010409657142899996,-0.0002452409142900307,1
5,1774313834398,-0.00017110525713999979,0.00010409657142899996,-0.0002452409142900307,1
6,1774313834400,-0.00017110525713999979,0.00010409657142899996,-0.0002452409142900307,1
7,1774313834402,-0.00017110525713999979,0.00010409657142899996,-0.0002452409142900307,1
8,1774313834405,-7.750525713999881e-05,0.00030299657142899997,0.000682959085710015,1
9,1774313834407,-7.750525713999881e-05,0.00030299657142899997,0.000682959085710015,1
10,1774313834409,-7.750525713999881e-05,0.00030299657142899997,0.000682959085710015,1
11,1774313834412,-9.310525713999984e-05,0.00011189657142899998,0.00042945908570999735,1
12,1774313834414,-9.310525713999984e-05,0.00011189657142899998,0.00042945908570999735,1
13,1774313834417,-9.310525713999984e-05,0.00011189657142899998,0.00042945908570999735,1
14,1774313834419,-9.310525713999984e-05,0.00023669657142899993,0.0002032590857099321,1
15,1774313834421,-6.970525714000003e-05,0.00023669657142899993,0.0002032590857099321,1
16,1774313834424,-6.970525714000003e-05,0.00023669657142899993,0.0002032590857099321,1
17,1774313834426,-6.970525714000003e-05,0.00023669657142899993,0.0002032590857099321,1
18,1774313834428,-4.24052571399991e-05,-5.190342857100004e-05,0.0006556590857099516,1
19,1774313834431,-4.24052571399991e-05,-5.190342857100004e-05,0.0006556590857099516,1
20,1774313834433,-4.24052571399991e-05,-5.190342857100004e-05,0.0006556590857099516,1
21,1774313834436,-0.00018670525713999908,-0.000184503428571,0.00010965908571001614,1
22,1774313834438,-0.00018670525713999908,-0.000184503428571,0.00010965908571001614,1
23,1774313834440,-0.00018670525713999908,-0.000184503428571,0.00010965908571001614,1
24,1774313834443,-0.00018670525713999908,-0.000184503428571,3.945908570999589e-05,1
25,1774313834445,-5.020525713999961e-05,0.00012749657142899998,3.945908570999589e-05,1
26,1774313834447,-5.020525713999961e-05,0.00012749657142899998,3.945908570999589e-05,1
27,1774313834450,-5.020525713999961e-05,0.00012749657142899998,3.945908570999589e-05,1
28,1774313834452,7.069474286000056e-05,0.00015479657142899994,0.0007960590857099921,1
29,1774313834455,7.069474286000056e-05,0.00015479657142899994,0.0007960590857099921,1
30,1774313834457,7.069474286000056e-05,0.00015479657142899994,0.0007960590857099921,1
31,1774313834459,1.6094742860000427e-05,-1.2903428571000013e-05,0.00024615908571,1
32,1774313834462,1.6094742860000427e-05,-1.2903428571000013e-05,0.00024615908571,1
33,1774313834464,1.6094742860000427e-05,-1.2903428571000013e-05,0.00024615908571,1
34,1774313834466,1.6094742860000427e-05,-1.2903428571000013e-05,-0.00047534091429004156,1
35,1774313834469,7.069474286000056e-05,5.339657142899997e-05,-0.00047534091429004156,1
36,1774313834471,7.069474286000056e-05,5.339657142899997e-05,-0.00047534091429004156,1
37,1774313834474,7.069474286000056e-05,5.339657142899997e-05,-0.00047534091429004156,1
38,1774313834476,-3.460525713999858e-05,2.6965714289999866e-06,0.000277359085710009,1
39,1774313834478,-3.460525713999858e-05,2.6965714289999866e-06,0.000277359085710009,1
40,1774313834481,-3.460525713999858e-05,2.6965714289999866e-06,0.000277359085710009,1
41,1774313834483,-0.00014380525713999885,-0.000293703428571,0.00044505908571000185,1
42,1774313834486,-0.00014380525713999885,-0.000293703428571,0.00044505908571000185,1
43,1774313834488,-0.00014380525713999885,-0.000293703428571,0.00044505908571000185,1
44,1774313834494,-3.850525713999971e-05,5.729657142899996e-05,-9.314091429004235e-05,1
45,1774313834496,-3.850525713999971e-05,5.729657142899996e-05,-9.314091429004235e-05,1
46,1774313834499,-3.850525713999971e-05,0.00017819657142899997,0.0004372590857099996,1
47,1774313834501,-0.00013600525714000007,0.00017819657142899997,0.0004372590857099996,1
48,1774313834504,-0.00013600525714000007,0.00017819657142899997,0.0004372590857099996,1
49,1774313834506,-0.00013600525714000007,0.00017819657142899997,0.0004372590857099996,1
50,1774313834508,-8.920525713999872e-05,-0.000137703428571,0.00043335908570994296,1
51,1774313834511,-8.920525713999872e-05,-0.000137703428571,0.00043335908570994296,1
52,1774313834513,-8.920525713999872e-05,-0.000137703428571,0.00043335908570994296,1
53,1774313834515,-3.850525713999971e-05,0.00011579657142899997,3.555908570993926e-05,1
54,1774313834518,-3.850525713999971e-05,0.00011579657142899997,3.555908570993926e-05,1
55,1774313834520,-3.850525713999971e-05,0.00011579657142899997,3.555908570993926e-05,1
56,1774313834523,-3.850525713999971e-05,6.596571428999973e-06,0.0001369590857099685,1
57,1774313834525,-7.750525713999881e-05,6.596571428999973e-06,0.0001369590857099685,1
58,1774313834527,-7.750525713999881e-05,6.596571428999973e-06,0.0001369590857099685,1
59,1774313834530,-7.750525713999881e-05,6.596571428999973e-06,0.0001369590857099685,1
60,1774313834532,-0.00011260525714000026,-9.090342857100001e-05,3.555908570993926e-05,1
61,1774313834534,-0.00011260525714000026,-9.090342857100001e-05,3.555908570993926e-05,1
62,1774313834537,-0.00011260525714000026,-9.090342857100001e-05,3.555908570993926e-05,1
63,1774313834539,8.294742859999912e-06,0.000170396571429,-0.00019064091429001496,1
64,1774313834542,8.294742859999912e-06,0.000170396571429,-0.00019064091429001496,1
65,1774313834544,8.294742859999912e-06,0.000170396571429,-0.00019064091429001496,1
66,1774313834546,8.294742859999912e-06,0.000170396571429,0.0008740590857100146,1
67,1774313834549,-0.000264705257139999,0.00029129657142899995,0.0008740590857100146,1
68,1774313834551,-0.000264705257139999,0.00029129657142899995,0.0008740590857100146,1
69,1774313834553,-0.000264705257139999,0.00029129657142899995,0.0008740590857100146,1
70,1774313834556,-0.00011650525713999965,6.509657142899999e-05,0.0005776590857099291,1
71,1774313834558,-0.00011650525713999965,6.509657142899999e-05,0.0005776590857099291,1
72,1774313834561,-0.00011650525713999965,6.509657142899999e-05,0.0005776590857099291,1
73,1774313834563,0.0001330947428600012,-0.00012600342857100002,-0.00025304091429003295,1
74,1774313834565,0.0001330947428600012,-0.00012600342857100002,-0.00025304091429003295,1
75,1774313834568,0.0001330947428600012,-0.00012600342857100002,-0.00025304091429003295,1
76,1774313834570,0.0001330947428600012,-0.00012600342857100002,-4.2440914289972216e-05,1
77,1774313834573,-7.305257139999383e-06,0.000107996571429,-4.2440914289972216e-05,1
78,1774313834575,-7.305257139999383e-06,0.000107996571429,-4.2440914289972216e-05,1
79,1774313834577,-7.305257139999383e-06,0.000107996571429,-4.2440914289972216e-05,1
80,1774313834580,-0.00025690525714000025,-7.9203428571e-05,0.0005386590857100288,1
81,1774313834582,-0.00025690525714000025,-7.9203428571e-05,0.0005386590857100288,1
82,1774313834584,-0.00025690525714000025,-7.9203428571e-05,0.0005386590857100288,1
83,1774313834587,-8.530525713999933e-05,4.9496571428999986e-05,-0.00028424091429004195,1
84,1774313834589,-8.530525713999933e-05,4.9496571428999986e-05,-0.00028424091429004195,1
85,1774313834592,-8.530525713999933e-05,4.9496571428999986e-05,-0.00028424091429004195,1
86,1774313834594,-8.530525713999933e-05,4.9496571428999986e-05,0.00020715908570998875,1
87,1774313834596,-0.00016330525713999927,0.000170396571429,0.00020715908570998875,1
88,1774313834599,-0.00016330525713999927,0.000170396571429,0.00020715908570998875,1
89,1774313834601,-0.00016330525713999927,0.000170396571429,0.00020715908570998875,1
90,1774313834603,-0.00013210525713999895,0.00010019657142899997,0.0007375590857100307,1
91,1774313834606,-0.00013210525713999895,0.00010019657142899997,0.0007375590857100307,1
92,1774313834608,-0.00013210525713999895,0.00010019657142899997,0.0007375590857100307,1
93,1774313834611,-0.0001945052571399996,-0.00010650342857100001,0.00014475908570997075,1
94,1774313834613,-0.0001945052571399996,-0.00010650342857100001,0.00014475908570997075,1
95,1774313834615,-0.0001945052571399996,-0.00010650342857100001,0.00014475908570997075,1
96,1774313834618,-0.0001945052571399996,-0.00010650342857100001,0.00014475908570997075,1
97,1774313834620,-0.00016330525713999927,-0.00018060342857100002,0.00011745908571001839,1
98,1774313834622,-0.00016330525713999927,-0.00018060342857100002,0.00011745908571001839,1
99,1774313834625,-0.00016330525713999927,-0.00018060342857100002,0.00011745908571001839,1
100,1774313834627,-0.00016720525713999866,-0.00020790342857100004,0.00019155908570998425,1
101,1774313834630,-0.00016720525713999866,-0.00020790342857100004,0.00019155908570998425,1
102,1774313834632,-0.00016720525713999866,-0.00020790342857100004,0.00019155908570998425,1
103,1774313834634,-8.920525713999872e-05,0.00016259657142899992,-0.0001828409142900127,1
104,1774313834637,-8.920525713999872e-05,0.00016259657142899992,-0.0001828409142900127,1
105,1774313834639,-8.920525713999872e-05,0.00016259657142899992,-0.0001828409142900127,1
106,1774313834641,-8.920525713999872e-05,0.00016259657142899992,-0.0001828409142900127,1
107,1774313834644,-5.4105257139999e-05,0.00039659657142899997,0.000682959085710015,1
108,1774313834646,-5.4105257139999e-05,0.00039659657142899997,0.000682959085710015,1
109,1774313834649,-5.4105257139999e-05,0.00039659657142899997,0.000682959085710015,1
110,1774313834651,-5.800525714000013e-05,0.00014699657142899997,0.0008272590857100011,1
111,1774313834653,-5.800525714000013e-05,0.00014699657142899997,0.0008272590857100011,1
112,1774313834656,-5.800525714000013e-05,0.00014699657142899997,0.0008272590857100011,1
113,1774313834658,-5.800525714000013e-05,-0.000215703428571,-0.0004168409142899692,1
114,1774313834660,9.019474286000098e-05,-0.000215703428571,-0.0004168409142899692,1
115,1774313834663,9.019474286000098e-05,-0.000215703428571,-0.0004168409142899692,1
116,1774313834665,9.019474286000098e-05,-0.000215703428571,-0.0004168409142899692,1
117,1774313834668,-0.00016720525713999866,-3.630342857100004e-05,-0.0005455409142900618,1
118,1774313834670,-0.00016720525713999866,-3.630342857100004e-05,-0.0005455409142900618,1
119,1774313834673,-0.00016720525713999866,-3.630342857100004e-05,-0.0005455409142900618,1
120,1774313834675,-4.630525714000022e-05,2.2196571428999973e-05,0.0007960590857099921,1
121,1774313834678,-4.630525714000022e-05,2.2196571428999973e-05,0.0007960590857099921,1
122,1774313834680,-4.630525714000022e-05,2.2196571428999973e-05,0.0007960590857099921,1
123,1774313834682,-7.750525713999881e-05,-0.000184503428571,0.0001486590857100274,1
124,1774313834685,-7.750525713999881e-05,-0.000184503428571,0.0001486590857100274,1
0,1774313834703,-0.00014380525713999885,0.00018599657142899994,0.0003787590857099272,1
1,1774313834705,-0.00014380525713999885,0.00018599657142899994,0.0003787590857099272,1
2,1774313834707,-8.530525713999933e-05,-0.00019620342857100002,0.00028515908571001124,1
3,1774313834710,-8.530525713999933e-05,-0.00019620342857100002,0.00028515908571001124,1
4,1774313834712,-8.530525713999933e-05,-0.00019620342857100002,0.00028515908571001124,1
5,1774313834714,-4.630525714000022e-05,-0.00019620342857100002,-0.0001945409142900716,1
6,1774313834717,-4.630525714000022e-05,-0.00019620342857100002,-0.0001945409142900716,1
7,1774313834719,-4.630525714000022e-05,-0.00019620342857100002,-0.0001945409142900716,1
8,1774313834749,-1.5105257139999897e-05,0.00024839657142899994,0.0006595590857100082,1
9,1774313834751,-1.5105257139999897e-05,0.00024839657142899994,0.0006595590857100082,1
10,1774313834804,-0.00018670525713999908,2.609657142899996e-05,0.0005776590857099291,1
11,1774313834807,-0.00018670525713999908,5.339657142899997e-05,0.0005737590857099835,1
12,1774313834809,-0.00018670525713999908,5.339657142899997e-05,0.0005737590857099835,1
13,1774313834811,-6.970525714000003e-05,5.339657142899997e-05,-0.00017504091429001046,1
14,1774313834814,-6.970525714000003e-05,5.339657142899997e-05,-0.00017504091429001046,1
15,1774313834816,-6.970525714000003e-05,5.339657142899997e-05,-0.00017504091429001046,1
16,1774313834818,0.0001096947428600014,6.509657142899999e-05,0.00041775908570993846,1
17,1774313834821,0.0001096947428600014,6.509657142899999e-05,0.00041775908570993846,1
18,1774313834823,0.0001096947428600014,6.509657142899999e-05,0.00041775908570993846,1
19,1774313834825,0.0001096947428600014,2.6965714289999866e-06,1.9959085709934758e-05,1
20,1774313834828,-5.4105257139999e-05,2.6965714289999866e-06,1.9959085709934758e-05,1
21,1774313834830,-5.4105257139999e-05,2.6965714289999866e-06,1.9959085709934758e-05,1
22,1774313834833,-5.4105257139999e-05,2.6965714289999866e-06,1.9959085709934758e-05,1
23,1774313834835,5.509474286000127e-05,-9.480342857100005e-05,-0.0005767409142900708,1
24,1774313834837,5.509474286000127e-05,-9.480342857100005e-05,-0.0005767409142900708,1
25,1774313834840,5.509474286000127e-05,-9.480342857100005e-05,-0.0005767409142900708,1
26,1774313834842,-0.00015940525713999988,0.00022889657142899996,-7.364091428998121e-05,1
27,1774313834844,-0.00015940525713999988,0.00022889657142899996,-7.364091428998121e-05,1
28,1774313834847,-0.00015940525713999988,0.00022889657142899996,-7.364091428998121e-05,1
29,1774313834849,-0.00015940525713999988,0.00022889657142899996,0.001201659085709998,1
30,1774313834851,3.169474285999972e-05,0.00013139657142899997,0.001201659085709998,1
31,1774313834854,3.169474285999972e-05,0.00013139657142899997,0.001201659085709998,1
32,1774313834856,3.169474285999972e-05,0.00013139657142899997,0.001201659085709998,1
33,1774313834858,0.00014479474286000112,-0.00012600342857100002,-0.0001945409142900716,1
34,1774313834861,0.00014479474286000112,-0.00012600342857100002,-0.0001945409142900716,1
35,1774313834863,0.00014479474286000112,-0.00012600342857100002,-0.0001945409142900716,1
36,1774313834865,9.019474286000098e-05,0.000451196571429,0.00011355908570996175,1
37,1774313834868,9.019474286000098e-05,0.000451196571429,0.00011355908570996175,1
38,1774313834870,9.019474286000098e-05,0.000451196571429,0.00011355908570996175,1
39,1774313834873,9.019474286000098e-05,0.000451196571429,0.00011355908570996175,1
40,1774313834875,-2.2905257139998678e-05,0.00012359657142899994,0.0003592590857099771,1
41,1774313834877,-2.2905257139998678e-05,0.00012359657142899994,0.0003592590857099771,1
42,1774313834880,-2.2905257139998678e-05,0.00012359657142899994,0.0003592590857099771,1
43,1774313834882,-8.920525713999872e-05,-0.00012600342857100002,0.00012915908570996625,1
44,1774313834884,-8.920525713999872e-05,-0.00012600342857100002,0.00012915908570996625,1
45,1774313834887,-8.920525713999872e-05,-0.00012600342857100002,0.00012915908570996625,1
46,1774313834889,-8.920525713999872e-05,-0.00012600342857100002,-0.00014384091429000146,1
47,1774313834891,-8.920525713999872e-05,0.000107996571429,-0.00014384091429000146,1
48,1774313834894,-8.920525713999872e-05,0.000107996571429,-0.00014384091429000146,1
49,1774313834896,-8.920525713999872e-05,0.000107996571429,-0.00014384091429000146,1
50,1774313834899,-0.00015550525713999876,0.000201596571429,0.00048015908570995646,1
51,1774313834901,-0.00015550525713999876,0.000201596571429,0.00048015908570995646,1
52,1774313834903,-0.00015550525713999876,0.000201596571429,0.00048015908570995646,1
53,1774313834906,-4.630525714000022e-05,-0.000184503428571,0.0002812590857099546,1
54,1774313834908,-4.630525714000022e-05,-0.000184503428571,0.0002812590857099546,1
55,1774313834910,-4.630525714000022e-05,-0.000184503428571,0.0002812590857099546,1
56,1774313834913,-4.630525714000022e-05,-0.000184503428571,9.405908571001164e-05,1
57,1774313834915,8.629474285999986e-05,6.596571428999973e-06,9.405908571001164e-05,1
58,1774313834918,8.629474285999986e-05,6.596571428999973e-06,9.405908571001164e-05,1
59,1774313834920,8.629474285999986e-05,6.596571428999973e-06,9.405908571001164e-05,1
60,1774313834922,-3.460525713999858e-05,0.00020549657142899993,0.0005737590857099835,1
61,1774313834925,-3.460525713999858e-05,0.00020549657142899993,0.0005737590857099835,1
62,1774313834927,-3.460525713999858e-05,0.00020549657142899993,0.0005737590857099835,1
63,1774313834929,-1.1205257139998773e-05,-0.000200103428571,6.285908571000264e-05,1
64,1774313834932,-1.1205257139998773e-05,-0.000200103428571,6.285908571000264e-05,1
65,1774313834934,-1.1205257139998773e-05,-0.000200103428571,6.285908571000264e-05,1
66,1774313834937,-1.1205257139998773e-05,-0.000200103428571,6.285908571000264e-05,1
67,1774313834939,-4.24052571399991e-05,0.00019379657142900002,-0.00031544091429005095,1
68,1774313834941,-4.24052571399991e-05,0.00019379657142900002,-0.00031544091429005095,1
69,1774313834944,-4.24052571399991e-05,0.00019379657142900002,-0.00031544091429005095,1
70,1774313834946,-0.00011650525713999965,0.000182096571429,0.0008857590857099624,1
71,1774313834948,-0.00011650525713999965,0.000182096571429,0.0008857590857099624,1
72,1774313834951,-0.00011650525713999965,0.000182096571429,0.0008857590857099624,1
73,1774313834953,-0.00010480525713999975,-0.000293703428571,0.00047625908571001085,1
74,1774313834956,-0.00010480525713999975,-0.000293703428571,0.00047625908571001085,1
75,1774313834958,-0.00010480525713999975,-0.000293703428571,0.00047625908571001085,1
76,1774313834960,-0.00010480525713999975,-0.000293703428571,0.00047625908571001085,1
77,1774313834963,0.0001330947428600012,8.459657142899997e-05,-0.0005416409142900052,1
78,1774313834965,0.0001330947428600012,8.459657142899997e-05,-0.0005416409142900052,1
79,1774313834968,0.0001330947428600012,8.459657142899997e-05,-0.0005416409142900052,1
80,1774313834970,4.729474286000075e-05,0.00022109657142899998,0.0003943590857099317,1
81,1774313834972,4.729474286000075e-05,0.00022109657142899998,0.0003943590857099317,1
82,1774313834975,4.729474286000075e-05,0.00022109657142899998,0.0003943590857099317,1
83,1774313834977,-0.00018670525713999908,-0.00011430342857100004,0.0007960590857099921,1
84,1774313834979,-0.00018670525713999908,-0.00011430342857100004,0.0007960590857099921,1
85,1774313834982,-0.00018670525713999908,-0.00011430342857100004,0.0007960590857099921,1
86,1774313834984,-0.00018670525713999908,-0.00011430342857100004,0.0007960590857099921,1
87,1774313834987,-1.9005257139999288e-05,-5.190342857100004e-05,-0.0003076409142900487,1
88,1774313834989,-1.9005257139999288e-05,-5.190342857100004e-05,-0.0003076409142900487,1
89,1774313834991,-1.9005257139999288e-05,-5.190342857100004e-05,-0.0003076409142900487,1
90,1774313834994,1.2194742860001037e-05,0.00011969657142899996,0.00019155908570998425,1
91,1774313834996,1.2194742860001037e-05,0.00011969657142899996,0.00019155908570998425,1
92,1774313834998,1.2194742860001037e-05,0.00011969657142899996,0.00019155908570998425,1
93,1774313835001,1.2194742860001037e-05,0.00011969657142899996,0.0008311590857099467,1
94,1774313835003,-0.00011650525713999965,0.00011969657142899996,0.0008311590857099467,1
95,1774313835006,-0.00011650525713999965,0.00011969657142899996,0.0008311590857099467,1
96,1774313835008,-0.00011650525713999965,0.00011969657142899996,0.0008311590857099467,1
97,1774313835010,-8.920525713999872e-05,3.3896571428999986e-05,-4.2440914289972216e-05,1
98,1774313835013,-8.920525713999872e-05,3.3896571428999986e-05,-4.2440914289972216e-05,1
99,1774313835015,-8.920525713999872e-05,3.3896571428999986e-05,-4.2440914289972216e-05,1
100,1774313835017,6.679474286000117e-05,0.00021719657142899994,0.0003241590857100225,1
101,1774313835020,6.679474286000117e-05,0.00021719657142899994,0.0003241590857100225,1
102,1774313835022,6.679474286000117e-05,0.00021719657142899994,0.0003241590857100225,1
103,1774313835025,6.679474286000117e-05,0.000252296571429,0.0004216590857099951,1
104,1774313835027,-0.0001789052571400003,0.000252296571429,0.0004216590857099951,1
105,1774313835029,-0.0001789052571400003,0.000252296571429,0.0004216590857099951,1
106,1774313835032,-0.0001789052571400003,0.000252296571429,0.0004216590857099951,1
107,1774313835034,4.947428600011322e-07,-9.003428571000027e-06,-0.00023744091429002846,1
108,1774313835037,4.947428600011322e-07,-9.003428571000027e-06,-0.00023744091429002846,1
109,1774313835039,4.947428600011322e-07,-9.003428571000027e-06,-0.00023744091429002846,1
110,1774313835041,-0.00010480525713999975,0.00032249657142899995,5.8959085709946006e-05,1
111,1774313835044,-0.00010480525713999975,0.00032249657142899995,5.8959085709946006e-05,1
112,1774313835046,-0.00010480525713999975,0.00032249657142899995,5.8959085709946006e-05,1
113,1774313835048,-0.00010480525713999975,0.00032249657142899995,0.0012289590857099504,1
114,1774313835051,-0.00035830525714,0.000283496571429,0.0012289590857099504,1
115,1774313835053,-0.00035830525714,0.000283496571429,0.0012289590857099504,1
116,1774313835056,-0.00035830525714,0.000283496571429,0.0012289590857099504,1
117,1774313835058,-1.9005257139999288e-05,-0.00018060342857100002,7.45590857099505e-05,1
118,1774313835060,-1.9005257139999288e-05,-0.00018060342857100002,7.45590857099505e-05,1
119,1774313835063,-1.9005257139999288e-05,-0.00018060342857100002,7.45590857099505e-05,1
120,1774313835065,-6.970525714000003e-05,0.00014699657142899997,-0.00018674091429006934,1
121,1774313835067,-6.970525714000003e-05,0.00014699657142899997,-0.00018674091429006934,1
122,1774313835070,-6.970525714000003e-05,0.00014699657142899997,-0.00018674091429006934,1
123,1774313835072,-6.970525714000003e-05,0.00014699657142899997,0.0005659590857099812,1
124,1774313835075,1.2194742860001037e-05,-5.10342857100004e-06,0.0005659590857099812,1
0,1774313835088,-0.00013990525713999946,-0.00020400342857100002,0.00032025908570996586,1
1,1774313835118,-0.00016720525713999866,7.6796571429e-05,-0.00012044091428999471,1
2,1774313835120,-0.00016720525713999866,7.6796571429e-05,-0.00012044091428999471,1
3,1774313835166,4.394742860000522e-06,0.00027179657142899997,0.00023835908570999775,1
4,1774313835185,-0.00013210525713999895,-5.5803428571000026e-05,-0.00020624091429001946,1
5,1774313835187,-0.00013210525713999895,-5.5803428571000026e-05,-0.00020624091429001946,1
6,1774313835190,-0.00013210525713999895,-5.5803428571000026e-05,-0.00020624091429001946,1
7,1774313835192,-0.00013210525713999895,-5.5803428571000026e-05,4.725908570999814e-05,1
8,1774313835194,-0.00016720525713999866,0.00011969657142899996,4.725908570999814e-05,1
9,1774313835197,-0.00016720525713999866,0.00011969657142899996,4.725908570999814e-05,1
10,1774313835199,-0.00016720525713999866,0.00011969657142899996,4.725908570999814e-05,1
11,1774313835202,-0.00013210525713999895,0.00013139657142899997,0.0007258590857099718,1
12,1774313835204,-0.00013210525713999895,0.00013139657142899997,0.0007258590857099718,1
13,1774313835206,-0.00013210525713999895,0.00013139657142899997,0.0007258590857099718,1
14,1774313835209,-5.4105257139999e-05,-0.000258603428571,0.00025395908571000225,1
15,1774313835211,-5.4105257139999e-05,-0.000258603428571,0.00025395908571000225,1
16,1774313835213,-5.4105257139999e-05,-0.000258603428571,0.00025395908571000225,1
17,1774313835216,-5.4105257139999e-05,-0.000258603428571,-0.00039734091429001906,1
18,1774313835218,1.2194742860001037e-05,-5.190342857100004e-05,-0.00039734091429001906,1
19,1774313835221,1.2194742860001037e-05,-5.190342857100004e-05,-0.00039734091429001906,1
20,1774313835223,1.2194742860001037e-05,-5.190342857100004e-05,-0.00039734091429001906,1
21,1774313835225,4.394742860000522e-06,0.00016649657142899996,0.00044895908570994746,1
22,1774313835228,4.394742860000522e-06,0.00016649657142899996,0.00044895908570994746,1
23,1774313835230,4.394742860000522e-06,0.00016649657142899996,0.00044895908570994746,1
24,1774313835232,0.00010189474286000089,-6.750342857100004e-05,0.00025395908571000225,1
25,1774313835235,0.00010189474286000089,-6.750342857100004e-05,0.00025395908571000225,1
26,1774313835237,0.00010189474286000089,-6.750342857100004e-05,0.00025395908571000225,1
27,1774313835240,0.00010189474286000089,-6.750342857100004e-05,0.00025395908571000225,1
28,1774313835242,-7.305257139999383e-06,-1.2903428571000013e-05,-0.00036224091429006445,1
29,1774313835244,-7.305257139999383e-06,-1.2903428571000013e-05,-0.00036224091429006445,1
30,1774313835247,-7.305257139999383e-06,-1.2903428571000013e-05,-0.00036224091429006445,1
31,1774313835249,-4.630525714000022e-05,0.000182096571429,0.00027345908570995236,1
32,1774313835251,-4.630525714000022e-05,0.000182096571429,0.00027345908570995236,1
33,1774313835254,-4.630525714000022e-05,0.000182096571429,0.00027345908570995236,1
34,1774313835256,-0.00014380525713999885,6.119657142899994e-05,0.0013615590857099886,1
35,1774313835259,-0.00014380525713999885,6.119657142899994e-05,0.0013615590857099886,1
36,1774313835261,-0.00014380525713999885,6.119657142899994e-05,0.0013615590857099886,1
37,1774313835263,-0.00014380525713999885,6.119657142899994e-05,0.0013615590857099886,1
38,1774313835266,6.679474286000117e-05,-0.00011820342857100002,-0.0002803409142899853,1
39,1774313835268,6.679474286000117e-05,-0.00011820342857100002,-0.0002803409142899853,1
40,1774313835271,6.679474286000117e-05,-0.00011820342857100002,-0.0002803409142899853,1
41,1774313835273,3.949474286000024e-05,0.00026789657142899993,-0.0003232409142900532,1
42,1774313835275,3.949474286000024e-05,0.00026789657142899993,-0.0003232409142900532,1
43,1774313835278,3.949474286000024e-05,0.00026789657142899993,-0.0003232409142900532,1
44,1774313835280,-0.00010090525713999862,0.0002873965714289999,0.000983259085709935,1
45,1774313835282,-0.00010090525713999862,0.0002873965714289999,0.000983259085709935,1
46,1774313835285,-0.00010090525713999862,0.0002873965714289999,0.000983259085709935,1
47,1774313835287,-0.00010090525713999862,0.0002873965714289999,0.000983259085709935,1
48,1774313835289,8.239474286000047e-05,-6.750342857100004e-05,0.00017985908571003639,1
49,1774313835295,8.239474286000047e-05,-6.750342857100004e-05,-0.0001009409142900446,1
50,1774313835298,-0.00024130525713999922,1.049657142899996e-05,-0.0001009409142900446,1
51,1774313835300,-0.00024130525713999922,1.049657142899996e-05,-0.0001009409142900446,1
52,1774313835303,-0.00024130525713999922,1.049657142899996e-05,-0.0001009409142900446,1
53,1774313835305,-0.0001789052571400003,0.00023669657142899993,0.0006127590857099947,1
54,1774313835307,-0.0001789052571400003,0.00023669657142899993,0.0006127590857099947,1
55,1774313835310,-0.0001789052571400003,0.00023669657142899993,0.0006127590857099947,1
56,1774313835312,-2.2905257139998678e-05,-0.00016500342857100002,0.0003124590857099636,1
57,1774313835315,-2.2905257139998678e-05,-0.00016500342857100002,0.0003124590857099636,1
58,1774313835317,-2.2905257139998678e-05,-0.00016500342857100002,0.0003124590857099636,1
59,1774313835319,-2.2905257139998678e-05,-0.00016500342857100002,-2.2940914290022103e-05,1
60,1774313835322,0.00017989474286000083,-9.870342857100004e-05,-2.2940914290022103e-05,1
61,1774313835324,0.00017989474286000083,-9.870342857100004e-05,-2.2940914290022103e-05,1
62,1774313835326,0.00017989474286000083,-9.870342857100004e-05,-2.2940914290022103e-05,1
63,1774313835329,0.00018769474286000135,0.000232796571429,0.000558159085709979,1
64,1774313835331,0.00018769474286000135,0.000232796571429,0.000558159085709979,1
65,1774313835334,0.00018769474286000135,0.000232796571429,0.000558159085709979,1
66,1774313835336,0.0001213947428600013,-7.140342857100003e-05,-0.00022184091429002396,1
67,1774313835338,0.0001213947428600013,-7.140342857100003e-05,-0.00022184091429002396,1
68,1774313835341,0.0001213947428600013,-7.140342857100003e-05,-0.00022184091429002396,1
69,1774313835343,0.0001213947428600013,-7.140342857100003e-05,-0.00022184091429002396,1
70,1774313835346,1.2194742860001037e-05,0.000252296571429,-0.0003427409142900033,1
71,1774313835348,1.2194742860001037e-05,0.000252296571429,-0.0003427409142900033,1
72,1774313835350,1.2194742860001037e-05,0.000252296571429,-0.0003427409142900033,1
73,1774313835353,-0.00010870525713999914,0.000314696571429,0.0010300590857099485,1
74,1774313835355,-0.00010870525713999914,0.000314696571429,0.0010300590857099485,1
75,1774313835357,-0.00010870525713999914,0.000314696571429,0.0010300590857099485,1
76,1774313835360,-0.00016720525713999866,-0.00023910342857100004,0.0005464590857100311,1
77,1774313835362,-0.00016720525713999866,-0.00023910342857100004,0.0005464590857100311,1
78,1774313835365,-0.00016720525713999866,-0.00023910342857100004,0.0005464590857100311,1
79,1774313835367,-0.00016720525713999866,-0.00023910342857100004,0.0005464590857100311,1
80,1774313835369,-2.6805257139999802e-05,-0.000137703428571,-0.0008302409142899774,1
81,1774313835372,-2.6805257139999802e-05,-0.000137703428571,-0.0008302409142899774,1
82,1774313835375,-2.6805257139999802e-05,-0.000137703428571,-0.0008302409142899774,1
83,1774313835378,8.629474285999986e-05,8.069657142899999e-05,0.0003436590857099726,1
84,1774313835380,8.629474285999986e-05,8.069657142899999e-05,0.0003436590857099726,1
85,1774313835383,8.629474285999986e-05,8.069657142899999e-05,0.0003436590857099726,1
86,1774313835385,-0.00010480525713999975,-0.000137703428571,0.0005230590857100243,1
87,1774313835387,-0.00010480525713999975,-0.000137703428571,0.0005230590857100243,1
88,1774313835390,-0.00010480525713999975,-0.000137703428571,0.0005230590857100243,1
89,1774313835392,-0.00014380525713999885,-1.2903428571000013e-05,-0.00023354091428997182,1
90,1774313835395,-0.00014380525713999885,-1.2903428571000013e-05,-0.00023354091428997182,1
91,1774313835397,-0.00014380525713999885,-1.2903428571000013e-05,-0.00023354091428997182,1
92,1774313835399,-0.00014380525713999885,0.000263996571429,0.00043335908570994296,1
93,1774313835402,-5.020525713999961e-05,0.000263996571429,0.00043335908570994296,1
94,1774313835404,-5.020525713999961e-05,0.000263996571429,0.00043335908570994296,1
95,1774313835407,-5.020525713999961e-05,0.000263996571429,0.00043335908570994296,1
96,1774313835409,-0.0002023052571400001,-0.00013380342857100002,0.0009910590857099373,1
97,1774313835411,-0.0002023052571400001,-0.00013380342857100002,0.0009910590857099373,1
98,1774313835414,-0.0002023052571400001,-0.00013380342857100002,0.0009910590857099373,1
99,1774313835416,8.294742859999912e-06,-0.00010650342857100001,-0.00028814091428998757,1
100,1774313835418,8.294742859999912e-06,-0.00010650342857100001,-0.00028814091428998757,1
101,1774313835421,8.294742859999912e-06,-0.00010650342857100001,-0.00028814091428998757,1
102,1774313835423,8.294742859999912e-06,-0.00010650342857100001,0.0002500590857099456,1
103,1774313835426,5.119474286000014e-05,0.00015869657142899998,0.0002500590857099456,1
104,1774313835428,5.119474286000014e-05,0.00015869657142899998,0.0002500590857099456,1
105,1774313835430,5.119474286000014e-05,0.00015869657142899998,0.0002500590857099456,1
106,1774313835433,-3.850525713999971e-05,-0.00013380342857100002,0.00027345908570995236,1
107,1774313835435,-3.850525713999971e-05,-0.00013380342857100002,0.00027345908570995236,1
108,1774313835437,-3.850525713999971e-05,-0.00013380342857100002,0.00027345908570995236,1
109,1774313835440,7.459474285999995e-05,9.239657142899994e-05,-0.0003076409142900487,1
110,1774313835442,7.459474285999995e-05,9.239657142899994e-05,-0.0003076409142900487,1
111,1774313835445,7.459474285999995e-05,9.239657142899994e-05,-0.0003076409142900487,1
112,1774313835447,7.459474285999995e-05,9.239657142899994e-05,0.0005659590857099812,1
113,1774313835449,5.509474286000127e-05,0.00020549657142899993,0.0005659590857099812,1
114,1774313835452,5.509474286000127e-05,0.00020549657142899993,0.0005659590857099812,1
115,1774313835454,5.509474286000127e-05,0.00020549657142899993,0.0005659590857099812,1
116,1774313835456,-0.00012430525714000017,-0.000137703428571,0.0011431590857100367,1
117,1774313835459,-0.00012430525714000017,-0.000137703428571,0.0011431590857100367,1
118,1774313835461,-0.00012430525714000017,-0.000137703428571,0.0011431590857100367,1
119,1774313835464,-3.070525713999919e-05,-5.5803428571000026e-05,-0.0007210409142900569,1
120,1774313835466,-3.070525713999919e-05,-5.5803428571000026e-05,-0.0007210409142900569,1
121,1774313835468,-3.070525713999919e-05,-5.5803428571000026e-05,-0.0007210409142900569,1
122,1774313835471,-3.070525713999919e-05,-5.5803428571000026e-05,-0.0007210409142900569,1
123,1774313835473,7.459474285999995e-05,0.00037319657142899994,-0.0001360409142899992,1
124,1774313835475,7.459474285999995e-05,0.00037319657142899994,-0.0001360409142899992,1
0,1774313835489,-7.360525713999942e-05,-0.00015720342857100002,-9.314091429004235e-05,1
1,1774313835491,-7.360525713999942e-05,-0.00015720342857100002,-9.314091429004235e-05,1
2,1774313835493,-7.360525713999942e-05,-0.00015720342857100002,-9.314091429004235e-05,1
3,1774313835496,8.294742859999912e-06,7.6796571429e-05,8.259085709986895e-06,1
4,1774313835498,8.294742859999912e-06,7.6796571429e-05,8.259085709986895e-06,1
5,1774313835500,8.294742859999912e-06,7.6796571429e-05,8.259085709986895e-06,1
6,1774313835503,8.294742859999912e-06,7.6796571429e-05,0.001014459085709944,1
7,1774313835505,-0.0001906052571400002,0.00016649657142899996,0.001014459085709944,1
8,1774313835508,-0.0001906052571400002,0.00016649657142899996,0.001014459085709944,1
9,1774313835510,-0.0001906052571400002,0.00016649657142899996,0.001014459085709944,1
10,1774313835512,-0.00011260525714000026,-0.00011040342857100002,-3.4409142900719905e-06,1
11,1774313835515,-0.00011260525714000026,-0.00011040342857100002,-3.4409142900719905e-06,1
12,1774313835517,-0.00011260525714000026,-0.00011040342857100002,-3.4409142900719905e-06,1
13,1774313835549,-1.1205257139998773e-05,0.00014309657142899993,-3.85409142900266e-05,1
14,1774313835552,-0.0002452052571399986,2.2196571428999973e-05,0.0010066590857099418,1
15,1774313835554,-0.0002452052571399986,2.2196571428999973e-05,0.0010066590857099418,1
16,1774313835574,0.00010189474286000089,-0.000200103428571,-0.0004402409142899759,1
17,1774313835615,2.3894742860000942e-05,0.000295196571429,0.00040215908570993397,1
18,1774313835618,-0.00012820525713999956,-9.090342857100001e-05,-7.754091429003785e-05,1
19,1774313835620,-0.00012820525713999956,-9.090342857100001e-05,-7.754091429003785e-05,1
20,1774313835622,-0.00012820525713999956,-9.090342857100001e-05,0.0005737590857099835,1
21,1774313835625,0.0001642947428599998,-2.070342857100004e-05,0.0005737590857099835,1
22,1774313835627,0.0001642947428599998,-2.070342857100004e-05,0.0005737590857099835,1
23,1774313835630,0.0001642947428599998,-2.070342857100004e-05,0.0005737590857099835,1
24,1774313835632,1.2194742860001037e-05,-0.00022740342857100002,0.0001681590857099775,1
25,1774313835634,1.2194742860001037e-05,-0.00022740342857100002,0.0001681590857099775,1
26,1774313835637,1.2194742860001037e-05,-0.00022740342857100002,0.0001681590857099775,1
27,1774313835639,3.169474285999972e-05,0.00016259657142899992,-0.0002959409142899898,1
28,1774313835641,3.169474285999972e-05,0.00016259657142899992,-0.0002959409142899898,1
29,1774313835644,3.169474285999972e-05,0.00016259657142899992,-0.0002959409142899898,1
30,1774313835646,3.169474285999972e-05,0.00016259657142899992,0.0009988590857099395,1
31,1774313835649,-0.0003271052571399997,0.000213296571429,0.0009988590857099395,1
32,1774313835651,-0.0003271052571399997,0.000213296571429,0.0009988590857099395,1
33,1774313835653,-0.0003271052571399997,0.000213296571429,0.0009988590857099395,1
34,1774313835656,-0.0002335052571399987,-7.9203428571e-05,0.0003280590857099681,1
35,1774313835659,-0.0002335052571399987,-7.9203428571e-05,0.0003280590857099681,1
36,1774313835661,-0.0002335052571399987,-7.9203428571e-05,0.0003280590857099681,1
37,1774313835664,0.00011749474286000018,0.00015479657142899994,-0.0009472409142900111,1
38,1774313835666,0.00011749474286000018,0.00015479657142899994,-0.0009472409142900111,1
39,1774313835668,0.00011749474286000018,0.00015479657142899994,-0.0009472409142900111,1
40,1774313835671,1.9994742859999817e-05,0.00018599657142899994,0.0003241590857100225,1
41,1774313835673,1.9994742859999817e-05,0.00018599657142899994,0.0003241590857100225,1
42,1774313835675,1.9994742859999817e-05,0.00018599657142899994,0.0003241590857100225,1
43,1774313835678,1.9994742859999817e-05,0.00018599657142899994,0.0003241590857100225,1
44,1774313835680,-0.00031150525713999865,1.049657142899996e-05,0.0006361590857100015,1
45,1774313835683,-0.00031150525713999865,1.049657142899996e-05,0.0006361590857100015,1
46,1774313835685,-0.00031150525713999865,1.049657142899996e-05,0.0006361590857100015,1
47,1774313835687,-0.00024910525713999973,-0.00023520342857100002,-0.00039344091429007345,1
48,1774313835690,-0.00024910525713999973,-0.00023520342857100002,-0.00039344091429007345,1
49,1774313835695,-0.00024910525713999973,-0.00023520342857100002,-0.00039344091429007345,1
50,1774313835698,4.339474286000136e-05,0.00022499657142899991,0.0002656590857099501,1
51,1774313835700,4.339474286000136e-05,0.00022499657142899991,0.0002656590857099501,1
52,1774313835703,-0.00012820525713999956,2.2196571428999973e-05,0.0007024590857099651,1
53,1774313835705,-0.00012820525713999956,2.2196571428999973e-05,0.0007024590857099651,1
54,1774313835708,-0.00012820525713999956,2.2196571428999973e-05,0.0007024590857099651,1
55,1774313835710,-0.00012820525713999956,2.2196571428999973e-05,0.0007024590857099651,1
56,1774313835712,-0.0002101052571399989,-0.00011430342857100004,1.6059085709989145e-05,1
57,1774313835715,-0.0002101052571399989,-0.00011430342857100004,1.6059085709989145e-05,1
58,1774313835717,-0.0002101052571399989,-0.00011430342857100004,1.6059085709989145e-05,1
59,1774313835719,2.3894742860000942e-05,3.779657142899997e-05,0.0002617590857100045,1
60,1774313835722,2.3894742860000942e-05,3.779657142899997e-05,0.0002617590857100045,1
61,1774313835724,2.3894742860000942e-05,3.779657142899997e-05,0.0002617590857100045,1
62,1774313835727,-0.00014380525713999885,-0.00017670342857100004,0.0001369590857099685,1
63,1774313835729,-0.00014380525713999885,-0.00017670342857100004,0.0001369590857099685,1
64,1774313835731,-0.00014380525713999885,-0.00017670342857100004,0.0001369590857099685,1
65,1774313835734,-0.00014380525713999885,-0.00017670342857100004,0.0001369590857099685,1
66,1774313835736,-0.00013210525713999895,0.000201596571429,-0.0003583409142900078,1
67,1774313835738,-0.00013210525713999895,0.000201596571429,-0.0003583409142900078,1
68,1774313835741,-0.00013210525713999895,0.000201596571429,-0.0003583409142900078,1
69,1774313835743,-0.00012820525713999956,0.00019379657142900002,0.0011782590857099913,1
70,1774313835746,-0.00012820525713999956,0.00019379657142900002,0.0011782590857099913,1
71,1774313835748,-0.00012820525713999956,0.00019379657142900002,0.0011782590857099913,1
72,1774313835750,-0.00012820525713999956,-0.00023910342857100004,0.00027345908570995236,1
73,1774313835753,-3.460525713999858e-05,-0.00023910342857100004,0.00027345908570995236,1
74,1774313835755,-3.460525713999858e-05,-0.00023910342857100004,0.00027345908570995236,1
75,1774313835757,-3.460525713999858e-05,-0.00023910342857100004,0.00027345908570995236,1
76,1774313835760,5.119474286000014e-05,0.00013139657142899997,-0.0007561409142900115,1
77,1774313835762,5.119474286000014e-05,0.00013139657142899997,-0.0007561409142900115,1
78,1774313835765,5.119474286000014e-05,0.00013139657142899997,-0.0007561409142900115,1
79,1774313835767,-7.305257139999383e-06,0.000263996571429,0.0004918590857100153,1
80,1774313835769,-7.305257139999383e-06,0.000263996571429,0.0004918590857100153,1
81,1774313835772,-7.305257139999383e-06,0.000263996571429,0.0004918590857100153,1
82,1774313835774,-7.305257139999383e-06,-0.00025080342857100005,0.0003943590857099317,1
83,1774313835777,-0.00015550525713999876,-0.00025080342857100005,0.0003943590857099317,1
84,1774313835779,-0.00015550525713999876,-0.00025080342857100005,0.0003943590857099317,1
85,1774313835781,-0.00015550525713999876,-0.00025080342857100005,0.0003943590857099317,1
86,1774313835784,-0.00026080525713999964,-0.000168903428571,-0.00026864091429003745,1
87,1774313835786,-0.00026080525713999964,-0.000168903428571,-0.00026864091429003745,1
88,1774313835788,-0.00026080525713999964,-0.000168903428571,-0.00026864091429003745,1
89,1774313835791,9.409474286000037e-05,0.000201596571429,0.00038655908570992947,1
90,1774313835793,9.409474286000037e-05,0.000201596571429,0.00038655908570992947,1
91,1774313835796,9.409474286000037e-05,0.000201596571429,0.00038655908570992947,1
92,1774313835798,9.409474286000037e-05,-9.090342857100001e-05,0.0005698590857099268,1
93,1774313835800,-0.0001945052571399996,-9.090342857100001e-05,0.0005698590857099268,1
94,1774313835803,-0.0001945052571399996,-9.090342857100001e-05,0.0005698590857099268,1
95,1774313835805,-0.0001945052571399996,-9.090342857100001e-05,0.0005698590857099268,1
96,1774313835807,-9.700525713999923e-05,-4.8003428571e-05,-0.00012434091429005135,1
97,1774313835810,-9.700525713999923e-05,-4.8003428571e-05,-0.00012434091429005135,1
98,1774313835812,-9.700525713999923e-05,-4.8003428571e-05,-0.00012434091429005135,1
99,1774313835815,6.289474286000005e-05,1.049657142899996e-05,0.0002617590857100045,1
100,1774313835817,6.289474286000005e-05,1.049657142899996e-05,0.0002617590857100045,1
101,1774313835819,6.289474286000005e-05,1.049657142899996e-05,0.0002617590857100045,1
102,1774313835822,6.289474286000005e-05,1.049657142899996e-05,-1.5140914290019854e-05,1
103,1774313835824,-0.00015160525713999937,-0.000137703428571,-1.5140914290019854e-05,1
104,1774313835826,-0.00015160525713999937,-0.000137703428571,-1.5140914290019854e-05,1
105,1774313835829,-0.00015160525713999937,-0.000137703428571,-1.5140914290019854e-05,1
106,1774313835831,-4.24052571399991e-05,0.00039659657142899997,-0.00041294091429002356,1
107,1774313835834,-4.24052571399991e-05,0.00039659657142899997,-0.00041294091429002356,1
108,1774313835836,-4.24052571399991e-05,0.00039659657142899997,-0.00041294091429002356,1
109,1774313835838,-0.00015160525713999937,0.000470696571429,0.0007492590857099786,1
110,1774313835841,-0.00015160525713999937,0.000470696571429,0.0007492590857099786,1
111,1774313835843,-0.00015160525713999937,0.000470696571429,0.0007492590857099786,1
112,1774313835845,-0.00015160525713999937,0.000470696571429,0.0007492590857099786,1
113,1774313835848,-0.00012040525713999904,-0.00021180342857100002,0.0006634590857099538,1
114,1774313835850,-0.00012040525713999904,-0.00021180342857100002,0.0006634590857099538,1
115,1774313835853,-0.00012040525713999904,-0.00021180342857100002,0.0006634590857099538,1
116,1774313835855,0.00018769474286000135,7.289657142899996e-05,-0.0008263409142900318,1
117,1774313835857,0.00018769474286000135,7.289657142899996e-05,-0.0008263409142900318,1
118,1774313835860,0.00018769474286000135,7.289657142899996e-05,-0.0008263409142900318,1
119,1774313835862,-0.00017500525713999918,0.00023669657142899993,0.0005230590857100243,1
120,1774313835864,-0.00017500525713999918,0.00023669657142899993,0.0005230590857100243,1
121,1774313835867,-0.00017500525713999918,0.00023669657142899993,0.0005230590857100243,1
122,1774313835869,-0.00017500525713999918,0.00023669657142899993,0.0005230590857100243,1
123,1774313835872,-0.0003349052571400002,-3.2403428571000053e-05,0.0006010590857099358,1
124,1774313835874,-0.0003349052571400002,-3.2403428571000053e-05,0.0006010590857099358,1
0,1774313835887,2.3894742860000942e-05,0.000377096571429,0.00019155908570998425,1
1,1774313835918,2.3894742860000942e-05,0.000377096571429,0.00019155908570998425,1
2,1774313835920,-0.00023740525713999983,-0.00023910342857100004,0.00033195908571002474,1
3,1774313835930,-0.00023740525713999983,-0.00023910342857100004,0.00033195908571002474,1
4,1774313835984,-0.00012430525714000017,-0.000231303428571,0.0009169590857099714,1
5,1774313835986,-1.1205257139998773e-05,0.00026789657142899993,-0.00022184091429002396,1
6,1774313835989,-1.1205257139998773e-05,0.00026789657142899993,-0.00022184091429002396,1
7,1774313835991,-0.0003232052571400003,6.899657142899997e-05,0.0006751590857100127,1
8,1774313835994,-0.0003232052571400003,6.899657142899997e-05,0.0006751590857100127,1
9,1774313835996,-0.0003232052571400003,6.899657142899997e-05,0.0006751590857100127,1
10,1774313835998,-0.00014770525713999998,-7.9203428571e-05,0.0001642590857100319,1
11,1774313836001,-0.00014770525713999998,-7.9203428571e-05,0.0001642590857100319,1
12,1774313836003,-0.00014770525713999998,-7.9203428571e-05,0.0001642590857100319,1
13,1774313836006,4.394742860000522e-06,0.00018989657142899998,0.00022275908570999325,1
14,1774313836008,4.394742860000522e-06,0.00018989657142899998,0.00022275908570999325,1
15,1774313836010,4.394742860000522e-06,0.00018989657142899998,0.00022275908570999325,1
16,1774313836013,4.394742860000522e-06,0.00018989657142899998,0.00022275908570999325,1
17,1774313836015,-0.00012820525713999956,2.2196571428999973e-05,0.0003592590857099771,1
18,1774313836018,-0.00012820525713999956,2.2196571428999973e-05,0.0003592590857099771,1
19,1774313836020,-0.00012820525713999956,2.2196571428999973e-05,0.0003592590857099771,1
20,1774313836022,-6.580525713999891e-05,4.169657142899996e-05,-0.00014384091429000146,1
21,1774313836025,-6.580525713999891e-05,4.169657142899996e-05,-0.00014384091429000146,1
22,1774313836027,-6.580525713999891e-05,4.169657142899996e-05,-0.00014384091429000146,1
23,1774313836029,-7.305257139999383e-06,0.0004238965714289999,0.0004567590857099497,1
24,1774313836032,-7.305257139999383e-06,0.0004238965714289999,0.0004567590857099497,1
25,1774313836034,-7.305257139999383e-06,0.0004238965714289999,0.0004567590857099497,1
26,1774313836036,-7.305257139999383e-06,0.0004238965714289999,0.0004567590857099497,1
27,1774313836039,-0.0001789052571400003,-0.00014550342857100004,0.001088559085710021,1
28,1774313836041,-0.0001789052571400003,-0.00014550342857100004,0.001088559085710021,1
29,1774313836044,-0.0001789052571400003,-0.00014550342857100004,0.001088559085710021,1
30,1774313836046,8.629474285999986e-05,-0.000200103428571,-0.0006235409142899733,1
31,1774313836048,8.629474285999986e-05,-0.000200103428571,-0.0006235409142899733,1
32,1774313836051,8.629474285999986e-05,-0.000200103428571,-0.0006235409142899733,1
33,1774313836053,8.629474285999986e-05,6.899657142899997e-05,-3.4409142900719905e-06,1
34,1774313836055,-3.460525713999858e-05,6.899657142899997e-05,-3.4409142900719905e-06,1
35,1774313836058,-3.460525713999858e-05,6.899657142899997e-05,-3.4409142900719905e-06,1
36,1774313836060,-3.460525713999858e-05,6.899657142899997e-05,-3.4409142900719905e-06,1
37,1774313836063,-0.00024130525713999922,0.00010019657142899997,0.000370959085710036,1
38,1774313836065,-0.00024130525713999922,0.00010019657142899997,0.000370959085710036,1
39,1774313836067,-0.00024130525713999922,0.00010019657142899997,0.000370959085710036,1
40,1774313836070,-0.00014380525713999885,-0.00015720342857100002,-0.00011264091428999246,1
41,1774313836072,-0.00014380525713999885,-0.00015720342857100002,-0.00011264091428999246,1
42,1774313836075,-0.00014380525713999885,-0.00015720342857100002,-0.00011264091428999246,1
43,1774313836077,-0.00014380525713999885,0.00011189657142899998,-0.00017114091429006485,1
44,1774313836079,-8.530525713999933e-05,0.00011189657142899998,-0.00017114091429006485,1
45,1774313836082,-8.530525713999933e-05,0.00011189657142899998,-0.00017114091429006485,1
46,1774313836084,-8.530525713999933e-05,0.00011189657142899998,-0.00017114091429006485,1
47,1774313836086,-7.750525713999881e-05,8.459657142899997e-05,0.000983259085709935,1
48,1774313836089,-7.750525713999881e-05,8.459657142899997e-05,0.000983259085709935,1
49,1774313836091,-7.750525713999881e-05,8.459657142899997e-05,0.000983259085709935,1
50,1774313836094,-0.00031930525713999916,-0.00010650342857100001,-5.41409142900311e-05,1
51,1774313836096,-0.00031930525713999916,-0.00010650342857100001,-5.41409142900311e-05,1
52,1774313836098,-0.00031930525713999916,-0.00010650342857100001,-5.41409142900311e-05,1
53,1774313836101,-0.00031930525713999916,-0.00010650342857100001,0.0002968590857099591,1
54,1774313836103,-0.0002179052571399994,0.000283496571429,0.0002968590857099591,1
55,1774313836105,-0.0002179052571399994,0.000283496571429,0.0002968590857099591,1
56,1774313836108,-0.0002179052571399994,0.000283496571429,0.0002968590857099591,1
57,1774313836110,-0.0001906052571400002,-0.00028200342857100005,0.00044895908570994746,1
58,1774313836113,-0.0001906052571400002,-0.00028200342857100005,0.00044895908570994746,1
59,1774313836115,-0.0001906052571400002,-0.00028200342857100005,0.00044895908570994746,1
60,1774313836117,-0.00011260525714000026,-4.8003428571e-05,-0.00030374091428999207,1
61,1774313836120,-0.00011260525714000026,-4.8003428571e-05,-0.00030374091428999207,1
62,1774313836122,-0.00011260525714000026,-4.8003428571e-05,-0.00030374091428999207,1
63,1774313836124,-0.00011260525714000026,-4.8003428571e-05,0.0004528590857100041,1
64,1774313836127,-4.24052571399991e-05,0.0005603965714289999,0.0004528590857100041,1
65,1774313836129,-4.24052571399991e-05,0.0005603965714289999,0.0004528590857100041,1
66,1774313836132,-4.24052571399991e-05,0.0005603965714289999,0.0004528590857100041,1
67,1774313836134,-0.0002062052571399995,-7.530342857100001e-05,0.0014551590857100156,1
68,1774313836136,-0.0002062052571399995,-7.530342857100001e-05,0.0014551590857100156,1
69,1774313836139,-0.0002062052571399995,-7.530342857100001e-05,0.0014551590857100156,1
70,1774313836141,-8.530525713999933e-05,-0.000122103428571,-0.0005104409142899962,1
71,1774313836144,-8.530525713999933e-05,-0.000122103428571,-0.0005104409142899962,1
72,1774313836146,-8.530525713999933e-05,-0.000122103428571,-0.0005104409142899962,1
73,1774313836148,-8.530525713999933e-05,-0.000122103428571,-0.0005104409142899962,1
74,1774313836151,-5.020525713999961e-05,0.0004238965714289999,-6.97409142900356e-05,1
75,1774313836153,-5.020525713999961e-05,0.0004238965714289999,-6.97409142900356e-05,1
76,1774313836155,-5.020525713999961e-05,0.0004238965714289999,-6.97409142900356e-05,1
77,1774313836158,-9.700525713999923e-05,0.00013529657142899996,0.0007960590857099921,1
78,1774313836160,-9.700525713999923e-05,0.00013529657142899996,0.0007960590857099921,1
79,1774313836162,-9.700525713999923e-05,0.00013529657142899996,0.0007960590857099921,1
80,1774313836165,-9.700525713999923e-05,6.509657142899999e-05,0.0001681590857099775,1
81,1774313836167,-7.305257139999383e-06,6.509657142899999e-05,0.0001681590857099775,1
82,1774313836170,-7.305257139999383e-06,6.509657142899999e-05,0.0001681590857099775,1
83,1774313836172,-7.305257139999383e-06,6.509657142899999e-05,0.0001681590857099775,1
84,1774313836174,8.239474286000047e-05,0.00027179657142899997,-0.0004051409142900213,1
85,1774313836177,8.239474286000047e-05,0.00027179657142899997,-0.0004051409142900213,1
86,1774313836179,8.239474286000047e-05,0.00027179657142899997,-0.0004051409142900213,1
87,1774313836181,-7.360525713999942e-05,0.00039659657142899997,0.001014459085709944,1
88,1774313836184,-7.360525713999942e-05,0.00039659657142899997,0.001014459085709944,1
89,1774313836186,-7.360525713999942e-05,0.00039659657142899997,0.001014459085709944,1
90,1774313836189,-7.360525713999942e-05,8.849657142899996e-05,3.555908570993926e-05,1
91,1774313836191,-0.0002530052571399991,8.849657142899996e-05,3.555908570993926e-05,1
92,1774313836193,-0.0002530052571399991,8.849657142899996e-05,3.555908570993926e-05,1
93,1774313836196,-0.0002530052571399991,8.849657142899996e-05,3.555908570993926e-05,1
94,1774313836198,-6.190525713999952e-05,0.00019379657142900002,4.359085709930259e-06,1
95,1774313836201,-6.190525713999952e-05,0.00019379657142900002,4.359085709930259e-06,1
96,1774313836203,-6.190525713999952e-05,0.00019379657142900002,4.359085709930259e-06,1
97,1774313836205,-2.6805257139999802e-05,-0.000367803428571,0.0005035590857099632,1
98,1774313836208,-2.6805257139999802e-05,-0.000367803428571,0.0005035590857099632,1
99,1774313836210,-2.6805257139999802e-05,-0.000367803428571,0.0005035590857099632,1
100,1774313836212,-2.6805257139999802e-05,-0.000367803428571,-0.00044804091428997817,1
101,1774313836215,-0.00015160525713999937,-5.5803428571000026e-05,-0.00044804091428997817,1
102,1774313836217,-0.00015160525713999937,-5.5803428571000026e-05,-0.00044804091428997817,1
103,1774313836220,-0.00015160525713999937,-5.5803428571000026e-05,-0.00044804091428997817,1
104,1774313836222,-9.310525713999984e-05,0.000295196571429,0.00022275908570999325,1
105,1774313836224,-9.310525713999984e-05,0.000295196571429,0.00022275908570999325,1
106,1774313836227,-9.310525713999984e-05,0.000295196571429,0.00022275908570999325,1
107,1774313836229,-0.00018670525713999908,-0.00011820342857100002,0.000994959085709994,1
108,1774313836231,-0.00018670525713999908,-0.00011820342857100002,0.000994959085709994,1
109,1774313836234,-0.00018670525713999908,-0.00011820342857100002,0.000994959085709994,1
110,1774313836236,-0.00018670525713999908,-0.00011820342857100002,-0.0004090409142899669,1
111,1774313836239,3.559474286000085e-05,-0.00028200342857100005,-0.0004090409142899669,1
112,1774313836241,3.559474286000085e-05,-0.00028200342857100005,-0.0004090409142899669,1
113,1774313836243,3.559474286000085e-05,-0.00028200342857100005,-0.0004090409142899669,1
114,1774313836246,1.2194742860001037e-05,0.000263996571429,-0.0003544409142900622,1
115,1774313836248,1.2194742860001037e-05,0.000263996571429,-0.0003544409142900622,1
116,1774313836250,1.2194742860001037e-05,0.000263996571429,-0.0003544409142900622,1
117,1774313836253,-0.00010090525713999862,8.849657142899996e-05,0.0008077590857099399,1
118,1774313836255,-0.00010090525713999862,8.849657142899996e-05,0.0008077590857099399,1
119,1774313836258,-0.00010090525713999862,8.849657142899996e-05,0.0008077590857099399,1
120,1774313836260,-0.00010090525713999862,8.849657142899996e-05,0.0008077590857099399,1
121,1774313836262,-0.0002023052571400001,-0.00019620342857100002,0.0002344590857099411,1
122,1774313836265,-0.0002023052571400001,-0.00019620342857100002,0.0002344590857099411,1
123,1774313836267,-0.0002023052571400001,-0.00019620342857100002,0.0002344590857099411,1
124,1774313836269,-6.970525714000003e-05,5.339657142899997e-05,-0.0001360409142899992,1
0,1774313836282,-0.00010480525713999975,1.4396571429e-05,0.000682959085710015,1
1,1774313836285,-0.00012820525713999956,-0.000168903428571,0.00026955908571000674,1
2,1774313836287,-0.00012820525713999956,-0.000168903428571,0.00026955908571000674,1
3,1774313836290,-0.00012820525713999956,-0.000168903428571,0.00026955908571000674,1
4,1774313836292,-0.00012820525713999956,-0.000168903428571,-5.0240914289974466e-05,1
5,1774313836294,-0.00013210525713999895,-0.000122103428571,-5.0240914289974466e-05,1
6,1774313836297,-0.00013210525713999895,-0.000122103428571,-5.0240914289974466e-05,1
7,1774313836299,-0.00013210525713999895,-0.000122103428571,-5.0240914289974466e-05,1
8,1774313836301,-3.850525713999971e-05,-0.000184503428571,0.00046065908571000635,1
9,1774313836304,-3.850525713999971e-05,-0.000184503428571,0.00046065908571000635,1
10,1774313836306,-3.850525713999971e-05,-0.000184503428571,0.00046065908571000635,1
11,1774313836309,-5.020525713999961e-05,1.4396571429e-05,-5.0240914289974466e-05,1
12,1774313836311,-5.020525713999961e-05,1.4396571429e-05,-5.0240914289974466e-05,1
13,1774313836314,-5.020525713999961e-05,1.4396571429e-05,-5.0240914289974466e-05,1
14,1774313836316,-5.020525713999961e-05,1.4396571429e-05,0.00019155908570998425,1
15,1774313836337,0.0001096947428600014,0.00031079657142899994,0.00019155908570998425,1
16,1774313836344,4.947428600011322e-07,0.00015479657142899994,-0.00045974091429003706,1
17,1774313836347,4.947428600011322e-07,0.00015479657142899994,-0.00045974091429003706,1
18,1774313836402,-9.700525713999923e-05,0.00020549657142899993,0.0007336590857099741,1
19,1774313836405,-0.00014770525713999998,2.9996571428999945e-05,0.0001486590857100274,1
20,1774313836407,-0.00014770525713999998,2.9996571428999945e-05,0.0001486590857100274,1
21,1774313836410,-0.00014770525713999998,2.9996571428999945e-05,0.0001486590857100274,1
22,1774313836412,-0.00012430525714000017,0.0003302965714289999,-5.8040914289976715e-05,1
23,1774313836415,-0.00012430525714000017,0.0003302965714289999,-5.8040914289976715e-05,1
24,1774313836417,-0.00012430525714000017,0.0003302965714289999,-5.8040914289976715e-05,1
25,1774313836419,-0.00012430525714000017,0.0003302965714289999,-5.8040914289976715e-05,1
26,1774313836422,-0.00013600525714000007,0.00010019657142899997,0.0010300590857099485,1
27,1774313836424,-0.00013600525714000007,0.00010019657142899997,0.0010300590857099485,1
28,1774313836426,-0.00013600525714000007,0.00010019657142899997,0.0010300590857099485,1
29,1774313836429,0.00017209474286000032,-7.140342857100003e-05,-0.0001945409142900716,1
30,1774313836431,0.00017209474286000032,-7.140342857100003e-05,-0.0001945409142900716,1
31,1774313836433,0.00017209474286000032,-7.140342857100003e-05,-0.0001945409142900716,1
32,1774313836436,0.00017209474286000032,0.00010409657142899996,-0.0006976409142900502,1
33,1774313836438,0.00016819474286000093,0.00010409657142899996,-0.0006976409142900502,1
34,1774313836441,0.00016819474286000093,0.00010409657142899996,-0.0006976409142900502,1
35,1774313836443,0.00016819474286000093,0.00010409657142899996,-0.0006976409142900502,1
36,1774313836445,-0.0001789052571400003,8.069657142899999e-05,0.0008350590857100033,1
37,1774313836448,-0.0001789052571400003,8.069657142899999e-05,0.0008350590857100033,1
38,1774313836450,-0.0001789052571400003,8.069657142899999e-05,0.0008350590857100033,1
39,1774313836452,-0.00013210525713999895,-0.00021960342857100002,0.00041385908570999285,1
40,1774313836455,-0.00013210525713999895,-0.00021960342857100002,0.00041385908570999285,1
41,1774313836457,-0.00013210525713999895,-0.00021960342857100002,0.00041385908570999285,1
42,1774313836460,-0.00013210525713999895,-4.0203428571000026e-05,-0.0003544409142900622,1
43,1774313836462,8.629474285999986e-05,-4.0203428571000026e-05,-0.0003544409142900622,1
44,1774313836464,8.629474285999986e-05,-4.0203428571000026e-05,-0.0003544409142900622,1
45,1774313836467,8.629474285999986e-05,-4.0203428571000026e-05,-0.0003544409142900622,1
46,1774313836469,9.019474286000098e-05,0.000150896571429,0.00041775908570993846,1
47,1774313836471,9.019474286000098e-05,0.000150896571429,0.00041775908570993846,1
48,1774313836474,9.019474286000098e-05,0.000150896571429,0.00041775908570993846,1
49,1774313836476,-4.24052571399991e-05,7.6796571429e-05,0.0004255590857099407,1
50,1774313836479,-4.24052571399991e-05,7.6796571429e-05,0.0004255590857099407,1
51,1774313836481,-4.24052571399991e-05,7.6796571429e-05,0.0004255590857099407,1
52,1774313836483,-4.24052571399991e-05,7.6796571429e-05,0.00017985908571003639,1
53,1774313836486,-5.800525714000013e-05,-7.140342857100003e-05,0.00017985908571003639,1
54,1774313836488,-5.800525714000013e-05,-7.140342857100003e-05,0.00017985908571003639,1
55,1774313836490,-5.800525714000013e-05,-7.140342857100003e-05,0.00017985908571003639,1
56,1774313836493,-5.020525713999961e-05,6.899657142899997e-05,3.555908570993926e-05,1
57,1774313836498,-5.020525713999961e-05,6.899657142899997e-05,3.555908570993926e-05,1
58,1774313836501,-9.310525713999984e-05,-0.00014940342857100002,0.0002344590857099411,1
59,1774313836503,-9.310525713999984e-05,-0.00014940342857100002,0.0002344590857099411,1
60,1774313836505,-9.310525713999984e-05,-0.00014940342857100002,0.0002344590857099411,1
61,1774313836508,-8.530525713999933e-05,0.00011969657142899996,5.505908571000039e-05,1
62,1774313836510,-8.530525713999933e-05,0.00011969657142899996,5.505908571000039e-05,1
63,1774313836513,-8.530525713999933e-05,0.00011969657142899996,5.505908571000039e-05,1
64,1774313836515,-8.530525713999933e-05,0.00011969657142899996,5.505908571000039e-05,1
65,1774313836517,-0.0002062052571399995,0.00027179657142899997,0.0010066590857099418,1
66,1774313836520,-0.0002062052571399995,0.00027179657142899997,0.0010066590857099418,1
67,1774313836522,-0.0002062052571399995,0.00027179657142899997,0.0010066590857099418,1
68,1774313836524,6.679474286000117e-05,-0.00028200342857100005,0.00017985908571003639,1
69,1774313836527,6.679474286000117e-05,-0.00028200342857100005,0.00017985908571003639,1
70,1774313836529,6.679474286000117e-05,-0.00028200342857100005,0.00017985908571003639,1
71,1774313836532,6.679474286000117e-05,-1.2903428571000013e-05,-0.0007522409142900659,1
72,1774313836534,0.0001369947428600006,-1.2903428571000013e-05,-0.0007522409142900659,1
73,1774313836536,0.0001369947428600006,-1.2903428571000013e-05,-0.0007522409142900659,1
74,1774313836539,0.0001369947428600006,-1.2903428571000013e-05,-0.0007522409142900659,1
75,1774313836541,-0.00010870525713999914,0.000295196571429,0.0002656590857099501,1
76,1774313836543,-0.00010870525713999914,0.000295196571429,0.0002656590857099501,1
77,1774313836546,-0.00010870525713999914,0.000295196571429,0.0002656590857099501,1
78,1774313836548,-0.00019840525713999899,-7.530342857100001e-05,0.0007648590857099831,1
79,1774313836551,-0.00019840525713999899,-7.530342857100001e-05,0.0007648590857099831,1
80,1774313836553,-0.00019840525713999899,-7.530342857100001e-05,0.0007648590857099831,1
81,1774313836555,-0.00019840525713999899,-0.00012990342857100004,-0.0002491409142899763,1
82,1774313836558,-5.800525714000013e-05,-0.00012990342857100004,-0.0002491409142899763,1
83,1774313836560,-5.800525714000013e-05,-0.00012990342857100004,-0.0002491409142899763,1
84,1774313836562,-5.800525714000013e-05,-0.00012990342857100004,-0.0002491409142899763,1
85,1774313836565,0.00023839474286000036,0.00022499657142899991,0.0002305590857099955,1
86,1774313836567,0.00023839474286000036,0.00022499657142899991,0.0002305590857099955,1
87,1774313836570,0.00023839474286000036,0.00022499657142899991,0.0002305590857099955,1
88,1774313836572,-8.140525713999994e-05,4.169657142899996e-05,0.0005113590857099655,1
89,1774313836574,-8.140525713999994e-05,4.169657142899996e-05,0.0005113590857099655,1
90,1774313836577,-8.140525713999994e-05,4.169657142899996e-05,0.0005113590857099655,1
91,1774313836579,-8.140525713999994e-05,4.169657142899996e-05,0.00010965908571001614,1
92,1774313836581,-0.00023740525713999983,-0.00013380342857100002,0.00010965908571001614,1
93,1774313836584,-0.00023740525713999983,-0.00013380342857100002,0.00010965908571001614,1
94,1774313836586,-0.00023740525713999983,-0.00013380342857100002,0.00010965908571001614,1
95,1774313836589,3.559474286000085e-05,-0.000137703428571,4.335908570994151e-05,1
96,1774313836591,3.559474286000085e-05,-0.000137703428571,4.335908570994151e-05,1
97,1774313836593,3.559474286000085e-05,-0.000137703428571,4.335908570994151e-05,1
98,1774313836596,-4.24052571399991e-05,-3.630342857100004e-05,0.0001642590857100319,1
99,1774313836598,-4.24052571399991e-05,-3.630342857100004e-05,0.0001642590857100319,1
100,1774313836600,-4.24052571399991e-05,-3.630342857100004e-05,0.0001642590857100319,1
101,1774313836603,-4.24052571399991e-05,-3.630342857100004e-05,3.555908570993926e-05,1
102,1774313836605,-0.0001789052571400003,0.000139196571429,3.555908570993926e-05,1
103,1774313836608,-0.0001789052571400003,0.000139196571429,3.555908570993926e-05,1
104,1774313836610,-0.0001789052571400003,0.000139196571429,3.555908570993926e-05,1
105,1774313836612,-0.00026080525713999964,0.00022499657142899991,0.0007570590857099808,1
106,1774313836615,-0.00026080525713999964,0.00022499657142899991,0.0007570590857099808,1
107,1774313836617,-0.00026080525713999964,0.00022499657142899991,0.0007570590857099808,1
108,1774313836620,-0.00010090525713999862,0.00012749657142899998,0.0008350590857100033,1
109,1774313836622,-0.00010090525713999862,0.00012749657142899998,0.0008350590857100033,1
110,1774313836624,-0.00010090525713999862,0.00012749657142899998,0.0008350590857100033,1
111,1774313836627,-0.00010090525713999862,0.00012749657142899998,0.0008350590857100033,1
112,1774313836629,4.729474286000075e-05,-0.00010260342857100003,-0.0007054409142900524,1
113,1774313836631,4.729474286000075e-05,-0.00010260342857100003,-0.0007054409142900524,1
114,1774313836634,4.729474286000075e-05,-0.00010260342857100003,-0.0007054409142900524,1
115,1774313836636,-3.460525713999858e-05,0.00022889657142899996,-0.00021794091428996732,1
116,1774313836639,-3.460525713999858e-05,0.00022889657142899996,-0.00021794091428996732,1
117,1774313836641,-3.460525713999858e-05,0.00022889657142899996,-0.00021794091428996732,1
118,1774313836643,-0.0002296052571399993,7.6796571429e-05,0.0010924590857099665,1
119,1774313836646,-0.0002296052571399993,7.6796571429e-05,0.0010924590857099665,1
120,1774313836648,-0.0002296052571399993,7.6796571429e-05,0.0010924590857099665,1
121,1774313836651,-0.0002296052571399993,7.6796571429e-05,6.285908571000264e-05,1
122,1774313836653,-0.0002335052571399987,-3.630342857100004e-05,6.285908571000264e-05,1
123,1774313836656,-0.0002335052571399987,-3.630342857100004e-05,6.285908571000264e-05,1
124,1774313836658,-0.0002335052571399987,-3.630342857100004e-05,6.285908571000264e-05,1
0,1774313836671,-5.800525714000013e-05,0.00017429657142899993,0.0005425590857099745,1
1,1774313836673,-5.800525714000013e-05,0.00017429657142899993,0.0005425590857099745,1
2,1774313836676,-0.00010870525713999914,-9.003428571000027e-06,0.0004060590857099906,1
3,1774313836678,-0.00010870525713999914,-9.003428571000027e-06,0.0004060590857099906,1
4,1774313836681,-0.00010870525713999914,-9.003428571000027e-06,0.0004060590857099906,1
5,1774313836683,-0.00010870525713999914,-3.2403428571000053e-05,2.7759085709937008e-05,1
6,1774313836685,-0.00014770525713999998,-3.2403428571000053e-05,2.7759085709937008e-05,1
7,1774313836688,-0.00014770525713999998,-3.2403428571000053e-05,2.7759085709937008e-05,1
8,1774313836690,-0.00014770525713999998,-3.2403428571000053e-05,2.7759085709937008e-05,1
9,1774313836692,-0.0002062052571399995,7.289657142899996e-05,0.0004528590857100041,1
10,1774313836695,-0.0002062052571399995,7.289657142899996e-05,0.0004528590857100041,1
11,1774313836697,-0.0002062052571399995,7.289657142899996e-05,0.0004528590857100041,1
12,1774313836700,-4.630525714000022e-05,1.4396571429e-05,-9.314091429004235e-05,1
13,1774313836702,-4.630525714000022e-05,1.4396571429e-05,-9.314091429004235e-05,1
14,1774313836734,-4.630525714000022e-05,1.4396571429e-05,-9.314091429004235e-05,1
15,1774313836737,3.169474285999972e-05,0.00013139657142899997,-0.00034664091429005995,1
16,1774313836781,6.289474286000005e-05,1.049657142899996e-05,0.0007297590857100284,1
17,1774313836802,2.3894742860000942e-05,2.6965714289999866e-06,0.00019545908570992986,1
18,1774313836804,1.6094742860000427e-05,7.6796571429e-05,-0.00033104091429005545,1
19,1774313836807,1.6094742860000427e-05,7.6796571429e-05,-0.00033104091429005545,1
20,1774313836809,1.6094742860000427e-05,7.6796571429e-05,-0.00033104091429005545,1
21,1774313836811,-0.0002530052571399991,0.0002990965714289999,0.0009598590857099283,1
22,1774313836814,-0.0002530052571399991,0.0002990965714289999,0.0009598590857099283,1
23,1774313836816,-0.0002530052571399991,0.0002990965714289999,0.0009598590857099283,1
24,1774313836818,-0.0002530052571399991,-0.000137703428571,0.0006634590857099538,1
25,1774313836821,-0.00013600525714000007,-0.000137703428571,0.0006634590857099538,1
26,1774313836823,-0.00013600525714000007,-0.000137703428571,0.0006634590857099538,1
27,1774313836826,-0.00013600525714000007,-0.000137703428571,0.0006634590857099538,1
28,1774313836828,0.00011749474286000018,2.2196571428999973e-05,-0.0007483409142900093,1
29,1774313836830,0.00011749474286000018,2.2196571428999973e-05,-0.0007483409142900093,1
30,1774313836833,0.00011749474286000018,2.2196571428999973e-05,-0.0007483409142900093,1
31,1774313836835,-3.460525713999858e-05,0.000388796571429,3.945908570999589e-05,1
32,1774313836837,-3.460525713999858e-05,0.000388796571429,3.945908570999589e-05,1
33,1774313836840,-3.460525713999858e-05,0.000388796571429,3.945908570999589e-05,1
34,1774313836842,-3.460525713999858e-05,0.000388796571429,0.001014459085709944,1
35,1774313836845,-0.00031540525713999977,1.4396571429e-05,0.001014459085709944,1
36,1774313836847,-0.00031540525713999977,1.4396571429e-05,0.001014459085709944,1
37,1774313836849,-0.00031540525713999977,1.4396571429e-05,0.001014459085709944,1
38,1774313836852,-0.00012820525713999956,-0.000200103428571,-0.00024134091428997407,1
39,1774313836854,-0.00012820525713999956,-0.000200103428571,-0.00024134091428997407,1
40,1774313836856,-0.00012820525713999956,-0.000200103428571,-0.00024134091428997407,1
41,1774313836859,8.239474286000047e-05,0.00016259657142899992,-0.0002608409142900352,1
42,1774313836861,8.239474286000047e-05,0.00016259657142899992,-0.0002608409142900352,1
43,1774313836864,8.239474286000047e-05,0.00016259657142899992,-0.0002608409142900352,1
44,1774313836866,8.239474286000047e-05,0.00016259657142899992,0.0010066590857099418,1
45,1774313836868,9.409474286000037e-05,0.00014699657142899997,0.0010066590857099418,1
46,1774313836871,9.409474286000037e-05,0.00014699657142899997,0.0010066590857099418,1
47,1774313836873,9.409474286000037e-05,0.00014699657142899997,0.0010066590857099418,1
48,1774313836875,-8.530525713999933e-05,-0.00016110342857100004,0.0002929590857100135,1
49,1774313836878,-8.530525713999933e-05,-0.00016110342857100004,0.0002929590857100135,1
50,1774313836880,-8.530525713999933e-05,-0.00016110342857100004,0.0002929590857100135,1
51,1774313836883,0.00010189474286000089,0.000170396571429,-0.00020234091428996282,1
52,1774313836885,0.00010189474286000089,0.000170396571429,-0.00020234091428996282,1
53,1774313836887,0.00010189474286000089,0.000170396571429,-0.00020234091428996282,1
54,1774313836890,0.00010189474286000089,0.000170396571429,-0.00020234091428996282,1
55,1774313836892,3.949474286000024e-05,0.00010409657142899996,0.0005815590857099857,1
56,1774313836898,3.949474286000024e-05,0.00010409657142899996,0.0005815590857099857,1
57,1774313836901,4.339474286000136e-05,-8.310342857100004e-05,-0.0001477409142900581,1
58,1774313836903,4.339474286000136e-05,-8.310342857100004e-05,-0.0001477409142900581,1
59,1774313836905,4.339474286000136e-05,-8.310342857100004e-05,-0.0001477409142900581,1
60,1774313836908,-5.020525713999961e-05,0.00030299657142899997,6.285908571000264e-05,1
61,1774313836910,-5.020525713999961e-05,0.00030299657142899997,6.285908571000264e-05,1
62,1774313836913,-5.020525713999961e-05,0.00030299657142899997,6.285908571000264e-05,1
63,1774313836915,-3.070525713999919e-05,0.00010409657142899996,0.001720359085709981,2
64,1774313836919,-3.070525713999919e-05,0.00010409657142899996,0.001720359085709981,2
65,1774313836922,-3.070525713999919e-05,0.00010409657142899996,0.001720359085709981,2
66,1774313836925,3.169474285999972e-05,-0.000231303428571,-8.53409142900401e-05,1
67,1774313836927,3.169474285999972e-05,-0.000231303428571,-8.53409142900401e-05,1
68,1774313836930,3.169474285999972e-05,-9.003428571000027e-06,-0.0006742409142900434,1
69,1774313836933,1.6094742860000427e-05,-9.003428571000027e-06,-0.0006742409142900434,1
70,1774313836935,1.6094742860000427e-05,-9.003428571000027e-06,-0.0006742409142900434,1
71,1774313836938,1.6094742860000427e-05,0.00014309657142899993,0.0008155590857099422,1
72,1774313836941,-0.00012430525714000017,0.00014309657142899993,0.0008155590857099422,1
73,1774313836944,-0.00012430525714000017,0.00014309657142899993,0.0008155590857099422,1
74,1774313836947,-0.00031150525713999865,-9.480342857100005e-05,0.0005503590857099767,1
75,1774313836949,-0.00031150525713999865,-9.480342857100005e-05,0.0005503590857099767,1
76,1774313836952,-0.00031150525713999865,-9.480342857100005e-05,0.0005503590857099767,1
77,1774313836955,-1.5105257139999897e-05,-5.190342857100004e-05,-0.00037784091429006895,1
78,1774313836958,-1.5105257139999897e-05,-5.190342857100004e-05,-0.00037784091429006895,1
79,1774313836961,-1.5105257139999897e-05,-5.190342857100004e-05,-0.00037784091429006895,1
80,1774313836963,5.119474286000014e-05,3.779657142899997e-05,0.0005776590857099291,1
81,1774313836966,5.119474286000014e-05,3.779657142899997e-05,0.0005776590857099291,1
82,1774313836969,5.119474286000014e-05,3.779657142899997e-05,0.0005776590857099291,1
83,1774313836972,-8.140525713999994e-05,-0.00014160342857100002,0.00027345908570995236,1
84,1774313836974,-8.140525713999994e-05,-0.00014160342857100002,0.00027345908570995236,1
85,1774313836977,-8.140525713999994e-05,-0.00014160342857100002,0.00027345908570995236,1
86,1774313836980,-0.0002335052571399987,-0.00013380342857100002,-0.00046364091428998267,1
87,1774313836983,-0.0002335052571399987,-0.00013380342857100002,-0.00046364091428998267,1
88,1774313836985,-0.0002335052571399987,-0.00013380342857100002,0.0005386590857100288,1
89,1774313836988,-0.00017110525713999979,0.00020939657142899997,0.0005386590857100288,1
90,1774313836991,-0.00017110525713999979,0.00020939657142899997,0.0005386590857100288,1
91,1774313836994,-0.00017110525713999979,0.00020939657142899997,-0.00012824091428999696,1
92,1774313836996,-8.140525713999994e-05,-0.00014940342857100002,-0.00012824091428999696,1
93,1774313836999,-8.140525713999994e-05,-0.00014940342857100002,-0.00012824091428999696,1
94,1774313837002,8.629474285999986e-05,-5.5803428571000026e-05,-0.0005572409142900097,1
95,1774313837005,8.629474285999986e-05,-5.5803428571000026e-05,-0.0005572409142900097,1
96,1774313837008,8.629474285999986e-05,-5.5803428571000026e-05,-0.0005572409142900097,1
97,1774313837011,-0.00031540525713999977,1.4396571429e-05,0.0009910590857099373,1
98,1774313837013,-0.00031540525713999977,1.4396571429e-05,0.0009910590857099373,1
99,1774313837016,-0.00031540525713999977,1.4396571429e-05,0.0009910590857099373,1
100,1774313837019,-5.800525714000013e-05,-0.00023910342857100004,0.0004684590857100086,1
101,1774313837022,-5.800525714000013e-05,-0.00023910342857100004,0.0004684590857100086,1
102,1774313837024,-5.800525714000013e-05,-0.00023910342857100004,0.0004684590857100086,1
103,1774313837027,0.0003280947428600002,-8.700342857100003e-05,-0.0011383409142900107,1
104,1774313837030,0.0003280947428600002,-8.700342857100003e-05,-0.0011383409142900107,1
105,1774313837033,0.0003280947428600002,-8.700342857100003e-05,-0.0011383409142900107,1
106,1774313837036,-1.1205257139998773e-05,0.0003497965714289999,0.000277359085710009,1
107,1774313837039,-1.1205257139998773e-05,0.0003497965714289999,0.000277359085710009,1
108,1774313837041,-1.1205257139998773e-05,0.0003497965714289999,0.0009052590857100236,1
109,1774313837044,-0.000264705257139999,3.3896571428999986e-05,0.0009052590857100236,1
110,1774313837047,-0.000264705257139999,3.3896571428999986e-05,0.0009052590857100236,1
111,1774313837050,-0.000264705257139999,1.049657142899996e-05,9.405908571001164e-05,1
112,1774313837052,-1.5105257139999897e-05,1.049657142899996e-05,9.405908571001164e-05,1
113,1774313837055,-1.5105257139999897e-05,1.049657142899996e-05,9.405908571001164e-05,1
114,1774313837058,3.949474286000024e-05,0.00016649657142899996,0.00044505908571000185,1
115,1774313837061,3.949474286000024e-05,0.00016649657142899996,0.00044505908571000185,1
116,1774313837064,3.949474286000024e-05,0.00016649657142899996,0.00044505908571000185,1
117,1774313837067,-0.00015160525713999937,-0.00016500342857100002,0.0007219590857100262,1
118,1774313837069,-0.00015160525713999937,-0.00016500342857100002,0.0007219590857100262,1
119,1774313837072,-0.00015160525713999937,-0.00016500342857100002,0.0007219590857100262,1
120,1774313837075,-0.00016720525713999866,1.049657142899996e-05,-0.0002296409142900262,1
121,1774313837078,-0.00016720525713999866,1.049657142899996e-05,-0.0002296409142900262,1
122,1774313837080,-0.00016720525713999866,1.049657142899996e-05,-0.0002296409142900262,1
123,1774313837083,-3.070525713999919e-05,0.000201596571429,0.0001369590857099685,1
124,1774313837086,-3.070525713999919e-05,0.000201596571429,0.0001369590857099685,1
0,1774313837100,-6.970525714000003e-05,2.2196571428999973e-05,-0.00064694091428998,1
1,1774313837131,0.00014479474286000112,0.000283496571429,-0.0006196409142900277,1
2,1774313837135,0.00014479474286000112,0.000283496571429,-0.0006196409142900277,1
3,1774313837167,-0.00014770525713999998,0.00017819657142899997,0.000745359085710033,1
4,1774313837198,-0.00014380525713999885,-0.00016500342857100002,-0.0001360409142899992,1
5,1774313837201,-1.9005257139999288e-05,0.00046679657142899994,-0.0001360409142899992,1
6,1774313837204,-1.9005257139999288e-05,0.00046679657142899994,-0.0001360409142899992,1
7,1774313837207,-1.9005257139999288e-05,0.00046679657142899994,-0.0001360409142899992,1
8,1774313837214,-0.00027640525713999893,0.00011969657142899996,0.0011899590857099391,1
9,1774313837217,-0.00027640525713999893,0.00011969657142899996,-6.584091428997896e-05,1
10,1774313837220,6.289474286000005e-05,-0.000262503428571,-6.584091428997896e-05,1
11,1774313837222,6.289474286000005e-05,-0.000262503428571,-6.584091428997896e-05,1
12,1774313837225,6.289474286000005e-05,0.00022109657142899998,-0.0005923409142899643,1
13,1774313837228,0.00021109474286000116,0.00022109657142899998,-0.0005923409142899643,1
14,1774313837232,0.00021109474286000116,0.00022109657142899998,-0.0005923409142899643,1
15,1774313837235,-0.00022570525713999992,0.00032249657142899995,0.00033585908570997035,1
16,1774313837238,-0.00022570525713999992,0.00032249657142899995,0.00033585908570997035,1
17,1774313837241,-0.00027640525713999893,-0.000262503428571,7.45590857099505e-05,1
18,1774313837244,-0.00027640525713999893,-0.000262503428571,7.45590857099505e-05,1
19,1774313837247,-0.00027640525713999893,-0.000262503428571,7.45590857099505e-05,1
20,1774313837249,-0.0001906052571400002,-0.00014160342857100002,-0.00024134091428997407,1
21,1774313837252,-0.0001906052571400002,-0.00014160342857100002,-0.00024134091428997407,1
22,1774313837255,-0.0001906052571400002,-0.00014160342857100002,-0.00024134091428997407,1
23,1774313837258,-5.800525714000013e-05,9.239657142899994e-05,0.0008077590857099399,1
24,1774313837260,-5.800525714000013e-05,9.239657142899994e-05,0.0008077590857099399,1
25,1774313837263,-5.800525714000013e-05,9.239657142899994e-05,0.0008077590857099399,1
26,1774313837266,8.294742859999912e-06,-5.10342857100004e-06,0.0005308590857100266,1
27,1774313837269,8.294742859999912e-06,-5.10342857100004e-06,0.0005308590857100266,1
28,1774313837272,8.294742859999912e-06,-5.10342857100004e-06,0.0005308590857100266,1
29,1774313837274,7.069474286000056e-05,-1.2903428571000013e-05,-3.4640914289969967e-05,1
30,1774313837277,7.069474286000056e-05,-1.2903428571000013e-05,-3.4640914289969967e-05,1
31,1774313837280,7.069474286000056e-05,-1.2903428571000013e-05,-3.4640914289969967e-05,1
32,1774313837282,-0.00012820525713999956,5.339657142899997e-05,0.0004411590857099452,1
33,1774313837285,-0.00012820525713999956,5.339657142899997e-05,0.0004411590857099452,1
34,1774313837288,-0.00012820525713999956,5.339657142899997e-05,0.0004411590857099452,1
35,1774313837291,4.947428600011322e-07,-0.00015720342857100002,-1.1240914289963218e-05,1
36,1774313837294,4.947428600011322e-07,-0.00015720342857100002,-1.1240914289963218e-05,1
37,1774313837296,4.947428600011322e-07,-0.00015720342857100002,-0.00012434091429005135,1
38,1774313837299,-5.800525714000013e-05,0.00018989657142899998,-0.00012434091429005135,1
39,1774313837302,-5.800525714000013e-05,0.00018989657142899998,-0.00012434091429005135,1
40,1774313837305,-5.800525714000013e-05,0.000263996571429,0.0012523590857099571,1
41,1774313837308,-0.00010090525713999862,0.000263996571429,0.0012523590857099571,1
42,1774313837311,-0.00010090525713999862,0.000263996571429,0.0012523590857099571,1
43,1774313837314,-8.530525713999933e-05,-0.00024300342857100002,0.00028515908571001124,1
44,1774313837316,-8.530525713999933e-05,-0.00024300342857100002,0.00028515908571001124,1
45,1774313837319,-8.530525713999933e-05,-0.00024300342857100002,0.00028515908571001124,1
46,1774313837322,0.0001096947428600014,-6.360342857100005e-05,-0.0009940409142900246,1
47,1774313837325,0.0001096947428600014,-6.360342857100005e-05,-0.0009940409142900246,1
48,1774313837328,0.0001096947428600014,-6.360342857100005e-05,-0.0009940409142900246,1
49,1774313837330,9.019474286000098e-05,0.00022109657142899998,0.0003748590857099816,1
50,1774313837333,9.019474286000098e-05,0.00022109657142899998,0.0003748590857099816,1
51,1774313837336,9.019474286000098e-05,0.00022109657142899998,0.0003748590857099816,1
52,1774313837338,-0.0002530052571399991,-0.00014550342857100004,0.0008701590857099579,1
53,1774313837341,-0.0002530052571399991,-0.00014550342857100004,0.0008701590857099579,1
54,1774313837344,-0.0002530052571399991,-0.00014550342857100004,0.0008701590857099579,1
55,1774313837347,-0.00017110525713999979,-7.530342857100001e-05,-0.00012044091428999471,1
56,1774313837350,-0.00017110525713999979,-7.530342857100001e-05,-0.00012044091428999471,1
57,1774313837352,-0.00017110525713999979,-7.530342857100001e-05,0.0002656590857099501,1
58,1774313837355,4.394742860000522e-06,0.00012749657142899998,0.0002656590857099501,1
59,1774313837358,4.394742860000522e-06,0.00012749657142899998,0.0002656590857099501,1
60,1774313837361,4.394742860000522e-06,-0.00015720342857100002,0.0006985590857100194,1
61,1774313837364,1.2194742860001037e-05,-0.00015720342857100002,0.0006985590857100194,1
62,1774313837367,1.2194742860001037e-05,-0.00015720342857100002,0.0006985590857100194,1
63,1774313837369,1.6094742860000427e-05,-9.090342857100001e-05,-0.0002491409142899763,1
64,1774313837372,1.6094742860000427e-05,-9.090342857100001e-05,-0.0002491409142899763,1
65,1774313837375,1.6094742860000427e-05,-9.090342857100001e-05,-0.0002491409142899763,1
66,1774313837378,0.00010189474286000089,0.000252296571429,0.00010965908571001614,1
67,1774313837380,0.00010189474286000089,0.000252296571429,0.00010965908571001614,1
68,1774313837383,0.00010189474286000089,0.000252296571429,0.00010965908571001614,1
69,1774313837386,7.459474285999995e-05,1.049657142899996e-05,0.00030075908571001574,1
70,1774313837389,7.459474285999995e-05,1.049657142899996e-05,0.00030075908571001574,1
71,1774313837392,7.459474285999995e-05,1.049657142899996e-05,0.00030075908571001574,1
72,1774313837395,0.00021499474286000055,-0.00017670342857100004,-0.0006352409142900322,1
73,1774313837398,0.00021499474286000055,-0.00017670342857100004,-0.0006352409142900322,1
74,1774313837400,0.00021499474286000055,-0.00017670342857100004,0.00046065908571000635,1
75,1774313837403,4.394742860000522e-06,0.0003497965714289999,0.00046065908571000635,1
76,1774313837406,4.394742860000522e-06,0.0003497965714289999,0.00046065908571000635,1
77,1774313837409,-0.00023740525713999983,-1.203428571000054e-06,0.0013459590857099841,1
78,1774313837416,-0.00023740525713999983,-1.203428571000054e-06,0.0013459590857099841,1
79,1774313837418,0.00026179474286000017,-9.480342857100005e-05,-0.0003739409142900123,1
80,1774313837421,0.00026179474286000017,-9.480342857100005e-05,-0.0003739409142900123,1
81,1774313837424,0.00026179474286000017,-9.480342857100005e-05,-0.00047924091428998717,1
82,1774313837427,1.6094742860000427e-05,0.000314696571429,-0.00047924091428998717,1
83,1774313837429,1.6094742860000427e-05,0.000314696571429,-0.00047924091428998717,1
84,1774313837432,1.6094742860000427e-05,0.000314696571429,0.0005230590857100243,1
85,1774313837435,-1.9005257139999288e-05,6.899657142899997e-05,0.0005230590857100243,1
86,1774313837438,-1.9005257139999288e-05,6.899657142899997e-05,0.0005230590857100243,1
87,1774313837440,-0.0002296052571399993,-0.00010260342857100003,0.00021105908570993436,1
88,1774313837443,-0.0002296052571399993,-0.00010260342857100003,0.00021105908570993436,1
89,1774313837446,-0.0002296052571399993,-0.00010260342857100003,0.00021105908570993436,1
90,1774313837449,-5.4105257139999e-05,0.00022499657142899991,0.0002812590857099546,1
91,1774313837451,-5.4105257139999e-05,0.00022499657142899991,0.0002812590857099546,1
92,1774313837454,-5.4105257139999e-05,0.00022499657142899991,0.0002812590857099546,1
93,1774313837457,0.0001759947428599997,0.000256196571429,0.0006634590857099538,1
94,1774313837460,0.0001759947428599997,0.000256196571429,0.0006634590857099538,1
95,1774313837462,0.0001759947428599997,0.000256196571429,0.0006634590857099538,1
96,1774313837465,-0.00015940525713999988,-0.00020400342857100002,4.5908570998464543e-07,1
97,1774313837468,-0.00015940525713999988,-0.00020400342857100002,4.5908570998464543e-07,1
98,1774313837471,-0.00015940525713999988,-0.00020400342857100002,4.5908570998464543e-07,1
99,1774313837473,-1.9005257139999288e-05,-4.0203428571000026e-05,-4.2440914289972216e-05,1
100,1774313837476,-1.9005257139999288e-05,-4.0203428571000026e-05,-4.2440914289972216e-05,1
101,1774313837479,-1.9005257139999288e-05,-4.0203428571000026e-05,-4.2440914289972216e-05,1
102,1774313837482,-0.00010480525713999975,0.000318596571429,0.0009403590857099782,1
103,1774313837484,-0.00010480525713999975,0.000318596571429,0.0009403590857099782,1
104,1774313837487,-0.00010480525713999975,0.000318596571429,0.0009403590857099782,1
105,1774313837490,-3.070525713999919e-05,-0.00016110342857100004,-0.0002491409142899763,1
106,1774313837493,-3.070525713999919e-05,-0.00016110342857100004,-0.0002491409142899763,1
107,1774313837496,-3.070525713999919e-05,-0.00016110342857100004,-0.0002491409142899763,1
108,1774313837499,2.7794742860000332e-05,0.00018599657142899994,-0.0008107409142900273,1
109,1774313837501,2.7794742860000332e-05,0.00018599657142899994,-0.0008107409142900273,1
110,1774313837504,-0.00021400525714000002,0.000263996571429,0.0005698590857099268,1
111,1774313837507,-0.00021400525714000002,0.000263996571429,0.0005698590857099268,1
112,1774313837510,-0.00021400525714000002,0.000263996571429,0.0005698590857099268,1
113,1774313837513,-0.00041290525714000013,-0.00024300342857100002,0.0008545590857099534,1
114,1774313837515,-0.00041290525714000013,-0.00024300342857100002,0.0008545590857099534,1
115,1774313837518,-0.00041290525714000013,-0.00024300342857100002,0.0008545590857099534,1
116,1774313837521,8.629474285999986e-05,-8.700342857100003e-05,-7.364091428998121e-05,1
117,1774313837524,8.629474285999986e-05,-8.700342857100003e-05,-7.364091428998121e-05,1
118,1774313837526,8.629474285999986e-05,-8.700342857100003e-05,-7.364091428998121e-05,1
119,1774313837529,0.00022279474286000106,2.2196571428999973e-05,0.0001642590857100319,1
120,1774313837532,0.00022279474286000106,2.2196571428999973e-05,0.0001642590857100319,1
121,1774313837535,0.00022279474286000106,2.2196571428999973e-05,0.0001642590857100319,1
122,1774313837537,-0.00017110525713999979,-0.00011040342857100002,0.0004684590857100086,1
123,1774313837540,-0.00017110525713999979,-0.00011040342857100002,0.0004684590857100086,1
124,1774313837543,-0.00017110525713999979,-0.00011040342857100002,0.0004684590857100086,1
0,1774313837589,4.394742860000522e-06,0.000150896571429,0.00038265908570998385,1
1,1774313837651,-0.00017500525713999918,9.239657142899994e-05,0.00027345908570995236,1
2,1774313837654,-0.00017500525713999918,9.239657142899994e-05,0.00027345908570995236,1
3,1774313837657,-0.00013210525713999895,-4.0203428571000026e-05,0.0003553590857100315,1
4,1774313837660,-0.00013210525713999895,-4.0203428571000026e-05,0.0003553590857100315,1
5,1774313837662,-0.00013210525713999895,-4.0203428571000026e-05,0.0003553590857100315,1
6,1774313837665,-7.305257139999383e-06,-5.5803428571000026e-05,5.1159085709943757e-05,1
7,1774313837668,-7.305257139999383e-06,-5.5803428571000026e-05,5.1159085709943757e-05,1
8,1774313837671,-7.305257139999383e-06,-5.5803428571000026e-05,5.1159085709943757e-05,1
9,1774313837674,-0.00015550525713999876,-6.360342857100005e-05,7.065908571000489e-05,1
10,1774313837676,-0.00015550525713999876,-6.360342857100005e-05,7.065908571000489e-05,1
11,1774313837679,-0.00015550525713999876,-6.360342857100005e-05,7.065908571000489e-05,1
12,1774313837682,-0.00015550525713999876,-5.970342857100001e-05,0.00028515908571001124,1
13,1774313837684,-0.00015550525713999876,-5.970342857100001e-05,0.00028515908571001124,1
14,1774313837687,-0.00015550525713999876,-5.970342857100001e-05,0.00019545908570992986,1
15,1774313837690,-9.310525713999984e-05,0.00018989657142899998,0.00019545908570992986,1
16,1774313837693,-9.310525713999984e-05,0.00018989657142899998,0.00019545908570992986,1
17,1774313837695,-9.310525713999984e-05,0.00013529657142899996,7.065908571000489e-05,1
18,1774313837701,-0.00013990525713999946,0.00013529657142899996,7.065908571000489e-05,1
19,1774313837704,3.169474285999972e-05,3.3896571428999986e-05,0.0002812590857099546,1
20,1774313837707,3.169474285999972e-05,3.3896571428999986e-05,0.0002812590857099546,1
21,1774313837710,3.169474285999972e-05,3.3896571428999986e-05,0.0002812590857099546,1
22,1774313837713,-0.00013600525714000007,-5.5803428571000026e-05,0.00022665908570993886,1
23,1774313837716,-0.00013600525714000007,-5.5803428571000026e-05,0.00022665908570993886,1
24,1774313837718,-0.00013600525714000007,-5.5803428571000026e-05,0.00022665908570993886,1
25,1774313837721,-0.00013990525713999946,-0.00011040342857100002,0.00012915908570996625,1
26,1774313837724,-0.00013990525713999946,-0.00011040342857100002,0.00012915908570996625,1
27,1774313837727,-0.00013990525713999946,-0.00011040342857100002,0.00012915908570996625,1
28,1774313837729,-6.580525713999891e-05,-0.00017670342857100004,4.335908570994151e-05,1
29,1774313837732,-6.580525713999891e-05,-0.00017670342857100004,4.335908570994151e-05,1
30,1774313837735,-6.580525713999891e-05,-0.00017670342857100004,-2.6840914289967717e-05,1
31,1774313837738,7.069474286000056e-05,-2.4603428571000026e-05,-2.6840914289967717e-05,1
32,1774313837741,7.069474286000056e-05,-2.4603428571000026e-05,-2.6840914289967717e-05,1
33,1774313837743,-7.360525713999942e-05,9.239657142899994e-05,7.45590857099505e-05,1
34,1774313837746,-7.360525713999942e-05,9.239657142899994e-05,7.45590857099505e-05,1
35,1774313837749,-7.360525713999942e-05,9.239657142899994e-05,7.45590857099505e-05,1
36,1774313837752,-0.00010480525713999975,7.6796571429e-05,0.000214959085709991,1
37,1774313837754,-0.00010480525713999975,7.6796571429e-05,0.000214959085709991,1
38,1774313837757,-0.00010480525713999975,7.6796571429e-05,0.000214959085709991,1
39,1774313837760,-0.00015550525713999876,6.899657142899997e-05,0.0002968590857099591,1
40,1774313837763,-0.00015550525713999876,6.899657142899997e-05,0.0002968590857099591,1
41,1774313837766,-0.00015550525713999876,6.899657142899997e-05,0.0002968590857099591,1
42,1774313837768,-5.4105257139999e-05,-2.4603428571000026e-05,0.00015645908571002964,1
43,1774313837771,-5.4105257139999e-05,-2.4603428571000026e-05,0.00015645908571002964,1
44,1774313837774,-5.4105257139999e-05,-2.4603428571000026e-05,0.00015645908571002964,1
45,1774313837777,-3.4052571399999926e-06,1.8296571428999986e-05,0.0004255590857099407,1
46,1774313837780,-3.4052571399999926e-06,1.8296571428999986e-05,0.0004255590857099407,1
47,1774313837782,-3.4052571399999926e-06,1.8296571428999986e-05,0.0004255590857099407,1
48,1774313837785,-3.460525713999858e-05,-8.700342857100003e-05,0.00015645908571002964,1
49,1774313837788,-3.460525713999858e-05,-8.700342857100003e-05,0.00015645908571002964,1
50,1774313837791,-3.460525713999858e-05,-8.700342857100003e-05,0.00015645908571002964,1
51,1774313837794,-3.4052571399999926e-06,-3.2403428571000053e-05,0.0003280590857099681,1
52,1774313837796,-3.4052571399999926e-06,-3.2403428571000053e-05,0.0003280590857099681,1
53,1774313837799,-3.4052571399999926e-06,3.3896571428999986e-05,0.000183759085709982,1
54,1774313837802,-1.5105257139999897e-05,3.3896571428999986e-05,0.000183759085709982,1
55,1774313837805,-1.5105257139999897e-05,3.3896571428999986e-05,0.000183759085709982,1
56,1774313837807,-7.360525713999942e-05,0.00017819657142899997,0.0001993590857099865,1
57,1774313837810,-7.360525713999942e-05,0.00017819657142899997,0.0001993590857099865,1
58,1774313837813,-7.360525713999942e-05,0.00017819657142899997,0.0001993590857099865,1
59,1774313837816,-0.000264705257139999,0.000182096571429,0.00026955908571000674,1
60,1774313837818,-0.000264705257139999,0.000182096571429,0.00026955908571000674,1
61,1774313837821,-0.000264705257139999,0.000182096571429,0.00026955908571000674,1
62,1774313837824,-8.920525713999872e-05,2.9996571428999945e-05,0.0001993590857099865,1
63,1774313837827,-8.920525713999872e-05,2.9996571428999945e-05,0.0001993590857099865,1
64,1774313837829,-8.920525713999872e-05,2.9996571428999945e-05,0.0001993590857099865,1
65,1774313837832,3.169474285999972e-05,0.00017819657142899997,0.000370959085710036,1
66,1774313837835,3.169474285999972e-05,0.00017819657142899997,0.000370959085710036,1
67,1774313837838,3.169474285999972e-05,0.00017819657142899997,0.000370959085710036,1
68,1774313837840,2.7794742860000332e-05,4.5596571429e-05,0.000152559085709973,1
69,1774313837843,2.7794742860000332e-05,4.5596571429e-05,0.000152559085709973,1
70,1774313837846,2.7794742860000332e-05,4.5596571429e-05,0.000152559085709973,1
71,1774313837849,-6.580525713999891e-05,4.9496571428999986e-05,-6.97409142900356e-05,1
72,1774313837852,-6.580525713999891e-05,4.9496571428999986e-05,-6.97409142900356e-05,1
73,1774313837854,-6.580525713999891e-05,4.9496571428999986e-05,0.00024615908571,1
74,1774313837857,-0.0002023052571400001,0.000275696571429,0.00024615908571,1
75,1774313837860,-0.0002023052571400001,0.000275696571429,0.00024615908571,1
76,1774313837863,-0.0002023052571400001,2.609657142899996e-05,0.0001681590857099775,1
77,1774313837865,6.679474286000117e-05,2.609657142899996e-05,0.0001681590857099775,1
78,1774313837868,6.679474286000117e-05,2.609657142899996e-05,0.0001681590857099775,1
79,1774313837871,6.679474286000117e-05,0.00013529657142899996,9.0159085709955e-05,1
80,1774313837874,0.00014479474286000112,0.00013529657142899996,9.0159085709955e-05,1
81,1774313837877,0.00014479474286000112,0.00013529657142899996,9.0159085709955e-05,1
82,1774313837879,-7.360525713999942e-05,9.629657142899998e-05,-7.340914290017604e-06,1
83,1774313837882,-7.360525713999942e-05,9.629657142899998e-05,-7.340914290017604e-06,1
84,1774313837885,-7.360525713999942e-05,9.629657142899998e-05,-7.340914290017604e-06,1
85,1774313837888,-0.00010090525713999862,0.00023669657142899993,-1.9040914289965467e-05,1
86,1774313837890,-0.00010090525713999862,0.00023669657142899993,-1.9040914289965467e-05,1
87,1774313837893,-0.00010090525713999862,0.00023669657142899993,-1.9040914289965467e-05,1
88,1774313837896,-0.00014770525713999998,0.00011969657142899996,0.00014085908571002514,1
89,1774313837899,-0.00014770525713999998,0.00011969657142899996,0.00014085908571002514,1
90,1774313837901,-0.00014770525713999998,0.00011969657142899996,0.00014085908571002514,1
91,1774313837904,-2.6805257139999802e-05,8.069657142899999e-05,8.625908571000939e-05,1
92,1774313837907,-2.6805257139999802e-05,8.069657142899999e-05,8.625908571000939e-05,1
93,1774313837910,-2.6805257139999802e-05,8.069657142899999e-05,8.625908571000939e-05,1
94,1774313837913,1.6094742860000427e-05,0.00010019657142899997,0.00022665908570993886,1
95,1774313837916,1.6094742860000427e-05,0.00010019657142899997,0.00022665908570993886,1
96,1774313837919,1.6094742860000427e-05,0.00010019657142899997,0.00027345908570995236,1
97,1774313837921,-0.0002530052571399991,-6.360342857100005e-05,0.00027345908570995236,1
98,1774313837924,-0.0002530052571399991,-6.360342857100005e-05,0.00027345908570995236,1
99,1774313837927,-0.00011260525714000026,-8.700342857100003e-05,3.555908570993926e-05,1
100,1774313837930,-0.00011260525714000026,-8.700342857100003e-05,3.555908570993926e-05,1
101,1774313837932,-0.00011260525714000026,-8.700342857100003e-05,3.555908570993926e-05,1
102,1774313837935,-0.0002023052571400001,-6.750342857100004e-05,1.2159085709932509e-05,1
103,1774313837938,-0.0002023052571400001,-6.750342857100004e-05,1.2159085709932509e-05,1
104,1774313837941,-0.0002023052571400001,-6.750342857100004e-05,1.2159085709932509e-05,1
105,1774313837943,-0.00017500525713999918,2.609657142899996e-05,0.00019545908570992986,1
106,1774313837946,-0.00017500525713999918,2.609657142899996e-05,0.00019545908570992986,1
107,1774313837949,-0.00017500525713999918,2.609657142899996e-05,0.00019545908570992986,1
108,1774313837952,-8.140525713999994e-05,2.6965714289999866e-06,0.00020715908570998875,1
109,1774313837955,-8.140525713999994e-05,2.6965714289999866e-06,0.00020715908570998875,1
110,1774313837957,-8.140525713999994e-05,2.6965714289999866e-06,0.00020715908570998875,1
111,1774313837960,-0.00024910525713999973,6.899657142899997e-05,0.00030465908570996136,1
112,1774313837963,-0.00024910525713999973,6.899657142899997e-05,0.00030465908570996136,1
113,1774313837966,-0.00024910525713999973,6.899657142899997e-05,0.00030465908570996136,1
114,1774313837968,4.947428600011322e-07,0.00013529657142899996,0.0002305590857099955,1
115,1774313837971,4.947428600011322e-07,0.00013529657142899996,0.0002305590857099955,1
116,1774313837974,4.947428600011322e-07,0.00013529657142899996,0.00017985908571003639,1
117,1774313837977,-0.00010870525713999914,0.000107996571429,0.00017985908571003639,1
118,1774313837980,-0.00010870525713999914,0.000107996571429,0.00017985908571003639,1
119,1774313837982,-0.00010870525713999914,5.729657142899996e-05,0.00025785908570994786,1
120,1774313837985,-0.0002101052571399989,5.729657142899996e-05,0.00025785908570994786,1
121,1774313837988,-0.0002101052571399989,5.729657142899996e-05,0.00025785908570994786,1
122,1774313837990,-0.0002101052571399989,6.119657142899994e-05,0.0001642590857100319,1
123,1774313837993,-5.800525714000013e-05,6.119657142899994e-05,0.0001642590857100319,1
124,1774313837996,-5.800525714000013e-05,6.119657142899994e-05,0.0001642590857100319,1
0,1774313838101,-0.00014770525713999998,-0.00013380342857100002,0.00014085908571002514,1
1,1774313838108,-6.190525713999952e-05,0.00013139657142899997,7.45590857099505e-05,1
2,1774313838110,-0.00027640525713999893,0.00012749657142899998,-3.85409142900266e-05,1
3,1774313838113,-0.00027640525713999893,0.00012749657142899998,-3.85409142900266e-05,1
4,1774313838116,-0.00027640525713999893,0.00012749657142899998,-3.85409142900266e-05,1
5,1774313838119,-0.00010480525713999975,0.00026009657142899995,8.625908571000939e-05,1
6,1774313838122,-0.00010480525713999975,0.00026009657142899995,8.625908571000939e-05,1
7,1774313838124,-0.00010480525713999975,0.00026009657142899995,8.625908571000939e-05,1
8,1774313838127,-0.00013600525714000007,9.239657142899994e-05,0.0001057590857099595,1
9,1774313838130,-0.00013600525714000007,9.239657142899994e-05,0.0001057590857099595,1
10,1774313838133,-0.00013600525714000007,9.239657142899994e-05,0.0001057590857099595,1
11,1774313838135,-5.800525714000013e-05,-3.630342857100004e-05,7.45590857099505e-05,1
12,1774313838138,-5.800525714000013e-05,-3.630342857100004e-05,7.45590857099505e-05,1
13,1774313838141,-5.800525714000013e-05,-3.630342857100004e-05,7.45590857099505e-05,1
14,1774313838144,1.2194742860001037e-05,0.00011969657142899996,0.00019545908570992986,1
15,1774313838147,1.2194742860001037e-05,0.00011969657142899996,0.00019545908570992986,1
16,1774313838149,1.2194742860001037e-05,0.00011969657142899996,0.00019545908570992986,1
17,1774313838152,-9.310525713999984e-05,0.00011189657142899998,0.00035145908570997485,1
18,1774313838155,-9.310525713999984e-05,0.00011189657142899998,0.00035145908570997485,1
19,1774313838158,-9.310525713999984e-05,0.00011189657142899998,0.00030465908570996136,1
20,1774313838160,-3.460525713999858e-05,0.00013139657142899997,0.00030465908570996136,1
21,1774313838163,-3.460525713999858e-05,0.00013139657142899997,0.00030465908570996136,1
22,1774313838166,3.169474285999972e-05,0.00022889657142899996,0.0001486590857100274,1
23,1774313838169,3.169474285999972e-05,0.00022889657142899996,0.0001486590857100274,1
24,1774313838172,3.169474285999972e-05,0.00022889657142899996,0.0001486590857100274,1
25,1774313838174,-9.310525713999984e-05,2.2196571428999973e-05,0.00012915908570996625,1
26,1774313838177,-9.310525713999984e-05,2.2196571428999973e-05,0.00012915908570996625,1
27,1774313838180,-9.310525713999984e-05,2.2196571428999973e-05,0.00012915908570996625,1
28,1774313838183,-3.460525713999858e-05,0.00010019657142899997,0.00010185908571001389,1
29,1774313838185,-3.460525713999858e-05,0.00010019657142899997,0.00010185908571001389,1
30,1774313838188,-3.460525713999858e-05,0.00010019657142899997,0.00010185908571001389,1
31,1774313838191,-9.700525713999923e-05,7.289657142899996e-05,0.00012915908570996625,1
32,1774313838194,-9.700525713999923e-05,7.289657142899996e-05,0.00012915908570996625,1
33,1774313838197,-9.700525713999923e-05,7.289657142899996e-05,0.00012915908570996625,1
34,1774313838199,-0.00016720525713999866,0.00012359657142899994,0.0004372590857099996,1
35,1774313838202,-0.00016720525713999866,0.00012359657142899994,0.0004372590857099996,1
36,1774313838205,-0.00016720525713999866,0.00012359657142899994,0.0004372590857099996,1
37,1774313838208,8.294742859999912e-06,6.596571428999973e-06,2.3859085709991394e-05,1
38,1774313838211,8.294742859999912e-06,6.596571428999973e-06,2.3859085709991394e-05,1
39,1774313838214,-0.00015940525713999988,0.000107996571429,0.00025395908571000225,1
40,1774313838217,-0.00015940525713999988,0.000107996571429,0.00025395908571000225,1
41,1774313838219,-0.00015940525713999988,0.000107996571429,0.00025395908571000225,1
42,1774313838222,-0.00013600525714000007,-9.090342857100001e-05,0.0003124590857099636,1
43,1774313838225,-0.00013600525714000007,-9.090342857100001e-05,0.0003124590857099636,1
44,1774313838228,-0.00013600525714000007,-9.090342857100001e-05,0.0003124590857099636,1
45,1774313838231,-7.750525713999881e-05,-0.00014160342857100002,0.0005152590857100221,1
46,1774313838233,-7.750525713999881e-05,-0.00014160342857100002,0.0005152590857100221,1
47,1774313838236,-7.750525713999881e-05,-0.00014160342857100002,0.0005152590857100221,1
48,1774313838239,-3.460525713999858e-05,6.596571428999973e-06,0.00033585908570997035,1
49,1774313838242,-3.460525713999858e-05,6.596571428999973e-06,0.00033585908570997035,1
50,1774313838245,-3.460525713999858e-05,6.596571428999973e-06,0.00033585908570997035,1
51,1774313838247,-6.580525713999891e-05,-2.8503428571000013e-05,0.00034755908571002924,1
52,1774313838250,-6.580525713999891e-05,-2.8503428571000013e-05,0.00034755908571002924,1
53,1774313838253,-6.580525713999891e-05,-2.8503428571000013e-05,0.00034755908571002924,1
54,1774313838255,-4.630525714000022e-05,8.849657142899996e-05,0.00016035908570997525,1
55,1774313838258,-4.630525714000022e-05,8.849657142899996e-05,0.00016035908570997525,1
56,1774313838261,-4.630525714000022e-05,8.849657142899996e-05,0.00016035908570997525,1
57,1774313838264,-6.580525713999891e-05,9.629657142899998e-05,0.0001876590857099276,1
58,1774313838267,-6.580525713999891e-05,9.629657142899998e-05,0.0001876590857099276,1
59,1774313838270,-6.580525713999891e-05,5.339657142899997e-05,1.6059085709989145e-05,1
60,1774313838272,-0.00014770525713999998,5.339657142899997e-05,1.6059085709989145e-05,1
61,1774313838275,-0.00014770525713999998,5.339657142899997e-05,1.6059085709989145e-05,1
62,1774313838278,-6.190525713999952e-05,8.849657142899996e-05,0.00017205908571003414,1
63,1774313838281,-6.190525713999952e-05,8.849657142899996e-05,0.00017205908571003414,1
64,1774313838283,-6.190525713999952e-05,8.849657142899996e-05,0.00017205908571003414,1
65,1774313838286,-9.700525713999923e-05,0.000170396571429,0.00014475908570997075,1
66,1774313838289,-9.700525713999923e-05,0.000170396571429,0.00014475908570997075,1
67,1774313838292,-9.700525713999923e-05,0.000170396571429,0.00014475908570997075,1
68,1774313838295,-3.850525713999971e-05,8.069657142899999e-05,0.0004255590857099407,1
69,1774313838298,-3.850525713999971e-05,8.069657142899999e-05,0.0004255590857099407,1
70,1774313838300,-3.850525713999971e-05,8.069657142899999e-05,0.0004255590857099407,1
71,1774313838303,-7.305257139999383e-06,1.049657142899996e-05,0.00025395908571000225,1
72,1774313838306,-7.305257139999383e-06,1.049657142899996e-05,0.00025395908571000225,1
73,1774313838309,-7.305257139999383e-06,1.049657142899996e-05,0.00025395908571000225,1
74,1774313838311,-3.850525713999971e-05,0.00011189657142899998,0.00015645908571002964,1
75,1774313838314,-3.850525713999971e-05,0.00011189657142899998,0.00015645908571002964,1
76,1774313838317,-3.850525713999971e-05,0.00011189657142899998,0.00025395908571000225,1
77,1774313838320,-3.460525713999858e-05,0.00010409657142899996,0.00025395908571000225,1
78,1774313838323,-3.460525713999858e-05,0.00010409657142899996,0.00025395908571000225,1
79,1774313838325,-3.460525713999858e-05,3.3896571428999986e-05,0.00041775908570993846,1
80,1774313838328,5.899474286000066e-05,3.3896571428999986e-05,0.00041775908570993846,1
81,1774313838331,5.899474286000066e-05,3.3896571428999986e-05,0.00041775908570993846,1
82,1774313838334,8.239474286000047e-05,6.596571428999973e-06,0.00016035908570997525,1
83,1774313838337,8.239474286000047e-05,6.596571428999973e-06,0.00016035908570997525,1
84,1774313838340,8.239474286000047e-05,6.596571428999973e-06,0.00016035908570997525,1
85,1774313838342,-8.140525713999994e-05,6.596571428999973e-06,0.0002344590857099411,1
86,1774313838345,-8.140525713999994e-05,6.596571428999973e-06,0.0002344590857099411,1
87,1774313838348,-8.140525713999994e-05,6.596571428999973e-06,0.0002344590857099411,1
88,1774313838351,-2.2905257139998678e-05,1.8296571428999986e-05,0.00027345908570995236,1
89,1774313838354,-2.2905257139998678e-05,1.8296571428999986e-05,0.00027345908570995236,1
90,1774313838357,-2.2905257139998678e-05,1.8296571428999986e-05,0.00033195908571002474,1
91,1774313838360,3.169474285999972e-05,2.6965714289999866e-06,0.00033195908571002474,1
92,1774313838362,3.169474285999972e-05,2.6965714289999866e-06,0.00033195908571002474,1
93,1774313838365,3.169474285999972e-05,-3.630342857100004e-05,0.00026955908571000674,1
94,1774313838368,7.069474286000056e-05,-3.630342857100004e-05,0.00026955908571000674,1
95,1774313838371,7.069474286000056e-05,-3.630342857100004e-05,0.00026955908571000674,1
96,1774313838373,-9.700525713999923e-05,0.00012359657142899994,0.0002032590857099321,1
97,1774313838376,-9.700525713999923e-05,0.00012359657142899994,0.0002032590857099321,1
98,1774313838379,-9.700525713999923e-05,0.00012359657142899994,0.0002032590857099321,1
99,1774313838382,-3.070525713999919e-05,0.000170396571429,0.00010185908571001389,1
100,1774313838385,-3.070525713999919e-05,0.000170396571429,0.00010185908571001389,1
101,1774313838387,-3.070525713999919e-05,0.000170396571429,0.00010185908571001389,1
102,1774313838390,1.6094742860000427e-05,0.00013529657142899996,0.0002500590857099456,1
103,1774313838393,1.6094742860000427e-05,0.00013529657142899996,0.0002500590857099456,1
104,1774313838395,1.6094742860000427e-05,0.00013529657142899996,0.0002500590857099456,1
105,1774313838398,5.509474286000127e-05,-1.2903428571000013e-05,0.00031635908571002024,1
106,1774313838401,5.509474286000127e-05,-1.2903428571000013e-05,0.00031635908571002024,1
107,1774313838404,5.509474286000127e-05,-1.2903428571000013e-05,0.00031635908571002024,1
108,1774313838406,9.409474286000037e-05,-0.00021180342857100002,0.00019155908570998425,1
109,1774313838409,9.409474286000037e-05,-0.00021180342857100002,0.00019155908570998425,1
110,1774313838412,9.409474286000037e-05,-0.00021180342857100002,0.00019155908570998425,1
111,1774313838415,-1.5105257139999897e-05,-1.6803428571e-05,0.00024615908571,1
112,1774313838418,-1.5105257139999897e-05,-1.6803428571e-05,0.00024615908571,1
113,1774313838422,-3.850525713999971e-05,8.459657142899997e-05,0.00031635908571002024,1
114,1774313838425,-3.850525713999971e-05,8.459657142899997e-05,0.00031635908571002024,1
115,1774313838428,-3.850525713999971e-05,8.459657142899997e-05,0.00031635908571002024,1
116,1774313838431,3.559474286000085e-05,7.6796571429e-05,5.1159085709943757e-05,1
117,1774313838434,3.559474286000085e-05,7.6796571429e-05,5.1159085709943757e-05,1
118,1774313838437,3.559474286000085e-05,7.6796571429e-05,1.9959085709934758e-05,1
119,1774313838439,8.629474285999986e-05,-1.2903428571000013e-05,1.9959085709934758e-05,1
120,1774313838442,8.629474285999986e-05,-1.2903428571000013e-05,1.9959085709934758e-05,1
121,1774313838445,8.629474285999986e-05,-7.530342857100001e-05,0.00036705908570997935,1
122,1774313838448,2.3894742860000942e-05,-7.530342857100001e-05,0.00036705908570997935,1
123,1774313838450,2.3894742860000942e-05,-7.530342857100001e-05,0.00036705908570997935,1
124,1774313838453,-0.00016720525713999866,8.849657142899996e-05,0.00020715908570998875,1
0,1774313838499,5.119474286000014e-05,2.6965714289999866e-06,0.00038655908570992947,1
1,1774313838517,5.119474286000014e-05,2.2196571428999973e-05,0.00016035908570997525,1
2,1774313838547,7.069474286000056e-05,0.00014699657142899997,-7.754091429003785e-05,1
3,1774313838567,3.559474286000085e-05,5.729657142899996e-05,0.00026955908571000674,1
4,1774313838570,3.559474286000085e-05,5.729657142899996e-05,0.00026955908571000674,1
5,1774313838573,4.947428600011322e-07,0.000275696571429,0.00020715908570998875,1
6,1774313838576,4.947428600011322e-07,0.000275696571429,0.00020715908570998875,1
7,1774313838578,4.947428600011322e-07,0.000275696571429,0.00020715908570998875,1
8,1774313838581,-0.0001828052571399997,0.000139196571429,0.00019155908570998425,1
9,1774313838584,-0.0001828052571399997,0.000139196571429,0.00019155908570998425,1
10,1774313838587,-0.0001828052571399997,0.000139196571429,0.00019155908570998425,1
11,1774313838590,-1.1205257139998773e-05,5.729657142899996e-05,0.000370959085710036,1
12,1774313838592,-1.1205257139998773e-05,5.729657142899996e-05,0.000370959085710036,1
13,1774313838595,-1.1205257139998773e-05,5.729657142899996e-05,0.000370959085710036,1
14,1774313838598,-7.360525713999942e-05,-2.070342857100004e-05,0.00023835908570999775,1
15,1774313838600,-7.360525713999942e-05,-2.070342857100004e-05,0.00023835908570999775,1
16,1774313838603,-7.360525713999942e-05,-2.070342857100004e-05,0.00023835908570999775,1
17,1774313838606,-8.530525713999933e-05,-6.750342857100004e-05,0.00019545908570992986,1
18,1774313838609,-8.530525713999933e-05,-6.750342857100004e-05,0.00019545908570992986,1
19,1774313838612,-8.530525713999933e-05,-6.750342857100004e-05,0.00019545908570992986,1
20,1774313838615,-0.00016720525713999866,8.459657142899997e-05,0.0004996590857100176,1
21,1774313838617,-0.00016720525713999866,8.459657142899997e-05,0.0004996590857100176,1
22,1774313838620,-0.00016720525713999866,8.459657142899997e-05,0.00014475908570997075,1
23,1774313838623,4.339474286000136e-05,6.899657142899997e-05,0.00014475908570997075,1
24,1774313838626,4.339474286000136e-05,6.899657142899997e-05,0.00014475908570997075,1
25,1774313838629,-0.00013600525714000007,-1.203428571000054e-06,0.000152559085709973,1
26,1774313838632,-0.00013600525714000007,-1.203428571000054e-06,0.000152559085709973,1
27,1774313838635,-0.00013600525714000007,-1.203428571000054e-06,0.000152559085709973,1
28,1774313838637,-9.700525713999923e-05,-5.5803428571000026e-05,-0.0001789409142900671,1
29,1774313838640,-9.700525713999923e-05,-5.5803428571000026e-05,-0.0001789409142900671,1
30,1774313838643,-9.700525713999923e-05,-5.5803428571000026e-05,-0.0001789409142900671,1
31,1774313838646,8.294742859999912e-06,-9.003428571000027e-06,-0.00011264091428999246,1
32,1774313838648,8.294742859999912e-06,-9.003428571000027e-06,-0.00011264091428999246,1
33,1774313838651,8.294742859999912e-06,-9.003428571000027e-06,-0.00011264091428999246,1
34,1774313838654,-7.360525713999942e-05,-2.8503428571000013e-05,1.9959085709934758e-05,1
35,1774313838657,-7.360525713999942e-05,-2.8503428571000013e-05,1.9959085709934758e-05,1
36,1774313838659,-7.360525713999942e-05,-2.8503428571000013e-05,1.9959085709934758e-05,1
37,1774313838662,2.3894742860000942e-05,-2.070342857100004e-05,7.845908571000714e-05,1
38,1774313838665,2.3894742860000942e-05,-2.070342857100004e-05,7.845908571000714e-05,1
39,1774313838668,2.3894742860000942e-05,-2.070342857100004e-05,0.00022275908570999325,1
40,1774313838671,-7.750525713999881e-05,-0.00012600342857100002,0.00022275908570999325,1
41,1774313838673,-7.750525713999881e-05,-0.00012600342857100002,0.00022275908570999325,1
42,1774313838676,-5.4105257139999e-05,-9.090342857100001e-05,0.0002032590857099321,1
43,1774313838679,-5.4105257139999e-05,-9.090342857100001e-05,0.0002032590857099321,1
44,1774313838682,-5.4105257139999e-05,-9.090342857100001e-05,0.0002032590857099321,1
45,1774313838685,-8.920525713999872e-05,4.169657142899996e-05,9.0159085709955e-05,1
46,1774313838687,-8.920525713999872e-05,4.169657142899996e-05,9.0159085709955e-05,1
47,1774313838690,-8.920525713999872e-05,4.169657142899996e-05,9.0159085709955e-05,1
48,1774313838693,2.7794742860000332e-05,0.00012359657142899994,0.00017985908571003639,1
49,1774313838696,2.7794742860000332e-05,0.00012359657142899994,0.00017985908571003639,1
50,1774313838699,2.7794742860000332e-05,0.00012359657142899994,0.00017985908571003639,1
51,1774313838701,-0.00012040525713999904,5.339657142899997e-05,0.00033195908571002474,1
52,1774313838704,-0.00012040525713999904,5.339657142899997e-05,0.00033195908571002474,1
53,1774313838707,-0.00012040525713999904,5.339657142899997e-05,0.00033195908571002474,1
54,1774313838710,-9.310525713999984e-05,0.00010019657142899997,0.0001486590857100274,1
55,1774313838713,-9.310525713999984e-05,0.00010019657142899997,0.0001486590857100274,1
56,1774313838715,-9.310525713999984e-05,0.00010019657142899997,0.0001486590857100274,1
57,1774313838718,-1.5105257139999897e-05,1.4396571429e-05,0.00025785908570994786,1
58,1774313838721,-1.5105257139999897e-05,1.4396571429e-05,0.00025785908570994786,1
59,1774313838724,-1.5105257139999897e-05,-0.00010260342857100003,0.00030465908570996136,1
60,1774313838726,-0.00011650525713999965,-0.00010260342857100003,0.00030465908570996136,1
61,1774313838729,-0.00011650525713999965,-0.00010260342857100003,0.00030465908570996136,1
62,1774313838732,5.509474286000127e-05,-9.003428571000027e-06,0.00024225908570994336,1
63,1774313838735,5.509474286000127e-05,-9.003428571000027e-06,0.00024225908570994336,1
64,1774313838738,5.509474286000127e-05,-9.003428571000027e-06,0.00024225908570994336,1
65,1774313838741,-0.00015550525713999876,6.119657142899994e-05,-4.634091429002885e-05,1
66,1774313838744,-0.00015550525713999876,6.119657142899994e-05,-4.634091429002885e-05,1
67,1774313838746,-0.00015550525713999876,6.119657142899994e-05,-4.634091429002885e-05,1
68,1774313838749,-0.0002335052571399987,2.2196571428999973e-05,-8.53409142900401e-05,1
69,1774313838752,-0.0002335052571399987,2.2196571428999973e-05,-8.53409142900401e-05,1
70,1774313838754,-0.0002335052571399987,2.2196571428999973e-05,-8.53409142900401e-05,1
71,1774313838757,-5.800525714000013e-05,0.00018599657142899994,0.00019545908570992986,1
72,1774313838760,-5.800525714000013e-05,0.00018599657142899994,0.00019545908570992986,1
73,1774313838763,-5.800525714000013e-05,0.00018599657142899994,0.00019545908570992986,1
74,1774313838766,-0.0001945052571399996,3.3896571428999986e-05,0.00039825908570998835,1
75,1774313838768,-0.0001945052571399996,3.3896571428999986e-05,0.00039825908570998835,1
76,1774313838771,-0.0001945052571399996,3.3896571428999986e-05,0.00039825908570998835,1
77,1774313838774,-0.0001906052571400002,-1.2903428571000013e-05,0.00036705908570997935,1
78,1774313838777,-0.0001906052571400002,-1.2903428571000013e-05,0.00036705908570997935,1
79,1774313838779,-0.0001906052571400002,-1.2903428571000013e-05,0.0004528590857100041,1
80,1774313838782,-0.00010090525713999862,-5.970342857100001e-05,0.0004528590857100041,1
81,1774313838785,-0.00010090525713999862,-5.970342857100001e-05,0.0004528590857100041,1
82,1774313838788,-5.4105257139999e-05,9.239657142899994e-05,0.00033195908571002474,1
83,1774313838790,-5.4105257139999e-05,9.239657142899994e-05,0.00033195908571002474,1
84,1774313838794,-5.4105257139999e-05,9.239657142899994e-05,0.00033195908571002474,1
85,1774313838798,-7.750525713999881e-05,1.8296571428999986e-05,0.0003436590857099726,1
86,1774313838801,-7.750525713999881e-05,1.8296571428999986e-05,0.0003436590857099726,1
87,1774313838804,4.339474286000136e-05,2.6965714289999866e-06,0.0001369590857099685,1
88,1774313838807,4.339474286000136e-05,2.6965714289999866e-06,0.0001369590857099685,1
89,1774313838810,4.339474286000136e-05,2.6965714289999866e-06,0.0001369590857099685,1
90,1774313838813,-1.1205257139998773e-05,0.00011969657142899996,2.3859085709991394e-05,1
91,1774313838816,-1.1205257139998773e-05,0.00011969657142899996,2.3859085709991394e-05,1
92,1774313838818,-1.1205257139998773e-05,0.00011969657142899996,2.3859085709991394e-05,1
93,1774313838821,-8.140525713999994e-05,4.9496571428999986e-05,0.0003436590857099726,1
94,1774313838824,-8.140525713999994e-05,4.9496571428999986e-05,0.0003436590857099726,1
95,1774313838827,-8.140525713999994e-05,4.9496571428999986e-05,0.0003436590857099726,1
96,1774313838830,-4.24052571399991e-05,9.239657142899994e-05,0.00017595908570997975,1
97,1774313838832,-4.24052571399991e-05,9.239657142899994e-05,0.00017595908570997975,1
98,1774313838835,-4.24052571399991e-05,9.239657142899994e-05,0.0004060590857099906,1
99,1774313838838,-0.0002062052571399995,-1.2903428571000013e-05,0.0004060590857099906,1
100,1774313838840,-0.0002062052571399995,-1.2903428571000013e-05,0.0004060590857099906,1
101,1774313838843,-0.0002062052571399995,9.629657142899998e-05,0.00036315908571003374,1
102,1774313838846,-0.00011650525713999965,9.629657142899998e-05,0.00036315908571003374,1
103,1774313838849,-0.00011650525713999965,9.629657142899998e-05,0.00036315908571003374,1
104,1774313838852,0.00011749474286000018,0.00014309657142899993,3.555908570993926e-05,1
105,1774313838855,0.00011749474286000018,0.00014309657142899993,3.555908570993926e-05,1
106,1774313838857,0.00011749474286000018,0.00014309657142899993,3.555908570993926e-05,1
107,1774313838860,3.949474286000024e-05,-1.203428571000054e-06,8.235908570995275e-05,1
108,1774313838863,3.949474286000024e-05,-1.203428571000054e-06,8.235908570995275e-05,1
109,1774313838866,3.949474286000024e-05,-1.203428571000054e-06,8.235908570995275e-05,1
110,1774313838868,4.729474286000075e-05,3.779657142899997e-05,0.00011355908570996175,1
111,1774313838871,4.729474286000075e-05,3.779657142899997e-05,0.00011355908570996175,1
112,1774313838874,4.729474286000075e-05,3.779657142899997e-05,0.00011355908570996175,1
113,1774313838877,3.169474285999972e-05,-6.360342857100005e-05,0.00038655908570992947,1
114,1774313838879,3.169474285999972e-05,-6.360342857100005e-05,0.00038655908570992947,1
115,1774313838883,3.169474285999972e-05,-6.360342857100005e-05,0.00038655908570992947,1
116,1774313838886,-4.630525714000022e-05,-0.00010650342857100001,0.000183759085709982,1
117,1774313838889,-4.630525714000022e-05,-0.00010650342857100001,0.000183759085709982,1
118,1774313838893,-0.0001906052571400002,-2.070342857100004e-05,0.00027345908570995236,1
119,1774313838895,-0.0001906052571400002,-2.070342857100004e-05,0.00027345908570995236,1
120,1774313838898,-0.0001906052571400002,-2.070342857100004e-05,0.00027345908570995236,1
121,1774313838904,-0.00012430525714000017,-5.970342857100001e-05,0.0001993590857099865,1
122,1774313838907,-0.00012430525714000017,-5.970342857100001e-05,0.0002032590857099321,1
123,1774313838910,3.169474285999972e-05,-5.970342857100001e-05,0.0002032590857099321,1
124,1774313838912,3.169474285999972e-05,-5.970342857100001e-05,0.0002032590857099321,1
0,1774313838960,-0.00015550525713999876,-3.2403428571000053e-05,0.00020715908570998875,1
1,1774313838963,-0.00015550525713999876,-3.2403428571000053e-05,0.00021105908570993436,1
2,1774313838970,-5.4105257139999e-05,3.3896571428999986e-05,0.00021105908570993436,1
3,1774313838975,-0.00015550525713999876,-0.000122103428571,0.0002617590857100045,1
4,1774313839036,-7.750525713999881e-05,-0.00018840342857100002,0.0003553590857100315,1
5,1774313839038,-1.5105257139999897e-05,-4.410342857100001e-05,4.725908570999814e-05,1
6,1774313839041,-1.5105257139999897e-05,-4.410342857100001e-05,4.725908570999814e-05,1
7,1774313839044,-7.750525713999881e-05,-4.410342857100001e-05,-7.340914290017604e-06,1
8,1774313839047,-7.750525713999881e-05,-4.410342857100001e-05,-7.340914290017604e-06,1
9,1774313839049,-7.750525713999881e-05,-4.410342857100001e-05,-7.340914290017604e-06,1
10,1774313839052,-0.00015160525713999937,2.609657142899996e-05,0.00017985908571003639,1
11,1774313839055,-0.00015160525713999937,2.609657142899996e-05,0.00017985908571003639,1
12,1774313839057,-0.00015160525713999937,2.609657142899996e-05,0.00017985908571003639,1
13,1774313839060,-0.00016330525713999927,0.000244496571429,6.285908571000264e-05,1
14,1774313839063,-0.00016330525713999927,0.000244496571429,6.285908571000264e-05,1
15,1774313839065,-0.00016330525713999927,0.000244496571429,6.285908571000264e-05,1
16,1774313839068,-8.920525713999872e-05,9.239657142899994e-05,-5.0240914289974466e-05,1
17,1774313839071,-8.920525713999872e-05,9.239657142899994e-05,-5.0240914289974466e-05,1
18,1774313839074,-8.920525713999872e-05,9.239657142899994e-05,-5.0240914289974466e-05,1
19,1774313839076,-7.750525713999881e-05,-0.00013380342857100002,3.1659085709993644e-05,1
20,1774313839079,-7.750525713999881e-05,-0.00013380342857100002,3.1659085709993644e-05,1
21,1774313839082,-7.750525713999881e-05,-0.00013380342857100002,3.1659085709993644e-05,1
22,1774313839085,-4.630525714000022e-05,-0.00014160342857100002,0.0001681590857099775,1
23,1774313839088,-4.630525714000022e-05,-0.00014160342857100002,0.0001681590857099775,1
24,1774313839090,-4.630525714000022e-05,-0.00013380342857100002,0.0002500590857099456,1
25,1774313839093,-0.00010480525713999975,-0.00013380342857100002,0.0002500590857099456,1
26,1774313839096,-0.00010480525713999975,-0.00013380342857100002,0.0002500590857099456,1
27,1774313839099,-0.00010480525713999975,0.00015869657142899998,0.000121359085709964,1
28,1774313839102,-0.00017110525713999979,0.00015869657142899998,0.000121359085709964,1
29,1774313839105,-0.00017110525713999979,0.00015869657142899998,0.000121359085709964,1
30,1774313839108,-0.00013210525713999895,2.609657142899996e-05,0.00020715908570998875,1
31,1774313839110,-0.00013210525713999895,2.609657142899996e-05,0.00020715908570998875,1
32,1774313839113,-0.00013210525713999895,2.609657142899996e-05,0.00020715908570998875,1
33,1774313839116,-0.00014380525713999885,0.000213296571429,0.0002812590857099546,1
34,1774313839118,-0.00014380525713999885,0.000213296571429,0.0002812590857099546,1
35,1774313839121,-0.00014380525713999885,0.000213296571429,0.0002812590857099546,1
36,1774313839124,-6.190525713999952e-05,9.239657142899994e-05,0.00035145908570997485,1
37,1774313839126,-6.190525713999952e-05,9.239657142899994e-05,0.00035145908570997485,1
38,1774313839129,-6.190525713999952e-05,9.239657142899994e-05,0.00035145908570997485,1
39,1774313839133,-2.2905257139998678e-05,0.000150896571429,0.00012525908571002064,1
40,1774313839135,-2.2905257139998678e-05,0.000150896571429,0.00012525908571002064,1
41,1774313839138,-2.2905257139998678e-05,0.000150896571429,0.00012525908571002064,1
42,1774313839141,-7.305257139999383e-06,5.339657142899997e-05,0.00011745908571001839,1
43,1774313839143,-7.305257139999383e-06,5.339657142899997e-05,0.00011745908571001839,1
44,1774313839146,-7.305257139999383e-06,5.339657142899997e-05,0.00030075908571001574,1
45,1774313839149,-0.0002452052571399986,-5.10342857100004e-06,0.00030075908571001574,1
46,1774313839151,-0.0002452052571399986,-5.10342857100004e-06,0.00030075908571001574,1
47,1774313839154,-0.0002452052571399986,-5.10342857100004e-06,0.0002929590857100135,1
48,1774313839157,-8.920525713999872e-05,0.00010409657142899996,0.0002929590857100135,1
49,1774313839159,-8.920525713999872e-05,0.00010409657142899996,0.0002929590857100135,1
50,1774313839162,-8.920525713999872e-05,3.3896571428999986e-05,-8.144091428998346e-05,1
51,1774313839165,8.294742859999912e-06,3.3896571428999986e-05,-8.144091428998346e-05,1
52,1774313839168,8.294742859999912e-06,3.3896571428999986e-05,-8.144091428998346e-05,1
53,1774313839170,-0.00011260525714000026,3.779657142899997e-05,0.00011355908570996175,1
54,1774313839174,-0.00011260525714000026,3.779657142899997e-05,0.00011355908570996175,1
55,1774313839176,-0.00011260525714000026,3.779657142899997e-05,0.00011355908570996175,1
56,1774313839179,-9.700525713999923e-05,4.9496571428999986e-05,0.0003241590857100225,1
57,1774313839182,-9.700525713999923e-05,4.9496571428999986e-05,0.0003241590857100225,1
58,1774313839184,-9.700525713999923e-05,4.9496571428999986e-05,0.0003241590857100225,1
59,1774313839187,-1.5105257139999897e-05,-1.203428571000054e-06,0.0001681590857099775,1
60,1774313839190,-1.5105257139999897e-05,-1.203428571000054e-06,0.0001681590857099775,1
61,1774313839193,-1.5105257139999897e-05,-1.203428571000054e-06,0.0001681590857099775,1
62,1774313839195,-7.305257139999383e-06,2.9996571428999945e-05,0.0003241590857100225,1
63,1774313839198,-7.305257139999383e-06,2.9996571428999945e-05,0.0003241590857100225,1
64,1774313839201,-7.305257139999383e-06,2.9996571428999945e-05,0.0003241590857100225,1
65,1774313839203,4.339474286000136e-05,5.339657142899997e-05,7.45590857099505e-05,1
66,1774313839206,4.339474286000136e-05,5.339657142899997e-05,7.45590857099505e-05,1
67,1774313839209,4.339474286000136e-05,5.339657142899997e-05,7.45590857099505e-05,1
68,1774313839212,6.679474286000117e-05,2.2196571428999973e-05,0.0004060590857099906,1
69,1774313839215,6.679474286000117e-05,2.2196571428999973e-05,0.0004060590857099906,1
70,1774313839217,6.679474286000117e-05,2.2196571428999973e-05,0.0004060590857099906,1
71,1774313839220,4.947428600011322e-07,0.00015869657142899998,0.0001057590857099595,1
72,1774313839223,4.947428600011322e-07,0.00015869657142899998,0.0001057590857099595,1
73,1774313839226,4.947428600011322e-07,0.00015869657142899998,0.0001057590857099595,1
74,1774313839228,-6.970525714000003e-05,0.000213296571429,7.45590857099505e-05,1
75,1774313839231,-6.970525714000003e-05,0.000213296571429,7.45590857099505e-05,1
76,1774313839234,-6.970525714000003e-05,0.000213296571429,0.00031635908571002024,1
77,1774313839236,2.7794742860000332e-05,0.00013139657142899997,0.00031635908571002024,1
78,1774313839239,2.7794742860000332e-05,0.00013139657142899997,0.00031635908571002024,1
79,1774313839242,2.7794742860000332e-05,0.00013139657142899997,0.0003553590857100315,1
80,1774313839244,-3.070525713999919e-05,0.000182096571429,0.0003553590857100315,1
81,1774313839247,-3.070525713999919e-05,0.000182096571429,0.0003553590857100315,1
82,1774313839250,-3.070525713999919e-05,7.6796571429e-05,4.725908570999814e-05,1
83,1774313839253,-8.140525713999994e-05,7.6796571429e-05,4.725908570999814e-05,1
84,1774313839255,-8.140525713999994e-05,7.6796571429e-05,4.725908570999814e-05,1
85,1774313839258,-0.00012040525713999904,2.609657142899996e-05,0.00021105908570993436,1
86,1774313839261,-0.00012040525713999904,2.609657142899996e-05,0.00021105908570993436,1
87,1774313839264,-0.00012040525713999904,2.609657142899996e-05,0.00021105908570993436,1
88,1774313839267,-0.00015550525713999876,0.00016259657142899992,0.0004372590857099996,1
89,1774313839269,-0.00015550525713999876,0.00016259657142899992,0.0004372590857099996,1
90,1774313839272,-0.00015550525713999876,0.00016259657142899992,0.0004372590857099996,1
91,1774313839275,-2.2905257139998678e-05,2.6965714289999866e-06,0.00022665908570993886,1
92,1774313839278,-2.2905257139998678e-05,2.6965714289999866e-06,0.00022665908570993886,1
93,1774313839280,-2.2905257139998678e-05,2.6965714289999866e-06,0.00022665908570993886,1
94,1774313839283,3.559474286000085e-05,0.00013529657142899996,0.00034755908571002924,1
95,1774313839286,3.559474286000085e-05,0.00013529657142899996,0.00034755908571002924,1
96,1774313839288,3.559474286000085e-05,0.00013529657142899996,0.00034755908571002924,1
97,1774313839291,-1.1205257139998773e-05,0.00014699657142899997,0.00028515908571001124,1
98,1774313839294,-1.1205257139998773e-05,0.00014699657142899997,0.00028515908571001124,1
99,1774313839296,-1.1205257139998773e-05,0.00014699657142899997,0.00028515908571001124,1
100,1774313839299,-5.020525713999961e-05,-1.6803428571e-05,0.00034755908571002924,1
101,1774313839303,-5.020525713999961e-05,-1.6803428571e-05,0.00034755908571002924,1
102,1774313839305,-5.020525713999961e-05,-1.6803428571e-05,0.000183759085709982,1
103,1774313839308,-1.1205257139998773e-05,0.00019769657142899996,0.000183759085709982,1
104,1774313839311,-1.1205257139998773e-05,0.00019769657142899996,0.000183759085709982,1
105,1774313839314,-1.1205257139998773e-05,0.000139196571429,0.0003748590857099816,1
106,1774313839316,3.169474285999972e-05,0.000139196571429,0.0003748590857099816,1
107,1774313839319,3.169474285999972e-05,0.000139196571429,0.0003748590857099816,1
108,1774313839322,3.169474285999972e-05,6.596571428999973e-06,-4.2440914289972216e-05,1
109,1774313839324,-2.2905257139998678e-05,6.596571428999973e-06,-4.2440914289972216e-05,1
110,1774313839327,-2.2905257139998678e-05,6.596571428999973e-06,-4.2440914289972216e-05,1
111,1774313839330,3.169474285999972e-05,1.4396571429e-05,0.00036315908571003374,1
112,1774313839333,3.169474285999972e-05,1.4396571429e-05,0.00036315908571003374,1
113,1774313839335,3.169474285999972e-05,1.4396571429e-05,0.00036315908571003374,1
114,1774313839338,6.289474286000005e-05,1.049657142899996e-05,0.0003787590857099272,1
115,1774313839341,6.289474286000005e-05,1.049657142899996e-05,0.0003787590857099272,1
116,1774313839343,6.289474286000005e-05,1.049657142899996e-05,0.0003787590857099272,1
117,1774313839346,-9.310525713999984e-05,0.000170396571429,0.00026955908571000674,1
118,1774313839349,-9.310525713999984e-05,0.000170396571429,0.00026955908571000674,1
119,1774313839352,-9.310525713999984e-05,0.000170396571429,0.00026955908571000674,1
120,1774313839354,-0.00019840525713999899,-1.2903428571000013e-05,0.00014475908570997075,1
121,1774313839357,-0.00019840525713999899,-1.2903428571000013e-05,0.00014475908570997075,1
122,1774313839360,-0.00019840525713999899,-1.2903428571000013e-05,0.00014475908570997075,1
123,1774313839363,-8.140525713999994e-05,-9.090342857100001e-05,0.00024615908571,1
124,1774313839365,-8.140525713999994e-05,-9.090342857100001e-05,0.00024615908571,1
0,1774313839405,-0.00015940525713999988,-5.5803428571000026e-05,4.725908570999814e-05,1
1,1774313839407,-0.00015940525713999988,-5.5803428571000026e-05,4.725908570999814e-05,1
2,1774313839415,-6.970525714000003e-05,7.6796571429e-05,0.0001330590857100229,1
3,1774313839432,-6.190525713999952e-05,-1.203428571000054e-06,0.0001330590857100229,1
4,1774313839437,-8.530525713999933e-05,0.00012359657142899994,-4.634091429002885e-05,1
5,1774313839445,2.3894742860000942e-05,0.00010409657142899996,0.0003748590857099816,1
6,1774313839486,2.3894742860000942e-05,0.00010409657142899996,0.0003748590857099816,1
7,1774313839489,-6.970525714000003e-05,5.729657142899996e-05,0.00017985908571003639,1
8,1774313839492,-7.750525713999881e-05,5.729657142899996e-05,0.00017985908571003639,1
9,1774313839495,-7.750525713999881e-05,5.729657142899996e-05,0.00017985908571003639,1
10,1774313839497,-7.360525713999942e-05,8.069657142899999e-05,0.00014085908571002514,1
11,1774313839500,-7.360525713999942e-05,8.069657142899999e-05,0.00014085908571002514,1
12,1774313839503,-7.360525713999942e-05,8.069657142899999e-05,0.00014085908571002514,1
13,1774313839505,-0.00012430525714000017,0.000139196571429,0.0002500590857099456,1
14,1774313839508,-0.00012430525714000017,0.000139196571429,0.0002500590857099456,1
15,1774313839511,-0.00012430525714000017,0.000139196571429,0.0002500590857099456,1
16,1774313839513,-0.00012820525713999956,2.6965714289999866e-06,0.00017205908571003414,1
17,1774313839516,-0.00012820525713999956,2.6965714289999866e-06,0.00017205908571003414,1
18,1774313839519,-0.00012820525713999956,2.6965714289999866e-06,0.00017205908571003414,1
19,1774313839521,-1.5105257139999897e-05,-2.8503428571000013e-05,0.0001057590857099595,1
20,1774313839524,-1.5105257139999897e-05,-2.8503428571000013e-05,0.0001057590857099595,1
21,1774313839527,-1.5105257139999897e-05,-2.8503428571000013e-05,0.0001057590857099595,1
22,1774313839530,5.899474286000066e-05,0.00011579657142899997,0.000121359085709964,1
23,1774313839533,5.899474286000066e-05,0.00011579657142899997,0.000121359085709964,1
24,1774313839536,5.899474286000066e-05,0.00011579657142899997,0.000121359085709964,1
25,1774313839538,7.849474286000108e-05,0.000107996571429,0.0001330590857100229,1
26,1774313839541,7.849474286000108e-05,0.000107996571429,0.0001330590857100229,1
27,1774313839544,7.849474286000108e-05,0.000107996571429,0.0001330590857100229,1
28,1774313839546,-3.4052571399999926e-06,4.5596571429e-05,0.00030465908570996136,1
29,1774313839549,-3.4052571399999926e-06,4.5596571429e-05,0.00030465908570996136,1
30,1774313839551,-3.4052571399999926e-06,4.5596571429e-05,0.00030465908570996136,1
31,1774313839554,0.00019549474286000013,0.00010019657142899997,0.0003943590857099317,1
32,1774313839557,0.00019549474286000013,0.00010019657142899997,0.0003943590857099317,1
33,1774313839559,0.00019549474286000013,0.00010019657142899997,0.0003943590857099317,1
34,1774313839563,-0.00011260525714000026,8.459657142899997e-05,0.00014085908571002514,1
35,1774313839565,-0.00011260525714000026,8.459657142899997e-05,0.00014085908571002514,1
36,1774313839568,-0.00011260525714000026,8.459657142899997e-05,0.00014085908571002514,1
37,1774313839570,-6.190525713999952e-05,1.4396571429e-05,0.00022665908570993886,1
38,1774313839573,-6.190525713999952e-05,1.4396571429e-05,0.00022665908570993886,1
39,1774313839576,-6.190525713999952e-05,1.4396571429e-05,0.00022665908570993886,1
40,1774313839579,-0.00013990525713999946,5.339657142899997e-05,9.0159085709955e-05,1
41,1774313839581,-0.00013990525713999946,5.339657142899997e-05,9.0159085709955e-05,1
42,1774313839584,-0.00013990525713999946,5.339657142899997e-05,9.0159085709955e-05,1
43,1774313839586,-0.00010090525713999862,9.629657142899998e-05,9.405908571001164e-05,1
44,1774313839589,-0.00010090525713999862,9.629657142899998e-05,9.405908571001164e-05,1
45,1774313839592,-0.00010090525713999862,9.629657142899998e-05,9.405908571001164e-05,1
46,1774313839595,-7.305257139999383e-06,0.000139196571429,3.945908570999589e-05,1
47,1774313839598,-7.305257139999383e-06,0.000139196571429,3.945908570999589e-05,1
48,1774313839600,-7.305257139999383e-06,0.000139196571429,0.00024615908571,1
49,1774313839603,-0.00015160525713999937,6.596571428999973e-06,0.00024615908571,1
50,1774313839606,-0.00015160525713999937,6.596571428999973e-06,0.00024615908571,1
51,1774313839608,-0.00015160525713999937,6.596571428999973e-06,0.00017205908571003414,1
52,1774313839617,-2.6805257139999802e-05,0.00018599657142899994,0.00017205908571003414,1
53,1774313839620,9.019474286000098e-05,0.00016259657142899992,0.0002656590857099501,1
54,1774313839623,9.019474286000098e-05,0.00016259657142899992,0.0002656590857099501,1
55,1774313839626,2.3894742860000942e-05,2.6965714289999866e-06,0.0004060590857099906,1
56,1774313839628,2.3894742860000942e-05,2.6965714289999866e-06,0.0004060590857099906,1
57,1774313839631,2.3894742860000942e-05,2.6965714289999866e-06,0.0004060590857099906,1
58,1774313839634,7.069474286000056e-05,9.239657142899994e-05,0.0003943590857099317,1
59,1774313839636,7.069474286000056e-05,9.239657142899994e-05,0.0003943590857099317,1
60,1774313839639,7.069474286000056e-05,9.239657142899994e-05,0.0003943590857099317,1
61,1774313839642,-0.00014380525713999885,6.899657142899997e-05,0.0001876590857099276,1
62,1774313839645,-0.00014380525713999885,6.899657142899997e-05,0.0001876590857099276,1
63,1774313839647,-0.00014380525713999885,6.899657142899997e-05,0.0001876590857099276,1
64,1774313839650,4.947428600011322e-07,-2.4603428571000026e-05,0.0004567590857099497,1
65,1774313839653,4.947428600011322e-07,-2.4603428571000026e-05,0.0004567590857099497,1
66,1774313839656,4.947428600011322e-07,-2.4603428571000026e-05,0.0004567590857099497,1
67,1774313839658,-0.00017500525713999918,0.000213296571429,9.405908571001164e-05,1
68,1774313839661,-0.00017500525713999918,0.000213296571429,9.405908571001164e-05,1
69,1774313839664,-0.00017500525713999918,0.000213296571429,9.405908571001164e-05,1
70,1774313839666,-3.070525713999919e-05,0.000150896571429,8.235908570995275e-05,1
71,1774313839669,-3.070525713999919e-05,0.000150896571429,8.235908570995275e-05,1
72,1774313839672,-3.070525713999919e-05,0.000150896571429,8.235908570995275e-05,1
73,1774313839674,-8.920525713999872e-05,6.509657142899999e-05,0.00023835908570999775,1
74,1774313839677,-8.920525713999872e-05,6.509657142899999e-05,0.00023835908570999775,1
75,1774313839680,-8.920525713999872e-05,6.509657142899999e-05,0.00023835908570999775,1
76,1774313839682,-6.580525713999891e-05,7.6796571429e-05,0.00030075908571001574,1
77,1774313839685,-6.580525713999891e-05,7.6796571429e-05,0.00030075908571001574,1
78,1774313839688,-6.580525713999891e-05,7.6796571429e-05,0.00030075908571001574,1
79,1774313839691,-5.800525714000013e-05,0.00014699657142899997,-0.0001165409142900491,1
80,1774313839693,-5.800525714000013e-05,0.00014699657142899997,-0.0001165409142900491,1
81,1774313839696,-5.800525714000013e-05,0.00014699657142899997,0.0004411590857099452,1
82,1774313839699,-0.00017110525713999979,0.00012359657142899994,0.0004411590857099452,1
83,1774313839702,-0.00017110525713999979,0.00012359657142899994,0.0004411590857099452,1
84,1774313839705,-0.00011650525713999965,-5.190342857100004e-05,0.00040215908570993397,1
85,1774313839707,-0.00011650525713999965,-5.190342857100004e-05,0.00040215908570993397,1
86,1774313839710,-0.00011650525713999965,-5.190342857100004e-05,0.00040215908570993397,1
87,1774313839713,4.394742860000522e-06,-1.203428571000054e-06,0.0002305590857099955,1
88,1774313839715,4.394742860000522e-06,-1.203428571000054e-06,0.0002305590857099955,1
89,1774313839718,4.394742860000522e-06,-1.203428571000054e-06,0.0002305590857099955,1
90,1774313839721,-0.00013600525714000007,8.849657142899996e-05,0.0003943590857099317,1
91,1774313839723,-0.00013600525714000007,8.849657142899996e-05,0.0003943590857099317,1
92,1774313839726,-0.00013600525714000007,8.849657142899996e-05,0.0003943590857099317,1
93,1774313839729,-1.1205257139998773e-05,-5.5803428571000026e-05,8.235908570995275e-05,1
94,1774313839732,-1.1205257139998773e-05,-5.5803428571000026e-05,8.235908570995275e-05,1
95,1774313839734,-1.1205257139998773e-05,-5.5803428571000026e-05,8.235908570995275e-05,1
96,1774313839737,-4.630525714000022e-05,-0.00014550342857100004,-0.00034664091429005995,1
97,1774313839740,-4.630525714000022e-05,-0.00014550342857100004,-0.00034664091429005995,1
98,1774313839743,-4.630525714000022e-05,-0.00014550342857100004,-0.00034664091429005995,1
99,1774313839746,-0.00011650525713999965,3.779657142899997e-05,-0.0001828409142900127,1
100,1774313839749,-0.00011650525713999965,3.779657142899997e-05,-0.0001828409142900127,1
101,1774313839751,-0.00011650525713999965,3.779657142899997e-05,-0.0001828409142900127,1
102,1774313839754,-8.530525713999933e-05,0.00010019657142899997,0.0006907590857100172,1
103,1774313839757,-8.530525713999933e-05,0.00010019657142899997,0.0006907590857100172,1
104,1774313839759,-8.530525713999933e-05,0.00010019657142899997,0.0006907590857100172,1
105,1774313839762,0.0001330947428600012,-3.2403428571000053e-05,6.285908571000264e-05,1
106,1774313839765,0.0001330947428600012,-3.2403428571000053e-05,6.285908571000264e-05,1
107,1774313839767,0.0001330947428600012,-3.2403428571000053e-05,6.285908571000264e-05,1
108,1774313839770,-0.00016330525713999927,0.00012749657142899998,0.0002500590857099456,1
109,1774313839773,-0.00016330525713999927,0.00012749657142899998,0.0002500590857099456,1
110,1774313839776,-1.5105257139999897e-05,4.5596571429e-05,0.00024615908571,1
111,1774313839779,-1.5105257139999897e-05,4.5596571429e-05,0.00024615908571,1
112,1774313839782,-1.5105257139999897e-05,4.5596571429e-05,0.00024615908571,1
113,1774313839785,8.629474285999986e-05,7.289657142899996e-05,-1.5140914290019854e-05,1
114,1774313839787,8.629474285999986e-05,7.289657142899996e-05,-1.5140914290019854e-05,1
115,1774313839790,8.629474285999986e-05,7.289657142899996e-05,-1.5140914290019854e-05,1
116,1774313839793,-3.070525713999919e-05,8.459657142899997e-05,4.335908570994151e-05,1
117,1774313839796,-3.070525713999919e-05,8.459657142899997e-05,4.335908570994151e-05,1
118,1774313839799,-3.070525713999919e-05,8.459657142899997e-05,4.335908570994151e-05,1
119,1774313839801,-4.630525714000022e-05,9.629657142899998e-05,0.0001486590857100274,1
120,1774313839804,-4.630525714000022e-05,9.629657142899998e-05,0.0001486590857100274,1
121,1774313839807,-4.630525714000022e-05,9.629657142899998e-05,0.0001486590857100274,1
122,1774313839809,-7.360525713999942e-05,-0.00011820342857100002,3.555908570993926e-05,1
123,1774313839812,-7.360525713999942e-05,-0.00011820342857100002,3.555908570993926e-05,1
124,1774313839815,-7.360525713999942e-05,-0.00011820342857100002,3.555908570993926e-05,1
0,1774313839857,2.3894742860000942e-05,-0.00014940342857100002,-6.194091429003335e-05,1
1,1774313839900,2.3894742860000942e-05,-0.00014940342857100002,-6.194091429003335e-05,1
2,1774313839904,-0.00012040525713999904,0.0002873965714289999,0.00024615908571,1
3,1774313839910,-0.00013990525713999946,0.0002873965714289999,0.00024615908571,1
4,1774313839921,7.069474286000056e-05,0.00012359657142899994,0.0004060590857099906,1
5,1774313839930,-0.00015160525713999937,7.289657142899996e-05,-0.0004519409142900348,1
6,1774313839932,-0.00015160525713999937,7.289657142899996e-05,-0.0004519409142900348,1
7,1774313839935,-0.00015160525713999937,7.289657142899996e-05,-0.0004519409142900348,1
8,1774313839938,-0.0002062052571399995,0.00027179657142899997,-0.00018674091429006934,1
9,1774313839940,-0.0002062052571399995,0.00027179657142899997,-0.00018674091429006934,1
10,1774313839943,-0.0002062052571399995,0.00027179657142899997,0.0009325590857099759,1
11,1774313839946,-0.0001828052571399997,0.00010409657142899996,0.0009325590857099759,1
12,1774313839948,-0.0001828052571399997,0.00010409657142899996,0.0009325590857099759,1
13,1774313839951,-0.0001828052571399997,0.00010409657142899996,-0.0004012409142899647,1
14,1774313839954,-0.00015940525713999988,1.049657142899996e-05,-0.0004012409142899647,1
15,1774313839957,-0.00015940525713999988,1.049657142899996e-05,-0.0004012409142899647,1
16,1774313839960,-0.00013600525714000007,2.9996571428999945e-05,-0.00020624091429001946,1
17,1774313839963,-0.00013600525714000007,2.9996571428999945e-05,-0.00020624091429001946,1
18,1774313839965,-0.00013600525714000007,2.9996571428999945e-05,-0.00020624091429001946,1
19,1774313839968,7.459474285999995e-05,0.00019769657142899996,0.00030075908571001574,1
20,1774313839971,7.459474285999995e-05,0.00019769657142899996,0.00030075908571001574,1
21,1774313839974,7.459474285999995e-05,0.00019769657142899996,0.00030075908571001574,1
22,1774313839977,0.0001252947428600007,-7.530342857100001e-05,-0.0001516409142900037,1
23,1774313839979,0.0001252947428600007,-7.530342857100001e-05,-0.0001516409142900037,1
24,1774313839982,0.0001252947428600007,-7.530342857100001e-05,-0.0001516409142900037,1
25,1774313839985,0.00012919474286000009,0.000150896571429,-4.2440914289972216e-05,1
26,1774313839987,0.00012919474286000009,0.000150896571429,-4.2440914289972216e-05,1
27,1774313839990,0.00012919474286000009,0.000150896571429,-4.2440914289972216e-05,1
28,1774313839993,-0.00014380525713999885,-9.090342857100001e-05,0.00017985908571003639,1
29,1774313839996,-0.00014380525713999885,-9.090342857100001e-05,0.00017985908571003639,1
30,1774313839998,-0.00014380525713999885,-9.090342857100001e-05,0.00017985908571003639,1
31,1774313840001,-1.1205257139998773e-05,0.00022499657142899991,0.000214959085709991,1
32,1774313840004,-1.1205257139998773e-05,0.00022499657142899991,0.000214959085709991,1
33,1774313840006,-1.1205257139998773e-05,0.00022499657142899991,0.000214959085709991,1
34,1774313840009,6.679474286000117e-05,0.00012749657142899998,0.0003436590857099726,1
35,1774313840012,6.679474286000117e-05,0.00012749657142899998,0.0003436590857099726,1
36,1774313840015,6.679474286000117e-05,0.00012749657142899998,0.0003436590857099726,1
37,1774313840017,-0.0002179052571399994,-0.00020790342857100004,0.00011355908570996175,1
38,1774313840020,-0.0002179052571399994,-0.00020790342857100004,0.00011355908570996175,1
39,1774313840023,-0.0002179052571399994,-0.00020790342857100004,0.00011355908570996175,1
40,1774313840026,-0.00011650525713999965,6.899657142899997e-05,-0.0003232409142900532,1
41,1774313840029,-0.00011650525713999965,6.899657142899997e-05,-0.0003232409142900532,1
42,1774313840031,0.0001759947428599997,0.00022109657142899998,0.000620559085709997,1
43,1774313840034,0.0001759947428599997,0.00022109657142899998,0.000620559085709997,1
44,1774313840037,0.0001759947428599997,0.00022109657142899998,0.000620559085709997,1
45,1774313840039,-0.00012040525713999904,-9.870342857100004e-05,0.0004840590857100131,1
46,1774313840042,-0.00012040525713999904,-9.870342857100004e-05,0.0004840590857100131,1
47,1774313840045,-0.00012040525713999904,-9.870342857100004e-05,0.0004840590857100131,1
48,1774313840048,4.394742860000522e-06,-3.630342857100004e-05,-0.0005260409142900007,1
49,1774313840050,4.394742860000522e-06,-3.630342857100004e-05,-0.0005260409142900007,1
50,1774313840053,4.394742860000522e-06,-3.630342857100004e-05,-0.0005260409142900007,1
51,1774313840056,4.339474286000136e-05,0.00020939657142899997,-5.41409142900311e-05,1
52,1774313840058,4.339474286000136e-05,0.00020939657142899997,-5.41409142900311e-05,1
53,1774313840061,4.339474286000136e-05,0.00020939657142899997,-5.41409142900311e-05,1
54,1774313840064,-0.00015160525713999937,-9.480342857100005e-05,0.0003904590857099861,1
55,1774313840067,-0.00015160525713999937,-9.480342857100005e-05,0.0003904590857099861,1
56,1774313840070,-0.00015160525713999937,-9.480342857100005e-05,0.0003904590857099861,1
57,1774313840072,-0.0001828052571399997,-0.00016500342857100002,-0.00025304091429003295,1
58,1774313840075,-0.0001828052571399997,-0.00016500342857100002,-0.00025304091429003295,1
59,1774313840078,-0.0001828052571399997,-0.00016500342857100002,-0.00025304091429003295,1
60,1774313840080,0.00011359474286000079,6.119657142899994e-05,0.0001876590857099276,1
61,1774313840083,0.00011359474286000079,6.119657142899994e-05,0.0001876590857099276,1
62,1774313840086,0.00011359474286000079,6.119657142899994e-05,0.0001876590857099276,1
63,1774313840089,-5.800525714000013e-05,0.00015869657142899998,0.0001369590857099685,1
64,1774313840091,-5.800525714000013e-05,0.00015869657142899998,0.0001369590857099685,1
65,1774313840094,-5.800525714000013e-05,0.00015869657142899998,0.0001369590857099685,1
66,1774313840097,-0.00010480525713999975,6.509657142899999e-05,8.259085709986895e-06,1
67,1774313840100,-0.00010480525713999975,6.509657142899999e-05,8.259085709986895e-06,1
68,1774313840103,-0.00010480525713999975,8.849657142899996e-05,0.0003124590857099636,1
69,1774313840106,-0.0002101052571399989,8.849657142899996e-05,0.0003124590857099636,1
70,1774313840108,-0.0002101052571399989,8.849657142899996e-05,0.0003124590857099636,1
71,1774313840111,-0.00013600525714000007,2.9996571428999945e-05,-9.704091428998796e-05,1
72,1774313840114,-0.00013600525714000007,2.9996571428999945e-05,-9.704091428998796e-05,1
73,1774313840117,-0.00013600525714000007,2.9996571428999945e-05,-9.704091428998796e-05,1
74,1774313840119,-8.530525713999933e-05,0.000232796571429,1.6059085709989145e-05,1
75,1774313840122,-8.530525713999933e-05,0.000232796571429,1.6059085709989145e-05,1
76,1774313840125,-8.530525713999933e-05,0.000232796571429,1.6059085709989145e-05,1
77,1774313840127,4.394742860000522e-06,2.2196571428999973e-05,0.0007414590857099763,1
78,1774313840130,4.394742860000522e-06,2.2196571428999973e-05,0.0007414590857099763,1
79,1774313840133,4.394742860000522e-06,2.2196571428999973e-05,0.0007414590857099763,1
80,1774313840135,5.899474286000066e-05,-3.630342857100004e-05,4.725908570999814e-05,1
81,1774313840138,5.899474286000066e-05,-3.630342857100004e-05,4.725908570999814e-05,1
82,1774313840141,5.899474286000066e-05,-3.630342857100004e-05,4.725908570999814e-05,1
83,1774313840144,-0.00017500525713999918,0.00021719657142899994,0.00020715908570998875,1
84,1774313840146,-0.00017500525713999918,0.00021719657142899994,0.00020715908570998875,1
85,1774313840149,-0.00017500525713999918,0.00021719657142899994,0.00020715908570998875,1
86,1774313840152,7.849474286000108e-05,0.00014309657142899993,0.0006595590857100082,1
87,1774313840155,7.849474286000108e-05,0.00014309657142899993,0.0006595590857100082,1
88,1774313840158,7.849474286000108e-05,0.00014309657142899993,0.0006595590857100082,1
89,1774313840160,-0.0001906052571400002,-0.00011040342857100002,0.0001681590857099775,1
90,1774313840163,-0.0001906052571400002,-0.00011040342857100002,0.0001681590857099775,1
91,1774313840166,-0.0001906052571400002,-0.00011040342857100002,0.0001681590857099775,1
92,1774313840168,-0.00021400525714000002,2.609657142899996e-05,-3.4409142900719905e-06,1
93,1774313840171,-0.00021400525714000002,2.609657142899996e-05,-3.4409142900719905e-06,1
94,1774313840174,-0.00021400525714000002,2.609657142899996e-05,-3.4409142900719905e-06,1
95,1774313840176,-0.00012040525713999904,-0.000137703428571,0.0004255590857099407,1
96,1774313840179,-0.00012040525713999904,-0.000137703428571,0.0004255590857099407,1
97,1774313840182,-0.00012040525713999904,-0.000137703428571,0.0004255590857099407,1
98,1774313840185,-0.00012040525713999904,9.239657142899994e-05,0.0005035590857099632,1
99,1774313840187,-0.00012040525713999904,9.239657142899994e-05,0.0005035590857099632,1
100,1774313840190,-0.00012040525713999904,9.239657142899994e-05,0.0005035590857099632,1
101,1774313840193,-2.6805257139999802e-05,0.00026009657142899995,0.00033585908570997035,1
102,1774313840196,-2.6805257139999802e-05,0.00026009657142899995,0.00033585908570997035,1
103,1774313840199,-2.6805257139999802e-05,-0.00025080342857100005,3.1659085709993644e-05,1
104,1774313840201,8.629474285999986e-05,-0.00025080342857100005,3.1659085709993644e-05,1
105,1774313840204,8.629474285999986e-05,-0.00025080342857100005,3.1659085709993644e-05,1
106,1774313840207,-0.0002452052571399986,-0.000122103428571,-0.00012044091428999471,1
107,1774313840210,-0.0002452052571399986,-0.000122103428571,-0.00012044091428999471,1
108,1774313840212,-0.0002452052571399986,-0.000122103428571,-0.00012044091428999471,1
109,1774313840215,-8.140525713999994e-05,0.00022109657142899998,0.00036705908570997935,1
110,1774313840218,-8.140525713999994e-05,0.00022109657142899998,0.00036705908570997935,1
111,1774313840220,-8.140525713999994e-05,0.00022109657142899998,0.00036705908570997935,1
112,1774313840223,-6.970525714000003e-05,-0.00017670342857100004,0.00046065908571000635,1
113,1774313840226,-6.970525714000003e-05,-0.00017670342857100004,0.00046065908571000635,1
114,1774313840228,-6.970525714000003e-05,-0.00017670342857100004,0.00046065908571000635,1
115,1774313840231,3.169474285999972e-05,-9.003428571000027e-06,1.2159085709932509e-05,1
116,1774313840234,3.169474285999972e-05,-9.003428571000027e-06,1.2159085709932509e-05,1
117,1774313840237,3.169474285999972e-05,-9.003428571000027e-06,1.2159085709932509e-05,1
118,1774313840240,9.019474286000098e-05,0.000170396571429,-3.4409142900719905e-06,1
119,1774313840243,9.019474286000098e-05,0.000170396571429,-3.4409142900719905e-06,1
120,1774313840245,9.019474286000098e-05,0.000170396571429,-3.4409142900719905e-06,1
121,1774313840248,-7.750525713999881e-05,0.00010019657142899997,0.0006244590857099426,1
122,1774313840251,-7.750525713999881e-05,0.00010019657142899997,0.0006244590857099426,1
123,1774313840253,-7.750525713999881e-05,0.00010019657142899997,0.0006244590857099426,1
124,1774313840256,2.7794742860000332e-05,-0.00018840342857100002,-0.00014384091429000146,1
0,1774313840297,-0.00011650525713999965,-0.00014940342857100002,-8.53409142900401e-05,1
1,1774313840300,-0.00011650525713999965,-0.00014940342857100002,-8.53409142900401e-05,1
2,1774313840344,-0.00010090525713999862,7.289657142899996e-05,0.00010185908571001389,1
3,1774313840365,-2.6805257139999802e-05,-1.6803428571e-05,0.0001876590857099276,1
4,1774313840368,-9.700525713999923e-05,9.629657142899998e-05,0.0004060590857099906,1
5,1774313840372,-9.700525713999923e-05,9.629657142899998e-05,0.0004060590857099906,1
6,1774313840374,0.00010189474286000089,0.00022499657142899991,0.00047625908571001085,1
7,1774313840377,0.00010189474286000089,0.00022499657142899991,0.00047625908571001085,1
8,1774313840380,0.00010189474286000089,0.00022499657142899991,0.00047625908571001085,1
9,1774313840382,5.899474286000066e-05,6.596571428999973e-06,1.9959085709934758e-05,1
10,1774313840385,5.899474286000066e-05,6.596571428999973e-06,1.9959085709934758e-05,1
11,1774313840388,5.899474286000066e-05,6.596571428999973e-06,1.9959085709934758e-05,1
12,1774313840390,-0.00013600525714000007,0.00027959657142899994,-4.634091429002885e-05,1
13,1774313840393,-0.00013600525714000007,0.00027959657142899994,-4.634091429002885e-05,1
14,1774313840396,-0.00013600525714000007,0.00027959657142899994,-4.634091429002885e-05,1
15,1774313840399,-0.00014380525713999885,0.00016649657142899996,0.0007102590857099673,1
16,1774313840402,-0.00014380525713999885,0.00016649657142899996,0.0007102590857099673,1
17,1774313840405,-0.00014380525713999885,0.00016649657142899996,0.0007102590857099673,1
18,1774313840407,-0.0002452052571399986,-0.000289803428571,0.00041385908570999285,1
19,1774313840410,-0.0002452052571399986,-0.000289803428571,0.00041385908570999285,1
20,1774313840413,-0.0002452052571399986,-0.000289803428571,0.00041385908570999285,1
21,1774313840415,5.509474286000127e-05,4.169657142899996e-05,-0.0002140409142900217,1
22,1774313840418,5.509474286000127e-05,4.169657142899996e-05,-0.0002140409142900217,1
23,1774313840421,5.509474286000127e-05,4.169657142899996e-05,-0.0002140409142900217,1
24,1774313840423,9.799474285999976e-05,0.000369296571429,-0.0002491409142899763,1
25,1774313840426,9.799474285999976e-05,0.000369296571429,-0.0002491409142899763,1
26,1774313840429,9.799474285999976e-05,0.000369296571429,-0.0002491409142899763,1
27,1774313840432,-3.850525713999971e-05,0.00016259657142899992,0.0003943590857099317,1
28,1774313840434,-3.850525713999971e-05,0.00016259657142899992,0.0003943590857099317,1
29,1774313840437,-3.850525713999971e-05,0.00016259657142899992,0.0003943590857099317,1
30,1774313840440,9.799474285999976e-05,0.00012749657142899998,-0.00012824091428999696,1
31,1774313840443,9.799474285999976e-05,0.00012749657142899998,-0.00012824091428999696,1
32,1774313840446,9.799474285999976e-05,9.239657142899994e-05,0.00044895908570994746,1
33,1774313840448,-7.360525713999942e-05,9.239657142899994e-05,0.00044895908570994746,1
34,1774313840451,-7.360525713999942e-05,9.239657142899994e-05,0.00044895908570994746,1
35,1774313840454,-7.360525713999942e-05,0.00024059657142899997,8.625908571000939e-05,1
36,1774313840456,-7.360525713999942e-05,0.00024059657142899997,8.625908571000939e-05,1
37,1774313840459,-7.360525713999942e-05,0.00024059657142899997,8.625908571000939e-05,1
38,1774313840462,7.069474286000056e-05,0.00023669657142899993,0.00014475908570997075,1
39,1774313840465,7.069474286000056e-05,0.00023669657142899993,0.00014475908570997075,1
40,1774313840467,7.069474286000056e-05,0.00023669657142899993,0.00014475908570997075,1
41,1774313840470,4.394742860000522e-06,1.4396571429e-05,0.000214959085709991,1
42,1774313840473,4.394742860000522e-06,1.4396571429e-05,0.000214959085709991,1
43,1774313840476,4.394742860000522e-06,1.4396571429e-05,0.000214959085709991,1
44,1774313840479,-0.0002296052571399993,-0.00017280342857100002,-0.00019064091429001496,1
45,1774313840482,-0.0002296052571399993,-0.00017280342857100002,-0.00019064091429001496,1
46,1774313840485,-0.0002296052571399993,-0.00017280342857100002,-0.00019064091429001496,1
47,1774313840488,-0.00011650525713999965,0.00021719657142899994,0.000339759085710027,1
48,1774313840490,-0.00011650525713999965,0.00021719657142899994,0.000339759085710027,1
49,1774313840493,-0.00011650525713999965,0.00021719657142899994,0.000952059085710037,1
50,1774313840496,-0.00017500525713999918,0.000107996571429,0.000952059085710037,1
51,1774313840499,-0.00017500525713999918,0.000107996571429,0.000952059085710037,1
52,1774313840502,-6.970525714000003e-05,4.169657142899996e-05,-0.00023354091428997182,1
53,1774313840505,-6.970525714000003e-05,4.169657142899996e-05,-0.00023354091428997182,1
54,1774313840508,-6.970525714000003e-05,4.169657142899996e-05,-0.00023354091428997182,1
55,1774313840510,6.679474286000117e-05,0.00019769657142899996,0.00021105908570993436,1
56,1774313840513,6.679474286000117e-05,0.00019769657142899996,0.00021105908570993436,1
57,1774313840516,6.679474286000117e-05,0.00019769657142899996,0.00021105908570993436,1
58,1774313840518,5.119474286000014e-05,9.239657142899994e-05,0.00044895908570994746,1
59,1774313840521,5.119474286000014e-05,9.239657142899994e-05,0.00044895908570994746,1
60,1774313840524,5.119474286000014e-05,9.239657142899994e-05,0.00044895908570994746,1
61,1774313840527,-0.00010090525713999862,1.049657142899996e-05,-0.0002764409142900397,1
62,1774313840530,-0.00010090525713999862,1.049657142899996e-05,-0.0002764409142900397,1
63,1774313840533,-0.00010090525713999862,1.049657142899996e-05,-0.0002764409142900397,1
64,1774313840535,-0.00011650525713999965,6.509657142899999e-05,0.0004840590857100131,1
65,1774313840538,-0.00011650525713999965,6.509657142899999e-05,0.0004840590857100131,1
66,1774313840541,-0.00011650525713999965,6.509657142899999e-05,0.0004840590857100131,1
67,1774313840543,-6.190525713999952e-05,-0.000293703428571,0.00035145908570997485,1
68,1774313840546,-6.190525713999952e-05,-0.000293703428571,0.00035145908570997485,1
69,1774313840549,-6.190525713999952e-05,-0.000293703428571,0.00035145908570997485,1
70,1774313840552,-0.00015550525713999876,-1.203428571000054e-06,0.00040215908570993397,1
71,1774313840554,-0.00015550525713999876,-1.203428571000054e-06,0.00040215908570993397,1
72,1774313840558,3.949474286000024e-05,0.000244496571429,0.000308559085710018,1
73,1774313840561,3.949474286000024e-05,0.000244496571429,0.000308559085710018,1
74,1774313840563,3.949474286000024e-05,0.000244496571429,0.000308559085710018,1
75,1774313840566,4.394742860000522e-06,-0.00019230342857100004,0.0001330590857100229,1
76,1774313840569,4.394742860000522e-06,-0.00019230342857100004,0.0001330590857100229,1
77,1774313840572,4.394742860000522e-06,-0.00019230342857100004,0.0001330590857100229,1
78,1774313840574,-6.580525713999891e-05,2.6965714289999866e-06,-3.85409142900266e-05,1
79,1774313840577,-6.580525713999891e-05,2.6965714289999866e-06,-3.85409142900266e-05,1
80,1774313840580,-6.580525713999891e-05,2.6965714289999866e-06,-3.85409142900266e-05,1
81,1774313840582,-7.305257139999383e-06,-1.203428571000054e-06,0.000682959085710015,1
82,1774313840585,-7.305257139999383e-06,-1.203428571000054e-06,0.000682959085710015,1
83,1774313840588,-7.305257139999383e-06,-1.203428571000054e-06,0.000682959085710015,1
84,1774313840591,-7.750525713999881e-05,0.00012749657142899998,0.00021105908570993436,1
85,1774313840593,-7.750525713999881e-05,0.00012749657142899998,0.00021105908570993436,1
86,1774313840596,-7.750525713999881e-05,0.00012749657142899998,0.00021105908570993436,1
87,1774313840599,-4.24052571399991e-05,0.00022109657142899998,-0.00017504091429001046,1
88,1774313840609,-0.00012820525713999956,0.00013529657142899996,0.0001330590857100229,1
89,1774313840613,-0.00012820525713999956,0.00013529657142899996,0.0001330590857100229,1
90,1774313840615,-0.00022570525713999992,-9.480342857100005e-05,0.00033195908571002474,1
91,1774313840618,-0.00022570525713999992,-9.480342857100005e-05,0.00033195908571002474,1
92,1774313840621,-0.00022570525713999992,-9.480342857100005e-05,-0.00022184091429002396,1
93,1774313840623,4.729474286000075e-05,-9.090342857100001e-05,-0.00022184091429002396,1
94,1774313840626,4.729474286000075e-05,-9.090342857100001e-05,-0.00022184091429002396,1
95,1774313840629,4.729474286000075e-05,-9.090342857100001e-05,4.5908570998464543e-07,1
96,1774313840632,-0.00012040525713999904,-3.2403428571000053e-05,4.5908570998464543e-07,1
97,1774313840634,-0.00012040525713999904,-3.2403428571000053e-05,4.5908570998464543e-07,1
98,1774313840637,-0.00012040525713999904,0.000244496571429,0.00017205908571003414,1
99,1774313840640,-8.140525713999994e-05,0.000244496571429,0.00017205908571003414,1
100,1774313840642,-8.140525713999994e-05,0.000244496571429,0.00017205908571003414,1
101,1774313840645,-8.140525713999994e-05,0.00013139657142899997,0.00047625908571001085,1
102,1774313840648,-6.190525713999952e-05,0.00013139657142899997,0.00047625908571001085,1
103,1774313840650,-6.190525713999952e-05,0.00013139657142899997,0.00047625908571001085,1
104,1774313840653,0.00010189474286000089,-0.000266403428571,3.945908570999589e-05,1
105,1774313840656,0.00010189474286000089,-0.000266403428571,3.945908570999589e-05,1
106,1774313840659,0.00010189474286000089,-0.000266403428571,3.945908570999589e-05,1
107,1774313840662,-0.0001789052571400003,1.049657142899996e-05,-4.2440914289972216e-05,1
108,1774313840665,-0.0001789052571400003,1.049657142899996e-05,-4.2440914289972216e-05,1
109,1774313840667,-0.0001789052571400003,1.049657142899996e-05,-4.2440914289972216e-05,1
110,1774313840670,-0.00011650525713999965,0.00023669657142899993,0.0005932590857099336,1
111,1774313840673,-0.00011650525713999965,0.00023669657142899993,0.0005932590857099336,1
112,1774313840675,-0.00011650525713999965,0.00023669657142899993,0.0005932590857099336,1
113,1774313840678,-0.00013600525714000007,-4.410342857100001e-05,0.0005152590857100221,1
114,1774313840681,-0.00013600525714000007,-4.410342857100001e-05,0.0005152590857100221,1
115,1774313840683,-0.00013600525714000007,-4.410342857100001e-05,0.0005152590857100221,1
116,1774313840686,-8.140525713999994e-05,2.6965714289999866e-06,-0.0002803409142899853,1
117,1774313840689,-8.140525713999994e-05,2.6965714289999866e-06,-0.0002803409142899853,1
118,1774313840692,-8.140525713999994e-05,2.6965714289999866e-06,-0.0002803409142899853,1
119,1774313840695,0.00020719474286000003,9.629657142899998e-05,9.405908571001164e-05,1
120,1774313840698,0.00020719474286000003,9.629657142899998e-05,9.405908571001164e-05,1
121,1774313840700,0.00020719474286000003,9.629657142899998e-05,9.405908571001164e-05,1
122,1774313840703,-0.00013210525713999895,-2.4603428571000026e-05,0.000339759085710027,1
123,1774313840706,-0.00013210525713999895,-2.4603428571000026e-05,0.000339759085710027,1
124,1774313840708,-0.00013210525713999895,-2.4603428571000026e-05,-0.00012434091429005135,1
0,1774313840749,4.947428600011322e-07,-0.00012990342857100004,-0.00020624091429001946,1
1,1774313840752,4.947428600011322e-07,-0.00012990342857100004,-0.00020624091429001946,1
2,1774313840781,4.947428600011322e-07,-0.00012990342857100004,-0.00020624091429001946,1
3,1774313840818,-0.00013990525713999946,-0.00014940342857100002,0.00020715908570998875,1
4,1774313840821,-9.700525713999923e-05,0.000139196571429,0.0003280590857099681,1
5,1774313840824,-9.700525713999923e-05,0.000139196571429,0.0003280590857099681,1
6,1774313840827,-9.700525713999923e-05,0.000139196571429,0.0003280590857099681,1
7,1774313840829,4.947428600011322e-07,0.00014699657142899997,0.0006868590857099606,1
8,1774313840832,4.947428600011322e-07,0.00014699657142899997,0.0006868590857099606,1
9,1774313840835,4.947428600011322e-07,0.00014699657142899997,0.0006868590857099606,1
10,1774313840838,-6.190525713999952e-05,-7.140342857100003e-05,1.2159085709932509e-05,1
11,1774313840840,-6.190525713999952e-05,-7.140342857100003e-05,1.2159085709932509e-05,1
12,1774313840843,-6.190525713999952e-05,-7.140342857100003e-05,1.2159085709932509e-05,1
13,1774313840846,-6.580525713999891e-05,0.00031079657142899994,0.0001876590857099276,1
14,1774313840848,-6.580525713999891e-05,0.00031079657142899994,0.0001876590857099276,1
15,1774313840851,-6.580525713999891e-05,0.00031079657142899994,0.0001876590857099276,1
16,1774313840854,-0.00010480525713999975,9.629657142899998e-05,0.0008701590857099579,1
17,1774313840856,-0.00010480525713999975,9.629657142899998e-05,0.0008701590857099579,1
18,1774313840859,-0.00010480525713999975,9.629657142899998e-05,0.0008701590857099579,1
19,1774313840862,-4.630525714000022e-05,-7.140342857100003e-05,-0.00012434091429005135,1
20,1774313840865,-4.630525714000022e-05,-7.140342857100003e-05,-0.00012434091429005135,1
21,1774313840868,-4.630525714000022e-05,-7.140342857100003e-05,-0.0002647409142899808,1
22,1774313840871,-6.580525713999891e-05,0.00022889657142899996,-0.0002647409142899808,1
23,1774313840874,-6.580525713999891e-05,0.00022889657142899996,-0.0002647409142899808,1
24,1774313840876,0.0001213947428600013,2.9996571428999945e-05,3.555908570993926e-05,1
25,1774313840879,0.0001213947428600013,2.9996571428999945e-05,3.555908570993926e-05,1
26,1774313840882,0.0001213947428600013,2.9996571428999945e-05,3.555908570993926e-05,1
27,1774313840884,-6.970525714000003e-05,-2.4603428571000026e-05,2.3859085709991394e-05,1
28,1774313840887,-6.970525714000003e-05,-2.4603428571000026e-05,2.3859085709991394e-05,1
29,1774313840890,-6.970525714000003e-05,-2.4603428571000026e-05,2.3859085709991394e-05,1
30,1774313840893,8.294742859999912e-06,5.729657142899996e-05,6.285908571000264e-05,1
31,1774313840895,8.294742859999912e-06,5.729657142899996e-05,6.285908571000264e-05,1
32,1774313840898,8.294742859999912e-06,5.729657142899996e-05,6.285908571000264e-05,1
33,1774313840901,-0.00012040525713999904,-4.8003428571e-05,0.0003904590857099861,1
34,1774313840903,-0.00012040525713999904,-4.8003428571e-05,0.0003904590857099861,1
35,1774313840906,-0.00012040525713999904,-4.8003428571e-05,0.0003904590857099861,1
36,1774313840909,-0.00029980525713999874,0.00013529657142899996,0.0003124590857099636,1
37,1774313840912,-0.00029980525713999874,0.00013529657142899996,0.0003124590857099636,1
38,1774313840915,-0.00029980525713999874,0.00013529657142899996,0.0003124590857099636,1
39,1774313840917,-0.00010870525713999914,0.000182096571429,0.000495759085709961,1
40,1774313840920,-0.00010870525713999914,0.000182096571429,0.000495759085709961,1
41,1774313840923,-0.00010870525713999914,0.000182096571429,0.000495759085709961,1
42,1774313840925,-0.00011650525713999965,-0.00023910342857100004,0.00010185908571001389,1
43,1774313840928,-0.00011650525713999965,-0.00023910342857100004,0.00010185908571001389,1
44,1774313840931,-0.00011650525713999965,-0.00023910342857100004,0.00010185908571001389,1
45,1774313840934,-5.020525713999961e-05,5.729657142899996e-05,-0.0002491409142899763,1
46,1774313840936,-5.020525713999961e-05,5.729657142899996e-05,-0.0002491409142899763,1
47,1774313840939,-5.020525713999961e-05,5.729657142899996e-05,-0.0002491409142899763,1
48,1774313840942,1.9994742859999817e-05,0.000263996571429,0.0007063590857100217,1
49,1774313840944,1.9994742859999817e-05,0.000263996571429,0.0007063590857100217,1
50,1774313840947,1.9994742859999817e-05,0.000263996571429,0.0007063590857100217,1
51,1774313840950,-2.6805257139999802e-05,2.6965714289999866e-06,0.0003436590857099726,1
52,1774313840952,-2.6805257139999802e-05,2.6965714289999866e-06,0.0003436590857099726,1
53,1774313840955,-2.6805257139999802e-05,2.6965714289999866e-06,0.0003436590857099726,1
54,1774313840958,0.00010579474286000028,0.00017429657142899993,-8.924091428998571e-05,1
55,1774313840961,0.00010579474286000028,0.00017429657142899993,-8.924091428998571e-05,1
56,1774313840963,0.00010579474286000028,0.00017429657142899993,-8.924091428998571e-05,1
57,1774313840966,0.0001213947428600013,0.00014699657142899997,0.0002344590857099411,1
58,1774313840969,0.0001213947428600013,0.00014699657142899997,0.0002344590857099411,1
59,1774313840972,0.0001213947428600013,0.00014699657142899997,0.0004567590857099497,1
60,1774313840975,-0.00017500525713999918,-0.00014160342857100002,0.0004567590857099497,1
61,1774313840977,-0.00017500525713999918,-0.00014160342857100002,0.0004567590857099497,1
62,1774313840980,-0.00014770525713999998,3.3896571428999986e-05,-0.00010484091428999021,1
63,1774313840983,-0.00014770525713999998,3.3896571428999986e-05,-0.00010484091428999021,1
64,1774313840985,-0.00014770525713999998,3.3896571428999986e-05,-0.00010484091428999021,1
65,1774313840988,-2.6805257139999802e-05,-7.530342857100001e-05,0.00027345908570995236,1
66,1774313840991,-2.6805257139999802e-05,-7.530342857100001e-05,0.00027345908570995236,1
67,1774313840994,-2.6805257139999802e-05,-7.530342857100001e-05,0.00027345908570995236,1
68,1774313840996,-9.700525713999923e-05,7.6796571429e-05,0.00024615908571,1
69,1774313840999,-9.700525713999923e-05,7.6796571429e-05,0.00024615908571,1
70,1774313841002,-9.700525713999923e-05,7.6796571429e-05,0.00024615908571,1
71,1774313841004,-9.700525713999923e-05,0.00018599657142899994,0.00047625908571001085,1
72,1774313841007,-9.700525713999923e-05,0.00018599657142899994,0.00047625908571001085,1
73,1774313841010,-9.700525713999923e-05,0.00018599657142899994,0.00047625908571001085,1
74,1774313841012,5.899474286000066e-05,-0.00016110342857100004,0.00025395908571000225,1
75,1774313841015,5.899474286000066e-05,-0.00016110342857100004,0.00025395908571000225,1
76,1774313841018,5.899474286000066e-05,-0.00016110342857100004,0.00025395908571000225,1
77,1774313841021,-1.9005257139999288e-05,0.000263996571429,-7.754091429003785e-05,1
78,1774313841023,-1.9005257139999288e-05,0.000263996571429,-7.754091429003785e-05,1
79,1774313841026,-1.9005257139999288e-05,0.000263996571429,-7.754091429003785e-05,1
80,1774313841029,-6.580525713999891e-05,0.00024059657142899997,0.0005659590857099812,1
81,1774313841031,-6.580525713999891e-05,0.00024059657142899997,0.0005659590857099812,1
82,1774313841035,-6.580525713999891e-05,0.00024059657142899997,0.0005659590857099812,1
83,1774313841037,-0.00010480525713999975,-0.00012990342857100004,0.0004372590857099996,1
84,1774313841040,-0.00010480525713999975,-0.00012990342857100004,0.0004372590857099996,1
85,1774313841043,-0.00010480525713999975,-0.00012990342857100004,0.0004372590857099996,1
86,1774313841045,-0.00014380525713999885,8.849657142899996e-05,-5.41409142900311e-05,1
87,1774313841048,-0.00014380525713999885,8.849657142899996e-05,-5.41409142900311e-05,1
88,1774313841051,-0.00014380525713999885,8.849657142899996e-05,-5.41409142900311e-05,1
89,1774313841053,0.00015649474286000102,6.596571428999973e-06,0.00019155908570998425,1
90,1774313841056,0.00015649474286000102,6.596571428999973e-06,0.00019155908570998425,1
91,1774313841059,0.00015649474286000102,6.596571428999973e-06,0.00019155908570998425,1
92,1774313841062,9.409474286000037e-05,-8.700342857100003e-05,0.0003748590857099816,1
93,1774313841064,9.409474286000037e-05,-8.700342857100003e-05,0.0003748590857099816,1
94,1774313841067,9.409474286000037e-05,-8.700342857100003e-05,0.0003748590857099816,1
95,1774313841070,3.169474285999972e-05,2.2196571428999973e-05,-8.924091428998571e-05,1
96,1774313841072,3.169474285999972e-05,2.2196571428999973e-05,-8.924091428998571e-05,1
97,1774313841075,3.169474285999972e-05,2.2196571428999973e-05,0.00038265908570998385,1
98,1774313841078,-0.00019840525713999899,-0.00011040342857100002,0.00038265908570998385,1
99,1774313841080,-0.00019840525713999899,-0.00011040342857100002,0.00038265908570998385,1
100,1774313841083,-0.00019840525713999899,-0.00011040342857100002,0.00031635908571002024,1
101,1774313841086,-0.00031540525713999977,0.00010409657142899996,0.00031635908571002024,1
102,1774313841089,-0.00031540525713999977,0.00010409657142899996,0.00031635908571002024,1
103,1774313841092,-0.00031540525713999977,0.000380996571429,0.000370959085710036,1
104,1774313841095,-3.070525713999919e-05,0.000380996571429,0.000370959085710036,1
105,1774313841097,-3.070525713999919e-05,0.000380996571429,0.000370959085710036,1
106,1774313841100,-1.1205257139998773e-05,3.779657142899997e-05,6.675908570994826e-05,1
107,1774313841103,-1.1205257139998773e-05,3.779657142899997e-05,6.675908570994826e-05,1
108,1774313841106,-1.1205257139998773e-05,3.779657142899997e-05,6.675908570994826e-05,1
109,1774313841109,-5.4105257139999e-05,2.9996571428999945e-05,-0.00047924091428998717,1
110,1774313841111,-5.4105257139999e-05,2.9996571428999945e-05,-0.00047924091428998717,1
111,1774313841114,-5.4105257139999e-05,2.9996571428999945e-05,-0.00047924091428998717,1
112,1774313841117,-0.00010870525713999914,0.000295196571429,0.00030465908570996136,1
113,1774313841120,-0.00010870525713999914,0.000295196571429,0.00030465908570996136,1
114,1774313841122,-0.00010870525713999914,0.000295196571429,0.00030465908570996136,1
115,1774313841125,-4.630525714000022e-05,-0.00012990342857100004,0.0005425590857099745,1
116,1774313841128,-4.630525714000022e-05,-0.00012990342857100004,0.0005425590857099745,1
117,1774313841130,-4.630525714000022e-05,-0.00012990342857100004,0.0005425590857099745,1
118,1774313841133,-1.1205257139998773e-05,-5.10342857100004e-06,-0.0003856409142900712,1
119,1774313841136,-1.1205257139998773e-05,-5.10342857100004e-06,-0.0003856409142900712,1
120,1774313841138,-1.1205257139998773e-05,-5.10342857100004e-06,-0.0003856409142900712,1
121,1774313841141,-3.070525713999919e-05,0.00018989657142899998,0.00014475908570997075,1
122,1774313841144,-3.070525713999919e-05,0.00018989657142899998,0.00014475908570997075,1
123,1774313841147,-3.070525713999919e-05,-1.203428571000054e-06,0.0004918590857100153,1
124,1774313841150,8.294742859999912e-06,-1.203428571000054e-06,0.0004918590857100153,1
0,1774313841195,5.509474286000127e-05,-4.410342857100001e-05,8.235908570995275e-05,1
1,1774313841198,4.339474286000136e-05,-4.410342857100001e-05,8.235908570995275e-05,1
2,1774313841227,4.339474286000136e-05,-4.410342857100001e-05,8.235908570995275e-05,1
3,1774313841262,-0.00010870525713999914,4.5596571429e-05,0.0002968590857099591,1
4,1774313841265,-0.00018670525713999908,1.049657142899996e-05,0.00032025908570996586,1
5,1774313841268,-8.140525713999994e-05,0.00018989657142899998,0.000152559085709973,1
6,1774313841270,-8.140525713999994e-05,0.00018989657142899998,0.000152559085709973,1
7,1774313841273,-8.140525713999994e-05,0.00018989657142899998,0.000152559085709973,1
8,1774313841276,1.9994742859999817e-05,-0.00013380342857100002,0.00041385908570999285,1
9,1774313841278,1.9994742859999817e-05,-0.00013380342857100002,0.00041385908570999285,1
10,1774313841281,1.9994742859999817e-05,-0.00013380342857100002,0.00041385908570999285,1
11,1774313841284,-0.00012820525713999956,2.6965714289999866e-06,-0.00012824091428999696,1
12,1774313841286,-0.00012820525713999956,2.6965714289999866e-06,-0.00012824091428999696,1
13,1774313841289,-0.00012820525713999956,2.6965714289999866e-06,-0.00012824091428999696,1
14,1774313841292,-0.00010870525713999914,7.6796571429e-05,0.0003553590857100315,1
15,1774313841295,-0.00010870525713999914,7.6796571429e-05,0.0003553590857100315,1
16,1774313841297,-0.00010870525713999914,7.6796571429e-05,0.0003553590857100315,1
17,1774313841300,-0.00015160525713999937,-3.2403428571000053e-05,0.0008038590857099943,1
18,1774313841303,-0.00015160525713999937,-3.2403428571000053e-05,0.0008038590857099943,1
19,1774313841305,-0.00015160525713999937,-3.2403428571000053e-05,0.0008038590857099943,1
20,1774313841308,-5.800525714000013e-05,8.459657142899997e-05,-0.0002803409142899853,1
21,1774313841312,-5.800525714000013e-05,8.459657142899997e-05,-0.0002803409142899853,1
22,1774313841314,-5.800525714000013e-05,8.459657142899997e-05,-0.0002491409142899763,1
23,1774313841317,4.339474286000136e-05,0.00018599657142899994,-0.0002491409142899763,1
24,1774313841320,4.339474286000136e-05,0.00018599657142899994,-0.0002491409142899763,1
25,1774313841323,4.339474286000136e-05,-1.203428571000054e-06,0.00019155908570998425,1
26,1774313841325,-6.190525713999952e-05,-1.203428571000054e-06,0.00019155908570998425,1
27,1774313841328,-6.190525713999952e-05,-1.203428571000054e-06,0.00019155908570998425,1
28,1774313841331,6.679474286000117e-05,6.899657142899997e-05,-0.00025694091428997857,1
29,1774313841334,6.679474286000117e-05,6.899657142899997e-05,-0.00025694091428997857,1
30,1774313841336,6.679474286000117e-05,6.899657142899997e-05,-0.00025694091428997857,1
31,1774313841339,2.3894742860000942e-05,-9.090342857100001e-05,0.000121359085709964,1
32,1774313841342,2.3894742860000942e-05,-9.090342857100001e-05,0.000121359085709964,1
33,1774313841344,2.3894742860000942e-05,-9.090342857100001e-05,0.000121359085709964,1
34,1774313841347,-0.00015550525713999876,-9.003428571000027e-06,0.00046455908570995196,1
35,1774313841350,-0.00015550525713999876,-9.003428571000027e-06,0.00046455908570995196,1
36,1774313841352,-0.00015550525713999876,-9.003428571000027e-06,0.00046455908570995196,1
37,1774313841355,-0.00026860525714000015,0.00031079657142899994,0.00040215908570993397,1
38,1774313841358,-0.00026860525714000015,0.00031079657142899994,0.00040215908570993397,1
39,1774313841360,-0.00026860525714000015,0.00031079657142899994,0.00040215908570993397,1
40,1774313841363,-2.6805257139999802e-05,-2.8503428571000013e-05,0.0001681590857099775,1
41,1774313841366,-2.6805257139999802e-05,-2.8503428571000013e-05,0.0001681590857099775,1
42,1774313841369,-2.6805257139999802e-05,-2.8503428571000013e-05,0.0001681590857099775,1
43,1774313841371,-0.00016330525713999927,-1.6803428571e-05,-0.0001360409142899992,1
44,1774313841374,-0.00016330525713999927,-1.6803428571e-05,-0.0001360409142899992,1
45,1774313841377,-0.00016330525713999927,-1.6803428571e-05,-0.0001360409142899992,1
46,1774313841380,9.409474286000037e-05,0.00015869657142899998,0.0005425590857099745,1
47,1774313841383,9.409474286000037e-05,0.00015869657142899998,0.0005425590857099745,1
48,1774313841386,9.409474286000037e-05,0.00015869657142899998,0.0005425590857099745,1
49,1774313841388,-3.460525713999858e-05,-0.00011430342857100004,0.0006985590857100194,1
50,1774313841391,-3.460525713999858e-05,-0.00011430342857100004,0.0006985590857100194,1
51,1774313841394,-3.460525713999858e-05,-0.00011430342857100004,0.0006985590857100194,1
52,1774313841396,7.459474285999995e-05,-0.00011040342857100002,-0.00020624091429001946,1
53,1774313841399,7.459474285999995e-05,-0.00011040342857100002,-0.00020624091429001946,1
54,1774313841402,7.459474285999995e-05,-0.00011040342857100002,-0.00020624091429001946,1
55,1774313841404,2.7794742860000332e-05,0.00015479657142899994,1.2159085709932509e-05,1
56,1774313841407,2.7794742860000332e-05,0.00015479657142899994,1.2159085709932509e-05,1
57,1774313841410,2.7794742860000332e-05,0.00015479657142899994,1.2159085709932509e-05,1
58,1774313841413,-4.630525714000022e-05,0.000139196571429,0.0003592590857099771,1
59,1774313841415,-4.630525714000022e-05,0.000139196571429,0.0003592590857099771,1
60,1774313841418,-4.630525714000022e-05,0.000139196571429,-0.0001672409142900082,1
61,1774313841421,2.7794742860000332e-05,1.049657142899996e-05,-0.0001672409142900082,1
62,1774313841424,2.7794742860000332e-05,1.049657142899996e-05,-0.0001672409142900082,1
63,1774313841427,-0.00014770525713999998,-5.10342857100004e-06,0.00032025908570996586,1
64,1774313841429,-0.00014770525713999998,-5.10342857100004e-06,0.00032025908570996586,1
65,1774313841432,-0.00014770525713999998,-5.10342857100004e-06,0.00032025908570996586,1
66,1774313841435,-0.00011650525713999965,-5.5803428571000026e-05,3.1659085709993644e-05,1
67,1774313841437,-0.00011650525713999965,-5.5803428571000026e-05,3.1659085709993644e-05,1
68,1774313841440,-0.00011650525713999965,-5.5803428571000026e-05,3.1659085709993644e-05,1
69,1774313841443,5.509474286000127e-05,0.00027179657142899997,0.0001993590857099865,1
70,1774313841445,5.509474286000127e-05,0.00027179657142899997,0.0001993590857099865,1
71,1774313841448,5.509474286000127e-05,0.00027179657142899997,0.0001993590857099865,1
72,1774313841451,4.729474286000075e-05,-0.00017280342857100002,0.000214959085709991,1
73,1774313841454,4.729474286000075e-05,-0.00017280342857100002,0.000214959085709991,1
74,1774313841456,4.729474286000075e-05,-0.00017280342857100002,0.000214959085709991,1
75,1774313841459,-0.00014770525713999998,-7.9203428571e-05,-0.00028424091429004195,1
76,1774313841462,-0.00014770525713999998,-7.9203428571e-05,-0.00028424091429004195,1
77,1774313841464,-0.00014770525713999998,-7.9203428571e-05,-0.00028424091429004195,1
78,1774313841467,-8.140525713999994e-05,0.0002990965714289999,1.2159085709932509e-05,1
79,1774313841470,-8.140525713999994e-05,0.0002990965714289999,1.2159085709932509e-05,1
80,1774313841473,-8.140525713999994e-05,0.0002990965714289999,1.2159085709932509e-05,1
81,1774313841475,-0.00015940525713999988,1.8296571428999986e-05,0.0005971590857099902,1
82,1774313841478,-0.00015940525713999988,1.8296571428999986e-05,0.0005971590857099902,1
83,1774313841481,-0.00015940525713999988,1.8296571428999986e-05,0.0005971590857099902,1
84,1774313841483,3.169474285999972e-05,-9.870342857100004e-05,-0.00014384091429000146,1
85,1774313841486,3.169474285999972e-05,-9.870342857100004e-05,-0.00014384091429000146,1
86,1774313841489,3.169474285999972e-05,-9.870342857100004e-05,-0.00014384091429000146,1
87,1774313841492,-6.970525714000003e-05,0.00010019657142899997,0.00014085908571002514,1
88,1774313841495,-6.970525714000003e-05,0.00010019657142899997,0.00014085908571002514,1
89,1774313841498,9.799474285999976e-05,-0.00017280342857100002,0.0006439590857100037,1
90,1774313841501,9.799474285999976e-05,-0.00017280342857100002,0.0006439590857100037,1
91,1774313841504,9.799474285999976e-05,-0.00017280342857100002,0.0006439590857100037,1
92,1774313841506,9.409474286000037e-05,-3.2403428571000053e-05,-2.2940914290022103e-05,1
93,1774313841509,9.409474286000037e-05,-3.2403428571000053e-05,-2.2940914290022103e-05,1
94,1774313841512,9.409474286000037e-05,-3.2403428571000053e-05,-2.2940914290022103e-05,1
95,1774313841514,4.339474286000136e-05,-1.6803428571e-05,0.000214959085709991,1
96,1774313841517,4.339474286000136e-05,-1.6803428571e-05,0.000214959085709991,1
97,1774313841520,4.339474286000136e-05,-1.6803428571e-05,0.000214959085709991,1
98,1774313841523,-0.00025690525714000025,0.00015479657142899994,0.0001876590857099276,1
99,1774313841525,-0.00025690525714000025,0.00015479657142899994,0.0001876590857099276,1
100,1774313841528,-0.00025690525714000025,0.00015479657142899994,0.0001876590857099276,1
101,1774313841531,-3.070525713999919e-05,0.00035369657142899995,0.00041775908570993846,1
102,1774313841534,-3.070525713999919e-05,0.00035369657142899995,0.00041775908570993846,1
103,1774313841537,-3.070525713999919e-05,0.00035369657142899995,0.00041775908570993846,1
104,1774313841539,1.2194742860001037e-05,-4.410342857100001e-05,0.00040215908570993397,1
105,1774313841542,1.2194742860001037e-05,-4.410342857100001e-05,0.00040215908570993397,1
106,1774313841545,1.2194742860001037e-05,-4.410342857100001e-05,0.00040215908570993397,1
107,1774313841547,-5.020525713999961e-05,-3.2403428571000053e-05,-0.00022184091429002396,1
108,1774313841550,-5.020525713999961e-05,-3.2403428571000053e-05,-0.00022184091429002396,1
109,1774313841553,-5.020525713999961e-05,-3.2403428571000053e-05,-0.00022184091429002396,1
110,1774313841556,6.289474286000005e-05,0.00022889657142899996,0.00025785908570994786,1
111,1774313841558,6.289474286000005e-05,0.00022889657142899996,0.00025785908570994786,1
112,1774313841561,6.289474286000005e-05,0.00022889657142899996,0.00025785908570994786,1
113,1774313841564,-0.00028420525713999945,-2.070342857100004e-05,0.0007648590857099831,1
114,1774313841566,-0.00028420525713999945,-2.070342857100004e-05,0.0007648590857099831,1
115,1774313841569,-0.00028420525713999945,-2.070342857100004e-05,0.0007648590857099831,1
116,1774313841572,-0.00015160525713999937,-9.003428571000027e-06,-0.0004831409142900438,1
117,1774313841575,-0.00015160525713999937,-9.003428571000027e-06,-0.0004831409142900438,1
118,1774313841578,-0.00015160525713999937,0.000150896571429,-0.0001789409142900671,1
119,1774313841580,-5.800525714000013e-05,0.000150896571429,-0.0001789409142900671,1
120,1774313841583,-5.800525714000013e-05,0.000150896571429,-0.0001789409142900671,1
121,1774313841586,-1.9005257139999288e-05,6.899657142899997e-05,0.00038265908570998385,1
122,1774313841588,-1.9005257139999288e-05,6.899657142899997e-05,0.00038265908570998385,1
123,1774313841600,-1.9005257139999288e-05,6.899657142899997e-05,0.00038265908570998385,1
124,1774313841603,-5.020525713999961e-05,-6.360342857100005e-05,0.00043335908570994296,1
0,1774313841665,-0.00010870525713999914,2.9996571428999945e-05,0.000620559085709997,1
1,1774313841678,-0.00011260525714000026,5.729657142899996e-05,0.0004918590857100153,1
2,1774313841714,5.509474286000127e-05,9.239657142899994e-05,0.00042945908570999735,1
3,1774313841716,5.509474286000127e-05,9.239657142899994e-05,0.00042945908570999735,1
4,1774313841719,5.509474286000127e-05,9.239657142899994e-05,0.00042945908570999735,1
5,1774313841722,8.294742859999912e-06,-4.0203428571000026e-05,0.00012915908570996625,1
6,1774313841724,8.294742859999912e-06,-4.0203428571000026e-05,0.00012915908570996625,1
7,1774313841727,8.294742859999912e-06,-4.0203428571000026e-05,0.00012915908570996625,1
8,1774313841730,-0.00017500525713999918,0.00023669657142899993,0.000152559085709973,1
9,1774313841733,-0.00017500525713999918,0.00023669657142899993,0.000152559085709973,1
10,1774313841736,-0.00017500525713999918,0.00023669657142899993,0.000152559085709973,1
11,1774313841739,-0.00010870525713999914,0.00016259657142899992,0.0005425590857099745,1
12,1774313841741,-0.00010870525713999914,0.00016259657142899992,0.0005425590857099745,1
13,1774313841744,-0.00010870525713999914,0.00016259657142899992,0.0005425590857099745,1
14,1774313841747,-2.6805257139999802e-05,-9.003428571000027e-06,-3.4640914289969967e-05,1
15,1774313841749,-2.6805257139999802e-05,-9.003428571000027e-06,-3.4640914289969967e-05,1
16,1774313841752,-2.6805257139999802e-05,-9.003428571000027e-06,-3.4640914289969967e-05,1
17,1774313841755,0.00010189474286000089,-2.8503428571000013e-05,-0.00024134091428997407,1
18,1774313841757,0.00010189474286000089,-2.8503428571000013e-05,-0.00024134091428997407,1
19,1774313841760,0.00010189474286000089,-2.8503428571000013e-05,-0.00024134091428997407,1
20,1774313841763,-3.850525713999971e-05,0.00011579657142899997,0.0002032590857099321,1
21,1774313841766,-3.850525713999971e-05,0.00011579657142899997,0.0002032590857099321,1
22,1774313841768,-3.850525713999971e-05,0.00011579657142899997,0.0002032590857099321,1
23,1774313841771,-0.00018670525713999908,-7.9203428571e-05,-7.340914290017604e-06,1
24,1774313841774,-0.00018670525713999908,-7.9203428571e-05,-7.340914290017604e-06,1
25,1774313841777,-0.00018670525713999908,0.00013139657142899997,-5.8040914289976715e-05,1
26,1774313841780,5.119474286000014e-05,0.00013139657142899997,-5.8040914289976715e-05,1
27,1774313841783,5.119474286000014e-05,0.00013139657142899997,-5.8040914289976715e-05,1
28,1774313841785,-7.305257139999383e-06,0.00016649657142899996,0.00032025908570996586,1
29,1774313841788,-7.305257139999383e-06,0.00016649657142899996,0.00032025908570996586,1
30,1774313841791,-7.305257139999383e-06,0.00016649657142899996,0.00032025908570996586,1
31,1774313841794,8.629474285999986e-05,7.6796571429e-05,0.0004918590857100153,1
32,1774313841796,8.629474285999986e-05,7.6796571429e-05,0.0004918590857100153,1
33,1774313841799,8.629474285999986e-05,7.6796571429e-05,0.0004918590857100153,1
34,1774313841802,-7.750525713999881e-05,4.5596571429e-05,0.0002656590857099501,1
35,1774313841804,-7.750525713999881e-05,4.5596571429e-05,0.0002656590857099501,1
36,1774313841807,-7.750525713999881e-05,4.5596571429e-05,0.0002656590857099501,1
37,1774313841810,-8.530525713999933e-05,8.069657142899999e-05,0.0002032590857099321,1
38,1774313841812,-8.530525713999933e-05,8.069657142899999e-05,0.0002032590857099321,1
39,1774313841815,-8.530525713999933e-05,8.069657142899999e-05,0.0002032590857099321,1
40,1774313841818,2.7794742860000332e-05,-0.00020790342857100004,0.0001057590857099595,1
41,1774313841820,2.7794742860000332e-05,-0.00020790342857100004,0.0001057590857099595,1
42,1774313841823,2.7794742860000332e-05,-0.00020790342857100004,0.0001057590857099595,1
43,1774313841826,-1.5105257139999897e-05,0.00011189657142899998,-6.584091428997896e-05,1
44,1774313841829,-1.5105257139999897e-05,0.00011189657142899998,-6.584091428997896e-05,1
45,1774313841832,-1.5105257139999897e-05,0.00011189657142899998,-6.584091428997896e-05,1
46,1774313841835,-0.00013210525713999895,4.5596571429e-05,0.0005035590857099632,1
47,1774313841837,-0.00013210525713999895,4.5596571429e-05,0.0005035590857099632,1
48,1774313841840,-0.00013210525713999895,4.5596571429e-05,0.0005035590857099632,1
49,1774313841843,-8.140525713999994e-05,-7.140342857100003e-05,0.0004723590857099542,1
50,1774313841845,-8.140525713999994e-05,-7.140342857100003e-05,0.0004723590857099542,1
51,1774313841848,-8.140525713999994e-05,-7.140342857100003e-05,0.0004723590857099542,1
52,1774313841851,0.0001252947428600007,0.000170396571429,-3.4409142900719905e-06,1
53,1774313841853,0.0001252947428600007,0.000170396571429,-3.4409142900719905e-06,1
54,1774313841856,0.0001252947428600007,0.000170396571429,-3.4409142900719905e-06,1
55,1774313841859,5.119474286000014e-05,0.00023669657142899993,8.625908571000939e-05,1
56,1774313841862,5.119474286000014e-05,0.00023669657142899993,8.625908571000939e-05,1
57,1774313841864,5.119474286000014e-05,0.00023669657142899993,0.0004528590857100041,1
58,1774313841867,-0.0001789052571400003,2.609657142899996e-05,0.0004528590857100041,1
59,1774313841870,-0.0001789052571400003,2.609657142899996e-05,0.0004528590857100041,1
60,1774313841872,-0.0001789052571400003,2.609657142899996e-05,3.555908570993926e-05,1
61,1774313841875,-0.00011650525713999965,-5.5803428571000026e-05,3.555908570993926e-05,1
62,1774313841878,-0.00011650525713999965,-5.5803428571000026e-05,3.555908570993926e-05,1
63,1774313841881,-0.00011650525713999965,-5.5803428571000026e-05,0.0004567590857099497,1
64,1774313841884,2.7794742860000332e-05,4.9496571428999986e-05,0.0004567590857099497,1
65,1774313841886,2.7794742860000332e-05,4.9496571428999986e-05,0.0004567590857099497,1
66,1774313841889,-0.00011260525714000026,2.609657142899996e-05,0.0007882590857099898,1
67,1774313841892,-0.00011260525714000026,2.609657142899996e-05,0.0007882590857099898,1
68,1774313841894,-0.00011260525714000026,2.609657142899996e-05,0.0007882590857099898,1
69,1774313841897,0.00011749474286000018,-5.10342857100004e-06,0.0004723590857099542,1
70,1774313841900,0.00011749474286000018,-5.10342857100004e-06,0.0004723590857099542,1
71,1774313841903,0.00011749474286000018,-5.10342857100004e-06,0.0004723590857099542,1
72,1774313841905,0.00011749474286000018,-2.4603428571000026e-05,-0.0001321409142900536,1
73,1774313841908,0.00011749474286000018,-2.4603428571000026e-05,-0.0001321409142900536,1
74,1774313841911,0.00011749474286000018,-2.4603428571000026e-05,-0.0001321409142900536,1
75,1774313841914,3.559474286000085e-05,0.00014309657142899993,0.0001330590857100229,1
76,1774313841917,3.559474286000085e-05,0.00014309657142899993,0.0001330590857100229,1
77,1774313841919,3.559474286000085e-05,0.00014309657142899993,0.0001330590857100229,1
78,1774313841922,1.6094742860000427e-05,-5.5803428571000026e-05,0.00021105908570993436,1
79,1774313841925,1.6094742860000427e-05,-5.5803428571000026e-05,0.00021105908570993436,1
80,1774313841928,1.6094742860000427e-05,-5.5803428571000026e-05,0.00021105908570993436,1
81,1774313841930,-0.0001789052571400003,-0.00011430342857100004,0.00023835908570999775,1
82,1774313841933,-0.0001789052571400003,-0.00011430342857100004,0.00023835908570999775,1
83,1774313841936,-0.0001789052571400003,-0.00011430342857100004,0.00023835908570999775,1
84,1774313841938,-0.00021400525714000002,-0.00020400342857100002,2.7759085709937008e-05,1
85,1774313841941,-0.00021400525714000002,-0.00020400342857100002,2.7759085709937008e-05,1
86,1774313841944,-0.00021400525714000002,-0.00020400342857100002,2.7759085709937008e-05,1
87,1774313841947,3.169474285999972e-05,-2.8503428571000013e-05,5.8959085709946006e-05,1
88,1774313841949,3.169474285999972e-05,-2.8503428571000013e-05,5.8959085709946006e-05,1
89,1774313841953,3.169474285999972e-05,-2.8503428571000013e-05,0.0003592590857099771,1
90,1774313841955,5.509474286000127e-05,-3.2403428571000053e-05,0.0003592590857099771,1
91,1774313841958,5.509474286000127e-05,-3.2403428571000053e-05,0.0003592590857099771,1
92,1774313841961,0.00020719474286000003,-0.000137703428571,0.0002188590857099366,1
93,1774313841963,0.00020719474286000003,-0.000137703428571,0.0002188590857099366,1
94,1774313841966,0.00020719474286000003,-0.000137703428571,0.0002188590857099366,1
95,1774313841969,3.559474286000085e-05,-0.00010650342857100001,-0.0003115409142899943,1
96,1774313841971,3.559474286000085e-05,-0.00010650342857100001,-0.0003115409142899943,1
97,1774313841974,3.559474286000085e-05,-0.00010650342857100001,-0.0003115409142899943,1
98,1774313841977,-0.00013210525713999895,0.00018599657142899994,0.0001993590857099865,1
99,1774313841980,-0.00013210525713999895,0.00018599657142899994,0.0001993590857099865,1
100,1774313841982,-0.00013210525713999895,0.00018599657142899994,0.0001993590857099865,1
101,1774313841985,-0.00026860525714000015,6.119657142899994e-05,0.0007609590857099264,1
102,1774313841988,-0.00026860525714000015,6.119657142899994e-05,0.0007609590857099264,1
103,1774313841990,-0.00026860525714000015,6.119657142899994e-05,0.0007609590857099264,1
104,1774313841994,-0.0002530052571399991,2.2196571428999973e-05,0.00033195908571002474,1
105,1774313841996,-0.0002530052571399991,2.2196571428999973e-05,0.00033195908571002474,1
106,1774313841999,-0.0002530052571399991,2.2196571428999973e-05,0.00033195908571002474,1
107,1774313842002,3.169474285999972e-05,6.119657142899994e-05,0.00017205908571003414,1
108,1774313842005,3.169474285999972e-05,6.119657142899994e-05,0.00017205908571003414,1
109,1774313842007,3.169474285999972e-05,6.119657142899994e-05,0.00017205908571003414,1
110,1774313842010,-7.305257139999383e-06,8.849657142899996e-05,-3.4409142900719905e-06,1
111,1774313842013,-7.305257139999383e-06,8.849657142899996e-05,-3.4409142900719905e-06,1
112,1774313842015,-7.305257139999383e-06,8.849657142899996e-05,-3.4409142900719905e-06,1
113,1774313842018,-3.4052571399999926e-06,0.00011579657142899997,-0.00037784091429006895,1
114,1774313842021,-3.4052571399999926e-06,0.00011579657142899997,-0.00037784091429006895,1
115,1774313842023,-3.4052571399999926e-06,0.00011579657142899997,-0.00037784091429006895,1
116,1774313842026,0.00010189474286000089,0.000150896571429,6.285908571000264e-05,1
117,1774313842029,0.00010189474286000089,0.000150896571429,6.285908571000264e-05,1
118,1774313842032,0.00010189474286000089,0.000150896571429,6.285908571000264e-05,1
119,1774313842035,-0.000264705257139999,-1.6803428571e-05,0.0002812590857099546,1
120,1774313842037,-0.000264705257139999,-1.6803428571e-05,0.0002812590857099546,1
121,1774313842040,-3.460525713999858e-05,-7.9203428571e-05,0.00014475908570997075,1
122,1774313842043,-3.460525713999858e-05,-7.9203428571e-05,0.00014475908570997075,1
123,1774313842046,-3.460525713999858e-05,-7.9203428571e-05,0.00014475908570997075,1
124,1774313842048,7.459474285999995e-05,-0.00017670342857100004,0.00024225908570994336,1
0,1774313842090,-0.00026860525714000015,0.00022109657142899998,0.000121359085709964,1
1,1774313842093,-0.00026860525714000015,0.00022109657142899998,0.000121359085709964,1
2,1774313842100,-0.00026860525714000015,0.00022109657142899998,0.00011745908571001839,1
3,1774313842121,9.409474286000037e-05,-5.5803428571000026e-05,0.0004411590857099452,1
4,1774313842158,-7.360525713999942e-05,-9.480342857100005e-05,0.000277359085710009,1
5,1774313842161,-0.00013990525713999946,-0.00012600342857100002,-3.4409142900719905e-06,1
6,1774313842164,-0.00013990525713999946,-0.00012600342857100002,-3.4409142900719905e-06,1
7,1774313842166,-0.00013990525713999946,-0.00012600342857100002,-3.4409142900719905e-06,1
8,1774313842170,-0.0001828052571399997,0.000326396571429,0.00010965908571001614,1
9,1774313842172,-0.0001828052571399997,0.000326396571429,0.00010965908571001614,1
10,1774313842175,-0.0001828052571399997,0.000326396571429,0.00010965908571001614,1
11,1774313842178,-0.00018670525713999908,0.00012359657142899994,0.0006751590857100127,1
12,1774313842180,-0.00018670525713999908,0.00012359657142899994,0.0006751590857100127,1
13,1774313842183,-0.00018670525713999908,0.00012359657142899994,0.0006751590857100127,1
14,1774313842186,-2.2905257139998678e-05,2.6965714289999866e-06,0.0004879590857099587,1
15,1774313842188,-2.2905257139998678e-05,2.6965714289999866e-06,0.0004879590857099587,1
16,1774313842191,-2.2905257139998678e-05,2.6965714289999866e-06,-0.00031934091428999656,1
17,1774313842194,6.289474286000005e-05,-5.970342857100001e-05,-0.00031934091428999656,1
18,1774313842197,6.289474286000005e-05,-5.970342857100001e-05,-0.00031934091428999656,1
19,1774313842199,6.289474286000005e-05,-5.970342857100001e-05,0.00026955908571000674,1
20,1774313842202,4.729474286000075e-05,-4.0203428571000026e-05,0.00026955908571000674,1
21,1774313842205,4.729474286000075e-05,-4.0203428571000026e-05,0.00026955908571000674,1
22,1774313842207,4.729474286000075e-05,-0.00019620342857100002,0.00020715908570998875,1
23,1774313842210,-0.0001828052571399997,-0.00019620342857100002,0.00020715908570998875,1
24,1774313842213,-0.0001828052571399997,-0.00019620342857100002,0.00020715908570998875,1
25,1774313842216,-3.070525713999919e-05,2.2196571428999973e-05,7.845908571000714e-05,1
26,1774313842218,-3.070525713999919e-05,2.2196571428999973e-05,7.845908571000714e-05,1
27,1774313842222,-3.070525713999919e-05,2.2196571428999973e-05,7.845908571000714e-05,1
28,1774313842224,-0.00013990525713999946,7.289657142899996e-05,0.00038265908570998385,1
29,1774313842227,-0.00013990525713999946,7.289657142899996e-05,0.00038265908570998385,1
30,1774313842230,-0.00013990525713999946,7.289657142899996e-05,0.00038265908570998385,1
31,1774313842232,-0.0002335052571399987,0.00011579657142899997,0.0005191590857099677,1
32,1774313842235,-0.0002335052571399987,0.00011579657142899997,0.0005191590857099677,1
33,1774313842238,-0.0002335052571399987,0.00011579657142899997,0.0005191590857099677,1
34,1774313842240,-7.750525713999881e-05,0.00012749657142899998,0.0001876590857099276,1
35,1774313842243,-7.750525713999881e-05,0.00012749657142899998,0.0001876590857099276,1
36,1774313842246,-7.750525713999881e-05,0.00012749657142899998,0.0001876590857099276,1
37,1774313842248,-1.9005257139999288e-05,4.9496571428999986e-05,0.00032025908570996586,1
38,1774313842251,-1.9005257139999288e-05,4.9496571428999986e-05,0.00032025908570996586,1
39,1774313842254,-1.9005257139999288e-05,4.9496571428999986e-05,0.00032025908570996586,1
40,1774313842257,-0.00027640525713999893,0.00012359657142899994,0.0002617590857100045,1
41,1774313842259,-0.00027640525713999893,0.00012359657142899994,0.0002617590857100045,1
42,1774313842263,-0.00027640525713999893,0.00012359657142899994,0.0002617590857100045,1
43,1774313842265,-0.00026860525714000015,0.000182096571429,0.0002617590857100045,1
44,1774313842268,-0.00026860525714000015,0.000182096571429,0.0002617590857100045,1
45,1774313842271,-0.00026860525714000015,0.000182096571429,0.0002617590857100045,1
46,1774313842273,5.119474286000014e-05,-9.870342857100004e-05,-8.53409142900401e-05,1
47,1774313842276,5.119474286000014e-05,-9.870342857100004e-05,-8.53409142900401e-05,1
48,1774313842279,5.119474286000014e-05,-9.870342857100004e-05,-8.53409142900401e-05,1
49,1774313842281,-7.360525713999942e-05,5.339657142899997e-05,-0.0006508409142900367,1
50,1774313842284,-7.360525713999942e-05,5.339657142899997e-05,-0.0006508409142900367,1
51,1774313842287,-7.360525713999942e-05,5.339657142899997e-05,0.00031635908571002024,1
52,1774313842290,-0.00010090525713999862,0.00011189657142899998,0.00031635908571002024,1
53,1774313842292,-0.00010090525713999862,0.00011189657142899998,0.00031635908571002024,1
54,1774313842295,-0.00010090525713999862,0.00011189657142899998,0.0006907590857100172,1
55,1774313842298,-0.0002218052571399988,2.609657142899996e-05,0.0006907590857100172,1
56,1774313842300,-0.0002218052571399988,2.609657142899996e-05,0.0006907590857100172,1
57,1774313842304,-0.0002218052571399988,-0.000122103428571,0.0002656590857099501,1
58,1774313842306,-0.00014770525713999998,-0.000122103428571,0.0002656590857099501,1
59,1774313842309,-0.00014770525713999998,-0.000122103428571,0.0002656590857099501,1
60,1774313842312,-0.00014380525713999885,2.9996571428999945e-05,7.845908571000714e-05,1
61,1774313842314,-0.00014380525713999885,2.9996571428999945e-05,7.845908571000714e-05,1
62,1774313842317,-0.00014380525713999885,2.9996571428999945e-05,7.845908571000714e-05,1
63,1774313842320,0.00011359474286000079,0.00011969657142899996,4.5908570998464543e-07,1
64,1774313842323,0.00011359474286000079,0.00011969657142899996,4.5908570998464543e-07,1
65,1774313842325,0.00011359474286000079,0.00011969657142899996,4.5908570998464543e-07,1
66,1774313842329,3.949474286000024e-05,5.729657142899996e-05,-0.00021014091428996507,1
67,1774313842331,3.949474286000024e-05,5.729657142899996e-05,-0.00021014091428996507,1
68,1774313842334,3.949474286000024e-05,5.729657142899996e-05,-0.00021014091428996507,1
69,1774313842337,-0.0001945052571399996,0.00014309657142899993,0.0001057590857099595,1
70,1774313842339,-0.0001945052571399996,0.00014309657142899993,0.0001057590857099595,1
71,1774313842342,-0.0001945052571399996,0.00014309657142899993,0.0001057590857099595,1
72,1774313842345,-0.00029980525713999874,0.00016259657142899992,0.00036705908570997935,1
73,1774313842348,-0.00029980525713999874,0.00016259657142899992,0.00036705908570997935,1
74,1774313842350,-0.00029980525713999874,0.00016259657142899992,0.00036705908570997935,1
75,1774313842353,-0.00026080525713999964,-4.8003428571e-05,-7.340914290017604e-06,1
76,1774313842356,-0.00026080525713999964,-4.8003428571e-05,-7.340914290017604e-06,1
77,1774313842358,-0.00026080525713999964,-4.8003428571e-05,-7.340914290017604e-06,1
78,1774313842361,-8.920525713999872e-05,4.169657142899996e-05,0.00019545908570992986,1
79,1774313842364,-8.920525713999872e-05,4.169657142899996e-05,0.00019545908570992986,1
80,1774313842367,-8.920525713999872e-05,4.169657142899996e-05,0.0004918590857100153,1
81,1774313842369,9.799474285999976e-05,-0.00014940342857100002,0.0004918590857100153,1
82,1774313842372,9.799474285999976e-05,-0.00014940342857100002,0.0004918590857100153,1
83,1774313842375,9.799474285999976e-05,-0.00014940342857100002,4.5908570998464543e-07,1
84,1774313842377,4.729474286000075e-05,-9.870342857100004e-05,4.5908570998464543e-07,1
85,1774313842380,4.729474286000075e-05,-9.870342857100004e-05,4.5908570998464543e-07,1
86,1774313842383,4.729474286000075e-05,-7.140342857100003e-05,0.00011745908571001839,1
87,1774313842385,2.3894742860000942e-05,-7.140342857100003e-05,0.00011745908571001839,1
88,1774313842388,2.3894742860000942e-05,-7.140342857100003e-05,0.00011745908571001839,1
89,1774313842391,2.3894742860000942e-05,0.00010019657142899997,0.0006361590857100015,1
90,1774313842394,-0.00017110525713999979,0.00010019657142899997,0.0006361590857100015,1
91,1774313842397,-0.00017110525713999979,0.00010019657142899997,0.0006361590857100015,1
92,1774313842399,-2.6805257139999802e-05,0.00013139657142899997,0.0004528590857100041,1
93,1774313842402,-2.6805257139999802e-05,0.00013139657142899997,0.0004528590857100041,1
94,1774313842405,-2.6805257139999802e-05,0.00013139657142899997,0.0004528590857100041,1
95,1774313842408,0.0001213947428600013,0.00011189657142899998,-0.00029984091429004645,1
96,1774313842410,0.0001213947428600013,0.00011189657142899998,-0.00029984091429004645,1
97,1774313842413,0.0001213947428600013,0.00011189657142899998,-0.00029984091429004645,1
98,1774313842416,1.9994742859999817e-05,0.00027179657142899997,0.0004879590857099587,1
99,1774313842418,1.9994742859999817e-05,0.00027179657142899997,0.0004879590857099587,1
100,1774313842421,1.9994742859999817e-05,0.00027179657142899997,0.0004879590857099587,1
101,1774313842424,3.169474285999972e-05,7.6796571429e-05,-0.0001633409142900626,1
102,1774313842426,3.169474285999972e-05,7.6796571429e-05,-0.0001633409142900626,1
103,1774313842429,3.169474285999972e-05,7.6796571429e-05,-0.0001633409142900626,1
104,1774313842432,7.849474286000108e-05,0.00018599657142899994,-0.00020624091429001946,1
105,1774313842435,7.849474286000108e-05,0.00018599657142899994,-0.00020624091429001946,1
106,1774313842437,7.849474286000108e-05,0.00018599657142899994,-0.00020624091429001946,1
107,1774313842440,-5.800525714000013e-05,8.069657142899999e-05,0.0005815590857099857,1
108,1774313842443,-5.800525714000013e-05,8.069657142899999e-05,0.0005815590857099857,1
109,1774313842446,-5.800525714000013e-05,8.069657142899999e-05,0.0005815590857099857,1
110,1774313842449,-0.00026080525713999964,8.849657142899996e-05,0.0004567590857099497,1
111,1774313842451,-0.00026080525713999964,8.849657142899996e-05,0.0004567590857099497,1
112,1774313842454,-0.00026080525713999964,8.849657142899996e-05,0.0004567590857099497,1
113,1774313842457,1.2194742860001037e-05,0.00011579657142899997,4.725908570999814e-05,1
114,1774313842459,1.2194742860001037e-05,0.00011579657142899997,4.725908570999814e-05,1
115,1774313842462,1.2194742860001037e-05,0.00011579657142899997,0.00019155908570998425,1
116,1774313842465,-6.970525714000003e-05,9.239657142899994e-05,0.00019155908570998425,1
117,1774313842468,-6.970525714000003e-05,9.239657142899994e-05,0.00019155908570998425,1
118,1774313842470,-6.970525714000003e-05,9.239657142899994e-05,0.0004099590857099362,1
119,1774313842474,-0.00018670525713999908,-7.9203428571e-05,0.0004099590857099362,1
120,1774313842476,-0.00018670525713999908,-7.9203428571e-05,0.0004099590857099362,1
121,1774313842479,-0.00015160525713999937,0.00010409657142899996,5.8959085709946006e-05,1
122,1774313842482,-0.00015160525713999937,0.00010409657142899996,5.8959085709946006e-05,1
123,1774313842484,-0.00015160525713999937,0.00010409657142899996,5.8959085709946006e-05,1
124,1774313842487,-0.0002062052571399995,0.00011969657142899996,0.00036705908570997935,1
0,1774313842533,-9.700525713999923e-05,4.169657142899996e-05,0.0001642590857100319,1
1,1774313842536,-0.00017110525713999979,9.239657142899994e-05,0.0004255590857099407,1
2,1774313842589,-0.00017110525713999979,9.239657142899994e-05,0.0004255590857099407,1
3,1774313842600,-4.630525714000022e-05,3.779657142899997e-05,0.0001876590857099276,1
4,1774313842603,-8.920525713999872e-05,0.00023669657142899993,0.00015645908571002964,1
5,1774313842606,-8.920525713999872e-05,0.00010409657142899996,-1.1240914289963218e-05,1
6,1774313842609,-2.2905257139998678e-05,0.00010409657142899996,-1.1240914289963218e-05,1
7,1774313842612,-2.2905257139998678e-05,0.00010409657142899996,-1.1240914289963218e-05,1
8,1774313842615,-9.700525713999923e-05,0.00013139657142899997,-8.53409142900401e-05,1
9,1774313842617,-9.700525713999923e-05,0.00013139657142899997,-8.53409142900401e-05,1
10,1774313842620,-9.700525713999923e-05,0.00013139657142899997,-8.53409142900401e-05,1
11,1774313842623,-0.00013990525713999946,-2.070342857100004e-05,-4.2440914289972216e-05,1
12,1774313842625,-0.00013990525713999946,-2.070342857100004e-05,-4.2440914289972216e-05,1
13,1774313842628,-0.00013990525713999946,-2.070342857100004e-05,-4.2440914289972216e-05,1
14,1774313842631,-0.00012430525714000017,1.049657142899996e-05,0.0004099590857099362,1
15,1774313842633,-0.00012430525714000017,1.049657142899996e-05,0.0004099590857099362,1
16,1774313842636,-0.00012430525714000017,1.049657142899996e-05,0.0004099590857099362,1
17,1774313842639,-5.800525714000013e-05,1.049657142899996e-05,0.00027345908570995236,1
18,1774313842642,-5.800525714000013e-05,1.049657142899996e-05,0.00027345908570995236,1
19,1774313842645,-5.800525714000013e-05,1.049657142899996e-05,0.00027345908570995236,1
20,1774313842647,-4.630525714000022e-05,-5.970342857100001e-05,-0.00010484091428999021,1
21,1774313842650,-4.630525714000022e-05,-5.970342857100001e-05,-0.00010484091428999021,1
22,1774313842653,-4.630525714000022e-05,-5.970342857100001e-05,-0.00010484091428999021,1
23,1774313842656,4.394742860000522e-06,4.5596571429e-05,0.0002344590857099411,1
24,1774313842658,4.394742860000522e-06,4.5596571429e-05,0.0002344590857099411,1
25,1774313842661,4.394742860000522e-06,4.5596571429e-05,0.0002344590857099411,1
26,1774313842664,8.239474286000047e-05,0.00011969657142899996,0.00033585908570997035,1
27,1774313842667,8.239474286000047e-05,0.00011969657142899996,0.00033585908570997035,1
28,1774313842670,8.239474286000047e-05,4.9496571428999986e-05,-3.4640914289969967e-05,1
29,1774313842673,3.559474286000085e-05,4.9496571428999986e-05,-3.4640914289969967e-05,1
30,1774313842675,3.559474286000085e-05,4.9496571428999986e-05,-3.4640914289969967e-05,1
31,1774313842678,-2.6805257139999802e-05,0.0002873965714289999,4.335908570994151e-05,1
32,1774313842681,-2.6805257139999802e-05,0.0002873965714289999,4.335908570994151e-05,1
33,1774313842684,-2.6805257139999802e-05,0.0002873965714289999,4.335908570994151e-05,1
34,1774313842686,-0.00012430525714000017,0.00022109657142899998,0.0008038590857099943,1
35,1774313842689,-0.00012430525714000017,0.00022109657142899998,0.0008038590857099943,1
36,1774313842692,-0.00012430525714000017,0.00022109657142899998,0.0008038590857099943,1
37,1774313842694,5.119474286000014e-05,-2.8503428571000013e-05,0.00030075908571001574,1
38,1774313842697,5.119474286000014e-05,-2.8503428571000013e-05,0.00030075908571001574,1
39,1774313842700,5.119474286000014e-05,-2.8503428571000013e-05,0.00030075908571001574,1
40,1774313842703,7.069474286000056e-05,-0.00013380342857100002,-0.00033104091429005545,1
41,1774313842705,7.069474286000056e-05,-0.00013380342857100002,-0.00033104091429005545,1
42,1774313842708,7.069474286000056e-05,-0.00013380342857100002,-0.00033104091429005545,1
43,1774313842711,2.7794742860000332e-05,4.5596571429e-05,0.00022665908570993886,1
44,1774313842713,2.7794742860000332e-05,4.5596571429e-05,0.00022665908570993886,1
45,1774313842716,2.7794742860000332e-05,4.5596571429e-05,0.00022665908570993886,1
46,1774313842719,-0.00013990525713999946,1.4396571429e-05,0.00023835908570999775,1
47,1774313842722,-0.00013990525713999946,1.4396571429e-05,0.00023835908570999775,1
48,1774313842725,-0.00013990525713999946,1.4396571429e-05,0.00023835908570999775,1
49,1774313842727,-0.00013600525714000007,-1.203428571000054e-06,0.00023835908570999775,1
50,1774313842730,-0.00013600525714000007,-1.203428571000054e-06,0.00023835908570999775,1
51,1774313842733,-0.00013600525714000007,-1.203428571000054e-06,0.00023835908570999775,1
52,1774313842736,-3.070525713999919e-05,-0.00011430342857100004,0.00046455908570995196,1
53,1774313842738,-3.070525713999919e-05,-0.00011430342857100004,0.00046455908570995196,1
54,1774313842741,-3.070525713999919e-05,-0.00011430342857100004,0.00046455908570995196,1
55,1774313842744,-3.460525713999858e-05,-3.2403428571000053e-05,0.0001057590857099595,1
56,1774313842746,-3.460525713999858e-05,-3.2403428571000053e-05,0.0001057590857099595,1
57,1774313842749,-3.460525713999858e-05,-3.2403428571000053e-05,0.0001057590857099595,1
58,1774313842752,-6.970525714000003e-05,0.000244496571429,-6.584091428997896e-05,1
59,1774313842754,-6.970525714000003e-05,0.000244496571429,-6.584091428997896e-05,1
60,1774313842757,-6.970525714000003e-05,0.000244496571429,0.00025395908571000225,1
61,1774313842760,-6.580525713999891e-05,8.849657142899996e-05,0.00025395908571000225,1
62,1774313842763,-6.580525713999891e-05,8.849657142899996e-05,0.00025395908571000225,1
63,1774313842766,-0.00017110525713999979,-0.00019620342857100002,1.2159085709932509e-05,1
64,1774313842769,-0.00017110525713999979,-0.00019620342857100002,1.2159085709932509e-05,1
65,1774313842771,-0.00017110525713999979,-0.00019620342857100002,1.2159085709932509e-05,1
66,1774313842774,-9.700525713999923e-05,2.9996571428999945e-05,-7.340914290017604e-06,1
67,1774313842777,-9.700525713999923e-05,2.9996571428999945e-05,-7.340914290017604e-06,1
68,1774313842779,-9.700525713999923e-05,2.9996571428999945e-05,-7.340914290017604e-06,1
69,1774313842782,-3.850525713999971e-05,0.00012749657142899998,0.0008818590857100168,1
70,1774313842785,-3.850525713999971e-05,0.00012749657142899998,0.0008818590857100168,1
71,1774313842788,-3.850525713999971e-05,0.00012749657142899998,0.0008818590857100168,1
72,1774313842790,4.394742860000522e-06,-6.360342857100005e-05,-9.704091428998796e-05,1
73,1774313842793,4.394742860000522e-06,-6.360342857100005e-05,-9.704091428998796e-05,1
74,1774313842796,4.394742860000522e-06,-6.360342857100005e-05,-9.704091428998796e-05,1
75,1774313842799,0.00018769474286000135,6.509657142899999e-05,-0.00030374091428999207,1
76,1774313842802,0.00018769474286000135,6.509657142899999e-05,-0.00030374091428999207,1
77,1774313842804,0.00018769474286000135,6.509657142899999e-05,-0.00030374091428999207,1
78,1774313842807,7.459474285999995e-05,2.609657142899996e-05,0.000121359085709964,1
79,1774313842810,7.459474285999995e-05,2.609657142899996e-05,0.000121359085709964,1
80,1774313842812,7.459474285999995e-05,2.609657142899996e-05,0.000121359085709964,1
81,1774313842815,-8.140525713999994e-05,0.00011579657142899997,-1.9040914289965467e-05,1
82,1774313842818,-8.140525713999994e-05,0.00011579657142899997,-1.9040914289965467e-05,1
83,1774313842821,-8.140525713999994e-05,0.00011579657142899997,-1.9040914289965467e-05,1
84,1774313842823,-0.00012040525713999904,8.849657142899996e-05,0.0002500590857099456,1
85,1774313842826,-0.00012040525713999904,8.849657142899996e-05,0.0002500590857099456,1
86,1774313842829,-0.00012040525713999904,8.849657142899996e-05,0.0002500590857099456,1
87,1774313842832,-0.00015550525713999876,-8.310342857100004e-05,0.0004216590857099951,1
88,1774313842835,-0.00015550525713999876,-8.310342857100004e-05,0.0004216590857099951,1
89,1774313842837,-0.00015550525713999876,0.00012749657142899998,0.00041775908570993846,1
90,1774313842840,-0.0001906052571400002,0.00012749657142899998,0.00041775908570993846,1
91,1774313842843,-0.0001906052571400002,0.00012749657142899998,0.00041775908570993846,1
92,1774313842845,-0.00012430525714000017,0.00011189657142899998,0.00021105908570993436,1
93,1774313842848,-0.00012430525714000017,0.00011189657142899998,0.00021105908570993436,1
94,1774313842851,-0.00012430525714000017,0.00011189657142899998,0.00021105908570993436,1
95,1774313842854,-3.850525713999971e-05,-0.00025080342857100005,-8.53409142900401e-05,1
96,1774313842856,-3.850525713999971e-05,-0.00025080342857100005,-8.53409142900401e-05,1
97,1774313842859,-3.850525713999971e-05,-0.00025080342857100005,-8.53409142900401e-05,1
98,1774313842862,-0.00022570525713999992,-0.00021180342857100002,-0.00010484091428999021,1
99,1774313842864,-0.00022570525713999992,-0.00021180342857100002,-0.00010484091428999021,1
100,1774313842867,-0.00022570525713999992,-0.00021180342857100002,-0.00010484091428999021,1
101,1774313842870,-0.0002023052571400001,1.8296571428999986e-05,0.0005191590857099677,1
102,1774313842873,-0.0002023052571400001,1.8296571428999986e-05,0.0005191590857099677,1
103,1774313842876,-0.0002023052571400001,1.8296571428999986e-05,0.0005191590857099677,1
104,1774313842878,1.9994742859999817e-05,-5.190342857100004e-05,0.0006400590857099471,1
105,1774313842881,1.9994742859999817e-05,-5.190342857100004e-05,0.0006400590857099471,1
106,1774313842884,1.9994742859999817e-05,-5.190342857100004e-05,0.0006400590857099471,1
107,1774313842887,0.00019939474286000125,-2.070342857100004e-05,-0.00024134091428997407,1
108,1774313842889,0.00019939474286000125,-2.070342857100004e-05,-0.00024134091428997407,1
109,1774313842892,0.00019939474286000125,-2.070342857100004e-05,-0.00024134091428997407,1
110,1774313842895,0.0002656947428600013,-4.8003428571e-05,4.5908570998464543e-07,1
111,1774313842898,0.0002656947428600013,-4.8003428571e-05,4.5908570998464543e-07,1
112,1774313842901,0.0002656947428600013,-4.8003428571e-05,0.00042945908570999735,1
113,1774313842903,9.409474286000037e-05,0.00010409657142899996,0.00042945908570999735,1
114,1774313842906,9.409474286000037e-05,0.00010409657142899996,0.00042945908570999735,1
115,1774313842909,9.409474286000037e-05,0.00010409657142899996,0.0001642590857100319,1
116,1774313842912,-0.00024910525713999973,1.049657142899996e-05,0.0001642590857100319,1
117,1774313842915,-0.00024910525713999973,1.049657142899996e-05,0.0001642590857100319,1
118,1774313842917,-0.0002062052571399995,-1.2903428571000013e-05,0.0003787590857099272,1
119,1774313842920,-0.0002062052571399995,-1.2903428571000013e-05,0.0003787590857099272,1
120,1774313842923,-0.0002062052571399995,-1.2903428571000013e-05,0.0003787590857099272,1
121,1774313842926,-3.070525713999919e-05,0.00016259657142899992,0.00011355908570996175,1
122,1774313842929,-3.070525713999919e-05,0.00016259657142899992,0.00011355908570996175,1
123,1774313842931,-3.070525713999919e-05,0.00016259657142899992,0.00011355908570996175,1
124,1774313842934,-4.630525714000022e-05,0.00021719657142899994,0.0002305590857099955,1
0,1774313842979,4.339474286000136e-05,6.596571428999973e-06,1.9959085709934758e-05,1
1,1774313842982,0.00021499474286000055,0.00014309657142899993,6.675908570994826e-05,1
2,1774313843008,0.00021499474286000055,0.00014309657142899993,6.675908570994826e-05,1
3,1774313843044,-0.0002023052571400001,9.239657142899994e-05,0.0006946590857099628,1
4,1774313843049,-1.5105257139999897e-05,-0.000153303428571,-3.4640914289969967e-05,1
5,1774313843053,-1.5105257139999897e-05,-0.000153303428571,0.0001330590857100229,1
6,1774313843055,-0.0002530052571399991,2.609657142899996e-05,0.0001330590857100229,1
7,1774313843058,-0.0002530052571399991,2.609657142899996e-05,0.0001330590857100229,1
8,1774313843061,-0.0001906052571400002,6.509657142899999e-05,0.0009793590857099894,1
9,1774313843063,-0.0001906052571400002,6.509657142899999e-05,0.0009793590857099894,1
10,1774313843066,-0.0001906052571400002,6.509657142899999e-05,0.0009793590857099894,1
11,1774313843069,8.239474286000047e-05,-6.750342857100004e-05,2.7759085709937008e-05,1
12,1774313843071,8.239474286000047e-05,-6.750342857100004e-05,2.7759085709937008e-05,1
13,1774313843074,8.239474286000047e-05,-6.750342857100004e-05,2.7759085709937008e-05,1
14,1774313843077,1.2194742860001037e-05,0.00020939657142899997,-0.0005377409142900596,1
15,1774313843080,1.2194742860001037e-05,0.00020939657142899997,-0.0005377409142900596,1
16,1774313843082,1.2194742860001037e-05,0.00020939657142899997,-0.0005377409142900596,1
17,1774313843085,-5.4105257139999e-05,7.6796571429e-05,0.0002929590857100135,1
18,1774313843088,-5.4105257139999e-05,7.6796571429e-05,0.0002929590857100135,1
19,1774313843090,-5.4105257139999e-05,7.6796571429e-05,0.0002929590857100135,1
20,1774313843094,-8.920525713999872e-05,-0.00013380342857100002,-1.9040914289965467e-05,1
21,1774313843096,-8.920525713999872e-05,-0.00013380342857100002,-1.9040914289965467e-05,1
22,1774313843099,-8.920525713999872e-05,-0.00013380342857100002,-1.9040914289965467e-05,1
23,1774313843102,-0.00017110525713999979,-2.4603428571000026e-05,0.0001057590857099595,1
24,1774313843104,-0.00017110525713999979,-2.4603428571000026e-05,0.0001057590857099595,1
25,1774313843107,-0.00017110525713999979,-2.4603428571000026e-05,0.0001057590857099595,1
26,1774313843110,-0.0002335052571399987,1.8296571428999986e-05,0.0009091590857099692,1
27,1774313843113,-0.0002335052571399987,1.8296571428999986e-05,0.0009091590857099692,1
28,1774313843115,-0.0002335052571399987,1.8296571428999986e-05,0.0009091590857099692,1
29,1774313843118,-0.0002023052571400001,-1.2903428571000013e-05,0.0002188590857099366,1
30,1774313843121,-0.0002023052571400001,-1.2903428571000013e-05,0.0002188590857099366,1
31,1774313843123,-0.0002023052571400001,-1.2903428571000013e-05,0.0002188590857099366,1
32,1774313843126,7.069474286000056e-05,8.459657142899997e-05,0.00019155908570998425,1
33,1774313843129,7.069474286000056e-05,8.459657142899997e-05,0.00019155908570998425,1
34,1774313843132,7.069474286000056e-05,8.459657142899997e-05,0.00019155908570998425,1
35,1774313843135,-0.00010480525713999975,-0.00011040342857100002,0.0001993590857099865,1
36,1774313843137,-0.00010480525713999975,-0.00011040342857100002,0.0001993590857099865,1
37,1774313843140,-0.00010480525713999975,-0.00011820342857100002,-0.0003271409142899988,1
38,1774313843143,-6.580525713999891e-05,-0.00011820342857100002,-0.0003271409142899988,1
39,1774313843146,-6.580525713999891e-05,-0.00011820342857100002,-0.0003271409142899988,1
40,1774313843148,-6.580525713999891e-05,0.00021719657142899994,2.3859085709991394e-05,1
41,1774313843151,-0.00017110525713999979,0.00021719657142899994,2.3859085709991394e-05,1
42,1774313843154,-0.00017110525713999979,0.00021719657142899994,2.3859085709991394e-05,1
43,1774313843156,-0.00028420525713999945,8.069657142899999e-05,0.0006751590857100127,1
44,1774313843159,-0.00028420525713999945,8.069657142899999e-05,0.0006751590857100127,1
45,1774313843162,-0.00028420525713999945,8.069657142899999e-05,0.0006751590857100127,1
46,1774313843164,-0.00012820525713999956,-1.203428571000054e-06,0.00017595908570997975,1
47,1774313843167,-0.00012820525713999956,-1.203428571000054e-06,0.00017595908570997975,1
48,1774313843170,-0.00012820525713999956,-1.203428571000054e-06,0.00017595908570997975,1
49,1774313843173,3.169474285999972e-05,1.049657142899996e-05,-3.4640914289969967e-05,1
50,1774313843175,3.169474285999972e-05,1.049657142899996e-05,-3.4640914289969967e-05,1
51,1774313843178,3.169474285999972e-05,1.049657142899996e-05,-3.4640914289969967e-05,1
52,1774313843181,-4.24052571399991e-05,0.00010019657142899997,0.00025395908571000225,1
53,1774313843184,-4.24052571399991e-05,0.00010019657142899997,0.00025395908571000225,1
54,1774313843187,-4.24052571399991e-05,0.00010019657142899997,0.00025395908571000225,1
55,1774313843189,-0.00010870525713999914,6.899657142899997e-05,2.7759085709937008e-05,1
56,1774313843192,-0.00010870525713999914,6.899657142899997e-05,2.7759085709937008e-05,1
57,1774313843195,-0.00010870525713999914,6.899657142899997e-05,2.7759085709937008e-05,1
58,1774313843197,-0.00014770525713999998,-6.360342857100005e-05,0.0004567590857099497,1
59,1774313843200,-0.00014770525713999998,-6.360342857100005e-05,0.0004567590857099497,1
60,1774313843203,-0.00014770525713999998,-6.360342857100005e-05,0.0004567590857099497,1
61,1774313843205,-5.020525713999961e-05,-0.00011820342857100002,-0.00013994091429005585,1
62,1774313843208,-5.020525713999961e-05,-0.00011820342857100002,-0.00013994091429005585,1
63,1774313843211,-5.020525713999961e-05,-0.00011820342857100002,-0.00013994091429005585,1
64,1774313843213,-3.070525713999919e-05,0.00013139657142899997,-0.00010484091428999021,1
65,1774313843216,-3.070525713999919e-05,0.00013139657142899997,-0.00010484091428999021,1
66,1774313843219,-3.070525713999919e-05,0.00013139657142899997,-0.00010484091428999021,1
67,1774313843222,-4.630525714000022e-05,0.00024059657142899997,0.0002929590857100135,1
68,1774313843224,-4.630525714000022e-05,0.00024059657142899997,0.0002929590857100135,1
69,1774313843227,-4.630525714000022e-05,0.00024059657142899997,0.0002929590857100135,1
70,1774313843230,0.00014479474286000112,-0.000168903428571,4.5908570998464543e-07,1
71,1774313843233,0.00014479474286000112,-0.000168903428571,4.5908570998464543e-07,1
72,1774313843236,0.00014479474286000112,-0.000168903428571,-0.0001516409142900037,1
73,1774313843238,-2.2905257139998678e-05,-4.8003428571e-05,-0.0001516409142900037,1
74,1774313843241,-2.2905257139998678e-05,-4.8003428571e-05,-0.0001516409142900037,1
75,1774313843244,-2.2905257139998678e-05,0.00016649657142899996,0.0006283590857099992,1
76,1774313843246,-0.00012040525713999904,0.00016649657142899996,0.0006283590857099992,1
77,1774313843249,-0.00012040525713999904,0.00016649657142899996,0.0006283590857099992,1
78,1774313843252,-0.00012040525713999904,-0.00025080342857100005,0.0002968590857099591,1
79,1774313843254,-8.530525713999933e-05,-0.00025080342857100005,0.0002968590857099591,1
80,1774313843257,-8.530525713999933e-05,-0.00025080342857100005,0.0002968590857099591,1
81,1774313843260,0.0001486947428600005,-1.2903428571000013e-05,-0.00044804091428997817,1
82,1774313843263,0.0001486947428600005,-1.2903428571000013e-05,-0.00044804091428997817,1
83,1774313843265,0.0001486947428600005,-1.2903428571000013e-05,-0.00044804091428997817,1
84,1774313843268,0.00015649474286000102,1.8296571428999986e-05,0.000308559085710018,1
85,1774313843271,0.00015649474286000102,1.8296571428999986e-05,0.000308559085710018,1
86,1774313843273,0.00015649474286000102,1.8296571428999986e-05,0.000308559085710018,1
87,1774313843276,-0.00028810525713999884,-0.00014160342857100002,0.00033195908571002474,1
88,1774313843279,-0.00028810525713999884,-0.00014160342857100002,0.00033195908571002474,1
89,1774313843282,-0.00028810525713999884,-0.00014160342857100002,0.00033195908571002474,1
90,1774313843285,-0.00013990525713999946,-1.203428571000054e-06,-6.97409142900356e-05,1
91,1774313843288,-0.00013990525713999946,-1.203428571000054e-06,-6.97409142900356e-05,1
92,1774313843290,-0.00013990525713999946,-1.203428571000054e-06,-6.97409142900356e-05,1
93,1774313843293,-1.1205257139998773e-05,5.729657142899996e-05,0.0006127590857099947,1
94,1774313843296,-1.1205257139998773e-05,5.729657142899996e-05,0.0006127590857099947,1
95,1774313843298,-1.1205257139998773e-05,5.729657142899996e-05,0.0006127590857099947,1
96,1774313843301,-0.00014380525713999885,-0.00010260342857100003,0.00028905908570995686,1
97,1774313843304,-0.00014380525713999885,-0.00010260342857100003,0.00028905908570995686,1
98,1774313843306,-0.00014380525713999885,-0.00010260342857100003,0.00028905908570995686,1
99,1774313843309,-8.140525713999994e-05,0.000139196571429,-8.144091428998346e-05,1
100,1774313843312,-8.140525713999994e-05,0.000139196571429,-8.144091428998346e-05,1
101,1774313843314,-8.140525713999994e-05,0.000139196571429,-8.144091428998346e-05,1
102,1774313843317,-0.00010090525713999862,4.5596571429e-05,0.00036315908571003374,1
103,1774313843320,-0.00010090525713999862,4.5596571429e-05,0.00036315908571003374,1
104,1774313843323,-0.00010090525713999862,4.5596571429e-05,0.00036315908571003374,1
105,1774313843325,-0.00022570525713999992,-0.000200103428571,-0.00012434091429005135,1
106,1774313843328,-0.00022570525713999992,-0.000200103428571,-0.00012434091429005135,1
107,1774313843331,-0.00022570525713999992,-0.000200103428571,-0.00012434091429005135,1
108,1774313843333,-6.580525713999891e-05,0.00017819657142899997,2.7759085709937008e-05,1
109,1774313843336,-6.580525713999891e-05,0.00017819657142899997,2.7759085709937008e-05,1
110,1774313843339,-6.580525713999891e-05,0.00017819657142899997,2.7759085709937008e-05,1
111,1774313843341,-0.00011260525714000026,0.000201596571429,0.0009598590857099283,1
112,1774313843344,-0.00011260525714000026,0.000201596571429,0.0009598590857099283,1
113,1774313843347,-0.00011260525714000026,0.000201596571429,0.0009598590857099283,1
114,1774313843350,-0.00014770525713999998,-0.00016500342857100002,-5.41409142900311e-05,1
115,1774313843352,-0.00014770525713999998,-0.00016500342857100002,-5.41409142900311e-05,1
116,1774313843355,-0.00014770525713999998,-0.00016500342857100002,-5.41409142900311e-05,1
117,1774313843358,2.7794742860000332e-05,7.289657142899996e-05,-0.00036614091429001006,1
118,1774313843360,2.7794742860000332e-05,7.289657142899996e-05,-0.00036614091429001006,1
119,1774313843363,2.7794742860000332e-05,7.289657142899996e-05,0.0005542590857100333,1
120,1774313843366,-6.190525713999952e-05,0.000263996571429,0.0005542590857100333,1
121,1774313843368,-6.190525713999952e-05,0.000263996571429,0.0005542590857100333,1
122,1774313843371,-6.190525713999952e-05,-8.700342857100003e-05,0.00012525908571002064,1
123,1774313843374,-0.0002218052571399988,-8.700342857100003e-05,0.00012525908571002064,1
124,1774313843377,-0.0002218052571399988,-8.700342857100003e-05,0.00012525908571002064,1
0,1774313843422,-0.00015160525713999937,0.00011579657142899997,1.6059085709989145e-05,1
1,1774313843425,-0.00015160525713999937,0.00011579657142899997,1.6059085709989145e-05,1
2,1774313843428,-0.0003505052571399995,-9.480342857100005e-05,0.0008623590857099557,1
3,1774313843437,-0.0003505052571399995,-9.480342857100005e-05,0.0008623590857099557,1
4,1774313843488,-0.00013990525713999946,-0.00025470342857100004,0.0003943590857099317,1
5,1774313843494,-3.4052571399999926e-06,0.00016649657142899996,0.0005152590857100221,1
6,1774313843497,-3.4052571399999926e-06,0.00016649657142899996,0.0005152590857100221,1
7,1774313843499,2.7794742860000332e-05,-0.000371703428571,0.0002344590857099411,1
8,1774313843502,2.7794742860000332e-05,-0.000371703428571,0.0002344590857099411,1
9,1774313843505,2.7794742860000332e-05,-0.000371703428571,0.0002344590857099411,1
10,1774313843508,-7.360525713999942e-05,-5.5803428571000026e-05,-0.0005494409142900074,1
11,1774313843510,-7.360525713999942e-05,-5.5803428571000026e-05,-0.0005494409142900074,1
12,1774313843513,-7.360525713999942e-05,-5.5803428571000026e-05,-0.0005494409142900074,1
13,1774313843516,-6.190525713999952e-05,-2.4603428571000026e-05,0.00048015908570995646,1
14,1774313843519,-6.190525713999952e-05,-2.4603428571000026e-05,0.00048015908570995646,1
15,1774313843521,-6.190525713999952e-05,-2.4603428571000026e-05,0.00048015908570995646,1
16,1774313843525,-0.00019840525713999899,-0.00022740342857100002,0.00041385908570999285,1
17,1774313843528,-0.00019840525713999899,-0.00022740342857100002,0.00041385908570999285,1
18,1774313843531,-0.00019840525713999899,-4.8003428571e-05,-0.0001828409142900127,1
19,1774313843534,6.679474286000117e-05,-4.8003428571e-05,-0.0001828409142900127,1
20,1774313843536,6.679474286000117e-05,-4.8003428571e-05,-0.0001828409142900127,1
21,1774313843539,5.509474286000127e-05,0.00016259657142899992,0.0004723590857099542,1
22,1774313843542,5.509474286000127e-05,0.00016259657142899992,0.0004723590857099542,1
23,1774313843545,5.509474286000127e-05,0.00016259657142899992,0.0004723590857099542,1
24,1774313843547,-9.700525713999923e-05,-0.00013380342857100002,0.00035145908570997485,1
25,1774313843550,-9.700525713999923e-05,-0.00013380342857100002,0.00035145908570997485,1
26,1774313843553,-9.700525713999923e-05,-0.00013380342857100002,0.00035145908570997485,1
27,1774313843555,4.729474286000075e-05,-7.530342857100001e-05,-0.0003856409142900712,1
28,1774313843558,4.729474286000075e-05,-7.530342857100001e-05,-0.0003856409142900712,1
29,1774313843561,4.729474286000075e-05,-7.530342857100001e-05,-0.0003856409142900712,1
30,1774313843563,-5.020525713999961e-05,0.00011969657142899996,0.0003748590857099816,1
31,1774313843566,-5.020525713999961e-05,0.00011969657142899996,0.0003748590857099816,1
32,1774313843569,-5.020525713999961e-05,0.00011969657142899996,0.0003748590857099816,1
33,1774313843579,-8.530525713999933e-05,-9.003428571000027e-06,0.000152559085709973,1
34,1774313843582,1.2194742860001037e-05,0.00037319657142899994,0.0001876590857099276,1
35,1774313843585,1.2194742860001037e-05,0.00037319657142899994,0.0001876590857099276,1
36,1774313843587,0.00011749474286000018,-0.000122103428571,0.0005542590857100333,1
37,1774313843590,0.00011749474286000018,-0.000122103428571,0.0005542590857100333,1
38,1774313843593,0.00011749474286000018,-0.000122103428571,0.0005542590857100333,1
39,1774313843596,-0.00013210525713999895,-2.4603428571000026e-05,-0.0004558409142899804,1
40,1774313843599,-0.00013210525713999895,-2.4603428571000026e-05,-0.0004558409142899804,1
41,1774313843602,-0.00013210525713999895,-2.4603428571000026e-05,-0.0004558409142899804,1
42,1774313843604,-5.020525713999961e-05,0.0004238965714289999,0.0004216590857099951,1
43,1774313843607,-5.020525713999961e-05,0.0004238965714289999,0.0004216590857099951,1
44,1774313843610,-5.020525713999961e-05,0.0004238965714289999,0.0004216590857099951,1
45,1774313843613,-0.00030370525713999987,3.779657142899997e-05,0.0008389590857099489,1
46,1774313843615,-0.00030370525713999987,3.779657142899997e-05,0.0008389590857099489,1
47,1774313843618,-0.00030370525713999987,3.779657142899997e-05,0.0008389590857099489,1
48,1774313843621,7.459474285999995e-05,-8.700342857100003e-05,-0.00041294091429002356,1
49,1774313843623,7.459474285999995e-05,-8.700342857100003e-05,-0.00041294091429002356,1
50,1774313843626,7.459474285999995e-05,-8.700342857100003e-05,0.00043335908570994296,1
51,1774313843629,0.00010189474286000089,0.000201596571429,0.00043335908570994296,1
52,1774313843631,0.00010189474286000089,0.000201596571429,0.00043335908570994296,1
53,1774313843634,0.00010189474286000089,0.000201596571429,0.00040215908570993397,1
54,1774313843637,-1.9005257139999288e-05,6.899657142899997e-05,0.00040215908570993397,1
55,1774313843640,-1.9005257139999288e-05,6.899657142899997e-05,0.00040215908570993397,1
56,1774313843642,-1.9005257139999288e-05,6.596571428999973e-06,-0.0004909409142900461,1
57,1774313843645,8.294742859999912e-06,6.596571428999973e-06,-0.0004909409142900461,1
58,1774313843648,8.294742859999912e-06,6.596571428999973e-06,-0.0004909409142900461,1
59,1774313843650,8.294742859999912e-06,0.000150896571429,0.0006400590857099471,1
60,1774313843653,-8.140525713999994e-05,0.000150896571429,0.0006400590857099471,1
61,1774313843656,-8.140525713999994e-05,0.000150896571429,0.0006400590857099471,1
62,1774313843658,-5.020525713999961e-05,-8.700342857100003e-05,8.235908570995275e-05,1
63,1774313843661,-5.020525713999961e-05,-8.700342857100003e-05,8.235908570995275e-05,1
64,1774313843665,-5.020525713999961e-05,-8.700342857100003e-05,8.235908570995275e-05,1
65,1774313843667,4.394742860000522e-06,0.00022109657142899998,8.259085709986895e-06,1
66,1774313843670,4.394742860000522e-06,0.00022109657142899998,8.259085709986895e-06,1
67,1774313843673,4.394742860000522e-06,0.00022109657142899998,8.259085709986895e-06,1
68,1774313843675,1.6094742860000427e-05,0.000201596571429,0.0005230590857100243,1
69,1774313843678,1.6094742860000427e-05,0.000201596571429,0.0005230590857100243,1
70,1774313843681,1.6094742860000427e-05,0.000201596571429,0.0005230590857100243,1
71,1774313843683,-6.580525713999891e-05,-0.000184503428571,-0.00027254091428998307,1
72,1774313843686,-6.580525713999891e-05,-0.000184503428571,-0.00027254091428998307,1
73,1774313843689,-6.580525713999891e-05,-0.000184503428571,-0.00027254091428998307,1
74,1774313843692,-0.00013210525713999895,0.000283496571429,-8.53409142900401e-05,1
75,1774313843694,-0.00013210525713999895,0.000283496571429,-8.53409142900401e-05,1
76,1774313843697,-0.00013210525713999895,0.000283496571429,-8.53409142900401e-05,1
77,1774313843700,-5.4105257139999e-05,8.069657142899999e-05,0.0010924590857099665,1
78,1774313843703,-5.4105257139999e-05,8.069657142899999e-05,0.0010924590857099665,1
79,1774313843706,-5.4105257139999e-05,8.069657142899999e-05,-0.0002647409142899808,1
80,1774313843708,0.00012919474286000009,-0.00011430342857100004,-0.0002647409142899808,1
81,1774313843712,0.00012919474286000009,-0.00011430342857100004,-0.0002647409142899808,1
82,1774313843715,0.0001330947428600012,0.00026009657142899995,-0.00034664091429005995,1
83,1774313843718,0.0001330947428600012,0.00026009657142899995,-0.00034664091429005995,1
84,1774313843720,0.0001330947428600012,0.00026009657142899995,-0.00034664091429005995,1
85,1774313843723,5.899474286000066e-05,-3.2403428571000053e-05,0.00040215908570993397,1
86,1774313843726,5.899474286000066e-05,-3.2403428571000053e-05,0.00040215908570993397,1
87,1774313843728,5.899474286000066e-05,-3.2403428571000053e-05,0.00040215908570993397,1
88,1774313843732,2.3894742860000942e-05,-0.00015720342857100002,-0.00026864091429003745,1
89,1774313843734,2.3894742860000942e-05,-0.00015720342857100002,-0.00026864091429003745,1
90,1774313843737,2.3894742860000942e-05,-0.00015720342857100002,-0.00026864091429003745,1
91,1774313843740,4.394742860000522e-06,0.00029129657142899995,7.45590857099505e-05,1
92,1774313843743,4.394742860000522e-06,0.00029129657142899995,7.45590857099505e-05,1
93,1774313843745,4.394742860000522e-06,0.00029129657142899995,7.45590857099505e-05,1
94,1774313843748,3.559474286000085e-05,-2.070342857100004e-05,0.0006634590857099538,1
95,1774313843751,3.559474286000085e-05,-2.070342857100004e-05,0.0006634590857099538,1
96,1774313843753,3.559474286000085e-05,-2.070342857100004e-05,0.0006634590857099538,1
97,1774313843756,1.6094742860000427e-05,9.239657142899994e-05,0.00011355908570996175,1
98,1774313843759,1.6094742860000427e-05,9.239657142899994e-05,0.00011355908570996175,1
99,1774313843761,1.6094742860000427e-05,9.239657142899994e-05,0.00011355908570996175,1
100,1774313843764,0.0001642947428599998,0.000256196571429,0.0003943590857099317,1
101,1774313843767,0.0001642947428599998,0.000256196571429,0.0003943590857099317,1
102,1774313843770,0.0001642947428599998,0.000256196571429,0.00024225908570994336,1
103,1774313843772,8.629474285999986e-05,-0.00011820342857100002,0.00024225908570994336,1
104,1774313843775,8.629474285999986e-05,-0.00011820342857100002,0.00024225908570994336,1
105,1774313843778,8.629474285999986e-05,-0.00011820342857100002,-0.0004207409142900258,1
106,1774313843781,-3.460525713999858e-05,-9.480342857100005e-05,-0.0004207409142900258,1
107,1774313843784,-3.460525713999858e-05,-9.480342857100005e-05,-0.0004207409142900258,1
108,1774313843786,-3.460525713999858e-05,0.00023669657142899993,0.0004372590857099996,1
109,1774313843789,-3.460525713999858e-05,0.00023669657142899993,0.0004372590857099996,1
110,1774313843792,-3.460525713999858e-05,0.00023669657142899993,0.0004372590857099996,1
111,1774313843794,-0.00010480525713999975,-0.00011820342857100002,0.0011821590857099369,1
112,1774313843797,-0.00010480525713999975,-0.00011820342857100002,0.0011821590857099369,1
113,1774313843800,-0.00010480525713999975,-0.00011820342857100002,0.0011821590857099369,1
114,1774313843803,8.294742859999912e-06,-1.203428571000054e-06,-0.000553340914290064,1
115,1774313843805,8.294742859999912e-06,-1.203428571000054e-06,-0.000553340914290064,1
116,1774313843808,8.294742859999912e-06,-1.203428571000054e-06,-0.000553340914290064,1
117,1774313843811,-3.460525713999858e-05,0.00023669657142899993,8.259085709986895e-06,1
118,1774313843813,-3.460525713999858e-05,0.00023669657142899993,8.259085709986895e-06,1
119,1774313843816,-3.460525713999858e-05,0.00023669657142899993,8.259085709986895e-06,1
120,1774313843819,-0.00019840525713999899,-0.00010260342857100003,0.0003904590857099861,1
121,1774313843822,-0.00019840525713999899,-0.00010260342857100003,0.0003904590857099861,1
122,1774313843825,-0.00019840525713999899,-0.00010260342857100003,0.0003904590857099861,1
123,1774313843828,-7.360525713999942e-05,-5.970342857100001e-05,-0.00044804091428997817,1
124,1774313843830,-7.360525713999942e-05,-5.970342857100001e-05,-0.00044804091428997817,1
0,1774313843874,-0.00010480525713999975,0.000139196571429,-7.340914290017604e-06,1
1,1774313843877,-0.00010480525713999975,0.000139196571429,-7.340914290017604e-06,1
2,1774313843940,-3.070525713999919e-05,0.000252296571429,0.0005230590857100243,1
3,1774313843943,-0.00013210525713999895,6.899657142899997e-05,0.00040215908570993397,1
4,1774313843946,7.849474286000108e-05,9.239657142899994e-05,0.0001876590857099276,1
5,1774313843949,7.849474286000108e-05,9.239657142899994e-05,0.0001876590857099276,1
6,1774313843952,7.849474286000108e-05,9.239657142899994e-05,0.0001876590857099276,1
7,1774313843954,-0.00010870525713999914,-0.00028590342857100004,0.0003904590857099861,1
8,1774313843957,-0.00010870525713999914,-0.00028590342857100004,0.0003904590857099861,1
9,1774313843960,-0.00010870525713999914,-0.00028590342857100004,0.0003904590857099861,1
10,1774313843962,-0.00013600525714000007,-0.000274203428571,-0.0004402409142899759,1
11,1774313843965,-0.00013600525714000007,-0.000274203428571,-0.0004402409142899759,1
12,1774313843968,-0.00013600525714000007,-0.000274203428571,-0.0004402409142899759,1
13,1774313843971,-0.0001789052571400003,0.00046679657142899994,5.1159085709943757e-05,1
14,1774313843973,-0.0001789052571400003,0.00046679657142899994,5.1159085709943757e-05,1
15,1774313843976,-0.0001789052571400003,0.00046679657142899994,5.1159085709943757e-05,1
16,1774313843979,-0.0002530052571399991,8.849657142899996e-05,0.0008818590857100168,1
17,1774313843982,-0.0002530052571399991,8.849657142899996e-05,0.0008818590857100168,1
18,1774313843985,-0.0002530052571399991,8.849657142899996e-05,0.0008818590857100168,1
19,1774313843987,-0.0001789052571400003,-5.970342857100001e-05,-0.00033104091429005545,1
20,1774313843990,-0.0001789052571400003,-5.970342857100001e-05,-0.00033104091429005545,1
21,1774313843993,-0.0001789052571400003,-5.970342857100001e-05,-9.704091428998796e-05,1
22,1774313843995,4.947428600011322e-07,0.00019379657142900002,-9.704091428998796e-05,1
23,1774313843998,4.947428600011322e-07,0.00019379657142900002,-9.704091428998796e-05,1
24,1774313844001,4.947428600011322e-07,0.00019379657142900002,0.00044505908571000185,1
25,1774313844004,-8.920525713999872e-05,6.596571428999973e-06,0.00044505908571000185,1
26,1774313844006,-8.920525713999872e-05,6.596571428999973e-06,0.00044505908571000185,1
27,1774313844009,-8.920525713999872e-05,9.239657142899994e-05,-0.0002647409142899808,1
28,1774313844012,2.7794742860000332e-05,9.239657142899994e-05,-0.0002647409142899808,1
29,1774313844014,2.7794742860000332e-05,9.239657142899994e-05,-0.0002647409142899808,1
30,1774313844018,2.7794742860000332e-05,0.00022499657142899991,0.00046065908571000635,1
31,1774313844020,-4.630525714000022e-05,0.00022499657142899991,0.00046065908571000635,1
32,1774313844023,-4.630525714000022e-05,0.00022499657142899991,0.00046065908571000635,1
33,1774313844026,-0.00013990525713999946,-2.8503428571000013e-05,0.000620559085709997,1
34,1774313844028,-0.00013990525713999946,-2.8503428571000013e-05,0.000620559085709997,1
35,1774313844031,-0.00013990525713999946,-2.8503428571000013e-05,0.000620559085709997,1
36,1774313844034,-0.00024130525713999922,0.00015479657142899994,2.3859085709991394e-05,1
37,1774313844037,-0.00024130525713999922,0.00015479657142899994,2.3859085709991394e-05,1
38,1774313844039,-0.00024130525713999922,0.00015479657142899994,2.3859085709991394e-05,1
39,1774313844042,-3.460525713999858e-05,-4.0203428571000026e-05,0.0008545590857099534,1
40,1774313844045,-3.460525713999858e-05,-4.0203428571000026e-05,0.0008545590857099534,1
41,1774313844048,-3.460525713999858e-05,-4.0203428571000026e-05,0.0008545590857099534,1
42,1774313844051,-0.00010090525713999862,-0.000324903428571,-9.704091428998796e-05,1
43,1774313844053,-0.00010090525713999862,-0.000324903428571,-9.704091428998796e-05,1
44,1774313844056,-0.00010090525713999862,-0.000324903428571,-9.704091428998796e-05,1
45,1774313844059,-0.00010480525713999975,0.00015479657142899994,5.1159085709943757e-05,1
46,1774313844062,-0.00010480525713999975,0.00015479657142899994,5.1159085709943757e-05,1
47,1774313844064,-0.00010480525713999975,0.00015479657142899994,5.1159085709943757e-05,1
48,1774313844067,2.7794742860000332e-05,0.00011189657142899998,0.0009481590857099804,1
49,1774313844070,2.7794742860000332e-05,0.00011189657142899998,0.0009481590857099804,1
50,1774313844072,2.7794742860000332e-05,0.00011189657142899998,0.0009481590857099804,1
51,1774313844075,-0.00010480525713999975,-0.000336603428571,-0.00020234091428996282,1
52,1774313844078,-0.00010480525713999975,-0.000336603428571,-0.00020234091428996282,1
53,1774313844080,-0.00010480525713999975,-0.000336603428571,-0.0005377409142900596,1
54,1774313844083,-2.2905257139998678e-05,0.00010019657142899997,-0.0005377409142900596,1
55,1774313844086,-2.2905257139998678e-05,0.00010019657142899997,-0.0005377409142900596,1
56,1774313844089,-2.2905257139998678e-05,0.00010019657142899997,0.00041775908570993846,1
57,1774313844092,8.239474286000047e-05,9.629657142899998e-05,0.00041775908570993846,1
58,1774313844095,8.239474286000047e-05,9.629657142899998e-05,0.00041775908570993846,1
59,1774313844097,-0.0002062052571399995,-2.070342857100004e-05,0.000121359085709964,1
60,1774313844100,-0.0002062052571399995,-2.070342857100004e-05,0.000121359085709964,1
61,1774313844103,-0.0002062052571399995,-2.070342857100004e-05,0.000121359085709964,1
62,1774313844106,-0.00013990525713999946,-2.4603428571000026e-05,-0.0001009409142900446,1
63,1774313844108,-0.00013990525713999946,-2.4603428571000026e-05,-0.0001009409142900446,1
64,1774313844111,-0.00013990525713999946,-2.4603428571000026e-05,-0.0001009409142900446,1
65,1774313844115,-8.920525713999872e-05,-5.190342857100004e-05,0.00030465908570996136,1
66,1774313844118,-8.920525713999872e-05,-5.190342857100004e-05,0.00030465908570996136,1
67,1774313844121,-0.0002335052571399987,4.9496571428999986e-05,0.00014475908570997075,1
68,1774313844124,-0.0002335052571399987,4.9496571428999986e-05,0.00014475908570997075,1
69,1774313844127,-0.0002335052571399987,4.9496571428999986e-05,0.00014475908570997075,1
70,1774313844129,-7.360525713999942e-05,0.00017429657142899993,0.0005230590857100243,1
71,1774313844132,-7.360525713999942e-05,0.00017429657142899993,0.0005230590857100243,1
72,1774313844135,-7.360525713999942e-05,0.00017429657142899993,0.0005230590857100243,1
73,1774313844138,-6.190525713999952e-05,-0.000305403428571,0.00023835908570999775,1
74,1774313844141,-6.190525713999952e-05,-0.000305403428571,0.00023835908570999775,1
75,1774313844143,-6.190525713999952e-05,-0.000305403428571,0.00023835908570999775,1
76,1774313844146,-7.750525713999881e-05,0.00015479657142899994,-0.00037784091429006895,1
77,1774313844149,-7.750525713999881e-05,0.00015479657142899994,-0.00037784091429006895,1
78,1774313844152,-7.750525713999881e-05,0.00015479657142899994,-0.00037784091429006895,1
79,1774313844155,-7.360525713999942e-05,0.000201596571429,0.0006322590857099448,1
80,1774313844157,-7.360525713999942e-05,0.000201596571429,0.0006322590857099448,1
81,1774313844160,-7.360525713999942e-05,0.000201596571429,0.0006322590857099448,1
82,1774313844163,-0.00012040525713999904,-0.000258603428571,0.0006907590857100172,1
83,1774313844166,-0.00012040525713999904,-0.000258603428571,0.0006907590857100172,1
84,1774313844169,-0.00012040525713999904,-8.310342857100004e-05,-0.00033104091429005545,1
85,1774313844171,-7.305257139999383e-06,-8.310342857100004e-05,-0.00033104091429005545,1
86,1774313844174,-7.305257139999383e-06,-8.310342857100004e-05,-0.00033104091429005545,1
87,1774313844177,9.019474286000098e-05,2.2196571428999973e-05,0.0006166590857099403,1
88,1774313844180,9.019474286000098e-05,2.2196571428999973e-05,0.0006166590857099403,1
89,1774313844182,9.019474286000098e-05,2.2196571428999973e-05,0.0006166590857099403,1
90,1774313844185,-0.00026080525713999964,-0.000258603428571,0.00036315908571003374,1
91,1774313844188,-0.00026080525713999964,-0.000258603428571,0.00036315908571003374,1
92,1774313844191,-0.00026080525713999964,-0.000258603428571,0.00036315908571003374,1
93,1774313844194,-0.00019840525713999899,0.000170396571429,-0.00018674091429006934,1
94,1774313844196,-0.00019840525713999899,0.000170396571429,-0.00018674091429006934,1
95,1774313844199,-0.00019840525713999899,0.000170396571429,-0.00018674091429006934,1
96,1774313844202,-9.700525713999923e-05,-3.2403428571000053e-05,0.0001486590857100274,1
97,1774313844205,-9.700525713999923e-05,-3.2403428571000053e-05,0.0001486590857100274,1
98,1774313844207,-9.700525713999923e-05,-3.2403428571000053e-05,0.0001486590857100274,1
99,1774313844210,-0.00014380525713999885,1.8296571428999986e-05,7.45590857099505e-05,1
100,1774313844213,-0.00014380525713999885,1.8296571428999986e-05,7.45590857099505e-05,1
101,1774313844216,-0.00014380525713999885,1.8296571428999986e-05,7.45590857099505e-05,1
102,1774313844218,9.019474286000098e-05,0.00026009657142899995,0.0003280590857099681,1
103,1774313844221,9.019474286000098e-05,0.00026009657142899995,0.0003280590857099681,1
104,1774313844224,9.019474286000098e-05,0.00026009657142899995,0.000620559085709997,1
105,1774313844227,0.00023839474286000036,-2.8503428571000013e-05,0.000620559085709997,1
106,1774313844230,0.00023839474286000036,-2.8503428571000013e-05,0.000620559085709997,1
107,1774313844233,-5.4105257139999e-05,-4.410342857100001e-05,-0.0005650409142900119,1
108,1774313844235,-5.4105257139999e-05,-4.410342857100001e-05,-0.0005650409142900119,1
109,1774313844238,-5.4105257139999e-05,-4.410342857100001e-05,-0.0005650409142900119,1
110,1774313844241,0.00011749474286000018,0.00038489657142899995,0.0002500590857099456,1
111,1774313844244,0.00011749474286000018,0.00038489657142899995,0.0002500590857099456,1
112,1774313844246,0.00011749474286000018,0.00038489657142899995,0.0002500590857099456,1
113,1774313844249,-6.190525713999952e-05,-3.2403428571000053e-05,0.0008506590857100078,1
114,1774313844252,-6.190525713999952e-05,-3.2403428571000053e-05,0.0008506590857100078,1
115,1774313844255,-6.190525713999952e-05,-3.2403428571000053e-05,0.0008506590857100078,1
116,1774313844257,-3.850525713999971e-05,8.459657142899997e-05,-0.0006742409142900434,1
117,1774313844260,-3.850525713999971e-05,8.459657142899997e-05,-0.0006742409142900434,1
118,1774313844263,-3.850525713999971e-05,8.459657142899997e-05,-0.0006742409142900434,1
119,1774313844266,1.9994742859999817e-05,0.00015869657142899998,-4.2440914289972216e-05,1
120,1774313844269,1.9994742859999817e-05,0.00015869657142899998,-4.2440914289972216e-05,1
121,1774313844271,1.9994742859999817e-05,0.00015869657142899998,-4.2440914289972216e-05,1
122,1774313844274,-6.970525714000003e-05,-0.00014160342857100002,0.0004996590857100176,1
123,1774313844277,-6.970525714000003e-05,-0.00014160342857100002,0.0004996590857100176,1
124,1774313844280,-6.970525714000003e-05,-0.00014160342857100002,0.0004996590857100176,1
0,1774313844384,-3.460525713999858e-05,0.00020549657142899993,-0.0005416409142900052,1
1,1774313844387,-5.800525714000013e-05,-5.970342857100001e-05,0.0005230590857100243,1
2,1774313844389,-5.800525714000013e-05,-5.970342857100001e-05,0.0005230590857100243,1
3,1774313844392,-0.00011260525714000026,-0.00016500342857100002,0.0005347590857099722,1
4,1774313844395,-0.00011260525714000026,-0.00016500342857100002,0.0005347590857099722,1
5,1774313844397,-0.00011260525714000026,-0.00016500342857100002,0.0005347590857099722,1
6,1774313844400,-0.00011260525714000026,0.00013139657142899997,7.45590857099505e-05,1
7,1774313844403,-3.850525713999971e-05,0.00013139657142899997,7.45590857099505e-05,1
8,1774313844406,-3.850525713999971e-05,0.00013139657142899997,7.45590857099505e-05,1
9,1774313844408,0.0001213947428600013,-0.00014160342857100002,0.0005971590857099902,1
10,1774313844411,0.0001213947428600013,-0.00014160342857100002,0.0005971590857099902,1
11,1774313844414,0.0001213947428600013,-0.00014160342857100002,0.0005971590857099902,1
12,1774313844417,-0.00011650525713999965,0.00011579657142899997,-0.0004090409142899669,1
13,1774313844419,-0.00011650525713999965,0.00011579657142899997,-0.0004090409142899669,1
14,1774313844422,-0.00011650525713999965,0.00011579657142899997,-0.0004090409142899669,1
15,1774313844425,-0.00010480525713999975,0.0004745965714289999,0.000339759085710027,1
16,1774313844428,-0.00010480525713999975,0.0004745965714289999,0.000339759085710027,1
17,1774313844430,-0.00010480525713999975,0.0004745965714289999,0.000339759085710027,1
18,1774313844433,-5.020525713999961e-05,0.00017429657142899993,0.0011158590857099733,1
19,1774313844436,-5.020525713999961e-05,0.00017429657142899993,0.0011158590857099733,1
20,1774313844439,-5.020525713999961e-05,0.00017429657142899993,0.0011158590857099733,1
21,1774313844441,-3.850525713999971e-05,-1.203428571000054e-06,-0.000522140914290055,1
22,1774313844444,-3.850525713999971e-05,-1.203428571000054e-06,-0.000522140914290055,1
23,1774313844447,-3.850525713999971e-05,-1.203428571000054e-06,-0.000522140914290055,1
24,1774313844450,4.339474286000136e-05,0.00022109657142899998,-0.00025304091429003295,1
25,1774313844452,4.339474286000136e-05,0.00022109657142899998,-0.00025304091429003295,1
26,1774313844455,4.339474286000136e-05,0.00022109657142899998,0.0006790590857099583,1
27,1774313844458,-0.00019840525713999899,-9.003428571000027e-06,0.0006790590857099583,1
28,1774313844461,-0.00019840525713999899,-9.003428571000027e-06,0.0006790590857099583,1
29,1774313844463,-0.00019840525713999899,-4.8003428571e-05,-0.00020624091429001946,1
30,1774313844466,-0.00012430525714000017,-4.8003428571e-05,-0.00020624091429001946,1
31,1774313844469,-0.00012430525714000017,-4.8003428571e-05,-0.00020624091429001946,1
32,1774313844472,-0.00012430525714000017,0.000263996571429,0.0002968590857099591,1
33,1774313844474,5.899474286000066e-05,0.000263996571429,0.0002968590857099591,1
34,1774313844477,5.899474286000066e-05,0.000263996571429,0.0002968590857099591,1
35,1774313844480,-8.530525713999933e-05,0.00010409657142899996,0.0007765590857099309,1
36,1774313844483,-8.530525713999933e-05,0.00010409657142899996,0.0007765590857099309,1
37,1774313844486,-8.530525713999933e-05,0.00010409657142899996,0.0007765590857099309,1
38,1774313844488,-0.00013210525713999895,0.000170396571429,-4.2440914289972216e-05,1
39,1774313844491,-0.00013210525713999895,0.000170396571429,-4.2440914289972216e-05,1
40,1774313844494,-0.00013210525713999895,0.000170396571429,-4.2440914289972216e-05,1
41,1774313844497,5.899474286000066e-05,0.00013529657142899996,0.00027345908570995236,1
42,1774313844500,5.899474286000066e-05,0.00013529657142899996,0.00027345908570995236,1
43,1774313844502,5.899474286000066e-05,0.00013529657142899996,0.00027345908570995236,1
44,1774313844505,4.394742860000522e-06,-0.000231303428571,0.00010185908571001389,1
45,1774313844508,4.394742860000522e-06,-0.000231303428571,0.00010185908571001389,1
46,1774313844511,4.394742860000522e-06,-0.000231303428571,0.00010185908571001389,1
47,1774313844514,4.394742860000522e-06,0.000139196571429,0.0002617590857100045,1
48,1774313844516,4.394742860000522e-06,0.000139196571429,0.0002617590857100045,1
49,1774313844519,4.394742860000522e-06,0.0003302965714289999,0.0007336590857099741,1
50,1774313844522,8.629474285999986e-05,0.0003302965714289999,0.0007336590857099741,1
51,1774313844525,8.629474285999986e-05,0.0003302965714289999,0.0007336590857099741,1
52,1774313844527,-0.00012040525713999904,-0.00019230342857100004,0.00022275908570999325,1
53,1774313844530,-0.00012040525713999904,-0.00019230342857100004,0.00022275908570999325,1
54,1774313844533,-0.00012040525713999904,-0.00019230342857100004,0.00022275908570999325,1
55,1774313844536,-0.00014380525713999885,0.00023669657142899993,-0.000584540914290073,1
56,1774313844539,-0.00014380525713999885,0.00023669657142899993,-0.000584540914290073,1
57,1774313844542,-0.00014380525713999885,0.00023669657142899993,-0.000584540914290073,1
58,1774313844546,-2.2905257139998678e-05,0.00032249657142899995,0.00025785908570994786,1
59,1774313844548,-2.2905257139998678e-05,0.00032249657142899995,0.00025785908570994786,1
60,1774313844551,-2.2905257139998678e-05,-0.00014160342857100002,0.00027345908570995236,1
61,1774313844554,-0.00013210525713999895,-0.00014160342857100002,0.00027345908570995236,1
62,1774313844557,-0.00013210525713999895,-0.00014160342857100002,0.00027345908570995236,1
63,1774313844560,-4.630525714000022e-05,1.8296571428999986e-05,-0.0003427409142900033,1
64,1774313844562,-4.630525714000022e-05,1.8296571428999986e-05,-0.0003427409142900033,1
65,1774313844565,-4.630525714000022e-05,1.8296571428999986e-05,-0.0003427409142900033,1
66,1774313844568,-0.00017110525713999979,1.4396571429e-05,0.00043335908570994296,1
67,1774313844571,-0.00017110525713999979,1.4396571429e-05,0.00043335908570994296,1
68,1774313844574,-0.00017110525713999979,1.4396571429e-05,0.00043335908570994296,1
69,1774313844576,-0.0001789052571400003,-4.8003428571e-05,0.000620559085709997,1
70,1774313844579,-0.0001789052571400003,-4.8003428571e-05,0.000620559085709997,1
71,1774313844582,-0.0001789052571400003,-4.8003428571e-05,0.000620559085709997,1
72,1774313844585,3.559474286000085e-05,0.000256196571429,0.00031635908571002024,1
73,1774313844587,3.559474286000085e-05,0.000256196571429,0.00031635908571002024,1
74,1774313844590,3.559474286000085e-05,0.000256196571429,0.00031635908571002024,1
75,1774313844593,1.6094742860000427e-05,-9.480342857100005e-05,0.0005347590857099722,1
76,1774313844596,1.6094742860000427e-05,-9.480342857100005e-05,0.0005347590857099722,1
77,1774313844598,1.6094742860000427e-05,-9.480342857100005e-05,0.0005347590857099722,1
78,1774313844601,-0.00018670525713999908,-7.140342857100003e-05,-0.0005728409142900142,1
79,1774313844604,-0.00018670525713999908,-7.140342857100003e-05,-0.0005728409142900142,1
80,1774313844606,-0.00018670525713999908,-7.140342857100003e-05,-0.0005728409142900142,1
81,1774313844609,-0.0002179052571399994,0.00024059657142899997,0.00028515908571001124,1
82,1774313844612,-0.0002179052571399994,0.00024059657142899997,0.00028515908571001124,1
83,1774313844615,-0.0002179052571399994,0.00024059657142899997,0.0011041590857100254,1
84,1774313844617,-0.00013990525713999946,6.596571428999973e-06,0.0011041590857100254,1
85,1774313844620,-0.00013990525713999946,6.596571428999973e-06,0.0011041590857100254,1
86,1774313844623,-0.00013990525713999946,6.596571428999973e-06,-0.0003388409142900577,1
87,1774313844625,4.339474286000136e-05,-5.5803428571000026e-05,-0.0003388409142900577,1
88,1774313844628,4.339474286000136e-05,-5.5803428571000026e-05,-0.0003388409142900577,1
89,1774313844631,4.339474286000136e-05,-5.5803428571000026e-05,-1.1240914289963218e-05,1
90,1774313844633,7.069474286000056e-05,0.000256196571429,-1.1240914289963218e-05,1
91,1774313844636,7.069474286000056e-05,0.000256196571429,-1.1240914289963218e-05,1
92,1774313844639,7.069474286000056e-05,-8.700342857100003e-05,0.000589359085709988,1
93,1774313844642,-3.070525713999919e-05,-8.700342857100003e-05,0.000589359085709988,1
94,1774313844644,-3.070525713999919e-05,-8.700342857100003e-05,0.000589359085709988,1
95,1774313844647,7.069474286000056e-05,-9.090342857100001e-05,-0.0003739409142900123,1
96,1774313844650,7.069474286000056e-05,-9.090342857100001e-05,-0.0003739409142900123,1
97,1774313844653,7.069474286000056e-05,-9.090342857100001e-05,-0.0003739409142900123,1
98,1774313844655,-1.1205257139998773e-05,0.00015869657142899998,0.0005854590857099313,1
99,1774313844658,-1.1205257139998773e-05,0.00015869657142899998,0.0005854590857099313,1
100,1774313844661,-1.1205257139998773e-05,0.00015869657142899998,0.0005854590857099313,1
101,1774313844663,1.2194742860001037e-05,-8.310342857100004e-05,0.0007102590857099673,1
102,1774313844666,1.2194742860001037e-05,-8.310342857100004e-05,0.0007102590857099673,1
103,1774313844669,1.2194742860001037e-05,-8.310342857100004e-05,0.0007102590857099673,1
104,1774313844672,-0.0002101052571399989,5.339657142899997e-05,0.000152559085709973,1
105,1774313844675,-0.0002101052571399989,5.339657142899997e-05,0.000152559085709973,1
106,1774313844677,-0.0002101052571399989,5.339657142899997e-05,0.000152559085709973,1
107,1774313844680,0.00011359474286000079,0.00012359657142899994,0.0003124590857099636,1
108,1774313844683,0.00011359474286000079,0.00012359657142899994,0.0003124590857099636,1
109,1774313844686,0.00011359474286000079,0.00012359657142899994,0.0003124590857099636,1
110,1774313844688,1.9994742859999817e-05,-0.00017670342857100004,-3.4640914289969967e-05,1
111,1774313844691,1.9994742859999817e-05,-0.00017670342857100004,-3.4640914289969967e-05,1
112,1774313844694,1.9994742859999817e-05,-0.00017670342857100004,-3.4640914289969967e-05,1
113,1774313844697,-0.00012040525713999904,0.00024839657142899994,-7.364091428998121e-05,1
114,1774313844700,-0.00012040525713999904,0.00024839657142899994,-7.364091428998121e-05,1
115,1774313844702,-0.00012040525713999904,0.00024839657142899994,0.0007687590857099287,1
116,1774313844705,-8.530525713999933e-05,0.00022499657142899991,0.0007687590857099287,1
117,1774313844708,-8.530525713999933e-05,0.00022499657142899991,0.0007687590857099287,1
118,1774313844711,-8.530525713999933e-05,-0.00019620342857100002,0.00027345908570995236,1
119,1774313844713,-0.0003622052571399994,-0.00019620342857100002,0.00027345908570995236,1
120,1774313844716,-0.0003622052571399994,-0.00019620342857100002,0.00027345908570995236,1
121,1774313844719,-0.00018670525713999908,1.049657142899996e-05,-0.0005299409142900573,1
122,1774313844722,-0.00018670525713999908,1.049657142899996e-05,-0.0005299409142900573,1
123,1774313844725,-0.00018670525713999908,1.049657142899996e-05,-0.0005299409142900573,1
124,1774313844727,7.849474286000108e-05,0.0002990965714289999,0.0005464590857100311,1
0,1774313844781,-0.00010480525713999975,0.000252296571429,0.00016035908570997525,1
1,1774313844833,-0.0002452052571399986,-9.090342857100001e-05,-0.0002296409142900262,1
2,1774313844835,-0.0002452052571399986,-9.090342857100001e-05,-0.0002296409142900262,1
3,1774313844838,-0.0002452052571399986,8.459657142899997e-05,0.00011745908571001839,1
4,1774313844841,-6.970525714000003e-05,8.459657142899997e-05,0.00011745908571001839,1
5,1774313844843,-6.970525714000003e-05,8.459657142899997e-05,0.00011745908571001839,1
6,1774313844846,-6.970525714000003e-05,8.459657142899997e-05,0.0006556590857099516,1
7,1774313844849,-0.00011650525713999965,0.000213296571429,0.0006556590857099516,1
8,1774313844851,-0.00011650525713999965,0.000213296571429,0.0006556590857099516,1
9,1774313844854,-0.00011650525713999965,0.000213296571429,-6.194091429003335e-05,1
10,1774313844856,-0.0001828052571399997,7.6796571429e-05,-6.194091429003335e-05,1
11,1774313844859,-0.0001828052571399997,7.6796571429e-05,-6.194091429003335e-05,1
12,1774313844862,-0.0001828052571399997,7.6796571429e-05,0.0002617590857100045,1
13,1774313844864,8.629474285999986e-05,0.000182096571429,0.0002617590857100045,1
14,1774313844868,8.629474285999986e-05,0.000182096571429,0.0002617590857100045,1
15,1774313844871,4.339474286000136e-05,-0.00023910342857100004,0.00038265908570998385,1
16,1774313844874,4.339474286000136e-05,-0.00023910342857100004,0.00038265908570998385,1
17,1774313844877,4.339474286000136e-05,-0.00023910342857100004,0.00038265908570998385,1
18,1774313844879,-0.00019840525713999899,0.00022889657142899996,-0.00043244091428997367,1
19,1774313844882,-0.00019840525713999899,0.00022889657142899996,-0.00043244091428997367,1
20,1774313844885,-0.00019840525713999899,0.00022889657142899996,-0.00043244091428997367,1
21,1774313844888,-9.310525713999984e-05,0.0003497965714289999,0.0003553590857100315,1
22,1774313844891,-9.310525713999984e-05,0.0003497965714289999,0.0003553590857100315,1
23,1774313844893,-9.310525713999984e-05,0.0003497965714289999,0.0003553590857100315,1
24,1774313844896,-0.0001789052571400003,-0.00013380342857100002,0.00052695908570997,1
25,1774313844899,-0.0001789052571400003,-0.00013380342857100002,0.00052695908570997,1
26,1774313844902,-0.0001789052571400003,-0.00013380342857100002,-0.0006196409142900277,1
27,1774313844904,-7.305257139999383e-06,8.069657142899999e-05,-0.0006196409142900277,1
28,1774313844907,-7.305257139999383e-06,8.069657142899999e-05,-0.0006196409142900277,1
29,1774313844910,-7.305257139999383e-06,0.00034199657142899994,0.0003592590857099771,1
30,1774313844917,0.00012919474286000009,0.00034199657142899994,0.0003592590857099771,1
31,1774313844919,1.9994742859999817e-05,0.00015869657142899998,0.00043335908570994296,1
32,1774313844922,1.9994742859999817e-05,0.00015869657142899998,0.00043335908570994296,1
33,1774313844925,1.9994742859999817e-05,0.00015869657142899998,0.00043335908570994296,1
34,1774313844928,-1.5105257139999897e-05,-7.140342857100003e-05,-0.00019064091429001496,1
35,1774313844931,-1.5105257139999897e-05,-7.140342857100003e-05,-0.00019064091429001496,1
36,1774313844933,-1.5105257139999897e-05,-7.140342857100003e-05,0.00047625908571001085,1
37,1774313844936,3.949474286000024e-05,0.00018599657142899994,0.00047625908571001085,1
38,1774313844939,3.949474286000024e-05,0.00018599657142899994,0.00047625908571001085,1
39,1774313844942,-0.00013990525713999946,8.849657142899996e-05,0.0005425590857099745,1
40,1774313844945,-0.00013990525713999946,8.849657142899996e-05,0.0005425590857099745,1
41,1774313844947,-0.00013990525713999946,8.849657142899996e-05,0.0005425590857099745,1
42,1774313844950,-0.00012430525714000017,0.00030299657142899997,-3.85409142900266e-05,1
43,1774313844953,-0.00012430525714000017,0.00030299657142899997,-3.85409142900266e-05,1
44,1774313844956,-0.00012430525714000017,0.00030299657142899997,-3.85409142900266e-05,1
45,1774313844959,-1.1205257139998773e-05,7.6796571429e-05,0.0004567590857099497,1
46,1774313844962,-1.1205257139998773e-05,7.6796571429e-05,0.0004567590857099497,1
47,1774313844964,-1.1205257139998773e-05,7.6796571429e-05,0.0004567590857099497,1
48,1774313844967,-0.00018670525713999908,-0.00033270342857100003,-0.0002608409142900352,1
49,1774313844970,-0.00018670525713999908,-0.00033270342857100003,-0.0002608409142900352,1
50,1774313844973,-0.00018670525713999908,-0.00033270342857100003,-0.0002608409142900352,1
51,1774313844976,-0.00014770525713999998,2.9996571428999945e-05,4.5908570998464543e-07,1
52,1774313844978,-0.00014770525713999998,2.9996571428999945e-05,4.5908570998464543e-07,1
53,1774313844981,-0.00014770525713999998,2.9996571428999945e-05,0.0009169590857099714,1
54,1774313844984,-1.5105257139999897e-05,4.9496571428999986e-05,0.0009169590857099714,1
55,1774313844987,-1.5105257139999897e-05,4.9496571428999986e-05,0.0009169590857099714,1
56,1774313844990,-1.5105257139999897e-05,-0.000293703428571,-0.00014384091429000146,1
57,1774313844992,-0.0001945052571399996,-0.000293703428571,-0.00014384091429000146,1
58,1774313844997,-0.0001945052571399996,-0.000293703428571,-0.00014384091429000146,1
59,1774313845000,9.409474286000037e-05,0.000377096571429,-0.00024134091428997407,1
60,1774313845003,9.409474286000037e-05,0.000377096571429,-0.00024134091428997407,1
61,1774313845006,-2.2905257139998678e-05,0.00020939657142899997,0.0007297590857100284,1
62,1774313845009,-2.2905257139998678e-05,0.00020939657142899997,0.0007297590857100284,1
63,1774313845012,-2.2905257139998678e-05,0.00020939657142899997,0.0007297590857100284,1
64,1774313845015,-0.0001789052571400003,-5.5803428571000026e-05,0.00024615908571,1
65,1774313845018,-0.0001789052571400003,-5.5803428571000026e-05,0.00024615908571,1
66,1774313845020,-0.0001789052571400003,-5.5803428571000026e-05,0.00024615908571,1
67,1774313845023,-0.00012040525713999904,2.609657142899996e-05,-8.924091428998571e-05,1
68,1774313845026,-0.00012040525713999904,2.609657142899996e-05,-8.924091428998571e-05,1
69,1774313845029,-0.00012040525713999904,2.609657142899996e-05,-8.924091428998571e-05,1
70,1774313845032,4.729474286000075e-05,-0.00011430342857100004,0.0007258590857099718,1
71,1774313845034,4.729474286000075e-05,-0.00011430342857100004,0.0007258590857099718,1
72,1774313845037,4.729474286000075e-05,-0.00011430342857100004,0.0003592590857099771,1
73,1774313845040,2.3894742860000942e-05,-5.190342857100004e-05,0.0003592590857099771,1
74,1774313845043,2.3894742860000942e-05,-5.190342857100004e-05,0.0003592590857099771,1
75,1774313845046,2.3894742860000942e-05,0.00023669657142899993,0.000370959085710036,1
76,1774313845048,0.00010579474286000028,0.00023669657142899993,0.000370959085710036,1
77,1774313845051,0.00010579474286000028,0.00023669657142899993,0.000370959085710036,1
78,1774313845054,-8.530525713999933e-05,-0.00028590342857100004,0.00047625908571001085,1
79,1774313845057,-8.530525713999933e-05,-0.00028590342857100004,0.00047625908571001085,1
80,1774313845060,-8.530525713999933e-05,-0.00028590342857100004,0.00047625908571001085,1
81,1774313845063,-0.0002335052571399987,-0.00015720342857100002,-0.0003427409142900033,1
82,1774313845065,-0.0002335052571399987,-0.00015720342857100002,-0.0003427409142900033,1
83,1774313845068,-0.0002335052571399987,-0.00015720342857100002,-0.0003427409142900033,1
84,1774313845071,-0.00029980525713999874,0.000318596571429,0.0005503590857099767,1
85,1774313845074,-0.00029980525713999874,0.000318596571429,0.0005503590857099767,1
86,1774313845076,-0.00029980525713999874,0.000318596571429,0.0005503590857099767,1
87,1774313845079,-0.00048310525713999956,-0.00023520342857100002,0.000994959085709994,1
88,1774313845082,-0.00048310525713999956,-0.00023520342857100002,0.000994959085709994,1
89,1774313845085,-0.00048310525713999956,-0.00023520342857100002,0.000994959085709994,1
90,1774313845087,-0.00012430525714000017,-0.00014160342857100002,-0.0005026409142899939,1
91,1774313845090,-0.00012430525714000017,-0.00014160342857100002,-0.0005026409142899939,1
92,1774313845094,0.0001330947428600012,0.00015479657142899994,-7.754091429003785e-05,1
93,1774313845097,0.0001330947428600012,0.00015479657142899994,-7.754091429003785e-05,1
94,1774313845100,0.0001330947428600012,0.00015479657142899994,-7.754091429003785e-05,1
95,1774313845104,-6.580525713999891e-05,-0.00010650342857100001,0.0008038590857099943,1
96,1774313845107,-6.580525713999891e-05,-0.00010650342857100001,0.0008038590857099943,1
97,1774313845109,-0.0002179052571399994,7.289657142899996e-05,-0.0003388409142900577,1
98,1774313845112,-0.0002179052571399994,7.289657142899996e-05,-0.0003388409142900577,1
99,1774313845115,-0.0002179052571399994,7.289657142899996e-05,-0.0003388409142900577,1
100,1774313845118,-0.00013210525713999895,0.000275696571429,0.0005308590857100266,1
101,1774313845121,-0.00013210525713999895,0.000275696571429,0.0005308590857100266,1
102,1774313845124,-0.00013210525713999895,0.000275696571429,0.0005308590857100266,1
103,1774313845126,-0.0001789052571400003,-0.00014550342857100004,0.0007297590857100284,1
104,1774313845129,-0.0001789052571400003,-0.00014550342857100004,0.0007297590857100284,1
105,1774313845132,-0.0001789052571400003,-0.00014550342857100004,0.0007297590857100284,1
106,1774313845135,-0.0002218052571399988,0.00021719657142899994,-0.00013994091429005585,1
107,1774313845137,-0.0002218052571399988,0.00021719657142899994,-0.00013994091429005585,1
108,1774313845140,-0.0002218052571399988,0.00021719657142899994,-0.00013994091429005585,1
109,1774313845143,0.00010189474286000089,0.000107996571429,0.0005698590857099268,1
110,1774313845146,0.00010189474286000089,0.000107996571429,0.0005698590857099268,1
111,1774313845148,0.00010189474286000089,0.000107996571429,0.0005698590857099268,1
112,1774313845151,-6.190525713999952e-05,-0.000321003428571,-6.584091428997896e-05,1
113,1774313845154,-6.190525713999952e-05,-0.000321003428571,-6.584091428997896e-05,1
114,1774313845157,-6.190525713999952e-05,-0.000321003428571,-0.0001009409142900446,1
115,1774313845160,-0.00012430525714000017,0.00036539657142899997,-0.0001009409142900446,1
116,1774313845163,-0.00012430525714000017,0.00036539657142899997,-0.0001009409142900446,1
117,1774313845165,0.00010579474286000028,0.00019379657142900002,0.0009559590857099827,1
118,1774313845168,0.00010579474286000028,0.00019379657142900002,0.0009559590857099827,1
119,1774313845171,0.00010579474286000028,0.00019379657142900002,0.0009559590857099827,1
120,1774313845174,-6.190525713999952e-05,-0.000336603428571,6.285908571000264e-05,1
121,1774313845177,-6.190525713999952e-05,-0.000336603428571,6.285908571000264e-05,1
122,1774313845179,-6.190525713999952e-05,-0.000336603428571,6.285908571000264e-05,1
123,1774313845183,5.119474286000014e-05,0.000338096571429,-0.00027254091428998307,1
124,1774313845186,5.119474286000014e-05,0.000338096571429,-0.00027254091428998307,1
0,1774313845236,0.00014089474286,0.000388796571429,0.0002032590857099321,1
1,1774313845252,7.849474286000108e-05,-0.000153303428571,0.0004723590857099542,1
2,1774313845283,0.0001369947428600006,0.00036539657142899997,0.00032025908570996586,1
3,1774313845287,-4.630525714000022e-05,-4.410342857100001e-05,0.000682959085710015,1
4,1774313845291,-4.630525714000022e-05,-4.410342857100001e-05,0.000682959085710015,1
5,1774313845310,4.394742860000522e-06,-7.9203428571e-05,0.0005074590857100198,1
6,1774313845312,4.394742860000522e-06,-7.9203428571e-05,0.0005074590857100198,1
7,1774313845319,4.339474286000136e-05,0.00018989657142899998,-0.0002608409142900352,1
8,1774313845322,4.339474286000136e-05,0.00018989657142899998,-0.0002608409142900352,1
9,1774313845325,4.339474286000136e-05,0.00014309657142899993,0.0008389590857099489,1
10,1774313845327,4.394742860000522e-06,0.00014309657142899993,0.0008389590857099489,1
11,1774313845330,4.394742860000522e-06,0.00014309657142899993,0.0008389590857099489,1
12,1774313845333,-0.00014770525713999998,-0.000297603428571,-0.00029984091429004645,1
13,1774313845336,-0.00014770525713999998,-0.000297603428571,-0.00029984091429004645,1
14,1774313845338,-0.00014770525713999998,-0.000297603428571,-0.00029984091429004645,1
15,1774313845341,-8.920525713999872e-05,0.00027179657142899997,3.555908570993926e-05,1
16,1774313845344,-8.920525713999872e-05,0.00027179657142899997,3.555908570993926e-05,1
17,1774313845347,-8.920525713999872e-05,0.00027179657142899997,3.555908570993926e-05,1
18,1774313845350,-0.00014770525713999998,3.779657142899997e-05,0.0012757590857099639,1
19,1774313845353,-0.00014770525713999998,3.779657142899997e-05,0.0012757590857099639,1
20,1774313845355,-0.00014770525713999998,3.779657142899997e-05,0.0012757590857099639,1
21,1774313845358,-0.00015160525713999937,-0.000231303428571,-0.00022184091429002396,1
22,1774313845361,-0.00015160525713999937,-0.000231303428571,-0.00022184091429002396,1
23,1774313845363,-0.00015160525713999937,-0.000231303428571,-0.00022184091429002396,1
24,1774313845366,-7.750525713999881e-05,0.000431696571429,-0.0004051409142900213,1
25,1774313845369,-7.750525713999881e-05,0.000431696571429,-0.0004051409142900213,1
26,1774313845372,-7.750525713999881e-05,0.000431696571429,-0.0004051409142900213,1
27,1774313845374,0.0001525947428599999,9.239657142899994e-05,0.0006361590857100015,1
28,1774313845377,0.0001525947428599999,9.239657142899994e-05,0.0006361590857100015,1
29,1774313845380,0.0001525947428599999,9.239657142899994e-05,0.0006361590857100015,1
30,1774313845383,-0.00014770525713999998,-0.00013380342857100002,5.1159085709943757e-05,1
31,1774313845387,-0.00014770525713999998,-0.00013380342857100002,5.1159085709943757e-05,1
32,1774313845390,-6.970525714000003e-05,0.00026789657142899993,-0.00012044091428999471,1
33,1774313845394,-6.970525714000003e-05,0.00026789657142899993,-0.00012044091428999471,1
34,1774313845396,8.294742859999912e-06,6.899657142899997e-05,0.0009754590857099328,1
35,1774313845399,8.294742859999912e-06,6.899657142899997e-05,0.0009754590857099328,1
36,1774313845402,8.294742859999912e-06,6.899657142899997e-05,0.0009754590857099328,1
37,1774313845405,-0.00017110525713999979,0.00018599657142899994,3.555908570993926e-05,1
38,1774313845408,-0.00017110525713999979,0.00018599657142899994,3.555908570993926e-05,1
39,1774313845410,-0.00017110525713999979,0.00018599657142899994,3.555908570993926e-05,1
40,1774313845413,5.509474286000127e-05,0.000369296571429,0.00033585908570997035,1
41,1774313845416,5.509474286000127e-05,0.000369296571429,0.00033585908570997035,1
42,1774313845419,5.509474286000127e-05,0.000369296571429,0.00033585908570997035,1
43,1774313845422,-4.630525714000022e-05,-0.000539403428571,6.285908571000264e-05,1
44,1774313845424,-4.630525714000022e-05,-0.000539403428571,6.285908571000264e-05,1
45,1774313845427,-4.630525714000022e-05,-0.000539403428571,6.285908571000264e-05,1
46,1774313845430,-0.0001789052571400003,0.00020549657142899993,-0.0004948409142899917,1
47,1774313845433,-0.0001789052571400003,0.00020549657142899993,-0.0004948409142899917,1
48,1774313845435,-0.0001789052571400003,0.00020549657142899993,-0.0004948409142899917,1
49,1774313845438,4.729474286000075e-05,0.0002873965714289999,0.0007258590857099718,1
50,1774313845441,4.729474286000075e-05,0.0002873965714289999,0.0007258590857099718,1
51,1774313845444,4.729474286000075e-05,0.0002873965714289999,0.0002968590857099591,1
52,1774313845447,-7.360525713999942e-05,-0.000418503428571,0.0002968590857099591,1
53,1774313845449,-7.360525713999942e-05,-0.000418503428571,0.0002968590857099591,1
54,1774313845452,-7.360525713999942e-05,8.459657142899997e-05,-0.0005338409142900029,1
55,1774313845455,3.559474286000085e-05,8.459657142899997e-05,-0.0005338409142900029,1
56,1774313845458,3.559474286000085e-05,8.459657142899997e-05,-0.0005338409142900029,1
57,1774313845460,0.00018769474286000135,4.169657142899996e-05,0.0007375590857100307,1
58,1774313845463,0.00018769474286000135,4.169657142899996e-05,0.0007375590857100307,1
59,1774313845466,0.00018769474286000135,4.169657142899996e-05,0.0007375590857100307,1
60,1774313845469,-3.460525713999858e-05,-0.00010260342857100003,0.0002617590857100045,1
61,1774313845472,-3.460525713999858e-05,-0.00010260342857100003,0.0002617590857100045,1
62,1774313845476,-3.460525713999858e-05,0.00012749657142899998,-0.00025694091428997857,1
63,1774313845479,-0.00014380525713999885,0.00012749657142899998,-0.00025694091428997857,1
64,1774313845483,-0.00014380525713999885,0.00012749657142899998,-0.00025694091428997857,1
65,1774313845486,-5.800525714000013e-05,0.000182096571429,0.0006283590857099992,1
66,1774313845488,-5.800525714000013e-05,0.000182096571429,0.0006283590857099992,1
67,1774313845491,-5.800525714000013e-05,0.000182096571429,0.0006283590857099992,1
68,1774313845494,-0.0002062052571399995,9.239657142899994e-05,0.00016035908570997525,1
69,1774313845497,-0.0002062052571399995,9.239657142899994e-05,0.00016035908570997525,1
70,1774313845500,-0.0002062052571399995,9.239657142899994e-05,-0.00010484091428999021,1
71,1774313845503,-6.970525714000003e-05,0.00040439657142899994,-0.00010484091428999021,1
72,1774313845505,-6.970525714000003e-05,0.00040439657142899994,-0.00010484091428999021,1
73,1774313845508,-0.00012040525713999904,4.9496571428999986e-05,0.0006595590857100082,1
74,1774313845511,-0.00012040525713999904,4.9496571428999986e-05,0.0006595590857100082,1
75,1774313845514,-0.00012040525713999904,4.9496571428999986e-05,0.0006595590857100082,1
76,1774313845516,-0.00016720525713999866,-0.00011430342857100004,-0.0006859409142899913,1
77,1774313845519,-0.00016720525713999866,-0.00011430342857100004,-0.0006859409142899913,1
78,1774313845522,-0.00016720525713999866,-0.00011430342857100004,-0.0006859409142899913,1
79,1774313845524,4.394742860000522e-06,0.000431696571429,0.0002617590857100045,1
80,1774313845527,4.394742860000522e-06,0.000431696571429,0.0002617590857100045,1
81,1774313845530,4.394742860000522e-06,0.000431696571429,0.0002617590857100045,1
82,1774313845533,-1.9005257139999288e-05,-0.00023910342857100004,0.0011119590857100277,1
83,1774313845536,-1.9005257139999288e-05,-0.00023910342857100004,0.0011119590857100277,1
84,1774313845539,-1.9005257139999288e-05,-0.00023910342857100004,0.0011119590857100277,1
85,1774313845541,8.294742859999912e-06,-0.00014160342857100002,-0.00039734091429001906,1
86,1774313845544,8.294742859999912e-06,-0.00014160342857100002,-0.00039734091429001906,1
87,1774313845547,8.294742859999912e-06,-0.00014160342857100002,-0.00039734091429001906,1
88,1774313845551,5.899474286000066e-05,0.000369296571429,0.00017205908571003414,1
89,1774313845553,5.899474286000066e-05,0.000369296571429,0.00017205908571003414,1
90,1774313845556,9.409474286000037e-05,-3.2403428571000053e-05,0.000682959085710015,1
91,1774313845559,9.409474286000037e-05,-3.2403428571000053e-05,0.000682959085710015,1
92,1774313845564,8.239474286000047e-05,-0.00024300342857100002,-0.00042854091429002806,1
93,1774313845567,8.239474286000047e-05,-0.00024300342857100002,-0.00042854091429002806,1
94,1774313845571,8.239474286000047e-05,-0.00024300342857100002,-0.00042854091429002806,1
95,1774313845575,-0.00012430525714000017,0.000182096571429,0.0001486590857100274,1
96,1774313845578,-0.00012430525714000017,0.000182096571429,0.0001486590857100274,1
97,1774313845580,-9.700525713999923e-05,-9.090342857100001e-05,0.0006478590857099493,1
98,1774313845583,-9.700525713999923e-05,-9.090342857100001e-05,0.0006478590857099493,1
99,1774313845586,-9.700525713999923e-05,-9.090342857100001e-05,0.0006478590857099493,1
100,1774313845589,-0.00010870525713999914,0.00022889657142899996,3.1659085709993644e-05,1
101,1774313845591,-0.00010870525713999914,0.00022889657142899996,3.1659085709993644e-05,1
102,1774313845594,-0.00010870525713999914,0.00022889657142899996,3.1659085709993644e-05,1
103,1774313845597,1.9994742859999817e-05,0.00026789657142899993,0.0007648590857099831,1
104,1774313845600,1.9994742859999817e-05,0.00026789657142899993,0.0007648590857099831,1
105,1774313845602,1.9994742859999817e-05,0.00026789657142899993,0.0007648590857099831,1
106,1774313845605,-2.6805257139999802e-05,-0.000500403428571,4.5908570998464543e-07,1
107,1774313845608,-2.6805257139999802e-05,-0.000500403428571,4.5908570998464543e-07,1
108,1774313845610,-2.6805257139999802e-05,-0.000500403428571,4.5908570998464543e-07,1
109,1774313845613,-7.305257139999383e-06,0.00032249657142899995,-0.0001009409142900446,1
110,1774313845616,-7.305257139999383e-06,0.00032249657142899995,-0.0001009409142900446,1
111,1774313845619,-7.305257139999383e-06,0.00032249657142899995,-0.0001009409142900446,1
112,1774313845622,-1.5105257139999897e-05,0.00015869657142899998,0.0009676590857099305,1
113,1774313845624,-1.5105257139999897e-05,0.00015869657142899998,0.0009676590857099305,1
114,1774313845627,-1.5105257139999897e-05,0.00015869657142899998,-3.074091429002435e-05,1
115,1774313845630,-0.00013990525713999946,-0.000360003428571,-3.074091429002435e-05,1
116,1774313845633,-0.00013990525713999946,-0.000360003428571,-3.074091429002435e-05,1
117,1774313845635,-0.00013990525713999946,7.6796571429e-05,-0.0005689409142900686,1
118,1774313845638,6.289474286000005e-05,7.6796571429e-05,-0.0005689409142900686,1
119,1774313845641,6.289474286000005e-05,7.6796571429e-05,-0.0005689409142900686,1
120,1774313845644,0.0001603947428600004,0.000150896571429,0.0007999590857099377,1
121,1774313845646,0.0001603947428600004,0.000150896571429,0.0007999590857099377,1
122,1774313845649,0.0001603947428600004,0.000150896571429,0.0007999590857099377,1
123,1774313845653,-0.0001945052571399996,6.899657142899997e-05,4.725908570999814e-05,1
124,1774313845656,-0.0001945052571399996,6.899657142899997e-05,4.725908570999814e-05,1
0,1774313845700,-5.800525714000013e-05,0.000107996571429,-0.0003427409142900033,1
1,1774313845703,-5.800525714000013e-05,0.000107996571429,-0.0003427409142900033,1
2,1774313845706,-5.800525714000013e-05,0.000107996571429,-0.0003427409142900033,1
3,1774313845719,-3.460525713999858e-05,0.000380996571429,0.0008428590857100056,1
4,1774313845751,-6.580525713999891e-05,-0.000122103428571,0.00038655908570992947,1
5,1774313845756,0.00018379474286000022,0.000182096571429,0.00048015908570995646,1
6,1774313845778,-2.6805257139999802e-05,-0.000153303428571,0.00044895908570994746,1
7,1774313845781,3.949474286000024e-05,1.4396571429e-05,0.000745359085710033,1
8,1774313845784,3.949474286000024e-05,1.4396571429e-05,0.000745359085710033,1
9,1774313845787,3.949474286000024e-05,-7.9203428571e-05,-0.00023744091429002846,1
10,1774313845790,-0.0001906052571400002,-7.9203428571e-05,-0.00023744091429002846,1
11,1774313845793,-0.0001906052571400002,-7.9203428571e-05,-0.00023744091429002846,1
12,1774313845795,-8.530525713999933e-05,0.00030299657142899997,0.00015645908571002964,1
13,1774313845798,-8.530525713999933e-05,0.00030299657142899997,0.00015645908571002964,1
14,1774313845801,-8.530525713999933e-05,0.00030299657142899997,0.00015645908571002964,1
15,1774313845804,7.849474286000108e-05,-9.480342857100005e-05,0.0009637590857099849,1
16,1774313845807,7.849474286000108e-05,-9.480342857100005e-05,0.0009637590857099849,1
17,1774313845809,7.849474286000108e-05,-9.480342857100005e-05,0.0009637590857099849,1
18,1774313845812,-0.0001906052571400002,-4.8003428571e-05,-0.00042854091429002806,1
19,1774313845815,-0.0001906052571400002,-4.8003428571e-05,-0.00042854091429002806,1
20,1774313845818,-0.0001906052571400002,-4.8003428571e-05,-0.00042854091429002806,1
21,1774313845820,-6.580525713999891e-05,0.00019769657142899996,0.00011355908570996175,1
22,1774313845823,-6.580525713999891e-05,0.00019769657142899996,0.00011355908570996175,1
23,1774313845826,-6.580525713999891e-05,0.00019769657142899996,0.00011355908570996175,1
24,1774313845829,0.0001330947428600012,-6.360342857100005e-05,0.0008584590857100101,1
25,1774313845832,0.0001330947428600012,-6.360342857100005e-05,0.0008584590857100101,1
26,1774313845834,0.0001330947428600012,-6.360342857100005e-05,-0.0003856409142900712,1
27,1774313845837,4.339474286000136e-05,2.2196571428999973e-05,-0.0003856409142900712,1
28,1774313845840,4.339474286000136e-05,2.2196571428999973e-05,-0.0003856409142900712,1
29,1774313845843,3.559474286000085e-05,0.00018599657142899994,7.065908571000489e-05,1
30,1774313845846,3.559474286000085e-05,0.00018599657142899994,7.065908571000489e-05,1
31,1774313845850,3.559474286000085e-05,0.00018599657142899994,7.065908571000489e-05,1
32,1774313845853,-0.00010870525713999914,-0.00014550342857100004,0.000558159085709979,1
33,1774313845856,-0.00010870525713999914,-0.00014550342857100004,0.000558159085709979,1
34,1774313845859,-0.00023740525713999983,8.459657142899997e-05,-0.0001828409142900127,1
35,1774313845862,-0.00023740525713999983,8.459657142899997e-05,-0.0001828409142900127,1
36,1774313845864,-0.00023740525713999983,8.459657142899997e-05,-0.0001828409142900127,1
37,1774313845867,4.394742860000522e-06,0.000150896571429,0.0005113590857099655,1
38,1774313845870,4.394742860000522e-06,0.000150896571429,0.0005113590857099655,1
39,1774313845873,4.394742860000522e-06,0.000150896571429,0.0005113590857099655,1
40,1774313845876,-8.140525713999994e-05,-0.000508203428571,0.000152559085709973,1
41,1774313845878,-8.140525713999994e-05,-0.000508203428571,0.000152559085709973,1
42,1774313845881,-8.140525713999994e-05,-0.000508203428571,0.000152559085709973,1
43,1774313845884,-0.00015160525713999937,0.000318596571429,-0.0004246409142899714,1
44,1774313845887,-0.00015160525713999937,0.000318596571429,-0.0004246409142899714,1
45,1774313845889,-0.00015160525713999937,0.000318596571429,-0.0004246409142899714,1
46,1774313845892,-8.920525713999872e-05,0.000170396571429,0.0008701590857099579,1
47,1774313845895,-8.920525713999872e-05,0.000170396571429,0.0008701590857099579,1
48,1774313845898,-8.920525713999872e-05,0.000170396571429,0.0008701590857099579,1
49,1774313845901,-0.0002335052571399987,-0.000297603428571,0.00041385908570999285,1
50,1774313845903,-0.0002335052571399987,-0.000297603428571,0.00041385908570999285,1
51,1774313845906,-0.0002335052571399987,-0.000297603428571,-0.0004168409142899692,1
52,1774313845909,4.729474286000075e-05,0.000201596571429,-0.0004168409142899692,1
53,1774313845912,4.729474286000075e-05,0.000201596571429,-0.0004168409142899692,1
54,1774313845914,4.729474286000075e-05,-5.190342857100004e-05,0.0005230590857100243,1
55,1774313845917,9.409474286000037e-05,-5.190342857100004e-05,0.0005230590857100243,1
56,1774313845920,9.409474286000037e-05,-5.190342857100004e-05,0.0005230590857100243,1
57,1774313845923,-0.00012430525714000017,-8.310342857100004e-05,-2.2940914290022103e-05,1
58,1774313845925,-0.00012430525714000017,-8.310342857100004e-05,-2.2940914290022103e-05,1
59,1774313845928,-0.00012430525714000017,-8.310342857100004e-05,-2.2940914290022103e-05,1
60,1774313845931,-0.00013600525714000007,0.00019379657142900002,-5.8040914289976715e-05,1
61,1774313845935,-0.00013600525714000007,0.00019379657142900002,-5.8040914289976715e-05,1
62,1774313845938,-0.00013600525714000007,0.00019379657142900002,-5.8040914289976715e-05,1
63,1774313845941,-3.850525713999971e-05,-0.00011040342857100002,0.0006556590857099516,1
64,1774313845944,-3.850525713999971e-05,-0.00011040342857100002,0.0006556590857099516,1
65,1774313845947,-0.00026080525713999964,-0.00016110342857100004,0.000121359085709964,1
66,1774313845950,-0.00026080525713999964,-0.00016110342857100004,0.000121359085709964,1
67,1774313845952,-0.00026080525713999964,-0.00016110342857100004,0.000121359085709964,1
68,1774313845955,7.849474286000108e-05,0.0002873965714289999,-0.00014384091429000146,1
69,1774313845958,7.849474286000108e-05,0.0002873965714289999,-0.00014384091429000146,1
70,1774313845961,7.849474286000108e-05,0.0002873965714289999,-0.00014384091429000146,1
71,1774313845963,4.339474286000136e-05,-0.00027030342857100004,0.0008194590857099988,1
72,1774313845966,4.339474286000136e-05,-0.00027030342857100004,0.0008194590857099988,1
73,1774313845969,4.339474286000136e-05,-0.00027030342857100004,0.0008194590857099988,1
74,1774313845972,-0.0002101052571399989,-0.00036390342857100003,-0.0005611409142900663,1
75,1774313845975,-0.0002101052571399989,-0.00036390342857100003,-0.0005611409142900663,1
76,1774313845977,-0.0002101052571399989,-0.00036390342857100003,-0.0005611409142900663,1
77,1774313845980,4.339474286000136e-05,0.00040439657142899994,0.000214959085709991,1
78,1774313845983,4.339474286000136e-05,0.00040439657142899994,0.000214959085709991,1
79,1774313845986,4.339474286000136e-05,0.00040439657142899994,0.000214959085709991,1
80,1774313845988,-8.920525713999872e-05,-9.090342857100001e-05,0.0010963590857100232,1
81,1774313845991,-8.920525713999872e-05,-9.090342857100001e-05,0.0010963590857100232,1
82,1774313845994,-8.920525713999872e-05,-0.00010260342857100003,-0.0004831409142900438,1
83,1774313845997,6.679474286000117e-05,-0.00010260342857100003,-0.0004831409142900438,1
84,1774313845999,6.679474286000117e-05,-0.00010260342857100003,-0.0004831409142900438,1
85,1774313846002,5.509474286000127e-05,0.00020939657142899997,0.00025785908570994786,1
86,1774313846005,5.509474286000127e-05,0.00020939657142899997,0.00025785908570994786,1
87,1774313846008,5.509474286000127e-05,0.00020939657142899997,0.00025785908570994786,1
88,1774313846011,-5.4105257139999e-05,-0.00021180342857100002,0.0007999590857099377,1
89,1774313846014,-5.4105257139999e-05,-0.00021180342857100002,0.0007999590857099377,1
90,1774313846016,-5.4105257139999e-05,-0.00021180342857100002,0.0007999590857099377,1
91,1774313846019,-6.190525713999952e-05,-3.630342857100004e-05,-0.0003232409142900532,1
92,1774313846022,-6.190525713999952e-05,-3.630342857100004e-05,-0.0003232409142900532,1
93,1774313846026,-6.190525713999952e-05,-3.630342857100004e-05,0.0004099590857099362,1
94,1774313846029,-9.700525713999923e-05,0.00024059657142899997,0.0004099590857099362,1
95,1774313846033,-9.700525713999923e-05,0.00024059657142899997,0.0004099590857099362,1
96,1774313846036,-0.00017110525713999979,-0.00017670342857100004,0.0007336590857099741,1
97,1774313846039,-0.00017110525713999979,-0.00017670342857100004,0.0007336590857099741,1
98,1774313846041,-0.00017110525713999979,-0.00017670342857100004,0.0007336590857099741,1
99,1774313846044,-9.310525713999984e-05,3.3896571428999986e-05,-8.53409142900401e-05,1
100,1774313846047,-9.310525713999984e-05,3.3896571428999986e-05,-8.53409142900401e-05,1
101,1774313846050,-9.310525713999984e-05,0.00016259657142899992,0.0006985590857100194,1
102,1774313846053,0.0001213947428600013,0.00016259657142899992,0.0006985590857100194,1
103,1774313846055,0.0001213947428600013,0.00016259657142899992,0.0006985590857100194,1
104,1774313846058,-0.0001789052571400003,-0.000434103428571,-9.704091428998796e-05,1
105,1774313846061,-0.0001789052571400003,-0.000434103428571,-9.704091428998796e-05,1
106,1774313846064,-0.0001789052571400003,-0.000434103428571,-9.704091428998796e-05,1
107,1774313846067,-3.070525713999919e-05,0.000252296571429,-0.0002764409142900397,1
108,1774313846069,-3.070525713999919e-05,0.000252296571429,-0.0002764409142900397,1
109,1774313846072,-3.070525713999919e-05,0.000252296571429,-0.0002764409142900397,1
110,1774313846075,-6.190525713999952e-05,6.119657142899994e-05,0.0009286590857100303,1
111,1774313846078,-6.190525713999952e-05,6.119657142899994e-05,0.0009286590857100303,1
112,1774313846081,-6.190525713999952e-05,6.119657142899994e-05,0.0009286590857100303,1
113,1774313846084,-0.00015940525713999988,-0.00031710342857100003,3.945908570999589e-05,1
114,1774313846086,-0.00015940525713999988,-0.00031710342857100003,3.945908570999589e-05,1
115,1774313846089,-0.00015940525713999988,-0.00031710342857100003,3.945908570999589e-05,1
116,1774313846092,1.9994742859999817e-05,0.0004238965714289999,-0.0001165409142900491,1
117,1774313846095,1.9994742859999817e-05,0.0004238965714289999,-0.0001165409142900491,1
118,1774313846098,1.9994742859999817e-05,-8.310342857100004e-05,0.0005620590857100356,1
119,1774313846100,0.00022279474286000106,-8.310342857100004e-05,0.0005620590857100356,1
120,1774313846103,0.00022279474286000106,-8.310342857100004e-05,0.0005620590857100356,1
121,1774313846106,-5.4105257139999e-05,-9.090342857100001e-05,-0.00010874091429004685,1
122,1774313846109,-5.4105257139999e-05,-9.090342857100001e-05,-0.00010874091429004685,1
123,1774313846112,-5.4105257139999e-05,-9.090342857100001e-05,-0.00010874091429004685,1
124,1774313846115,-0.00010480525713999975,0.00027179657142899997,0.00011355908570996175,1
0,1774313846208,-0.00015940525713999988,-4.8003428571e-05,-0.00039344091429007345,1
1,1774313846238,-0.00024910525713999973,0.0002990965714289999,0.0006439590857100037,1
2,1774313846241,4.339474286000136e-05,0.00014309657142899993,0.0007180590857099696,1
3,1774313846243,-0.00011260525714000026,-0.00046920342857100005,7.845908571000714e-05,1
4,1774313846246,-0.00011260525714000026,-0.00046920342857100005,7.845908571000714e-05,1
5,1774313846249,-0.00011260525714000026,-0.00046920342857100005,-8.924091428998571e-05,1
6,1774313846252,-9.700525713999923e-05,0.0003614965714289999,-8.924091428998571e-05,1
7,1774313846255,-9.700525713999923e-05,0.0003614965714289999,-8.924091428998571e-05,1
8,1774313846258,-5.4105257139999e-05,0.00015479657142899994,0.0011665590857099324,1
9,1774313846260,-5.4105257139999e-05,0.00015479657142899994,0.0011665590857099324,1
10,1774313846263,-5.4105257139999e-05,0.00015479657142899994,0.0011665590857099324,1
11,1774313846266,-0.00021400525714000002,-0.00012600342857100002,-3.4640914289969967e-05,1
12,1774313846269,-0.00021400525714000002,-0.00012600342857100002,-3.4640914289969967e-05,1
13,1774313846271,-0.00021400525714000002,-0.00012600342857100002,-3.4640914289969967e-05,1
14,1774313846274,2.3894742860000942e-05,0.000357596571429,4.335908570994151e-05,1
15,1774313846277,2.3894742860000942e-05,0.000357596571429,4.335908570994151e-05,1
16,1774313846280,2.3894742860000942e-05,0.000357596571429,4.335908570994151e-05,1
17,1774313846283,-6.580525713999891e-05,0.00016649657142899996,0.0010105590857099984,1
18,1774313846285,-6.580525713999891e-05,0.00016649657142899996,0.0010105590857099984,1
19,1774313846288,-6.580525713999891e-05,0.00016649657142899996,0.0010105590857099984,1
20,1774313846291,-0.00010480525713999975,-0.00012600342857100002,-0.0003856409142900712,1
21,1774313846294,-0.00010480525713999975,-0.00012600342857100002,-0.0003856409142900712,1
22,1774313846297,-0.00010480525713999975,-0.00012600342857100002,-0.0003856409142900712,1
23,1774313846299,-0.00012430525714000017,8.849657142899996e-05,-0.00035054091429000556,1
24,1774313846302,-0.00012430525714000017,8.849657142899996e-05,-0.00035054091429000556,1
25,1774313846305,-0.00012430525714000017,8.849657142899996e-05,0.0005347590857099722,1
26,1774313846308,-0.0001789052571400003,-5.970342857100001e-05,0.0005347590857099722,1
27,1774313846311,-0.0001789052571400003,-5.970342857100001e-05,0.0005347590857099722,1
28,1774313846313,-0.00027640525713999893,-0.00012600342857100002,-7.340914290017604e-06,1
29,1774313846316,-0.00027640525713999893,-0.00012600342857100002,-7.340914290017604e-06,1
30,1774313846319,-0.00027640525713999893,-0.00012600342857100002,-7.340914290017604e-06,1
31,1774313846321,6.679474286000117e-05,0.000314696571429,-2.2940914290022103e-05,1
32,1774313846324,6.679474286000117e-05,0.000314696571429,-2.2940914290022103e-05,1
33,1774313846327,6.679474286000117e-05,0.000314696571429,-2.2940914290022103e-05,1
34,1774313846330,1.9994742859999817e-05,-0.000293703428571,0.00036705908570997935,1
35,1774313846333,1.9994742859999817e-05,-0.000293703428571,0.00036705908570997935,1
36,1774313846336,1.9994742859999817e-05,-0.000293703428571,0.00036705908570997935,1
37,1774313846339,-0.00013990525713999946,0.00014309657142899993,-0.0003856409142900712,1
38,1774313846342,-0.00013990525713999946,0.00014309657142899993,-0.0003856409142900712,1
39,1774313846344,-0.00013990525713999946,0.00014309657142899993,-0.0003856409142900712,1
40,1774313846347,-9.310525713999984e-05,0.000400496571429,0.0006556590857099516,1
41,1774313846350,-9.310525713999984e-05,0.000400496571429,0.0006556590857099516,1
42,1774313846353,-9.310525713999984e-05,-0.00028200342857100005,0.0007063590857100217,1
43,1774313846355,-8.140525713999994e-05,-0.00028200342857100005,0.0007063590857100217,1
44,1774313846358,-8.140525713999994e-05,-0.00028200342857100005,0.0007063590857100217,1
45,1774313846361,-4.630525714000022e-05,-6.360342857100005e-05,-0.0007171409142900003,1
46,1774313846364,-4.630525714000022e-05,-6.360342857100005e-05,-0.0007171409142900003,1
47,1774313846367,-4.630525714000022e-05,-6.360342857100005e-05,-0.0007171409142900003,1
48,1774313846369,9.409474286000037e-05,0.00020939657142899997,8.259085709986895e-06,1
49,1774313846372,9.409474286000037e-05,0.00020939657142899997,8.259085709986895e-06,1
50,1774313846375,9.409474286000037e-05,0.00020939657142899997,8.259085709986895e-06,1
51,1774313846378,4.394742860000522e-06,-7.530342857100001e-05,0.00026955908571000674,1
52,1774313846380,4.394742860000522e-06,-7.530342857100001e-05,0.00026955908571000674,1
53,1774313846383,4.394742860000522e-06,-7.530342857100001e-05,0.00026955908571000674,1
54,1774313846386,-0.00013990525713999946,0.000107996571429,-0.00021794091428996732,1
55,1774313846389,-0.00013990525713999946,0.000107996571429,-0.00021794091428996732,1
56,1774313846392,-0.00013990525713999946,0.000107996571429,-0.00021794091428996732,1
57,1774313846394,-6.580525713999891e-05,8.849657142899996e-05,0.0005698590857099268,1
58,1774313846397,-6.580525713999891e-05,8.849657142899996e-05,0.0005698590857099268,1
59,1774313846400,-6.580525713999891e-05,8.849657142899996e-05,0.0005698590857099268,1
60,1774313846403,-4.630525714000022e-05,-7.530342857100001e-05,0.00032025908570996586,1
61,1774313846406,-4.630525714000022e-05,-7.530342857100001e-05,0.00032025908570996586,1
62,1774313846408,-4.630525714000022e-05,-7.530342857100001e-05,-0.0001672409142900082,1
63,1774313846411,-8.140525713999994e-05,0.00013139657142899997,-0.0001672409142900082,1
64,1774313846414,-8.140525713999994e-05,0.00013139657142899997,-0.0001672409142900082,1
65,1774313846417,0.00020719474286000003,-5.5803428571000026e-05,0.0007102590857099673,1
66,1774313846420,0.00020719474286000003,-5.5803428571000026e-05,0.0007102590857099673,1
67,1774313846423,0.00020719474286000003,-5.5803428571000026e-05,0.0007102590857099673,1
68,1774313846425,-0.00011260525714000026,-0.000293703428571,-0.00028424091429004195,1
69,1774313846428,-0.00011260525714000026,-0.000293703428571,-0.00028424091429004195,1
70,1774313846431,-0.00011260525714000026,-0.000293703428571,-0.00028424091429004195,1
71,1774313846434,-8.140525713999994e-05,0.00030299657142899997,8.235908570995275e-05,1
72,1774313846437,-8.140525713999994e-05,0.00030299657142899997,8.235908570995275e-05,1
73,1774313846439,-8.140525713999994e-05,0.00030299657142899997,8.235908570995275e-05,1
74,1774313846442,-5.020525713999961e-05,-2.8503428571000013e-05,0.0011470590857099823,1
75,1774313846445,-5.020525713999961e-05,-2.8503428571000013e-05,0.0011470590857099823,1
76,1774313846448,-5.020525713999961e-05,-2.8503428571000013e-05,0.0011470590857099823,1
77,1774313846451,3.949474286000024e-05,-4.0203428571000026e-05,-0.0002452409142900307,1
78,1774313846454,3.949474286000024e-05,-4.0203428571000026e-05,-0.0002452409142900307,1
79,1774313846456,3.949474286000024e-05,0.000314696571429,-0.00013994091429005585,1
80,1774313846459,-4.24052571399991e-05,0.000314696571429,-0.00013994091429005585,1
81,1774313846462,-4.24052571399991e-05,0.000314696571429,-0.00013994091429005585,1
82,1774313846465,-5.020525713999961e-05,-2.070342857100004e-05,0.0006283590857099992,1
83,1774313846468,-5.020525713999961e-05,-2.070342857100004e-05,0.0006283590857099992,1
84,1774313846471,-5.020525713999961e-05,-2.070342857100004e-05,0.0006283590857099992,1
85,1774313846473,-0.00021400525714000002,-0.000231303428571,-0.00012824091428999696,1
86,1774313846476,-0.00021400525714000002,-0.000231303428571,-0.00012824091428999696,1
87,1774313846479,-0.00021400525714000002,-0.000231303428571,-0.00012824091428999696,1
88,1774313846482,-6.970525714000003e-05,6.596571428999973e-06,0.00011745908571001839,1
89,1774313846485,-6.970525714000003e-05,6.596571428999973e-06,0.00011745908571001839,1
90,1774313846487,-6.970525714000003e-05,6.596571428999973e-06,0.00011745908571001839,1
91,1774313846490,4.394742860000522e-06,1.049657142899996e-05,0.000495759085709961,1
92,1774313846493,4.394742860000522e-06,1.049657142899996e-05,0.000495759085709961,1
93,1774313846496,4.394742860000522e-06,1.049657142899996e-05,0.000495759085709961,1
94,1774313846499,-0.0002023052571400001,6.119657142899994e-05,3.945908570999589e-05,1
95,1774313846502,-0.0002023052571400001,6.119657142899994e-05,3.945908570999589e-05,1
96,1774313846504,-0.0002023052571400001,0.000314696571429,0.0004567590857099497,1
97,1774313846507,0.00020329474286000064,0.000314696571429,0.0004567590857099497,1
98,1774313846510,0.00020329474286000064,0.000314696571429,0.0004567590857099497,1
99,1774313846513,7.459474285999995e-05,-0.00044190342857100003,3.945908570999589e-05,1
100,1774313846516,7.459474285999995e-05,-0.00044190342857100003,3.945908570999589e-05,1
101,1774313846522,-0.0002101052571399989,0.000232796571429,-0.0002452409142900307,1
102,1774313846525,-0.0002101052571399989,0.000232796571429,-0.0002452409142900307,1
103,1774313846528,-0.0002101052571399989,0.000232796571429,-0.0002452409142900307,1
104,1774313846530,-0.00013600525714000007,9.239657142899994e-05,0.0010339590857100052,1
105,1774313846533,-0.00013600525714000007,9.239657142899994e-05,0.0010339590857100052,1
106,1774313846536,-0.00013600525714000007,-0.00023910342857100004,0.0001642590857100319,1
107,1774313846539,-0.00021400525714000002,-0.00023910342857100004,0.0001642590857100319,1
108,1774313846542,-0.00021400525714000002,-0.00023910342857100004,0.0001642590857100319,1
109,1774313846545,-4.24052571399991e-05,0.000380996571429,-0.0003232409142900532,1
110,1774313846548,-4.24052571399991e-05,0.000380996571429,-0.0003232409142900532,1
111,1774313846551,-4.24052571399991e-05,0.000380996571429,-0.0003232409142900532,1
112,1774313846553,4.947428600011322e-07,0.000263996571429,0.0007024590857099651,1
113,1774313846556,4.947428600011322e-07,0.000263996571429,0.0007024590857099651,1
114,1774313846559,4.947428600011322e-07,0.000263996571429,0.0007024590857099651,1
115,1774313846562,3.949474286000024e-05,-0.000137703428571,0.0002929590857100135,1
116,1774313846564,3.949474286000024e-05,-0.000137703428571,0.0002929590857100135,1
117,1774313846567,3.949474286000024e-05,-0.000137703428571,0.0002929590857100135,1
118,1774313846570,-1.5105257139999897e-05,9.239657142899994e-05,-0.0001672409142900082,1
119,1774313846573,-1.5105257139999897e-05,9.239657142899994e-05,-0.0001672409142900082,1
120,1774313846575,-1.5105257139999897e-05,9.239657142899994e-05,-0.0001672409142900082,1
121,1774313846579,-1.5105257139999897e-05,-1.203428571000054e-06,0.0008311590857099467,1
122,1774313846585,-7.360525713999942e-05,0.00010019657142899997,0.00041385908570999285,1
123,1774313846588,-7.360525713999942e-05,0.00010019657142899997,0.00041385908570999285,1
124,1774313846591,-7.360525713999942e-05,0.00010019657142899997,0.00041385908570999285,1
0,1774313846639,-0.00031540525713999977,-5.190342857100004e-05,-0.00045974091429003706,1
1,1774313846677,-2.2905257139998678e-05,-0.00015720342857100002,0.0006556590857099516,1
2,1774313846704,-5.800525714000013e-05,0.00019379657142900002,-0.0001984409142900172,1
3,1774313846707,-5.800525714000013e-05,0.00019379657142900002,-0.0001984409142900172,1
4,1774313846710,-5.800525714000013e-05,0.00019379657142900002,-0.0001984409142900172,1
5,1774313846713,-1.1205257139998773e-05,0.00013529657142899996,0.001108059085709971,1
6,1774313846716,-1.1205257139998773e-05,0.00013529657142899996,0.001108059085709971,1
7,1774313846718,-1.1205257139998773e-05,0.00013529657142899996,0.001108059085709971,1
8,1774313846721,-3.070525713999919e-05,-0.000274203428571,5.505908571000039e-05,1
9,1774313846724,-3.070525713999919e-05,-0.000274203428571,5.505908571000039e-05,1
10,1774313846727,-3.070525713999919e-05,-0.000274203428571,5.505908571000039e-05,1
11,1774313846729,-7.750525713999881e-05,0.000232796571429,-0.0003583409142900078,1
12,1774313846732,-7.750525713999881e-05,0.000232796571429,-0.0003583409142900078,1
13,1774313846735,-7.750525713999881e-05,0.000232796571429,-0.0003583409142900078,1
14,1774313846738,8.239474286000047e-05,6.119657142899994e-05,0.0005152590857100221,1
15,1774313846741,8.239474286000047e-05,6.119657142899994e-05,0.0005152590857100221,1
16,1774313846744,8.239474286000047e-05,6.119657142899994e-05,0.0001993590857099865,1
17,1774313846746,-0.00024910525713999973,-0.00010260342857100003,0.0001993590857099865,1
18,1774313846749,-0.00024910525713999973,-0.00010260342857100003,0.0001993590857099865,1
19,1774313846752,-7.750525713999881e-05,9.629657142899998e-05,2.3859085709991394e-05,1
20,1774313846755,-7.750525713999881e-05,9.629657142899998e-05,2.3859085709991394e-05,1
21,1774313846758,-7.750525713999881e-05,9.629657142899998e-05,2.3859085709991394e-05,1
22,1774313846760,-0.00010090525713999862,-0.00012990342857100004,0.0005815590857099857,1
23,1774313846763,-0.00010090525713999862,-0.00012990342857100004,0.0005815590857099857,1
24,1774313846766,-0.00010090525713999862,-0.00012990342857100004,0.0005815590857099857,1
25,1774313846768,-0.0002023052571400001,7.6796571429e-05,5.1159085709943757e-05,1
26,1774313846771,-0.0002023052571400001,7.6796571429e-05,5.1159085709943757e-05,1
27,1774313846774,-0.0002023052571400001,7.6796571429e-05,5.1159085709943757e-05,1
28,1774313846777,0.0001252947428600007,0.0003614965714289999,-8.144091428998346e-05,1
29,1774313846780,0.0001252947428600007,0.0003614965714289999,-8.144091428998346e-05,1
30,1774313846783,0.0001252947428600007,0.0003614965714289999,-8.144091428998346e-05,1
31,1774313846786,5.119474286000014e-05,-0.00011040342857100002,0.00039825908570998835,1
32,1774313846788,5.119474286000014e-05,-0.00011040342857100002,0.00039825908570998835,1
33,1774313846791,5.119474286000014e-05,-0.00011040342857100002,-0.00038174091429001456,1
34,1774313846794,-0.0003271052571399997,-0.00018060342857100002,-0.00038174091429001456,1
35,1774313846797,-0.0003271052571399997,-0.00018060342857100002,-0.00038174091429001456,1
36,1774313846799,-0.0001789052571400003,0.0005486965714289999,0.000495759085709961,1
37,1774313846802,-0.0001789052571400003,0.0005486965714289999,0.000495759085709961,1
38,1774313846805,-0.0001789052571400003,0.0005486965714289999,0.000495759085709961,1
39,1774313846808,-0.00014380525713999885,-0.00021180342857100002,0.0011899590857099391,1
40,1774313846811,-0.00014380525713999885,-0.00021180342857100002,0.0011899590857099391,1
41,1774313846814,-0.00014380525713999885,-0.00021180342857100002,0.0011899590857099391,1
42,1774313846817,-0.00014380525713999885,-0.00014550342857100004,-0.0005260409142900007,1
43,1774313846819,-0.00014380525713999885,-0.00014550342857100004,-0.0005260409142900007,1
44,1774313846822,-0.00014380525713999885,-0.00014550342857100004,-0.0005260409142900007,1
45,1774313846825,9.019474286000098e-05,0.00012359657142899994,0.0001486590857100274,1
46,1774313846828,9.019474286000098e-05,0.00012359657142899994,0.0001486590857100274,1
47,1774313846831,9.019474286000098e-05,0.00012359657142899994,0.0001486590857100274,1
48,1774313846833,-8.920525713999872e-05,-0.000137703428571,0.0005308590857100266,1
49,1774313846836,-8.920525713999872e-05,-0.000137703428571,0.0005308590857100266,1
50,1774313846839,-8.920525713999872e-05,-0.000137703428571,-0.0006001409142899665,1
51,1774313846842,-0.0002452052571399986,-0.000153303428571,-0.0006001409142899665,1
52,1774313846844,-0.0002452052571399986,-0.000153303428571,-0.0006001409142899665,1
53,1774313846847,-0.0002452052571399986,0.000252296571429,0.00030075908571001574,1
54,1774313846850,0.0001213947428600013,0.000252296571429,0.00030075908571001574,1
55,1774313846853,0.0001213947428600013,0.000252296571429,0.00030075908571001574,1
56,1774313846856,-0.00011650525713999965,-0.00012990342857100004,0.00028515908571001124,1
57,1774313846859,-0.00011650525713999965,-0.00012990342857100004,0.00028515908571001124,1
58,1774313846862,-0.00011650525713999965,-0.00012990342857100004,0.00028515908571001124,1
59,1774313846864,-8.140525713999994e-05,0.00029129657142899995,-0.0001009409142900446,1
60,1774313846867,-8.140525713999994e-05,0.00029129657142899995,-0.0001009409142900446,1
61,1774313846870,-8.140525713999994e-05,0.00029129657142899995,-0.0001009409142900446,1
62,1774313846873,0.0001096947428600014,0.00023669657142899993,0.000620559085709997,1
63,1774313846876,0.0001096947428600014,0.00023669657142899993,0.000620559085709997,1
64,1774313846878,0.0001096947428600014,0.00023669657142899993,0.000620559085709997,1
65,1774313846881,-0.00011260525714000026,-0.00037560342857100005,3.555908570993926e-05,1
66,1774313846884,-0.00011260525714000026,-0.00037560342857100005,3.555908570993926e-05,1
67,1774313846887,-0.00011260525714000026,0.000182096571429,-0.0001945409142900716,1
68,1774313846890,-0.00013600525714000007,0.000182096571429,-0.0001945409142900716,1
69,1774313846893,-0.00013600525714000007,0.000182096571429,-0.0001945409142900716,1
70,1774313846896,-3.4052571399999926e-06,0.00022889657142899996,0.0009169590857099714,1
71,1774313846898,-3.4052571399999926e-06,0.00022889657142899996,0.0009169590857099714,1
72,1774313846901,-3.4052571399999926e-06,0.00022889657142899996,0.0009169590857099714,1
73,1774313846904,-7.750525713999881e-05,-0.00025080342857100005,8.625908571000939e-05,1
74,1774313846907,-7.750525713999881e-05,-0.00025080342857100005,8.625908571000939e-05,1
75,1774313846910,-7.750525713999881e-05,-0.00025080342857100005,8.625908571000939e-05,1
76,1774313846913,3.949474286000024e-05,0.00027959657142899994,-0.0004402409142899759,1
77,1774313846915,3.949474286000024e-05,0.00027959657142899994,-0.0004402409142899759,1
78,1774313846918,3.949474286000024e-05,0.00027959657142899994,-0.0004402409142899759,1
79,1774313846921,0.00017209474286000032,6.509657142899999e-05,0.000682959085710015,1
80,1774313846924,0.00017209474286000032,6.509657142899999e-05,0.000682959085710015,1
81,1774313846927,0.00017209474286000032,-0.00018060342857100002,2.7759085709937008e-05,1
82,1774313846930,-0.0001789052571400003,-0.00018060342857100002,2.7759085709937008e-05,1
83,1774313846932,-0.0001789052571400003,-0.00018060342857100002,2.7759085709937008e-05,1
84,1774313846935,-7.360525713999942e-05,3.3896571428999986e-05,-0.00025304091429003295,1
85,1774313846938,-7.360525713999942e-05,3.3896571428999986e-05,-0.00025304091429003295,1
86,1774313846941,-7.360525713999942e-05,3.3896571428999986e-05,-0.00025304091429003295,1
87,1774313846943,-4.24052571399991e-05,2.2196571428999973e-05,0.000620559085709997,1
88,1774313846946,-4.24052571399991e-05,2.2196571428999973e-05,0.000620559085709997,1
89,1774313846949,-4.24052571399991e-05,2.2196571428999973e-05,0.000620559085709997,1
90,1774313846952,-0.0001906052571400002,4.9496571428999986e-05,0.00017985908571003639,1
91,1774313846955,-0.0001906052571400002,4.9496571428999986e-05,0.00017985908571003639,1
92,1774313846958,-0.0001906052571400002,4.9496571428999986e-05,0.00017985908571003639,1
93,1774313846960,9.409474286000037e-05,0.00018989657142899998,0.0001681590857099775,1
94,1774313846963,9.409474286000037e-05,0.00018989657142899998,0.0001681590857099775,1
95,1774313846966,9.409474286000037e-05,0.00018989657142899998,0.0001681590857099775,1
96,1774313846969,-4.630525714000022e-05,-0.00017280342857100002,0.0005737590857099835,1
97,1774313846972,-4.630525714000022e-05,-0.00017280342857100002,0.0005737590857099835,1
98,1774313846974,-4.630525714000022e-05,-0.00017280342857100002,-0.00038174091429001456,1
99,1774313846977,-0.0001828052571399997,-1.2903428571000013e-05,-0.00038174091429001456,1
100,1774313846980,-0.0001828052571399997,-1.2903428571000013e-05,-0.00038174091429001456,1
101,1774313846983,-0.00015160525713999937,0.00045899657142899996,0.00020715908570998875,1
102,1774313846986,-0.00015160525713999937,0.00045899657142899996,0.00020715908570998875,1
103,1774313846989,-0.00015160525713999937,0.00045899657142899996,0.00020715908570998875,1
104,1774313846992,-0.00016720525713999866,-0.00019620342857100002,0.0010066590857099418,1
105,1774313846994,-0.00016720525713999866,-0.00019620342857100002,0.0010066590857099418,1
106,1774313846997,-0.00016720525713999866,-0.00019620342857100002,0.0010066590857099418,1
107,1774313847000,1.2194742860001037e-05,-0.000168903428571,-0.0004246409142899714,1
108,1774313847003,1.2194742860001037e-05,-0.000168903428571,-0.0004246409142899714,1
109,1774313847005,1.2194742860001037e-05,-0.000168903428571,-0.0004246409142899714,1
110,1774313847008,8.239474286000047e-05,0.00018599657142899994,0.0002617590857100045,1
111,1774313847011,8.239474286000047e-05,0.00018599657142899994,0.0002617590857100045,1
112,1774313847014,8.239474286000047e-05,0.00018599657142899994,0.0002617590857100045,1
113,1774313847017,8.629474285999986e-05,-7.140342857100003e-05,0.0007609590857099264,1
114,1774313847020,8.629474285999986e-05,-7.140342857100003e-05,0.0007609590857099264,1
115,1774313847023,3.559474286000085e-05,-9.870342857100004e-05,-0.00028424091429004195,1
116,1774313847025,3.559474286000085e-05,-9.870342857100004e-05,-0.00028424091429004195,1
117,1774313847028,3.559474286000085e-05,-9.870342857100004e-05,-0.00028424091429004195,1
118,1774313847031,-2.2905257139998678e-05,0.000107996571429,0.0006361590857100015,1
119,1774313847034,-2.2905257139998678e-05,0.000107996571429,0.0006361590857100015,1
120,1774313847037,-2.2905257139998678e-05,0.000107996571429,0.0006361590857100015,1
121,1774313847040,-1.5105257139999897e-05,-0.00012990342857100004,0.0006439590857100037,1
122,1774313847042,-1.5105257139999897e-05,-0.00012990342857100004,0.0006439590857100037,1
123,1774313847045,-1.5105257139999897e-05,-0.00012990342857100004,0.0006439590857100037,1
124,1774313847048,-0.0001789052571400003,0.00018599657142899994,-0.0004246409142899714,1
0,1774313847095,0.00012919474286000009,0.00017429657142899993,-0.00047534091429004156,1
1,1774313847149,0.00012919474286000009,0.00017429657142899993,-0.00047534091429004156,1
2,1774313847161,-0.00014380525713999885,-0.00012600342857100002,-0.00041294091429002356,1
3,1774313847164,-0.00014380525713999885,-0.00012600342857100002,-0.00041294091429002356,1
4,1774313847167,-0.00012430525714000017,0.000314696571429,0.000370959085710036,1
5,1774313847170,-0.00012430525714000017,0.000314696571429,0.000370959085710036,1
6,1774313847172,-0.00012430525714000017,0.000314696571429,0.000370959085710036,1
7,1774313847175,-7.305257139999383e-06,-0.000266403428571,0.000983259085709935,1
8,1774313847178,-7.305257139999383e-06,-0.000266403428571,0.000983259085709935,1
9,1774313847181,-7.305257139999383e-06,-0.000266403428571,0.000983259085709935,1
10,1774313847183,-7.750525713999881e-05,-0.00016110342857100004,-0.0006196409142900277,1
11,1774313847186,-7.750525713999881e-05,-0.00016110342857100004,-0.0006196409142900277,1
12,1774313847189,-7.750525713999881e-05,-0.00016110342857100004,-0.0006196409142900277,1
13,1774313847192,4.947428600011322e-07,0.00012359657142899994,-0.0002140409142900217,1
14,1774313847195,4.947428600011322e-07,0.00012359657142899994,-0.0002140409142900217,1
15,1774313847198,4.947428600011322e-07,0.00012359657142899994,0.0006049590857099925,1
16,1774313847200,-0.00014380525713999885,-0.00019230342857100004,0.0006049590857099925,1
17,1774313847203,-0.00014380525713999885,-0.00019230342857100004,0.0006049590857099925,1
18,1774313847206,-0.00014380525713999885,1.8296571428999986e-05,-0.0004714409142899849,1
19,1774313847209,4.729474286000075e-05,1.8296571428999986e-05,-0.0004714409142899849,1
20,1774313847211,4.729474286000075e-05,1.8296571428999986e-05,-0.0004714409142899849,1
21,1774313847214,2.7794742860000332e-05,0.000283496571429,0.00033585908570997035,1
22,1774313847217,2.7794742860000332e-05,0.000283496571429,0.00033585908570997035,1
23,1774313847220,2.7794742860000332e-05,0.000283496571429,0.00033585908570997035,1
24,1774313847223,-0.00010090525713999862,-0.00011820342857100002,0.00039825908570998835,1
25,1774313847226,-0.00010090525713999862,-0.00011820342857100002,0.00039825908570998835,1
26,1774313847228,-0.00010090525713999862,-0.00011820342857100002,0.00039825908570998835,1
27,1774313847231,5.119474286000014e-05,0.00020549657142899993,-0.00028424091429004195,1
28,1774313847234,5.119474286000014e-05,0.00020549657142899993,-0.00028424091429004195,1
29,1774313847237,5.119474286000014e-05,0.00020549657142899993,-0.00028424091429004195,1
30,1774313847239,0.0002539947428600014,8.849657142899996e-05,0.0005503590857099767,1
31,1774313847242,0.0002539947428600014,8.849657142899996e-05,0.0005503590857099767,1
32,1774313847245,0.0002539947428600014,8.849657142899996e-05,0.0005503590857099767,1
33,1774313847248,-0.00028810525713999884,-0.000461403428571,-0.0001672409142900082,1
34,1774313847251,-0.00028810525713999884,-0.000461403428571,-0.0001672409142900082,1
35,1774313847254,-0.00028810525713999884,0.000314696571429,-0.00019064091429001496,1
36,1774313847256,-7.360525713999942e-05,0.000314696571429,-0.00019064091429001496,1
37,1774313847259,-7.360525713999942e-05,0.000314696571429,-0.00019064091429001496,1
38,1774313847262,-7.360525713999942e-05,0.00014699657142899997,0.0010378590857099508,1
39,1774313847264,-4.630525714000022e-05,0.00014699657142899997,0.0010378590857099508,1
40,1774313847267,-4.630525714000022e-05,0.00014699657142899997,0.0010378590857099508,1
41,1774313847270,-0.00021400525714000002,-0.00025080342857100005,0.000152559085709973,1
42,1774313847273,-0.00021400525714000002,-0.00025080342857100005,0.000152559085709973,1
43,1774313847276,-0.00021400525714000002,-0.00025080342857100005,0.000152559085709973,1
44,1774313847278,-0.00012820525713999956,0.00026789657142899993,-0.0004363409142900303,1
45,1774313847281,-0.00012820525713999956,0.00026789657142899993,-0.0004363409142900303,1
46,1774313847284,-0.00012820525713999956,0.00026789657142899993,-0.0004363409142900303,1
47,1774313847287,1.2194742860001037e-05,-5.10342857100004e-06,0.0005776590857099291,1
48,1774313847289,1.2194742860001037e-05,-5.10342857100004e-06,0.0005776590857099291,1
49,1774313847292,1.2194742860001037e-05,-5.10342857100004e-06,0.0005776590857099291,1
50,1774313847295,-0.00025690525714000025,-9.870342857100004e-05,0.00016035908570997525,1
51,1774313847298,-0.00025690525714000025,-9.870342857100004e-05,0.00016035908570997525,1
52,1774313847301,-0.00025690525714000025,-9.870342857100004e-05,0.00016035908570997525,1
53,1774313847303,-0.0001945052571399996,0.00013529657142899996,-0.0002296409142900262,1
54,1774313847306,-0.0001945052571399996,0.00013529657142899996,-0.0002296409142900262,1
55,1774313847309,-0.0001945052571399996,0.00013529657142899996,0.0009325590857099759,1
56,1774313847312,-6.970525714000003e-05,0.00010409657142899996,0.0009325590857099759,1
57,1774313847315,-6.970525714000003e-05,0.00010409657142899996,0.0009325590857099759,1
58,1774313847317,-6.970525714000003e-05,0.00010409657142899996,0.0002617590857100045,1
59,1774313847324,-8.920525713999872e-05,-1.2903428571000013e-05,0.0002617590857100045,1
60,1774313847326,4.947428600011322e-07,0.00027179657142899997,3.555908570993926e-05,1
61,1774313847329,4.947428600011322e-07,0.00027179657142899997,3.555908570993926e-05,1
62,1774313847332,4.947428600011322e-07,0.00027179657142899997,3.555908570993926e-05,1
63,1774313847334,0.00015649474286000102,-0.00013380342857100002,0.0005971590857099902,1
64,1774313847337,0.00015649474286000102,-0.00013380342857100002,0.0005971590857099902,1
65,1774313847340,0.00015649474286000102,-0.00013380342857100002,0.0005971590857099902,1
66,1774313847343,-0.00028030525714000006,-1.2903428571000013e-05,-0.0004012409142899647,1
67,1774313847345,-0.00028030525714000006,-1.2903428571000013e-05,-0.0004012409142899647,1
68,1774313847348,-0.00028030525714000006,-1.2903428571000013e-05,-0.0004012409142899647,1
69,1774313847351,-5.800525714000013e-05,0.0003302965714289999,0.0003748590857099816,1
70,1774313847354,-5.800525714000013e-05,0.0003302965714289999,0.0003748590857099816,1
71,1774313847357,-5.800525714000013e-05,0.0003302965714289999,0.0003748590857099816,1
72,1774313847359,-0.00012430525714000017,-4.410342857100001e-05,0.0009559590857099827,1
73,1774313847362,-0.00012430525714000017,-4.410342857100001e-05,0.0009559590857099827,1
74,1774313847365,-0.00012430525714000017,-4.410342857100001e-05,-0.00043244091428997367,1
75,1774313847368,6.679474286000117e-05,-2.4603428571000026e-05,-0.00043244091428997367,1
76,1774313847371,6.679474286000117e-05,-2.4603428571000026e-05,-0.00043244091428997367,1
77,1774313847373,0.0001096947428600014,0.00016259657142899992,2.7759085709937008e-05,1
78,1774313847376,0.0001096947428600014,0.00016259657142899992,2.7759085709937008e-05,1
79,1774313847379,0.0001096947428600014,0.00016259657142899992,2.7759085709937008e-05,1
80,1774313847382,4.947428600011322e-07,-5.970342857100001e-05,0.0005308590857100266,1
81,1774313847385,4.947428600011322e-07,-5.970342857100001e-05,0.0005308590857100266,1
82,1774313847387,4.947428600011322e-07,-5.970342857100001e-05,0.0005308590857100266,1
83,1774313847390,-5.020525713999961e-05,8.069657142899999e-05,-9.704091428998796e-05,1
84,1774313847393,-5.020525713999961e-05,8.069657142899999e-05,-9.704091428998796e-05,1
85,1774313847395,-5.020525713999961e-05,8.069657142899999e-05,-9.704091428998796e-05,1
86,1774313847398,-0.00013600525714000007,0.000213296571429,0.0003124590857099636,1
87,1774313847401,-0.00013600525714000007,0.000213296571429,0.0003124590857099636,1
88,1774313847404,-0.00013600525714000007,0.000213296571429,0.0003124590857099636,1
89,1774313847406,-0.00014770525713999998,-0.00014160342857100002,0.0004567590857099497,1
90,1774313847409,-0.00014770525713999998,-0.00014160342857100002,0.0004567590857099497,1
91,1774313847412,-0.00014770525713999998,-0.00014160342857100002,0.0004567590857099497,1
92,1774313847415,-8.140525713999994e-05,0.00012359657142899994,-0.0001984409142900172,1
93,1774313847418,-8.140525713999994e-05,0.00012359657142899994,-0.0001984409142900172,1
94,1774313847420,-8.140525713999994e-05,0.00012359657142899994,-0.0001984409142900172,1
95,1774313847423,0.00011359474286000079,0.00011579657142899997,0.00031635908571002024,1
96,1774313847426,0.00011359474286000079,0.00011579657142899997,0.00031635908571002024,1
97,1774313847429,0.00011359474286000079,0.00011579657142899997,0.00031635908571002024,1
98,1774313847432,-0.000264705257139999,-0.00015720342857100002,4.335908570994151e-05,1
99,1774313847434,-0.000264705257139999,-0.00015720342857100002,4.335908570994151e-05,1
100,1774313847437,-0.000264705257139999,0.00022889657142899996,-0.00019064091429001496,1
101,1774313847440,-0.00010870525713999914,0.00022889657142899996,-0.00019064091429001496,1
102,1774313847443,-0.00010870525713999914,0.00022889657142899996,-0.00019064091429001496,1
103,1774313847446,-3.070525713999919e-05,0.00015869657142899998,0.0008155590857099422,1
104,1774313847449,-3.070525713999919e-05,0.00015869657142899998,0.0008155590857099422,1
105,1774313847451,-3.070525713999919e-05,0.00015869657142899998,0.0008155590857099422,1
106,1774313847454,2.7794742860000332e-05,-0.00036390342857100003,6.285908571000264e-05,1
107,1774313847457,2.7794742860000332e-05,-0.00036390342857100003,6.285908571000264e-05,1
108,1774313847460,2.7794742860000332e-05,-0.00036390342857100003,6.285908571000264e-05,1
109,1774313847463,-4.24052571399991e-05,5.729657142899996e-05,-0.00044804091428997817,1
110,1774313847465,-4.24052571399991e-05,5.729657142899996e-05,-0.00044804091428997817,1
111,1774313847468,-4.24052571399991e-05,5.729657142899996e-05,-0.00044804091428997817,1
112,1774313847471,1.6094742860000427e-05,2.609657142899996e-05,0.0006088590857099381,1
113,1774313847474,1.6094742860000427e-05,2.609657142899996e-05,0.0006088590857099381,1
114,1774313847477,1.6094742860000427e-05,-0.000137703428571,0.0002032590857099321,1
115,1774313847480,-0.0002023052571400001,-0.000137703428571,0.0002032590857099321,1
116,1774313847483,-0.0002023052571400001,-0.000137703428571,0.0002032590857099321,1
117,1774313847486,-0.00014770525713999998,0.00013529657142899996,-9.314091429004235e-05,1
118,1774313847488,-0.00014770525713999998,0.00013529657142899996,-9.314091429004235e-05,1
119,1774313847491,-0.00014770525713999998,0.00013529657142899996,-9.314091429004235e-05,1
120,1774313847494,8.294742859999912e-06,0.000182096571429,0.0009091590857099692,1
121,1774313847497,8.294742859999912e-06,0.000182096571429,0.0009091590857099692,1
122,1774313847500,8.294742859999912e-06,0.000182096571429,0.0009091590857099692,1
123,1774313847502,-0.00017500525713999918,-0.00016500342857100002,0.0003943590857099317,1
124,1774313847505,-0.00017500525713999918,-0.00016500342857100002,0.0003943590857099317,1
0,1774313847620,-8.530525713999933e-05,0.000439496571429,0.0006790590857099583,1
1,1774313847623,-0.00012430525714000017,2.609657142899996e-05,-0.0003232409142900532,1
2,1774313847625,-0.00012430525714000017,2.609657142899996e-05,-0.0003232409142900532,1
3,1774313847628,-0.00012430525714000017,2.609657142899996e-05,0.00035145908570997485,1
4,1774313847631,-1.9005257139999288e-05,0.000275696571429,0.00035145908570997485,1
5,1774313847633,-1.9005257139999288e-05,0.000275696571429,0.00035145908570997485,1
6,1774313847636,-1.9005257139999288e-05,0.000275696571429,0.0006127590857099947,1
7,1774313847638,-4.24052571399991e-05,-0.000328803428571,0.0006127590857099947,1
8,1774313847641,-4.24052571399991e-05,-0.000328803428571,0.0006127590857099947,1
9,1774313847644,-4.24052571399991e-05,-0.000328803428571,0.0006127590857099947,1
10,1774313847646,0.0001252947428600007,-1.203428571000054e-06,-0.0007132409142900547,1
11,1774313847649,0.0001252947428600007,-1.203428571000054e-06,-0.0007132409142900547,1
12,1774313847652,0.0001252947428600007,-1.203428571000054e-06,-0.0007132409142900547,1
13,1774313847655,2.7794742860000332e-05,0.00010409657142899996,0.0001057590857099595,1
14,1774313847658,2.7794742860000332e-05,0.00010409657142899996,0.0001057590857099595,1
15,1774313847660,-7.305257139999383e-06,-0.00018840342857100002,0.0006010590857099358,1
16,1774313847663,-7.305257139999383e-06,-0.00018840342857100002,0.0006010590857099358,1
17,1774313847666,-7.305257139999383e-06,-0.00018840342857100002,0.0006010590857099358,1
18,1774313847669,-0.00012040525713999904,0.00013139657142899997,-0.00028814091428998757,1
19,1774313847672,-0.00012040525713999904,0.00013139657142899997,-0.00028814091428998757,1
20,1774313847675,-0.00012040525713999904,0.00013139657142899997,-0.00028814091428998757,1
21,1774313847677,-0.00012820525713999956,0.000232796571429,0.00017595908570997975,1
22,1774313847680,-0.00012820525713999956,0.000232796571429,0.00017595908570997975,1
23,1774313847683,-0.00012820525713999956,0.000232796571429,0.00017595908570997975,1
24,1774313847686,-6.970525714000003e-05,2.2196571428999973e-05,0.0004996590857100176,1
25,1774313847688,-6.970525714000003e-05,2.2196571428999973e-05,0.0004996590857100176,1
26,1774313847691,-6.970525714000003e-05,2.2196571428999973e-05,0.0004996590857100176,1
27,1774313847694,4.729474286000075e-05,0.00016649657142899996,-0.00022184091429002396,1
28,1774313847696,4.729474286000075e-05,0.00016649657142899996,-0.00022184091429002396,1
29,1774313847699,4.729474286000075e-05,0.00016649657142899996,-0.00022184091429002396,1
30,1774313847702,0.0002539947428600014,0.00022109657142899998,0.0005113590857099655,1
31,1774313847705,0.0002539947428600014,0.00022109657142899998,0.0005113590857099655,1
32,1774313847707,0.0002539947428600014,0.00022109657142899998,0.0005113590857099655,1
33,1774313847710,-8.530525713999933e-05,-0.00022740342857100002,0.00031635908571002024,1
34,1774313847713,-8.530525713999933e-05,-0.00022740342857100002,0.00031635908571002024,1
35,1774313847715,-8.530525713999933e-05,-0.00022740342857100002,0.00031635908571002024,1
36,1774313847718,-7.305257139999383e-06,6.596571428999973e-06,-0.0004402409142899759,1
37,1774313847725,-3.850525713999971e-05,0.000369296571429,0.0007492590857099786,1
38,1774313847728,-3.850525713999971e-05,0.000369296571429,0.0007492590857099786,1
39,1774313847731,-3.850525713999971e-05,0.000369296571429,0.0007492590857099786,1
40,1774313847733,-0.00017110525713999979,-0.00014160342857100002,0.0009793590857099894,1
41,1774313847736,-0.00017110525713999979,-0.00014160342857100002,0.0009793590857099894,1
42,1774313847739,-0.00017110525713999979,-0.00014160342857100002,0.0009793590857099894,1
43,1774313847742,-3.460525713999858e-05,1.049657142899996e-05,-0.0005767409142900708,1
44,1774313847745,-3.460525713999858e-05,1.049657142899996e-05,-0.0005767409142900708,1
45,1774313847747,-3.460525713999858e-05,1.049657142899996e-05,-0.0005767409142900708,1
46,1774313847750,4.394742860000522e-06,0.000369296571429,0.000121359085709964,1
47,1774313847753,4.394742860000522e-06,0.000369296571429,0.000121359085709964,1
48,1774313847755,4.394742860000522e-06,0.000369296571429,0.000121359085709964,1
49,1774313847758,-8.920525713999872e-05,-8.310342857100004e-05,0.00042945908570999735,1
50,1774313847761,-8.920525713999872e-05,-8.310342857100004e-05,0.00042945908570999735,1
51,1774313847764,-8.920525713999872e-05,-8.310342857100004e-05,-0.0006703409142899868,1
52,1774313847767,-1.9005257139999288e-05,-0.00014160342857100002,-0.0006703409142899868,1
53,1774313847769,-1.9005257139999288e-05,-0.00014160342857100002,-0.0006703409142899868,1
54,1774313847772,1.2194742860001037e-05,-9.003428571000027e-06,0.00041775908570993846,1
55,1774313847775,1.2194742860001037e-05,-9.003428571000027e-06,0.00041775908570993846,1
56,1774313847778,1.2194742860001037e-05,-9.003428571000027e-06,0.00041775908570993846,1
57,1774313847780,-0.00016330525713999927,2.9996571428999945e-05,0.00039825908570998835,1
58,1774313847783,-0.00016330525713999927,2.9996571428999945e-05,0.00039825908570998835,1
59,1774313847786,-0.00016330525713999927,2.9996571428999945e-05,0.00039825908570998835,1
60,1774313847789,-0.00012040525713999904,0.00013529657142899996,-0.0003076409142900487,1
61,1774313847792,-0.00012040525713999904,0.00013529657142899996,-0.0003076409142900487,1
62,1774313847795,-0.00012040525713999904,0.00013529657142899996,-0.0003076409142900487,1
63,1774313847797,2.3894742860000942e-05,0.00017819657142899997,0.0006712590857099561,1
64,1774313847800,2.3894742860000942e-05,0.00017819657142899997,0.0006712590857099561,1
65,1774313847803,2.3894742860000942e-05,0.00017819657142899997,0.0006712590857099561,1
66,1774313847806,-0.00016720525713999866,-0.00034440342857100005,0.00032025908570996586,1
67,1774313847809,-0.00016720525713999866,-0.00034440342857100005,0.00032025908570996586,1
68,1774313847812,-0.00016720525713999866,7.289657142899996e-05,-0.0002608409142900352,1
69,1774313847814,9.019474286000098e-05,7.289657142899996e-05,-0.0002608409142900352,1
70,1774313847817,9.019474286000098e-05,7.289657142899996e-05,-0.0002608409142900352,1
71,1774313847820,5.899474286000066e-05,0.000256196571429,0.0007336590857099741,1
72,1774313847823,5.899474286000066e-05,0.000256196571429,0.0007336590857099741,1
73,1774313847826,5.899474286000066e-05,0.000256196571429,0.0007336590857099741,1
74,1774313847828,-0.00010090525713999862,-9.003428571000027e-06,0.0004099590857099362,1
75,1774313847831,-0.00010090525713999862,-9.003428571000027e-06,0.0004099590857099362,1
76,1774313847834,-0.00010090525713999862,-9.003428571000027e-06,0.0004099590857099362,1
77,1774313847837,-3.070525713999919e-05,2.609657142899996e-05,-0.0007600409142900682,1
78,1774313847840,-3.070525713999919e-05,2.609657142899996e-05,-0.0007600409142900682,1
79,1774313847842,-3.070525713999919e-05,2.609657142899996e-05,-0.0007600409142900682,1
80,1774313847845,-1.9005257139999288e-05,0.000314696571429,0.000495759085709961,1
81,1774313847848,-1.9005257139999288e-05,0.000314696571429,0.000495759085709961,1
82,1774313847851,-1.9005257139999288e-05,0.000314696571429,0.000495759085709961,1
83,1774313847854,-0.00028030525714000006,-0.00011820342857100002,0.0006361590857100015,1
84,1774313847857,-0.00028030525714000006,-0.00011820342857100002,0.0006361590857100015,1
85,1774313847859,-0.00028030525714000006,-0.00011820342857100002,-0.0001477409142900581,1
86,1774313847862,-0.0001945052571399996,-3.2403428571000053e-05,-0.0001477409142900581,1
87,1774313847865,-0.0001945052571399996,-3.2403428571000053e-05,-0.0001477409142900581,1
88,1774313847868,-0.0001945052571399996,0.00014309657142899993,0.0004879590857099587,1
89,1774313847870,-0.0001789052571400003,0.00014309657142899993,0.0004879590857099587,1
90,1774313847873,-0.0001789052571400003,0.00014309657142899993,0.0004879590857099587,1
91,1774313847876,-0.0002296052571399993,-7.9203428571e-05,0.0003904590857099861,1
92,1774313847879,-0.0002296052571399993,-7.9203428571e-05,0.0003904590857099861,1
93,1774313847882,-0.0002296052571399993,-7.9203428571e-05,0.0003904590857099861,1
94,1774313847885,-0.00013600525714000007,6.596571428999973e-06,-0.0004246409142899714,1
95,1774313847887,-0.00013600525714000007,6.596571428999973e-06,-0.0004246409142899714,1
96,1774313847890,-0.00013600525714000007,6.596571428999973e-06,-0.0004246409142899714,1
97,1774313847893,-7.750525713999881e-05,3.3896571428999986e-05,0.00033195908571002474,1
98,1774313847896,-7.750525713999881e-05,3.3896571428999986e-05,0.00033195908571002474,1
99,1774313847898,-7.750525713999881e-05,3.3896571428999986e-05,0.00033195908571002474,1
100,1774313847901,-5.800525714000013e-05,-0.000122103428571,-5.8040914289976715e-05,1
101,1774313847904,-5.800525714000013e-05,-0.000122103428571,-5.8040914289976715e-05,1
102,1774313847907,-5.800525714000013e-05,-0.000122103428571,-5.8040914289976715e-05,1
103,1774313847910,-1.5105257139999897e-05,1.049657142899996e-05,-0.0002920409142900442,1
104,1774313847913,-1.5105257139999897e-05,1.049657142899996e-05,-0.0002920409142900442,1
105,1774313847916,-0.00015160525713999937,0.00016259657142899992,0.0010066590857099418,1
106,1774313847918,-0.00015160525713999937,0.00016259657142899992,0.0010066590857099418,1
107,1774313847921,-0.00015160525713999937,0.00016259657142899992,0.0010066590857099418,1
108,1774313847924,-0.00010480525713999975,-0.00019230342857100004,0.00038655908570992947,1
109,1774313847927,-0.00010480525713999975,-0.00019230342857100004,0.00038655908570992947,1
110,1774313847930,-0.00010480525713999975,-0.00019230342857100004,0.00038655908570992947,1
111,1774313847932,9.019474286000098e-05,0.00019769657142899996,-0.0004402409142899759,1
112,1774313847935,9.019474286000098e-05,0.00019769657142899996,-0.0004402409142899759,1
113,1774313847938,9.019474286000098e-05,0.00019769657142899996,-0.0004402409142899759,1
114,1774313847941,-7.305257139999383e-06,0.00016649657142899996,0.0005932590857099336,1
115,1774313847944,-7.305257139999383e-06,0.00016649657142899996,0.0005932590857099336,1
116,1774313847946,-7.305257139999383e-06,0.00016649657142899996,0.0005932590857099336,1
117,1774313847949,-0.00014770525713999998,-0.00020790342857100004,0.0003943590857099317,1
118,1774313847952,-0.00014770525713999998,-0.00020790342857100004,0.0003943590857099317,1
119,1774313847955,-0.00014770525713999998,-0.00020790342857100004,0.0003943590857099317,1
120,1774313847957,-1.9005257139999288e-05,-7.140342857100003e-05,-0.0006274409142900299,1
121,1774313847960,-1.9005257139999288e-05,-7.140342857100003e-05,-0.0006274409142900299,1
122,1774313847963,-1.9005257139999288e-05,-7.140342857100003e-05,0.0005503590857099767,1
123,1774313847966,-5.4105257139999e-05,0.0003302965714289999,0.0005503590857099767,1
124,1774313847969,-5.4105257139999e-05,0.0003302965714289999,0.0005503590857099767,1
0,1774313848074,-0.00014380525713999885,2.2196571428999973e-05,-3.4409142900719905e-06,1
1,1774313848076,-3.460525713999858e-05,-1.2903428571000013e-05,0.00046455908570995196,1
2,1774313848079,-3.460525713999858e-05,-1.2903428571000013e-05,0.00046455908570995196,1
3,1774313848082,-3.460525713999858e-05,-1.2903428571000013e-05,0.00046455908570995196,1
4,1774313848084,-0.0002452052571399986,-0.00016110342857100004,0.0006985590857100194,1
5,1774313848087,-0.0002452052571399986,-0.00016110342857100004,0.0006985590857100194,1
6,1774313848089,-0.0002452052571399986,-0.00016110342857100004,0.0006985590857100194,1
7,1774313848092,-0.00012040525713999904,-0.000122103428571,-0.0003115409142899943,1
8,1774313848095,-0.00012040525713999904,-0.000122103428571,-0.0003115409142899943,1
9,1774313848098,-0.00012040525713999904,-0.000122103428571,-0.0003115409142899943,1
10,1774313848101,4.339474286000136e-05,0.00024839657142899994,-0.00011264091428999246,1
11,1774313848103,4.339474286000136e-05,0.00024839657142899994,-0.00011264091428999246,1
12,1774313848106,4.339474286000136e-05,0.00024839657142899994,-0.00011264091428999246,1
13,1774313848109,-0.0002101052571399989,4.169657142899996e-05,0.000714159085710024,1
14,1774313848112,-0.0002101052571399989,4.169657142899996e-05,0.000714159085710024,1
15,1774313848115,-0.0002101052571399989,3.3896571428999986e-05,-0.00024134091428997407,1
16,1774313848117,1.2194742860001037e-05,3.3896571428999986e-05,-0.00024134091428997407,1
17,1774313848120,1.2194742860001037e-05,3.3896571428999986e-05,-0.00024134091428997407,1
18,1774313848123,0.0001759947428599997,0.000314696571429,-1.9040914289965467e-05,1
19,1774313848126,0.0001759947428599997,0.000314696571429,-1.9040914289965467e-05,1
20,1774313848129,0.0001759947428599997,0.000314696571429,-1.9040914289965467e-05,1
21,1774313848131,-0.00013990525713999946,-5.5803428571000026e-05,0.0005815590857099857,1
22,1774313848134,-0.00013990525713999946,-5.5803428571000026e-05,0.0005815590857099857,1
23,1774313848137,-0.00013990525713999946,-5.5803428571000026e-05,0.0005815590857099857,1
24,1774313848140,-5.020525713999961e-05,2.9996571428999945e-05,-0.00035054091429000556,1
25,1774313848142,-5.020525713999961e-05,2.9996571428999945e-05,-0.00035054091429000556,1
26,1774313848145,-5.020525713999961e-05,2.9996571428999945e-05,-0.00035054091429000556,1
27,1774313848148,-8.140525713999994e-05,0.000201596571429,0.0001486590857100274,1
28,1774313848151,-8.140525713999994e-05,0.000201596571429,0.0001486590857100274,1
29,1774313848154,-8.140525713999994e-05,0.000201596571429,0.0001486590857100274,1
30,1774313848156,-0.0002023052571400001,6.509657142899999e-05,0.0007726590857099853,1
31,1774313848159,-0.0002023052571400001,6.509657142899999e-05,0.0007726590857099853,1
32,1774313848162,-0.0002023052571400001,6.509657142899999e-05,0.0007726590857099853,1
33,1774313848165,-0.0003232052571400003,0.000150896571429,-0.0001360409142899992,1
34,1774313848168,-0.0003232052571400003,0.000150896571429,-0.0001360409142899992,1
35,1774313848171,-0.0003232052571400003,0.000182096571429,0.00020715908570998875,1
36,1774313848173,4.339474286000136e-05,0.000182096571429,0.00020715908570998875,1
37,1774313848176,4.339474286000136e-05,0.000182096571429,0.00020715908570998875,1
38,1774313848179,-6.970525714000003e-05,-0.000137703428571,0.00019545908570992986,1
39,1774313848182,-6.970525714000003e-05,-0.000137703428571,0.00019545908570992986,1
40,1774313848184,-6.970525714000003e-05,-0.000137703428571,0.00019545908570992986,1
41,1774313848187,-3.4052571399999926e-06,1.049657142899996e-05,-0.0005416409142900052,1
42,1774313848190,-3.4052571399999926e-06,1.049657142899996e-05,-0.0005416409142900052,1
43,1774313848193,-3.4052571399999926e-06,1.049657142899996e-05,-0.0005416409142900052,1
44,1774313848195,8.629474285999986e-05,0.000318596571429,0.0006049590857099925,1
45,1774313848198,8.629474285999986e-05,0.000318596571429,0.0006049590857099925,1
46,1774313848201,8.629474285999986e-05,0.000318596571429,0.0006049590857099925,1
47,1774313848203,-0.00015940525713999988,-0.00020400342857100002,0.0006790590857099583,1
48,1774313848206,-0.00015940525713999988,-0.00020400342857100002,0.0006790590857099583,1
49,1774313848209,-0.00015940525713999988,-0.00020400342857100002,0.0006790590857099583,1
50,1774313848212,-5.800525714000013e-05,0.00019379657142900002,-0.0005260409142900007,1
51,1774313848214,-5.800525714000013e-05,0.00019379657142900002,-0.0005260409142900007,1
52,1774313848217,-5.800525714000013e-05,0.00019379657142900002,-0.0005260409142900007,1
53,1774313848220,-6.970525714000003e-05,0.000275696571429,0.00019155908570998425,1
54,1774313848223,-6.970525714000003e-05,0.000275696571429,0.00019155908570998425,1
55,1774313848225,-6.970525714000003e-05,0.000275696571429,0.00019155908570998425,1
56,1774313848228,-0.00028030525714000006,-0.000305403428571,0.0006751590857100127,1
57,1774313848231,-0.00028030525714000006,-0.000305403428571,0.0006751590857100127,1
58,1774313848234,-0.00028030525714000006,-0.000305403428571,0.0006751590857100127,1
59,1774313848236,-0.00012820525713999956,-0.00018840342857100002,-0.00044804091428997817,1
60,1774313848239,-0.00012820525713999956,-0.00018840342857100002,-0.00044804091428997817,1
61,1774313848242,-0.00012820525713999956,-0.00018840342857100002,0.0005971590857099902,1
62,1774313848245,-8.920525713999872e-05,0.000139196571429,0.0005971590857099902,1
63,1774313848247,-8.920525713999872e-05,0.000139196571429,0.0005971590857099902,1
64,1774313848250,-8.920525713999872e-05,0.000139196571429,0.0004528590857100041,1
65,1774313848253,-0.00015940525713999988,-5.190342857100004e-05,0.0004528590857100041,1
66,1774313848255,-0.00015940525713999988,-5.190342857100004e-05,0.0004528590857100041,1
67,1774313848258,-0.00015940525713999988,0.00020549657142899993,-2.6840914289967717e-05,1
68,1774313848261,-1.9005257139999288e-05,0.00020549657142899993,-2.6840914289967717e-05,1
69,1774313848263,-1.9005257139999288e-05,0.00020549657142899993,-2.6840914289967717e-05,1
70,1774313848266,-1.9005257139999288e-05,0.00014309657142899993,0.00044505908571000185,1
71,1774313848269,4.394742860000522e-06,0.00014309657142899993,0.00044505908571000185,1
72,1774313848272,4.394742860000522e-06,0.00014309657142899993,0.00044505908571000185,1
73,1774313848275,-0.00023740525713999983,-0.000324903428571,0.00036315908571003374,1
74,1774313848277,-0.00023740525713999983,-0.000324903428571,0.00036315908571003374,1
75,1774313848280,-0.00023740525713999983,-0.000324903428571,0.00036315908571003374,1
76,1774313848283,-0.00010480525713999975,4.5596571429e-05,-0.0002764409142900397,1
77,1774313848286,-0.00010480525713999975,4.5596571429e-05,-0.0002764409142900397,1
78,1774313848288,-0.00010480525713999975,4.5596571429e-05,-0.0002764409142900397,1
79,1774313848291,-0.00014380525713999885,0.00011579657142899997,0.0006673590857100105,1
80,1774313848294,-0.00014380525713999885,0.00011579657142899997,0.0006673590857100105,1
81,1774313848297,-0.00014380525713999885,0.00011579657142899997,0.0006673590857100105,1
82,1774313848300,-0.00013210525713999895,-0.00019620342857100002,0.00036315908571003374,1
83,1774313848302,-0.00013210525713999895,-0.00019620342857100002,0.00036315908571003374,1
84,1774313848305,-0.00013210525713999895,-0.00019620342857100002,0.00036315908571003374,1
85,1774313848308,-3.070525713999919e-05,0.00010019657142899997,-0.00046364091428998267,1
86,1774313848311,-3.070525713999919e-05,0.00010019657142899997,-0.00046364091428998267,1
87,1774313848313,-3.070525713999919e-05,0.00010019657142899997,-0.00046364091428998267,1
88,1774313848316,6.289474286000005e-05,0.00014309657142899993,0.0004216590857099951,1
89,1774313848319,6.289474286000005e-05,0.00014309657142899993,0.0004216590857099951,1
90,1774313848322,6.289474286000005e-05,-0.00033270342857100003,0.0005659590857099812,1
91,1774313848325,-0.0002296052571399993,-0.00033270342857100003,0.0005659590857099812,1
92,1774313848328,-0.0002296052571399993,-0.00033270342857100003,0.0005659590857099812,1
93,1774313848330,1.6094742860000427e-05,6.596571428999973e-06,-0.0005728409142900142,1
94,1774313848333,1.6094742860000427e-05,6.596571428999973e-06,-0.0005728409142900142,1
95,1774313848336,1.6094742860000427e-05,6.596571428999973e-06,-0.0005728409142900142,1
96,1774313848339,6.679474286000117e-05,0.000295196571429,0.0004060590857099906,1
97,1774313848342,6.679474286000117e-05,0.000295196571429,0.0004060590857099906,1
98,1774313848344,6.679474286000117e-05,0.000295196571429,0.0004060590857099906,1
99,1774313848347,-0.00016330525713999927,-4.0203428571000026e-05,0.00044895908570994746,1
100,1774313848350,-0.00016330525713999927,-4.0203428571000026e-05,0.00044895908570994746,1
101,1774313848353,-0.00016330525713999927,-4.0203428571000026e-05,0.00044895908570994746,1
102,1774313848355,-0.00016330525713999927,-0.000122103428571,-0.00012824091428999696,1
103,1774313848358,-0.00016330525713999927,-0.000122103428571,-0.00012824091428999696,1
104,1774313848361,-0.00016330525713999927,-0.000122103428571,-0.00012824091428999696,1
105,1774313848364,0.00014089474286,-5.190342857100004e-05,0.00039825908570998835,1
106,1774313848367,0.00014089474286,-5.190342857100004e-05,0.00039825908570998835,1
107,1774313848370,0.00014089474286,-5.190342857100004e-05,0.0001330590857100229,1
108,1774313848373,-8.530525713999933e-05,-9.480342857100005e-05,0.0001330590857100229,1
109,1774313848375,-8.530525713999933e-05,-9.480342857100005e-05,0.0001330590857100229,1
110,1774313848378,-7.305257139999383e-06,9.629657142899998e-05,-0.0002920409142900442,1
111,1774313848381,-7.305257139999383e-06,9.629657142899998e-05,-0.0002920409142900442,1
112,1774313848384,-7.305257139999383e-06,9.629657142899998e-05,-0.0002920409142900442,1
113,1774313848386,-0.00012430525714000017,0.000150896571429,0.0007024590857099651,1
114,1774313848389,-0.00012430525714000017,0.000150896571429,0.0007024590857099651,1
115,1774313848392,-0.00012430525714000017,0.000150896571429,0.0007024590857099651,1
116,1774313848395,-0.000264705257139999,-0.00028200342857100005,0.0003787590857099272,1
117,1774313848397,-0.000264705257139999,-0.00028200342857100005,0.0003787590857099272,1
118,1774313848400,-0.000264705257139999,-0.00028200342857100005,0.0003787590857099272,1
119,1774313848403,-3.460525713999858e-05,0.00024059657142899997,-0.0005338409142900029,1
120,1774313848406,-3.460525713999858e-05,0.00024059657142899997,-0.0005338409142900029,1
121,1774313848409,-3.460525713999858e-05,0.00024059657142899997,-0.0005338409142900029,1
122,1774313848411,-8.530525713999933e-05,0.00016259657142899992,0.000308559085710018,1
123,1774313848414,-8.530525713999933e-05,0.00016259657142899992,0.000308559085710018,1
124,1774313848417,-8.530525713999933e-05,0.00016259657142899992,0.000308559085710018,1
0,1774313848481,4.339474286000136e-05,0.00019769657142899996,0.0004216590857099951,1
1,1774313848528,4.947428600011322e-07,0.00012359657142899994,0.0006322590857099448,1
2,1774313848532,-0.00012040525713999904,0.000201596571429,0.000495759085709961,1
3,1774313848535,-0.00012040525713999904,0.000201596571429,0.000495759085709961,1
4,1774313848537,-0.0001789052571400003,-7.140342857100003e-05,0.000682959085710015,1
5,1774313848540,-0.0001789052571400003,-7.140342857100003e-05,0.000682959085710015,1
6,1774313848543,-0.0001789052571400003,-7.140342857100003e-05,0.000682959085710015,1
7,1774313848546,-0.0003739052571399993,-9.870342857100004e-05,-5.0240914289974466e-05,1
8,1774313848548,-0.0003739052571399993,-9.870342857100004e-05,-5.0240914289974466e-05,1
9,1774313848551,-0.0003739052571399993,-9.870342857100004e-05,-5.0240914289974466e-05,1
10,1774313848554,-3.460525713999858e-05,0.00013529657142899996,0.0005308590857100266,1
11,1774313848556,-3.460525713999858e-05,0.00013529657142899996,0.0005308590857100266,1
12,1774313848559,-3.460525713999858e-05,0.00013529657142899996,0.0005308590857100266,1
13,1774313848562,3.169474285999972e-05,-0.000246903428571,-0.0001633409142900626,1
14,1774313848564,3.169474285999972e-05,-0.000246903428571,-0.0001633409142900626,1
15,1774313848567,3.169474285999972e-05,-0.000246903428571,-0.0001633409142900626,1
16,1774313848570,-7.750525713999881e-05,0.00035369657142899995,-0.0004168409142899692,1
17,1774313848573,-7.750525713999881e-05,0.00035369657142899995,-0.0004168409142899692,1
18,1774313848575,-7.750525713999881e-05,0.00035369657142899995,-0.0004168409142899692,1
19,1774313848578,-0.0002101052571399989,-1.2903428571000013e-05,0.0008194590857099988,1
20,1774313848581,-0.0002101052571399989,-1.2903428571000013e-05,0.0008194590857099988,1
21,1774313848583,-0.0002101052571399989,-1.2903428571000013e-05,0.0008194590857099988,1
22,1774313848586,-6.970525714000003e-05,0.000170396571429,0.00043335908570994296,1
23,1774313848589,-6.970525714000003e-05,0.000170396571429,0.00043335908570994296,1
24,1774313848592,-6.970525714000003e-05,0.000170396571429,0.00043335908570994296,1
25,1774313848594,0.0001369947428600006,0.000263996571429,-0.00041294091429002356,1
26,1774313848597,0.0001369947428600006,0.000263996571429,-0.00041294091429002356,1
27,1774313848600,0.0001369947428600006,0.000263996571429,-0.00041294091429002356,1
28,1774313848602,4.729474286000075e-05,6.596571428999973e-06,0.0006751590857100127,1
29,1774313848605,4.729474286000075e-05,6.596571428999973e-06,0.0006751590857100127,1
30,1774313848608,4.729474286000075e-05,6.596571428999973e-06,0.0006751590857100127,1
31,1774313848610,-9.700525713999923e-05,-7.9203428571e-05,0.00017595908570997975,1
32,1774313848613,-9.700525713999923e-05,-7.9203428571e-05,0.00017595908570997975,1
33,1774313848618,-9.700525713999923e-05,-7.9203428571e-05,0.00017595908570997975,1
34,1774313848622,-0.00011650525713999965,0.00010409657142899996,-0.0004090409142899669,1
35,1774313848625,-0.00011650525713999965,0.00010409657142899996,-0.0004090409142899669,1
36,1774313848627,6.289474286000005e-05,0.00014309657142899993,0.0003241590857100225,1
37,1774313848630,6.289474286000005e-05,0.00014309657142899993,0.0003241590857100225,1
38,1774313848633,6.289474286000005e-05,-0.00011820342857100002,0.0005698590857099268,1
39,1774313848636,-0.00014380525713999885,-0.00011820342857100002,0.0005698590857099268,1
40,1774313848638,-0.00014380525713999885,-0.00011820342857100002,0.0005698590857099268,1
41,1774313848641,-3.460525713999858e-05,8.849657142899996e-05,-0.00011264091428999246,1
42,1774313848644,-3.460525713999858e-05,8.849657142899996e-05,-0.00011264091428999246,1
43,1774313848647,-3.460525713999858e-05,8.849657142899996e-05,-0.00011264091428999246,1
44,1774313848649,-3.4052571399999926e-06,5.339657142899997e-05,0.0005620590857100356,1
45,1774313848652,-3.4052571399999926e-06,5.339657142899997e-05,0.0005620590857100356,1
46,1774313848655,-3.4052571399999926e-06,5.339657142899997e-05,0.0005620590857100356,1
47,1774313848658,-0.0002179052571399994,-0.000293703428571,4.5908570998464543e-07,1
48,1774313848661,-0.0002179052571399994,-0.000293703428571,4.5908570998464543e-07,1
49,1774313848663,-0.0002179052571399994,-0.000293703428571,4.5908570998464543e-07,1
50,1774313848666,7.849474286000108e-05,0.00019379657142900002,-0.00019064091429001496,1
51,1774313848669,7.849474286000108e-05,0.00019379657142900002,-0.00019064091429001496,1
52,1774313848672,7.849474286000108e-05,0.00019379657142900002,-0.00019064091429001496,1
53,1774313848674,8.294742859999912e-06,0.000150896571429,0.0013420590857099275,1
54,1774313848677,8.294742859999912e-06,0.000150896571429,0.0013420590857099275,1
55,1774313848680,8.294742859999912e-06,0.000150896571429,0.0013420590857099275,1
56,1774313848683,-7.750525713999881e-05,-0.00023520342857100002,0.0005464590857100311,1
57,1774313848685,-7.750525713999881e-05,-0.00023520342857100002,0.0005464590857100311,1
58,1774313848688,-7.750525713999881e-05,-0.00023520342857100002,0.0005464590857100311,1
59,1774313848691,0.0001642947428599998,0.00016259657142899992,-0.00035054091429000556,1
60,1774313848694,0.0001642947428599998,0.00016259657142899992,-0.00035054091429000556,1
61,1774313848697,0.0001642947428599998,3.3896571428999986e-05,0.0004528590857100041,1
62,1774313848699,6.679474286000117e-05,3.3896571428999986e-05,0.0004528590857100041,1
63,1774313848702,6.679474286000117e-05,3.3896571428999986e-05,0.0004528590857100041,1
64,1774313848705,-0.00021400525714000002,-0.00016500342857100002,0.0004723590857099542,1
65,1774313848708,-0.00021400525714000002,-0.00016500342857100002,0.0004723590857099542,1
66,1774313848710,-0.00021400525714000002,-0.00016500342857100002,0.0004723590857099542,1
67,1774313848713,-1.9005257139999288e-05,-1.6803428571e-05,-0.00047924091428998717,1
68,1774313848716,-1.9005257139999288e-05,-1.6803428571e-05,-0.00047924091428998717,1
69,1774313848719,-1.9005257139999288e-05,-1.6803428571e-05,-0.00047924091428998717,1
70,1774313848721,2.3894742860000942e-05,0.00012749657142899998,0.00046065908571000635,1
71,1774313848724,2.3894742860000942e-05,0.00012749657142899998,0.00046065908571000635,1
72,1774313848727,2.3894742860000942e-05,0.00012749657142899998,0.00046065908571000635,1
73,1774313848730,-3.070525713999919e-05,-0.00016110342857100004,0.00019155908570998425,1
74,1774313848733,-3.070525713999919e-05,-0.00016110342857100004,0.00019155908570998425,1
75,1774313848735,-3.070525713999919e-05,-0.00016110342857100004,0.00019155908570998425,1
76,1774313848738,-8.530525713999933e-05,0.00014309657142899993,-0.0001789409142900671,1
77,1774313848741,-8.530525713999933e-05,0.00014309657142899993,-0.0001789409142900671,1
78,1774313848744,-8.530525713999933e-05,0.00014309657142899993,-0.0001789409142900671,1
79,1774313848746,6.679474286000117e-05,4.5596571429e-05,0.0007882590857099898,1
80,1774313848749,6.679474286000117e-05,4.5596571429e-05,0.0007882590857099898,1
81,1774313848752,6.679474286000117e-05,4.5596571429e-05,0.0007882590857099898,1
82,1774313848755,-2.6805257139999802e-05,-0.00018060342857100002,3.1659085709993644e-05,1
83,1774313848757,-2.6805257139999802e-05,-0.00018060342857100002,3.1659085709993644e-05,1
84,1774313848760,-2.6805257139999802e-05,-0.00018060342857100002,5.1159085709943757e-05,1
85,1774313848763,-2.6805257139999802e-05,0.00041609657142899995,5.1159085709943757e-05,1
86,1774313848766,-2.6805257139999802e-05,0.00041609657142899995,5.1159085709943757e-05,1
87,1774313848768,-2.6805257139999802e-05,0.0002990965714289999,0.0011743590857099346,1
88,1774313848771,-8.920525713999872e-05,0.0002990965714289999,0.0011743590857099346,1
89,1774313848774,-8.920525713999872e-05,0.0002990965714289999,0.0011743590857099346,1
90,1774313848777,-0.00015940525713999988,-0.00010650342857100001,0.0003787590857099272,1
91,1774313848780,-0.00015940525713999988,-0.00010650342857100001,0.0003787590857099272,1
92,1774313848782,-0.00015940525713999988,-0.00010650342857100001,0.0003787590857099272,1
93,1774313848785,3.949474286000024e-05,0.00013139657142899997,-0.0004519409142900348,1
94,1774313848788,3.949474286000024e-05,0.00013139657142899997,-0.0004519409142900348,1
95,1774313848791,3.949474286000024e-05,0.00013139657142899997,-0.0004519409142900348,1
96,1774313848793,0.00015649474286000102,3.3896571428999986e-05,0.0005308590857100266,1
97,1774313848796,0.00015649474286000102,3.3896571428999986e-05,0.0005308590857100266,1
98,1774313848799,0.00015649474286000102,3.3896571428999986e-05,0.0005308590857100266,1
99,1774313848802,-0.00028420525713999945,-7.9203428571e-05,0.00031635908571002024,1
100,1774313848804,-0.00028420525713999945,-7.9203428571e-05,0.00031635908571002024,1
101,1774313848807,-0.00028420525713999945,-7.9203428571e-05,0.00031635908571002024,1
102,1774313848810,-6.580525713999891e-05,0.00010409657142899996,-0.00033104091429005545,1
103,1774313848813,-6.580525713999891e-05,0.00010409657142899996,-0.00033104091429005545,1
104,1774313848815,-6.580525713999891e-05,0.00010409657142899996,-0.00033104091429005545,1
105,1774313848818,-0.00015160525713999937,0.00013529657142899996,0.0007414590857099763,1
106,1774313848821,-0.00015160525713999937,0.00013529657142899996,0.0007414590857099763,1
107,1774313848824,-0.00015160525713999937,0.00013529657142899996,0.0007414590857099763,1
108,1774313848827,-2.6805257139999802e-05,0.00010019657142899997,0.00044895908570994746,1
109,1774313848829,-2.6805257139999802e-05,0.00010019657142899997,0.00044895908570994746,1
110,1774313848832,-2.6805257139999802e-05,0.00016649657142899996,8.235908570995275e-05,1
111,1774313848835,3.169474285999972e-05,0.00016649657142899996,8.235908570995275e-05,1
112,1774313848838,3.169474285999972e-05,0.00016649657142899996,8.235908570995275e-05,1
113,1774313848840,-8.140525713999994e-05,6.596571428999973e-06,0.000952059085710037,1
114,1774313848843,-8.140525713999994e-05,6.596571428999973e-06,0.000952059085710037,1
115,1774313848846,-8.140525713999994e-05,6.596571428999973e-06,0.000952059085710037,1
116,1774313848849,0.00017209474286000032,-0.00019230342857100004,4.359085709930259e-06,1
117,1774313848851,0.00017209474286000032,-0.00019230342857100004,4.359085709930259e-06,1
118,1774313848854,0.00017209474286000032,-0.00019230342857100004,4.359085709930259e-06,1
119,1774313848857,0.00021499474286000055,0.000318596571429,-5.0240914289974466e-05,1
120,1774313848860,0.00021499474286000055,0.000318596571429,-5.0240914289974466e-05,1
121,1774313848863,0.00021499474286000055,0.000318596571429,-5.0240914289974466e-05,1
122,1774313848865,-7.750525713999881e-05,0.00023669657142899993,0.0011665590857099324,1
123,1774313848868,-7.750525713999881e-05,0.00023669657142899993,0.0011665590857099324,1
124,1774313848871,-7.750525713999881e-05,0.00023669657142899993,0.0011665590857099324,1
0,1774313848979,-9.310525713999984e-05,0.000263996571429,0.000714159085710024,1
1,1774313848982,0.00016819474286000093,0.000170396571429,-0.00012434091429005135,1
2,1774313848984,-0.00015940525713999988,-0.00014940342857100002,0.0009403590857099782,1
3,1774313848987,-0.00015940525713999988,-0.00014940342857100002,0.0009403590857099782,1
4,1774313848990,-0.00015940525713999988,-0.00014940342857100002,0.0009403590857099782,1
5,1774313848993,-0.00013210525713999895,-5.190342857100004e-05,-0.00023354091428997182,1
6,1774313848996,-0.00013210525713999895,-5.190342857100004e-05,-0.00023354091428997182,1
7,1774313848998,-0.00013210525713999895,-5.190342857100004e-05,-0.00023354091428997182,1
8,1774313849001,-9.700525713999923e-05,0.0002990965714289999,-0.0001984409142900172,1
9,1774313849004,-9.700525713999923e-05,0.0002990965714289999,-0.0001984409142900172,1
10,1774313849007,-9.700525713999923e-05,0.0002990965714289999,-0.0001984409142900172,1
11,1774313849010,-6.580525713999891e-05,0.00011969657142899996,0.0007804590857099876,1
12,1774313849012,-6.580525713999891e-05,0.00011969657142899996,0.0007804590857099876,1
13,1774313849015,-6.580525713999891e-05,0.00011969657142899996,0.0007804590857099876,1
14,1774313849018,-7.360525713999942e-05,-0.00015720342857100002,0.000152559085709973,1
15,1774313849021,-7.360525713999942e-05,-0.00015720342857100002,0.000152559085709973,1
16,1774313849023,-7.360525713999942e-05,0.00016649657142899996,5.1159085709943757e-05,1
17,1774313849026,3.559474286000085e-05,0.00016649657142899996,5.1159085709943757e-05,1
18,1774313849029,3.559474286000085e-05,0.00016649657142899996,5.1159085709943757e-05,1
19,1774313849032,-0.00013210525713999895,-7.9203428571e-05,0.0005542590857100333,1
20,1774313849035,-0.00013210525713999895,-7.9203428571e-05,0.0005542590857100333,1
21,1774313849037,-0.00013210525713999895,-7.9203428571e-05,0.0005542590857100333,1
22,1774313849040,-0.0002218052571399988,-0.00031320342857100005,-9.314091429004235e-05,1
23,1774313849043,-0.0002218052571399988,-0.00031320342857100005,-9.314091429004235e-05,1
24,1774313849045,-0.0002218052571399988,-0.00031320342857100005,-9.314091429004235e-05,1
25,1774313849048,7.069474286000056e-05,0.00022109657142899998,3.945908570999589e-05,1
26,1774313849051,7.069474286000056e-05,0.00022109657142899998,3.945908570999589e-05,1
27,1774313849054,7.069474286000056e-05,0.00022109657142899998,3.945908570999589e-05,1
28,1774313849057,-0.00014770525713999998,0.000139196571429,0.0009481590857099804,1
29,1774313849059,-0.00014770525713999998,0.000139196571429,0.0009481590857099804,1
30,1774313849062,-0.00014770525713999998,0.000139196571429,0.0009481590857099804,1
31,1774313849065,3.949474286000024e-05,-7.140342857100003e-05,-0.0004948409142899917,1
32,1774313849068,3.949474286000024e-05,-7.140342857100003e-05,-0.0004948409142899917,1
33,1774313849070,3.949474286000024e-05,-7.140342857100003e-05,-0.0004948409142899917,1
34,1774313849073,0.0003163947428600003,0.00014309657142899993,-0.00025304091429003295,1
35,1774313849076,0.0003163947428600003,0.00014309657142899993,-0.00025304091429003295,1
36,1774313849079,0.0003163947428600003,0.00014309657142899993,-0.00025304091429003295,1
37,1774313849082,-6.190525713999952e-05,-0.000122103428571,0.000682959085710015,1
38,1774313849084,-6.190525713999952e-05,-0.000122103428571,0.000682959085710015,1
39,1774313849087,-6.190525713999952e-05,-0.000122103428571,-0.00012044091428999471,1
40,1774313849090,-0.0002530052571399991,-0.00014160342857100002,-0.00012044091428999471,1
41,1774313849093,-0.0002530052571399991,-0.00014160342857100002,-0.00012044091428999471,1
42,1774313849095,-0.0002530052571399991,0.00022109657142899998,-0.00012434091429005135,1
43,1774313849098,-7.360525713999942e-05,0.00022109657142899998,-0.00012434091429005135,1
44,1774313849101,-7.360525713999942e-05,0.00022109657142899998,-0.00012434091429005135,1
45,1774313849104,-8.530525713999933e-05,0.00022499657142899991,0.0008545590857099534,1
46,1774313849106,-8.530525713999933e-05,0.00022499657142899991,0.0008545590857099534,1
47,1774313849109,-8.530525713999933e-05,0.00022499657142899991,0.0008545590857099534,1
48,1774313849112,-1.5105257139999897e-05,6.119657142899994e-05,7.845908571000714e-05,1
49,1774313849115,-1.5105257139999897e-05,6.119657142899994e-05,7.845908571000714e-05,1
50,1774313849117,-1.5105257139999897e-05,6.119657142899994e-05,7.845908571000714e-05,1
51,1774313849120,2.7794742860000332e-05,0.00019379657142900002,0.00017595908570997975,1
52,1774313849123,2.7794742860000332e-05,0.00019379657142900002,0.00017595908570997975,1
53,1774313849125,2.7794742860000332e-05,0.00019379657142900002,0.00017595908570997975,1
54,1774313849128,-6.580525713999891e-05,-2.8503428571000013e-05,0.0007765590857099309,1
55,1774313849131,-6.580525713999891e-05,-2.8503428571000013e-05,0.0007765590857099309,1
56,1774313849133,-6.580525713999891e-05,-2.8503428571000013e-05,0.0007765590857099309,1
57,1774313849136,5.899474286000066e-05,-0.00018840342857100002,0.00015645908571002964,1
58,1774313849139,5.899474286000066e-05,-0.00018840342857100002,0.00015645908571002964,1
59,1774313849142,5.899474286000066e-05,-0.00018840342857100002,0.00015645908571002964,1
60,1774313849144,-0.00011260525714000026,0.00027959657142899994,-3.85409142900266e-05,1
61,1774313849147,-0.00011260525714000026,0.00027959657142899994,-3.85409142900266e-05,1
62,1774313849150,-0.00011260525714000026,0.00027959657142899994,-3.85409142900266e-05,1
63,1774313849152,-0.00019840525713999899,-7.530342857100001e-05,0.0008233590857099444,1
64,1774313849155,-0.00019840525713999899,-7.530342857100001e-05,0.0008233590857099444,1
65,1774313849158,-0.00019840525713999899,-7.530342857100001e-05,0.0008233590857099444,1
66,1774313849160,-4.24052571399991e-05,-9.870342857100004e-05,-0.00033494091429000106,1
67,1774313849163,-4.24052571399991e-05,-9.870342857100004e-05,-0.00033494091429000106,1
68,1774313849166,-4.24052571399991e-05,-9.870342857100004e-05,-0.00033494091429000106,1
69,1774313849168,0.00017989474286000083,0.00022499657142899991,-0.0001633409142900626,1
70,1774313849171,0.00017989474286000083,0.00022499657142899991,-0.0001633409142900626,1
71,1774313849174,0.00017989474286000083,0.00022499657142899991,-0.0001633409142900626,1
72,1774313849177,-0.00019840525713999899,-9.480342857100005e-05,0.001045659085709953,1
73,1774313849179,-0.00019840525713999899,-9.480342857100005e-05,0.001045659085709953,1
74,1774313849182,-0.00019840525713999899,-9.480342857100005e-05,0.001045659085709953,1
75,1774313849185,-0.00015940525713999988,-0.00019620342857100002,-0.00028424091429004195,1
76,1774313849187,-0.00015940525713999988,-0.00019620342857100002,-0.00028424091429004195,1
77,1774313849190,-0.00015940525713999988,-0.00019620342857100002,-0.00028424091429004195,1
78,1774313849193,-3.850525713999971e-05,0.00017819657142899997,0.00024225908570994336,1
79,1774313849196,-3.850525713999971e-05,0.00017819657142899997,0.00024225908570994336,1
80,1774313849198,-3.850525713999971e-05,0.00017819657142899997,0.00024225908570994336,1
81,1774313849201,-8.530525713999933e-05,3.779657142899997e-05,0.0011548590857099845,1
82,1774313849204,-8.530525713999933e-05,3.779657142899997e-05,0.0011548590857099845,1
83,1774313849207,-8.530525713999933e-05,-7.9203428571e-05,-3.4409142900719905e-06,1
84,1774313849210,-0.00010090525713999862,-7.9203428571e-05,-3.4409142900719905e-06,1
85,1774313849212,-0.00010090525713999862,-7.9203428571e-05,-3.4409142900719905e-06,1
86,1774313849215,-3.4052571399999926e-06,0.000252296571429,0.00019545908570992986,1
87,1774313849218,-3.4052571399999926e-06,0.000252296571429,0.00019545908570992986,1
88,1774313849221,-3.4052571399999926e-06,0.000252296571429,0.00019545908570992986,1
89,1774313849223,-0.00026860525714000015,6.119657142899994e-05,0.0005347590857099722,1
90,1774313849226,-0.00026860525714000015,6.119657142899994e-05,0.0005347590857099722,1
91,1774313849229,-0.00026860525714000015,6.119657142899994e-05,0.0005347590857099722,1
92,1774313849232,-0.00027250525713999954,-7.530342857100001e-05,-0.0001945409142900716,1
93,1774313849234,-0.00027250525713999954,-7.530342857100001e-05,-0.0001945409142900716,1
94,1774313849237,-0.00027250525713999954,-7.530342857100001e-05,-0.0001945409142900716,1
95,1774313849240,-6.190525713999952e-05,0.00021719657142899994,9.405908571001164e-05,1
96,1774313849243,-6.190525713999952e-05,0.00021719657142899994,9.405908571001164e-05,1
97,1774313849245,-6.190525713999952e-05,0.00021719657142899994,9.405908571001164e-05,1
98,1774313849248,3.169474285999972e-05,0.00013139657142899997,0.0009559590857099827,1
99,1774313849251,3.169474285999972e-05,0.00013139657142899997,0.0009559590857099827,1
100,1774313849254,3.169474285999972e-05,0.00013139657142899997,0.0009559590857099827,1
101,1774313849257,3.559474286000085e-05,-0.00011820342857100002,-0.00035054091429000556,1
102,1774313849259,3.559474286000085e-05,-0.00011820342857100002,-0.00035054091429000556,1
103,1774313849262,3.559474286000085e-05,-0.00011820342857100002,-0.00035054091429000556,1
104,1774313849265,0.0001642947428599998,0.000380996571429,-0.00044804091428997817,1
105,1774313849268,0.0001642947428599998,0.000380996571429,-0.00044804091428997817,1
106,1774313849270,0.0001642947428599998,0.000380996571429,0.000558159085709979,1
107,1774313849273,-0.00012430525714000017,-0.00020400342857100002,0.000558159085709979,1
108,1774313849276,-0.00012430525714000017,-0.00020400342857100002,0.000558159085709979,1
109,1774313849279,-0.00012430525714000017,-0.00011430342857100004,-0.0004246409142899714,1
110,1774313849281,-0.00031540525713999977,-0.00011430342857100004,-0.0004246409142899714,1
111,1774313849284,-0.00031540525713999977,-0.00011430342857100004,-0.0004246409142899714,1
112,1774313849287,-7.360525713999942e-05,8.459657142899997e-05,0.0001057590857099595,1
113,1774313849290,-7.360525713999942e-05,8.459657142899997e-05,0.0001057590857099595,1
114,1774313849292,-7.360525713999942e-05,8.459657142899997e-05,0.0001057590857099595,1
115,1774313849295,-5.800525714000013e-05,0.00010409657142899996,0.0007843590857099332,1
116,1774313849298,-5.800525714000013e-05,0.00010409657142899996,0.0007843590857099332,1
117,1774313849301,-5.800525714000013e-05,0.00010409657142899996,0.0007843590857099332,1
118,1774313849304,-6.970525714000003e-05,-4.8003428571e-05,4.359085709930259e-06,1
119,1774313849306,-6.970525714000003e-05,-4.8003428571e-05,4.359085709930259e-06,1
120,1774313849309,-6.970525714000003e-05,-4.8003428571e-05,4.359085709930259e-06,1
121,1774313849312,-8.920525713999872e-05,0.000182096571429,-0.00012824091428999696,1
122,1774313849315,-8.920525713999872e-05,0.000182096571429,-0.00012824091428999696,1
123,1774313849317,-8.920525713999872e-05,0.000182096571429,-0.00012824091428999696,1
124,1774313849320,-0.00011260525714000026,-7.530342857100001e-05,0.0007102590857099673,1
0,1774313849349,-0.0004168052571399995,8.849657142899996e-05,0.0009910590857099373,1
1,1774313849354,0.00022279474286000106,1.049657142899996e-05,-0.00013994091429005585,1
2,1774313849367,8.294742859999912e-06,8.459657142899997e-05,0.0007297590857100284,1
3,1774313849370,8.294742859999912e-06,8.459657142899997e-05,0.0007297590857100284,1
4,1774313849433,8.294742859999912e-06,8.459657142899997e-05,0.0007297590857100284,1
5,1774313849436,-5.020525713999961e-05,0.00010409657142899996,-0.00036614091429001006,1
6,1774313849439,-0.00028030525714000006,0.00018599657142899994,0.0010378590857099508,1
7,1774313849442,-0.00028030525714000006,0.00018599657142899994,0.0010378590857099508,1
8,1774313849444,-0.00028030525714000006,0.00018599657142899994,0.0010378590857099508,1
9,1774313849447,-0.00015940525713999988,-0.00012990342857100004,-1.9040914289965467e-05,1
10,1774313849450,-0.00015940525713999988,-0.00012990342857100004,-1.9040914289965467e-05,1
11,1774313849453,-0.00015940525713999988,-0.00012990342857100004,-1.9040914289965467e-05,1
12,1774313849455,9.799474285999976e-05,9.629657142899998e-05,-0.0007834409142899639,1
13,1774313849458,9.799474285999976e-05,9.629657142899998e-05,-0.0007834409142899639,1
14,1774313849461,9.799474285999976e-05,9.629657142899998e-05,-0.0007834409142899639,1
15,1774313849464,-0.0001906052571400002,0.00010019657142899997,0.000714159085710024,1
16,1774313849466,-0.0001906052571400002,0.00010019657142899997,0.000714159085710024,1
17,1774313849469,-0.0001906052571400002,0.00010019657142899997,0.000714159085710024,1
18,1774313849472,-0.0003388052571399996,-0.00018840342857100002,0.0003124590857099636,1
19,1774313849475,-0.0003388052571399996,-0.00018840342857100002,0.0003124590857099636,1
20,1774313849477,-0.0003388052571399996,-0.00018840342857100002,0.0003124590857099636,1
21,1774313849480,-7.750525713999881e-05,-7.530342857100001e-05,-0.00031934091428999656,1
22,1774313849483,-7.750525713999881e-05,-7.530342857100001e-05,-0.00031934091428999656,1
23,1774313849486,-7.750525713999881e-05,0.00010019657142899997,0.0008740590857100146,1
24,1774313849488,2.3894742860000942e-05,0.00010019657142899997,0.0008740590857100146,1
25,1774313849491,2.3894742860000942e-05,0.00010019657142899997,0.0008740590857100146,1
26,1774313849494,-7.360525713999942e-05,-0.00021960342857100002,0.00042945908570999735,1
27,1774313849497,-7.360525713999942e-05,-0.00021960342857100002,0.00042945908570999735,1
28,1774313849499,-7.360525713999942e-05,-0.00021960342857100002,0.00042945908570999735,1
29,1774313849502,4.729474286000075e-05,8.849657142899996e-05,-0.0003739409142900123,1
30,1774313849505,4.729474286000075e-05,8.849657142899996e-05,-0.0003739409142900123,1
31,1774313849508,4.729474286000075e-05,8.849657142899996e-05,-0.0003739409142900123,1
32,1774313849510,8.629474285999986e-05,0.000150896571429,0.0005854590857099313,1
33,1774313849513,8.629474285999986e-05,0.000150896571429,0.0005854590857099313,1
34,1774313849516,8.629474285999986e-05,0.000150896571429,0.0005854590857099313,1
35,1774313849519,-0.00010090525713999862,-0.000137703428571,8.235908570995275e-05,1
36,1774313849521,-0.00010090525713999862,-0.000137703428571,8.235908570995275e-05,1
37,1774313849524,-0.00010090525713999862,-0.000137703428571,8.235908570995275e-05,1
38,1774313849527,1.6094742860000427e-05,0.00030299657142899997,-0.0001321409142900536,1
39,1774313849530,1.6094742860000427e-05,0.00030299657142899997,-0.0001321409142900536,1
40,1774313849532,1.6094742860000427e-05,0.00030299657142899997,-0.0001321409142900536,1
41,1774313849535,-9.310525713999984e-05,0.000357596571429,0.0009403590857099782,1
42,1774313849538,-9.310525713999984e-05,0.000357596571429,0.0009403590857099782,1
43,1774313849540,-9.310525713999984e-05,0.000357596571429,0.0009403590857099782,1
44,1774313849543,-0.00010480525713999975,-0.00011040342857100002,3.945908570999589e-05,1
45,1774313849546,-0.00010480525713999975,-0.00011040342857100002,3.945908570999589e-05,1
46,1774313849548,-0.00010480525713999975,-0.00011040342857100002,3.945908570999589e-05,1
47,1774313849551,0.0001213947428600013,0.0003614965714289999,-0.00036614091429001006,1
48,1774313849554,0.0001213947428600013,0.0003614965714289999,-0.00036614091429001006,1
49,1774313849557,0.0001213947428600013,0.0003614965714289999,-0.00036614091429001006,1
50,1774313849559,4.394742860000522e-06,0.00013529657142899996,0.0005503590857099767,1
51,1774313849562,4.394742860000522e-06,0.00013529657142899996,0.0005503590857099767,1
52,1774313849565,4.394742860000522e-06,0.00013529657142899996,0.0005503590857099767,1
53,1774313849567,-0.00016720525713999866,-0.000215703428571,-0.0001321409142900536,1
54,1774313849570,-0.00016720525713999866,-0.000215703428571,-0.0001321409142900536,1
55,1774313849573,-0.00016720525713999866,-0.000215703428571,-0.0001321409142900536,1
56,1774313849575,1.6094742860000427e-05,4.169657142899996e-05,-0.00024134091428997407,1
57,1774313849578,1.6094742860000427e-05,4.169657142899996e-05,-0.00024134091428997407,1
58,1774313849581,1.6094742860000427e-05,4.169657142899996e-05,-0.00024134091428997407,1
59,1774313849584,-0.0001828052571399997,0.000244496571429,0.0007219590857100262,1
60,1774313849586,-0.0001828052571399997,0.000244496571429,0.0007219590857100262,1
61,1774313849589,-0.0001828052571399997,0.000244496571429,0.0007219590857100262,1
62,1774313849592,-0.00021400525714000002,-0.00017280342857100002,0.0003241590857100225,1
63,1774313849594,-0.00021400525714000002,-0.00017280342857100002,0.0003241590857100225,1
64,1774313849597,-0.00021400525714000002,-0.00017280342857100002,-0.00024134091428997407,1
65,1774313849600,-7.750525713999881e-05,8.069657142899999e-05,-0.00024134091428997407,1
66,1774313849602,-7.750525713999881e-05,8.069657142899999e-05,-0.00024134091428997407,1
67,1774313849605,-7.750525713999881e-05,8.069657142899999e-05,0.000620559085709997,1
68,1774313849608,4.947428600011322e-07,0.000107996571429,0.000620559085709997,1
69,1774313849611,4.947428600011322e-07,0.000107996571429,0.000620559085709997,1
70,1774313849614,-0.0001906052571400002,-0.00011430342857100004,4.5908570998464543e-07,1
71,1774313849616,-0.0001906052571400002,-0.00011430342857100004,4.5908570998464543e-07,1
72,1774313849619,-0.0001906052571400002,-0.00011430342857100004,4.5908570998464543e-07,1
73,1774313849622,0.00016819474286000093,0.00027179657142899997,-0.00021014091428996507,1
74,1774313849625,0.00016819474286000093,0.00027179657142899997,-0.00021014091428996507,1
75,1774313849630,0.00016819474286000093,0.00027179657142899997,-0.00021014091428996507,1
76,1774313849633,-5.4105257139999e-05,7.6796571429e-05,0.0010183590857100007,1
77,1774313849636,-5.4105257139999e-05,7.6796571429e-05,0.0010183590857100007,1
78,1774313849638,-0.00013210525713999895,1.049657142899996e-05,0.00026955908571000674,1
79,1774313849641,-0.00013210525713999895,1.049657142899996e-05,0.00026955908571000674,1
80,1774313849644,-0.00013210525713999895,1.049657142899996e-05,0.00026955908571000674,1
81,1774313849647,0.00020719474286000003,0.00022109657142899998,-0.0003739409142900123,1
82,1774313849649,0.00020719474286000003,0.00022109657142899998,-0.0003739409142900123,1
83,1774313849652,0.00020719474286000003,0.00022109657142899998,-0.0003739409142900123,1
84,1774313849655,6.679474286000117e-05,5.339657142899997e-05,0.000651759085710006,1
85,1774313849657,6.679474286000117e-05,5.339657142899997e-05,0.000651759085710006,1
86,1774313849660,6.679474286000117e-05,5.339657142899997e-05,0.000651759085710006,1
87,1774313849663,-0.0002101052571399989,-0.000122103428571,7.065908571000489e-05,1
88,1774313849665,-0.0002101052571399989,-0.000122103428571,7.065908571000489e-05,1
89,1774313849668,-0.0002101052571399989,-0.000122103428571,7.065908571000489e-05,1
90,1774313849671,-3.070525713999919e-05,6.509657142899999e-05,-0.0002608409142900352,1
91,1774313849673,-3.070525713999919e-05,6.509657142899999e-05,-0.0002608409142900352,1
92,1774313849676,-3.070525713999919e-05,6.509657142899999e-05,-0.0002608409142900352,1
93,1774313849679,0.00010189474286000089,0.00017429657142899993,0.0009091590857099692,1
94,1774313849682,0.00010189474286000089,0.00017429657142899993,0.0009091590857099692,1
95,1774313849685,0.00010189474286000089,0.00017429657142899993,0.0009091590857099692,1
96,1774313849687,-1.9005257139999288e-05,-8.310342857100004e-05,0.000183759085709982,1
97,1774313849690,-1.9005257139999288e-05,-8.310342857100004e-05,0.000183759085709982,1
98,1774313849693,-1.9005257139999288e-05,-8.310342857100004e-05,-0.0001165409142900491,1
99,1774313849696,8.629474285999986e-05,2.609657142899996e-05,-0.0001165409142900491,1
100,1774313849698,8.629474285999986e-05,2.609657142899996e-05,-0.0001165409142900491,1
101,1774313849701,8.629474285999986e-05,2.6965714289999866e-06,0.0006088590857099381,1
102,1774313849704,-1.9005257139999288e-05,2.6965714289999866e-06,0.0006088590857099381,1
103,1774313849707,-1.9005257139999288e-05,2.6965714289999866e-06,0.0006088590857099381,1
104,1774313849709,-0.0002062052571399995,-0.00022740342857100002,-0.00020234091428996282,1
105,1774313849712,-0.0002062052571399995,-0.00022740342857100002,-0.00020234091428996282,1
106,1774313849715,-0.0002062052571399995,-0.00022740342857100002,-0.00020234091428996282,1
107,1774313849718,3.949474286000024e-05,0.00016649657142899996,-0.00017504091429001046,1
108,1774313849720,3.949474286000024e-05,0.00016649657142899996,-0.00017504091429001046,1
109,1774313849723,3.949474286000024e-05,0.00016649657142899996,-0.00017504091429001046,1
110,1774313849726,-0.00013600525714000007,0.00021719657142899994,0.0009676590857099305,1
111,1774313849729,-0.00013600525714000007,0.00021719657142899994,0.0009676590857099305,1
112,1774313849732,-0.00013600525714000007,0.00021719657142899994,0.0009676590857099305,1
113,1774313849734,4.947428600011322e-07,-8.310342857100004e-05,-7.364091428998121e-05,1
114,1774313849737,4.947428600011322e-07,-8.310342857100004e-05,-7.364091428998121e-05,1
115,1774313849740,4.947428600011322e-07,-8.310342857100004e-05,-7.364091428998121e-05,1
116,1774313849743,0.00020329474286000064,0.000244496571429,-0.0002647409142899808,1
117,1774313849745,0.00020329474286000064,0.000244496571429,-0.0002647409142899808,1
118,1774313849748,0.00020329474286000064,0.000244496571429,-0.0002647409142899808,1
119,1774313849751,-6.190525713999952e-05,0.00013529657142899996,0.0007375590857100307,1
120,1774313849753,-6.190525713999952e-05,0.00013529657142899996,0.0007375590857100307,1
121,1774313849756,-6.190525713999952e-05,0.00013529657142899996,0.0007375590857100307,1
122,1774313849759,-0.0002296052571399993,-0.00019620342857100002,-2.2940914290022103e-05,1
123,1774313849762,-0.0002296052571399993,-0.00019620342857100002,-2.2940914290022103e-05,1
124,1774313849764,-0.0002296052571399993,-0.00019620342857100002,-2.2940914290022103e-05,1
0,1774313849810,-0.00028810525713999884,-0.00015720342857100002,-0.00015554091429006035,1
1,1774313849873,0.0001525947428599999,9.629657142899998e-05,-0.00020234091428996282,1
2,1774313849876,-3.460525713999858e-05,9.239657142899994e-05,0.0005776590857099291,1
3,1774313849879,-7.750525713999881e-05,-0.00010650342857100001,0.0005542590857100333,1
4,1774313849881,-7.750525713999881e-05,-0.00010650342857100001,0.0005542590857100333,1
5,1774313849884,-7.750525713999881e-05,-0.00010650342857100001,6.675908570994826e-05,1
6,1774313849887,4.947428600011322e-07,4.9496571428999986e-05,6.675908570994826e-05,1
7,1774313849890,4.947428600011322e-07,4.9496571428999986e-05,6.675908570994826e-05,1
8,1774313849893,-5.4105257139999e-05,0.00011969657142899996,0.0003748590857099816,1
9,1774313849895,-5.4105257139999e-05,0.00011969657142899996,0.0003748590857099816,1
10,1774313849898,-5.4105257139999e-05,0.00011969657142899996,0.0003748590857099816,1
11,1774313849901,1.6094742860000427e-05,-0.00012990342857100004,0.0002344590857099411,1
12,1774313849904,1.6094742860000427e-05,-0.00012990342857100004,0.0002344590857099411,1
13,1774313849906,1.6094742860000427e-05,-0.00012990342857100004,0.0002344590857099411,1
14,1774313849909,7.459474285999995e-05,-9.003428571000027e-06,-5.41409142900311e-05,1
15,1774313849912,7.459474285999995e-05,-9.003428571000027e-06,-5.41409142900311e-05,1
16,1774313849915,7.459474285999995e-05,-9.003428571000027e-06,-5.41409142900311e-05,1
17,1774313849917,-0.00015940525713999988,0.00013529657142899996,0.0006556590857099516,1
18,1774313849920,-0.00015940525713999988,0.00013529657142899996,0.0006556590857099516,1
19,1774313849923,-0.00015940525713999988,0.00013529657142899996,0.0006556590857099516,1
20,1774313849926,1.2194742860001037e-05,0.00012359657142899994,0.0005035590857099632,1
21,1774313849929,1.2194742860001037e-05,0.00012359657142899994,0.0005035590857099632,1
22,1774313849932,1.2194742860001037e-05,0.00012359657142899994,0.0005035590857099632,1
23,1774313849934,0.00018769474286000135,4.9496571428999986e-05,-0.0005611409142900663,1
24,1774313849937,0.00018769474286000135,4.9496571428999986e-05,-0.0005611409142900663,1
25,1774313849940,0.00018769474286000135,4.9496571428999986e-05,0.0001369590857099685,1
26,1774313849943,-0.00010090525713999862,0.000263996571429,0.0001369590857099685,1
27,1774313849946,-0.00010090525713999862,0.000263996571429,0.0001369590857099685,1
28,1774313849948,-7.750525713999881e-05,-0.00011040342857100002,0.0003124590857099636,1
29,1774313849951,-7.750525713999881e-05,-0.00011040342857100002,0.0003124590857099636,1
30,1774313849954,-7.750525713999881e-05,-0.00011040342857100002,0.0003124590857099636,1
31,1774313849957,-0.00013210525713999895,-0.00019620342857100002,-8.53409142900401e-05,1
32,1774313849959,-0.00013210525713999895,-0.00019620342857100002,-8.53409142900401e-05,1
33,1774313849962,-0.00013210525713999895,-0.00019620342857100002,-8.53409142900401e-05,1
34,1774313849965,5.509474286000127e-05,0.00012359657142899994,0.0005308590857100266,1
35,1774313849968,5.509474286000127e-05,0.00012359657142899994,0.0005308590857100266,1
36,1774313849971,5.509474286000127e-05,0.00012359657142899994,0.0005308590857100266,1
37,1774313849974,2.7794742860000332e-05,-9.003428571000027e-06,0.00044505908571000185,1
38,1774313849977,2.7794742860000332e-05,-9.003428571000027e-06,0.00044505908571000185,1
39,1774313849979,2.7794742860000332e-05,-9.003428571000027e-06,0.00044505908571000185,1
40,1774313849982,-0.00026080525713999964,-0.00019620342857100002,-0.00033494091429000106,1
41,1774313849985,-0.00026080525713999964,-0.00019620342857100002,-0.00033494091429000106,1
42,1774313849988,-0.00026080525713999964,-0.00019620342857100002,-0.00033494091429000106,1
43,1774313849990,-8.920525713999872e-05,8.459657142899997e-05,-3.074091429002435e-05,1
44,1774313849993,-8.920525713999872e-05,8.459657142899997e-05,-3.074091429002435e-05,1
45,1774313849996,-8.920525713999872e-05,8.459657142899997e-05,0.00042945908570999735,1
46,1774313849999,-5.800525714000013e-05,-7.9203428571e-05,0.00042945908570999735,1
47,1774313850001,-5.800525714000013e-05,-7.9203428571e-05,0.00042945908570999735,1
48,1774313850004,-0.00011650525713999965,-0.00012600342857100002,-0.00025694091428997857,1
49,1774313850007,-0.00011650525713999965,-0.00012600342857100002,-0.00025694091428997857,1
50,1774313850010,-0.00011650525713999965,-0.00012600342857100002,-0.00025694091428997857,1
51,1774313850012,1.2194742860001037e-05,0.000388796571429,0.00011355908570996175,1
52,1774313850015,1.2194742860001037e-05,0.000388796571429,0.00011355908570996175,1
53,1774313850018,1.2194742860001037e-05,0.000388796571429,0.00011355908570996175,1
54,1774313850021,-0.00012040525713999904,0.00018989657142899998,0.0008467590857099512,1
55,1774313850024,-0.00012040525713999904,0.00018989657142899998,0.0008467590857099512,1
56,1774313850026,-0.00012040525713999904,0.00018989657142899998,0.0008467590857099512,1
57,1774313850029,2.3894742860000942e-05,-0.00034830342857100003,-0.00023354091428997182,1
58,1774313850032,2.3894742860000942e-05,-0.00034830342857100003,-0.00023354091428997182,1
59,1774313850035,2.3894742860000942e-05,-0.00034830342857100003,-0.00023354091428997182,1
60,1774313850037,3.949474286000024e-05,0.00012749657142899998,0.0001330590857100229,1
61,1774313850040,3.949474286000024e-05,0.00012749657142899998,0.0001330590857100229,1
62,1774313850043,3.949474286000024e-05,0.00012749657142899998,0.0001330590857100229,1
63,1774313850046,-0.00012820525713999956,-7.530342857100001e-05,0.0006790590857099583,1
64,1774313850048,-0.00012820525713999956,-7.530342857100001e-05,0.0006790590857099583,1
65,1774313850051,-0.00012820525713999956,-7.530342857100001e-05,0.0006790590857099583,1
66,1774313850054,-0.0003856052571399992,-2.4603428571000026e-05,-0.0001321409142900536,1
67,1774313850057,-0.0003856052571399992,-2.4603428571000026e-05,-0.0001321409142900536,1
68,1774313850059,-0.0003856052571399992,-2.4603428571000026e-05,0.00035145908570997485,1
69,1774313850062,8.294742859999912e-06,0.00011579657142899997,0.00035145908570997485,1
70,1774313850065,8.294742859999912e-06,0.00011579657142899997,0.00035145908570997485,1
71,1774313850068,8.294742859999912e-06,4.169657142899996e-05,0.0006049590857099925,1
72,1774313850070,0.00019159474286000074,4.169657142899996e-05,0.0006049590857099925,1
73,1774313850073,0.00019159474286000074,4.169657142899996e-05,0.0006049590857099925,1
74,1774313850076,1.6094742860000427e-05,-0.00010260342857100003,9.795908570995725e-05,1
75,1774313850079,1.6094742860000427e-05,-0.00010260342857100003,9.795908570995725e-05,1
76,1774313850082,1.6094742860000427e-05,-0.00010260342857100003,9.795908570995725e-05,1
77,1774313850084,-6.970525714000003e-05,6.119657142899994e-05,9.0159085709955e-05,1
78,1774313850087,-6.970525714000003e-05,6.119657142899994e-05,9.0159085709955e-05,1
79,1774313850090,-6.970525714000003e-05,6.119657142899994e-05,9.0159085709955e-05,1
80,1774313850093,-8.530525713999933e-05,0.00020549657142899993,0.0005191590857099677,1
81,1774313850095,-8.530525713999933e-05,0.00020549657142899993,0.0005191590857099677,1
82,1774313850098,-8.530525713999933e-05,0.00020549657142899993,0.0005191590857099677,1
83,1774313850101,3.559474286000085e-05,-0.00019620342857100002,-0.00023744091429002846,1
84,1774313850104,3.559474286000085e-05,-0.00019620342857100002,-0.00023744091429002846,1
85,1774313850106,3.559474286000085e-05,-0.00019620342857100002,-0.00023744091429002846,1
86,1774313850109,0.00010579474286000028,0.000182096571429,0.00011355908570996175,1
87,1774313850112,0.00010579474286000028,0.000182096571429,0.00011355908570996175,1
88,1774313850115,0.00010579474286000028,0.000182096571429,0.00011355908570996175,1
89,1774313850118,-0.00013990525713999946,7.289657142899996e-05,0.0007804590857099876,1
90,1774313850120,-0.00013990525713999946,7.289657142899996e-05,0.0007804590857099876,1
91,1774313850123,-0.00013990525713999946,7.289657142899996e-05,0.0007804590857099876,1
92,1774313850126,-1.1205257139998773e-05,-0.000168903428571,0.00017985908571003639,1
93,1774313850129,-1.1205257139998773e-05,-0.000168903428571,0.00017985908571003639,1
94,1774313850132,-1.1205257139998773e-05,6.596571428999973e-06,-0.0003895409142900168,1
95,1774313850134,0.0001252947428600007,6.596571428999973e-06,-0.0003895409142900168,1
96,1774313850137,0.0001252947428600007,6.596571428999973e-06,-0.0003895409142900168,1
97,1774313850140,-1.9005257139999288e-05,-6.360342857100005e-05,0.000682959085710015,1
98,1774313850143,-1.9005257139999288e-05,-6.360342857100005e-05,0.000682959085710015,1
99,1774313850145,-1.9005257139999288e-05,-6.360342857100005e-05,0.000682959085710015,1
100,1774313850148,-0.00022570525713999992,-0.00014940342857100002,0.00040215908570993397,1
101,1774313850151,-0.00022570525713999992,-0.00014940342857100002,0.00040215908570993397,1
102,1774313850153,-0.00022570525713999992,-0.00014940342857100002,0.00040215908570993397,1
103,1774313850156,-0.0001789052571400003,0.00016649657142899996,-1.1240914289963218e-05,1
104,1774313850159,-0.0001789052571400003,0.00016649657142899996,-1.1240914289963218e-05,1
105,1774313850162,-0.0001789052571400003,0.00016649657142899996,-1.1240914289963218e-05,1
106,1774313850164,-5.4105257139999e-05,0.00022109657142899998,0.0006712590857099561,1
107,1774313850167,-5.4105257139999e-05,0.00022109657142899998,0.0006712590857099561,1
108,1774313850170,-5.4105257139999e-05,0.00022109657142899998,0.0006712590857099561,1
109,1774313850172,-0.00010870525713999914,-0.00013380342857100002,-3.4640914289969967e-05,1
110,1774313850175,-0.00010870525713999914,-0.00013380342857100002,-3.4640914289969967e-05,1
111,1774313850178,-0.00010870525713999914,-0.00013380342857100002,-3.4640914289969967e-05,1
112,1774313850180,2.7794742860000332e-05,3.3896571428999986e-05,-9.704091428998796e-05,1
113,1774313850183,2.7794742860000332e-05,3.3896571428999986e-05,-9.704091428998796e-05,1
114,1774313850186,2.7794742860000332e-05,3.3896571428999986e-05,-9.704091428998796e-05,1
115,1774313850189,3.559474286000085e-05,9.629657142899998e-05,0.0006361590857100015,1
116,1774313850191,3.559474286000085e-05,9.629657142899998e-05,0.0006361590857100015,1
117,1774313850194,3.559474286000085e-05,9.629657142899998e-05,0.0006361590857100015,1
118,1774313850197,-0.0002218052571399988,-0.00040680342857100005,8.235908570995275e-05,1
119,1774313850199,-0.0002218052571399988,-0.00040680342857100005,8.235908570995275e-05,1
120,1774313850202,-0.0002218052571399988,-0.00040680342857100005,8.235908570995275e-05,1
121,1774313850205,-4.630525714000022e-05,-0.00011820342857100002,-0.00043244091428997367,1
122,1774313850207,-4.630525714000022e-05,-0.00011820342857100002,-0.00043244091428997367,1
123,1774313850210,-4.630525714000022e-05,-0.00011820342857100002,-0.00043244091428997367,1
124,1774313850213,-9.700525713999923e-05,2.609657142899996e-05,0.0007492590857099786,1
0,1774313850259,-0.00014770525713999998,7.6796571429e-05,0.00015645908571002964,1
1,1774313850261,-0.00011260525714000026,0.000213296571429,0.0007102590857099673,1
2,1774313850324,-0.00011260525714000026,0.000213296571429,0.0007102590857099673,1
3,1774313850327,-0.00011650525713999965,0.000182096571429,-0.00030374091428999207,1
4,1774313850330,-0.00011650525713999965,0.000182096571429,-0.00030374091428999207,1
5,1774313850332,-9.310525713999984e-05,7.6796571429e-05,0.00030075908571001574,1
6,1774313850335,-9.310525713999984e-05,7.6796571429e-05,0.00030075908571001574,1
7,1774313850338,-9.310525713999984e-05,7.6796571429e-05,0.00030075908571001574,1
8,1774313850340,-2.6805257139999802e-05,8.849657142899996e-05,0.00031635908571002024,1
9,1774313850343,-2.6805257139999802e-05,8.849657142899996e-05,0.00031635908571002024,1
10,1774313850346,-2.6805257139999802e-05,8.849657142899996e-05,0.00031635908571002024,1
11,1774313850348,-1.5105257139999897e-05,2.6965714289999866e-06,-0.00022574091428996957,1
12,1774313850351,-1.5105257139999897e-05,2.6965714289999866e-06,-0.00022574091428996957,1
13,1774313850354,-1.5105257139999897e-05,2.6965714289999866e-06,-0.00022574091428996957,1
14,1774313850357,-7.360525713999942e-05,4.5596571429e-05,0.0002617590857100045,1
15,1774313850359,-7.360525713999942e-05,4.5596571429e-05,0.0002617590857100045,1
16,1774313850362,-7.360525713999942e-05,4.5596571429e-05,0.0002617590857100045,1
17,1774313850365,-0.00010090525713999862,-7.140342857100003e-05,0.00038655908570992947,1
18,1774313850367,-0.00010090525713999862,-7.140342857100003e-05,0.00038655908570992947,1
19,1774313850370,-0.00010090525713999862,-7.140342857100003e-05,0.00038655908570992947,1
20,1774313850373,-5.020525713999961e-05,-0.00010260342857100003,-0.00033494091429000106,1
21,1774313850376,-5.020525713999961e-05,-0.00010260342857100003,-0.00033494091429000106,1
22,1774313850378,-5.020525713999961e-05,-0.00010260342857100003,0.0002656590857099501,1
23,1774313850381,-8.140525713999994e-05,-1.203428571000054e-06,0.0002656590857099501,1
24,1774313850384,-8.140525713999994e-05,-1.203428571000054e-06,0.0002656590857099501,1
25,1774313850387,-0.00010480525713999975,-0.00010650342857100001,-0.0001165409142900491,1
26,1774313850390,-0.00010480525713999975,-0.00010650342857100001,-0.0001165409142900491,1
27,1774313850393,-0.00010480525713999975,-0.00010650342857100001,-0.0001165409142900491,1
28,1774313850395,1.2194742860001037e-05,0.00013139657142899997,-0.00041294091429002356,1
29,1774313850398,1.2194742860001037e-05,0.00013139657142899997,-0.00041294091429002356,1
30,1774313850401,1.2194742860001037e-05,0.00013139657142899997,-0.00041294091429002356,1
31,1774313850404,-0.0002023052571400001,0.00019379657142900002,0.0004411590857099452,1
32,1774313850406,-0.0002023052571400001,0.00019379657142900002,0.0004411590857099452,1
33,1774313850409,-0.0002023052571400001,0.00019379657142900002,0.0004411590857099452,1
34,1774313850412,-0.00011650525713999965,0.00012359657142899994,0.00046065908571000635,1
35,1774313850415,-0.00011650525713999965,0.00012359657142899994,0.00046065908571000635,1
36,1774313850417,-0.00011650525713999965,0.00012359657142899994,0.00046065908571000635,1
37,1774313850420,-3.4052571399999926e-06,5.729657142899996e-05,-0.0003232409142900532,1
38,1774313850423,-3.4052571399999926e-06,5.729657142899996e-05,-0.0003232409142900532,1
39,1774313850426,-3.4052571399999926e-06,5.729657142899996e-05,-0.0003232409142900532,1
40,1774313850428,-9.310525713999984e-05,3.779657142899997e-05,7.065908571000489e-05,1
41,1774313850431,-9.310525713999984e-05,3.779657142899997e-05,7.065908571000489e-05,1
42,1774313850434,-9.310525713999984e-05,3.779657142899997e-05,7.065908571000489e-05,1
43,1774313850436,-0.00016720525713999866,-9.003428571000027e-06,0.0003553590857100315,1
44,1774313850439,-0.00016720525713999866,-9.003428571000027e-06,0.0003553590857100315,1
45,1774313850442,-0.00016720525713999866,-9.003428571000027e-06,0.0003553590857100315,1
46,1774313850445,6.289474286000005e-05,-4.8003428571e-05,4.359085709930259e-06,1
47,1774313850447,6.289474286000005e-05,-4.8003428571e-05,4.359085709930259e-06,1
48,1774313850450,6.289474286000005e-05,-4.8003428571e-05,0.0005503590857099767,1
49,1774313850453,-6.580525713999891e-05,8.849657142899996e-05,0.0005503590857099767,1
50,1774313850455,-6.580525713999891e-05,8.849657142899996e-05,0.0005503590857099767,1
51,1774313850458,-6.580525713999891e-05,8.849657142899996e-05,0.00048015908570995646,1
52,1774313850461,-0.00027640525713999893,4.5596571429e-05,0.00048015908570995646,1
53,1774313850464,-0.00027640525713999893,4.5596571429e-05,0.00048015908570995646,1
54,1774313850466,-0.00027640525713999893,7.6796571429e-05,-5.0240914289974466e-05,1
55,1774313850469,8.239474286000047e-05,7.6796571429e-05,-5.0240914289974466e-05,1
56,1774313850472,8.239474286000047e-05,7.6796571429e-05,-5.0240914289974466e-05,1
57,1774313850475,-5.020525713999961e-05,6.119657142899994e-05,0.0001993590857099865,1
58,1774313850477,-5.020525713999961e-05,6.119657142899994e-05,0.0001993590857099865,1
59,1774313850480,-5.020525713999961e-05,6.119657142899994e-05,0.0001993590857099865,1
60,1774313850483,-0.00018670525713999908,2.609657142899996e-05,0.00022275908570999325,1
61,1774313850486,-0.00018670525713999908,2.609657142899996e-05,0.00022275908570999325,1
62,1774313850488,-0.00018670525713999908,2.609657142899996e-05,0.00022275908570999325,1
63,1774313850491,-0.00022570525713999992,-4.0203428571000026e-05,-0.00023354091428997182,1
64,1774313850494,-0.00022570525713999992,-4.0203428571000026e-05,-0.00023354091428997182,1
65,1774313850496,-0.00022570525713999992,-4.0203428571000026e-05,-0.00023354091428997182,1
66,1774313850499,-0.00015940525713999988,0.00011969657142899996,0.00048015908570995646,1
67,1774313850502,-0.00015940525713999988,0.00011969657142899996,0.00048015908570995646,1
68,1774313850505,-0.00015940525713999988,0.00011969657142899996,0.00048015908570995646,1
69,1774313850507,-1.5105257139999897e-05,0.00024839657142899994,0.0003553590857100315,1
70,1774313850510,-1.5105257139999897e-05,0.00024839657142899994,0.0003553590857100315,1
71,1774313850513,-1.5105257139999897e-05,0.00024839657142899994,0.0003553590857100315,1
72,1774313850516,1.2194742860001037e-05,1.049657142899996e-05,-0.00035054091429000556,1
73,1774313850519,1.2194742860001037e-05,1.049657142899996e-05,-0.00035054091429000556,1
74,1774313850522,1.2194742860001037e-05,1.049657142899996e-05,-0.00035054091429000556,1
75,1774313850525,4.729474286000075e-05,0.00022889657142899996,-4.634091429002885e-05,1
76,1774313850527,4.729474286000075e-05,0.00022889657142899996,-4.634091429002885e-05,1
77,1774313850530,4.729474286000075e-05,9.629657142899998e-05,0.00038265908570998385,1
78,1774313850533,-0.0002062052571399995,9.629657142899998e-05,0.00038265908570998385,1
79,1774313850536,-0.0002062052571399995,9.629657142899998e-05,0.00038265908570998385,1
80,1774313850539,-0.0002218052571399988,1.049657142899996e-05,-1.9040914289965467e-05,1
81,1774313850542,-0.0002218052571399988,1.049657142899996e-05,-1.9040914289965467e-05,1
82,1774313850544,-0.0002218052571399988,1.049657142899996e-05,-1.9040914289965467e-05,1
83,1774313850547,-0.0002023052571400001,0.000213296571429,0.0002617590857100045,1
84,1774313850550,-0.0002023052571400001,0.000213296571429,0.0002617590857100045,1
85,1774313850553,-0.0002023052571400001,0.000213296571429,0.0002617590857100045,1
86,1774313850556,-3.070525713999919e-05,2.2196571428999973e-05,0.000651759085710006,1
87,1774313850558,-3.070525713999919e-05,2.2196571428999973e-05,0.000651759085710006,1
88,1774313850561,-3.070525713999919e-05,2.2196571428999973e-05,0.000651759085710006,1
89,1774313850564,0.0001096947428600014,1.049657142899996e-05,0.0001642590857100319,1
90,1774313850567,0.0001096947428600014,1.049657142899996e-05,0.0001642590857100319,1
91,1774313850570,0.0001096947428600014,1.049657142899996e-05,0.0001642590857100319,1
92,1774313850572,4.729474286000075e-05,2.609657142899996e-05,0.0002656590857099501,1
93,1774313850575,4.729474286000075e-05,2.609657142899996e-05,0.0002656590857099501,1
94,1774313850578,4.729474286000075e-05,-2.4603428571000026e-05,0.0005542590857100333,1
95,1774313850581,-7.360525713999942e-05,-2.4603428571000026e-05,0.0005542590857100333,1
96,1774313850583,-7.360525713999942e-05,-2.4603428571000026e-05,0.0005542590857100333,1
97,1774313850586,-0.00011260525714000026,8.069657142899999e-05,-0.00024134091428997407,1
98,1774313850589,-0.00011260525714000026,8.069657142899999e-05,-0.00024134091428997407,1
99,1774313850592,-0.00011260525714000026,8.069657142899999e-05,-0.00024134091428997407,1
100,1774313850595,-0.00025690525714000025,0.00023669657142899993,9.0159085709955e-05,1
101,1774313850597,-0.00025690525714000025,0.00023669657142899993,9.0159085709955e-05,1
102,1774313850600,-0.00025690525714000025,0.00023669657142899993,9.0159085709955e-05,1
103,1774313850603,-0.0002218052571399988,0.00024839657142899994,0.0007336590857099741,1
104,1774313850606,-0.0002218052571399988,0.00024839657142899994,0.0007336590857099741,1
105,1774313850608,-0.0002218052571399988,0.00024839657142899994,0.0007336590857099741,1
106,1774313850611,7.849474286000108e-05,-2.8503428571000013e-05,0.000277359085710009,1
107,1774313850614,7.849474286000108e-05,-2.8503428571000013e-05,0.000277359085710009,1
108,1774313850616,7.849474286000108e-05,-2.8503428571000013e-05,0.000277359085710009,1
109,1774313850619,-2.6805257139999802e-05,4.5596571429e-05,-0.00011264091428999246,1
110,1774313850622,-2.6805257139999802e-05,4.5596571429e-05,-0.00011264091428999246,1
111,1774313850625,-2.6805257139999802e-05,4.5596571429e-05,-0.00011264091428999246,1
112,1774313850628,-0.00013210525713999895,0.000256196571429,0.00033585908570997035,1
113,1774313850630,-0.00013210525713999895,0.000256196571429,0.00033585908570997035,1
114,1774313850633,-0.00013210525713999895,0.000256196571429,0.00033585908570997035,1
115,1774313850636,-7.750525713999881e-05,-4.8003428571e-05,0.0005074590857100198,1
116,1774313850639,-7.750525713999881e-05,-4.8003428571e-05,0.0005074590857100198,1
117,1774313850643,-7.750525713999881e-05,0.00013139657142899997,-0.00020624091429001946,1
118,1774313850647,-0.00012040525713999904,0.00013139657142899997,-0.00020624091429001946,1
119,1774313850650,-0.00012040525713999904,0.00013139657142899997,0.0003280590857099681,1
120,1774313850652,-0.00013210525713999895,0.00013139657142899997,0.0003280590857099681,1
121,1774313850655,-0.00013210525713999895,0.00013139657142899997,0.0003280590857099681,1
122,1774313850658,-0.00013210525713999895,2.9996571428999945e-05,0.00036315908571003374,1
123,1774313850660,-6.970525714000003e-05,2.9996571428999945e-05,0.00036315908571003374,1
124,1774313850663,-6.970525714000003e-05,2.9996571428999945e-05,0.00036315908571003374,1
0,1774313850708,-2.2905257139998678e-05,0.00020549657142899993,0.0008311590857099467,1
1,1774313850771,-2.2905257139998678e-05,0.00020549657142899993,0.0008311590857099467,1
2,1774313850774,7.069474286000056e-05,-9.480342857100005e-05,0.000277359085710009,1
3,1774313850777,7.069474286000056e-05,-9.480342857100005e-05,0.000277359085710009,1
4,1774313850779,-6.190525713999952e-05,-0.00022740342857100002,0.0002500590857099456,1
5,1774313850782,-6.190525713999952e-05,-0.00022740342857100002,0.0002500590857099456,1
6,1774313850785,-6.190525713999952e-05,-0.00022740342857100002,0.0004255590857099407,1
7,1774313850788,-9.700525713999923e-05,0.00015869657142899998,0.0004255590857099407,1
8,1774313850790,-9.700525713999923e-05,0.00015869657142899998,0.0004255590857099407,1
9,1774313850793,-9.700525713999923e-05,0.000314696571429,0.00033585908570997035,1
10,1774313850796,-0.00012820525713999956,0.000314696571429,0.00033585908570997035,1
11,1774313850799,-0.00012820525713999956,0.000314696571429,0.00033585908570997035,1
12,1774313850802,-5.020525713999961e-05,0.00016259657142899992,-0.0001672409142900082,1
13,1774313850804,-5.020525713999961e-05,0.00016259657142899992,-0.0001672409142900082,1
14,1774313850807,-5.020525713999961e-05,0.00016259657142899992,-0.0001672409142900082,1
15,1774313850810,0.0001330947428600012,0.00015869657142899998,0.00022275908570999325,1
16,1774313850812,0.0001330947428600012,0.00015869657142899998,0.00022275908570999325,1
17,1774313850815,0.0001330947428600012,0.00015869657142899998,0.00022275908570999325,1
18,1774313850818,-6.580525713999891e-05,0.00013139657142899997,0.0005698590857099268,1
19,1774313850821,-6.580525713999891e-05,0.00013139657142899997,0.0005698590857099268,1
20,1774313850823,-6.580525713999891e-05,0.00013139657142899997,0.0005698590857099268,1
21,1774313850826,-6.580525713999891e-05,0.00011969657142899996,0.0006556590857099516,1
22,1774313850829,-6.580525713999891e-05,0.00011969657142899996,0.0006556590857099516,1
23,1774313850831,-6.580525713999891e-05,0.00011969657142899996,0.0006556590857099516,1
24,1774313850834,1.9994742859999817e-05,4.5596571429e-05,0.00015645908571002964,1
25,1774313850837,1.9994742859999817e-05,4.5596571429e-05,0.00015645908571002964,1
26,1774313850840,1.9994742859999817e-05,4.5596571429e-05,0.00015645908571002964,1
27,1774313850843,0.00018769474286000135,7.289657142899996e-05,-0.00037784091429006895,1
28,1774313850846,0.00018769474286000135,7.289657142899996e-05,-0.00037784091429006895,1
29,1774313850848,0.00018769474286000135,7.289657142899996e-05,-0.00037784091429006895,1
30,1774313850851,-4.630525714000022e-05,0.000150896571429,7.065908571000489e-05,1
31,1774313850854,-4.630525714000022e-05,0.000150896571429,7.065908571000489e-05,1
32,1774313850857,-4.630525714000022e-05,0.000150896571429,0.00031635908571002024,1
33,1774313850859,-0.00011260525714000026,6.596571428999973e-06,0.00031635908571002024,1
34,1774313850862,-0.00011260525714000026,6.596571428999973e-06,0.00031635908571002024,1
35,1774313850865,-0.00011260525714000026,6.596571428999973e-06,4.725908570999814e-05,1
36,1774313850868,-0.0002023052571400001,2.609657142899996e-05,4.725908570999814e-05,1
37,1774313850870,-0.0002023052571400001,2.609657142899996e-05,4.725908570999814e-05,1
38,1774313850873,-0.00026080525713999964,6.596571428999973e-06,0.00042945908570999735,1
39,1774313850876,-0.00026080525713999964,6.596571428999973e-06,0.00042945908570999735,1
40,1774313850879,-0.00026080525713999964,6.596571428999973e-06,0.00042945908570999735,1
41,1774313850881,3.949474286000024e-05,-6.750342857100004e-05,8.259085709986895e-06,1
42,1774313850884,3.949474286000024e-05,-6.750342857100004e-05,8.259085709986895e-06,1
43,1774313850887,3.949474286000024e-05,-6.750342857100004e-05,8.259085709986895e-06,1
44,1774313850889,6.289474286000005e-05,6.509657142899999e-05,5.8959085709946006e-05,1
45,1774313850892,6.289474286000005e-05,6.509657142899999e-05,5.8959085709946006e-05,1
46,1774313850895,6.289474286000005e-05,6.509657142899999e-05,5.8959085709946006e-05,1
47,1774313850898,-0.0001789052571400003,0.00024059657142899997,0.00038265908570998385,1
48,1774313850901,-0.0001789052571400003,0.00024059657142899997,0.00038265908570998385,1
49,1774313850903,-0.0001789052571400003,0.00024059657142899997,0.00038265908570998385,1
50,1774313850906,-0.00014380525713999885,-4.0203428571000026e-05,0.00030465908570996136,1
51,1774313850909,-0.00014380525713999885,-4.0203428571000026e-05,0.00030465908570996136,1
52,1774313850912,-0.00014380525713999885,-4.0203428571000026e-05,0.00030465908570996136,1
53,1774313850914,-8.140525713999994e-05,-0.00014160342857100002,-0.0005884409142900187,1
54,1774313850917,-8.140525713999994e-05,-0.00014160342857100002,-0.0005884409142900187,1
55,1774313850920,-8.140525713999994e-05,-0.00014160342857100002,-0.0005884409142900187,1
56,1774313850923,-0.00028420525713999945,0.000170396571429,0.0006127590857099947,1
57,1774313850926,-0.00028420525713999945,0.000170396571429,0.0006127590857099947,1
58,1774313850928,-0.00028420525713999945,0.000170396571429,0.001076859085709962,1
59,1774313850931,8.294742859999912e-06,-4.410342857100001e-05,0.001076859085709962,1
60,1774313850934,8.294742859999912e-06,-4.410342857100001e-05,0.001076859085709962,1
61,1774313850937,0.0003397947428600001,-0.00021960342857100002,-0.00047924091428998717,1
62,1774313850940,0.0003397947428600001,-0.00021960342857100002,-0.00047924091428998717,1
63,1774313850943,0.0003397947428600001,-0.00021960342857100002,-0.00047924091428998717,1
64,1774313850945,0.00010189474286000089,0.00016259657142899992,-0.00023354091428997182,1
65,1774313850948,0.00010189474286000089,0.00016259657142899992,-0.00023354091428997182,1
66,1774313850951,0.00010189474286000089,0.00016259657142899992,-0.00023354091428997182,1
67,1774313850954,-0.00011260525714000026,2.609657142899996e-05,0.0006595590857100082,1
68,1774313850956,-0.00011260525714000026,2.609657142899996e-05,0.0006595590857100082,1
69,1774313850959,-0.00011260525714000026,2.609657142899996e-05,0.0006595590857100082,1
70,1774313850962,-6.580525713999891e-05,-9.090342857100001e-05,-0.0002491409142899763,1
71,1774313850965,-6.580525713999891e-05,-9.090342857100001e-05,-0.0002491409142899763,1
72,1774313850968,-6.580525713999891e-05,-9.090342857100001e-05,-0.0002491409142899763,1
73,1774313850970,7.069474286000056e-05,2.6965714289999866e-06,0.0003553590857100315,1
74,1774313850973,7.069474286000056e-05,2.6965714289999866e-06,0.0003553590857100315,1
75,1774313850976,7.069474286000056e-05,2.6965714289999866e-06,0.0003553590857100315,1
76,1774313850978,-5.4105257139999e-05,1.4396571429e-05,0.0005464590857100311,1
77,1774313850981,-5.4105257139999e-05,1.4396571429e-05,0.0005464590857100311,1
78,1774313850984,-5.4105257139999e-05,1.4396571429e-05,-0.00021014091428996507,1
79,1774313850987,-0.00019840525713999899,9.239657142899994e-05,-0.00021014091428996507,1
80,1774313850990,-0.00019840525713999899,9.239657142899994e-05,-0.00021014091428996507,1
81,1774313850992,-0.00019840525713999899,0.00020549657142899993,-0.00039344091429007345,1
82,1774313850995,-1.9005257139999288e-05,0.00020549657142899993,-0.00039344091429007345,1
83,1774313850998,-1.9005257139999288e-05,0.00020549657142899993,-0.00039344091429007345,1
84,1774313851001,-1.9005257139999288e-05,0.000357596571429,0.00036705908570997935,1
85,1774313851003,3.559474286000085e-05,0.000357596571429,0.00036705908570997935,1
86,1774313851006,3.559474286000085e-05,0.000357596571429,0.00036705908570997935,1
87,1774313851009,-0.00013990525713999946,4.9496571428999986e-05,0.0002968590857099591,1
88,1774313851012,-0.00013990525713999946,4.9496571428999986e-05,0.0002968590857099591,1
89,1774313851014,-0.00013990525713999946,4.9496571428999986e-05,0.0002968590857099591,1
90,1774313851017,-5.020525713999961e-05,0.00020549657142899993,-2.2940914290022103e-05,1
91,1774313851020,-5.020525713999961e-05,0.00020549657142899993,-2.2940914290022103e-05,1
92,1774313851022,-5.020525713999961e-05,0.00020549657142899993,-2.2940914290022103e-05,1
93,1774313851025,-4.24052571399991e-05,0.00011969657142899996,0.0005230590857100243,1
94,1774313851028,-4.24052571399991e-05,0.00011969657142899996,0.0005230590857100243,1
95,1774313851031,-4.24052571399991e-05,0.00011969657142899996,0.0005230590857100243,1
96,1774313851033,2.3894742860000942e-05,-3.2403428571000053e-05,0.00017205908571003414,1
97,1774313851036,2.3894742860000942e-05,-3.2403428571000053e-05,0.00017205908571003414,1
98,1774313851039,2.3894742860000942e-05,-3.2403428571000053e-05,0.00017205908571003414,1
99,1774313851042,-0.00011650525713999965,2.6965714289999866e-06,-0.0003271409142899988,1
100,1774313851044,-0.00011650525713999965,2.6965714289999866e-06,-0.0003271409142899988,1
101,1774313851047,-0.00011650525713999965,2.6965714289999866e-06,-0.0003271409142899988,1
102,1774313851050,-0.00027640525713999893,0.00018599657142899994,0.0005776590857099291,1
103,1774313851053,-0.00027640525713999893,0.00018599657142899994,0.0005776590857099291,1
104,1774313851055,-0.00027640525713999893,0.00018599657142899994,0.0005776590857099291,1
105,1774313851058,-0.00013600525714000007,7.6796571429e-05,0.0011782590857099913,1
106,1774313851061,-0.00013600525714000007,7.6796571429e-05,0.0011782590857099913,1
107,1774313851064,-0.00013600525714000007,7.6796571429e-05,0.0011782590857099913,1
108,1774313851066,-2.2905257139998678e-05,-4.0203428571000026e-05,9.405908571001164e-05,1
109,1774313851069,-2.2905257139998678e-05,-4.0203428571000026e-05,9.405908571001164e-05,1
110,1774313851072,-2.2905257139998678e-05,-4.0203428571000026e-05,-0.00029984091429004645,1
111,1774313851075,7.849474286000108e-05,-2.4603428571000026e-05,-0.00029984091429004645,1
112,1774313851078,7.849474286000108e-05,-2.4603428571000026e-05,-0.00029984091429004645,1
113,1774313851080,-9.310525713999984e-05,0.000150896571429,5.1159085709943757e-05,1
114,1774313851083,-9.310525713999984e-05,0.000150896571429,5.1159085709943757e-05,1
115,1774313851086,-9.310525713999984e-05,0.000150896571429,5.1159085709943757e-05,1
116,1774313851089,-6.970525714000003e-05,-4.0203428571000026e-05,0.000214959085709991,1
117,1774313851091,-6.970525714000003e-05,-4.0203428571000026e-05,0.000214959085709991,1
118,1774313851094,-6.970525714000003e-05,-4.0203428571000026e-05,0.000214959085709991,1
119,1774313851097,-0.00012040525713999904,-3.630342857100004e-05,-0.00039344091429007345,1
120,1774313851100,-0.00012040525713999904,-3.630342857100004e-05,-0.00039344091429007345,1
121,1774313851102,-0.00012040525713999904,-3.630342857100004e-05,-0.00039344091429007345,1
122,1774313851105,-0.00015550525713999876,0.000150896571429,0.00039825908570998835,1
123,1774313851108,-0.00015550525713999876,0.000150896571429,0.00039825908570998835,1
124,1774313851111,-0.00015550525713999876,0.000150896571429,0.00039825908570998835,1
0,1774313851155,-0.00011650525713999965,2.9996571428999945e-05,0.0004567590857099497,1
1,1774313851218,-0.0002062052571399995,-1.203428571000054e-06,0.0004684590857100086,1
2,1774313851223,-0.0002062052571399995,-1.203428571000054e-06,0.0004684590857100086,1
3,1774313851226,-5.020525713999961e-05,-5.5803428571000026e-05,0.00010185908571001389,1
4,1774313851229,-5.020525713999961e-05,-5.5803428571000026e-05,0.00010185908571001389,1
5,1774313851231,-5.020525713999961e-05,-5.5803428571000026e-05,0.00025395908571000225,1
6,1774313851234,-7.305257139999383e-06,0.00020939657142899997,0.00025395908571000225,1
7,1774313851237,-7.305257139999383e-06,0.00020939657142899997,0.00025395908571000225,1
8,1774313851239,-7.305257139999383e-06,0.00020939657142899997,0.0001369590857099685,1
9,1774313851242,7.849474286000108e-05,6.509657142899999e-05,0.0001369590857099685,1
10,1774313851244,7.849474286000108e-05,6.509657142899999e-05,0.0001369590857099685,1
11,1774313851247,7.849474286000108e-05,6.509657142899999e-05,-0.0003076409142900487,1
12,1774313851250,-0.00015160525713999937,2.2196571428999973e-05,-0.0003076409142900487,1
13,1774313851253,-0.00015160525713999937,2.2196571428999973e-05,-0.0003076409142900487,1
14,1774313851256,-2.6805257139999802e-05,0.00022499657142899991,-1.5140914290019854e-05,1
15,1774313851259,-2.6805257139999802e-05,0.00022499657142899991,-1.5140914290019854e-05,1
16,1774313851262,-2.6805257139999802e-05,0.00022499657142899991,-1.5140914290019854e-05,1
17,1774313851265,-0.00010480525713999975,0.00010019657142899997,0.0007492590857099786,1
18,1774313851267,-0.00010480525713999975,0.00010019657142899997,0.0007492590857099786,1
19,1774313851270,-0.00010480525713999975,0.00010019657142899997,0.0007492590857099786,1
20,1774313851273,-0.00016330525713999927,0.00014309657142899993,0.00011745908571001839,1
21,1774313851275,-0.00016330525713999927,0.00014309657142899993,0.00011745908571001839,1
22,1774313851278,-0.00016330525713999927,0.00014309657142899993,0.00011745908571001839,1
23,1774313851281,-0.00013990525713999946,0.00014309657142899993,0.00012915908570996625,1
24,1774313851284,-0.00013990525713999946,0.00014309657142899993,0.00012915908570996625,1
25,1774313851286,-0.00013990525713999946,0.00014309657142899993,0.00012915908570996625,1
26,1774313851289,-8.530525713999933e-05,-1.2903428571000013e-05,0.0002617590857100045,1
27,1774313851292,-8.530525713999933e-05,-1.2903428571000013e-05,0.0002617590857100045,1
28,1774313851294,-8.530525713999933e-05,-1.2903428571000013e-05,0.0002617590857100045,1
29,1774313851297,-0.00010870525713999914,-4.410342857100001e-05,1.2159085709932509e-05,1
30,1774313851300,-0.00010870525713999914,-4.410342857100001e-05,1.2159085709932509e-05,1
31,1774313851303,-0.00010870525713999914,-4.410342857100001e-05,1.2159085709932509e-05,1
32,1774313851305,-2.2905257139998678e-05,-6.360342857100005e-05,0.00030075908571001574,1
33,1774313851308,-2.2905257139998678e-05,-6.360342857100005e-05,0.00030075908571001574,1
34,1774313851311,-2.2905257139998678e-05,-6.360342857100005e-05,0.00030075908571001574,1
35,1774313851314,-9.310525713999984e-05,-2.4603428571000026e-05,-4.2440914289972216e-05,1
36,1774313851317,-9.310525713999984e-05,-2.4603428571000026e-05,-4.2440914289972216e-05,1
37,1774313851319,-9.310525713999984e-05,0.000213296571429,2.3859085709991394e-05,1
38,1774313851322,-0.00013990525713999946,0.000213296571429,2.3859085709991394e-05,1
39,1774313851325,-0.00013990525713999946,0.000213296571429,2.3859085709991394e-05,1
40,1774313851328,-4.630525714000022e-05,-0.000122103428571,0.0006361590857100015,1
41,1774313851331,-4.630525714000022e-05,-0.000122103428571,0.0006361590857100015,1
42,1774313851334,-4.630525714000022e-05,-0.000122103428571,0.0006361590857100015,1
43,1774313851336,7.849474286000108e-05,-0.000324903428571,-6.584091428997896e-05,1
44,1774313851339,7.849474286000108e-05,-0.000324903428571,-6.584091428997896e-05,1
45,1774313851342,7.849474286000108e-05,-0.000324903428571,-6.584091428997896e-05,1
46,1774313851345,-8.140525713999994e-05,5.729657142899996e-05,0.0001057590857099595,1
47,1774313851347,-8.140525713999994e-05,5.729657142899996e-05,0.0001057590857099595,1
48,1774313851350,-8.140525713999994e-05,5.729657142899996e-05,0.0001057590857099595,1
49,1774313851353,1.6094742860000427e-05,5.729657142899996e-05,0.0007804590857099876,1
50,1774313851356,1.6094742860000427e-05,5.729657142899996e-05,0.0007804590857099876,1
51,1774313851359,1.6094742860000427e-05,5.729657142899996e-05,0.0007804590857099876,1
52,1774313851361,-0.00013210525713999895,-1.203428571000054e-06,0.000152559085709973,1
53,1774313851364,-0.00013210525713999895,-1.203428571000054e-06,0.000152559085709973,1
54,1774313851367,-0.00013210525713999895,-1.203428571000054e-06,0.000152559085709973,1
55,1774313851369,1.6094742860000427e-05,0.000232796571429,-1.5140914290019854e-05,1
56,1774313851372,1.6094742860000427e-05,0.000232796571429,-1.5140914290019854e-05,1
57,1774313851375,1.6094742860000427e-05,0.000232796571429,0.00033585908570997035,1
58,1774313851378,-0.00010480525713999975,3.3896571428999986e-05,0.00033585908570997035,1
59,1774313851381,-0.00010480525713999975,3.3896571428999986e-05,0.00033585908570997035,1
60,1774313851383,-0.00026860525714000015,-2.8503428571000013e-05,0.0004684590857100086,1
61,1774313851386,-0.00026860525714000015,-2.8503428571000013e-05,0.0004684590857100086,1
62,1774313851389,-0.00026860525714000015,-2.8503428571000013e-05,0.0004684590857100086,1
63,1774313851392,-0.00031150525713999865,-0.000266403428571,0.0002500590857099456,1
64,1774313851395,-0.00031150525713999865,-0.000266403428571,0.0002500590857099456,1
65,1774313851397,-0.00031150525713999865,-0.000266403428571,0.0002500590857099456,1
66,1774313851400,-5.4105257139999e-05,1.8296571428999986e-05,0.0002968590857099591,1
67,1774313851403,-5.4105257139999e-05,1.8296571428999986e-05,0.0002968590857099591,1
68,1774313851405,-5.4105257139999e-05,1.8296571428999986e-05,0.0002968590857099591,1
69,1774313851408,0.00010189474286000089,1.4396571429e-05,0.00017205908571003414,1
70,1774313851411,0.00010189474286000089,1.4396571429e-05,0.00017205908571003414,1
71,1774313851414,0.00010189474286000089,1.4396571429e-05,0.00017205908571003414,1
72,1774313851416,0.0001369947428600006,7.289657142899996e-05,0.00017205908571003414,1
73,1774313851419,0.0001369947428600006,7.289657142899996e-05,0.00017205908571003414,1
74,1774313851422,0.0001369947428600006,7.289657142899996e-05,0.00017205908571003414,1
75,1774313851425,-0.00010090525713999862,-6.750342857100004e-05,0.00025785908570994786,1
76,1774313851427,-0.00010090525713999862,-6.750342857100004e-05,0.00025785908570994786,1
77,1774313851430,-0.00010090525713999862,-6.750342857100004e-05,0.00025785908570994786,1
78,1774313851433,-0.00014770525713999998,0.00014699657142899997,0.000339759085710027,1
79,1774313851436,-0.00014770525713999998,0.00014699657142899997,0.000339759085710027,1
80,1774313851439,-0.00014770525713999998,0.00014699657142899997,0.000339759085710027,1
81,1774313851441,5.509474286000127e-05,0.00013139657142899997,0.00022275908570999325,1
82,1774313851444,5.509474286000127e-05,0.00013139657142899997,0.00022275908570999325,1
83,1774313851447,5.509474286000127e-05,0.00013139657142899997,-0.0001516409142900037,1
84,1774313851449,-0.00015550525713999876,0.00013529657142899996,-0.0001516409142900037,1
85,1774313851452,-0.00015550525713999876,0.00013529657142899996,-0.0001516409142900037,1
86,1774313851455,-0.00015550525713999876,0.000107996571429,-3.4640914289969967e-05,1
87,1774313851458,-0.0002101052571399989,0.000107996571429,-3.4640914289969967e-05,1
88,1774313851460,-0.0002101052571399989,0.000107996571429,-3.4640914289969967e-05,1
89,1774313851463,-0.00016330525713999927,-4.0203428571000026e-05,0.00044505908571000185,1
90,1774313851466,-0.00016330525713999927,-4.0203428571000026e-05,0.00044505908571000185,1
91,1774313851469,-0.00016330525713999927,-4.0203428571000026e-05,0.00044505908571000185,1
92,1774313851472,-0.00015550525713999876,-3.630342857100004e-05,0.0005854590857099313,1
93,1774313851474,-0.00015550525713999876,-3.630342857100004e-05,0.0005854590857099313,1
94,1774313851477,-0.00015550525713999876,-3.630342857100004e-05,0.0005854590857099313,1
95,1774313851480,-3.070525713999919e-05,0.000107996571429,0.0001369590857099685,1
96,1774313851483,-3.070525713999919e-05,0.000107996571429,0.0001369590857099685,1
97,1774313851485,-3.070525713999919e-05,0.000107996571429,0.0001369590857099685,1
98,1774313851488,8.239474286000047e-05,0.00015479657142899994,-2.2940914290022103e-05,1
99,1774313851491,8.239474286000047e-05,0.00015479657142899994,-2.2940914290022103e-05,1
100,1774313851494,8.239474286000047e-05,0.00015479657142899994,-2.2940914290022103e-05,1
101,1774313851497,-0.0002452052571399986,-2.4603428571000026e-05,0.00016035908570997525,1
102,1774313851500,-0.0002452052571399986,-2.4603428571000026e-05,0.00016035908570997525,1
103,1774313851502,-0.0002452052571399986,-2.4603428571000026e-05,-5.41409142900311e-05,1
104,1774313851505,-9.310525713999984e-05,8.069657142899999e-05,-5.41409142900311e-05,1
105,1774313851508,-9.310525713999984e-05,8.069657142899999e-05,-5.41409142900311e-05,1
106,1774313851511,-9.310525713999984e-05,0.000139196571429,0.0002929590857100135,1
107,1774313851513,-1.9005257139999288e-05,0.000139196571429,0.0002929590857100135,1
108,1774313851516,-1.9005257139999288e-05,0.000139196571429,0.0002929590857100135,1
109,1774313851519,-0.00011260525714000026,-2.8503428571000013e-05,0.000152559085709973,1
110,1774313851522,-0.00011260525714000026,-2.8503428571000013e-05,0.000152559085709973,1
111,1774313851525,-0.00011260525714000026,-2.8503428571000013e-05,0.000152559085709973,1
112,1774313851527,-8.530525713999933e-05,6.899657142899997e-05,0.0001681590857099775,1
113,1774313851530,-8.530525713999933e-05,6.899657142899997e-05,0.0001681590857099775,1
114,1774313851533,-8.530525713999933e-05,6.899657142899997e-05,0.0001681590857099775,1
115,1774313851536,-0.0002218052571399988,-0.00016500342857100002,0.00043335908570994296,1
116,1774313851538,-0.0002218052571399988,-0.00016500342857100002,0.00043335908570994296,1
117,1774313851541,-0.0002218052571399988,-0.00016500342857100002,0.00043335908570994296,1
118,1774313851544,-7.750525713999881e-05,0.00012749657142899998,0.00031635908571002024,1
119,1774313851546,-7.750525713999881e-05,0.00012749657142899998,0.00031635908571002024,1
120,1774313851549,-7.750525713999881e-05,0.00012749657142899998,0.00031635908571002024,1
121,1774313851552,1.9994742859999817e-05,0.00010019657142899997,0.0001369590857099685,1
122,1774313851555,1.9994742859999817e-05,0.00010019657142899997,0.0001369590857099685,1
123,1774313851557,1.9994742859999817e-05,0.00010019657142899997,0.0001369590857099685,1
124,1774313851560,-9.700525713999923e-05,4.9496571428999986e-05,0.0003280590857099681,1
0,1774313851604,4.729474286000075e-05,1.8296571428999986e-05,9.0159085709955e-05,1
1,1774313851667,2.3894742860000942e-05,6.509657142899999e-05,0.00036705908570997935,1
2,1774313851676,-0.0002062052571399995,-4.8003428571e-05,8.259085709986895e-06,1
3,1774313851679,-0.00025690525714000025,-9.003428571000027e-06,0.00014085908571002514,1
4,1774313851682,-0.00025690525714000025,-9.003428571000027e-06,0.00014085908571002514,1
5,1774313851685,-0.00025690525714000025,-9.003428571000027e-06,0.00014085908571002514,1
6,1774313851687,-0.00012430525714000017,-6.750342857100004e-05,0.0004918590857100153,1
7,1774313851690,-0.00012430525714000017,-6.750342857100004e-05,0.0004918590857100153,1
8,1774313851693,-0.00012430525714000017,-6.750342857100004e-05,0.0004918590857100153,1
9,1774313851695,4.394742860000522e-06,0.00011969657142899996,-2.2940914290022103e-05,1
10,1774313851698,4.394742860000522e-06,0.00011969657142899996,-2.2940914290022103e-05,1
11,1774313851701,4.394742860000522e-06,0.00011969657142899996,-2.2940914290022103e-05,1
12,1774313851703,4.394742860000522e-06,0.000232796571429,0.0001486590857100274,1
13,1774313851706,4.394742860000522e-06,0.000232796571429,0.0001486590857100274,1
14,1774313851709,4.394742860000522e-06,0.000232796571429,0.0001486590857100274,1
15,1774313851712,-3.460525713999858e-05,4.9496571428999986e-05,-8.924091428998571e-05,1
16,1774313851715,-3.460525713999858e-05,4.9496571428999986e-05,-8.924091428998571e-05,1
17,1774313851718,-3.460525713999858e-05,4.9496571428999986e-05,0.0001681590857099775,1
18,1774313851720,-2.2905257139998678e-05,6.596571428999973e-06,0.0001681590857099775,1
19,1774313851723,-2.2905257139998678e-05,6.596571428999973e-06,0.0001681590857099775,1
20,1774313851726,-2.2905257139998678e-05,6.596571428999973e-06,0.00016035908570997525,1
21,1774313851728,-3.4052571399999926e-06,0.0002873965714289999,0.00016035908570997525,1
22,1774313851731,-3.4052571399999926e-06,0.0002873965714289999,0.00016035908570997525,1
23,1774313851734,-3.4052571399999926e-06,0.00022889657142899996,0.00011355908570996175,1
24,1774313851737,-0.00015160525713999937,0.00022889657142899996,0.00011355908570996175,1
25,1774313851739,-0.00015160525713999937,0.00022889657142899996,0.00011355908570996175,1
26,1774313851742,0.00014089474286,3.779657142899997e-05,-0.00022574091428996957,1
27,1774313851745,0.00014089474286,3.779657142899997e-05,-0.00022574091428996957,1
28,1774313851748,0.00014089474286,3.779657142899997e-05,-0.00022574091428996957,1
29,1774313851751,-1.1205257139998773e-05,2.609657142899996e-05,-1.9040914289965467e-05,1
30,1774313851754,-1.1205257139998773e-05,2.609657142899996e-05,-1.9040914289965467e-05,1
31,1774313851756,-1.1205257139998773e-05,2.609657142899996e-05,-1.9040914289965467e-05,1
32,1774313851759,-5.800525714000013e-05,-2.070342857100004e-05,0.0002617590857100045,1
33,1774313851762,-5.800525714000013e-05,-2.070342857100004e-05,0.0002617590857100045,1
34,1774313851765,-5.800525714000013e-05,-2.070342857100004e-05,0.0002617590857100045,1
35,1774313851767,-7.360525713999942e-05,-7.530342857100001e-05,0.0002344590857099411,1
36,1774313851770,-7.360525713999942e-05,-7.530342857100001e-05,0.0002344590857099411,1
37,1774313851773,-7.360525713999942e-05,-7.530342857100001e-05,0.0002344590857099411,1
38,1774313851775,-0.00012820525713999956,2.6965714289999866e-06,5.505908571000039e-05,1
39,1774313851778,-0.00012820525713999956,2.6965714289999866e-06,5.505908571000039e-05,1
40,1774313851781,-0.00012820525713999956,2.6965714289999866e-06,5.505908571000039e-05,1
41,1774313851784,-0.00013210525713999895,0.000107996571429,2.7759085709937008e-05,1
42,1774313851786,-0.00013210525713999895,0.000107996571429,2.7759085709937008e-05,1
43,1774313851790,-0.00013210525713999895,0.000107996571429,2.7759085709937008e-05,1
44,1774313851792,-3.4052571399999926e-06,-7.140342857100003e-05,9.795908570995725e-05,1
45,1774313851795,-3.4052571399999926e-06,-7.140342857100003e-05,9.795908570995725e-05,1
46,1774313851798,-3.4052571399999926e-06,5.729657142899996e-05,0.00032025908570996586,1
47,1774313851800,3.169474285999972e-05,5.729657142899996e-05,0.00032025908570996586,1
48,1774313851803,3.169474285999972e-05,5.729657142899996e-05,0.00032025908570996586,1
49,1774313851806,5.119474286000014e-05,6.509657142899999e-05,0.0004684590857100086,1
50,1774313851808,5.119474286000014e-05,6.509657142899999e-05,0.0004684590857100086,1
51,1774313851811,5.119474286000014e-05,6.509657142899999e-05,0.0004684590857100086,1
52,1774313851814,-7.305257139999383e-06,-0.00010260342857100003,0.00023835908570999775,1
53,1774313851817,-7.305257139999383e-06,-0.00010260342857100003,0.00023835908570999775,1
54,1774313851819,-7.305257139999383e-06,-0.00010260342857100003,0.00023835908570999775,1
55,1774313851822,1.9994742859999817e-05,9.239657142899994e-05,3.945908570999589e-05,1
56,1774313851825,1.9994742859999817e-05,9.239657142899994e-05,3.945908570999589e-05,1
57,1774313851827,1.9994742859999817e-05,9.239657142899994e-05,3.945908570999589e-05,1
58,1774313851830,0.00010189474286000089,0.00012749657142899998,9.405908571001164e-05,1
59,1774313851833,0.00010189474286000089,0.00012749657142899998,9.405908571001164e-05,1
60,1774313851836,0.00010189474286000089,0.00012749657142899998,9.405908571001164e-05,1
61,1774313851838,0.0001213947428600013,0.00011189657142899998,-4.2440914289972216e-05,1
62,1774313851842,0.0001213947428600013,0.00011189657142899998,-4.2440914289972216e-05,1
63,1774313851845,0.0001213947428600013,0.00011189657142899998,-4.2440914289972216e-05,1
64,1774313851847,8.239474286000047e-05,0.00010019657142899997,-6.194091429003335e-05,1
65,1774313851850,8.239474286000047e-05,0.00010019657142899997,-6.194091429003335e-05,1
66,1774313851853,8.239474286000047e-05,0.00010019657142899997,-6.194091429003335e-05,1
67,1774313851855,-3.850525713999971e-05,2.9996571428999945e-05,0.000277359085710009,1
68,1774313851858,-3.850525713999971e-05,2.9996571428999945e-05,0.000277359085710009,1
69,1774313851861,-3.850525713999971e-05,2.9996571428999945e-05,0.000277359085710009,1
70,1774313851863,2.3894742860000942e-05,0.00023669657142899993,0.0003904590857099861,1
71,1774313851866,2.3894742860000942e-05,0.00023669657142899993,0.0003904590857099861,1
72,1774313851869,2.3894742860000942e-05,0.00023669657142899993,0.0003904590857099861,1
73,1774313851872,-5.800525714000013e-05,0.000256196571429,0.00023835908570999775,1
74,1774313851874,-5.800525714000013e-05,0.000256196571429,0.00023835908570999775,1
75,1774313851877,-5.800525714000013e-05,0.000256196571429,0.0001993590857099865,1
76,1774313851880,-0.00010480525713999975,0.000150896571429,0.0001993590857099865,1
77,1774313851883,-0.00010480525713999975,0.000150896571429,0.0001993590857099865,1
78,1774313851886,-7.360525713999942e-05,-7.9203428571e-05,0.00023835908570999775,1
79,1774313851888,-7.360525713999942e-05,-7.9203428571e-05,0.00023835908570999775,1
80,1774313851891,-7.360525713999942e-05,-7.9203428571e-05,0.00023835908570999775,1
81,1774313851894,-5.800525714000013e-05,-2.8503428571000013e-05,0.00024225908570994336,1
82,1774313851897,-5.800525714000013e-05,-2.8503428571000013e-05,0.00024225908570994336,1
83,1774313851899,-5.800525714000013e-05,-2.8503428571000013e-05,0.00024225908570994336,1
84,1774313851902,6.679474286000117e-05,-4.0203428571000026e-05,0.00044895908570994746,1
85,1774313851905,6.679474286000117e-05,-4.0203428571000026e-05,0.00044895908570994746,1
86,1774313851907,6.679474286000117e-05,-4.0203428571000026e-05,0.00044895908570994746,1
87,1774313851910,-0.0002218052571399988,0.000139196571429,0.0003943590857099317,1
88,1774313851913,-0.0002218052571399988,0.000139196571429,0.0003943590857099317,1
89,1774313851916,-0.0002218052571399988,0.000139196571429,0.0003943590857099317,1
90,1774313851919,-0.00011650525713999965,2.2196571428999973e-05,0.00015645908571002964,1
91,1774313851922,-0.00011650525713999965,2.2196571428999973e-05,0.00015645908571002964,1
92,1774313851924,-0.00011650525713999965,2.2196571428999973e-05,0.00015645908571002964,1
93,1774313851927,0.0001369947428600006,-9.090342857100001e-05,0.0001330590857100229,1
94,1774313851930,0.0001369947428600006,-9.090342857100001e-05,0.0001330590857100229,1
95,1774313851932,0.0001369947428600006,-9.090342857100001e-05,0.0001330590857100229,1
96,1774313851935,-3.850525713999971e-05,-0.00010260342857100003,9.405908571001164e-05,1
97,1774313851938,-3.850525713999971e-05,-0.00010260342857100003,9.405908571001164e-05,1
98,1774313851941,-3.850525713999971e-05,-0.00010260342857100003,9.405908571001164e-05,1
99,1774313851943,-0.0001789052571400003,2.9996571428999945e-05,0.00028515908571001124,1
100,1774313851946,-0.0001789052571400003,2.9996571428999945e-05,0.00028515908571001124,1
101,1774313851949,-0.0001789052571400003,2.9996571428999945e-05,0.0001642590857100319,1
102,1774313851951,-0.00013210525713999895,1.8296571428999986e-05,0.0001642590857100319,1
103,1774313851955,-0.00013210525713999895,1.8296571428999986e-05,0.0001642590857100319,1
104,1774313851957,-3.850525713999971e-05,-4.0203428571000026e-05,0.0003592590857099771,1
105,1774313851960,-3.850525713999971e-05,-4.0203428571000026e-05,0.0003592590857099771,1
106,1774313851963,-3.850525713999971e-05,-4.0203428571000026e-05,0.0003592590857099771,1
107,1774313851966,-6.970525714000003e-05,1.049657142899996e-05,0.000214959085709991,1
108,1774313851968,-6.970525714000003e-05,1.049657142899996e-05,0.000214959085709991,1
109,1774313851971,-6.970525714000003e-05,1.049657142899996e-05,0.000214959085709991,1
110,1774313851974,-7.750525713999881e-05,7.6796571429e-05,0.000152559085709973,1
111,1774313851976,-7.750525713999881e-05,7.6796571429e-05,0.000152559085709973,1
112,1774313851979,-7.750525713999881e-05,7.6796571429e-05,0.000152559085709973,1
113,1774313851982,-9.310525713999984e-05,0.000139196571429,7.845908571000714e-05,1
114,1774313851985,-9.310525713999984e-05,0.000139196571429,7.845908571000714e-05,1
115,1774313851987,-9.310525713999984e-05,0.000139196571429,7.845908571000714e-05,1
116,1774313851990,4.394742860000522e-06,0.00011579657142899997,9.0159085709955e-05,1
117,1774313851993,4.394742860000522e-06,0.00011579657142899997,9.0159085709955e-05,1
118,1774313851995,4.394742860000522e-06,0.00011579657142899997,9.0159085709955e-05,1
119,1774313851998,-6.970525714000003e-05,0.00026789657142899993,6.675908570994826e-05,1
120,1774313852001,-6.970525714000003e-05,0.00026789657142899993,6.675908570994826e-05,1
121,1774313852004,-6.970525714000003e-05,0.00026789657142899993,6.675908570994826e-05,1
122,1774313852007,4.947428600011322e-07,-5.970342857100001e-05,-1.1240914289963218e-05,1
123,1774313852010,4.947428600011322e-07,-5.970342857100001e-05,-1.1240914289963218e-05,1
124,1774313852012,4.947428600011322e-07,-5.970342857100001e-05,-1.1240914289963218e-05,1
0,1774313852057,-8.140525713999994e-05,0.00013139657142899997,0.000152559085709973,1
1,1774313852059,-8.140525713999994e-05,0.00013139657142899997,0.000152559085709973,1
2,1774313852103,-0.00013210525713999895,-0.000200103428571,4.5908570998464543e-07,1
3,1774313852107,-6.970525714000003e-05,6.596571428999973e-06,0.0001642590857100319,1
4,1774313852122,-5.4105257139999e-05,-0.00027030342857100004,0.00021105908570993436,1
5,1774313852125,-6.580525713999891e-05,-4.410342857100001e-05,0.00016035908570997525,1
6,1774313852128,-6.580525713999891e-05,-4.410342857100001e-05,0.00016035908570997525,1
7,1774313852134,-6.580525713999891e-05,-4.410342857100001e-05,0.00016035908570997525,1
8,1774313852137,-0.00015940525713999988,4.9496571428999986e-05,0.00019545908570992986,1
9,1774313852139,-0.00015940525713999988,4.9496571428999986e-05,0.00019545908570992986,1
10,1774313852142,-0.00018670525713999908,8.849657142899996e-05,0.0002305590857099955,1
11,1774313852145,-0.00018670525713999908,8.849657142899996e-05,0.0002305590857099955,1
12,1774313852148,-0.00018670525713999908,8.849657142899996e-05,0.0002305590857099955,1
13,1774313852150,9.019474286000098e-05,-5.10342857100004e-06,0.0003124590857099636,1
14,1774313852153,9.019474286000098e-05,-5.10342857100004e-06,0.0003124590857099636,1
15,1774313852156,9.019474286000098e-05,-5.10342857100004e-06,0.00014085908571002514,1
16,1774313852159,-5.800525714000013e-05,-2.4603428571000026e-05,0.00014085908571002514,1
17,1774313852162,-5.800525714000013e-05,-2.4603428571000026e-05,0.00014085908571002514,1
18,1774313852164,-5.800525714000013e-05,1.4396571429e-05,0.0002344590857099411,1
19,1774313852167,-3.850525713999971e-05,1.4396571429e-05,0.0002344590857099411,1
20,1774313852170,-3.850525713999971e-05,1.4396571429e-05,0.0002344590857099411,1
21,1774313852173,5.119474286000014e-05,-3.630342857100004e-05,0.0001486590857100274,1
22,1774313852176,5.119474286000014e-05,-3.630342857100004e-05,0.0001486590857100274,1
23,1774313852178,5.119474286000014e-05,-3.630342857100004e-05,0.0001486590857100274,1
24,1774313852181,-0.0002023052571400001,-8.700342857100003e-05,0.00017595908570997975,1
25,1774313852184,-0.0002023052571400001,-8.700342857100003e-05,0.00017595908570997975,1
26,1774313852186,-0.0002023052571400001,-8.700342857100003e-05,0.00017595908570997975,1
27,1774313852189,-1.9005257139999288e-05,-0.000153303428571,7.45590857099505e-05,1
28,1774313852193,-1.9005257139999288e-05,-0.000153303428571,7.45590857099505e-05,1
29,1774313852196,-1.9005257139999288e-05,-0.000153303428571,6.285908571000264e-05,1
30,1774313852199,-0.00021400525714000002,6.119657142899994e-05,6.285908571000264e-05,1
31,1774313852203,-0.00021400525714000002,6.119657142899994e-05,6.285908571000264e-05,1
32,1774313852206,-5.4105257139999e-05,-5.10342857100004e-06,3.1659085709993644e-05,1
33,1774313852209,-5.4105257139999e-05,-5.10342857100004e-06,3.1659085709993644e-05,1
34,1774313852211,-5.4105257139999e-05,-5.10342857100004e-06,3.1659085709993644e-05,1
35,1774313852214,5.509474286000127e-05,0.000107996571429,0.00026955908571000674,1
36,1774313852217,5.509474286000127e-05,0.000107996571429,0.00026955908571000674,1
37,1774313852220,5.509474286000127e-05,0.000107996571429,0.00026955908571000674,1
38,1774313852222,4.394742860000522e-06,1.4396571429e-05,3.555908570993926e-05,1
39,1774313852225,4.394742860000522e-06,1.4396571429e-05,3.555908570993926e-05,1
40,1774313852228,4.394742860000522e-06,1.4396571429e-05,0.00017985908571003639,1
41,1774313852231,-3.460525713999858e-05,-5.10342857100004e-06,0.00017985908571003639,1
42,1774313852233,-3.460525713999858e-05,-5.10342857100004e-06,0.00017985908571003639,1
43,1774313852236,-3.460525713999858e-05,0.00012749657142899998,0.0002968590857099591,1
44,1774313852239,-3.850525713999971e-05,0.00012749657142899998,0.0002968590857099591,1
45,1774313852242,-3.850525713999971e-05,0.00012749657142899998,0.0002968590857099591,1
46,1774313852244,0.0001213947428600013,9.239657142899994e-05,-2.6840914289967717e-05,1
47,1774313852247,0.0001213947428600013,9.239657142899994e-05,-2.6840914289967717e-05,1
48,1774313852250,0.0001213947428600013,9.239657142899994e-05,-2.6840914289967717e-05,1
49,1774313852253,1.6094742860000427e-05,-0.000168903428571,0.0002305590857099955,1
50,1774313852256,1.6094742860000427e-05,-0.000168903428571,0.0002305590857099955,1
51,1774313852259,1.6094742860000427e-05,-0.000168903428571,0.0002305590857099955,1
52,1774313852261,-6.970525714000003e-05,-1.6803428571e-05,0.0002656590857099501,1
53,1774313852264,-6.970525714000003e-05,-1.6803428571e-05,0.0002656590857099501,1
54,1774313852267,-6.970525714000003e-05,-1.6803428571e-05,0.0002656590857099501,1
55,1774313852270,-3.850525713999971e-05,-5.5803428571000026e-05,0.0002344590857099411,1
56,1774313852272,-3.850525713999971e-05,-5.5803428571000026e-05,0.0002344590857099411,1
57,1774313852275,-3.850525713999971e-05,-5.5803428571000026e-05,0.0002344590857099411,1
58,1774313852278,-0.00012430525714000017,-2.070342857100004e-05,0.0004567590857099497,1
59,1774313852281,-0.00012430525714000017,-2.070342857100004e-05,0.0004567590857099497,1
60,1774313852284,-0.00013210525713999895,0.00017819657142899997,0.0002656590857099501,1
61,1774313852287,-0.00013210525713999895,0.00017819657142899997,0.0002656590857099501,1
62,1774313852290,-0.00013210525713999895,0.00017819657142899997,0.0002656590857099501,1
63,1774313852294,-7.305257139999383e-06,-9.003428571000027e-06,0.00010185908571001389,1
64,1774313852296,-7.305257139999383e-06,-9.003428571000027e-06,0.00010185908571001389,1
65,1774313852299,-7.305257139999383e-06,-9.003428571000027e-06,0.00010185908571001389,1
66,1774313852302,4.339474286000136e-05,4.5596571429e-05,4.359085709930259e-06,1
67,1774313852305,4.339474286000136e-05,4.5596571429e-05,4.359085709930259e-06,1
68,1774313852308,4.339474286000136e-05,4.5596571429e-05,0.00019545908570992986,1
69,1774313852310,8.629474285999986e-05,0.00018989657142899998,0.00019545908570992986,1
70,1774313852313,8.629474285999986e-05,0.00018989657142899998,0.00019545908570992986,1
71,1774313852316,-0.00016330525713999927,0.000263996571429,0.0001876590857099276,1
72,1774313852319,-0.00016330525713999927,0.000263996571429,0.0001876590857099276,1
73,1774313852322,-0.00016330525713999927,0.000263996571429,0.0001876590857099276,1
74,1774313852324,-0.00017110525713999979,0.000107996571429,0.00025395908571000225,1
75,1774313852327,-0.00017110525713999979,0.000107996571429,0.00025395908571000225,1
76,1774313852330,-0.00017110525713999979,0.000107996571429,0.00025395908571000225,1
77,1774313852333,1.9994742859999817e-05,-4.8003428571e-05,0.0002656590857099501,1
78,1774313852336,1.9994742859999817e-05,-4.8003428571e-05,0.0002656590857099501,1
79,1774313852338,1.9994742859999817e-05,-4.8003428571e-05,0.0002656590857099501,1
80,1774313852341,-9.700525713999923e-05,-0.00013380342857100002,0.0001681590857099775,1
81,1774313852344,-9.700525713999923e-05,-0.00013380342857100002,0.0001681590857099775,1
82,1774313852347,-9.700525713999923e-05,-0.00013380342857100002,0.0001681590857099775,1
83,1774313852349,3.169474285999972e-05,7.6796571429e-05,0.0004060590857099906,1
84,1774313852352,3.169474285999972e-05,7.6796571429e-05,0.0004060590857099906,1
85,1774313852355,3.169474285999972e-05,7.6796571429e-05,0.0004060590857099906,1
86,1774313852358,-5.800525714000013e-05,-5.190342857100004e-05,0.00033585908570997035,1
87,1774313852361,-5.800525714000013e-05,-5.190342857100004e-05,0.00033585908570997035,1
88,1774313852364,-5.800525714000013e-05,-5.190342857100004e-05,0.0003748590857099816,1
89,1774313852366,-1.5105257139999897e-05,0.000107996571429,0.0003748590857099816,1
90,1774313852369,-1.5105257139999897e-05,0.000107996571429,0.0003748590857099816,1
91,1774313852373,5.509474286000127e-05,2.609657142899996e-05,8.259085709986895e-06,1
92,1774313852377,5.509474286000127e-05,2.609657142899996e-05,8.259085709986895e-06,1
93,1774313852380,-7.750525713999881e-05,-1.6803428571e-05,0.00014475908570997075,1
94,1774313852383,-7.750525713999881e-05,-1.6803428571e-05,0.00014475908570997075,1
95,1774313852387,-7.750525713999881e-05,-1.6803428571e-05,0.00014475908570997075,1
96,1774313852390,1.9994742859999817e-05,-2.070342857100004e-05,0.00019545908570992986,1
97,1774313852392,1.9994742859999817e-05,-2.070342857100004e-05,0.00019545908570992986,1
98,1774313852395,1.9994742859999817e-05,-2.070342857100004e-05,0.00019545908570992986,1
99,1774313852398,-3.460525713999858e-05,0.00017429657142899993,0.00044505908571000185,1
100,1774313852401,-3.460525713999858e-05,0.00017429657142899993,0.00044505908571000185,1
101,1774313852403,-3.460525713999858e-05,0.00017429657142899993,0.00024615908571,1
102,1774313852406,-1.5105257139999897e-05,-4.8003428571e-05,0.00024615908571,1
103,1774313852409,-1.5105257139999897e-05,-4.8003428571e-05,0.00024615908571,1
104,1774313852412,-5.4105257139999e-05,-1.6803428571e-05,0.000152559085709973,1
105,1774313852414,-5.4105257139999e-05,-1.6803428571e-05,0.000152559085709973,1
106,1774313852417,-5.4105257139999e-05,-1.6803428571e-05,0.000152559085709973,1
107,1774313852420,-0.00010480525713999975,0.00010019657142899997,0.0002188590857099366,1
108,1774313852423,-0.00010480525713999975,0.00010019657142899997,0.0002188590857099366,1
109,1774313852425,-0.00010480525713999975,0.00010019657142899997,0.0002188590857099366,1
110,1774313852428,-1.5105257139999897e-05,6.596571428999973e-06,0.00010965908571001614,1
111,1774313852431,-1.5105257139999897e-05,6.596571428999973e-06,0.00010965908571001614,1
112,1774313852434,-1.5105257139999897e-05,6.596571428999973e-06,0.00010965908571001614,1
113,1774313852436,-1.9005257139999288e-05,-0.00012600342857100002,0.0001876590857099276,1
114,1774313852439,-1.9005257139999288e-05,-0.00012600342857100002,0.0001876590857099276,1
115,1774313852442,-1.9005257139999288e-05,-0.00012600342857100002,0.0001876590857099276,1
116,1774313852445,-3.460525713999858e-05,0.00010409657142899996,4.359085709930259e-06,1
117,1774313852448,-3.460525713999858e-05,0.00010409657142899996,4.359085709930259e-06,1
118,1774313852450,-3.460525713999858e-05,0.00010409657142899996,4.359085709930259e-06,1
119,1774313852453,-7.305257139999383e-06,4.9496571428999986e-05,0.0004255590857099407,1
120,1774313852456,-7.305257139999383e-06,4.9496571428999986e-05,0.0004255590857099407,1
121,1774313852459,-7.305257139999383e-06,4.9496571428999986e-05,0.0004255590857099407,1
122,1774313852461,-3.070525713999919e-05,0.00013529657142899996,0.00019155908570998425,1
123,1774313852464,-3.070525713999919e-05,0.00013529657142899996,0.00019155908570998425,1
124,1774313852467,-3.070525713999919e-05,0.00013529657142899996,0.00027345908570995236,1
0,1774313852511,-6.190525713999952e-05,8.459657142899997e-05,0.0003280590857099681,1
1,1774313852562,-6.190525713999952e-05,8.459657142899997e-05,0.0003280590857099681,1
2,1774313852573,-0.0002062052571399995,-3.630342857100004e-05,0.0001993590857099865,1
3,1774313852576,-0.0002062052571399995,-3.630342857100004e-05,0.0001993590857099865,1
4,1774313852579,-0.0002062052571399995,0.00020939657142899997,9.795908570995725e-05,1
5,1774313852582,-6.190525713999952e-05,0.00020939657142899997,9.795908570995725e-05,1
6,1774313852584,-6.190525713999952e-05,0.00020939657142899997,9.795908570995725e-05,1
7,1774313852587,-0.0002218052571399988,0.00010409657142899996,-6.194091429003335e-05,1
8,1774313852590,-0.0002218052571399988,0.00010409657142899996,-6.194091429003335e-05,1
9,1774313852593,-0.0002218052571399988,0.00010409657142899996,-6.194091429003335e-05,1
10,1774313852596,-0.0003622052571399994,0.00010019657142899997,-1.9040914289965467e-05,1
11,1774313852598,-0.0003622052571399994,0.00010019657142899997,-1.9040914289965467e-05,1
12,1774313852601,-0.0003622052571399994,0.00010019657142899997,-1.9040914289965467e-05,1
13,1774313852604,-0.00031150525713999865,-3.630342857100004e-05,0.0001369590857099685,1
14,1774313852607,-0.00031150525713999865,-3.630342857100004e-05,0.0001369590857099685,1
15,1774313852610,-0.00031150525713999865,-3.630342857100004e-05,0.0001369590857099685,1
16,1774313852612,-1.1205257139998773e-05,-1.6803428571e-05,0.00025395908571000225,1
17,1774313852615,-1.1205257139998773e-05,-1.6803428571e-05,0.00025395908571000225,1
18,1774313852618,-1.1205257139998773e-05,-1.6803428571e-05,0.00025395908571000225,1
19,1774313852621,-0.00011650525713999965,7.6796571429e-05,0.000277359085710009,1
20,1774313852623,-0.00011650525713999965,7.6796571429e-05,0.000277359085710009,1
21,1774313852626,-0.00011650525713999965,7.6796571429e-05,0.000277359085710009,1
22,1774313852629,-8.140525713999994e-05,9.629657142899998e-05,0.000183759085709982,1
23,1774313852632,-8.140525713999994e-05,9.629657142899998e-05,0.000183759085709982,1
24,1774313852635,-8.140525713999994e-05,9.629657142899998e-05,7.065908571000489e-05,1
25,1774313852637,-2.6805257139999802e-05,5.729657142899996e-05,7.065908571000489e-05,1
26,1774313852640,-2.6805257139999802e-05,5.729657142899996e-05,7.065908571000489e-05,1
27,1774313852643,1.6094742860000427e-05,6.119657142899994e-05,0.00019155908570998425,1
28,1774313852646,1.6094742860000427e-05,6.119657142899994e-05,0.00019155908570998425,1
29,1774313852649,1.6094742860000427e-05,6.119657142899994e-05,0.00019155908570998425,1
30,1774313852652,-1.1205257139998773e-05,0.000107996571429,0.00019155908570998425,1
31,1774313852654,-1.1205257139998773e-05,0.000107996571429,0.00019155908570998425,1
32,1774313852657,-1.1205257139998773e-05,0.000107996571429,0.00019155908570998425,1
33,1774313852660,-7.305257139999383e-06,-4.410342857100001e-05,0.00030465908570996136,1
34,1774313852663,-7.305257139999383e-06,-4.410342857100001e-05,0.00030465908570996136,1
35,1774313852665,-7.305257139999383e-06,-4.410342857100001e-05,0.00030465908570996136,1
36,1774313852668,-0.00016330525713999927,0.00012749657142899998,0.00017205908571003414,1
37,1774313852671,-0.00016330525713999927,0.00012749657142899998,0.00017205908571003414,1
38,1774313852677,-0.00016330525713999927,0.00012749657142899998,0.00010965908571001614,1
39,1774313852680,4.947428600011322e-07,3.3896571428999986e-05,0.00010965908571001614,1
40,1774313852683,-0.0001906052571400002,-1.2903428571000013e-05,0.000339759085710027,1
41,1774313852686,-0.0001906052571400002,-1.2903428571000013e-05,0.000339759085710027,1
42,1774313852689,-0.0001906052571400002,-1.2903428571000013e-05,0.000339759085710027,1
43,1774313852691,-0.0002218052571399988,-0.00016500342857100002,0.0004840590857100131,1
44,1774313852694,-0.0002218052571399988,-0.00016500342857100002,0.0004840590857100131,1
45,1774313852697,-0.0002218052571399988,-0.00016500342857100002,0.0004840590857100131,1
46,1774313852700,-5.020525713999961e-05,2.9996571428999945e-05,0.0002812590857099546,1
47,1774313852702,-5.020525713999961e-05,2.9996571428999945e-05,0.0002812590857099546,1
48,1774313852705,-5.020525713999961e-05,2.9996571428999945e-05,0.0002812590857099546,1
49,1774313852708,7.069474286000056e-05,4.9496571428999986e-05,0.000121359085709964,1
50,1774313852711,7.069474286000056e-05,4.9496571428999986e-05,0.000121359085709964,1
51,1774313852713,7.069474286000056e-05,4.9496571428999986e-05,0.000121359085709964,1
52,1774313852716,-3.850525713999971e-05,6.899657142899997e-05,0.0001681590857099775,1
53,1774313852719,-3.850525713999971e-05,6.899657142899997e-05,0.0001681590857099775,1
54,1774313852722,-3.850525713999971e-05,6.899657142899997e-05,0.0001681590857099775,1
55,1774313852724,-1.1205257139998773e-05,0.00016649657142899996,0.0001876590857099276,1
56,1774313852727,-1.1205257139998773e-05,0.00016649657142899996,0.0001876590857099276,1
57,1774313852730,-1.1205257139998773e-05,0.00016649657142899996,0.000121359085709964,1
58,1774313852733,1.6094742860000427e-05,0.000201596571429,0.000121359085709964,1
59,1774313852736,1.6094742860000427e-05,0.000201596571429,0.000121359085709964,1
60,1774313852738,1.6094742860000427e-05,0.00014699657142899997,0.00028905908570995686,1
61,1774313852741,-9.700525713999923e-05,0.00014699657142899997,0.00028905908570995686,1
62,1774313852744,-9.700525713999923e-05,0.00014699657142899997,0.00028905908570995686,1
63,1774313852747,-0.00013990525713999946,-4.8003428571e-05,0.00024225908570994336,1
64,1774313852749,-0.00013990525713999946,-4.8003428571e-05,0.00024225908570994336,1
65,1774313852752,-0.00013990525713999946,-4.8003428571e-05,0.00024225908570994336,1
66,1774313852755,4.947428600011322e-07,3.779657142899997e-05,0.00024615908571,1
67,1774313852758,4.947428600011322e-07,3.779657142899997e-05,0.00024615908571,1
68,1774313852761,4.947428600011322e-07,3.779657142899997e-05,0.00024615908571,1
69,1774313852764,4.339474286000136e-05,2.2196571428999973e-05,0.000183759085709982,1
70,1774313852766,4.339474286000136e-05,2.2196571428999973e-05,0.000183759085709982,1
71,1774313852769,4.339474286000136e-05,2.2196571428999973e-05,0.000183759085709982,1
72,1774313852772,-0.00010090525713999862,8.459657142899997e-05,0.00025785908570994786,1
73,1774313852775,-0.00010090525713999862,8.459657142899997e-05,0.00025785908570994786,1
74,1774313852777,-0.00010090525713999862,8.459657142899997e-05,0.00025785908570994786,1
75,1774313852780,-5.020525713999961e-05,9.239657142899994e-05,0.0002188590857099366,1
76,1774313852783,-5.020525713999961e-05,9.239657142899994e-05,0.0002188590857099366,1
77,1774313852786,-5.020525713999961e-05,9.239657142899994e-05,0.0002188590857099366,1
78,1774313852788,-1.5105257139999897e-05,0.000170396571429,0.0002812590857099546,1
79,1774313852791,-1.5105257139999897e-05,0.000170396571429,0.0002812590857099546,1
80,1774313852794,-1.5105257139999897e-05,0.000170396571429,0.0002188590857099366,1
81,1774313852797,-7.360525713999942e-05,6.119657142899994e-05,0.0002188590857099366,1
82,1774313852799,-7.360525713999942e-05,6.119657142899994e-05,0.0002188590857099366,1
83,1774313852802,-0.00011650525713999965,3.3896571428999986e-05,-3.4640914289969967e-05,1
84,1774313852805,-0.00011650525713999965,3.3896571428999986e-05,-3.4640914289969967e-05,1
85,1774313852808,-0.00011650525713999965,3.3896571428999986e-05,-3.4640914289969967e-05,1
86,1774313852811,0.0001213947428600013,-9.003428571000027e-06,0.00012525908571002064,1
87,1774313852814,0.0001213947428600013,-9.003428571000027e-06,0.00012525908571002064,1
88,1774313852816,0.0001213947428600013,-9.003428571000027e-06,0.00012525908571002064,1
89,1774313852819,-0.00013600525714000007,6.596571428999973e-06,-0.00010874091429004685,1
90,1774313852822,-0.00013600525714000007,6.596571428999973e-06,-0.00010874091429004685,1
91,1774313852825,-0.00013600525714000007,6.596571428999973e-06,-0.00010874091429004685,1
92,1774313852827,0.00010579474286000028,-3.2403428571000053e-05,0.00014085908571002514,1
93,1774313852830,0.00010579474286000028,-3.2403428571000053e-05,0.00014085908571002514,1
94,1774313852833,0.00010579474286000028,-3.2403428571000053e-05,0.00014085908571002514,1
95,1774313852836,-5.020525713999961e-05,2.609657142899996e-05,0.00033585908570997035,1
96,1774313852838,-5.020525713999961e-05,2.609657142899996e-05,0.00033585908570997035,1
97,1774313852841,-5.020525713999961e-05,2.609657142899996e-05,0.00033585908570997035,1
98,1774313852844,-3.850525713999971e-05,-2.8503428571000013e-05,0.000152559085709973,1
99,1774313852847,-3.850525713999971e-05,-2.8503428571000013e-05,0.000152559085709973,1
100,1774313852850,-3.850525713999971e-05,-0.00010260342857100003,0.00020715908570998875,1
101,1774313852853,-7.305257139999383e-06,-0.00010260342857100003,0.00020715908570998875,1
102,1774313852856,-7.305257139999383e-06,-0.00010260342857100003,0.00020715908570998875,1
103,1774313852858,-0.00010870525713999914,-9.003428571000027e-06,0.00020715908570998875,1
104,1774313852861,-0.00010870525713999914,-9.003428571000027e-06,0.00020715908570998875,1
105,1774313852864,-0.00010870525713999914,-9.003428571000027e-06,0.00020715908570998875,1
106,1774313852867,-0.00015940525713999988,-0.00010650342857100001,0.00036705908570997935,1
107,1774313852869,-0.00015940525713999988,-0.00010650342857100001,0.00036705908570997935,1
108,1774313852872,-0.00015940525713999988,-0.00010650342857100001,0.00036705908570997935,1
109,1774313852875,3.169474285999972e-05,9.239657142899994e-05,0.00044895908570994746,1
110,1774313852878,3.169474285999972e-05,9.239657142899994e-05,0.00044895908570994746,1
111,1774313852881,3.169474285999972e-05,9.239657142899994e-05,0.00044895908570994746,1
112,1774313852883,1.9994742859999817e-05,0.00011579657142899997,0.00010965908571001614,1
113,1774313852886,1.9994742859999817e-05,0.00011579657142899997,0.00010965908571001614,1
114,1774313852889,1.9994742859999817e-05,0.00011579657142899997,0.00010965908571001614,1
115,1774313852892,-0.00014770525713999998,0.00010409657142899996,-3.4640914289969967e-05,1
116,1774313852894,-0.00014770525713999998,0.00010409657142899996,-3.4640914289969967e-05,1
117,1774313852897,-0.00014770525713999998,0.00010409657142899996,-3.4640914289969967e-05,1
118,1774313852900,-3.850525713999971e-05,4.169657142899996e-05,1.6059085709989145e-05,1
119,1774313852903,-3.850525713999971e-05,4.169657142899996e-05,1.6059085709989145e-05,1
120,1774313852906,-3.850525713999971e-05,4.169657142899996e-05,0.00027345908570995236,1
121,1774313852908,-6.190525713999952e-05,6.899657142899997e-05,0.00027345908570995236,1
122,1774313852911,-6.190525713999952e-05,6.899657142899997e-05,0.00027345908570995236,1
123,1774313852914,-6.580525713999891e-05,4.9496571428999986e-05,0.0001486590857100274,1
124,1774313852917,-6.580525713999891e-05,4.9496571428999986e-05,0.0001486590857100274,1
0,1774313853021,2.7794742860000332e-05,-4.410342857100001e-05,0.0002812590857099546,1
1,1774313853024,-9.310525713999984e-05,-9.480342857100005e-05,0.0003592590857099771,1
2,1774313853026,-0.00012820525713999956,-0.00011820342857100002,-3.074091429002435e-05,1
3,1774313853029,-0.00012820525713999956,-0.00011820342857100002,-3.074091429002435e-05,1
4,1774313853032,-0.00012820525713999956,-0.00011820342857100002,-3.074091429002435e-05,1
5,1774313853034,-0.00015160525713999937,-2.4603428571000026e-05,1.2159085709932509e-05,1
6,1774313853037,-0.00015160525713999937,-2.4603428571000026e-05,1.2159085709932509e-05,1
7,1774313853040,-0.00015160525713999937,-2.4603428571000026e-05,1.2159085709932509e-05,1
8,1774313853043,-0.00016720525713999866,3.3896571428999986e-05,0.0002812590857099546,1
9,1774313853045,-0.00016720525713999866,3.3896571428999986e-05,0.0002812590857099546,1
10,1774313853048,-0.00016720525713999866,3.3896571428999986e-05,0.0002812590857099546,1
11,1774313853051,-9.310525713999984e-05,-1.2903428571000013e-05,0.0002344590857099411,1
12,1774313853054,-9.310525713999984e-05,-1.2903428571000013e-05,0.0002344590857099411,1
13,1774313853056,-9.310525713999984e-05,-1.2903428571000013e-05,0.0002344590857099411,1
14,1774313853059,-8.140525713999994e-05,8.849657142899996e-05,0.00012525908571002064,1
15,1774313853062,-8.140525713999994e-05,8.849657142899996e-05,0.00012525908571002064,1
16,1774313853064,-8.140525713999994e-05,8.849657142899996e-05,0.00012525908571002064,1
17,1774313853067,-7.305257139999383e-06,-3.630342857100004e-05,0.00035145908570997485,1
18,1774313853070,-7.305257139999383e-06,-3.630342857100004e-05,0.00035145908570997485,1
19,1774313853073,-7.305257139999383e-06,-3.630342857100004e-05,0.00035145908570997485,1
20,1774313853075,-9.700525713999923e-05,-7.530342857100001e-05,0.00036705908570997935,1
21,1774313853078,-9.700525713999923e-05,-7.530342857100001e-05,0.00036705908570997935,1
22,1774313853081,-9.700525713999923e-05,-7.530342857100001e-05,0.00017205908571003414,1
23,1774313853084,-0.00013990525713999946,-4.0203428571000026e-05,0.00017205908571003414,1
24,1774313853086,-0.00013990525713999946,-4.0203428571000026e-05,0.00017205908571003414,1
25,1774313853089,-0.00013990525713999946,-0.00012600342857100002,-7.340914290017604e-06,1
26,1774313853092,-0.00013210525713999895,-0.00012600342857100002,-7.340914290017604e-06,1
27,1774313853095,-0.00013210525713999895,-0.00012600342857100002,-7.340914290017604e-06,1
28,1774313853097,-0.0002530052571399991,-7.140342857100003e-05,0.00014475908570997075,1
29,1774313853100,-0.0002530052571399991,-7.140342857100003e-05,0.00014475908570997075,1
30,1774313853103,-0.0002530052571399991,-7.140342857100003e-05,0.00014475908570997075,1
31,1774313853106,-2.6805257139999802e-05,1.049657142899996e-05,0.000308559085710018,1
32,1774313853108,-2.6805257139999802e-05,1.049657142899996e-05,0.000308559085710018,1
33,1774313853111,-2.6805257139999802e-05,1.049657142899996e-05,0.000308559085710018,1
34,1774313853114,-0.00016720525713999866,-5.970342857100001e-05,0.00022275908570999325,1
35,1774313853117,-0.00016720525713999866,-5.970342857100001e-05,0.00022275908570999325,1
36,1774313853119,-0.00016720525713999866,-5.970342857100001e-05,0.00022275908570999325,1
37,1774313853122,-0.00015160525713999937,0.00011579657142899997,9.0159085709955e-05,1
38,1774313853125,-0.00015160525713999937,0.00011579657142899997,9.0159085709955e-05,1
39,1774313853128,-0.00015160525713999937,0.00011579657142899997,9.0159085709955e-05,1
40,1774313853130,-0.00014770525713999998,0.00017429657142899993,0.0001876590857099276,1
41,1774313853133,-0.00014770525713999998,0.00017429657142899993,0.0001876590857099276,1
42,1774313853136,-0.00014770525713999998,0.00017429657142899993,0.0001876590857099276,1
43,1774313853139,-1.9005257139999288e-05,-5.10342857100004e-06,9.0159085709955e-05,1
44,1774313853141,-1.9005257139999288e-05,-5.10342857100004e-06,9.0159085709955e-05,1
45,1774313853144,-1.9005257139999288e-05,-5.10342857100004e-06,9.0159085709955e-05,1
46,1774313853147,4.394742860000522e-06,-0.00017670342857100004,0.0003787590857099272,1
47,1774313853150,4.394742860000522e-06,-0.00017670342857100004,0.0003787590857099272,1
48,1774313853152,4.394742860000522e-06,-0.00017670342857100004,0.0003787590857099272,1
49,1774313853155,9.409474286000037e-05,-0.00015720342857100002,0.00015645908571002964,1
50,1774313853158,9.409474286000037e-05,-0.00015720342857100002,0.00015645908571002964,1
51,1774313853161,9.409474286000037e-05,-0.00015720342857100002,0.00022275908570999325,1
52,1774313853163,1.9994742859999817e-05,0.00016649657142899996,0.00022275908570999325,1
53,1774313853166,1.9994742859999817e-05,0.00016649657142899996,0.00022275908570999325,1
54,1774313853169,1.9994742859999817e-05,0.00019379657142900002,9.405908571001164e-05,1
55,1774313853172,-3.4052571399999926e-06,0.00019379657142900002,9.405908571001164e-05,1
56,1774313853174,-3.4052571399999926e-06,0.00019379657142900002,9.405908571001164e-05,1
57,1774313853177,-0.0002101052571399989,0.00019379657142900002,0.0001681590857099775,1
58,1774313853180,-0.0002101052571399989,0.00019379657142900002,0.0001681590857099775,1
59,1774313853183,-0.0002101052571399989,0.00019379657142900002,0.0001681590857099775,1
60,1774313853186,-0.00015550525713999876,-1.203428571000054e-06,0.00014085908571002514,1
61,1774313853188,-0.00015550525713999876,-1.203428571000054e-06,0.00014085908571002514,1
62,1774313853191,-0.00015550525713999876,-1.203428571000054e-06,0.00014085908571002514,1
63,1774313853194,-1.9005257139999288e-05,-3.2403428571000053e-05,3.945908570999589e-05,1
64,1774313853197,-1.9005257139999288e-05,-3.2403428571000053e-05,3.945908570999589e-05,1
65,1774313853199,-1.9005257139999288e-05,-3.2403428571000053e-05,3.945908570999589e-05,1
66,1774313853202,-3.070525713999919e-05,8.459657142899997e-05,2.3859085709991394e-05,1
67,1774313853205,-3.070525713999919e-05,8.459657142899997e-05,2.3859085709991394e-05,1
68,1774313853208,-3.070525713999919e-05,8.459657142899997e-05,2.3859085709991394e-05,1
69,1774313853211,1.2194742860001037e-05,2.609657142899996e-05,0.00022665908570993886,1
70,1774313853213,1.2194742860001037e-05,2.609657142899996e-05,0.00022665908570993886,1
71,1774313853216,1.2194742860001037e-05,2.609657142899996e-05,0.00022665908570993886,1
72,1774313853219,0.00015649474286000102,6.509657142899999e-05,-7.364091428998121e-05,1
73,1774313853222,0.00015649474286000102,6.509657142899999e-05,-7.364091428998121e-05,1
74,1774313853225,0.00015649474286000102,0.00024839657142899994,9.0159085709955e-05,1
75,1774313853227,3.949474286000024e-05,0.00024839657142899994,9.0159085709955e-05,1
76,1774313853230,3.949474286000024e-05,0.00024839657142899994,9.0159085709955e-05,1
77,1774313853233,-0.00012040525713999904,0.00027179657142899997,0.00032025908570996586,1
78,1774313853236,-0.00012040525713999904,0.00027179657142899997,0.00032025908570996586,1
79,1774313853239,-0.00012040525713999904,0.00027179657142899997,0.00032025908570996586,1
80,1774313853241,3.169474285999972e-05,6.509657142899999e-05,0.00036315908571003374,1
81,1774313853244,3.169474285999972e-05,6.509657142899999e-05,0.00036315908571003374,1
82,1774313853247,3.169474285999972e-05,6.509657142899999e-05,0.00036315908571003374,1
83,1774313853250,-6.580525713999891e-05,-0.00012990342857100004,0.0002188590857099366,1
84,1774313853253,-6.580525713999891e-05,-0.00012990342857100004,0.0002188590857099366,1
85,1774313853255,-6.580525713999891e-05,-0.00012990342857100004,0.0002188590857099366,1
86,1774313853258,-0.00011260525714000026,4.9496571428999986e-05,0.000308559085710018,1
87,1774313853261,-0.00011260525714000026,4.9496571428999986e-05,0.000308559085710018,1
88,1774313853264,-0.00011260525714000026,4.9496571428999986e-05,0.000308559085710018,1
89,1774313853267,-3.850525713999971e-05,7.6796571429e-05,0.00022665908570993886,1
90,1774313853269,-3.850525713999971e-05,7.6796571429e-05,0.00022665908570993886,1
91,1774313853272,-3.850525713999971e-05,7.6796571429e-05,0.000214959085709991,1
92,1774313853275,-0.00016330525713999927,5.339657142899997e-05,0.000214959085709991,1
93,1774313853278,-0.00016330525713999927,5.339657142899997e-05,0.000214959085709991,1
94,1774313853281,-3.850525713999971e-05,7.289657142899996e-05,0.0002032590857099321,1
95,1774313853283,-3.850525713999971e-05,7.289657142899996e-05,0.0002032590857099321,1
96,1774313853286,-3.850525713999971e-05,7.289657142899996e-05,0.0002032590857099321,1
97,1774313853289,-3.850525713999971e-05,6.509657142899999e-05,0.000339759085710027,1
98,1774313853292,-3.850525713999971e-05,6.509657142899999e-05,0.000339759085710027,1
99,1774313853295,-3.850525713999971e-05,6.509657142899999e-05,0.000339759085710027,1
100,1774313853297,-0.00013600525714000007,-7.9203428571e-05,0.000339759085710027,1
101,1774313853300,-0.00013600525714000007,-7.9203428571e-05,0.000339759085710027,1
102,1774313853303,-0.00013600525714000007,-7.9203428571e-05,0.000339759085710027,1
103,1774313853306,-0.0001906052571400002,-5.190342857100004e-05,0.00038655908570992947,1
104,1774313853309,-0.0001906052571400002,-5.190342857100004e-05,0.00038655908570992947,1
105,1774313853311,-0.0001906052571400002,-5.190342857100004e-05,0.00038655908570992947,1
106,1774313853314,-9.700525713999923e-05,-3.2403428571000053e-05,0.00031635908571002024,1
107,1774313853317,-9.700525713999923e-05,-3.2403428571000053e-05,0.00031635908571002024,1
108,1774313853320,-9.700525713999923e-05,-3.2403428571000053e-05,0.00031635908571002024,1
109,1774313853323,-5.800525714000013e-05,7.289657142899996e-05,0.000183759085709982,1
110,1774313853326,-5.800525714000013e-05,7.289657142899996e-05,0.000183759085709982,1
111,1774313853328,-5.800525714000013e-05,6.119657142899994e-05,3.555908570993926e-05,1
112,1774313853331,-0.00024910525713999973,6.119657142899994e-05,3.555908570993926e-05,1
113,1774313853337,-9.700525713999923e-05,0.00012749657142899998,0.00016035908570997525,1
114,1774313853340,-9.700525713999923e-05,0.00012749657142899998,0.00016035908570997525,1
115,1774313853343,-9.700525713999923e-05,0.00012749657142899998,0.00016035908570997525,1
116,1774313853346,5.119474286000014e-05,2.9996571428999945e-05,0.0002656590857099501,1
117,1774313853348,5.119474286000014e-05,2.9996571428999945e-05,0.0002656590857099501,1
118,1774313853351,5.119474286000014e-05,2.9996571428999945e-05,0.0002656590857099501,1
119,1774313853354,1.2194742860001037e-05,1.4396571429e-05,0.0001876590857099276,1
120,1774313853356,1.2194742860001037e-05,1.4396571429e-05,0.0001876590857099276,1
121,1774313853359,1.2194742860001037e-05,1.4396571429e-05,0.0001876590857099276,1
122,1774313853362,-1.1205257139998773e-05,4.169657142899996e-05,0.0001993590857099865,1
123,1774313853365,-1.1205257139998773e-05,4.169657142899996e-05,0.0001993590857099865,1
124,1774313853368,-1.1205257139998773e-05,4.169657142899996e-05,0.0002968590857099591,1
0,1774313853470,-7.750525713999881e-05,4.5596571429e-05,6.675908570994826e-05,1
1,1774313853475,-3.850525713999971e-05,3.3896571428999986e-05,0.0002344590857099411,1
2,1774313853478,-3.850525713999971e-05,3.3896571428999986e-05,0.0002344590857099411,1
3,1774313853480,-0.00026080525713999964,-2.8503428571000013e-05,0.00027345908570995236,1
4,1774313853483,-0.00026080525713999964,-2.8503428571000013e-05,0.00027345908570995236,1
5,1774313853486,-0.00026080525713999964,-2.8503428571000013e-05,0.00027345908570995236,1
6,1774313853489,-0.00015550525713999876,4.169657142899996e-05,0.000183759085709982,1
7,1774313853492,-0.00015550525713999876,4.169657142899996e-05,0.000183759085709982,1
8,1774313853495,-0.00015550525713999876,4.169657142899996e-05,0.000183759085709982,1
9,1774313853497,-5.800525714000013e-05,-5.190342857100004e-05,0.0002032590857099321,1
10,1774313853500,-5.800525714000013e-05,-5.190342857100004e-05,0.0002032590857099321,1
11,1774313853503,-5.800525714000013e-05,-5.190342857100004e-05,0.0002032590857099321,1
12,1774313853506,-0.00012040525713999904,1.8296571428999986e-05,0.00024615908571,1
13,1774313853509,-0.00012040525713999904,1.8296571428999986e-05,0.00024615908571,1
14,1774313853511,-0.00012040525713999904,1.8296571428999986e-05,0.0001642590857100319,1
15,1774313853514,-4.24052571399991e-05,5.729657142899996e-05,0.0001642590857100319,1
16,1774313853517,-4.24052571399991e-05,5.729657142899996e-05,0.0001642590857100319,1
17,1774313853520,-4.24052571399991e-05,4.9496571428999986e-05,0.0003436590857099726,1
18,1774313853522,-8.140525713999994e-05,4.9496571428999986e-05,0.0003436590857099726,1
19,1774313853525,-8.140525713999994e-05,4.9496571428999986e-05,0.0003436590857099726,1
20,1774313853528,1.9994742859999817e-05,1.4396571429e-05,0.00040215908570993397,1
21,1774313853531,1.9994742859999817e-05,1.4396571429e-05,0.00040215908570993397,1
22,1774313853534,1.9994742859999817e-05,1.4396571429e-05,0.00040215908570993397,1
23,1774313853536,-6.580525713999891e-05,6.596571428999973e-06,0.0001876590857099276,1
24,1774313853539,-6.580525713999891e-05,6.596571428999973e-06,0.0001876590857099276,1
25,1774313853542,-6.580525713999891e-05,6.596571428999973e-06,0.0001876590857099276,1
26,1774313853545,1.6094742860000427e-05,0.00017819657142899997,0.0002656590857099501,1
27,1774313853548,1.6094742860000427e-05,0.00017819657142899997,0.0002656590857099501,1
28,1774313853550,1.6094742860000427e-05,0.00017819657142899997,0.0002656590857099501,1
29,1774313853553,-3.070525713999919e-05,0.00011969657142899996,0.0001681590857099775,1
30,1774313853556,-3.070525713999919e-05,0.00011969657142899996,0.0001681590857099775,1
31,1774313853558,-3.070525713999919e-05,0.00011969657142899996,0.0001681590857099775,1
32,1774313853561,0.00010579474286000028,0.00022889657142899996,0.000277359085710009,1
33,1774313853564,0.00010579474286000028,0.00022889657142899996,0.000277359085710009,1
34,1774313853567,0.00010579474286000028,0.00022889657142899996,0.000277359085710009,1
35,1774313853570,-7.305257139999383e-06,0.00016649657142899996,0.00025395908571000225,1
36,1774313853573,-7.305257139999383e-06,0.00016649657142899996,0.00025395908571000225,1
37,1774313853576,-7.305257139999383e-06,0.00011189657142899998,0.00014475908570997075,1
38,1774313853578,-0.00028030525714000006,0.00011189657142899998,0.00014475908570997075,1
39,1774313853581,-0.00028030525714000006,0.00011189657142899998,0.00014475908570997075,1
40,1774313853584,-0.00012040525713999904,-5.970342857100001e-05,0.00022665908570993886,1
41,1774313853587,-0.00012040525713999904,-5.970342857100001e-05,0.00022665908570993886,1
42,1774313853589,-0.00012040525713999904,-5.970342857100001e-05,0.00022665908570993886,1
43,1774313853592,-3.460525713999858e-05,4.169657142899996e-05,7.845908571000714e-05,1
44,1774313853595,-3.460525713999858e-05,4.169657142899996e-05,7.845908571000714e-05,1
45,1774313853598,-3.460525713999858e-05,4.169657142899996e-05,7.845908571000714e-05,1
46,1774313853601,-0.00017500525713999918,-4.410342857100001e-05,0.000183759085709982,1
47,1774313853603,-0.00017500525713999918,-4.410342857100001e-05,0.000183759085709982,1
48,1774313853606,-0.00017500525713999918,-4.410342857100001e-05,0.000183759085709982,1
49,1774313853609,-2.6805257139999802e-05,6.899657142899997e-05,0.00019545908570992986,1
50,1774313853612,-2.6805257139999802e-05,6.899657142899997e-05,0.00019545908570992986,1
51,1774313853615,-2.6805257139999802e-05,6.899657142899997e-05,0.00019545908570992986,1
52,1774313853617,-3.460525713999858e-05,1.4396571429e-05,5.8959085709946006e-05,1
53,1774313853620,-3.460525713999858e-05,1.4396571429e-05,5.8959085709946006e-05,1
54,1774313853623,-3.460525713999858e-05,1.4396571429e-05,-3.4640914289969967e-05,1
55,1774313853626,2.7794742860000332e-05,0.00014699657142899997,-3.4640914289969967e-05,1
56,1774313853628,2.7794742860000332e-05,0.00014699657142899997,-3.4640914289969967e-05,1
57,1774313853631,2.7794742860000332e-05,0.00016259657142899992,-1.1240914289963218e-05,1
58,1774313853634,-1.1205257139998773e-05,0.00016259657142899992,-1.1240914289963218e-05,1
59,1774313853637,-1.1205257139998773e-05,0.00016259657142899992,-1.1240914289963218e-05,1
60,1774313853640,1.2194742860001037e-05,0.00021719657142899994,0.00021105908570993436,1
61,1774313853642,1.2194742860001037e-05,0.00021719657142899994,0.00021105908570993436,1
62,1774313853645,1.2194742860001037e-05,0.00021719657142899994,0.00021105908570993436,1
63,1774313853648,-3.850525713999971e-05,0.00016259657142899992,0.00035145908570997485,1
64,1774313853651,-3.850525713999971e-05,0.00016259657142899992,0.00035145908570997485,1
65,1774313853653,-3.850525713999971e-05,0.00016259657142899992,0.00035145908570997485,1
66,1774313853656,-0.00024910525713999973,8.849657142899996e-05,0.0004372590857099996,1
67,1774313853659,-0.00024910525713999973,8.849657142899996e-05,0.0004372590857099996,1
68,1774313853662,-0.00024910525713999973,8.849657142899996e-05,0.0004372590857099996,1
69,1774313853664,-0.00010480525713999975,-9.003428571000027e-06,0.0002617590857100045,1
70,1774313853667,-0.00010480525713999975,-9.003428571000027e-06,0.0002617590857100045,1
71,1774313853670,-0.00010480525713999975,-9.003428571000027e-06,0.0002617590857100045,1
72,1774313853673,-0.00014380525713999885,4.9496571428999986e-05,0.00019155908570998425,1
73,1774313853676,-0.00014380525713999885,4.9496571428999986e-05,0.00019155908570998425,1
74,1774313853679,-0.00014380525713999885,4.9496571428999986e-05,0.00019155908570998425,1
75,1774313853681,-6.970525714000003e-05,6.119657142899994e-05,0.00017985908571003639,1
76,1774313853685,-6.970525714000003e-05,6.119657142899994e-05,0.00017985908571003639,1
77,1774313853691,-3.4052571399999926e-06,4.5596571429e-05,0.00027345908570995236,1
78,1774313853694,-3.4052571399999926e-06,4.5596571429e-05,0.00027345908570995236,1
79,1774313853697,-0.00013990525713999946,0.00017429657142899993,0.0003748590857099816,1
80,1774313853700,-0.00013990525713999946,0.00017429657142899993,0.0003748590857099816,1
81,1774313853702,-0.00013990525713999946,0.00017429657142899993,0.0003748590857099816,1
82,1774313853705,-9.700525713999923e-05,2.2196571428999973e-05,0.0003280590857099681,1
83,1774313853708,-9.700525713999923e-05,2.2196571428999973e-05,0.0003280590857099681,1
84,1774313853711,-9.700525713999923e-05,2.2196571428999973e-05,0.00041775908570993846,1
85,1774313853713,-0.00013600525714000007,0.00011579657142899997,0.00041775908570993846,1
86,1774313853716,-0.00013600525714000007,0.00011579657142899997,0.00041775908570993846,1
87,1774313853719,-0.00013600525714000007,0.00023669657142899993,0.00023835908570999775,1
88,1774313853722,-8.920525713999872e-05,0.00023669657142899993,0.00023835908570999775,1
89,1774313853724,-8.920525713999872e-05,0.00023669657142899993,0.00023835908570999775,1
90,1774313853727,-8.920525713999872e-05,5.729657142899996e-05,4.725908570999814e-05,1
91,1774313853730,-8.920525713999872e-05,5.729657142899996e-05,4.725908570999814e-05,1
92,1774313853733,-8.920525713999872e-05,5.729657142899996e-05,4.725908570999814e-05,1
93,1774313853739,-5.020525713999961e-05,-2.8503428571000013e-05,0.0004099590857099362,1
94,1774313853742,-5.020525713999961e-05,-2.8503428571000013e-05,0.0004099590857099362,1
95,1774313853744,0.00010579474286000028,0.00010409657142899996,0.0006049590857099925,1
96,1774313853747,0.00010579474286000028,0.00010409657142899996,0.0006049590857099925,1
97,1774313853750,0.00010579474286000028,0.00010409657142899996,0.0006049590857099925,1
98,1774313853752,6.289474286000005e-05,5.729657142899996e-05,0.000152559085709973,1
99,1774313853755,6.289474286000005e-05,5.729657142899996e-05,0.000152559085709973,1
100,1774313853758,6.289474286000005e-05,5.729657142899996e-05,0.000152559085709973,1
101,1774313853761,2.7794742860000332e-05,-0.00012600342857100002,0.00019155908570998425,1
102,1774313853763,2.7794742860000332e-05,-0.00012600342857100002,0.00019155908570998425,1
103,1774313853766,2.7794742860000332e-05,-0.00012600342857100002,0.00019155908570998425,1
104,1774313853769,-6.580525713999891e-05,0.00010019657142899997,4.5908570998464543e-07,1
105,1774313853772,-6.580525713999891e-05,0.00010019657142899997,4.5908570998464543e-07,1
106,1774313853774,-6.580525713999891e-05,0.00010019657142899997,-5.8040914289976715e-05,1
107,1774313853777,-6.580525713999891e-05,-3.2403428571000053e-05,-5.8040914289976715e-05,1
108,1774313853780,-6.580525713999891e-05,-3.2403428571000053e-05,-5.8040914289976715e-05,1
109,1774313853783,-0.0001828052571399997,-0.00014550342857100004,0.0001486590857100274,1
110,1774313853786,-0.0001828052571399997,-0.00014550342857100004,0.0001486590857100274,1
111,1774313853788,-0.0001828052571399997,-0.00014550342857100004,0.0001486590857100274,1
112,1774313853791,8.294742859999912e-06,-2.070342857100004e-05,0.00010185908571001389,1
113,1774313853794,8.294742859999912e-06,-2.070342857100004e-05,0.00010185908571001389,1
114,1774313853797,8.294742859999912e-06,-2.070342857100004e-05,0.00010185908571001389,1
115,1774313853799,1.2194742860001037e-05,-2.8503428571000013e-05,0.00014085908571002514,1
116,1774313853802,1.2194742860001037e-05,-2.8503428571000013e-05,0.00014085908571002514,1
117,1774313853805,1.2194742860001037e-05,-2.8503428571000013e-05,0.00014085908571002514,1
118,1774313853808,-2.2905257139998678e-05,-1.203428571000054e-06,-3.074091429002435e-05,1
119,1774313853811,-2.2905257139998678e-05,-1.203428571000054e-06,-3.074091429002435e-05,1
120,1774313853813,-2.2905257139998678e-05,-1.203428571000054e-06,-3.074091429002435e-05,1
121,1774313853816,-4.24052571399991e-05,-1.6803428571e-05,6.675908570994826e-05,1
122,1774313853819,-4.24052571399991e-05,-1.6803428571e-05,6.675908570994826e-05,1
123,1774313853822,-4.24052571399991e-05,-1.6803428571e-05,6.675908570994826e-05,1
124,1774313853824,-0.00010090525713999862,4.5596571429e-05,7.45590857099505e-05,1
0,1774313853870,-0.00015160525713999937,-2.4603428571000026e-05,0.00011745908571001839,1
1,1774313853875,-0.00015940525713999988,-4.0203428571000026e-05,0.00011745908571001839,1
2,1774313853923,-0.00013990525713999946,0.00018989657142899998,0.00014475908570997075,1
3,1774313853935,-3.4052571399999926e-06,2.609657142899996e-05,4.359085709930259e-06,1
4,1774313853938,-3.4052571399999926e-06,2.609657142899996e-05,4.359085709930259e-06,1
5,1774313853941,-3.4052571399999926e-06,2.609657142899996e-05,4.359085709930259e-06,1
6,1774313853943,7.459474285999995e-05,4.9496571428999986e-05,3.1659085709993644e-05,1
7,1774313853946,7.459474285999995e-05,4.9496571428999986e-05,3.1659085709993644e-05,1
8,1774313853949,7.459474285999995e-05,4.9496571428999986e-05,3.1659085709993644e-05,1
9,1774313853952,-1.9005257139999288e-05,3.3896571428999986e-05,0.00024225908570994336,1
10,1774313853954,-1.9005257139999288e-05,3.3896571428999986e-05,0.00024225908570994336,1
11,1774313853957,-1.9005257139999288e-05,3.3896571428999986e-05,0.00024225908570994336,1
12,1774313853960,-7.750525713999881e-05,9.629657142899998e-05,0.00017595908570997975,1
13,1774313853963,-7.750525713999881e-05,9.629657142899998e-05,0.00017595908570997975,1
14,1774313853965,-7.750525713999881e-05,9.629657142899998e-05,0.00017595908570997975,1
15,1774313853968,0.0001603947428600004,-2.4603428571000026e-05,0.0002968590857099591,1
16,1774313853971,0.0001603947428600004,-2.4603428571000026e-05,0.0002968590857099591,1
17,1774313853974,0.0001603947428600004,-2.4603428571000026e-05,3.1659085709993644e-05,1
18,1774313853977,-5.800525714000013e-05,-2.4603428571000026e-05,3.1659085709993644e-05,1
19,1774313853979,-5.800525714000013e-05,-2.4603428571000026e-05,3.1659085709993644e-05,1
20,1774313853982,-5.020525713999961e-05,-0.00010650342857100001,0.0001642590857100319,1
21,1774313853985,-5.020525713999961e-05,-0.00010650342857100001,0.0001642590857100319,1
22,1774313853988,-5.020525713999961e-05,-0.00010650342857100001,0.0001642590857100319,1
23,1774313853991,-2.6805257139999802e-05,-2.070342857100004e-05,0.0001642590857100319,1
24,1774313853994,-2.6805257139999802e-05,-2.070342857100004e-05,0.0001642590857100319,1
25,1774313853996,-2.6805257139999802e-05,-2.070342857100004e-05,0.0001642590857100319,1
26,1774313853999,-4.630525714000022e-05,-9.003428571000027e-06,7.065908571000489e-05,1
27,1774313854002,-4.630525714000022e-05,-9.003428571000027e-06,7.065908571000489e-05,1
28,1774313854005,-4.630525714000022e-05,-9.003428571000027e-06,7.065908571000489e-05,1
29,1774313854007,-5.020525713999961e-05,-0.00010650342857100001,0.00022275908570999325,1
30,1774313854010,-5.020525713999961e-05,-0.00010650342857100001,0.00022275908570999325,1
31,1774313854013,-5.020525713999961e-05,-0.00010650342857100001,0.00022275908570999325,1
32,1774313854016,5.509474286000127e-05,5.729657142899996e-05,0.0003553590857100315,1
33,1774313854019,5.509474286000127e-05,5.729657142899996e-05,0.0003553590857100315,1
34,1774313854022,5.509474286000127e-05,5.729657142899996e-05,0.0003553590857100315,1
35,1774313854024,9.019474286000098e-05,7.289657142899996e-05,0.00025785908570994786,1
36,1774313854027,9.019474286000098e-05,7.289657142899996e-05,0.00025785908570994786,1
37,1774313854030,9.019474286000098e-05,6.899657142899997e-05,0.00020715908570998875,1
38,1774313854032,-0.00014770525713999998,6.899657142899997e-05,0.00020715908570998875,1
39,1774313854035,-0.00014770525713999998,6.899657142899997e-05,0.00020715908570998875,1
40,1774313854038,4.947428600011322e-07,-2.8503428571000013e-05,0.0001369590857099685,1
41,1774313854041,4.947428600011322e-07,-2.8503428571000013e-05,0.0001369590857099685,1
42,1774313854044,4.947428600011322e-07,-2.8503428571000013e-05,0.0001369590857099685,1
43,1774313854046,-4.630525714000022e-05,4.5596571429e-05,-1.1240914289963218e-05,1
44,1774313854049,-4.630525714000022e-05,4.5596571429e-05,-1.1240914289963218e-05,1
45,1774313854052,-4.630525714000022e-05,4.5596571429e-05,-1.1240914289963218e-05,1
46,1774313854055,4.947428600011322e-07,-4.8003428571e-05,-6.194091429003335e-05,1
47,1774313854058,4.947428600011322e-07,-4.8003428571e-05,-6.194091429003335e-05,1
48,1774313854060,4.947428600011322e-07,-4.8003428571e-05,-6.194091429003335e-05,1
49,1774313854063,5.119474286000014e-05,2.2196571428999973e-05,0.00016035908570997525,1
50,1774313854066,5.119474286000014e-05,2.2196571428999973e-05,0.00016035908570997525,1
51,1774313854069,5.119474286000014e-05,2.2196571428999973e-05,0.00016035908570997525,1
52,1774313854072,4.394742860000522e-06,2.609657142899996e-05,4.335908570994151e-05,1
53,1774313854074,4.394742860000522e-06,2.609657142899996e-05,4.335908570994151e-05,1
54,1774313854077,4.394742860000522e-06,2.609657142899996e-05,4.335908570994151e-05,1
55,1774313854080,-0.00017110525713999979,2.609657142899996e-05,-3.074091429002435e-05,1
56,1774313854083,-0.00017110525713999979,2.609657142899996e-05,-3.074091429002435e-05,1
57,1774313854085,-0.00017110525713999979,2.609657142899996e-05,0.0002188590857099366,1
58,1774313854088,-6.580525713999891e-05,5.729657142899996e-05,0.0002188590857099366,1
59,1774313854091,-6.580525713999891e-05,5.729657142899996e-05,0.0002188590857099366,1
60,1774313854094,-6.190525713999952e-05,0.000244496571429,0.00028905908570995686,1
61,1774313854096,-6.190525713999952e-05,0.000244496571429,0.00028905908570995686,1
62,1774313854099,-6.190525713999952e-05,0.000244496571429,0.00028905908570995686,1
63,1774313854102,-6.190525713999952e-05,8.459657142899997e-05,0.00022665908570993886,1
64,1774313854105,-6.190525713999952e-05,8.459657142899997e-05,0.00022665908570993886,1
65,1774313854107,-6.190525713999952e-05,8.459657142899997e-05,0.00022665908570993886,1
66,1774313854110,3.169474285999972e-05,9.239657142899994e-05,-3.85409142900266e-05,1
67,1774313854113,3.169474285999972e-05,9.239657142899994e-05,-3.85409142900266e-05,1
68,1774313854116,3.169474285999972e-05,9.239657142899994e-05,-3.85409142900266e-05,1
69,1774313854119,-4.24052571399991e-05,-7.530342857100001e-05,0.000277359085710009,1
70,1774313854122,-4.24052571399991e-05,-7.530342857100001e-05,0.000277359085710009,1
71,1774313854124,-4.24052571399991e-05,-7.530342857100001e-05,0.000277359085710009,1
72,1774313854127,-0.00021400525714000002,5.729657142899996e-05,0.00033195908571002474,1
73,1774313854130,-0.00021400525714000002,5.729657142899996e-05,0.00033195908571002474,1
74,1774313854133,-0.00021400525714000002,5.729657142899996e-05,0.00033195908571002474,1
75,1774313854135,-0.0002452052571399986,-9.003428571000027e-06,0.0005074590857100198,1
76,1774313854138,-0.0002452052571399986,-9.003428571000027e-06,0.0005074590857100198,1
77,1774313854141,-0.0002452052571399986,-9.003428571000027e-06,0.0005074590857100198,1
78,1774313854144,-0.00017500525713999918,0.00011969657142899996,0.000308559085710018,1
79,1774313854147,-0.00017500525713999918,0.00011969657142899996,0.000308559085710018,1
80,1774313854150,-0.00017500525713999918,0.000357596571429,9.795908570995725e-05,1
81,1774313854152,4.947428600011322e-07,0.000357596571429,9.795908570995725e-05,1
82,1774313854155,4.947428600011322e-07,0.000357596571429,9.795908570995725e-05,1
83,1774313854158,-6.580525713999891e-05,-9.480342857100005e-05,0.0003436590857099726,1
84,1774313854161,-6.580525713999891e-05,-9.480342857100005e-05,0.0003436590857099726,1
85,1774313854163,-6.580525713999891e-05,-9.480342857100005e-05,0.0003436590857099726,1
86,1774313854166,-2.6805257139999802e-05,5.339657142899997e-05,0.0001330590857100229,1
87,1774313854169,-2.6805257139999802e-05,5.339657142899997e-05,0.0001330590857100229,1
88,1774313854172,-2.6805257139999802e-05,5.339657142899997e-05,0.0001330590857100229,1
89,1774313854174,-6.190525713999952e-05,5.339657142899997e-05,-3.4640914289969967e-05,1
90,1774313854177,-6.190525713999952e-05,5.339657142899997e-05,-3.4640914289969967e-05,1
91,1774313854180,-6.190525713999952e-05,5.339657142899997e-05,-3.4640914289969967e-05,1
92,1774313854183,5.899474286000066e-05,8.849657142899996e-05,0.00025395908571000225,1
93,1774313854186,5.899474286000066e-05,8.849657142899996e-05,0.00025395908571000225,1
94,1774313854188,5.899474286000066e-05,8.849657142899996e-05,0.00025395908571000225,1
95,1774313854191,-0.00010480525713999975,-3.2403428571000053e-05,0.00027345908570995236,1
96,1774313854194,-0.00010480525713999975,-3.2403428571000053e-05,0.00027345908570995236,1
97,1774313854197,-0.00010480525713999975,-3.2403428571000053e-05,0.0002656590857099501,1
98,1774313854200,1.6094742860000427e-05,-6.750342857100004e-05,0.0002656590857099501,1
99,1774313854202,1.6094742860000427e-05,-6.750342857100004e-05,0.0002656590857099501,1
100,1774313854205,1.6094742860000427e-05,-8.700342857100003e-05,0.0001993590857099865,1
101,1774313854208,4.394742860000522e-06,-8.700342857100003e-05,0.0001993590857099865,1
102,1774313854211,4.394742860000522e-06,-8.700342857100003e-05,0.0001993590857099865,1
103,1774313854214,8.239474286000047e-05,2.2196571428999973e-05,0.00011745908571001839,1
104,1774313854216,8.239474286000047e-05,2.2196571428999973e-05,0.00011745908571001839,1
105,1774313854219,8.239474286000047e-05,2.2196571428999973e-05,0.00011745908571001839,1
106,1774313854222,-0.00010870525713999914,0.00012359657142899994,-2.2940914290022103e-05,1
107,1774313854225,-0.00010870525713999914,0.00012359657142899994,-2.2940914290022103e-05,1
108,1774313854228,-0.00010870525713999914,0.00012359657142899994,-2.2940914290022103e-05,1
109,1774313854230,-0.00013210525713999895,5.729657142899996e-05,0.0001486590857100274,1
110,1774313854233,-0.00013210525713999895,5.729657142899996e-05,0.0001486590857100274,1
111,1774313854236,-0.00013210525713999895,5.729657142899996e-05,0.0001486590857100274,1
112,1774313854239,-3.070525713999919e-05,1.8296571428999986e-05,0.0001369590857099685,1
113,1774313854242,-3.070525713999919e-05,1.8296571428999986e-05,0.0001369590857099685,1
114,1774313854245,-3.070525713999919e-05,1.8296571428999986e-05,0.0001369590857099685,1
115,1774313854247,-0.00012430525714000017,5.729657142899996e-05,5.505908571000039e-05,1
116,1774313854250,-0.00012430525714000017,5.729657142899996e-05,5.505908571000039e-05,1
117,1774313854253,-0.00012430525714000017,5.729657142899996e-05,0.00019545908570992986,1
118,1774313854256,-2.6805257139999802e-05,-5.970342857100001e-05,0.00019545908570992986,1
119,1774313854259,-2.6805257139999802e-05,-5.970342857100001e-05,0.00019545908570992986,1
120,1774313854261,-1.1205257139998773e-05,4.9496571428999986e-05,0.00017595908570997975,1
121,1774313854264,-1.1205257139998773e-05,4.9496571428999986e-05,0.00017595908570997975,1
122,1774313854267,-1.1205257139998773e-05,4.9496571428999986e-05,0.00017595908570997975,1
123,1774313854270,7.069474286000056e-05,2.6965714289999866e-06,-0.0001516409142900037,1
124,1774313854273,7.069474286000056e-05,2.6965714289999866e-06,-0.0001516409142900037,1
0,1774313854361,-9.700525713999923e-05,0.000150896571429,0.000214959085709991,1
1,1774313854378,-3.070525713999919e-05,6.119657142899994e-05,0.00017595908570997975,1
2,1774313854381,-0.00017500525713999918,0.00011189657142899998,0.00028905908570995686,1
3,1774313854384,-0.00017500525713999918,0.00011189657142899998,0.00028905908570995686,1
4,1774313854387,-0.00017500525713999918,0.00011189657142899998,0.00028905908570995686,1
5,1774313854390,-0.00015160525713999937,0.000150896571429,0.0003241590857100225,1
6,1774313854393,-0.00015160525713999937,0.000150896571429,0.0003241590857100225,1
7,1774313854396,-0.00015160525713999937,0.000150896571429,0.0003241590857100225,1
8,1774313854398,-9.310525713999984e-05,-9.003428571000027e-06,-8.144091428998346e-05,1
9,1774313854401,-9.310525713999984e-05,-9.003428571000027e-06,-8.144091428998346e-05,1
10,1774313854404,-9.310525713999984e-05,-9.003428571000027e-06,-8.144091428998346e-05,1
11,1774313854407,-0.00012430525714000017,1.049657142899996e-05,0.0002032590857099321,1
12,1774313854410,-0.00012430525714000017,1.049657142899996e-05,0.0002032590857099321,1
13,1774313854413,4.339474286000136e-05,-5.5803428571000026e-05,-1.5140914290019854e-05,1
14,1774313854415,4.339474286000136e-05,-5.5803428571000026e-05,-1.5140914290019854e-05,1
15,1774313854418,4.339474286000136e-05,-5.5803428571000026e-05,-1.5140914290019854e-05,1
16,1774313854421,4.947428600011322e-07,5.729657142899996e-05,3.555908570993926e-05,1
17,1774313854423,4.947428600011322e-07,5.729657142899996e-05,3.555908570993926e-05,1
18,1774313854426,4.947428600011322e-07,5.729657142899996e-05,3.555908570993926e-05,1
19,1774313854429,-0.0002530052571399991,-7.9203428571e-05,0.0001057590857099595,1
20,1774313854432,-0.0002530052571399991,-7.9203428571e-05,0.0001057590857099595,1
21,1774313854434,-0.0002530052571399991,-7.9203428571e-05,0.0001057590857099595,1
22,1774313854437,-9.310525713999984e-05,8.849657142899996e-05,0.0002968590857099591,1
23,1774313854440,-9.310525713999984e-05,8.849657142899996e-05,0.0002968590857099591,1
24,1774313854443,-9.310525713999984e-05,8.849657142899996e-05,0.0002968590857099591,1
25,1774313854445,-5.800525714000013e-05,6.596571428999973e-06,0.00031635908571002024,1
26,1774313854448,-5.800525714000013e-05,6.596571428999973e-06,0.00031635908571002024,1
27,1774313854451,-5.800525714000013e-05,6.596571428999973e-06,0.00031635908571002024,1
28,1774313854454,-3.4052571399999926e-06,0.00022109657142899998,0.00035145908570997485,1
29,1774313854456,-3.4052571399999926e-06,0.00022109657142899998,0.00035145908570997485,1
30,1774313854459,-3.4052571399999926e-06,0.00022109657142899998,0.00035145908570997485,1
31,1774313854462,5.119474286000014e-05,0.000150896571429,0.00016035908570997525,1
32,1774313854465,5.119474286000014e-05,0.000150896571429,0.00016035908570997525,1
33,1774313854467,5.119474286000014e-05,0.000150896571429,0.00016035908570997525,1
34,1774313854470,-6.190525713999952e-05,3.3896571428999986e-05,0.0003280590857099681,1
35,1774313854473,-6.190525713999952e-05,3.3896571428999986e-05,0.0003280590857099681,1
36,1774313854476,-6.190525713999952e-05,3.3896571428999986e-05,0.0002305590857099955,1
37,1774313854479,-7.750525713999881e-05,-3.2403428571000053e-05,0.0002305590857099955,1
38,1774313854481,-7.750525713999881e-05,-3.2403428571000053e-05,0.0002305590857099955,1
39,1774313854484,-7.750525713999881e-05,-0.000137703428571,7.45590857099505e-05,1
40,1774313854487,4.394742860000522e-06,-0.000137703428571,7.45590857099505e-05,1
41,1774313854490,4.394742860000522e-06,-0.000137703428571,7.45590857099505e-05,1
42,1774313854492,-0.00011650525713999965,1.4396571429e-05,9.0159085709955e-05,1
43,1774313854495,-0.00011650525713999965,1.4396571429e-05,9.0159085709955e-05,1
44,1774313854498,-0.00011650525713999965,1.4396571429e-05,9.0159085709955e-05,1
45,1774313854501,1.9994742859999817e-05,-9.480342857100005e-05,0.00011745908571001839,1
46,1774313854503,1.9994742859999817e-05,-9.480342857100005e-05,0.00011745908571001839,1
47,1774313854506,1.9994742859999817e-05,-9.480342857100005e-05,0.00011745908571001839,1
48,1774313854509,-5.020525713999961e-05,-1.2903428571000013e-05,0.00031635908571002024,1
49,1774313854511,-5.020525713999961e-05,-1.2903428571000013e-05,0.00031635908571002024,1
50,1774313854514,-5.020525713999961e-05,-1.2903428571000013e-05,0.00031635908571002024,1
51,1774313854517,-3.070525713999919e-05,-0.00010650342857100001,0.00024615908571,1
52,1774313854520,-3.070525713999919e-05,-0.00010650342857100001,0.00024615908571,1
53,1774313854523,-3.070525713999919e-05,-0.00010650342857100001,0.00024615908571,1
54,1774313854526,9.019474286000098e-05,-1.2903428571000013e-05,0.00041775908570993846,1
55,1774313854529,9.019474286000098e-05,-1.2903428571000013e-05,0.00041775908570993846,1
56,1774313854531,9.019474286000098e-05,-1.2903428571000013e-05,0.00041775908570993846,1
57,1774313854534,2.3894742860000942e-05,2.9996571428999945e-05,0.000370959085710036,1
58,1774313854541,-7.750525713999881e-05,0.00021719657142899994,0.0001486590857100274,1
59,1774313854544,-7.750525713999881e-05,0.00021719657142899994,0.0001486590857100274,1
60,1774313854547,-7.750525713999881e-05,0.00021719657142899994,0.0001486590857100274,1
61,1774313854549,-0.00015160525713999937,0.000150896571429,9.405908571001164e-05,1
62,1774313854552,-0.00015160525713999937,0.000150896571429,9.405908571001164e-05,1
63,1774313854555,-0.00015160525713999937,0.000150896571429,9.405908571001164e-05,1
64,1774313854558,-6.190525713999952e-05,7.6796571429e-05,6.285908571000264e-05,1
65,1774313854560,-6.190525713999952e-05,7.6796571429e-05,6.285908571000264e-05,1
66,1774313854563,-6.190525713999952e-05,7.6796571429e-05,6.285908571000264e-05,1
67,1774313854566,-9.310525713999984e-05,0.00014309657142899993,-9.704091428998796e-05,1
68,1774313854569,-9.310525713999984e-05,0.00014309657142899993,-9.704091428998796e-05,1
69,1774313854571,-9.310525713999984e-05,0.00014309657142899993,-9.704091428998796e-05,1
70,1774313854574,-4.24052571399991e-05,4.9496571428999986e-05,0.0002812590857099546,1
71,1774313854577,-4.24052571399991e-05,4.9496571428999986e-05,0.0002812590857099546,1
72,1774313854580,-4.24052571399991e-05,4.9496571428999986e-05,0.00023835908570999775,1
73,1774313854582,-3.460525713999858e-05,6.899657142899997e-05,0.00023835908570999775,1
74,1774313854585,-3.460525713999858e-05,6.899657142899997e-05,0.00023835908570999775,1
75,1774313854588,-3.460525713999858e-05,7.289657142899996e-05,0.0002929590857100135,1
76,1774313854590,-6.970525714000003e-05,7.289657142899996e-05,0.0002929590857100135,1
77,1774313854593,-6.970525714000003e-05,7.289657142899996e-05,0.0002929590857100135,1
78,1774313854596,-6.970525714000003e-05,0.000170396571429,0.0004255590857099407,1
79,1774313854599,-9.700525713999923e-05,0.000170396571429,0.0004255590857099407,1
80,1774313854601,-9.700525713999923e-05,0.000170396571429,0.0004255590857099407,1
81,1774313854604,4.947428600011322e-07,6.119657142899994e-05,0.0003280590857099681,1
82,1774313854607,4.947428600011322e-07,6.119657142899994e-05,0.0003280590857099681,1
83,1774313854610,4.947428600011322e-07,6.119657142899994e-05,0.0003280590857099681,1
84,1774313854612,-6.970525714000003e-05,0.000252296571429,0.0002344590857099411,1
85,1774313854615,-6.970525714000003e-05,0.000252296571429,0.0002344590857099411,1
86,1774313854618,-6.970525714000003e-05,0.000252296571429,0.0002344590857099411,1
87,1774313854621,-0.00011650525713999965,0.00016259657142899992,0.00025785908570994786,1
88,1774313854623,-0.00011650525713999965,0.00016259657142899992,0.00025785908570994786,1
89,1774313854626,-0.00011650525713999965,0.00016259657142899992,0.00025785908570994786,1
90,1774313854629,-7.305257139999383e-06,6.596571428999973e-06,0.00027345908570995236,1
91,1774313854631,-7.305257139999383e-06,6.596571428999973e-06,0.00027345908570995236,1
92,1774313854634,-7.305257139999383e-06,6.596571428999973e-06,0.00027345908570995236,1
93,1774313854637,-8.920525713999872e-05,2.6965714289999866e-06,0.0001642590857100319,1
94,1774313854640,-8.920525713999872e-05,2.6965714289999866e-06,0.0001642590857100319,1
95,1774313854642,-8.920525713999872e-05,2.6965714289999866e-06,0.0001642590857100319,1
96,1774313854645,0.0001369947428600006,6.119657142899994e-05,0.00017595908570997975,1
97,1774313854648,0.0001369947428600006,6.119657142899994e-05,0.00017595908570997975,1
98,1774313854650,0.0001369947428600006,6.119657142899994e-05,0.00017595908570997975,1
99,1774313854653,8.294742859999912e-06,7.6796571429e-05,0.00031635908571002024,1
100,1774313854656,8.294742859999912e-06,7.6796571429e-05,0.00031635908571002024,1
101,1774313854659,8.294742859999912e-06,7.6796571429e-05,0.00031635908571002024,1
102,1774313854662,-3.850525713999971e-05,6.119657142899994e-05,0.0003124590857099636,1
103,1774313854664,-3.850525713999971e-05,6.119657142899994e-05,0.0003124590857099636,1
104,1774313854667,-3.850525713999971e-05,6.119657142899994e-05,0.0003124590857099636,1
105,1774313854670,-0.00014380525713999885,0.00014309657142899993,3.1659085709993644e-05,1
106,1774313854672,-0.00014380525713999885,0.00014309657142899993,3.1659085709993644e-05,1
107,1774313854675,-0.00014380525713999885,0.00014309657142899993,0.0005503590857099767,1
108,1774313854678,-2.2905257139998678e-05,1.4396571429e-05,0.0005503590857099767,1
109,1774313854681,-2.2905257139998678e-05,1.4396571429e-05,0.0005503590857099767,1
110,1774313854684,-2.2905257139998678e-05,1.4396571429e-05,0.00033195908571002474,1
111,1774313854686,-2.6805257139999802e-05,1.4396571429e-05,0.00033195908571002474,1
112,1774313854689,-2.6805257139999802e-05,1.4396571429e-05,0.00033195908571002474,1
113,1774313854692,-4.24052571399991e-05,0.00015479657142899994,0.0002968590857099591,1
114,1774313854694,-4.24052571399991e-05,0.00015479657142899994,0.0002968590857099591,1
115,1774313854698,-4.24052571399991e-05,0.00015479657142899994,0.0002968590857099591,1
116,1774313854701,8.294742859999912e-06,8.459657142899997e-05,0.0001993590857099865,1
117,1774313854705,8.294742859999912e-06,8.459657142899997e-05,0.0001993590857099865,1
118,1774313854708,3.559474286000085e-05,2.609657142899996e-05,1.2159085709932509e-05,1
119,1774313854711,3.559474286000085e-05,2.609657142899996e-05,1.2159085709932509e-05,1
120,1774313854713,3.559474286000085e-05,2.609657142899996e-05,1.2159085709932509e-05,1
121,1774313854716,2.7794742860000332e-05,0.00010019657142899997,0.000152559085709973,1
122,1774313854719,2.7794742860000332e-05,0.00010019657142899997,0.000152559085709973,1
123,1774313854722,2.7794742860000332e-05,0.00010019657142899997,0.000152559085709973,1
124,1774313854724,0.0001213947428600013,-4.8003428571e-05,0.00019155908570998425,1
0,1774313854768,-0.00013210525713999895,-5.10342857100004e-06,0.00022665908570993886,1
1,1774313854830,4.947428600011322e-07,-9.003428571000027e-06,0.000308559085710018,1
2,1774313854833,1.2194742860001037e-05,0.00023669657142899993,0.00014085908571002514,1
3,1774313854836,-3.4052571399999926e-06,0.00015479657142899994,0.0004060590857099906,1
4,1774313854839,-3.4052571399999926e-06,0.00015479657142899994,0.0004060590857099906,1
5,1774313854842,-3.4052571399999926e-06,0.00015479657142899994,0.0004060590857099906,1
6,1774313854845,-1.9005257139999288e-05,0.00010409657142899996,0.0003436590857099726,1
7,1774313854847,-1.9005257139999288e-05,0.00010409657142899996,0.0003436590857099726,1
8,1774313854850,-1.9005257139999288e-05,0.00010409657142899996,0.0003436590857099726,1
9,1774313854853,3.559474286000085e-05,-3.630342857100004e-05,0.00041775908570993846,1
10,1774313854856,3.559474286000085e-05,-3.630342857100004e-05,0.00041775908570993846,1
11,1774313854858,3.559474286000085e-05,-3.630342857100004e-05,0.0002968590857099591,1
12,1774313854861,-7.360525713999942e-05,-8.310342857100004e-05,0.0002968590857099591,1
13,1774313854864,-7.360525713999942e-05,-8.310342857100004e-05,0.0002968590857099591,1
14,1774313854867,-7.360525713999942e-05,-1.2903428571000013e-05,0.00011355908570996175,1
15,1774313854870,7.069474286000056e-05,-1.2903428571000013e-05,0.00011355908570996175,1
16,1774313854873,7.069474286000056e-05,-1.2903428571000013e-05,0.00011355908570996175,1
17,1774313854876,-0.00013210525713999895,-7.140342857100003e-05,-6.194091429003335e-05,1
18,1774313854878,-0.00013210525713999895,-7.140342857100003e-05,-6.194091429003335e-05,1
19,1774313854881,-0.00013210525713999895,-7.140342857100003e-05,-6.194091429003335e-05,1
20,1774313854884,-5.4105257139999e-05,2.2196571428999973e-05,8.235908570995275e-05,1
21,1774313854886,-5.4105257139999e-05,2.2196571428999973e-05,8.235908570995275e-05,1
22,1774313854889,-5.4105257139999e-05,2.2196571428999973e-05,8.235908570995275e-05,1
23,1774313854892,0.0001486947428600005,7.289657142899996e-05,0.00023835908570999775,1
24,1774313854895,0.0001486947428600005,7.289657142899996e-05,0.00023835908570999775,1
25,1774313854897,0.0001486947428600005,7.289657142899996e-05,0.00023835908570999775,1
26,1774313854900,-4.630525714000022e-05,-2.8503428571000013e-05,0.0003241590857100225,1
27,1774313854903,-4.630525714000022e-05,-2.8503428571000013e-05,0.0003241590857100225,1
28,1774313854906,-4.630525714000022e-05,-2.8503428571000013e-05,0.0003241590857100225,1
29,1774313854908,-1.5105257139999897e-05,-1.203428571000054e-06,0.0002344590857099411,1
30,1774313854911,-1.5105257139999897e-05,-1.203428571000054e-06,0.0002344590857099411,1
31,1774313854914,-1.5105257139999897e-05,-1.203428571000054e-06,0.0002344590857099411,1
32,1774313854916,-8.920525713999872e-05,0.00014699657142899997,1.2159085709932509e-05,1
33,1774313854919,-8.920525713999872e-05,0.00014699657142899997,1.2159085709932509e-05,1
34,1774313854922,-8.920525713999872e-05,0.00014699657142899997,1.2159085709932509e-05,1
35,1774313854925,1.9994742859999817e-05,3.779657142899997e-05,0.00032025908570996586,1
36,1774313854927,1.9994742859999817e-05,3.779657142899997e-05,0.00032025908570996586,1
37,1774313854930,1.9994742859999817e-05,3.779657142899997e-05,0.00032025908570996586,1
38,1774313854933,-8.920525713999872e-05,3.779657142899997e-05,8.235908570995275e-05,1
39,1774313854936,-8.920525713999872e-05,3.779657142899997e-05,8.235908570995275e-05,1
40,1774313854941,-1.1205257139998773e-05,-7.530342857100001e-05,2.7759085709937008e-05,1
41,1774313854944,-1.1205257139998773e-05,-7.530342857100001e-05,2.7759085709937008e-05,1
42,1774313854947,2.7794742860000332e-05,9.629657142899998e-05,0.00012915908570996625,1
43,1774313854950,2.7794742860000332e-05,9.629657142899998e-05,0.00012915908570996625,1
44,1774313854952,2.7794742860000332e-05,9.629657142899998e-05,0.00012915908570996625,1
45,1774313854955,-9.700525713999923e-05,0.00012359657142899994,0.0001642590857100319,1
46,1774313854958,-9.700525713999923e-05,0.00012359657142899994,0.0001642590857100319,1
47,1774313854961,-9.700525713999923e-05,0.00012359657142899994,0.0001642590857100319,1
48,1774313854963,6.289474286000005e-05,0.00018599657142899994,1.6059085709989145e-05,1
49,1774313854966,6.289474286000005e-05,0.00018599657142899994,1.6059085709989145e-05,1
50,1774313854969,6.289474286000005e-05,0.00018599657142899994,1.6059085709989145e-05,1
51,1774313854971,-2.6805257139999802e-05,4.169657142899996e-05,5.1159085709943757e-05,1
52,1774313854974,-2.6805257139999802e-05,4.169657142899996e-05,5.1159085709943757e-05,1
53,1774313854977,-2.6805257139999802e-05,4.169657142899996e-05,5.1159085709943757e-05,1
54,1774313854980,-0.0002101052571399989,5.339657142899997e-05,0.00012525908571002064,1
55,1774313854982,-0.0002101052571399989,5.339657142899997e-05,0.00012525908571002064,1
56,1774313854985,-0.0002101052571399989,5.339657142899997e-05,0.00012525908571002064,1
57,1774313854988,-8.920525713999872e-05,8.069657142899999e-05,0.00033195908571002474,1
58,1774313854991,-8.920525713999872e-05,8.069657142899999e-05,0.00033195908571002474,1
59,1774313854993,-8.920525713999872e-05,8.069657142899999e-05,0.00033195908571002474,1
60,1774313854996,-0.00017500525713999918,1.049657142899996e-05,0.00036315908571003374,1
61,1774313854999,-0.00017500525713999918,1.049657142899996e-05,0.00036315908571003374,1
62,1774313855001,-0.00017500525713999918,1.049657142899996e-05,0.00036315908571003374,1
63,1774313855004,-5.020525713999961e-05,4.9496571428999986e-05,0.0003748590857099816,1
64,1774313855007,-5.020525713999961e-05,4.9496571428999986e-05,0.0003748590857099816,1
65,1774313855010,-5.020525713999961e-05,4.9496571428999986e-05,0.0003748590857099816,1
66,1774313855012,-0.00017500525713999918,-7.9203428571e-05,0.000308559085710018,1
67,1774313855015,-0.00017500525713999918,-7.9203428571e-05,0.000308559085710018,1
68,1774313855018,-0.00017500525713999918,-7.9203428571e-05,0.00017595908570997975,1
69,1774313855021,-0.00012820525713999956,0.00012359657142899994,0.00017595908570997975,1
70,1774313855023,-0.00012820525713999956,0.00012359657142899994,0.00017595908570997975,1
71,1774313855026,-0.00012820525713999956,0.00012359657142899994,0.00017595908570997975,1
72,1774313855029,-8.140525713999994e-05,0.00012359657142899994,0.00017595908570997975,1
73,1774313855032,-8.140525713999994e-05,0.00012359657142899994,0.00017595908570997975,1
74,1774313855034,-8.140525713999994e-05,0.000170396571429,0.0001993590857099865,1
75,1774313855038,3.169474285999972e-05,0.000170396571429,0.0001993590857099865,1
76,1774313855040,3.169474285999972e-05,0.000170396571429,0.0001993590857099865,1
77,1774313855043,-0.00012040525713999904,1.049657142899996e-05,1.6059085709989145e-05,1
78,1774313855046,-0.00012040525713999904,1.049657142899996e-05,1.6059085709989145e-05,1
79,1774313855049,-0.00012040525713999904,1.049657142899996e-05,1.6059085709989145e-05,1
80,1774313855051,-0.00014770525713999998,2.6965714289999866e-06,-3.4640914289969967e-05,1
81,1774313855054,-0.00014770525713999998,2.6965714289999866e-06,-3.4640914289969967e-05,1
82,1774313855057,-0.00014770525713999998,2.6965714289999866e-06,-3.4640914289969967e-05,1
83,1774313855060,-2.6805257139999802e-05,6.899657142899997e-05,0.00014085908571002514,1
84,1774313855063,-2.6805257139999802e-05,6.899657142899997e-05,0.00014085908571002514,1
85,1774313855065,-2.6805257139999802e-05,6.899657142899997e-05,0.00014085908571002514,1
86,1774313855068,-0.0002335052571399987,0.000170396571429,9.405908571001164e-05,1
87,1774313855071,-0.0002335052571399987,0.000170396571429,9.405908571001164e-05,1
88,1774313855074,-0.0002335052571399987,0.000170396571429,4.725908570999814e-05,1
89,1774313855077,-0.00017110525713999979,0.000107996571429,4.725908570999814e-05,1
90,1774313855079,-0.00017110525713999979,0.000107996571429,4.725908570999814e-05,1
91,1774313855082,-0.00017110525713999979,6.596571428999973e-06,2.3859085709991394e-05,1
92,1774313855085,-0.00013600525714000007,6.596571428999973e-06,2.3859085709991394e-05,1
93,1774313855088,-0.00013600525714000007,6.596571428999973e-06,2.3859085709991394e-05,1
94,1774313855090,-0.00010480525713999975,4.169657142899996e-05,0.00034755908571002924,1
95,1774313855093,-0.00010480525713999975,4.169657142899996e-05,0.00034755908571002924,1
96,1774313855096,-0.00010480525713999975,4.169657142899996e-05,0.00034755908571002924,1
97,1774313855099,-3.460525713999858e-05,2.9996571428999945e-05,0.0002188590857099366,1
98,1774313855102,-3.460525713999858e-05,2.9996571428999945e-05,0.0002188590857099366,1
99,1774313855105,-3.460525713999858e-05,2.9996571428999945e-05,0.0002188590857099366,1
100,1774313855107,3.559474286000085e-05,-0.000137703428571,0.00031635908571002024,1
101,1774313855110,3.559474286000085e-05,-0.000137703428571,0.00031635908571002024,1
102,1774313855113,3.559474286000085e-05,-0.000137703428571,0.00031635908571002024,1
103,1774313855116,-1.9005257139999288e-05,-8.310342857100004e-05,0.00010185908571001389,1
104,1774313855119,-1.9005257139999288e-05,-8.310342857100004e-05,0.00010185908571001389,1
105,1774313855121,-1.9005257139999288e-05,-8.310342857100004e-05,0.00010185908571001389,1
106,1774313855124,-6.970525714000003e-05,5.339657142899997e-05,0.0002500590857099456,1
107,1774313855128,-6.970525714000003e-05,5.339657142899997e-05,0.0002500590857099456,1
108,1774313855130,-2.6805257139999802e-05,-6.360342857100005e-05,0.00012525908571002064,1
109,1774313855133,-2.6805257139999802e-05,-6.360342857100005e-05,0.00012525908571002064,1
110,1774313855136,-2.6805257139999802e-05,-6.360342857100005e-05,0.00012525908571002064,1
111,1774313855138,-3.4052571399999926e-06,2.2196571428999973e-05,0.0001876590857099276,1
112,1774313855141,-3.4052571399999926e-06,2.2196571428999973e-05,0.0001876590857099276,1
113,1774313855144,-3.4052571399999926e-06,2.2196571428999973e-05,0.0001876590857099276,1
114,1774313855147,-2.2905257139998678e-05,2.9996571428999945e-05,0.000339759085710027,1
115,1774313855149,-2.2905257139998678e-05,2.9996571428999945e-05,0.000339759085710027,1
116,1774313855152,-2.2905257139998678e-05,2.9996571428999945e-05,0.000339759085710027,1
117,1774313855155,-1.5105257139999897e-05,4.5596571429e-05,0.00010965908571001614,1
118,1774313855158,-1.5105257139999897e-05,4.5596571429e-05,0.00010965908571001614,1
119,1774313855160,-1.5105257139999897e-05,4.5596571429e-05,0.00010965908571001614,1
120,1774313855163,-0.00015550525713999876,0.00010019657142899997,1.2159085709932509e-05,1
121,1774313855166,-0.00015550525713999876,0.00010019657142899997,1.2159085709932509e-05,1
122,1774313855168,-0.00015550525713999876,0.00010019657142899997,1.2159085709932509e-05,1
123,1774313855171,-0.0002062052571399995,0.000107996571429,0.000339759085710027,1
124,1774313855174,-0.0002062052571399995,0.000107996571429,0.000339759085710027,1
0,1774313855218,-0.00014380525713999885,-2.8503428571000013e-05,0.0003280590857099681,1
1,1774313855221,-0.00014380525713999885,-2.8503428571000013e-05,0.0003280590857099681,1
2,1774313855284,4.947428600011322e-07,-2.4603428571000026e-05,0.00041385908570999285,1
3,1774313855287,4.947428600011322e-07,-2.4603428571000026e-05,0.00041385908570999285,1
4,1774313855290,-0.00013600525714000007,-7.140342857100003e-05,0.00027345908570995236,1
5,1774313855293,-0.00013600525714000007,-7.140342857100003e-05,0.00027345908570995236,1
6,1774313855296,-0.00013600525714000007,-7.140342857100003e-05,0.00027345908570995236,1
7,1774313855298,6.679474286000117e-05,-0.00014160342857100002,0.00017985908571003639,1
8,1774313855301,6.679474286000117e-05,-0.00014160342857100002,0.00017985908571003639,1
9,1774313855304,6.679474286000117e-05,-0.00014160342857100002,0.00017985908571003639,1
10,1774313855307,5.899474286000066e-05,0.00017429657142899993,3.1659085709993644e-05,1
11,1774313855309,5.899474286000066e-05,0.00017429657142899993,3.1659085709993644e-05,1
12,1774313855312,5.899474286000066e-05,0.00017429657142899993,3.1659085709993644e-05,1
13,1774313855315,-1.9005257139999288e-05,-2.070342857100004e-05,-2.6840914289967717e-05,1
14,1774313855318,-1.9005257139999288e-05,-2.070342857100004e-05,-2.6840914289967717e-05,1
15,1774313855320,-1.9005257139999288e-05,-2.070342857100004e-05,-2.6840914289967717e-05,1
16,1774313855323,1.2194742860001037e-05,2.2196571428999973e-05,0.0005386590857100288,1
17,1774313855326,1.2194742860001037e-05,2.2196571428999973e-05,0.0005386590857100288,1
18,1774313855329,1.2194742860001037e-05,2.2196571428999973e-05,0.0005386590857100288,1
19,1774313855331,-1.5105257139999897e-05,3.779657142899997e-05,0.0003124590857099636,1
20,1774313855334,-1.5105257139999897e-05,3.779657142899997e-05,0.0003124590857099636,1
21,1774313855337,-1.5105257139999897e-05,3.779657142899997e-05,0.00030465908570996136,1
22,1774313855339,-0.00013210525713999895,8.849657142899996e-05,0.00030465908570996136,1
23,1774313855342,-0.00013210525713999895,8.849657142899996e-05,0.00030465908570996136,1
24,1774313855345,-0.00013210525713999895,6.119657142899994e-05,0.00015645908571002964,1
25,1774313855348,1.9994742859999817e-05,6.119657142899994e-05,0.00015645908571002964,1
26,1774313855350,1.9994742859999817e-05,6.119657142899994e-05,0.00015645908571002964,1
27,1774313855353,1.9994742859999817e-05,-5.190342857100004e-05,7.45590857099505e-05,1
28,1774313855356,-3.460525713999858e-05,-5.190342857100004e-05,7.45590857099505e-05,1
29,1774313855359,-3.460525713999858e-05,-5.190342857100004e-05,7.45590857099505e-05,1
30,1774313855361,-0.00017110525713999979,3.779657142899997e-05,0.0003787590857099272,1
31,1774313855364,-0.00017110525713999979,3.779657142899997e-05,0.0003787590857099272,1
32,1774313855367,-0.00017110525713999979,3.779657142899997e-05,0.0003787590857099272,1
33,1774313855369,-0.00016330525713999927,-3.2403428571000053e-05,0.0003436590857099726,1
34,1774313855372,-0.00016330525713999927,-3.2403428571000053e-05,0.0003436590857099726,1
35,1774313855375,-0.00016330525713999927,-3.2403428571000053e-05,0.0003436590857099726,1
36,1774313855378,-0.00022570525713999992,8.849657142899996e-05,0.0002968590857099591,1
37,1774313855381,-0.00022570525713999992,8.849657142899996e-05,0.0002968590857099591,1
38,1774313855384,-0.00022570525713999992,8.849657142899996e-05,0.0002968590857099591,1
39,1774313855386,3.559474286000085e-05,6.596571428999973e-06,0.000277359085710009,1
40,1774313855389,3.559474286000085e-05,6.596571428999973e-06,0.000277359085710009,1
41,1774313855392,3.559474286000085e-05,6.596571428999973e-06,0.000277359085710009,1
42,1774313855395,-0.00013210525713999895,3.779657142899997e-05,4.5908570998464543e-07,1
43,1774313855397,-0.00013210525713999895,3.779657142899997e-05,4.5908570998464543e-07,1
44,1774313855400,-0.00013210525713999895,3.779657142899997e-05,4.5908570998464543e-07,1
45,1774313855403,-7.750525713999881e-05,-2.070342857100004e-05,3.945908570999589e-05,1
46,1774313855406,-7.750525713999881e-05,-2.070342857100004e-05,3.945908570999589e-05,1
47,1774313855409,-7.750525713999881e-05,-0.00011430342857100004,-7.364091428998121e-05,1
48,1774313855412,-5.020525713999961e-05,-0.00011430342857100004,-7.364091428998121e-05,1
49,1774313855415,-5.020525713999961e-05,-0.00011430342857100004,-7.364091428998121e-05,1
50,1774313855417,-5.800525714000013e-05,-7.9203428571e-05,0.00016035908570997525,1
51,1774313855420,-5.800525714000013e-05,-7.9203428571e-05,0.00016035908570997525,1
52,1774313855423,-5.800525714000013e-05,-7.9203428571e-05,0.00016035908570997525,1
53,1774313855425,-0.0001906052571400002,-0.00012990342857100004,0.00019545908570992986,1
54,1774313855428,-0.0001906052571400002,-0.00012990342857100004,0.00019545908570992986,1
55,1774313855431,-0.0001906052571400002,-0.00012990342857100004,0.00019545908570992986,1
56,1774313855434,-7.360525713999942e-05,-8.700342857100003e-05,-0.00013994091429005585,1
57,1774313855436,-7.360525713999942e-05,-8.700342857100003e-05,-0.00013994091429005585,1
58,1774313855439,-7.360525713999942e-05,-8.700342857100003e-05,-0.00013994091429005585,1
59,1774313855442,-3.850525713999971e-05,-1.6803428571e-05,7.065908571000489e-05,1
60,1774313855445,-3.850525713999971e-05,-1.6803428571e-05,7.065908571000489e-05,1
61,1774313855447,-3.850525713999971e-05,-1.6803428571e-05,7.065908571000489e-05,1
62,1774313855450,-0.0001789052571400003,5.729657142899996e-05,1.6059085709989145e-05,1
63,1774313855453,-0.0001789052571400003,5.729657142899996e-05,1.6059085709989145e-05,1
64,1774313855456,-0.0001789052571400003,5.729657142899996e-05,1.6059085709989145e-05,1
65,1774313855458,-0.00015160525713999937,-1.6803428571e-05,-9.314091429004235e-05,1
66,1774313855461,-0.00015160525713999937,-1.6803428571e-05,-9.314091429004235e-05,1
67,1774313855464,-0.00015160525713999937,-1.6803428571e-05,0.00042945908570999735,1
68,1774313855467,-7.750525713999881e-05,-1.6803428571e-05,0.00042945908570999735,1
69,1774313855470,-7.750525713999881e-05,-1.6803428571e-05,0.00042945908570999735,1
70,1774313855473,-7.750525713999881e-05,-4.0203428571000026e-05,0.0002929590857100135,1
71,1774313855475,0.00010579474286000028,-4.0203428571000026e-05,0.0002929590857100135,1
72,1774313855478,0.00010579474286000028,-4.0203428571000026e-05,0.0002929590857100135,1
73,1774313855481,0.00010579474286000028,-1.2903428571000013e-05,0.00044895908570994746,1
74,1774313855483,0.0001369947428600006,-1.2903428571000013e-05,0.00044895908570994746,1
75,1774313855486,0.0001369947428600006,-1.2903428571000013e-05,0.00044895908570994746,1
76,1774313855489,2.7794742860000332e-05,6.899657142899997e-05,0.0002032590857099321,1
77,1774313855492,2.7794742860000332e-05,6.899657142899997e-05,0.0002032590857099321,1
78,1774313855494,2.7794742860000332e-05,6.899657142899997e-05,0.0002032590857099321,1
79,1774313855497,-0.00017500525713999918,0.00019379657142900002,0.00043335908570994296,1
80,1774313855500,-0.00017500525713999918,0.00019379657142900002,0.00043335908570994296,1
81,1774313855503,-0.00017500525713999918,0.00019379657142900002,0.00043335908570994296,1
82,1774313855505,-0.00012820525713999956,-5.190342857100004e-05,0.00025395908571000225,1
83,1774313855508,-0.00012820525713999956,-5.190342857100004e-05,0.00025395908571000225,1
84,1774313855511,-0.00012820525713999956,-5.190342857100004e-05,0.00025395908571000225,1
85,1774313855514,-0.0001789052571400003,8.069657142899999e-05,0.0004060590857099906,1
86,1774313855516,-0.0001789052571400003,8.069657142899999e-05,0.0004060590857099906,1
87,1774313855519,-0.0001789052571400003,8.069657142899999e-05,0.0004060590857099906,1
88,1774313855522,-6.970525714000003e-05,4.5596571429e-05,0.00020715908570998875,1
89,1774313855525,-6.970525714000003e-05,4.5596571429e-05,0.00020715908570998875,1
90,1774313855527,-6.970525714000003e-05,4.5596571429e-05,0.00020715908570998875,1
91,1774313855530,-1.5105257139999897e-05,0.000107996571429,0.00030465908570996136,1
92,1774313855533,-1.5105257139999897e-05,0.000107996571429,0.00030465908570996136,1
93,1774313855535,-1.5105257139999897e-05,0.000107996571429,0.00030465908570996136,1
94,1774313855538,5.119474286000014e-05,-9.003428571000027e-06,0.0001330590857100229,1
95,1774313855541,5.119474286000014e-05,-9.003428571000027e-06,0.0001330590857100229,1
96,1774313855544,5.119474286000014e-05,-9.003428571000027e-06,0.0001330590857100229,1
97,1774313855546,5.899474286000066e-05,8.849657142899996e-05,0.00026955908571000674,1
98,1774313855549,5.899474286000066e-05,8.849657142899996e-05,0.00026955908571000674,1
99,1774313855552,5.899474286000066e-05,8.849657142899996e-05,0.00026955908571000674,1
100,1774313855554,-0.00011260525714000026,-1.203428571000054e-06,-7.340914290017604e-06,1
101,1774313855557,-0.00011260525714000026,-1.203428571000054e-06,-7.340914290017604e-06,1
102,1774313855560,-0.00011260525714000026,-1.203428571000054e-06,8.625908571000939e-05,1
103,1774313855563,-8.530525713999933e-05,2.9996571428999945e-05,8.625908571000939e-05,1
104,1774313855566,-8.530525713999933e-05,2.9996571428999945e-05,8.625908571000939e-05,1
105,1774313855568,-8.530525713999933e-05,-9.003428571000027e-06,0.0002032590857099321,1
106,1774313855571,-0.00033100525713999907,-9.003428571000027e-06,0.0002032590857099321,1
107,1774313855574,-0.00033100525713999907,-9.003428571000027e-06,0.0002032590857099321,1
108,1774313855577,-0.00021400525714000002,1.8296571428999986e-05,0.00023835908570999775,1
109,1774313855579,-0.00021400525714000002,1.8296571428999986e-05,0.00023835908570999775,1
110,1774313855582,-0.00021400525714000002,1.8296571428999986e-05,0.00023835908570999775,1
111,1774313855585,-5.020525713999961e-05,1.049657142899996e-05,0.00014475908570997075,1
112,1774313855588,-5.020525713999961e-05,1.049657142899996e-05,0.00014475908570997075,1
113,1774313855591,-5.020525713999961e-05,1.049657142899996e-05,0.00014475908570997075,1
114,1774313855594,4.394742860000522e-06,-3.630342857100004e-05,0.00038655908570992947,1
115,1774313855596,4.394742860000522e-06,-3.630342857100004e-05,0.00038655908570992947,1
116,1774313855599,4.394742860000522e-06,-3.630342857100004e-05,0.00038655908570992947,1
117,1774313855602,-0.0001906052571400002,0.00013139657142899997,0.000183759085709982,1
118,1774313855605,-0.0001906052571400002,0.00013139657142899997,0.000183759085709982,1
119,1774313855607,-0.0001906052571400002,0.00013139657142899997,0.000183759085709982,1
120,1774313855610,-8.140525713999994e-05,0.00010019657142899997,9.405908571001164e-05,1
121,1774313855613,-8.140525713999994e-05,0.00010019657142899997,9.405908571001164e-05,1
122,1774313855616,-8.140525713999994e-05,0.00010019657142899997,4.725908570999814e-05,1
123,1774313855619,-4.630525714000022e-05,0.00011189657142899998,4.725908570999814e-05,1
124,1774313855621,-4.630525714000022e-05,0.00011189657142899998,4.725908570999814e-05,1
0,1774313855730,3.949474286000024e-05,-9.003428571000027e-06,8.625908571000939e-05,1
1,1774313855733,3.949474286000024e-05,-9.003428571000027e-06,8.625908571000939e-05,1
2,1774313855736,3.949474286000024e-05,0.00010409657142899996,-7.754091429003785e-05,1
3,1774313855739,-7.750525713999881e-05,0.00010409657142899996,-7.754091429003785e-05,1
4,1774313855742,-7.750525713999881e-05,0.00010409657142899996,-7.754091429003785e-05,1
5,1774313855745,-5.020525713999961e-05,8.849657142899996e-05,1.9959085709934758e-05,1
6,1774313855747,-5.020525713999961e-05,8.849657142899996e-05,1.9959085709934758e-05,1
7,1774313855750,-5.020525713999961e-05,8.849657142899996e-05,1.9959085709934758e-05,1
8,1774313855753,-2.2905257139998678e-05,-0.00014550342857100004,-5.8040914289976715e-05,1
9,1774313855756,-2.2905257139998678e-05,-0.00014550342857100004,-5.8040914289976715e-05,1
10,1774313855758,-2.2905257139998678e-05,-0.00014550342857100004,-5.8040914289976715e-05,1
11,1774313855761,-6.580525713999891e-05,-0.00020790342857100004,0.00026955908571000674,1
12,1774313855764,-6.580525713999891e-05,-0.00020790342857100004,0.00026955908571000674,1
13,1774313855767,-6.580525713999891e-05,-0.00020790342857100004,0.00026955908571000674,1
14,1774313855769,4.947428600011322e-07,-9.870342857100004e-05,0.0002500590857099456,1
15,1774313855772,4.947428600011322e-07,-9.870342857100004e-05,0.0002500590857099456,1
16,1774313855775,4.947428600011322e-07,-9.870342857100004e-05,0.0002500590857099456,1
17,1774313855778,2.7794742860000332e-05,-5.10342857100004e-06,0.00022665908570993886,1
18,1774313855780,2.7794742860000332e-05,-5.10342857100004e-06,0.00022665908570993886,1
19,1774313855783,2.7794742860000332e-05,-5.10342857100004e-06,0.00022665908570993886,1
20,1774313855786,8.294742859999912e-06,-3.630342857100004e-05,0.0002500590857099456,1
21,1774313855788,8.294742859999912e-06,-3.630342857100004e-05,0.0002500590857099456,1
22,1774313855791,8.294742859999912e-06,-3.630342857100004e-05,0.0002500590857099456,1
23,1774313855794,-0.00023740525713999983,3.779657142899997e-05,0.000308559085710018,1
24,1774313855796,-0.00023740525713999983,3.779657142899997e-05,0.000308559085710018,1
25,1774313855799,-0.00023740525713999983,3.779657142899997e-05,0.000308559085710018,1
26,1774313855802,-0.0002101052571399989,-2.4603428571000026e-05,0.00030075908571001574,1
27,1774313855804,-0.0002101052571399989,-2.4603428571000026e-05,0.00030075908571001574,1
28,1774313855807,-0.0002101052571399989,-2.4603428571000026e-05,0.00014085908571002514,1
29,1774313855810,4.729474286000075e-05,0.00014309657142899993,0.00014085908571002514,1
30,1774313855812,4.729474286000075e-05,0.00014309657142899993,0.00014085908571002514,1
31,1774313855815,4.729474286000075e-05,0.000139196571429,5.505908571000039e-05,1
32,1774313855818,-0.00011260525714000026,0.000139196571429,5.505908571000039e-05,1
33,1774313855821,-0.00011260525714000026,0.000139196571429,5.505908571000039e-05,1
34,1774313855823,-0.00011260525714000026,-6.750342857100004e-05,0.0004528590857100041,1
35,1774313855826,-0.00014770525713999998,-6.750342857100004e-05,0.0004528590857100041,1
36,1774313855829,-0.00014770525713999998,-6.750342857100004e-05,0.0004528590857100041,1
37,1774313855832,-0.0002218052571399988,4.5596571429e-05,0.0005425590857099745,1
38,1774313855834,-0.0002218052571399988,4.5596571429e-05,0.0005425590857099745,1
39,1774313855837,-0.0002218052571399988,4.5596571429e-05,0.0005425590857099745,1
40,1774313855840,-9.700525713999923e-05,-2.8503428571000013e-05,0.0001876590857099276,1
41,1774313855842,-9.700525713999923e-05,-2.8503428571000013e-05,0.0001876590857099276,1
42,1774313855845,-9.700525713999923e-05,-2.8503428571000013e-05,0.0001876590857099276,1
43,1774313855848,6.679474286000117e-05,5.729657142899996e-05,0.0001369590857099685,1
44,1774313855850,6.679474286000117e-05,5.729657142899996e-05,0.0001369590857099685,1
45,1774313855853,6.679474286000117e-05,5.729657142899996e-05,0.0001369590857099685,1
46,1774313855856,5.899474286000066e-05,4.9496571428999986e-05,0.0001642590857100319,1
47,1774313855858,5.899474286000066e-05,4.9496571428999986e-05,0.0001642590857100319,1
48,1774313855861,5.899474286000066e-05,4.9496571428999986e-05,0.0001642590857100319,1
49,1774313855864,-1.9005257139999288e-05,7.6796571429e-05,0.00021105908570993436,1
50,1774313855867,-1.9005257139999288e-05,7.6796571429e-05,0.00021105908570993436,1
51,1774313855869,-1.9005257139999288e-05,7.6796571429e-05,0.00021105908570993436,1
52,1774313855872,-6.190525713999952e-05,9.239657142899994e-05,9.0159085709955e-05,1
53,1774313855875,-6.190525713999952e-05,9.239657142899994e-05,9.0159085709955e-05,1
54,1774313855877,-6.190525713999952e-05,9.239657142899994e-05,9.0159085709955e-05,1
55,1774313855880,-7.360525713999942e-05,6.596571428999973e-06,0.0001642590857100319,1
56,1774313855883,-7.360525713999942e-05,6.596571428999973e-06,0.0001642590857100319,1
57,1774313855886,-7.360525713999942e-05,6.596571428999973e-06,0.0001642590857100319,1
58,1774313855888,0.0001759947428599997,2.9996571428999945e-05,0.00023835908570999775,1
59,1774313855891,0.0001759947428599997,2.9996571428999945e-05,0.00023835908570999775,1
60,1774313855894,0.0001759947428599997,2.9996571428999945e-05,0.00023835908570999775,1
61,1774313855896,-5.800525714000013e-05,0.00017819657142899997,4.725908570999814e-05,1
62,1774313855899,-5.800525714000013e-05,0.00017819657142899997,4.725908570999814e-05,1
63,1774313855902,-5.800525714000013e-05,0.00017819657142899997,4.725908570999814e-05,1
64,1774313855904,-2.6805257139999802e-05,0.000150896571429,0.00025785908570994786,1
65,1774313855907,-2.6805257139999802e-05,0.000150896571429,0.00025785908570994786,1
66,1774313855910,-2.6805257139999802e-05,0.000150896571429,0.00025785908570994786,1
67,1774313855912,-0.00017500525713999918,6.596571428999973e-06,0.00017205908571003414,1
68,1774313855915,-0.00017500525713999918,6.596571428999973e-06,0.00017205908571003414,1
69,1774313855918,-0.00017500525713999918,6.596571428999973e-06,0.00017205908571003414,1
70,1774313855921,4.339474286000136e-05,-2.4603428571000026e-05,0.0002617590857100045,1
71,1774313855924,4.339474286000136e-05,-2.4603428571000026e-05,0.0002617590857100045,1
72,1774313855926,4.339474286000136e-05,-2.4603428571000026e-05,0.0002617590857100045,1
73,1774313855929,0.00011359474286000079,0.00020939657142899997,0.000152559085709973,1
74,1774313855932,0.00011359474286000079,0.00020939657142899997,0.000152559085709973,1
75,1774313855935,0.00011359474286000079,0.00020939657142899997,0.000152559085709973,1
76,1774313855937,-1.1205257139998773e-05,0.00013139657142899997,-1.9040914289965467e-05,1
77,1774313855940,-1.1205257139998773e-05,0.00013139657142899997,-1.9040914289965467e-05,1
78,1774313855943,-1.1205257139998773e-05,0.00013139657142899997,0.00034755908571002924,1
79,1774313855946,3.169474285999972e-05,0.00015869657142899998,0.00034755908571002924,1
80,1774313855949,3.169474285999972e-05,0.00015869657142899998,0.00034755908571002924,1
81,1774313855951,5.509474286000127e-05,7.289657142899996e-05,0.0004567590857099497,1
82,1774313855954,5.509474286000127e-05,7.289657142899996e-05,0.0004567590857099497,1
83,1774313855957,5.509474286000127e-05,7.289657142899996e-05,0.0004567590857099497,1
84,1774313855960,-5.4105257139999e-05,0.00010019657142899997,0.0001642590857100319,1
85,1774313855962,-5.4105257139999e-05,0.00010019657142899997,0.0001642590857100319,1
86,1774313855965,-5.4105257139999e-05,0.00010019657142899997,0.0001642590857100319,1
87,1774313855968,-6.970525714000003e-05,6.119657142899994e-05,0.00016035908570997525,1
88,1774313855971,-6.970525714000003e-05,6.119657142899994e-05,0.00016035908570997525,1
89,1774313855973,-6.970525714000003e-05,6.119657142899994e-05,0.00016035908570997525,1
90,1774313855976,3.169474285999972e-05,-1.2903428571000013e-05,1.6059085709989145e-05,1
91,1774313855979,3.169474285999972e-05,-1.2903428571000013e-05,1.6059085709989145e-05,1
92,1774313855982,3.169474285999972e-05,-1.2903428571000013e-05,1.6059085709989145e-05,1
93,1774313855985,-2.2905257139998678e-05,0.00010019657142899997,6.285908571000264e-05,1
94,1774313855988,-2.2905257139998678e-05,0.00010019657142899997,6.285908571000264e-05,1
95,1774313855990,-2.2905257139998678e-05,0.00010019657142899997,6.285908571000264e-05,1
96,1774313855993,-0.00022570525713999992,1.8296571428999986e-05,0.00021105908570993436,1
97,1774313855996,-0.00022570525713999992,1.8296571428999986e-05,0.00021105908570993436,1
98,1774313855999,-0.00022570525713999992,1.8296571428999986e-05,0.00015645908571002964,1
99,1774313856001,-0.00018670525713999908,6.509657142899999e-05,0.00015645908571002964,1
100,1774313856004,-0.00018670525713999908,6.509657142899999e-05,0.00015645908571002964,1
101,1774313856007,-0.00018670525713999908,0.00011189657142899998,0.00019545908570992986,1
102,1774313856010,-2.6805257139999802e-05,0.00011189657142899998,0.00019545908570992986,1
103,1774313856012,-2.6805257139999802e-05,0.00011189657142899998,0.00019545908570992986,1
104,1774313856015,0.00014089474286,1.8296571428999986e-05,0.0001369590857099685,1
105,1774313856018,0.00014089474286,1.8296571428999986e-05,0.0001369590857099685,1
106,1774313856021,0.00014089474286,1.8296571428999986e-05,0.0001369590857099685,1
107,1774313856023,0.00010579474286000028,4.169657142899996e-05,0.00010965908571001614,1
108,1774313856026,0.00010579474286000028,4.169657142899996e-05,0.00010965908571001614,1
109,1774313856029,0.00010579474286000028,4.169657142899996e-05,0.00010965908571001614,1
110,1774313856032,-5.020525713999961e-05,8.459657142899997e-05,0.00012525908571002064,1
111,1774313856035,-5.020525713999961e-05,8.459657142899997e-05,0.00012525908571002064,1
112,1774313856037,-5.020525713999961e-05,8.459657142899997e-05,0.00012525908571002064,1
113,1774313856040,-4.24052571399991e-05,-0.00011820342857100002,0.00010965908571001614,1
114,1774313856043,-4.24052571399991e-05,-0.00011820342857100002,0.00010965908571001614,1
115,1774313856046,-4.24052571399991e-05,-0.00011820342857100002,0.00010965908571001614,1
116,1774313856049,1.6094742860000427e-05,1.8296571428999986e-05,-3.4640914289969967e-05,1
117,1774313856051,1.6094742860000427e-05,1.8296571428999986e-05,-3.4640914289969967e-05,1
118,1774313856054,1.6094742860000427e-05,1.8296571428999986e-05,-3.4640914289969967e-05,1
119,1774313856057,-0.00014380525713999885,0.00018599657142899994,9.0159085709955e-05,1
120,1774313856060,-0.00014380525713999885,0.00018599657142899994,9.0159085709955e-05,1
121,1774313856062,-0.00014380525713999885,0.00018599657142899994,0.00032025908570996586,1
122,1774313856065,-4.24052571399991e-05,7.289657142899996e-05,0.00032025908570996586,1
123,1774313856068,-4.24052571399991e-05,7.289657142899996e-05,0.00032025908570996586,1
124,1774313856071,-4.24052571399991e-05,-4.0203428571000026e-05,0.00024615908571,1
0,1774313856103,-0.00012820525713999956,6.899657142899997e-05,0.0003592590857099771,1
1,1774313856116,2.7794742860000332e-05,-0.000122103428571,0.00021105908570993436,1
2,1774313856118,2.7794742860000332e-05,-9.090342857100001e-05,0.0001681590857099775,1
3,1774313856174,7.459474285999995e-05,-9.090342857100001e-05,0.0001681590857099775,1
4,1774313856182,-3.070525713999919e-05,4.5596571429e-05,0.0002929590857100135,1
5,1774313856185,8.239474286000047e-05,-4.410342857100001e-05,0.00036705908570997935,1
6,1774313856188,8.239474286000047e-05,-4.410342857100001e-05,0.00036705908570997935,1
7,1774313856191,-3.460525713999858e-05,2.609657142899996e-05,0.0002656590857099501,1
8,1774313856194,-3.460525713999858e-05,2.609657142899996e-05,0.0002656590857099501,1
9,1774313856196,-3.460525713999858e-05,2.609657142899996e-05,0.0002656590857099501,1
10,1774313856199,-0.0001945052571399996,8.069657142899999e-05,0.00030075908571001574,1
11,1774313856202,-0.0001945052571399996,8.069657142899999e-05,0.00030075908571001574,1
12,1774313856205,-0.0001945052571399996,8.069657142899999e-05,0.00030075908571001574,1
13,1774313856207,-8.530525713999933e-05,9.239657142899994e-05,5.8959085709946006e-05,1
14,1774313856210,-8.530525713999933e-05,9.239657142899994e-05,5.8959085709946006e-05,1
15,1774313856213,-8.530525713999933e-05,9.239657142899994e-05,5.8959085709946006e-05,1
16,1774313856216,-0.00010090525713999862,0.000213296571429,4.725908570999814e-05,1
17,1774313856219,-0.00010090525713999862,0.000213296571429,4.725908570999814e-05,1
18,1774313856221,-0.00010090525713999862,0.000213296571429,4.725908570999814e-05,1
19,1774313856224,-8.920525713999872e-05,-9.480342857100005e-05,0.00035145908570997485,1
20,1774313856227,-8.920525713999872e-05,-9.480342857100005e-05,0.00035145908570997485,1
21,1774313856230,-8.920525713999872e-05,-9.480342857100005e-05,9.795908570995725e-05,1
22,1774313856232,-9.310525713999984e-05,7.289657142899996e-05,9.795908570995725e-05,1
23,1774313856235,-9.310525713999984e-05,7.289657142899996e-05,9.795908570995725e-05,1
24,1774313856238,-9.310525713999984e-05,7.289657142899996e-05,0.0002032590857099321,1
25,1774313856240,-0.0002335052571399987,2.2196571428999973e-05,0.0002032590857099321,1
26,1774313856243,-0.0002335052571399987,2.2196571428999973e-05,0.0002032590857099321,1
27,1774313856246,-0.0002335052571399987,-5.5803428571000026e-05,6.675908570994826e-05,1
28,1774313856249,-7.360525713999942e-05,-5.5803428571000026e-05,6.675908570994826e-05,1
29,1774313856251,-7.360525713999942e-05,-5.5803428571000026e-05,6.675908570994826e-05,1
30,1774313856254,-7.360525713999942e-05,0.00011969657142899996,0.00019155908570998425,1
31,1774313856257,-5.020525713999961e-05,0.00011969657142899996,0.00019155908570998425,1
32,1774313856259,-5.020525713999961e-05,0.00011969657142899996,0.00019155908570998425,1
33,1774313856262,-7.750525713999881e-05,4.169657142899996e-05,0.000370959085710036,1
34,1774313856265,-7.750525713999881e-05,4.169657142899996e-05,0.000370959085710036,1
35,1774313856267,-7.750525713999881e-05,4.169657142899996e-05,0.000370959085710036,1
36,1774313856270,9.019474286000098e-05,-1.203428571000054e-06,0.000277359085710009,1
37,1774313856273,9.019474286000098e-05,-1.203428571000054e-06,0.000277359085710009,1
38,1774313856275,9.019474286000098e-05,-1.203428571000054e-06,0.000277359085710009,1
39,1774313856278,-2.6805257139999802e-05,6.119657142899994e-05,0.00020715908570998875,1
40,1774313856281,-2.6805257139999802e-05,6.119657142899994e-05,0.00020715908570998875,1
41,1774313856284,-2.6805257139999802e-05,6.119657142899994e-05,0.00020715908570998875,1
42,1774313856287,1.2194742860001037e-05,3.779657142899997e-05,5.505908571000039e-05,1
43,1774313856289,1.2194742860001037e-05,3.779657142899997e-05,5.505908571000039e-05,1
44,1774313856292,1.2194742860001037e-05,3.779657142899997e-05,5.505908571000039e-05,1
45,1774313856295,-1.9005257139999288e-05,0.00018599657142899994,-1.1240914289963218e-05,1
46,1774313856297,-1.9005257139999288e-05,0.00018599657142899994,-1.1240914289963218e-05,1
47,1774313856300,-1.9005257139999288e-05,0.00018599657142899994,-1.1240914289963218e-05,1
48,1774313856303,2.3894742860000942e-05,0.00019379657142900002,0.0003904590857099861,1
49,1774313856306,2.3894742860000942e-05,0.00019379657142900002,0.0003904590857099861,1
50,1774313856308,2.3894742860000942e-05,0.00019379657142900002,0.0003904590857099861,1
51,1774313856311,8.294742859999912e-06,2.6965714289999866e-06,0.000152559085709973,1
52,1774313856314,8.294742859999912e-06,2.6965714289999866e-06,0.000152559085709973,1
53,1774313856316,8.294742859999912e-06,2.6965714289999866e-06,0.000152559085709973,1
54,1774313856319,-0.00012430525714000017,-4.410342857100001e-05,3.945908570999589e-05,1
55,1774313856322,-0.00012430525714000017,-4.410342857100001e-05,3.945908570999589e-05,1
56,1774313856324,-0.00012430525714000017,-4.410342857100001e-05,3.945908570999589e-05,1
57,1774313856327,-0.00011650525713999965,2.2196571428999973e-05,1.2159085709932509e-05,1
58,1774313856330,-0.00011650525713999965,2.2196571428999973e-05,1.2159085709932509e-05,1
59,1774313856333,-0.00011650525713999965,2.2196571428999973e-05,1.2159085709932509e-05,1
60,1774313856335,-0.00010090525713999862,-7.140342857100003e-05,0.000152559085709973,1
61,1774313856338,-0.00010090525713999862,-7.140342857100003e-05,0.000152559085709973,1
62,1774313856341,-0.00010090525713999862,-7.140342857100003e-05,0.000152559085709973,1
63,1774313856344,-0.00013990525713999946,3.779657142899997e-05,0.00025785908570994786,1
64,1774313856347,-0.00013990525713999946,3.779657142899997e-05,0.00025785908570994786,1
65,1774313856349,-0.00013990525713999946,3.779657142899997e-05,0.00022665908570993886,1
66,1774313856352,-0.00011650525713999965,-6.360342857100005e-05,0.00022665908570993886,1
67,1774313856355,-0.00011650525713999965,-6.360342857100005e-05,0.00022665908570993886,1
68,1774313856358,-0.00011650525713999965,-1.6803428571e-05,0.00012915908570996625,1
69,1774313856360,-0.00010870525713999914,-1.6803428571e-05,0.00012915908570996625,1
70,1774313856363,-0.00010870525713999914,-1.6803428571e-05,0.00012915908570996625,1
71,1774313856366,7.849474286000108e-05,4.5596571429e-05,8.625908571000939e-05,1
72,1774313856369,7.849474286000108e-05,4.5596571429e-05,8.625908571000939e-05,1
73,1774313856371,7.849474286000108e-05,4.5596571429e-05,8.625908571000939e-05,1
74,1774313856374,0.0001330947428600012,-2.070342857100004e-05,0.00034755908571002924,1
75,1774313856377,0.0001330947428600012,-2.070342857100004e-05,0.00034755908571002924,1
76,1774313856380,0.0001330947428600012,-2.070342857100004e-05,0.00034755908571002924,1
77,1774313856382,0.0001096947428600014,5.729657142899996e-05,0.00025785908570994786,1
78,1774313856385,0.0001096947428600014,5.729657142899996e-05,0.00025785908570994786,1
79,1774313856388,0.0001096947428600014,5.729657142899996e-05,0.00025785908570994786,1
80,1774313856390,5.119474286000014e-05,6.899657142899997e-05,0.00017985908571003639,1
81,1774313856393,5.119474286000014e-05,6.899657142899997e-05,0.00017985908571003639,1
82,1774313856396,5.119474286000014e-05,6.899657142899997e-05,0.00017985908571003639,1
83,1774313856399,-7.305257139999383e-06,7.6796571429e-05,7.845908571000714e-05,1
84,1774313856401,-7.305257139999383e-06,7.6796571429e-05,7.845908571000714e-05,1
85,1774313856404,-7.305257139999383e-06,7.6796571429e-05,7.845908571000714e-05,1
86,1774313856407,-0.00011650525713999965,7.289657142899996e-05,0.0001642590857100319,1
87,1774313856409,-0.00011650525713999965,7.289657142899996e-05,0.0001642590857100319,1
88,1774313856412,-0.00011650525713999965,7.289657142899996e-05,0.0001642590857100319,1
89,1774313856415,-3.850525713999971e-05,7.6796571429e-05,0.00024225908570994336,1
90,1774313856417,-3.850525713999971e-05,7.6796571429e-05,0.00024225908570994336,1
91,1774313856420,-3.850525713999971e-05,7.6796571429e-05,0.00024225908570994336,1
92,1774313856423,8.294742859999912e-06,3.3896571428999986e-05,0.000495759085709961,1
93,1774313856425,8.294742859999912e-06,3.3896571428999986e-05,0.000495759085709961,1
94,1774313856428,8.294742859999912e-06,3.3896571428999986e-05,0.000495759085709961,1
95,1774313856431,-4.24052571399991e-05,2.6965714289999866e-06,4.335908570994151e-05,1
96,1774313856433,-4.24052571399991e-05,2.6965714289999866e-06,4.335908570994151e-05,1
97,1774313856436,-4.24052571399991e-05,2.6965714289999866e-06,4.335908570994151e-05,1
98,1774313856439,1.6094742860000427e-05,4.5596571429e-05,0.0005191590857099677,1
99,1774313856442,1.6094742860000427e-05,4.5596571429e-05,0.0005191590857099677,1
100,1774313856444,1.6094742860000427e-05,4.5596571429e-05,0.0005191590857099677,1
101,1774313856454,-3.4052571399999926e-06,0.00016259657142899992,0.00015645908571002964,1
102,1774313856457,-3.4052571399999926e-06,0.00016259657142899992,0.00015645908571002964,1
103,1774313856460,-3.4052571399999926e-06,0.00016259657142899992,0.00015645908571002964,1
104,1774313856463,1.6094742860000427e-05,-9.003428571000027e-06,0.00014475908570997075,1
105,1774313856465,1.6094742860000427e-05,-9.003428571000027e-06,0.00014475908570997075,1
106,1774313856468,1.6094742860000427e-05,-9.003428571000027e-06,0.00014475908570997075,1
107,1774313856471,-0.00016330525713999927,9.629657142899998e-05,0.00011355908570996175,1
108,1774313856474,-0.00016330525713999927,9.629657142899998e-05,0.00011355908570996175,1
109,1774313856476,-0.00016330525713999927,9.629657142899998e-05,0.00011355908570996175,1
110,1774313856479,-0.00012430525714000017,-8.310342857100004e-05,0.000370959085710036,1
111,1774313856482,-0.00012430525714000017,-8.310342857100004e-05,0.000370959085710036,1
112,1774313856485,-0.00012430525714000017,-8.310342857100004e-05,0.0003904590857099861,1
113,1774313856488,-3.850525713999971e-05,-9.003428571000027e-06,0.0003904590857099861,1
114,1774313856490,-3.850525713999971e-05,-9.003428571000027e-06,0.0003904590857099861,1
115,1774313856493,-3.850525713999971e-05,3.3896571428999986e-05,0.000121359085709964,1
116,1774313856496,-2.6805257139999802e-05,3.3896571428999986e-05,0.000121359085709964,1
117,1774313856499,-2.6805257139999802e-05,3.3896571428999986e-05,0.000121359085709964,1
118,1774313856501,-9.310525713999984e-05,0.00013139657142899997,0.00041775908570993846,1
119,1774313856504,-9.310525713999984e-05,0.00013139657142899997,0.00041775908570993846,1
120,1774313856507,-9.310525713999984e-05,0.00013139657142899997,0.00041775908570993846,1
121,1774313856510,-4.24052571399991e-05,-3.630342857100004e-05,0.0001369590857099685,1
122,1774313856512,-4.24052571399991e-05,-3.630342857100004e-05,0.0001369590857099685,1
123,1774313856515,-4.24052571399991e-05,-3.630342857100004e-05,0.0001369590857099685,1
124,1774313856518,-0.00023740525713999983,-2.8503428571000013e-05,0.00022275908570999325,1
0,1774313856564,6.289474286000005e-05,-9.090342857100001e-05,0.0003436590857099726,1
1,1774313856567,-0.0002452052571399986,-9.090342857100001e-05,0.00014085908571002514,1
2,1774313856628,-6.580525713999891e-05,9.629657142899998e-05,0.00033585908570997035,1
3,1774313856632,-0.00015160525713999937,-1.203428571000054e-06,0.0001681590857099775,1
4,1774313856635,-0.00015160525713999937,-1.203428571000054e-06,0.0001681590857099775,1
5,1774313856637,-3.4052571399999926e-06,6.899657142899997e-05,0.00010965908571001614,1
6,1774313856640,-3.4052571399999926e-06,6.899657142899997e-05,0.00010965908571001614,1
7,1774313856643,-3.4052571399999926e-06,6.899657142899997e-05,0.00010965908571001614,1
8,1774313856645,-3.850525713999971e-05,-9.480342857100005e-05,0.000308559085710018,1
9,1774313856648,-3.850525713999971e-05,-9.480342857100005e-05,0.000308559085710018,1
10,1774313856651,-3.850525713999971e-05,-9.480342857100005e-05,0.000308559085710018,1
11,1774313856653,4.394742860000522e-06,-0.00012990342857100004,0.00025395908571000225,1
12,1774313856656,4.394742860000522e-06,-0.00012990342857100004,0.00025395908571000225,1
13,1774313856659,4.394742860000522e-06,-0.00012990342857100004,0.00025395908571000225,1
14,1774313856661,-6.190525713999952e-05,8.459657142899997e-05,0.000121359085709964,1
15,1774313856664,-6.190525713999952e-05,8.459657142899997e-05,0.000121359085709964,1
16,1774313856667,-6.190525713999952e-05,8.459657142899997e-05,0.000121359085709964,1
17,1774313856670,8.239474286000047e-05,5.339657142899997e-05,0.00011355908570996175,1
18,1774313856672,8.239474286000047e-05,5.339657142899997e-05,0.00011355908570996175,1
19,1774313856675,8.239474286000047e-05,5.339657142899997e-05,0.00011355908570996175,1
20,1774313856678,-1.9005257139999288e-05,9.629657142899998e-05,0.0001642590857100319,1
21,1774313856680,-1.9005257139999288e-05,9.629657142899998e-05,0.0001642590857100319,1
22,1774313856683,-1.9005257139999288e-05,9.629657142899998e-05,0.0001642590857100319,1
23,1774313856686,-4.24052571399991e-05,-1.6803428571e-05,3.555908570993926e-05,1
24,1774313856688,-4.24052571399991e-05,-1.6803428571e-05,3.555908570993926e-05,1
25,1774313856691,-4.24052571399991e-05,-1.6803428571e-05,3.555908570993926e-05,1
26,1774313856694,-8.920525713999872e-05,6.509657142899999e-05,6.675908570994826e-05,1
27,1774313856697,-8.920525713999872e-05,6.509657142899999e-05,6.675908570994826e-05,1
28,1774313856699,-8.920525713999872e-05,6.509657142899999e-05,6.675908570994826e-05,1
29,1774313856702,-0.00011650525713999965,-1.2903428571000013e-05,-2.2940914290022103e-05,1
30,1774313856705,-0.00011650525713999965,-1.2903428571000013e-05,-2.2940914290022103e-05,1
31,1774313856707,-0.00011650525713999965,-1.2903428571000013e-05,-2.2940914290022103e-05,1
32,1774313856710,-6.970525714000003e-05,-9.090342857100001e-05,-4.2440914289972216e-05,1
33,1774313856713,-6.970525714000003e-05,-9.090342857100001e-05,-4.2440914289972216e-05,1
34,1774313856715,-6.970525714000003e-05,-9.090342857100001e-05,-4.2440914289972216e-05,1
35,1774313856718,-0.00012430525714000017,1.4396571429e-05,5.505908571000039e-05,1
36,1774313856721,-0.00012430525714000017,1.4396571429e-05,5.505908571000039e-05,1
37,1774313856724,-0.00012430525714000017,1.4396571429e-05,5.505908571000039e-05,1
38,1774313856726,-0.00010090525713999862,-0.00010650342857100001,0.00015645908571002964,1
39,1774313856729,-0.00010090525713999862,-0.00010650342857100001,0.00015645908571002964,1
40,1774313856732,-0.00010090525713999862,-0.00010650342857100001,0.00022665908570993886,1
41,1774313856735,-0.00015940525713999988,8.459657142899997e-05,0.00022665908570993886,1
42,1774313856738,-0.00015940525713999988,8.459657142899997e-05,0.00022665908570993886,1
43,1774313856741,-8.140525713999994e-05,0.00014699657142899997,0.00036315908571003374,1
44,1774313856744,-8.140525713999994e-05,0.00014699657142899997,0.00036315908571003374,1
45,1774313856747,-8.140525713999994e-05,0.00014699657142899997,0.00036315908571003374,1
46,1774313856749,-0.00015940525713999988,4.169657142899996e-05,0.00042945908570999735,1
47,1774313856752,-0.00015940525713999988,4.169657142899996e-05,0.00042945908570999735,1
48,1774313856755,-0.00015940525713999988,4.169657142899996e-05,0.00042945908570999735,1
49,1774313856758,-5.800525714000013e-05,-8.700342857100003e-05,-1.5140914290019854e-05,1
50,1774313856761,-5.800525714000013e-05,-8.700342857100003e-05,-1.5140914290019854e-05,1
51,1774313856763,-5.800525714000013e-05,-8.700342857100003e-05,-1.5140914290019854e-05,1
52,1774313856766,-4.630525714000022e-05,-4.0203428571000026e-05,-9.314091429004235e-05,1
53,1774313856769,-4.630525714000022e-05,-4.0203428571000026e-05,-9.314091429004235e-05,1
54,1774313856772,-4.630525714000022e-05,-4.0203428571000026e-05,-9.314091429004235e-05,1
55,1774313856774,-3.4052571399999926e-06,4.5596571429e-05,0.00043335908570994296,1
56,1774313856777,-3.4052571399999926e-06,4.5596571429e-05,0.00043335908570994296,1
57,1774313856780,-3.4052571399999926e-06,4.5596571429e-05,0.00019155908570998425,1
58,1774313856783,1.6094742860000427e-05,6.596571428999973e-06,0.00019155908570998425,1
59,1774313856786,1.6094742860000427e-05,6.596571428999973e-06,0.00019155908570998425,1
60,1774313856788,-6.580525713999891e-05,-7.530342857100001e-05,2.7759085709937008e-05,1
61,1774313856791,-6.580525713999891e-05,-7.530342857100001e-05,2.7759085709937008e-05,1
62,1774313856794,-6.580525713999891e-05,-7.530342857100001e-05,2.7759085709937008e-05,1
63,1774313856797,-0.00012040525713999904,-3.2403428571000053e-05,0.00028515908571001124,1
64,1774313856799,-0.00012040525713999904,-3.2403428571000053e-05,0.00028515908571001124,1
65,1774313856802,-0.00012040525713999904,-3.2403428571000053e-05,0.00028515908571001124,1
66,1774313856805,-0.00015160525713999937,5.729657142899996e-05,1.6059085709989145e-05,1
67,1774313856808,-0.00015160525713999937,5.729657142899996e-05,1.6059085709989145e-05,1
68,1774313856810,-0.00015160525713999937,5.729657142899996e-05,1.6059085709989145e-05,1
69,1774313856813,-0.00016720525713999866,0.00013139657142899997,0.00019545908570992986,1
70,1774313856816,-0.00016720525713999866,0.00013139657142899997,0.00019545908570992986,1
71,1774313856819,-0.00016720525713999866,0.00013139657142899997,0.00019545908570992986,1
72,1774313856821,-1.5105257139999897e-05,0.00012359657142899994,0.0003124590857099636,1
73,1774313856824,-1.5105257139999897e-05,0.00012359657142899994,0.0003124590857099636,1
74,1774313856829,-1.5105257139999897e-05,0.00012359657142899994,0.0003124590857099636,1
75,1774313856832,-7.360525713999942e-05,-4.410342857100001e-05,0.0002929590857100135,1
76,1774313856834,-7.360525713999942e-05,-4.410342857100001e-05,0.0002929590857100135,1
77,1774313856837,8.629474285999986e-05,2.2196571428999973e-05,0.00025395908571000225,1
78,1774313856840,8.629474285999986e-05,2.2196571428999973e-05,0.00025395908571000225,1
79,1774313856843,8.629474285999986e-05,2.2196571428999973e-05,0.00025395908571000225,1
80,1774313856845,-0.00010090525713999862,0.00013139657142899997,0.00011745908571001839,1
81,1774313856848,-0.00010090525713999862,0.00013139657142899997,0.00011745908571001839,1
82,1774313856851,-0.00010090525713999862,0.00013139657142899997,0.00011745908571001839,1
83,1774313856854,-0.00011650525713999965,0.00020549657142899993,4.725908570999814e-05,1
84,1774313856856,-0.00011650525713999965,0.00020549657142899993,4.725908570999814e-05,1
85,1774313856859,-0.00011650525713999965,0.00020549657142899993,4.725908570999814e-05,1
86,1774313856862,-0.00010090525713999862,-4.8003428571e-05,0.00010965908571001614,1
87,1774313856865,-0.00010090525713999862,-4.8003428571e-05,0.00010965908571001614,1
88,1774313856867,-0.00010090525713999862,-4.8003428571e-05,2.3859085709991394e-05,1
89,1774313856870,-6.580525713999891e-05,-5.10342857100004e-06,2.3859085709991394e-05,1
90,1774313856873,-6.580525713999891e-05,-5.10342857100004e-06,2.3859085709991394e-05,1
91,1774313856876,-6.580525713999891e-05,-8.700342857100003e-05,0.0003124590857099636,1
92,1774313856878,8.294742859999912e-06,-8.700342857100003e-05,0.0003124590857099636,1
93,1774313856881,8.294742859999912e-06,-8.700342857100003e-05,0.0003124590857099636,1
94,1774313856884,-3.850525713999971e-05,-7.9203428571e-05,0.0002344590857099411,1
95,1774313856887,-3.850525713999971e-05,-7.9203428571e-05,0.0002344590857099411,1
96,1774313856890,-3.850525713999971e-05,-7.9203428571e-05,0.0002344590857099411,1
97,1774313856893,-2.6805257139999802e-05,5.339657142899997e-05,0.00014475908570997075,1
98,1774313856896,-2.6805257139999802e-05,5.339657142899997e-05,0.00014475908570997075,1
99,1774313856898,-2.6805257139999802e-05,5.339657142899997e-05,0.00014475908570997075,1
100,1774313856901,-0.0002101052571399989,-6.360342857100005e-05,0.00025785908570994786,1
101,1774313856904,-0.0002101052571399989,-6.360342857100005e-05,0.00025785908570994786,1
102,1774313856907,-0.0002101052571399989,-6.360342857100005e-05,0.00025785908570994786,1
103,1774313856909,-8.140525713999994e-05,-0.000258603428571,0.00028905908570995686,1
104,1774313856912,-8.140525713999994e-05,-0.000258603428571,0.00028905908570995686,1
105,1774313856915,-8.140525713999994e-05,-0.000258603428571,0.00028905908570995686,1
106,1774313856918,-0.00017500525713999918,-2.070342857100004e-05,-6.584091428997896e-05,1
107,1774313856920,-0.00017500525713999918,-2.070342857100004e-05,-6.584091428997896e-05,1
108,1774313856923,-0.00017500525713999918,-2.070342857100004e-05,-6.584091428997896e-05,1
109,1774313856926,-5.020525713999961e-05,-5.190342857100004e-05,8.235908570995275e-05,1
110,1774313856929,-5.020525713999961e-05,-5.190342857100004e-05,8.235908570995275e-05,1
111,1774313856931,-5.020525713999961e-05,-2.4603428571000026e-05,0.00022275908570999325,1
112,1774313856934,3.559474286000085e-05,-2.4603428571000026e-05,0.00022275908570999325,1
113,1774313856937,3.559474286000085e-05,-2.4603428571000026e-05,0.00022275908570999325,1
114,1774313856940,-0.00013210525713999895,-2.8503428571000013e-05,0.0002617590857100045,1
115,1774313856942,-0.00013210525713999895,-2.8503428571000013e-05,0.0002617590857100045,1
116,1774313856945,-0.00013210525713999895,-2.8503428571000013e-05,0.0002617590857100045,1
117,1774313856948,-8.530525713999933e-05,2.9996571428999945e-05,0.00022665908570993886,1
118,1774313856951,-8.530525713999933e-05,2.9996571428999945e-05,0.00022665908570993886,1
119,1774313856954,-8.530525713999933e-05,2.9996571428999945e-05,0.00022665908570993886,1
120,1774313856956,8.294742859999912e-06,-0.00010650342857100001,0.0001486590857100274,1
121,1774313856959,8.294742859999912e-06,-0.00010650342857100001,0.0001486590857100274,1
122,1774313856962,8.294742859999912e-06,-0.00010650342857100001,0.0001486590857100274,1
123,1774313856965,-4.630525714000022e-05,0.00011189657142899998,8.259085709986895e-06,1
124,1774313856967,-4.630525714000022e-05,0.00011189657142899998,8.259085709986895e-06,1
0,1774313857012,-0.00010480525713999975,2.2196571428999973e-05,0.00011745908571001839,1
1,1774313857015,-0.00016330525713999927,5.729657142899996e-05,0.00017205908571003414,1
2,1774313857017,-0.00016330525713999927,5.729657142899996e-05,0.00017205908571003414,1
3,1774313857079,-0.00010090525713999862,8.459657142899997e-05,0.000277359085710009,1
4,1774313857082,-4.630525714000022e-05,4.169657142899996e-05,0.000183759085709982,1
5,1774313857085,-0.00022570525713999992,0.00011969657142899996,0.0002500590857099456,1
6,1774313857088,-0.00022570525713999992,0.00011969657142899996,0.0002500590857099456,1
7,1774313857090,-0.00022570525713999992,0.00011969657142899996,0.0002500590857099456,1
8,1774313857093,-0.00014770525713999998,1.4396571429e-05,0.00024615908571,1
9,1774313857096,-0.00014770525713999998,1.4396571429e-05,0.00024615908571,1
10,1774313857099,-0.00014770525713999998,1.4396571429e-05,0.00010965908571001614,1
11,1774313857101,-0.00011260525714000026,8.069657142899999e-05,0.00010965908571001614,1
12,1774313857104,-0.00011260525714000026,8.069657142899999e-05,0.00010965908571001614,1
13,1774313857113,-0.00010870525713999914,0.00024059657142899997,0.000152559085709973,1
14,1774313857116,-4.630525714000022e-05,0.00016259657142899992,0.0001486590857100274,1
15,1774313857119,-4.630525714000022e-05,0.00016259657142899992,0.0001486590857100274,1
16,1774313857122,-4.630525714000022e-05,0.00016259657142899992,0.0001486590857100274,1
17,1774313857124,-0.00016720525713999866,-1.6803428571e-05,0.00031635908571002024,1
18,1774313857127,-0.00016720525713999866,-1.6803428571e-05,0.00031635908571002024,1
19,1774313857130,-0.00016720525713999866,-1.6803428571e-05,0.00031635908571002024,1
20,1774313857133,-0.00024910525713999973,7.6796571429e-05,0.000339759085710027,1
21,1774313857136,-0.00024910525713999973,7.6796571429e-05,0.000339759085710027,1
22,1774313857138,-0.00024910525713999973,7.6796571429e-05,0.000339759085710027,1
23,1774313857141,-0.0001906052571400002,6.596571428999973e-06,0.00039825908570998835,1
24,1774313857144,-0.0001906052571400002,6.596571428999973e-06,0.00039825908570998835,1
25,1774313857146,-0.0001906052571400002,6.596571428999973e-06,0.00038265908570998385,1
26,1774313857149,-6.190525713999952e-05,-0.000137703428571,0.00038265908570998385,1
27,1774313857152,-6.190525713999952e-05,-0.000137703428571,0.00038265908570998385,1
28,1774313857154,-6.190525713999952e-05,-0.000137703428571,0.0003280590857099681,1
29,1774313857157,-8.140525713999994e-05,0.00012359657142899994,0.0003280590857099681,1
30,1774313857160,-8.140525713999994e-05,0.00012359657142899994,0.0003280590857099681,1
31,1774313857163,-8.140525713999994e-05,0.00012359657142899994,0.00041775908570993846,1
32,1774313857165,5.899474286000066e-05,0.00012749657142899998,0.00041775908570993846,1
33,1774313857168,5.899474286000066e-05,0.00012749657142899998,0.00041775908570993846,1
34,1774313857171,5.899474286000066e-05,2.6965714289999866e-06,8.235908570995275e-05,1
35,1774313857173,-7.305257139999383e-06,2.6965714289999866e-06,8.235908570995275e-05,1
36,1774313857176,-7.305257139999383e-06,2.6965714289999866e-06,8.235908570995275e-05,1
37,1774313857179,-7.305257139999383e-06,-3.2403428571000053e-05,0.00011745908571001839,1
38,1774313857181,0.00012919474286000009,-3.2403428571000053e-05,0.00011745908571001839,1
39,1774313857184,0.00012919474286000009,-3.2403428571000053e-05,0.00011745908571001839,1
40,1774313857187,0.00012919474286000009,-1.6803428571e-05,0.00015645908571002964,1
41,1774313857189,4.729474286000075e-05,-1.6803428571e-05,0.00015645908571002964,1
42,1774313857192,4.729474286000075e-05,-1.6803428571e-05,0.00015645908571002964,1
43,1774313857195,1.2194742860001037e-05,-7.9203428571e-05,0.0002812590857099546,1
44,1774313857198,1.2194742860001037e-05,-7.9203428571e-05,0.0002812590857099546,1
45,1774313857200,1.2194742860001037e-05,-7.9203428571e-05,0.0002812590857099546,1
46,1774313857203,-0.00010480525713999975,0.000107996571429,0.000651759085710006,1
47,1774313857206,-0.00010480525713999975,0.000107996571429,0.000651759085710006,1
48,1774313857209,-0.00010480525713999975,0.000107996571429,0.000651759085710006,1
49,1774313857211,-8.920525713999872e-05,0.00018599657142899994,0.0005620590857100356,1
50,1774313857214,-8.920525713999872e-05,0.00018599657142899994,0.0005620590857100356,1
51,1774313857217,-8.920525713999872e-05,0.00018599657142899994,0.0005620590857100356,1
52,1774313857220,-0.0002101052571399989,-2.4603428571000026e-05,0.000277359085710009,1
53,1774313857222,-0.0002101052571399989,-2.4603428571000026e-05,0.000277359085710009,1
54,1774313857225,-0.0002101052571399989,-2.4603428571000026e-05,0.000277359085710009,1
55,1774313857228,-0.0002023052571400001,0.00018599657142899994,0.00017985908571003639,1
56,1774313857231,-0.0002023052571400001,0.00018599657142899994,0.00017985908571003639,1
57,1774313857233,-0.0002023052571400001,0.00018599657142899994,0.00017985908571003639,1
58,1774313857236,-4.24052571399991e-05,7.289657142899996e-05,-7.340914290017604e-06,1
59,1774313857239,-4.24052571399991e-05,7.289657142899996e-05,-7.340914290017604e-06,1
60,1774313857242,-4.24052571399991e-05,7.289657142899996e-05,-7.340914290017604e-06,1
61,1774313857245,-0.00014770525713999998,-2.070342857100004e-05,-5.8040914289976715e-05,1
62,1774313857247,-0.00014770525713999998,-2.070342857100004e-05,-5.8040914289976715e-05,1
63,1774313857250,-0.00014770525713999998,-2.070342857100004e-05,-5.8040914289976715e-05,1
64,1774313857253,9.409474286000037e-05,-1.203428571000054e-06,3.945908570999589e-05,1
65,1774313857256,9.409474286000037e-05,-1.203428571000054e-06,3.945908570999589e-05,1
66,1774313857258,9.409474286000037e-05,-9.870342857100004e-05,0.000214959085709991,1
67,1774313857261,1.2194742860001037e-05,-9.870342857100004e-05,0.000214959085709991,1
68,1774313857264,1.2194742860001037e-05,-9.870342857100004e-05,0.000214959085709991,1
69,1774313857266,1.2194742860001037e-05,-0.000137703428571,0.0001876590857099276,1
70,1774313857269,-3.850525713999971e-05,-0.000137703428571,0.0001876590857099276,1
71,1774313857272,-3.850525713999971e-05,-0.000137703428571,0.0001876590857099276,1
72,1774313857274,-0.00010870525713999914,0.00010409657142899996,0.00021105908570993436,1
73,1774313857277,-0.00010870525713999914,0.00010409657142899996,0.00021105908570993436,1
74,1774313857280,-0.00010870525713999914,0.00010409657142899996,0.00021105908570993436,1
75,1774313857283,-7.305257139999383e-06,0.00011579657142899997,-3.85409142900266e-05,1
76,1774313857285,-7.305257139999383e-06,0.00011579657142899997,-3.85409142900266e-05,1
77,1774313857288,-7.305257139999383e-06,0.00011579657142899997,-3.85409142900266e-05,1
78,1774313857291,-9.700525713999923e-05,0.00015479657142899994,0.0002617590857100045,1
79,1774313857293,-9.700525713999923e-05,0.00015479657142899994,0.0002617590857100045,1
80,1774313857296,-9.700525713999923e-05,0.00015479657142899994,0.0002617590857100045,1
81,1774313857299,6.289474286000005e-05,-6.750342857100004e-05,8.235908570995275e-05,1
82,1774313857301,6.289474286000005e-05,-6.750342857100004e-05,8.235908570995275e-05,1
83,1774313857304,6.289474286000005e-05,-6.750342857100004e-05,8.235908570995275e-05,1
84,1774313857307,0.00012919474286000009,3.779657142899997e-05,4.359085709930259e-06,1
85,1774313857310,0.00012919474286000009,3.779657142899997e-05,4.359085709930259e-06,1
86,1774313857312,0.00012919474286000009,3.779657142899997e-05,4.359085709930259e-06,1
87,1774313857315,-0.00013210525713999895,6.899657142899997e-05,0.0001642590857100319,1
88,1774313857318,-0.00013210525713999895,6.899657142899997e-05,0.0001642590857100319,1
89,1774313857320,-0.00013210525713999895,6.899657142899997e-05,0.0001642590857100319,1
90,1774313857323,-8.140525713999994e-05,5.339657142899997e-05,0.00012915908570996625,1
91,1774313857326,-8.140525713999994e-05,5.339657142899997e-05,0.00012915908570996625,1
92,1774313857328,-8.140525713999994e-05,5.339657142899997e-05,0.00012915908570996625,1
93,1774313857331,-0.00014770525713999998,8.069657142899999e-05,0.0002500590857099456,1
94,1774313857334,-0.00014770525713999998,8.069657142899999e-05,0.0002500590857099456,1
95,1774313857337,-0.00014770525713999998,8.069657142899999e-05,0.0002500590857099456,1
96,1774313857339,-0.00017500525713999918,0.00019769657142899996,0.0002188590857099366,1
97,1774313857342,-0.00017500525713999918,0.00019769657142899996,0.0002188590857099366,1
98,1774313857345,-0.00017500525713999918,0.00019769657142899996,0.0002188590857099366,1
99,1774313857348,-5.4105257139999e-05,0.00019379657142900002,0.0001642590857100319,1
100,1774313857350,-5.4105257139999e-05,0.00019379657142900002,0.0001642590857100319,1
101,1774313857353,-5.4105257139999e-05,0.00019379657142900002,0.0001642590857100319,1
102,1774313857356,-0.00010090525713999862,7.6796571429e-05,0.00017985908571003639,1
103,1774313857359,-0.00010090525713999862,7.6796571429e-05,0.00017985908571003639,1
104,1774313857362,-0.00010090525713999862,7.6796571429e-05,0.00017985908571003639,1
105,1774313857364,-9.310525713999984e-05,0.00013529657142899996,0.0002929590857100135,1
106,1774313857367,-9.310525713999984e-05,0.00013529657142899996,0.0002929590857100135,1
107,1774313857370,-9.310525713999984e-05,6.596571428999973e-06,0.000214959085709991,1
108,1774313857373,0.00011749474286000018,6.596571428999973e-06,0.000214959085709991,1
109,1774313857375,0.00011749474286000018,6.596571428999973e-06,0.000214959085709991,1
110,1774313857378,4.729474286000075e-05,-2.8503428571000013e-05,0.000214959085709991,1
111,1774313857381,4.729474286000075e-05,-2.8503428571000013e-05,0.000214959085709991,1
112,1774313857384,4.729474286000075e-05,-2.8503428571000013e-05,0.000214959085709991,1
113,1774313857387,-0.00012430525714000017,3.3896571428999986e-05,0.00026955908571000674,1
114,1774313857390,-0.00012430525714000017,3.3896571428999986e-05,0.00026955908571000674,1
115,1774313857392,-0.00012430525714000017,3.3896571428999986e-05,0.00026955908571000674,1
116,1774313857395,-0.00014770525713999998,0.000107996571429,0.00038655908570992947,1
117,1774313857398,-0.00014770525713999998,0.000107996571429,0.00038655908570992947,1
118,1774313857401,-0.00014770525713999998,0.000107996571429,0.00038655908570992947,1
119,1774313857403,-0.00016720525713999866,0.00016649657142899996,0.00025395908571000225,1
120,1774313857406,-0.00016720525713999866,0.00016649657142899996,0.00025395908571000225,1
121,1774313857409,-0.00016720525713999866,0.00016649657142899996,0.00025395908571000225,1
122,1774313857412,-0.00011260525714000026,0.00020939657142899997,0.0001681590857099775,1
123,1774313857414,-0.00011260525714000026,0.00020939657142899997,0.0001681590857099775,1
124,1774313857417,-0.00011260525714000026,0.00020939657142899997,0.0001681590857099775,1
0,1774313857461,-0.00015550525713999876,1.049657142899996e-05,0.00028515908571001124,1
1,1774313857464,-0.00015550525713999876,1.049657142899996e-05,0.00028515908571001124,1
2,1774313857527,-5.4105257139999e-05,-2.4603428571000026e-05,0.00025785908570994786,1
3,1774313857530,4.729474286000075e-05,0.000170396571429,0.00023835908570999775,1
4,1774313857533,4.729474286000075e-05,0.000170396571429,0.00023835908570999775,1
5,1774313857535,4.729474286000075e-05,0.000170396571429,0.00023835908570999775,1
6,1774313857538,-8.530525713999933e-05,7.289657142899996e-05,0.000152559085709973,1
7,1774313857541,-8.530525713999933e-05,7.289657142899996e-05,0.000152559085709973,1
8,1774313857544,-8.530525713999933e-05,7.289657142899996e-05,0.000152559085709973,1
9,1774313857546,-5.800525714000013e-05,0.00017819657142899997,0.0003553590857100315,1
10,1774313857549,-5.800525714000013e-05,0.00017819657142899997,0.0003553590857100315,1
11,1774313857552,-5.800525714000013e-05,0.00017819657142899997,0.0003553590857100315,1
12,1774313857555,-5.800525714000013e-05,0.00014309657142899993,0.0003280590857099681,1
13,1774313857557,-5.800525714000013e-05,0.00014309657142899993,0.0003280590857099681,1
14,1774313857560,-5.800525714000013e-05,0.00014309657142899993,0.0003280590857099681,1
15,1774313857563,-0.00016330525713999927,7.6796571429e-05,8.625908571000939e-05,1
16,1774313857566,-0.00016330525713999927,7.6796571429e-05,8.625908571000939e-05,1
17,1774313857568,-0.00016330525713999927,7.6796571429e-05,8.625908571000939e-05,1
18,1774313857571,-3.850525713999971e-05,0.000170396571429,0.00014085908571002514,1
19,1774313857574,-3.850525713999971e-05,0.000170396571429,0.00014085908571002514,1
20,1774313857577,-3.850525713999971e-05,0.000170396571429,0.00014085908571002514,1
21,1774313857580,3.169474285999972e-05,0.00013139657142899997,0.0003904590857099861,1
22,1774313857582,3.169474285999972e-05,0.00013139657142899997,0.0003904590857099861,1
23,1774313857585,3.169474285999972e-05,0.00013139657142899997,0.0002929590857100135,1
24,1774313857588,-6.970525714000003e-05,7.6796571429e-05,0.0002929590857100135,1
25,1774313857591,-6.970525714000003e-05,7.6796571429e-05,0.0002929590857100135,1
26,1774313857593,-0.00016330525713999927,0.00013139657142899997,9.795908570995725e-05,1
27,1774313857596,-0.00016330525713999927,0.00013139657142899997,9.795908570995725e-05,1
28,1774313857599,-0.00016330525713999927,0.00013139657142899997,9.795908570995725e-05,1
29,1774313857602,-0.00010480525713999975,-0.00011040342857100002,0.00031635908571002024,1
30,1774313857604,-0.00010480525713999975,-0.00011040342857100002,0.00031635908571002024,1
31,1774313857607,-0.00010480525713999975,-0.00011040342857100002,0.00031635908571002024,1
32,1774313857610,-9.700525713999923e-05,-9.480342857100005e-05,0.00011355908570996175,1
33,1774313857612,-9.700525713999923e-05,-9.480342857100005e-05,0.00011355908570996175,1
34,1774313857615,-9.700525713999923e-05,-9.480342857100005e-05,0.00011355908570996175,1
35,1774313857618,2.7794742860000332e-05,-6.750342857100004e-05,5.505908571000039e-05,1
36,1774313857621,2.7794742860000332e-05,-6.750342857100004e-05,5.505908571000039e-05,1
37,1774313857623,2.7794742860000332e-05,-6.750342857100004e-05,5.505908571000039e-05,1
38,1774313857626,5.119474286000014e-05,6.899657142899997e-05,0.00011355908570996175,1
39,1774313857629,5.119474286000014e-05,6.899657142899997e-05,0.00011355908570996175,1
40,1774313857632,5.119474286000014e-05,6.899657142899997e-05,0.00011355908570996175,1
41,1774313857634,1.6094742860000427e-05,0.00010409657142899996,0.00014475908570997075,1
42,1774313857637,1.6094742860000427e-05,0.00010409657142899996,0.00014475908570997075,1
43,1774313857640,1.6094742860000427e-05,0.00010409657142899996,0.00014475908570997075,1
44,1774313857643,1.6094742860000427e-05,0.00010409657142899996,0.00027345908570995236,1
45,1774313857646,1.6094742860000427e-05,0.00010409657142899996,0.00027345908570995236,1
46,1774313857649,1.6094742860000427e-05,0.00011969657142899996,0.00024615908571,1
47,1774313857652,-0.00018670525713999908,0.00011969657142899996,0.00024615908571,1
48,1774313857655,-0.00018670525713999908,0.00011969657142899996,0.00024615908571,1
49,1774313857657,-8.920525713999872e-05,-2.070342857100004e-05,-1.5140914290019854e-05,1
50,1774313857660,-8.920525713999872e-05,-2.070342857100004e-05,-1.5140914290019854e-05,1
51,1774313857663,-8.920525713999872e-05,-2.070342857100004e-05,-1.5140914290019854e-05,1
52,1774313857666,-0.00013990525713999946,0.00015869657142899998,4.725908570999814e-05,1
53,1774313857668,-0.00013990525713999946,0.00015869657142899998,4.725908570999814e-05,1
54,1774313857671,-0.00013990525713999946,0.00015869657142899998,4.725908570999814e-05,1
55,1774313857674,-0.00015160525713999937,-1.203428571000054e-06,5.505908571000039e-05,1
56,1774313857677,-0.00015160525713999937,-1.203428571000054e-06,5.505908571000039e-05,1
57,1774313857680,-0.00015160525713999937,-1.203428571000054e-06,5.505908571000039e-05,1
58,1774313857682,1.2194742860001037e-05,0.000107996571429,0.0002344590857099411,1
59,1774313857685,1.2194742860001037e-05,0.000107996571429,0.0002344590857099411,1
60,1774313857688,1.2194742860001037e-05,0.000107996571429,0.0002344590857099411,1
61,1774313857690,-8.920525713999872e-05,1.4396571429e-05,0.0001681590857099775,1
62,1774313857693,-8.920525713999872e-05,1.4396571429e-05,0.0001681590857099775,1
63,1774313857696,-8.920525713999872e-05,1.4396571429e-05,0.0001681590857099775,1
64,1774313857699,-0.0001828052571399997,-5.190342857100004e-05,3.1659085709993644e-05,1
65,1774313857701,-0.0001828052571399997,-5.190342857100004e-05,3.1659085709993644e-05,1
66,1774313857704,-0.0001828052571399997,-5.190342857100004e-05,3.1659085709993644e-05,1
67,1774313857707,-5.4105257139999e-05,1.8296571428999986e-05,0.00039825908570998835,1
68,1774313857709,-5.4105257139999e-05,1.8296571428999986e-05,0.00039825908570998835,1
69,1774313857712,-5.4105257139999e-05,1.8296571428999986e-05,0.00039825908570998835,1
70,1774313857715,3.949474286000024e-05,4.9496571428999986e-05,0.0001486590857100274,1
71,1774313857718,3.949474286000024e-05,4.9496571428999986e-05,0.0001486590857100274,1
72,1774313857720,3.949474286000024e-05,4.9496571428999986e-05,-0.0001321409142900536,1
73,1774313857723,-1.5105257139999897e-05,-0.00010260342857100003,-0.0001321409142900536,1
74,1774313857726,-1.5105257139999897e-05,-0.00010260342857100003,-0.0001321409142900536,1
75,1774313857729,-1.5105257139999897e-05,-9.090342857100001e-05,0.0002188590857099366,1
76,1774313857732,-3.4052571399999926e-06,-9.090342857100001e-05,0.0002188590857099366,1
77,1774313857735,-3.4052571399999926e-06,-9.090342857100001e-05,0.0002188590857099366,1
78,1774313857738,-0.00015940525713999988,0.000201596571429,0.00012915908570996625,1
79,1774313857740,-0.00015940525713999988,0.000201596571429,0.00012915908570996625,1
80,1774313857743,-0.00015940525713999988,0.000201596571429,0.00012915908570996625,1
81,1774313857746,-0.00011260525714000026,1.049657142899996e-05,0.00033585908570997035,1
82,1774313857749,-0.00011260525714000026,1.049657142899996e-05,0.00033585908570997035,1
83,1774313857751,-0.00011260525714000026,1.049657142899996e-05,0.00033585908570997035,1
84,1774313857754,-8.140525713999994e-05,4.9496571428999986e-05,0.0001330590857100229,1
85,1774313857760,-8.140525713999994e-05,4.9496571428999986e-05,0.0001330590857100229,1
86,1774313857763,2.3894742860000942e-05,0.00011189657142899998,-2.6840914289967717e-05,1
87,1774313857766,2.3894742860000942e-05,0.00011189657142899998,-2.6840914289967717e-05,1
88,1774313857768,2.3894742860000942e-05,0.00011189657142899998,0.00022665908570993886,1
89,1774313857771,4.394742860000522e-06,4.9496571428999986e-05,0.00022665908570993886,1
90,1774313857774,4.394742860000522e-06,4.9496571428999986e-05,0.00022665908570993886,1
91,1774313857776,4.394742860000522e-06,9.629657142899998e-05,0.0005737590857099835,1
92,1774313857779,-8.140525713999994e-05,9.629657142899998e-05,0.0005737590857099835,1
93,1774313857782,-8.140525713999994e-05,9.629657142899998e-05,0.0005737590857099835,1
94,1774313857785,1.6094742860000427e-05,3.3896571428999986e-05,0.00023835908570999775,1
95,1774313857788,1.6094742860000427e-05,3.3896571428999986e-05,0.00023835908570999775,1
96,1774313857791,1.6094742860000427e-05,3.3896571428999986e-05,0.00023835908570999775,1
97,1774313857793,-0.00010870525713999914,-0.000122103428571,0.0002617590857100045,1
98,1774313857796,-0.00010870525713999914,-0.000122103428571,0.0002617590857100045,1
99,1774313857799,-0.00010870525713999914,-0.000122103428571,0.0002617590857100045,1
100,1774313857802,-5.4105257139999e-05,-8.310342857100004e-05,0.00017595908570997975,1
101,1774313857805,-5.4105257139999e-05,-8.310342857100004e-05,0.00017595908570997975,1
102,1774313857807,-5.4105257139999e-05,-8.310342857100004e-05,0.00017595908570997975,1
103,1774313857810,-0.00015160525713999937,-0.00013380342857100002,0.0003748590857099816,1
104,1774313857813,-0.00015160525713999937,-0.00013380342857100002,0.0003748590857099816,1
105,1774313857816,-0.00015160525713999937,-0.00013380342857100002,0.0003748590857099816,1
106,1774313857818,-0.00021400525714000002,-6.360342857100005e-05,0.0001486590857100274,1
107,1774313857821,-0.00021400525714000002,-6.360342857100005e-05,0.0001486590857100274,1
108,1774313857824,-0.00021400525714000002,-2.8503428571000013e-05,0.0002929590857100135,1
109,1774313857827,0.0001759947428599997,-2.8503428571000013e-05,0.0002929590857100135,1
110,1774313857830,0.0001759947428599997,-2.8503428571000013e-05,0.0002929590857100135,1
111,1774313857833,-0.00010480525713999975,-2.8503428571000013e-05,7.845908571000714e-05,1
112,1774313857836,-0.00010480525713999975,-2.8503428571000013e-05,7.845908571000714e-05,1
113,1774313857838,-0.00010480525713999975,-2.8503428571000013e-05,7.845908571000714e-05,1
114,1774313857841,-0.00012820525713999956,0.00010409657142899996,0.0003124590857099636,1
115,1774313857844,-0.00012820525713999956,0.00010409657142899996,0.0003124590857099636,1
116,1774313857847,-0.00012820525713999956,0.00010409657142899996,0.0003124590857099636,1
117,1774313857849,-1.5105257139999897e-05,0.00019379657142900002,0.00012525908571002064,1
118,1774313857852,-1.5105257139999897e-05,0.00019379657142900002,0.00012525908571002064,1
119,1774313857855,-1.5105257139999897e-05,0.00019379657142900002,0.00012525908571002064,1
120,1774313857858,-3.070525713999919e-05,0.000182096571429,7.845908571000714e-05,1
121,1774313857861,-3.070525713999919e-05,0.000182096571429,7.845908571000714e-05,1
122,1774313857863,-3.070525713999919e-05,0.000182096571429,7.845908571000714e-05,1
123,1774313857866,3.559474286000085e-05,-2.8503428571000013e-05,0.000121359085709964,1
124,1774313857869,3.559474286000085e-05,-2.8503428571000013e-05,0.000121359085709964,1
0,1774313857960,5.509474286000127e-05,0.00019769657142899996,0.0001486590857100274,1
1,1774313857980,-0.00011260525714000026,-5.190342857100004e-05,0.00038265908570998385,1
2,1774313857983,-0.00011260525714000026,-5.190342857100004e-05,0.00038265908570998385,1
3,1774313857985,3.949474286000024e-05,5.339657142899997e-05,0.00025395908571000225,1
4,1774313857988,3.949474286000024e-05,5.339657142899997e-05,0.00025395908571000225,1
5,1774313857991,3.949474286000024e-05,5.339657142899997e-05,0.00025395908571000225,1
6,1774313857993,-0.00010090525713999862,0.00017429657142899993,0.00017595908570997975,1
7,1774313857996,-0.00010090525713999862,0.00017429657142899993,0.00017595908570997975,1
8,1774313857999,-0.00010090525713999862,0.00017429657142899993,0.00017595908570997975,1
9,1774313858002,-1.9005257139999288e-05,7.6796571429e-05,0.00047625908571001085,1
10,1774313858005,-1.9005257139999288e-05,7.6796571429e-05,0.00047625908571001085,1
11,1774313858008,-1.9005257139999288e-05,0.00015479657142899994,0.0002188590857099366,1
12,1774313858010,7.459474285999995e-05,0.00015479657142899994,0.0002188590857099366,1
13,1774313858013,7.459474285999995e-05,0.00015479657142899994,0.0002188590857099366,1
14,1774313858016,-5.800525714000013e-05,0.00014699657142899997,-1.5140914290019854e-05,1
15,1774313858019,-5.800525714000013e-05,0.00014699657142899997,-1.5140914290019854e-05,1
16,1774313858021,-5.800525714000013e-05,0.00014699657142899997,-1.5140914290019854e-05,1
17,1774313858024,-0.00015160525713999937,1.049657142899996e-05,0.00025785908570994786,1
18,1774313858027,-0.00015160525713999937,1.049657142899996e-05,0.00025785908570994786,1
19,1774313858029,-0.00015160525713999937,1.049657142899996e-05,0.00025785908570994786,1
20,1774313858032,-0.00015550525713999876,1.4396571429e-05,0.00030075908571001574,1
21,1774313858035,-0.00015550525713999876,1.4396571429e-05,0.00030075908571001574,1
22,1774313858037,-0.00015550525713999876,1.4396571429e-05,0.00030075908571001574,1
23,1774313858040,-0.00015940525713999988,-6.750342857100004e-05,8.235908570995275e-05,1
24,1774313858043,-0.00015940525713999988,-6.750342857100004e-05,8.235908570995275e-05,1
25,1774313858046,-0.00015940525713999988,-6.750342857100004e-05,8.235908570995275e-05,1
26,1774313858048,-0.0002179052571399994,-0.000137703428571,0.00044505908571000185,1
27,1774313858051,-0.0002179052571399994,-0.000137703428571,0.00044505908571000185,1
28,1774313858054,-0.0002179052571399994,-0.000137703428571,0.00044505908571000185,1
29,1774313858056,-0.0002179052571399994,5.729657142899996e-05,0.00028515908571001124,1
30,1774313858059,-0.0002179052571399994,5.729657142899996e-05,0.00028515908571001124,1
31,1774313858062,-0.0002179052571399994,5.729657142899996e-05,0.00028515908571001124,1
32,1774313858064,9.019474286000098e-05,0.00010019657142899997,0.00033195908571002474,1
33,1774313858067,9.019474286000098e-05,0.00010019657142899997,0.00033195908571002474,1
34,1774313858070,9.019474286000098e-05,0.00010019657142899997,0.00033195908571002474,1
35,1774313858072,-3.070525713999919e-05,0.00019769657142899996,0.00024615908571,1
36,1774313858075,-3.070525713999919e-05,0.00019769657142899996,0.00024615908571,1
37,1774313858078,-3.070525713999919e-05,0.00019769657142899996,0.00024615908571,1
38,1774313858081,-8.530525713999933e-05,0.00010409657142899996,0.0002500590857099456,1
39,1774313858083,-8.530525713999933e-05,0.00010409657142899996,0.0002500590857099456,1
40,1774313858086,-8.530525713999933e-05,0.00010409657142899996,0.0002500590857099456,1
41,1774313858089,8.239474286000047e-05,2.609657142899996e-05,3.945908570999589e-05,1
42,1774313858092,8.239474286000047e-05,2.609657142899996e-05,3.945908570999589e-05,1
43,1774313858095,8.239474286000047e-05,2.609657142899996e-05,3.945908570999589e-05,1
44,1774313858098,-6.190525713999952e-05,-4.0203428571000026e-05,0.00014085908571002514,1
45,1774313858101,-6.190525713999952e-05,-4.0203428571000026e-05,0.00014085908571002514,1
46,1774313858104,-0.00015940525713999988,-0.000122103428571,0.00017595908570997975,1
47,1774313858106,-0.00015940525713999988,-0.000122103428571,0.00017595908570997975,1
48,1774313858109,-0.00015940525713999988,-0.000122103428571,0.00017595908570997975,1
49,1774313858112,-0.00016330525713999927,-4.410342857100001e-05,1.2159085709932509e-05,1
50,1774313858115,-0.00016330525713999927,-4.410342857100001e-05,1.2159085709932509e-05,1
51,1774313858117,-0.00016330525713999927,-4.410342857100001e-05,1.2159085709932509e-05,1
52,1774313858120,-0.0001789052571400003,0.00010019657142899997,0.0005776590857099291,1
53,1774313858123,-0.0001789052571400003,0.00010019657142899997,0.0005776590857099291,1
54,1774313858125,-0.0001789052571400003,0.00010019657142899997,0.0005776590857099291,1
55,1774313858128,-1.9005257139999288e-05,0.00014309657142899993,-7.364091428998121e-05,1
56,1774313858131,-1.9005257139999288e-05,0.00014309657142899993,-7.364091428998121e-05,1
57,1774313858134,-1.9005257139999288e-05,0.00014309657142899993,-7.364091428998121e-05,1
58,1774313858137,-0.00030370525713999987,0.00011189657142899998,0.0005152590857100221,1
59,1774313858139,-0.00030370525713999987,0.00011189657142899998,0.0005152590857100221,1
60,1774313858142,-0.00030370525713999987,0.00011189657142899998,0.0005152590857100221,1
61,1774313858145,-0.00012040525713999904,-0.00010260342857100003,0.00030465908570996136,1
62,1774313858148,-0.00012040525713999904,-0.00010260342857100003,0.00030465908570996136,1
63,1774313858151,-0.00012040525713999904,-0.00010260342857100003,0.00030465908570996136,1
64,1774313858153,3.169474285999972e-05,4.169657142899996e-05,0.00014085908571002514,1
65,1774313858156,3.169474285999972e-05,4.169657142899996e-05,0.00014085908571002514,1
66,1774313858159,3.169474285999972e-05,4.169657142899996e-05,0.00014085908571002514,1
67,1774313858161,9.019474286000098e-05,-4.0203428571000026e-05,0.00020715908570998875,1
68,1774313858164,9.019474286000098e-05,-4.0203428571000026e-05,0.00020715908570998875,1
69,1774313858167,9.019474286000098e-05,-4.0203428571000026e-05,0.00020715908570998875,1
70,1774313858169,8.629474285999986e-05,-1.6803428571e-05,0.00024615908571,1
71,1774313858172,8.629474285999986e-05,-1.6803428571e-05,0.00024615908571,1
72,1774313858175,8.629474285999986e-05,-1.6803428571e-05,0.0001642590857100319,1
73,1774313858177,-5.020525713999961e-05,6.596571428999973e-06,0.0001642590857100319,1
74,1774313858181,-5.020525713999961e-05,6.596571428999973e-06,0.0001642590857100319,1
75,1774313858184,3.559474286000085e-05,8.459657142899997e-05,5.8959085709946006e-05,1
76,1774313858186,3.559474286000085e-05,8.459657142899997e-05,5.8959085709946006e-05,1
77,1774313858189,3.559474286000085e-05,8.459657142899997e-05,5.8959085709946006e-05,1
78,1774313858192,-1.1205257139998773e-05,4.5596571429e-05,-0.00028424091429004195,1
79,1774313858195,-1.1205257139998773e-05,4.5596571429e-05,-0.00028424091429004195,1
80,1774313858198,-1.1205257139998773e-05,4.5596571429e-05,-0.00028424091429004195,1
81,1774313858200,-0.00013600525714000007,8.069657142899999e-05,0.00017205908571003414,1
82,1774313858203,-0.00013600525714000007,8.069657142899999e-05,0.00017205908571003414,1
83,1774313858206,-0.00013600525714000007,8.069657142899999e-05,0.00017205908571003414,1
84,1774313858209,-4.24052571399991e-05,-5.10342857100004e-06,0.00028515908571001124,1
85,1774313858211,-4.24052571399991e-05,-5.10342857100004e-06,0.00028515908571001124,1
86,1774313858214,-4.24052571399991e-05,-5.10342857100004e-06,0.00028515908571001124,1
87,1774313858217,-1.1205257139998773e-05,8.069657142899999e-05,0.00026955908571000674,1
88,1774313858220,-1.1205257139998773e-05,8.069657142899999e-05,0.00026955908571000674,1
89,1774313858222,-1.1205257139998773e-05,8.069657142899999e-05,0.00026955908571000674,1
90,1774313858225,1.2194742860001037e-05,2.2196571428999973e-05,0.0003553590857100315,1
91,1774313858228,1.2194742860001037e-05,2.2196571428999973e-05,0.0003553590857100315,1
92,1774313858231,1.2194742860001037e-05,2.2196571428999973e-05,0.0004918590857100153,1
93,1774313858233,-0.00013990525713999946,2.609657142899996e-05,0.0004918590857100153,1
94,1774313858236,-0.00013990525713999946,2.609657142899996e-05,0.0004918590857100153,1
95,1774313858239,-0.00013990525713999946,0.00011189657142899998,0.00026955908571000674,1
96,1774313858242,-0.0002452052571399986,0.00011189657142899998,0.00026955908571000674,1
97,1774313858244,-0.0002452052571399986,0.00011189657142899998,0.00026955908571000674,1
98,1774313858247,-0.0001828052571399997,7.6796571429e-05,2.3859085709991394e-05,1
99,1774313858250,-0.0001828052571399997,7.6796571429e-05,2.3859085709991394e-05,1
100,1774313858253,-0.0001828052571399997,7.6796571429e-05,2.3859085709991394e-05,1
101,1774313858256,5.509474286000127e-05,-5.10342857100004e-06,0.0001642590857100319,1
102,1774313858258,5.509474286000127e-05,-5.10342857100004e-06,0.0001642590857100319,1
103,1774313858261,5.509474286000127e-05,-5.10342857100004e-06,0.0001642590857100319,1
104,1774313858264,6.679474286000117e-05,6.899657142899997e-05,0.00016035908570997525,1
105,1774313858267,6.679474286000117e-05,6.899657142899997e-05,0.00016035908570997525,1
106,1774313858269,6.679474286000117e-05,6.899657142899997e-05,0.00016035908570997525,1
107,1774313858272,-6.190525713999952e-05,0.00017429657142899993,-0.00015944091429000596,1
108,1774313858275,-6.190525713999952e-05,0.00017429657142899993,-0.00015944091429000596,1
109,1774313858278,-6.190525713999952e-05,0.00017429657142899993,-0.00015944091429000596,1
110,1774313858281,-0.00011650525713999965,5.729657142899996e-05,0.000339759085710027,1
111,1774313858283,-0.00011650525713999965,5.729657142899996e-05,0.000339759085710027,1
112,1774313858286,-0.00011650525713999965,5.729657142899996e-05,0.000339759085710027,1
113,1774313858289,-0.0001828052571399997,-1.203428571000054e-06,0.0002188590857099366,1
114,1774313858291,-0.0001828052571399997,-1.203428571000054e-06,0.0002188590857099366,1
115,1774313858294,-0.0001828052571399997,-1.203428571000054e-06,0.0002188590857099366,1
116,1774313858297,-0.00012430525714000017,0.00029129657142899995,0.00041385908570999285,1
117,1774313858300,-0.00012430525714000017,0.00029129657142899995,0.00041385908570999285,1
118,1774313858302,-0.00012430525714000017,0.00029129657142899995,0.00041385908570999285,1
119,1774313858305,-0.0001828052571399997,-0.00011040342857100002,0.0005620590857100356,1
120,1774313858308,-0.0001828052571399997,-0.00011040342857100002,0.0005620590857100356,1
121,1774313858310,-0.0001828052571399997,-0.00011040342857100002,-6.194091429003335e-05,1
122,1774313858313,7.069474286000056e-05,-9.003428571000027e-06,-6.194091429003335e-05,1
123,1774313858316,7.069474286000056e-05,-9.003428571000027e-06,-6.194091429003335e-05,1
124,1774313858318,7.069474286000056e-05,-9.003428571000027e-06,3.945908570999589e-05,1
0,1774313858360,4.947428600011322e-07,0.00013139657142899997,0.0004528590857100041,1
1,1774313858363,7.069474286000056e-05,3.779657142899997e-05,-0.0002296409142900262,1
2,1774313858392,7.069474286000056e-05,3.779657142899997e-05,-0.0002296409142900262,1
3,1774313858431,-4.630525714000022e-05,0.00024059657142899997,0.0007648590857099831,1
4,1774313858435,-2.6805257139999802e-05,0.000232796571429,-0.00014384091429000146,1
5,1774313858438,-2.6805257139999802e-05,0.000232796571429,-0.00014384091429000146,1
6,1774313858440,1.2194742860001037e-05,0.00011579657142899997,0.0002929590857100135,1
7,1774313858443,1.2194742860001037e-05,0.00011579657142899997,0.0002929590857100135,1
8,1774313858446,1.2194742860001037e-05,0.00011579657142899997,-0.00028814091428998757,1
9,1774313858448,-0.0002023052571400001,-0.000215703428571,-0.00028814091428998757,1
10,1774313858451,-0.0002023052571400001,-0.000215703428571,-0.00028814091428998757,1
11,1774313858454,-0.0002023052571400001,4.5596571429e-05,0.00021105908570993436,1
12,1774313858457,-3.070525713999919e-05,4.5596571429e-05,0.00021105908570993436,1
13,1774313858460,-3.070525713999919e-05,4.5596571429e-05,0.00021105908570993436,1
14,1774313858463,-7.305257139999383e-06,0.00021719657142899994,0.00038265908570998385,1
15,1774313858465,-7.305257139999383e-06,0.00021719657142899994,0.00038265908570998385,1
16,1774313858468,-7.305257139999383e-06,0.00021719657142899994,0.00038265908570998385,1
17,1774313858471,-0.00016720525713999866,-0.00019230342857100004,0.00019155908570998425,1
18,1774313858474,-0.00016720525713999866,-0.00019230342857100004,0.00019155908570998425,1
19,1774313858476,-0.00016720525713999866,-0.00019230342857100004,0.00019155908570998425,1
20,1774313858479,3.169474285999972e-05,7.6796571429e-05,0.0003943590857099317,1
21,1774313858482,3.169474285999972e-05,7.6796571429e-05,0.0003943590857099317,1
22,1774313858484,3.169474285999972e-05,7.6796571429e-05,0.0003943590857099317,1
23,1774313858487,4.394742860000522e-06,0.00016259657142899992,0.0008272590857100011,1
24,1774313858490,4.394742860000522e-06,0.00016259657142899992,0.0008272590857100011,1
25,1774313858493,4.394742860000522e-06,0.00016259657142899992,0.0008272590857100011,1
26,1774313858496,-0.00012040525713999904,-0.00014940342857100002,-7.754091429003785e-05,1
27,1774313858498,-0.00012040525713999904,-0.00014940342857100002,-7.754091429003785e-05,1
28,1774313858501,-0.00012040525713999904,-0.00014940342857100002,-7.754091429003785e-05,1
29,1774313858504,-0.00013990525713999946,3.3896571428999986e-05,-0.00031544091429005095,1
30,1774313858507,-0.00013990525713999946,3.3896571428999986e-05,-0.00031544091429005095,1
31,1774313858509,-0.00013990525713999946,3.3896571428999986e-05,-0.00031544091429005095,1
32,1774313858512,-4.24052571399991e-05,2.2196571428999973e-05,0.0007063590857100217,1
33,1774313858515,-4.24052571399991e-05,2.2196571428999973e-05,0.0007063590857100217,1
34,1774313858518,-4.24052571399991e-05,2.2196571428999973e-05,0.00010965908571001614,1
35,1774313858520,-3.460525713999858e-05,-7.140342857100003e-05,0.00010965908571001614,1
36,1774313858523,-3.460525713999858e-05,-7.140342857100003e-05,0.00010965908571001614,1
37,1774313858526,-3.460525713999858e-05,-7.140342857100003e-05,-2.6840914289967717e-05,1
38,1774313858528,0.0001330947428600012,6.119657142899994e-05,-2.6840914289967717e-05,1
39,1774313858531,0.0001330947428600012,6.119657142899994e-05,-2.6840914289967717e-05,1
40,1774313858534,0.0001330947428600012,0.00016259657142899992,0.00022275908570999325,1
41,1774313858537,-0.00010870525713999914,0.00016259657142899992,0.00022275908570999325,1
42,1774313858539,-0.00010870525713999914,0.00016259657142899992,0.00022275908570999325,1
43,1774313858542,-0.00010870525713999914,-0.00036390342857100003,0.00025785908570994786,1
44,1774313858545,-0.0001906052571400002,-0.00036390342857100003,0.00025785908570994786,1
45,1774313858548,-0.0001906052571400002,-0.00036390342857100003,0.00025785908570994786,1
46,1774313858551,2.3894742860000942e-05,-9.090342857100001e-05,-0.00028814091428998757,1
47,1774313858554,2.3894742860000942e-05,-9.090342857100001e-05,-0.00028814091428998757,1
48,1774313858557,2.3894742860000942e-05,-9.090342857100001e-05,-0.00028814091428998757,1
49,1774313858560,-0.00017500525713999918,-0.000122103428571,0.00022275908570999325,1
50,1774313858563,-0.00017500525713999918,-0.000122103428571,0.00022275908570999325,1
51,1774313858565,-0.00017500525713999918,-0.000122103428571,0.0001876590857099276,1
52,1774313858568,-0.00012820525713999956,0.00011969657142899996,0.0001876590857099276,1
53,1774313858571,-0.00012820525713999956,0.00011969657142899996,0.0001876590857099276,1
54,1774313858574,-0.00012820525713999956,0.00022499657142899991,0.00039825908570998835,1
55,1774313858577,-7.360525713999942e-05,0.00022499657142899991,0.00039825908570998835,1
56,1774313858579,-7.360525713999942e-05,0.00022499657142899991,0.00039825908570998835,1
57,1774313858582,-0.00022570525713999992,-0.00024300342857100002,0.0002305590857099955,1
58,1774313858585,-0.00022570525713999992,-0.00024300342857100002,0.0002305590857099955,1
59,1774313858588,-0.00022570525713999992,-0.00024300342857100002,0.0002305590857099955,1
60,1774313858590,-0.0002023052571400001,4.5596571429e-05,-0.0002452409142900307,1
61,1774313858593,-0.0002023052571400001,4.5596571429e-05,-0.0002452409142900307,1
62,1774313858596,-0.0002023052571400001,4.5596571429e-05,-0.0002452409142900307,1
63,1774313858599,-9.700525713999923e-05,0.00013139657142899997,-2.2940914290022103e-05,1
64,1774313858602,-9.700525713999923e-05,0.00013139657142899997,-2.2940914290022103e-05,1
65,1774313858604,-9.700525713999923e-05,0.00013139657142899997,-2.2940914290022103e-05,1
66,1774313858607,-0.0002296052571399993,-0.00013380342857100002,0.0009871590857099917,1
67,1774313858610,-0.0002296052571399993,-0.00013380342857100002,0.0009871590857099917,1
68,1774313858613,-0.0002296052571399993,-0.00013380342857100002,0.0009871590857099917,1
69,1774313858616,6.289474286000005e-05,0.00011969657142899996,-0.00022184091429002396,1
70,1774313858618,6.289474286000005e-05,0.00011969657142899996,-0.00022184091429002396,1
71,1774313858621,6.289474286000005e-05,0.00011969657142899996,6.675908570994826e-05,1
72,1774313858624,-7.305257139999383e-06,0.00018989657142899998,6.675908570994826e-05,1
73,1774313858627,-7.305257139999383e-06,0.00018989657142899998,6.675908570994826e-05,1
74,1774313858629,-7.305257139999383e-06,-5.190342857100004e-05,0.0005035590857099632,1
75,1774313858632,-5.800525714000013e-05,-5.190342857100004e-05,0.0005035590857099632,1
76,1774313858635,-5.800525714000013e-05,-5.190342857100004e-05,0.0005035590857099632,1
77,1774313858638,-5.020525713999961e-05,-6.360342857100005e-05,-1.1240914289963218e-05,1
78,1774313858641,-5.020525713999961e-05,-6.360342857100005e-05,-1.1240914289963218e-05,1
79,1774313858643,-5.020525713999961e-05,-6.360342857100005e-05,-1.1240914289963218e-05,1
80,1774313858646,6.679474286000117e-05,0.00016259657142899992,0.000183759085709982,1
81,1774313858649,6.679474286000117e-05,0.00016259657142899992,0.000183759085709982,1
82,1774313858652,6.679474286000117e-05,0.00016259657142899992,0.000183759085709982,1
83,1774313858655,-3.460525713999858e-05,-0.00012990342857100004,0.00038265908570998385,1
84,1774313858657,-3.460525713999858e-05,-0.00012990342857100004,0.00038265908570998385,1
85,1774313858660,-3.460525713999858e-05,-0.00012990342857100004,0.00038265908570998385,1
86,1774313858663,1.2194742860001037e-05,0.00011969657142899996,0.00011745908571001839,1
87,1774313858666,1.2194742860001037e-05,0.00011969657142899996,0.00011745908571001839,1
88,1774313858668,1.2194742860001037e-05,0.00011969657142899996,0.00011745908571001839,1
89,1774313858671,-8.530525713999933e-05,-9.003428571000027e-06,0.0004255590857099407,1
90,1774313858674,-8.530525713999933e-05,-9.003428571000027e-06,0.0004255590857099407,1
91,1774313858677,-8.530525713999933e-05,-9.003428571000027e-06,0.0004255590857099407,1
92,1774313858679,-0.00016720525713999866,-0.00019620342857100002,0.00033195908571002474,1
93,1774313858682,-0.00016720525713999866,-0.00019620342857100002,0.00033195908571002474,1
94,1774313858685,-0.00016720525713999866,-0.00019620342857100002,-0.00012044091428999471,1
95,1774313858688,-0.00013210525713999895,4.169657142899996e-05,-0.00012044091428999471,1
96,1774313858690,-0.00013210525713999895,4.169657142899996e-05,-0.00012044091428999471,1
97,1774313858693,-0.00013210525713999895,0.000182096571429,0.00030075908571001574,1
98,1774313858696,-0.00010870525713999914,0.000182096571429,0.00030075908571001574,1
99,1774313858699,-0.00010870525713999914,0.000182096571429,0.00030075908571001574,1
100,1774313858702,-0.0003388052571399996,1.4396571429e-05,0.0007024590857099651,1
101,1774313858704,-0.0003388052571399996,1.4396571429e-05,0.0007024590857099651,1
102,1774313858707,-0.0003388052571399996,1.4396571429e-05,0.0007024590857099651,1
103,1774313858710,7.069474286000056e-05,-6.360342857100005e-05,-0.00020624091429001946,1
104,1774313858713,7.069474286000056e-05,-6.360342857100005e-05,-0.00020624091429001946,1
105,1774313858716,7.069474286000056e-05,-6.360342857100005e-05,-0.00020624091429001946,1
106,1774313858718,6.289474286000005e-05,0.000170396571429,8.259085709986895e-06,1
107,1774313858721,6.289474286000005e-05,0.000170396571429,8.259085709986895e-06,1
108,1774313858724,6.289474286000005e-05,0.000170396571429,8.259085709986895e-06,1
109,1774313858727,-0.0002023052571400001,-5.970342857100001e-05,0.0005620590857100356,1
110,1774313858730,-0.0002023052571400001,-5.970342857100001e-05,0.0005620590857100356,1
111,1774313858733,-0.0002023052571400001,-5.970342857100001e-05,0.0005620590857100356,1
112,1774313858735,-0.00013210525713999895,-9.480342857100005e-05,-0.0002140409142900217,1
113,1774313858738,-0.00013210525713999895,-9.480342857100005e-05,-0.0002140409142900217,1
114,1774313858741,-0.00013210525713999895,2.2196571428999973e-05,0.0002344590857099411,1
115,1774313858744,-3.070525713999919e-05,2.2196571428999973e-05,0.0002344590857099411,1
116,1774313858747,-3.070525713999919e-05,2.2196571428999973e-05,0.0002344590857099411,1
117,1774313858750,-1.9005257139999288e-05,7.289657142899996e-05,0.0004723590857099542,1
118,1774313858752,-1.9005257139999288e-05,7.289657142899996e-05,0.0004723590857099542,1
119,1774313858755,-1.9005257139999288e-05,7.289657142899996e-05,0.0004723590857099542,1
120,1774313858758,-0.00015940525713999988,4.169657142899996e-05,0.0001486590857100274,1
121,1774313858761,-0.00015940525713999988,4.169657142899996e-05,0.0001486590857100274,1
122,1774313858764,-0.00015940525713999988,4.169657142899996e-05,0.0001486590857100274,1
123,1774313858766,-0.00013210525713999895,4.9496571428999986e-05,0.00017985908571003639,1
124,1774313858770,-0.00013210525713999895,4.9496571428999986e-05,0.00017985908571003639,1
0,1774313858806,-3.850525713999971e-05,-0.000122103428571,0.00044895908570994746,1
1,1774313858817,1.2194742860001037e-05,0.0002873965714289999,4.5908570998464543e-07,1
2,1774313858820,1.2194742860001037e-05,0.0002873965714289999,4.5908570998464543e-07,1
3,1774313858879,-3.850525713999971e-05,4.169657142899996e-05,-3.4409142900719905e-06,1
4,1774313858912,-7.305257139999383e-06,0.000107996571429,4.335908570994151e-05,1
5,1774313858915,-7.305257139999383e-06,0.000107996571429,4.335908570994151e-05,1
6,1774313858918,-0.00015160525713999937,-0.00010260342857100003,0.0003436590857099726,1
7,1774313858920,-0.00015160525713999937,-0.00010260342857100003,0.0003436590857099726,1
8,1774313858923,-0.00015160525713999937,-0.00010260342857100003,0.0003436590857099726,1
9,1774313858926,-0.00011260525714000026,2.9996571428999945e-05,0.00012525908571002064,1
10,1774313858929,-0.00011260525714000026,2.9996571428999945e-05,0.00012525908571002064,1
11,1774313858932,-0.00011260525714000026,2.9996571428999945e-05,0.00012525908571002064,1
12,1774313858935,-5.4105257139999e-05,9.239657142899994e-05,0.0003787590857099272,1
13,1774313858937,-5.4105257139999e-05,9.239657142899994e-05,0.0003787590857099272,1
14,1774313858940,-5.4105257139999e-05,9.239657142899994e-05,0.00040215908570993397,1
15,1774313858943,-1.5105257139999897e-05,3.779657142899997e-05,0.00040215908570993397,1
16,1774313858946,-1.5105257139999897e-05,3.779657142899997e-05,0.00040215908570993397,1
17,1774313858948,-1.5105257139999897e-05,2.6965714289999866e-06,8.235908570995275e-05,1
18,1774313858951,4.947428600011322e-07,2.6965714289999866e-06,8.235908570995275e-05,1
19,1774313858954,4.947428600011322e-07,2.6965714289999866e-06,8.235908570995275e-05,1
20,1774313858957,-0.0002062052571399995,-0.000215703428571,0.0002617590857100045,1
21,1774313858959,-0.0002062052571399995,-0.000215703428571,0.0002617590857100045,1
22,1774313858962,-0.0002062052571399995,-0.000215703428571,0.0002617590857100045,1
23,1774313858965,-6.580525713999891e-05,-0.00023520342857100002,0.00022275908570999325,1
24,1774313858968,-6.580525713999891e-05,-0.00023520342857100002,0.00022275908570999325,1
25,1774313858971,-6.580525713999891e-05,-0.00023520342857100002,0.00022275908570999325,1
26,1774313858973,-8.140525713999994e-05,-2.8503428571000013e-05,0.000277359085710009,1
27,1774313858976,-8.140525713999994e-05,-2.8503428571000013e-05,0.000277359085710009,1
28,1774313858979,-8.140525713999994e-05,-2.8503428571000013e-05,0.000277359085710009,1
29,1774313858982,-9.700525713999923e-05,2.609657142899996e-05,0.0002617590857100045,1
30,1774313858984,-9.700525713999923e-05,2.609657142899996e-05,0.0002617590857100045,1
31,1774313858987,-9.700525713999923e-05,2.609657142899996e-05,0.0002617590857100045,1
32,1774313858990,-7.305257139999383e-06,-7.530342857100001e-05,0.00040215908570993397,1
33,1774313858993,-7.305257139999383e-06,-7.530342857100001e-05,0.00040215908570993397,1
34,1774313858996,-7.305257139999383e-06,-7.530342857100001e-05,0.00040215908570993397,1
35,1774313858998,0.00011749474286000018,0.00016649657142899996,0.00017985908571003639,1
36,1774313859001,0.00011749474286000018,0.00016649657142899996,0.00017985908571003639,1
37,1774313859004,0.00011749474286000018,0.00016649657142899996,4.335908570994151e-05,1
38,1774313859007,0.00015649474286000102,3.3896571428999986e-05,4.335908570994151e-05,1
39,1774313859010,0.00015649474286000102,3.3896571428999986e-05,4.335908570994151e-05,1
40,1774313859013,3.949474286000024e-05,-0.00014550342857100004,1.9959085709934758e-05,1
41,1774313859016,3.949474286000024e-05,-0.00014550342857100004,1.9959085709934758e-05,1
42,1774313859019,3.949474286000024e-05,-0.00014550342857100004,1.9959085709934758e-05,1
43,1774313859022,4.394742860000522e-06,0.00010019657142899997,-0.00025304091429003295,1
44,1774313859024,4.394742860000522e-06,0.00010019657142899997,-0.00025304091429003295,1
45,1774313859027,4.394742860000522e-06,0.00010019657142899997,-0.00025304091429003295,1
46,1774313859030,-0.00013600525714000007,0.00022889657142899996,0.000183759085709982,1
47,1774313859033,-0.00013600525714000007,0.00022889657142899996,0.000183759085709982,1
48,1774313859035,-0.00013600525714000007,0.00022889657142899996,0.000183759085709982,1
49,1774313859038,-4.24052571399991e-05,-3.2403428571000053e-05,0.00047625908571001085,1
50,1774313859041,-4.24052571399991e-05,-3.2403428571000053e-05,0.00047625908571001085,1
51,1774313859044,-4.24052571399991e-05,-3.2403428571000053e-05,8.625908571000939e-05,1
52,1774313859047,-0.0002179052571399994,0.000107996571429,8.625908571000939e-05,1
53,1774313859050,-0.0002179052571399994,0.000107996571429,8.625908571000939e-05,1
54,1774313859052,-0.00012040525713999904,2.2196571428999973e-05,8.259085709986895e-06,1
55,1774313859055,-0.00012040525713999904,2.2196571428999973e-05,8.259085709986895e-06,1
56,1774313859058,-0.00012040525713999904,2.2196571428999973e-05,8.259085709986895e-06,1
57,1774313859061,3.559474286000085e-05,-1.203428571000054e-06,0.000183759085709982,1
58,1774313859063,3.559474286000085e-05,-1.203428571000054e-06,0.000183759085709982,1
59,1774313859066,3.559474286000085e-05,-1.203428571000054e-06,0.000183759085709982,1
60,1774313859069,4.729474286000075e-05,-1.6803428571e-05,0.0005620590857100356,1
61,1774313859072,4.729474286000075e-05,-1.6803428571e-05,0.0005620590857100356,1
62,1774313859074,4.729474286000075e-05,-1.6803428571e-05,0.0005620590857100356,1
63,1774313859077,4.947428600011322e-07,0.00018989657142899998,0.00016035908570997525,1
64,1774313859080,4.947428600011322e-07,0.00018989657142899998,0.00016035908570997525,1
65,1774313859083,4.947428600011322e-07,0.00018989657142899998,0.00016035908570997525,1
66,1774313859085,-0.00013600525714000007,-1.203428571000054e-06,0.00041775908570993846,1
67,1774313859088,-0.00013600525714000007,-1.203428571000054e-06,0.00041775908570993846,1
68,1774313859091,-0.00013600525714000007,-1.203428571000054e-06,0.00041775908570993846,1
69,1774313859094,1.6094742860000427e-05,1.4396571429e-05,-7.340914290017604e-06,1
70,1774313859097,1.6094742860000427e-05,1.4396571429e-05,-7.340914290017604e-06,1
71,1774313859099,1.6094742860000427e-05,1.4396571429e-05,-7.340914290017604e-06,1
72,1774313859102,4.947428600011322e-07,0.00027959657142899994,9.405908571001164e-05,1
73,1774313859105,4.947428600011322e-07,0.00027959657142899994,9.405908571001164e-05,1
74,1774313859108,4.947428600011322e-07,0.00011579657142899997,0.0004723590857099542,1
75,1774313859111,2.3894742860000942e-05,0.00011579657142899997,0.0004723590857099542,1
76,1774313859114,2.3894742860000942e-05,0.00011579657142899997,0.0004723590857099542,1
77,1774313859116,-8.530525713999933e-05,0.00015869657142899998,5.1159085709943757e-05,1
78,1774313859119,-8.530525713999933e-05,0.00015869657142899998,5.1159085709943757e-05,1
79,1774313859122,-8.530525713999933e-05,0.00015869657142899998,5.1159085709943757e-05,1
80,1774313859124,-5.4105257139999e-05,7.6796571429e-05,0.00017595908570997975,1
81,1774313859127,-5.4105257139999e-05,7.6796571429e-05,0.00017595908570997975,1
82,1774313859130,-5.4105257139999e-05,7.6796571429e-05,0.00017595908570997975,1
83,1774313859133,-5.4105257139999e-05,0.000244496571429,0.0005035590857099632,1
84,1774313859136,-5.4105257139999e-05,0.000244496571429,0.0005035590857099632,1
85,1774313859139,-5.4105257139999e-05,0.000244496571429,0.0005035590857099632,1
86,1774313859141,-0.0001945052571399996,1.049657142899996e-05,4.5908570998464543e-07,1
87,1774313859144,-0.0001945052571399996,1.049657142899996e-05,4.5908570998464543e-07,1
88,1774313859147,-0.0001945052571399996,1.049657142899996e-05,4.5908570998464543e-07,1
89,1774313859150,-0.00013210525713999895,-4.410342857100001e-05,0.00015645908571002964,1
90,1774313859152,-0.00013210525713999895,-4.410342857100001e-05,0.00015645908571002964,1
91,1774313859155,-0.00013210525713999895,-4.410342857100001e-05,0.00015645908571002964,1
92,1774313859158,-0.00012040525713999904,-0.000122103428571,0.00010185908571001389,1
93,1774313859161,-0.00012040525713999904,-0.000122103428571,0.00010185908571001389,1
94,1774313859164,-0.00012040525713999904,2.2196571428999973e-05,0.0002812590857099546,1
95,1774313859166,-0.00011260525714000026,2.2196571428999973e-05,0.0002812590857099546,1
96,1774313859169,-0.00011260525714000026,2.2196571428999973e-05,0.0002812590857099546,1
97,1774313859172,-0.00010870525713999914,2.9996571428999945e-05,-0.0001165409142900491,1
98,1774313859175,-0.00010870525713999914,2.9996571428999945e-05,-0.0001165409142900491,1
99,1774313859178,-0.00010870525713999914,2.9996571428999945e-05,-0.0001165409142900491,1
100,1774313859180,-0.00017110525713999979,0.000345896571429,0.0001681590857099775,1
101,1774313859183,-0.00017110525713999979,0.000345896571429,0.0001681590857099775,1
102,1774313859186,-0.00017110525713999979,0.000345896571429,0.0001681590857099775,1
103,1774313859189,4.947428600011322e-07,0.00013139657142899997,0.0002344590857099411,1
104,1774313859192,4.947428600011322e-07,0.00013139657142899997,0.0002344590857099411,1
105,1774313859195,4.947428600011322e-07,0.00013139657142899997,0.0002344590857099411,1
106,1774313859197,0.0001486947428600005,3.3896571428999986e-05,0.00012525908571002064,1
107,1774313859200,0.0001486947428600005,3.3896571428999986e-05,0.00012525908571002064,1
108,1774313859203,0.0001486947428600005,3.3896571428999986e-05,0.00012525908571002064,1
109,1774313859205,-1.1205257139998773e-05,6.899657142899997e-05,0.00040215908570993397,1
110,1774313859208,-1.1205257139998773e-05,6.899657142899997e-05,0.00040215908570993397,1
111,1774313859211,-1.1205257139998773e-05,6.899657142899997e-05,0.00040215908570993397,1
112,1774313859214,-5.4105257139999e-05,-7.140342857100003e-05,0.0003553590857100315,1
113,1774313859217,-5.4105257139999e-05,-7.140342857100003e-05,0.0003553590857100315,1
114,1774313859219,-5.4105257139999e-05,6.596571428999973e-06,-0.00017504091429001046,1
115,1774313859222,-3.4052571399999926e-06,6.596571428999973e-06,-0.00017504091429001046,1
116,1774313859225,-3.4052571399999926e-06,6.596571428999973e-06,-0.00017504091429001046,1
117,1774313859228,-3.4052571399999926e-06,0.00016259657142899992,0.0002500590857099456,1
118,1774313859230,-0.00019840525713999899,0.00016259657142899992,0.0002500590857099456,1
119,1774313859233,-0.00019840525713999899,0.00016259657142899992,0.0002500590857099456,1
120,1774313859236,-0.0002218052571399988,0.00024059657142899997,0.0003592590857099771,1
121,1774313859239,-0.0002218052571399988,0.00024059657142899997,0.0003592590857099771,1
122,1774313859242,-0.0002218052571399988,0.00024059657142899997,0.0003592590857099771,1
123,1774313859244,-0.0003700052571399999,0.00013529657142899996,0.00028905908570995686,1
124,1774313859247,-0.0003700052571399999,0.00013529657142899996,0.00028905908570995686,1
