0,1778488933821,-0.0041059771999999994,0.007253412400000001,0.00033220199999998805,2
1,1778488933824,-0.0043555772,0.0061185124,-0.0003619979999999901,2
2,1778488933828,-0.0040045772,0.006664512400000001,0.0010849020000000386,2
3,1778488933831,-0.0040045772,0.006664512400000001,0.0010849020000000386,2
4,1778488933834,-0.0039655772,0.0077253124,0.0005467019999999944,2
5,1778488933837,-0.0039655772,0.0077253124,0.0005467019999999944,2
6,1778488933948,-0.0039655772,0.0077253124,0.00041020200000001054,2
7,1778488933952,-0.0040591772,0.007705812400000001,0.0003205020000000402,2
8,1778488933955,-0.0041215772,0.007826712400000001,0.0003127019999999269,2
9,1778488933958,-0.0041215772,0.007826712400000001,0.0003127019999999269,2
10,1778488933961,-0.0040045772,0.0068361124,0.0002425020000000177,2
11,1778488933965,-0.0040045772,0.0068361124,0.0002425020000000177,2
12,1778488933968,-0.0040045772,0.0068361124,0.0002425020000000177,2
13,1778488933971,-0.0044374772,0.006009312400000001,-2.2698000000058796e-05,2
14,1778488933974,-0.0044374772,0.006009312400000001,-2.2698000000058796e-05,2
15,1778488933977,-0.0046675772,0.0056934124,0.0002581020000000222,2
16,1778488933981,-0.0046675772,0.0056934124,0.0002581020000000222,2
17,1778488933984,-0.0046675772,0.0056934124,0.0002581020000000222,2
18,1778488933987,-0.0046363772,0.0069141124,0.0004960019999999243,2
19,1778488933990,-0.0046363772,0.0069141124,0.0004960019999999243,2
20,1778488933993,-0.0044413772,0.007464012400000001,0.00033220199999998805,2
21,1778488933997,-0.0044413772,0.007464012400000001,0.00033220199999998805,2
22,1778488934000,-0.0044413772,0.007464012400000001,0.00033220199999998805,2
23,1778488934003,-0.004117677199999999,0.007873512400000001,0.0009796020000000637,2
24,1778488934006,-0.004117677199999999,0.007873512400000001,0.0009796020000000637,2
25,1778488934009,-0.0041449772,0.007362612400000001,-0.00011629800000008579,2
26,1778488934013,-0.0041449772,0.007362612400000001,-0.00011629800000008579,2
27,1778488934016,-0.0041449772,0.007362612400000001,-0.00011629800000008579,2
28,1778488934019,-0.0041917772,0.006477312400000001,0.0006871020000000349,2
29,1778488934022,-0.0041917772,0.006477312400000001,0.0006871020000000349,2
30,1778488934025,-0.0044452772,0.0059040124,8.260199999991606e-05,2
31,1778488934028,-0.0044452772,0.0059040124,8.260199999991606e-05,2
32,1778488934032,-0.0044452772,0.0059040124,8.260199999991606e-05,2
33,1778488934035,-0.0046441772,0.005865012400000001,0.0003673020000000537,2
34,1778488934038,-0.0046441772,0.005865012400000001,0.0003673020000000537,2
35,1778488934041,-0.0047416772,0.0070155124,9.430200000008597e-05,2
36,1778488934044,-0.0047416772,0.0070155124,9.430200000008597e-05,2
37,1778488934048,-0.0047416772,0.0070155124,9.430200000008597e-05,2
38,1778488934051,-0.0043789772,0.0075342124,0.0002503019999999089,2
39,1778488934054,-0.0043789772,0.0075342124,0.0002503019999999089,2
40,1778488934057,-0.0040903772,0.007791612400000002,0.00020740199999995206,2
41,1778488934060,-0.0040903772,0.007791612400000002,0.00020740199999995206,2
42,1778488934064,-0.0040903772,0.007791612400000002,0.00020740199999995206,2
43,1778488934067,-0.0040825772,0.007019412400000001,0.0004687019999999719,2
44,1778488934070,-0.0040825772,0.007019412400000001,0.0004687019999999719,2
45,1778488934073,-0.0040825772,0.006652812400000001,0.0007300019999999918,2
46,1778488934076,-0.0041059771999999994,0.006652812400000001,0.0007300019999999918,2
47,1778488934080,-0.0041059771999999994,0.006652812400000001,0.0007300019999999918,2
48,1778488934083,-0.0043555772,0.005623212400000001,0.0002737020000000267,2
49,1778488934086,-0.0043555772,0.005623212400000001,0.0002737020000000267,2
50,1778488934089,-0.0046207772,0.0065514124,0.0011161020000000476,2
51,1778488934092,-0.0046207772,0.0065514124,0.0011161020000000476,2
52,1778488934096,-0.0046207772,0.0065514124,0.0011161020000000476,2
53,1778488934099,-0.0045817772,0.0073704124,9.430200000008597e-05,2
54,1778488934102,-0.0045817772,0.0073704124,9.430200000008597e-05,2
55,1778488934105,-0.0044374772,0.007674612399999999,0.0007027020000000394,2
56,1778488934108,-0.0044374772,0.007674612399999999,0.0007027020000000394,2
57,1778488934112,-0.0044374772,0.007674612399999999,0.0007027020000000394,2
58,1778488934115,-0.0041059771999999994,0.007838412400000001,4.601999999893566e-06,2
59,1778488934118,-0.0041059771999999994,0.007838412400000001,4.601999999893566e-06,2
60,1778488934121,-0.0041059771999999994,0.0069492124,0.0006520019999999693,2
61,1778488934124,-0.0040357772,0.0069492124,0.0006520019999999693,2
62,1778488934128,-0.0040357772,0.0069492124,0.0006520019999999693,2
63,1778488934131,-0.0042346772,0.0062082123999999995,-1.0998000000110933e-05,2
64,1778488934134,-0.0042346772,0.0062082123999999995,-1.0998000000110933e-05,2
65,1778488934137,-0.0043204772,0.0059196124,0.00044140200000001954,2
66,1778488934140,-0.0043204772,0.0059196124,0.00044140200000001954,2
67,1778488934144,-0.0043204772,0.0059196124,0.00044140200000001954,2
68,1778488934147,-0.0046246772,0.0067503124,-0.0001630980000000993,2
69,1778488934150,-0.0046246772,0.0067503124,-0.0001630980000000993,2
70,1778488934153,-0.0046714771999999995,0.0074133124,0.0006403020000000214,2
71,1778488934156,-0.0046714771999999995,0.0074133124,0.0006403020000000214,2
72,1778488934160,-0.0046714771999999995,0.0074133124,0.0006403020000000214,2
73,1778488934163,-0.0045778772,0.008080212400000002,0.00010990200000009047,2
74,1778488934166,-0.0045778772,0.008080212400000002,0.00010990200000009047,2
75,1778488934169,-0.004363377199999999,0.0074016124,0.0006715020000000304,2
76,1778488934173,-0.004363377199999999,0.0074016124,0.0006715020000000304,2
77,1778488934176,-0.004363377199999999,0.0074016124,0.0006715020000000304,2
78,1778488934179,-0.0040123772,0.0068127124,0.0005623019999999989,2
79,1778488934182,-0.0040123772,0.0068127124,0.0005623019999999989,2
80,1778488934185,-0.0040279771999999995,0.0059196124,5.53019999999637e-05,2
81,1778488934188,-0.0040279771999999995,0.0059196124,5.53019999999637e-05,2
82,1778488934192,-0.0040279771999999995,0.0059196124,5.53019999999637e-05,2
83,1778488934195,-0.0041488772,0.0062199123999999995,0.0008743020000000889,2
84,1778488934199,-0.0041488772,0.0062199123999999995,0.0008743020000000889,2
85,1778488934202,-0.0044647772,0.0068673124000000006,-3.439800000000666e-05,2
86,1778488934206,-0.0044647772,0.0068673124000000006,-3.439800000000666e-05,2
87,1778488934209,-0.0044647772,0.007354812400000001,0.00044140200000001954,2
88,1778488934212,-0.0044374772,0.007354812400000001,0.00044140200000001954,2
89,1778488934215,-0.0044374772,0.007354812400000001,0.00044140200000001954,2
90,1778488934218,-0.004406277199999999,0.007698012399999999,0.0002464020000000743,2
91,1778488934221,-0.004406277199999999,0.007698012399999999,0.0002464020000000743,2
92,1778488934225,-0.004406277199999999,0.007698012399999999,0.0003985020000000627,2
93,1778488934228,-0.0045115772,0.0067035124,0.0003985020000000627,2
94,1778488934231,-0.0045115772,0.0067035124,0.0003985020000000627,2
95,1778488934234,-0.0042658772,0.0063681124000000006,0.0003244019999998748,2
96,1778488934237,-0.0042658772,0.0063681124000000006,0.0003244019999998748,2
97,1778488934241,-0.0042658772,0.0063681124000000006,0.001006902000000016,2
98,1778488934244,-0.0044335772,0.005923512400000001,0.001006902000000016,2
99,1778488934247,-0.0044335772,0.005923512400000001,0.001006902000000016,2
100,1778488934250,-0.004351677199999999,0.0068244124,0.0006637019999999171,2
101,1778488934253,-0.004351677199999999,0.0068244124,0.0006637019999999171,2
102,1778488934257,-0.004351677199999999,0.0068244124,0.0005311019999999899,2
103,1778488934266,-0.004406277199999999,0.0078111124,0.00036340199999999705,2
104,1778488934269,-0.004406277199999999,0.0078111124,0.00036340199999999705,2
105,1778488934273,-0.004406277199999999,0.0071169124,-0.0001318980000000903,2
106,1778488934276,-0.0045895772,0.0071169124,-0.0001318980000000903,2
107,1778488934279,-0.0045895772,0.0071169124,-0.0001318980000000903,2
108,1778488934282,-0.004472577199999999,0.0066957124,0.0003205020000000402,2
109,1778488934286,-0.004472577199999999,0.0066957124,0.0003205020000000402,2
110,1778488934289,-0.004472577199999999,0.0059157124,-0.00045949799999996273,2
111,1778488934292,-0.0042463772,0.0059157124,-0.00045949799999996273,2
112,1778488934295,-0.0042463772,0.0059157124,-0.00045949799999996273,2
113,1778488934298,-0.0042541772,0.0063525123999999995,0.0002581020000000222,2
114,1778488934302,-0.0042541772,0.0063525123999999995,0.0002581020000000222,2
115,1778488934305,-0.0042541772,0.0070584124,0.00013720200000004283,2
116,1778488934308,-0.0040552771999999996,0.0070584124,0.00013720200000004283,2
117,1778488934311,-0.0040552771999999996,0.0070584124,0.00013720200000004283,2
118,1778488934314,-0.0041254772,0.007620012400000001,0.0006013019999998991,2
119,1778488934318,-0.0041254772,0.007620012400000001,0.0006013019999998991,2
120,1778488934321,-0.0041254772,0.0076005124,0.0005623019999999989,2
121,1778488934324,-0.0042424772,0.0076005124,0.0005623019999999989,2
122,1778488934327,-0.0042424772,0.0076005124,0.0005623019999999989,2
123,1778488934330,-0.004472577199999999,0.0069843124,0.0006325019999999081,2
124,1778488934334,-0.004472577199999999,0.0069843124,0.0006325019999999081,2
0,1778488934353,-0.004550577199999999,0.0065826124,0.00019960200000006083,2
1,1778488934356,-0.0042151772,0.0065826124,0.00019960200000006083,2
2,1778488934359,-0.0042151772,0.0065826124,0.00019960200000006083,2
3,1778488934363,-0.004250277199999999,0.0070584124,0.00034780199999999255,2
4,1778488934366,-0.004250277199999999,0.0070584124,0.00034780199999999255,2
5,1778488934369,-0.004250277199999999,0.0080763124,-5.779800000012443e-05,2
6,1778488934372,-0.004074777199999999,0.0080763124,-5.779800000012443e-05,2
7,1778488934375,-0.004074777199999999,0.0080763124,-5.779800000012443e-05,2
8,1778488934379,-0.0044452772,0.0074055124,0.00016060199999993856,2
9,1778488934382,-0.0044452772,0.0074055124,0.00016060199999993856,2
10,1778488934432,-0.0045778772,0.0061809124,0.0002815019999999179,2
11,1778488934435,-0.0040864772,0.007288512400000001,0.0011083019999999343,2
12,1778488934498,-0.0040864772,0.007288512400000001,0.0011083019999999343,2
13,1778488934546,-0.0036184772,0.0071247124,0.0003868019999998928,2
14,1778488934549,-0.0036184772,0.0071247124,0.0003868019999998928,2
15,1778488934552,-0.0036184772,0.0071247124,0.0004063019999999539,2
16,1778488934555,-0.0038719771999999996,0.0062199123999999995,0.0004063019999999539,2
17,1778488934559,-0.0038719771999999996,0.0062199123999999995,0.0004063019999999539,2
18,1778488934562,-0.0041059771999999994,0.006364212400000001,0.00023470199999990442,2
19,1778488934565,-0.0041059771999999994,0.006364212400000001,0.00023470199999990442,2
20,1778488934568,-0.0041059771999999994,0.006364212400000001,-4.219800000011993e-05,2
21,1778488934571,-0.0045661771999999995,0.0066372124,-4.219800000011993e-05,2
22,1778488934575,-0.0045661771999999995,0.0066372124,-4.219800000011993e-05,2
23,1778488934578,-0.0047377771999999995,0.007452312400000001,0.0002971019999999224,2
24,1778488934581,-0.0047377771999999995,0.007452312400000001,0.0002971019999999224,2
25,1778488934584,-0.0047377771999999995,0.007452312400000001,0.0002620020000000788,2
26,1778488934587,-0.004616877199999999,0.0079515124,0.0002620020000000788,2
27,1778488934590,-0.004616877199999999,0.0079515124,0.0002620020000000788,2
28,1778488934594,-0.0045817772,0.0074601124,0.0005428019999999378,2
29,1778488934597,-0.0045817772,0.0074601124,0.0005428019999999378,2
30,1778488934600,-0.0045817772,0.0074601124,0.0005428019999999378,2
31,1778488934603,-0.0042385771999999995,0.0067464124,0.00083140199999991,2
32,1778488934606,-0.0042385771999999995,0.0067464124,0.00083140199999991,2
33,1778488934610,-0.0043087772,0.0060522124,0.0003985020000000627,2
34,1778488934613,-0.0043087772,0.0060522124,0.0003985020000000627,2
35,1778488934616,-0.0043087772,0.0060522124,0.0003985020000000627,2
36,1778488934619,-0.0044023772,0.0061692124000000004,0.0004297020000000717,2
37,1778488934622,-0.0044023772,0.0061692124000000004,0.0004297020000000717,2
38,1778488934626,-0.0045466772,0.006765912400000001,0.00017230199999988642,2
39,1778488934629,-0.0045466772,0.006765912400000001,0.00017230199999988642,2
40,1778488934632,-0.0045466772,0.006765912400000001,0.00017230199999988642,2
41,1778488934635,-0.0047143772,0.0075615123999999995,-0.00013969799999998152,2
42,1778488934638,-0.0047143772,0.0075615123999999995,-0.00013969799999998152,2
43,1778488934642,-0.004495977199999999,0.007830612399999999,-6.94980000000723e-05,2
44,1778488934645,-0.004495977199999999,0.007830612399999999,-6.94980000000723e-05,2
45,1778488934648,-0.004495977199999999,0.007830612399999999,-6.94980000000723e-05,2
46,1778488934651,-0.0042697772,0.0073665124000000005,0.0002464020000000743,2
47,1778488934654,-0.0042697772,0.0073665124000000005,0.0002464020000000743,2
48,1778488934658,-0.0040864772,0.006453912400000001,-0.00015139799999992938,2
49,1778488934667,-0.004008477199999999,0.0061302124,0.000987401999999955,2
50,1778488934671,-0.004008477199999999,0.0061302124,0.000987401999999955,2
51,1778488934674,-0.0043204772,0.0064695124,0.0005077019999998721,2
52,1778488934677,-0.0043204772,0.0064695124,0.0005077019999998721,2
53,1778488934680,-0.0043204772,0.0064695124,0.0008860020000000367,2
54,1778488934683,-0.0044257772,0.0072378124,0.0008860020000000367,2
55,1778488934687,-0.0044257772,0.0072378124,0.0008860020000000367,2
56,1778488934690,-0.0043594772,0.0078111124,0.0008158019999999055,2
57,1778488934693,-0.0043594772,0.0078111124,0.0008158019999999055,2
58,1778488934696,-0.0043594772,0.0078111124,6.310200000007697e-05,2
59,1778488934699,-0.0045349772,0.0074016124,6.310200000007697e-05,2
60,1778488934703,-0.0045349772,0.0074016124,6.310200000007697e-05,2
61,1778488934706,-0.0045700772,0.0065592124,0.0003907019999999494,2
62,1778488934709,-0.0045700772,0.0065592124,0.0003907019999999494,2
63,1778488934712,-0.0045700772,0.0065592124,0.00025420199999996555,2
64,1778488934716,-0.0043828771999999995,0.006079512400000001,0.00025420199999996555,2
65,1778488934719,-0.0043828771999999995,0.006079512400000001,0.00025420199999996555,2
66,1778488934722,-0.004417977199999999,0.0060054124,-7.098000000054297e-06,2
67,1778488934726,-0.004417977199999999,0.0060054124,-7.098000000054297e-06,2
68,1778488934729,-0.0044452772,0.0068010124000000005,0.00028540199999997455,2
69,1778488934733,-0.0044452772,0.0068010124000000005,0.00028540199999997455,2
70,1778488934736,-0.0044452772,0.0068010124000000005,0.00028540199999997455,2
71,1778488934739,-0.0042229772,0.0080646124,0.0005155019999999854,2
72,1778488934742,-0.0042229772,0.0080646124,0.0005155019999999854,2
73,1778488934746,-0.004628577199999999,0.0078345124,-0.00025279800000006965,2
74,1778488934749,-0.004628577199999999,0.0078345124,-0.00025279800000006965,2
75,1778488934752,-0.004628577199999999,0.0078345124,-0.00025279800000006965,2
76,1778488934755,-0.0046129772,0.007440612400000001,0.0006676019999999738,2
77,1778488934758,-0.0046129772,0.007440612400000001,0.0006676019999999738,2
78,1778488934762,-0.004605177199999999,0.006290112400000001,-0.00017089799999999052,2
79,1778488934765,-0.004605177199999999,0.006290112400000001,-0.00017089799999999052,2
80,1778488934768,-0.004605177199999999,0.006290112400000001,-0.00017089799999999052,2
81,1778488934771,-0.0043867772,0.0060132124000000006,0.0009796020000000637,2
82,1778488934774,-0.0043867772,0.0060132124000000006,0.0009796020000000637,2
83,1778488934778,-0.003985077199999999,0.0062823124,0.0005740019999999468,2
84,1778488934781,-0.003985077199999999,0.0062823124,0.0005740019999999468,2
85,1778488934784,-0.003985077199999999,0.0062823124,0.0005740019999999468,2
86,1778488934787,-0.0040552771999999996,0.007042812400000001,0.0007924020000000098,2
87,1778488934790,-0.0040552771999999996,0.007042812400000001,0.0007924020000000098,2
88,1778488934794,-0.0040357772,0.007608312400000001,3.97019999999592e-05,2
89,1778488934797,-0.0040357772,0.007608312400000001,3.97019999999592e-05,2
90,1778488934800,-0.0040357772,0.007608312400000001,3.97019999999592e-05,2
91,1778488934803,-0.0041488772,0.007744812399999999,0.0007495020000000529,2
92,1778488934806,-0.0041488772,0.007744812399999999,0.0007495020000000529,2
93,1778488934810,-0.0044764772,0.0068673124000000006,-3.197999999997661e-06,2
94,1778488934813,-0.0044764772,0.0068673124000000006,-3.197999999997661e-06,2
95,1778488934816,-0.0044764772,0.0068673124000000006,-0.00017089799999999052,2
96,1778488934819,-0.0046792772,0.0057597124,-0.00017089799999999052,2
97,1778488934822,-0.0046792772,0.0057597124,-0.00017089799999999052,2
98,1778488934826,-0.0044608771999999994,0.0062862123999999995,0.0005038020000000375,2
99,1778488934829,-0.0044608771999999994,0.0062862123999999995,0.0005038020000000375,2
100,1778488934832,-0.0044608771999999994,0.0062862123999999995,0.0005350020000000465,2
101,1778488934835,-0.004718277199999999,0.0064968123999999995,0.0005350020000000465,2
102,1778488934838,-0.004718277199999999,0.0064968123999999995,0.0005350020000000465,2
103,1778488934842,-0.0040942771999999995,0.0079671124,0.0009133019999999891,2
104,1778488934845,-0.0040942771999999995,0.0079671124,0.0009133019999999891,2
105,1778488934848,-0.0040942771999999995,0.0079671124,-9.289799999996802e-05,2
106,1778488934851,-0.0040864772,0.007768212400000002,-9.289799999996802e-05,2
107,1778488934854,-0.0040864772,0.007768212400000002,-9.289799999996802e-05,2
108,1778488934858,-0.004219077199999999,0.0076707124000000015,0.0008704020000000322,2
109,1778488934861,-0.004219077199999999,0.0076707124000000015,0.0008704020000000322,2
110,1778488934864,-0.004219077199999999,0.0076707124000000015,0.0008704020000000322,2
111,1778488934867,-0.0044881771999999995,0.0062823124,-0.0004516980000000715,2
112,1778488934870,-0.0044881771999999995,0.0062823124,-0.0004516980000000715,2
113,1778488934874,-0.0046636772,0.006001512400000001,0.0013423020000000018,2
114,1778488934877,-0.0046636772,0.006001512400000001,0.0013423020000000018,2
115,1778488934880,-0.0046636772,0.006001512400000001,0.0013423020000000018,2
116,1778488934883,-0.0045544771999999996,0.0057402124,-0.00015919800000004265,2
117,1778488934886,-0.0045544771999999996,0.0057402124,-0.00015919800000004265,2
118,1778488934889,-0.0043360772,0.0070467124,0.001112201999999991,2
119,1778488934893,-0.0043360772,0.0070467124,0.001112201999999991,2
120,1778488934896,-0.0043360772,0.0070467124,0.001112201999999991,2
121,1778488934899,-0.0038524771999999996,0.007553712400000001,-0.000685698000000028,2
122,1778488934902,-0.0038524771999999996,0.007553712400000001,-0.000685698000000028,2
123,1778488934905,-0.0040318772,0.0080022124,0.0008275020000000754,2
124,1778488934909,-0.0040318772,0.0080022124,0.0008275020000000754,2
0,1778488934930,-0.0045271771999999995,0.0058611124,0.00045700200000002404,2
1,1778488934933,-0.0045271771999999995,0.0058611124,0.00045700200000002404,2
2,1778488934936,-0.0045271771999999995,0.0061029124,0.0001333019999999862,2
3,1778488934940,-0.004839177199999999,0.0061029124,0.0001333019999999862,2
4,1778488934943,-0.004839177199999999,0.0061029124,0.0001333019999999862,2
5,1778488934946,-0.0043165771999999995,0.007553712400000001,0.0010459019999999163,2
6,1778488934949,-0.0043165771999999995,0.007553712400000001,0.0010459019999999163,2
7,1778488935005,-0.0043165771999999995,0.007959312400000002,-7.339800000012893e-05,2
8,1778488935008,-0.0041722771999999995,0.007971012400000001,0.0008860020000000367,2
9,1778488935012,-0.0040942771999999995,0.007971012400000001,0.0008860020000000367,2
10,1778488935044,-0.0036340771999999995,0.007764312400000001,8.260199999991606e-05,2
11,1778488935120,-0.0045817772,0.0076122124,0.000925001999999937,2
12,1778488935124,-0.0040864772,0.007803312400000002,-0.00017089799999999052,2
13,1778488935127,-0.0040864772,0.007803312400000002,-0.00017089799999999052,2
14,1778488935130,-0.0041566772,0.006531912400000001,0.0004141020000000672,2
15,1778488935133,-0.0041566772,0.006531912400000001,0.0004141020000000672,2
16,1778488935136,-0.0041566772,0.0062355124000000005,0.0007495020000000529,2
17,1778488935140,-0.0038446771999999995,0.0062355124000000005,0.0007495020000000529,2
18,1778488935143,-0.0038446771999999995,0.0062355124000000005,0.0007495020000000529,2
19,1778488935146,-0.004285377199999999,0.005923512400000001,0.00015280200000004733,2
20,1778488935149,-0.004285377199999999,0.005923512400000001,0.00015280200000004733,2
21,1778488935152,-0.004285377199999999,0.006687912400000001,0.00058180200000006,2
22,1778488935156,-0.004328277199999999,0.006687912400000001,0.00058180200000006,2
23,1778488935159,-0.004328277199999999,0.006687912400000001,0.00058180200000006,2
24,1778488935164,-0.0046363772,0.007409412400000001,-2.2698000000058796e-05,2
25,1778488935168,-0.0046363772,0.007409412400000001,-2.2698000000058796e-05,2
26,1778488935171,-0.0045583772,0.007850112400000001,0.0005701019999998901,2
27,1778488935174,-0.0045583772,0.007850112400000001,0.0005701019999998901,2
28,1778488935177,-0.0045115772,0.0073509123999999995,3.190200000006797e-05,2
29,1778488935180,-0.0045115772,0.0073509123999999995,3.190200000006797e-05,2
30,1778488935184,-0.0045115772,0.0073509123999999995,3.190200000006797e-05,2
31,1778488935187,-0.0045778772,0.006609912400000001,0.001486601999999877,2
32,1778488935190,-0.0045778772,0.006609912400000001,0.001486601999999877,2
33,1778488935193,-0.0043126772,0.0058065124,-0.0006310980000000122,2
34,1778488935196,-0.0043126772,0.0058065124,-0.0006310980000000122,2
35,1778488935199,-0.0043126772,0.0058065124,-0.0006310980000000122,2
36,1778488935203,-0.004351677199999999,0.0062472124,0.0016348020000000307,2
37,1778488935206,-0.004351677199999999,0.0062472124,0.0016348020000000307,2
38,1778488935209,-0.0042229772,0.0071949124,-0.00019819799999994288,2
39,1778488935214,-0.0042229772,0.0071949124,-0.00019819799999994288,2
40,1778488935221,-0.0044101772,0.0074055124,0.0009328020000000502,2
41,1778488935224,-0.0044101772,0.0074055124,0.0003556019999998838,2
42,1778488935227,-0.0042424772,0.0076005124,0.0003556019999998838,2
43,1778488935230,-0.0042424772,0.0076005124,0.0003556019999998838,2
44,1778488935234,-0.0043828771999999995,0.0066801124,4.601999999893566e-06,2
45,1778488935237,-0.0043828771999999995,0.0066801124,4.601999999893566e-06,2
46,1778488935240,-0.0043828771999999995,0.0066801124,0.0002425020000000177,2
47,1778488935243,-0.0042034772,0.006188712400000001,0.0002425020000000177,2
48,1778488935246,-0.0042034772,0.006188712400000001,0.0002425020000000177,2
49,1778488935250,-0.0042892772,0.005857212400000001,-0.0003151979999999766,2
50,1778488935253,-0.0042892772,0.005857212400000001,-0.0003151979999999766,2
51,1778488935256,-0.0042892772,0.005857212400000001,0.00034780199999999255,2
52,1778488935259,-0.0040669771999999995,0.0069453124000000005,0.00034780199999999255,2
53,1778488935262,-0.0040669771999999995,0.0069453124000000005,0.00034780199999999255,2
54,1778488935265,-0.004406277199999999,0.0072612124,0.0002464020000000743,2
55,1778488935269,-0.004406277199999999,0.0072612124,0.0002464020000000743,2
56,1778488935272,-0.004406277199999999,0.0072612124,0.0008275020000000754,2
57,1778488935275,-0.004406277199999999,0.008138712400000001,0.0008275020000000754,2
58,1778488935278,-0.004406277199999999,0.008138712400000001,0.0008275020000000754,2
59,1778488935285,-0.0046792772,0.0072573124,-0.0005140979999999785,2
60,1778488935288,-0.0046792772,0.0069687124,0.001287701999999875,2
61,1778488935293,-0.0045232772,0.0069687124,0.001287701999999875,2
62,1778488935296,-0.0045232772,0.0069687124,-0.001141997999999993,2
63,1778488935299,-0.0043828771999999995,0.0061029124,-0.001141997999999993,2
64,1778488935302,-0.0043828771999999995,0.0061029124,-0.001141997999999993,2
65,1778488935306,-0.004394577199999999,0.0062160124,0.0013657019999998975,2
66,1778488935309,-0.004394577199999999,0.0062160124,0.0013657019999998975,2
67,1778488935312,-0.004394577199999999,0.0062160124,-0.00018649799999999501,2
68,1778488935315,-0.0040123772,0.007265112400000001,-0.00018649799999999501,2
69,1778488935318,-0.0040123772,0.007265112400000001,-0.00018649799999999501,2
70,1778488935321,-0.0043360772,0.0072222124000000006,0.0009211019999998803,2
71,1778488935325,-0.0043360772,0.0072222124000000006,0.0009211019999998803,2
72,1778488935328,-0.0043360772,0.0072222124000000006,0.0003829020000000582,2
73,1778488935331,-0.0040201772,0.008068512400000002,0.0003829020000000582,2
74,1778488935334,-0.0040201772,0.008068512400000002,0.0003829020000000582,2
75,1778488935337,-0.0045778772,0.0068907124,0.00023470199999990442,2
76,1778488935341,-0.0045778772,0.0068907124,0.00023470199999990442,2
77,1778488935344,-0.0045778772,0.0068907124,0.0003751019999999449,2
78,1778488935347,-0.004363377199999999,0.006477312400000001,0.0003751019999999449,2
79,1778488935350,-0.004363377199999999,0.006477312400000001,0.0003751019999999449,2
80,1778488935353,-0.0045544771999999996,0.0058026124000000005,0.00033220199999998805,2
81,1778488935357,-0.0045544771999999996,0.0058026124000000005,0.00033220199999998805,2
82,1778488935360,-0.0045544771999999996,0.0058026124000000005,0.0010030019999999595,2
83,1778488935363,-0.0041098772,0.0066606124,0.0010030019999999595,2
84,1778488935366,-0.0041098772,0.0066606124,0.0010030019999999595,2
85,1778488935369,-0.0038992771999999997,0.007120812400000001,4.750200000007247e-05,2
86,1778488935373,-0.0038992771999999997,0.007120812400000001,4.750200000007247e-05,2
87,1778488935376,-0.0038992771999999997,0.007120812400000001,0.0011824019999999002,2
88,1778488935379,-0.0038446771999999995,0.007982712400000001,0.0011824019999999002,2
89,1778488935382,-0.0038446771999999995,0.007982712400000001,0.0011824019999999002,2
90,1778488935385,-0.0043048771999999996,0.0074016124,-0.0008221980000000118,2
91,1778488935389,-0.0043048771999999996,0.0074016124,-0.0008221980000000118,2
92,1778488935392,-0.0043048771999999996,0.0074016124,0.001069302000000034,2
93,1778488935395,-0.004484277199999999,0.0066684124000000004,0.001069302000000034,2
94,1778488935398,-0.004484277199999999,0.0066684124000000004,0.001069302000000034,2
95,1778488935401,-0.0045700772,0.0060288124,-0.0008065980000000073,2
96,1778488935404,-0.0045700772,0.0060288124,-0.0008065980000000073,2
97,1778488935408,-0.0045700772,0.0060288124,-0.0008065980000000073,2
98,1778488935411,-0.0049600771999999994,0.005833812400000001,0.000706601999999874,2
99,1778488935414,-0.0049600771999999994,0.005833812400000001,0.000706601999999874,2
100,1778488935417,-0.0044491771999999995,0.0069609124,0.0003361020000000447,2
101,1778488935420,-0.0044491771999999995,0.0069609124,0.0003361020000000447,2
102,1778488935424,-0.0044491771999999995,0.0069609124,0.0003361020000000447,2
103,1778488935427,-0.004273677199999999,0.007698012399999999,0.0006793019999999216,2
104,1778488935430,-0.004273677199999999,0.007698012399999999,0.0006793019999999216,2
105,1778488935433,-0.0040825772,0.008138712400000001,0.0004765020000000852,2
106,1778488935436,-0.0040825772,0.008138712400000001,0.0004765020000000852,2
107,1778488935440,-0.0040825772,0.008138712400000001,0.0005077019999998721,2
108,1778488935443,-0.003985077199999999,0.007343112400000001,0.0005077019999998721,2
109,1778488935446,-0.003985077199999999,0.007343112400000001,0.0005077019999998721,2
110,1778488935449,-0.0043711772,0.006422712400000001,8.65019999999727e-05,2
111,1778488935453,-0.0043711772,0.006422712400000001,8.65019999999727e-05,2
112,1778488935456,-0.0043711772,0.006422712400000001,0.0002776020000000833,2
113,1778488935459,-0.004562277199999999,0.0054516124,0.0002776020000000833,2
114,1778488935469,-0.004363377199999999,0.006177012400000001,0.0010264020000000772,2
115,1778488935472,-0.004363377199999999,0.006177012400000001,-1.4897999999945524e-05,2
116,1778488935475,-0.0042424772,0.0067269124,-1.4897999999945524e-05,2
117,1778488935478,-0.0042424772,0.0067269124,-1.4897999999945524e-05,2
118,1778488935481,-0.0040357772,0.0079671124,0.0014671020000000378,2
119,1778488935485,-0.0040357772,0.0079671124,0.0014671020000000378,2
120,1778488935488,-0.0040357772,0.0079671124,9.820199999992056e-05,2
121,1778488935491,-0.0039460772,0.0080958124,9.820199999992056e-05,2
122,1778488935494,-0.0039460772,0.0080958124,9.820199999992056e-05,2
123,1778488935497,-0.0039577772,0.0069570124,0.0008743020000000889,2
124,1778488935500,-0.0039577772,0.0069570124,0.0008743020000000889,2
0,1778488935520,-0.0048430771999999995,0.0058182124,-0.00018259799999993838,2
1,1778488935523,-0.0050341772,0.006508512400000001,-0.00018259799999993838,2
2,1778488935526,-0.0050341772,0.006508512400000001,-0.00018259799999993838,2
3,1778488935530,-0.004784577199999999,0.0071949124,0.0006052019999999558,2
4,1778488935533,-0.004784577199999999,0.0071949124,0.0006052019999999558,2
5,1778488935536,-0.004784577199999999,0.008177712399999999,0.0001333019999999862,2
6,1778488935539,-0.0043321772,0.008177712399999999,0.0001333019999999862,2
7,1778488935542,-0.0043321772,0.008177712399999999,0.0001333019999999862,2
8,1778488935546,-0.004129377199999999,0.007709712399999999,0.00043360199999990627,2
9,1778488935549,-0.004129377199999999,0.007709712399999999,0.00043360199999990627,2
10,1778488935570,-0.004129377199999999,0.007709712399999999,0.0006676019999999738,2
11,1778488935607,-0.0040825772,0.0071832124,0.0006598020000000825,2
12,1778488935708,-0.0040006772,0.006645012400000001,0.0002659019999999134,2
13,1778488935732,-0.004351677199999999,0.0062199123999999995,0.00025420199999996555,2
14,1778488935736,-0.004351677199999999,0.0062199123999999995,0.00044920199999991077,2
15,1778488935739,-0.0043672772,0.006687912400000001,0.00044920199999991077,2
16,1778488935742,-0.0043672772,0.006687912400000001,0.00044920199999991077,2
17,1778488935745,-0.0042931772,0.0078228124,0.0006052019999999558,2
18,1778488935748,-0.0042931772,0.0078228124,0.0006052019999999558,2
19,1778488935752,-0.0042931772,0.0078228124,-0.00017479800000004715,2
20,1778488935755,-0.0045856772,0.0076824124000000014,-0.00017479800000004715,2
21,1778488935759,-0.0045856772,0.0076824124000000014,-0.00017479800000004715,2
22,1778488935762,-0.0046558772,0.007409412400000001,0.0008704020000000322,2
23,1778488935768,-0.0046558772,0.007409412400000001,0.0008704020000000322,2
24,1778488935771,-0.0044101772,0.0063018124000000005,0.00012940199999992956,2
25,1778488935774,-0.0044101772,0.0063018124000000005,0.00012940199999992956,2
26,1778488935778,-0.0042268772,0.005966412400000001,0.0005935020000000079,2
27,1778488935781,-0.0042268772,0.005966412400000001,0.0005935020000000079,2
28,1778488935786,-0.0040981772,0.0064500124,-3.197999999997661e-06,2
29,1778488935790,-0.0040981772,0.0064500124,-3.197999999997661e-06,2
30,1778488935794,-0.0041488772,0.007085712400000001,0.0003283019999999314,2
31,1778488935797,-0.0041488772,0.007085712400000001,0.0003283019999999314,2
32,1778488935800,-0.0041488772,0.0076707124000000015,0.0002932020000000878,2
33,1778488935803,-0.0042112772,0.0076707124000000015,0.0002932020000000878,2
34,1778488935807,-0.0042112772,0.0076707124000000015,0.0002932020000000878,2
35,1778488935810,-0.0042892772,0.0074289123999999995,0.0005623019999999989,2
36,1778488935813,-0.0042892772,0.0074289123999999995,0.0005623019999999989,2
37,1778488935816,-0.0042892772,0.0069492124,1.2402000000006838e-05,2
38,1778488935819,-0.004351677199999999,0.0069492124,1.2402000000006838e-05,2
39,1778488935823,-0.004351677199999999,0.0069492124,1.2402000000006838e-05,2
40,1778488935826,-0.0043711772,0.0060054124,0.0006988019999999828,2
41,1778488935829,-0.0043711772,0.0060054124,0.0006988019999999828,2
42,1778488935832,-0.0043711772,0.006442212400000001,0.0004219019999999584,2
43,1778488935835,-0.0043204772,0.006442212400000001,0.0004219019999999584,2
44,1778488935839,-0.0043204772,0.006442212400000001,0.0004219019999999584,2
45,1778488935842,-0.004297077199999999,0.006344712400000001,0.00036340199999999705,2
46,1778488935845,-0.004297077199999999,0.006344712400000001,0.00036340199999999705,2
47,1778488935848,-0.004297077199999999,0.0079671124,0.0008431020000000799,2
48,1778488935852,-0.0041371772,0.0079671124,0.0008431020000000799,2
49,1778488935855,-0.0041371772,0.0079671124,0.0008431020000000799,2
50,1778488935858,-0.0041449772,0.0077136124,-0.0002956980000000265,2
51,1778488935861,-0.0041449772,0.0077136124,-0.0002956980000000265,2
52,1778488935865,-0.0045154772,0.0074133124,0.0005350020000000465,2
53,1778488935868,-0.0045154772,0.0074133124,0.0005350020000000465,2
54,1778488935871,-0.0045154772,0.0074133124,0.0005350020000000465,2
55,1778488935874,-0.0045232772,0.0065631123999999996,2.8002000000011337e-05,2
56,1778488935878,-0.0045232772,0.0065631123999999996,2.8002000000011337e-05,2
57,1778488935881,-0.0047416772,0.0061029124,0.0003907019999999494,2
58,1778488935884,-0.0047416772,0.0061029124,0.0003907019999999494,2
59,1778488935887,-0.0047416772,0.0061029124,0.0003907019999999494,2
60,1778488935890,-0.004417977199999999,0.0060717124,0.00042580200000001504,2
61,1778488935894,-0.004417977199999999,0.0060717124,0.00042580200000001504,2
62,1778488935897,-0.0043126772,0.0068595124,0.000706601999999874,2
63,1778488935900,-0.0043126772,0.0068595124,0.000706601999999874,2
64,1778488935903,-0.0043126772,0.0068595124,0.000706601999999874,2
65,1778488935906,-0.004051377199999999,0.007717512400000001,0.0002893020000000312,2
66,1778488935910,-0.004051377199999999,0.007717512400000001,0.0002893020000000312,2
67,1778488935913,-0.0038836771999999995,0.007733112399999999,0.00058180200000006,2
68,1778488935916,-0.0038836771999999995,0.007733112399999999,0.00058180200000006,2
69,1778488935920,-0.0038836771999999995,0.007733112399999999,6.700199999991156e-05,2
70,1778488935923,-0.0041098772,0.0071130124,6.700199999991156e-05,2
71,1778488935926,-0.0041098772,0.0071130124,6.700199999991156e-05,2
72,1778488935929,-0.0043984772,0.0061614124,0.0004219019999999584,2
73,1778488935932,-0.0043984772,0.0061614124,0.0004219019999999584,2
74,1778488935936,-0.0043984772,0.0061614124,0.0002425020000000177,2
75,1778488935939,-0.0046597771999999996,0.0059859124,0.0002425020000000177,2
76,1778488935942,-0.0046597771999999996,0.0059859124,0.0002425020000000177,2
77,1778488935946,-0.0046909772,0.0061302124,-0.00044389800000006925,2
78,1778488935949,-0.0046909772,0.0061302124,-0.00044389800000006925,2
79,1778488935952,-0.0046909772,0.0074952123999999995,0.0004999019999999809,2
80,1778488935955,-0.0046597771999999996,0.0074952123999999995,0.0004999019999999809,2
81,1778488935959,-0.0046597771999999996,0.0074952123999999995,0.0004999019999999809,2
82,1778488935962,-0.0040123772,0.0079203124,-4.609799999995452e-05,2
83,1778488935965,-0.0040123772,0.0079203124,-4.609799999995452e-05,2
84,1778488935968,-0.0040123772,0.0075810124,0.0005467019999999944,2
85,1778488935971,-0.0042697772,0.0075810124,0.0005467019999999944,2
86,1778488935975,-0.0042697772,0.0075810124,0.0005467019999999944,2
87,1778488935978,-0.0042346772,0.006941412400000001,0.0005779020000000034,2
88,1778488935981,-0.0042346772,0.006941412400000001,0.0005779020000000034,2
89,1778488935984,-0.0042346772,0.0058923124,0.00017620199999994306,2
90,1778488935987,-0.0045817772,0.0058923124,0.00017620199999994306,2
91,1778488935991,-0.0045817772,0.0058923124,0.00017620199999994306,2
92,1778488935994,-0.0046753772,0.0059937124,0.0003751019999999449,2
93,1778488935997,-0.0046753772,0.0059937124,0.0003751019999999449,2
94,1778488936000,-0.0046753772,0.006567012400000001,0.00026980199999997005,2
95,1778488936003,-0.0046090772,0.006567012400000001,0.00026980199999997005,2
96,1778488936007,-0.0046090772,0.006567012400000001,0.00026980199999997005,2
97,1778488936010,-0.004297077199999999,0.0076551124000000005,0.00020350199999989542,2
98,1778488936013,-0.004297077199999999,0.0076551124000000005,0.00020350199999989542,2
99,1778488936016,-0.004297077199999999,0.0076278124,0.0003517020000000492,2
100,1778488936019,-0.0039421772,0.0076278124,0.0003517020000000492,2
101,1778488936023,-0.0039421772,0.0076278124,0.0003517020000000492,2
102,1778488936027,-0.003918777199999999,0.0076005124,0.0008431020000000799,2
103,1778488936032,-0.003918777199999999,0.0076005124,8.65019999999727e-05,2
104,1778488936036,-0.0039226771999999995,0.0063174124,8.65019999999727e-05,2
105,1778488936040,-0.0039226771999999995,0.0063174124,0.0011785020000000656,2
106,1778488936044,-0.004261977199999999,0.0063486124,0.0011785020000000656,2
107,1778488936047,-0.004261977199999999,0.0063486124,0.0011785020000000656,2
108,1778488936050,-0.0044413772,0.0060951124,0.00010990200000009047,2
109,1778488936053,-0.0044413772,0.0060951124,0.00010990200000009047,2
110,1778488936057,-0.004839177199999999,0.0068478124,0.0006520019999999693,2
111,1778488936060,-0.004839177199999999,0.0068478124,0.0006520019999999693,2
112,1778488936063,-0.004839177199999999,0.0068478124,0.0006520019999999693,2
113,1778488936066,-0.0044530772,0.0077253124,2.8002000000011337e-05,2
114,1778488936069,-0.0044530772,0.0077253124,2.8002000000011337e-05,2
115,1778488936073,-0.0045661771999999995,0.007717512400000001,-0.00016699799999993388,2
116,1778488936076,-0.0045661771999999995,0.007717512400000001,-0.00016699799999993388,2
117,1778488936079,-0.0045661771999999995,0.007717512400000001,-0.00016699799999993388,2
118,1778488936082,-0.0041449772,0.0074016124,0.00041800199999990177,2
119,1778488936086,-0.0041449772,0.0074016124,0.00041800199999990177,2
120,1778488936089,-0.0043438771999999995,0.0065709124,4.750200000007247e-05,2
121,1778488936092,-0.0043438771999999995,0.0065709124,4.750200000007247e-05,2
122,1778488936095,-0.0043438771999999995,0.0065709124,4.750200000007247e-05,2
123,1778488936098,-0.0043204772,0.0061263124,0.0004297020000000717,2
124,1778488936101,-0.0043204772,0.0061263124,0.0004297020000000717,2
0,1778488936126,-0.0046012772,0.0074484124,5.1401999999907064e-05,2
1,1778488936131,-0.004141077199999999,0.007475712400000001,0.0007456019999999963,2
2,1778488936187,-0.0037783771999999995,0.006567012400000001,-0.00012409799999997702,2
3,1778488936202,-0.0044023772,0.0073002124000000005,0.00041020200000001054,2
4,1778488936214,-0.004429677199999999,0.006153612400000001,0.00043360199999990627,2
5,1778488936231,-0.0046870772,0.007397712400000001,-0.0004087980000000036,2
6,1778488936260,-0.0041722771999999995,0.006477312400000001,-3.439800000000666e-05,2
7,1778488936263,-0.0041722771999999995,0.006477312400000001,-3.439800000000666e-05,2
8,1778488936266,-0.0040981772,0.0066138124,0.00044920199999991077,2
9,1778488936343,-0.0040981772,0.0066138124,0.00044920199999991077,2
10,1778488936347,-0.0045661771999999995,0.0071793124,-0.00022159800000006065,2
11,1778488936350,-0.0045661771999999995,0.0071793124,-0.00022159800000006065,2
12,1778488936354,-0.0049210771999999995,0.0062589124,0.0007222019999998785,2
13,1778488936357,-0.0049210771999999995,0.0062589124,0.0007222019999998785,2
14,1778488936360,-0.0049210771999999995,0.005989812400000001,0.0005467019999999944,2
15,1778488936363,-0.0046636772,0.005989812400000001,0.0005467019999999944,2
16,1778488936366,-0.0046636772,0.005989812400000001,0.0005467019999999944,2
17,1778488936370,-0.0043243772,0.0064266124,0.0010108020000000727,2
18,1778488936373,-0.0043243772,0.0064266124,0.0010108020000000727,2
19,1778488936376,-0.0039889771999999995,0.007487412400000001,0.0007027020000000394,2
20,1778488936379,-0.0039889771999999995,0.007487412400000001,0.0007027020000000394,2
21,1778488936383,-0.0039889771999999995,0.007487412400000001,0.0007027020000000394,2
22,1778488936386,-0.0040591772,0.007631712400000001,0.0005311019999999899,2
23,1778488936389,-0.0040591772,0.007631712400000001,0.0005311019999999899,2
24,1778488936392,-0.0039577772,0.0077136124,0.0003244019999998748,2
25,1778488936395,-0.0039577772,0.0077136124,0.0003244019999998748,2
26,1778488936399,-0.0039577772,0.0077136124,0.0003244019999998748,2
27,1778488936402,-0.0044140772,0.0064266124,-0.0004555980000000171,2
28,1778488936405,-0.0044140772,0.0064266124,-0.0004555980000000171,2
29,1778488936408,-0.0044140772,0.006134112400000001,0.00046480199999991527,2
30,1778488936411,-0.0043555772,0.006134112400000001,0.00046480199999991527,2
31,1778488936414,-0.0043555772,0.006134112400000001,0.00046480199999991527,2
32,1778488936418,-0.0046324771999999995,0.0056973124,-0.0007831980000000006,2
33,1778488936421,-0.0046324771999999995,0.0056973124,-0.0007831980000000006,2
34,1778488936424,-0.0044920772,0.0070818124,0.001237002000000027,2
35,1778488936427,-0.0044920772,0.0070818124,0.001237002000000027,2
36,1778488936431,-0.0044920772,0.0070818124,0.001237002000000027,2
37,1778488936434,-0.0042307772,0.0076278124,-0.00040099800000000137,2
38,1778488936437,-0.0042307772,0.0076278124,-0.00040099800000000137,2
39,1778488936440,-0.0043087772,0.007768212400000002,0.0006988019999999828,2
40,1778488936443,-0.0043087772,0.007768212400000002,0.0006988019999999828,2
41,1778488936447,-0.0043087772,0.007768212400000002,0.0006988019999999828,2
42,1778488936450,-0.0039928772,0.0076824124000000014,0.0002737020000000267,2
43,1778488936453,-0.0039928772,0.0076824124000000014,0.0002737020000000267,2
44,1778488936456,-0.0044608771999999994,0.006212112400000001,0.0011980019999999047,2
45,1778488936459,-0.0044608771999999994,0.006212112400000001,0.0011980019999999047,2
46,1778488936463,-0.0044608771999999994,0.006212112400000001,0.0011980019999999047,2
47,1778488936466,-0.0045583772,0.0058923124,0.00017620199999994306,2
48,1778488936469,-0.0045583772,0.0058923124,0.00017620199999994306,2
49,1778488936472,-0.0047806772,0.005911812400000001,0.0009718019999999505,2
50,1778488936475,-0.0047806772,0.005911812400000001,0.0009718019999999505,2
51,1778488936479,-0.0047806772,0.005911812400000001,0.0009718019999999505,2
52,1778488936482,-0.0043438771999999995,0.007230012400000001,0.0003205020000000402,2
53,1778488936485,-0.0043438771999999995,0.007230012400000001,0.0003205020000000402,2
54,1778488936488,-0.0041059771999999994,0.0073119124,0.00016840200000005183,2
55,1778488936491,-0.0041059771999999994,0.0073119124,0.00016840200000005183,2
56,1778488936495,-0.0041059771999999994,0.0073119124,0.00016840200000005183,2
57,1778488936498,-0.0036925772,0.0081114124,0.0006832019999999783,2
58,1778488936501,-0.0036925772,0.0081114124,0.0006832019999999783,2
59,1778488936504,-0.0038836771999999995,0.0068595124,-0.0009118979999999822,2
60,1778488936507,-0.0038836771999999995,0.0068595124,-0.0009118979999999822,2
61,1778488936511,-0.0038836771999999995,0.0068595124,-0.0009118979999999822,2
62,1778488936514,-0.004273677199999999,0.0065943124,0.0009133019999999891,2
63,1778488936517,-0.004273677199999999,0.0065943124,0.0009133019999999891,2
64,1778488936521,-0.0046090772,0.006079512400000001,-0.0008260980000000685,2
65,1778488936524,-0.0046090772,0.006079512400000001,-0.0008260980000000685,2
66,1778488936527,-0.0046090772,0.006079512400000001,-0.0008260980000000685,2
67,1778488936530,-0.0049093771999999996,0.006543612400000001,0.0011356019999998867,2
68,1778488936533,-0.0049093771999999996,0.006543612400000001,0.0011356019999998867,2
69,1778488936536,-0.004628577199999999,0.0073665124000000005,8.501999999950202e-06,2
70,1778488936540,-0.004628577199999999,0.0073665124000000005,8.501999999950202e-06,2
71,1778488936543,-0.004628577199999999,0.0073665124000000005,8.501999999950202e-06,2
72,1778488936546,-0.0043867772,0.007721412399999999,0.001081001999999982,2
73,1778488936549,-0.0043867772,0.007721412399999999,0.001081001999999982,2
74,1778488936553,-0.004129377199999999,0.007740912400000001,0.0005038020000000375,2
75,1778488936556,-0.004129377199999999,0.007740912400000001,0.0005038020000000375,2
76,1778488936559,-0.004129377199999999,0.007740912400000001,0.0005038020000000375,2
77,1778488936562,-0.003985077199999999,0.006855612400000001,0.0009328020000000502,2
78,1778488936565,-0.003985077199999999,0.006855612400000001,0.0009328020000000502,2
79,1778488936568,-0.0041644772,0.0060288124,0.00036340199999999705,2
80,1778488936572,-0.0041644772,0.0060288124,0.00036340199999999705,2
81,1778488936575,-0.0041644772,0.0060288124,0.00036340199999999705,2
82,1778488936578,-0.0045232772,0.005490612400000001,0.00041020200000001054,2
83,1778488936581,-0.0045232772,0.005490612400000001,0.00041020200000001054,2
84,1778488936584,-0.0044647772,0.0067932124,0.0001021019999999772,2
85,1778488936588,-0.0044647772,0.0067932124,0.0001021019999999772,2
86,1778488936591,-0.0044647772,0.0067932124,0.0001021019999999772,2
87,1778488936594,-0.0044881771999999995,0.0071247124,0.0002893020000000312,2
88,1778488936597,-0.0044881771999999995,0.0071247124,0.0002893020000000312,2
89,1778488936601,-0.0039577772,0.008150412400000001,0.0005467019999999944,2
90,1778488936604,-0.0039577772,0.008150412400000001,0.0005467019999999944,2
91,1778488936607,-0.0039577772,0.008150412400000001,0.0005467019999999944,2
92,1778488936610,-0.0038329771999999996,0.007397712400000001,-0.0001318980000000903,2
93,1778488936613,-0.0038329771999999996,0.007397712400000001,-0.0001318980000000903,2
94,1778488936617,-0.0040552771999999996,0.006723012400000001,0.0009913020000000116,2
95,1778488936620,-0.0040552771999999996,0.006723012400000001,0.0009913020000000116,2
96,1778488936623,-0.0040552771999999996,0.006723012400000001,0.0009913020000000116,2
97,1778488936626,-0.0042112772,0.006044412400000001,0.00025420199999996555,2
98,1778488936629,-0.0042112772,0.006044412400000001,0.00025420199999996555,2
99,1778488936633,-0.0046441772,0.0059937124,0.0005896019999999513,2
100,1778488936636,-0.0046441772,0.0059937124,0.0005896019999999513,2
101,1778488936639,-0.0046441772,0.0059937124,0.0005896019999999513,2
102,1778488936642,-0.0046714771999999995,0.0069687124,0.0001801019999999997,2
103,1778488936645,-0.0046714771999999995,0.0069687124,0.0001801019999999997,2
104,1778488936649,-0.0047533772,0.0075225124,0.0008821019999999801,2
105,1778488936652,-0.0047533772,0.0075225124,0.0008821019999999801,2
106,1778488936655,-0.0047533772,0.0075225124,0.0008821019999999801,2
107,1778488936658,-0.0045154772,0.0077838123999999995,-0.00010849799999997252,2
108,1778488936661,-0.0045154772,0.0077838123999999995,-0.00010849799999997252,2
109,1778488936671,-0.0041995771999999995,0.0071247124,0.0009328020000000502,2
110,1778488936674,-0.003996777199999999,0.0064968123999999995,-2.6598000000115432e-05,2
111,1778488936678,-0.003996777199999999,0.0064968123999999995,-2.6598000000115432e-05,2
112,1778488936681,-0.004261977199999999,0.0056817124,0.00012550199999987292,2
113,1778488936684,-0.004261977199999999,0.0056817124,0.00012550199999987292,2
114,1778488936687,-0.004261977199999999,0.0056817124,0.00012550199999987292,2
115,1778488936690,-0.0041371772,0.0067074123999999995,0.00045700200000002404,2
116,1778488936694,-0.0041371772,0.0067074123999999995,0.00045700200000002404,2
117,1778488936697,-0.0045349772,0.0070038124,-0.0007363979999999871,2
118,1778488936700,-0.0045349772,0.0070038124,-0.0007363979999999871,2
119,1778488936704,-0.0045349772,0.0078462124,0.0004375019999999629,2
120,1778488936707,-0.0046441772,0.0078462124,0.0004375019999999629,2
121,1778488936710,-0.0046441772,0.0078462124,0.0004375019999999629,2
122,1778488936714,-0.0043672772,0.0072924124,-0.00018649799999999501,2
123,1778488936717,-0.0043672772,0.0072924124,-0.00018649799999999501,2
124,1778488936720,-0.0041800772,0.0068517123999999995,0.0010732020000000907,2
0,1778488936740,-0.004207377199999999,0.0059391124,0.0009991019999999028,2
1,1778488936743,-0.004207377199999999,0.0059391124,0.0009991019999999028,2
2,1778488936746,-0.0042424772,0.006489012400000001,5.1401999999907064e-05,2
3,1778488936796,-0.004129377199999999,0.006687912400000001,0.0005701019999998901,2
4,1778488936905,-0.004129377199999999,0.006687912400000001,0.0002815019999999179,2
5,1778488936909,-0.004219077199999999,0.0068907124,0.0001489019999999907,2
6,1778488936913,-0.0040318772,0.0075381124,0.0005779020000000034,2
7,1778488936916,-0.0040318772,0.0075381124,0.0005779020000000034,2
8,1778488936920,-0.0039928772,0.007709712399999999,0.0003088020000000923,2
9,1778488936924,-0.0039928772,0.007709712399999999,0.0003088020000000923,2
10,1778488936927,-0.0039928772,0.007709712399999999,0.0003673020000000537,2
11,1778488936930,-0.0041566772,0.0070389124,0.0003673020000000537,2
12,1778488936934,-0.0041566772,0.0070389124,0.0003673020000000537,2
13,1778488936937,-0.0044764772,0.006387612400000001,0.00011380199999992506,2
14,1778488936940,-0.0044764772,0.006387612400000001,0.00011380199999992506,2
15,1778488936943,-0.0044764772,0.006387612400000001,0.0007339020000000484,2
16,1778488936946,-0.0044920772,0.005755812400000001,0.0007339020000000484,2
17,1778488936949,-0.0044920772,0.005755812400000001,0.0007339020000000484,2
18,1778488936953,-0.0043828771999999995,0.0064149124,0.00013720200000004283,2
19,1778488936956,-0.0043828771999999995,0.0064149124,0.00013720200000004283,2
20,1778488936959,-0.0043828771999999995,0.0064149124,0.0005662020000000555,2
21,1778488936962,-0.0043243772,0.0069492124,0.0005662020000000555,2
22,1778488936966,-0.0043243772,0.0069492124,0.0005662020000000555,2
23,1778488936969,-0.0040123772,0.0079437124,0.00014500199999993406,2
24,1778488936972,-0.0040123772,0.0079437124,0.00014500199999993406,2
25,1778488936975,-0.0040123772,0.0079437124,-6.94980000000723e-05,2
26,1778488936978,-0.0042658772,0.0075576124,-6.94980000000723e-05,2
27,1778488936982,-0.0042658772,0.0075576124,-6.94980000000723e-05,2
28,1778488936985,-0.0043438771999999995,0.006921912400000001,0.0005584019999999423,2
29,1778488936988,-0.0043438771999999995,0.006921912400000001,0.0005584019999999423,2
30,1778488936991,-0.0043438771999999995,0.006921912400000001,8.501999999950202e-06,2
31,1778488936994,-0.0047923772,0.0059469124000000005,8.501999999950202e-06,2
32,1778488936998,-0.0047923772,0.0059469124000000005,8.501999999950202e-06,2
33,1778488937001,-0.004651977199999999,0.0056193124,0.00048040199999991977,2
34,1778488937005,-0.004651977199999999,0.0056193124,0.00048040199999991977,2
35,1778488937008,-0.0045232772,0.0063798124000000005,0.00020350199999989542,2
36,1778488937012,-0.0045232772,0.0063798124000000005,0.00020350199999989542,2
37,1778488937015,-0.0045232772,0.0063798124000000005,0.0006052019999999558,2
38,1778488937018,-0.0042658772,0.0074484124,0.0006052019999999558,2
39,1778488937022,-0.0042658772,0.0074484124,0.0006052019999999558,2
40,1778488937025,-0.0040123772,0.0080958124,0.00033220199999998805,2
41,1778488937028,-0.0040123772,0.0080958124,0.00033220199999998805,2
42,1778488937031,-0.0040123772,0.0080958124,0.0005545019999998856,2
43,1778488937034,-0.0039031771999999995,0.0076395123999999995,0.0005545019999998856,2
44,1778488937038,-0.0039031771999999995,0.0076395123999999995,0.0005545019999998856,2
45,1778488937041,-0.0043204772,0.006777612400000001,-0.00036589800000004676,2
46,1778488937044,-0.0043204772,0.006777612400000001,-0.00036589800000004676,2
47,1778488937047,-0.0043204772,0.006777612400000001,0.0005974020000000645,2
48,1778488937050,-0.0045895772,0.0057870123999999995,0.0005974020000000645,2
49,1778488937054,-0.0045895772,0.0057870123999999995,0.0005974020000000645,2
50,1778488937057,-0.0046090772,0.0062277124,-0.00018649799999999501,2
51,1778488937060,-0.0046090772,0.0062277124,-0.00018649799999999501,2
52,1778488937063,-0.0046090772,0.006820512400000001,0.00033220199999998805,2
53,1778488937067,-0.0047650772,0.006820512400000001,0.00033220199999998805,2
54,1778488937070,-0.0047650772,0.006820512400000001,0.00033220199999998805,2
55,1778488937074,-0.0042775771999999995,0.0080412124,0.0005428019999999378,2
56,1778488937077,-0.0042775771999999995,0.0080412124,0.0005428019999999378,2
57,1778488937080,-0.004141077199999999,0.007764312400000001,-0.00013969799999998152,2
58,1778488937083,-0.004141077199999999,0.007764312400000001,-0.00013969799999998152,2
59,1778488937086,-0.004141077199999999,0.007764312400000001,-0.00013969799999998152,2
60,1778488937090,-0.0039772772,0.007475712400000001,0.0005233019999998766,2
61,1778488937093,-0.0039772772,0.007475712400000001,0.0005233019999998766,2
62,1778488937096,-0.0038914771999999996,0.0065241124000000005,0.0003283019999999314,2
63,1778488937099,-0.0038914771999999996,0.0065241124000000005,0.0003283019999999314,2
64,1778488937103,-0.0038914771999999996,0.0065241124000000005,0.0003283019999999314,2
65,1778488937106,-0.0044803772,0.0057753124,0.0002932020000000878,2
66,1778488937110,-0.0044803772,0.0057753124,0.0002932020000000878,2
67,1778488937113,-0.0048079772,0.006134112400000001,0.00010600200000003383,2
68,1778488937117,-0.0048079772,0.006134112400000001,0.00010600200000003383,2
69,1778488937120,-0.0047026772,0.0072027124,0.0007924020000000098,2
70,1778488937123,-0.0047026772,0.0072027124,0.0007924020000000098,2
71,1778488937126,-0.0047026772,0.0072027124,0.0007924020000000098,2
72,1778488937129,-0.0043711772,0.0080256124,0.0001801019999999997,2
73,1778488937133,-0.0043711772,0.0080256124,0.0001801019999999997,2
74,1778488937136,-0.0040357772,0.007779912400000002,0.0010732020000000907,2
75,1778488937139,-0.0040357772,0.007779912400000002,0.0010732020000000907,2
76,1778488937142,-0.0040357772,0.007779912400000002,0.0010732020000000907,2
77,1778488937145,-0.0038329771999999996,0.0069492124,0.000769001999999892,2
78,1778488937149,-0.0038329771999999996,0.0069492124,0.000769001999999892,2
79,1778488937152,-0.0040162772,0.005798712400000001,0.0014164019999999677,2
80,1778488937155,-0.0040162772,0.005798712400000001,0.0014164019999999677,2
81,1778488937158,-0.0040162772,0.005798712400000001,0.0014164019999999677,2
82,1778488937161,-0.0043750772,0.0062160124,0.0009796020000000637,2
83,1778488937165,-0.0043750772,0.0062160124,0.0009796020000000637,2
84,1778488937168,-0.0044569772,0.0060405124,0.00010990200000009047,2
85,1778488937171,-0.0044569772,0.0060405124,0.00010990200000009047,2
86,1778488937175,-0.0044569772,0.0060405124,0.00010990200000009047,2
87,1778488937178,-0.0045583772,0.0076824124000000014,0.0003439019999999359,2
88,1778488937181,-0.0045583772,0.0076824124000000014,0.0003439019999999359,2
89,1778488937184,-0.0044530772,0.007631712400000001,-0.0007558980000000482,2
90,1778488937187,-0.0044530772,0.007631712400000001,-0.0007558980000000482,2
91,1778488937191,-0.0044530772,0.007631712400000001,-0.0007558980000000482,2
92,1778488937194,-0.0043243772,0.0077994124000000005,-0.0003463979999999856,2
93,1778488937197,-0.0043243772,0.0077994124000000005,-0.0003463979999999856,2
94,1778488937200,-0.0040786772,0.0067464124,-0.000560897999999992,2
95,1778488937204,-0.0040786772,0.0067464124,-0.000560897999999992,2
96,1778488937207,-0.0040786772,0.0066489124,-0.0003307979999999811,2
97,1778488937211,-0.0043087772,0.0066489124,-0.0003307979999999811,2
98,1778488937214,-0.0043087772,0.0066489124,-0.0003307979999999811,2
99,1778488937218,-0.004507677199999999,0.006344712400000001,-0.0003463979999999856,2
100,1778488937221,-0.004507677199999999,0.006344712400000001,-0.0003463979999999856,2
101,1778488937224,-0.0048118772,0.0072144124,0.001517801999999886,2
102,1778488937227,-0.0048118772,0.0072144124,0.001517801999999886,2
103,1778488937230,-0.0048118772,0.0072144124,0.001517801999999886,2
104,1778488937234,-0.0047221772,0.007288512400000001,0.0001333019999999862,2
105,1778488937237,-0.0047221772,0.007288512400000001,0.0001333019999999862,2
106,1778488937240,-0.0044218771999999995,0.007631712400000001,0.0018844019999998806,2
107,1778488937243,-0.0044218771999999995,0.007631712400000001,0.0018844019999998806,2
108,1778488937247,-0.0044218771999999995,0.007631712400000001,0.0018844019999998806,2
109,1778488937250,-0.0040864772,0.0070740123999999995,0.0005584019999999423,2
110,1778488937254,-0.0040864772,0.0070740123999999995,0.0005584019999999423,2
111,1778488937258,-0.0040942771999999995,0.005865012400000001,0.0011902020000000135,2
112,1778488937261,-0.0040942771999999995,0.005865012400000001,0.0011902020000000135,2
113,1778488937264,-0.0038290772,0.006122412400000001,0.0009601020000000026,2
114,1778488937268,-0.0038290772,0.006122412400000001,0.0009601020000000026,2
115,1778488937271,-0.0038290772,0.006122412400000001,-3.439800000000666e-05,2
116,1778488937274,-0.0037666771999999996,0.0061497124,-3.439800000000666e-05,2
117,1778488937277,-0.0037666771999999996,0.0061497124,-3.439800000000666e-05,2
118,1778488937281,-0.0041995771999999995,0.0071793124,-0.00028789799999991324,2
119,1778488937284,-0.0041995771999999995,0.0071793124,-0.00028789799999991324,2
120,1778488937287,-0.0041995771999999995,0.0071793124,-0.00010849799999997252,2
121,1778488937294,-0.003985077199999999,0.008068512400000002,-0.00010849799999997252,2
122,1778488937297,-0.0045193772,0.0079203124,-0.00012409799999997702,2
123,1778488937301,-0.0045193772,0.0079203124,-0.00012409799999997702,2
124,1778488937304,-0.0046675772,0.0068244124,5.9202000000020336e-05,2
0,1778488937490,-0.0041605772,0.0072183123999999994,0.0002269020000000132,2
1,1778488937493,-0.0041605772,0.0072183123999999994,0.0002269020000000132,2
2,1778488937496,-0.0038953772,0.007354812400000001,0.00044920199999991077,2
3,1778488937500,-0.0038953772,0.007354812400000001,0.00044920199999991077,2
4,1778488937503,-0.0038953772,0.007354812400000001,0.0007495020000000529,2
5,1778488937506,-0.0038056771999999996,0.0082791124,0.0007495020000000529,2
6,1778488937509,-0.0038056771999999996,0.0082791124,0.0007495020000000529,2
7,1778488937512,-0.0038758772,0.0069726124,4.601999999893566e-06,2
8,1778488937515,-0.0038758772,0.0069726124,4.601999999893566e-06,2
9,1778488937519,-0.0038758772,0.0069726124,4.601999999893566e-06,2
10,1778488937522,-0.0045427772,0.006145812400000001,0.0007534019999998875,2
11,1778488937525,-0.0045427772,0.006145812400000001,0.0007534019999998875,2
12,1778488937528,-0.004983477199999999,0.0053814124000000005,-0.000217698000000004,2
13,1778488937531,-0.004983477199999999,0.0053814124000000005,-0.000217698000000004,2
14,1778488937535,-0.004983477199999999,0.0053814124000000005,-0.000217698000000004,2
15,1778488937538,-0.0050965772,0.006188712400000001,0.0003595019999999404,2
16,1778488937541,-0.0050965772,0.006188712400000001,0.0003595019999999404,2
17,1778488937544,-0.0046714771999999995,0.0073587124,-7.098000000054297e-06,2
18,1778488937547,-0.0046714771999999995,0.0073587124,-7.098000000054297e-06,2
19,1778488937551,-0.0046714771999999995,0.0073587124,-7.098000000054297e-06,2
20,1778488937554,-0.0043594772,0.0079398124,0.0003283019999999314,2
21,1778488937557,-0.0043594772,0.0079398124,0.0003283019999999314,2
22,1778488937560,-0.004051377199999999,0.007889112399999999,0.0004609020000000807,2
23,1778488937563,-0.004051377199999999,0.007889112399999999,0.0004609020000000807,2
24,1778488937566,-0.004051377199999999,0.007889112399999999,0.0004609020000000807,2
25,1778488937570,-0.0040279771999999995,0.006777612400000001,-1.879800000000216e-05,2
26,1778488937573,-0.0040279771999999995,0.006777612400000001,-1.879800000000216e-05,2
27,1778488937576,-0.004250277199999999,0.0060834124,0.00044920199999991077,2
28,1778488937579,-0.004250277199999999,0.0060834124,0.00044920199999991077,2
29,1778488937582,-0.004250277199999999,0.0060834124,0.00044920199999991077,2
30,1778488937586,-0.004339977199999999,0.0054633124,0.0005350020000000465,2
31,1778488937589,-0.004339977199999999,0.0054633124,0.0005350020000000465,2
32,1778488937592,-0.0045271771999999995,0.0066138124,0.0007300019999999918,2
33,1778488937595,-0.0045271771999999995,0.0066138124,0.0007300019999999918,2
34,1778488937598,-0.0045271771999999995,0.0066138124,0.0007300019999999918,2
35,1778488937602,-0.0043087772,0.0070818124,7.870200000008147e-05,2
36,1778488937605,-0.0043087772,0.0070818124,7.870200000008147e-05,2
37,1778488937608,-0.0043048771999999996,0.007842312399999999,0.0009835019999998983,2
38,1778488937611,-0.0043048771999999996,0.007842312399999999,0.0009835019999998983,2
39,1778488937614,-0.0043048771999999996,0.007842312399999999,0.0009835019999998983,2
40,1778488937617,-0.0038368772,0.007296312400000001,7.480200000002483e-05,2
41,1778488937621,-0.0038368772,0.007296312400000001,7.480200000002483e-05,2
42,1778488937624,-0.0043477772,0.0066801124,0.0009406019999999415,2
43,1778488937627,-0.0043477772,0.0066801124,0.0009406019999999415,2
44,1778488937630,-0.0043477772,0.0066801124,0.0009406019999999415,2
45,1778488937633,-0.0042229772,0.006021012400000001,0.00021520200000006533,2
46,1778488937637,-0.0042229772,0.006021012400000001,0.00021520200000006533,2
47,1778488937640,-0.0046753772,0.0062082123999999995,0.0001645019999999952,2
48,1778488937643,-0.0046753772,0.0062082123999999995,0.0001645019999999952,2
49,1778488937646,-0.0046753772,0.0062082123999999995,0.0001645019999999952,2
50,1778488937649,-0.0048898772,0.0070350124,0.0006403020000000214,2
51,1778488937653,-0.0048898772,0.0070350124,0.0006403020000000214,2
52,1778488937656,-0.0047806772,0.0079437124,-0.00017089799999999052,2
53,1778488937659,-0.0047806772,0.0079437124,-0.00017089799999999052,2
54,1778488937662,-0.0047806772,0.0079437124,-0.00017089799999999052,2
55,1778488937665,-0.0045427772,0.008091912400000002,0.0003595019999999404,2
56,1778488937669,-0.0045427772,0.008091912400000002,0.0003595019999999404,2
57,1778488937672,-0.0043048771999999996,0.007077912400000001,5.53019999999637e-05,2
58,1778488937675,-0.0043048771999999996,0.007077912400000001,5.53019999999637e-05,2
59,1778488937678,-0.0043048771999999996,0.007077912400000001,5.53019999999637e-05,2
60,1778488937695,-0.0040474772,0.0057948124,0.0006676019999999738,2
61,1778488937698,-0.0041098772,0.006567012400000001,0.0006676019999999738,2
62,1778488937702,-0.0041098772,0.006567012400000001,0.0006676019999999738,2
63,1778488937705,-0.0041878772,0.0070116124000000005,-0.0007714980000000527,2
64,1778488937708,-0.0041878772,0.0070116124000000005,-0.0007714980000000527,2
65,1778488937711,-0.0041878772,0.007959312400000002,0.0005896019999999513,2
66,1778488937714,-0.0043672772,0.007959312400000002,0.0005896019999999513,2
67,1778488937718,-0.0043672772,0.007959312400000002,0.0005896019999999513,2
68,1778488937721,-0.0042424772,0.0073470124,0.001006902000000016,2
69,1778488937724,-0.0042424772,0.0073470124,0.001006902000000016,2
70,1778488937727,-0.0042424772,0.006609912400000001,0.0005623019999999989,2
71,1778488937730,-0.0043087772,0.006609912400000001,0.0005623019999999989,2
72,1778488937733,-0.0043087772,0.006609912400000001,0.0005623019999999989,2
73,1778488937737,-0.004195677199999999,0.0060366124,-6.169799999995902e-05,2
74,1778488937740,-0.004195677199999999,0.0060366124,-6.169799999995902e-05,2
75,1778488937743,-0.004195677199999999,0.0062082123999999995,0.000925001999999937,2
76,1778488937746,-0.004285377199999999,0.0062082123999999995,0.000925001999999937,2
77,1778488937749,-0.004285377199999999,0.0062082123999999995,0.000925001999999937,2
78,1778488937753,-0.004406277199999999,0.0066489124,0.0004960019999999243,2
79,1778488937756,-0.004406277199999999,0.0066489124,0.0004960019999999243,2
80,1778488937759,-0.004406277199999999,0.007698012399999999,0.0007846019999998965,2
81,1778488937762,-0.0047221772,0.007698012399999999,0.0007846019999998965,2
82,1778488937765,-0.0047221772,0.007698012399999999,0.0007846019999998965,2
83,1778488937769,-0.0046480772,0.007768212400000002,7.480200000002483e-05,2
84,1778488937772,-0.0046480772,0.007768212400000002,7.480200000002483e-05,2
85,1778488937775,-0.0046480772,0.007768212400000002,-0.000467297999999965,2
86,1778488937778,-0.0044803772,0.007241712400000001,-0.000467297999999965,2
87,1778488937781,-0.0044803772,0.007241712400000001,-0.000467297999999965,2
88,1778488937785,-0.0044101772,0.0064500124,0.00045700200000002404,2
89,1778488937788,-0.0044101772,0.0064500124,0.00045700200000002404,2
90,1778488937791,-0.0044101772,0.0059976123999999995,-0.00022939799999995188,2
91,1778488937794,-0.0043438771999999995,0.0059976123999999995,-0.00022939799999995188,2
92,1778488937798,-0.0043438771999999995,0.0059976123999999995,-0.00022939799999995188,2
93,1778488937801,-0.0043204772,0.0063369124,0.0006910020000000915,2
94,1778488937804,-0.0043204772,0.0063369124,0.0006910020000000915,2
95,1778488937807,-0.0043204772,0.007097412400000001,-0.0003151979999999766,2
96,1778488937810,-0.0039928772,0.007097412400000001,-0.0003151979999999766,2
97,1778488937814,-0.0039928772,0.007097412400000001,-0.0003151979999999766,2
98,1778488937817,-0.0044257772,0.007464012400000001,0.0003088020000000923,2
99,1778488937820,-0.0044257772,0.007464012400000001,0.0003088020000000923,2
100,1778488937823,-0.0044257772,0.007889112399999999,0.0006091020000000124,2
101,1778488937826,-0.004152777199999999,0.007889112399999999,0.0006091020000000124,2
102,1778488937830,-0.004152777199999999,0.007889112399999999,0.0006091020000000124,2
103,1778488937833,-0.004273677199999999,0.0068283124,4.3602000000015836e-05,2
104,1778488937836,-0.004273677199999999,0.0068283124,4.3602000000015836e-05,2
105,1778488937839,-0.004141077199999999,0.006231612400000001,0.0003751019999999449,2
106,1778488937843,-0.004141077199999999,0.006231612400000001,0.0003751019999999449,2
107,1778488937846,-0.004141077199999999,0.006231612400000001,0.0003751019999999449,2
108,1778488937849,-0.0041215772,0.0059274124,0.00040240199999989727,2
109,1778488937852,-0.0041215772,0.0059274124,0.00040240199999989727,2
110,1778488937856,-0.0041761772,0.0064461124000000005,0.0005662020000000555,2
111,1778488937859,-0.0041761772,0.0064461124000000005,0.0005662020000000555,2
112,1778488937862,-0.0041761772,0.0064461124000000005,0.0005662020000000555,2
113,1778488937865,-0.0043360772,0.0070935124,0.00018790199999989092,2
114,1778488937874,-0.0044491771999999995,0.007842312399999999,0.0006520019999999693,2
115,1778488937877,-0.0044491771999999995,0.007842312399999999,0.0006520019999999693,2
116,1778488937880,-0.0045700772,0.0075498124,-0.000217698000000004,2
117,1778488937884,-0.0045700772,0.0075498124,-0.000217698000000004,2
118,1778488937887,-0.0045700772,0.0075498124,0.0009640020000000592,2
119,1778488937890,-0.0048001772,0.0067737124,0.0009640020000000592,2
120,1778488937893,-0.0048001772,0.0067737124,0.0009640020000000592,2
121,1778488937896,-0.0046675772,0.0061146124,-0.00041659800000000587,2
122,1778488937900,-0.0046675772,0.0061146124,-0.00041659800000000587,2
123,1778488937903,-0.0046675772,0.0061146124,0.0008509019999999711,2
124,1778488937906,-0.0048781772,0.0060288124,0.0008509019999999711,2
0,1778488937926,-0.0041761772,0.0075459124,0.0002815019999999179,2
1,1778488937929,-0.0041878772,0.0078579124,0.00046480199999991527,2
2,1778488937932,-0.0041878772,0.0078579124,0.00046480199999991527,2
3,1778488937935,-0.0041878772,0.0069921124,0.0002425020000000177,2
4,1778488937938,-0.0041488772,0.0069921124,0.0002425020000000177,2
5,1778488937942,-0.0041488772,0.0069921124,0.0002425020000000177,2
6,1778488937945,-0.004117677199999999,0.0062589124,0.0003049020000000357,2
7,1778488937998,-0.004117677199999999,0.0062589124,0.0003049020000000357,2
8,1778488938001,-0.0048430771999999995,0.0064188124,-0.00011239800000002916,2
9,1778488938085,-0.0041566772,0.007873512400000001,0.001786902000000019,2
10,1778488938111,-0.0048352772,0.005810412400000001,0.0006715020000000304,2
11,1778488938115,-0.0048352772,0.005810412400000001,0.0006715020000000304,2
12,1778488938118,-0.0048352772,0.005810412400000001,0.0006715020000000304,2
13,1778488938121,-0.004749477199999999,0.0065241124000000005,0.00016840200000005183,2
14,1778488938124,-0.004749477199999999,0.0065241124000000005,0.00016840200000005183,2
15,1778488938127,-0.004772877199999999,0.007210512400000001,0.00016060199999993856,2
16,1778488938131,-0.004772877199999999,0.007210512400000001,0.00016060199999993856,2
17,1778488938134,-0.004772877199999999,0.007210512400000001,0.00016060199999993856,2
18,1778488938137,-0.0043438771999999995,0.0082440124,0.0001333019999999862,2
19,1778488938140,-0.0043438771999999995,0.0082440124,0.0001333019999999862,2
20,1778488938143,-0.0042775771999999995,0.0073782124000000004,0.00025420199999996555,2
21,1778488938147,-0.0042775771999999995,0.0073782124000000004,0.00025420199999996555,2
22,1778488938150,-0.0042775771999999995,0.0073782124000000004,0.00025420199999996555,2
23,1778488938153,-0.0040006772,0.007054512400000001,0.0008041019999999576,2
24,1778488938156,-0.0040006772,0.007054512400000001,0.0008041019999999576,2
25,1778488938159,-0.004141077199999999,0.005588112400000001,1.2402000000006838e-05,2
26,1778488938163,-0.004141077199999999,0.005588112400000001,1.2402000000006838e-05,2
27,1778488938166,-0.004141077199999999,0.005588112400000001,1.2402000000006838e-05,2
28,1778488938169,-0.0042814772,0.0063837124,0.0012760019999999272,2
29,1778488938172,-0.0042814772,0.0063837124,0.0012760019999999272,2
30,1778488938175,-0.0044881771999999995,0.0063798124000000005,-0.0007870980000000572,2
31,1778488938178,-0.0044881771999999995,0.0063798124000000005,-0.0007870980000000572,2
32,1778488938182,-0.0044881771999999995,0.0063798124000000005,-0.0007870980000000572,2
33,1778488938185,-0.004152777199999999,0.007815012400000002,0.0015841019999999605,2
34,1778488938188,-0.004152777199999999,0.007815012400000002,0.0015841019999999605,2
35,1778488938191,-0.004152777199999999,0.007717512400000001,-0.0008884979999999754,2
36,1778488938194,-0.0040825772,0.007717512400000001,-0.0008884979999999754,2
37,1778488938198,-0.0040825772,0.007717512400000001,-0.0008884979999999754,2
38,1778488938201,-0.0042307772,0.0073899124,0.0011083019999999343,2
39,1778488938204,-0.0042307772,0.0073899124,0.0011083019999999343,2
40,1778488938207,-0.0042307772,0.006411012400000001,-7.729799999996352e-05,2
41,1778488938210,-0.0041995771999999995,0.006411012400000001,-7.729799999996352e-05,2
42,1778488938214,-0.0041995771999999995,0.006411012400000001,-7.729799999996352e-05,2
43,1778488938217,-0.0043438771999999995,0.005935212400000001,0.0010771019999999253,2
44,1778488938220,-0.0043438771999999995,0.005935212400000001,0.0010771019999999253,2
45,1778488938223,-0.0043438771999999995,0.0061614124,-8.119800000002016e-05,2
46,1778488938226,-0.0044023772,0.0061614124,-8.119800000002016e-05,2
47,1778488938230,-0.0044023772,0.0061614124,-8.119800000002016e-05,2
48,1778488938233,-0.0046675772,0.007077912400000001,0.0006169019999999036,2
49,1778488938236,-0.0046675772,0.007077912400000001,0.0006169019999999036,2
50,1778488938239,-0.004573977199999999,0.0078111124,0.00026980199999997005,2
51,1778488938242,-0.004573977199999999,0.0078111124,0.00026980199999997005,2
52,1778488938246,-0.004573977199999999,0.0078111124,0.00026980199999997005,2
53,1778488938249,-0.0043789772,0.0072378124,0.0003556019999998838,2
54,1778488938252,-0.0043789772,0.0072378124,0.0003556019999998838,2
55,1778488938255,-0.0041800772,0.0073392124,0.000893801999999928,2
56,1778488938258,-0.0041800772,0.0073392124,0.000893801999999928,2
57,1778488938262,-0.0041800772,0.0073392124,0.000893801999999928,2
58,1778488938265,-0.0040435772,0.006056112400000001,-0.00036589800000004676,2
59,1778488938278,-0.0040435772,0.006056112400000001,-0.00036589800000004676,2
60,1778488938281,-0.0041800772,0.006453912400000001,-0.0005179980000000351,2
61,1778488938285,-0.0041800772,0.006453912400000001,-0.0005179980000000351,2
62,1778488938288,-0.0042697772,0.007565412400000001,0.0009718019999999505,2
63,1778488938291,-0.0042697772,0.007565412400000001,0.0009718019999999505,2
64,1778488938295,-0.0042697772,0.007565412400000001,-0.0006037980000000599,2
65,1778488938298,-0.0043555772,0.0074367124,-0.0006037980000000599,2
66,1778488938301,-0.0043555772,0.0074367124,-0.0006037980000000599,2
67,1778488938304,-0.0045466772,0.0075147124,0.0008665019999999756,2
68,1778488938307,-0.0045466772,0.0075147124,0.0008665019999999756,2
69,1778488938311,-0.0045466772,0.0075147124,-0.0002761979999999654,2
70,1778488938314,-0.0044686772,0.006652812400000001,-0.0002761979999999654,2
71,1778488938317,-0.0044686772,0.006652812400000001,-0.0002761979999999654,2
72,1778488938320,-0.0043165771999999995,0.006243312400000001,0.0013267019999999973,2
73,1778488938323,-0.0043165771999999995,0.006243312400000001,0.0013267019999999973,2
74,1778488938326,-0.0043165771999999995,0.006243312400000001,-0.00020989800000011279,2
75,1778488938330,-0.004183977199999999,0.0063291124,-0.00020989800000011279,2
76,1778488938333,-0.004183977199999999,0.0063291124,-0.00020989800000011279,2
77,1778488938336,-0.0043009772,0.006910212400000001,0.001081001999999982,2
78,1778488938339,-0.0043009772,0.006910212400000001,0.001081001999999982,2
79,1778488938343,-0.0043009772,0.006910212400000001,0.00020740199999995206,2
80,1778488938346,-0.0043204772,0.0077019124,0.00020740199999995206,2
81,1778488938349,-0.0043204772,0.0077019124,0.00020740199999995206,2
82,1778488938352,-0.0046246772,0.0072066123999999995,0.00023080200000006983,2
83,1778488938355,-0.0046246772,0.0072066123999999995,0.00023080200000006983,2
84,1778488938358,-0.0046246772,0.0072066123999999995,0.0007846019999998965,2
85,1778488938362,-0.0044647772,0.0073704124,0.0007846019999998965,2
86,1778488938365,-0.0044647772,0.0073704124,0.0007846019999998965,2
87,1778488938368,-0.0043321772,0.006021012400000001,-0.00044389800000006925,2
88,1778488938371,-0.0043321772,0.006021012400000001,-0.00044389800000006925,2
89,1778488938374,-0.0043321772,0.006021012400000001,0.0009484020000000547,2
90,1778488938378,-0.0042151772,0.0062199123999999995,0.0009484020000000547,2
91,1778488938381,-0.0042151772,0.0062199123999999995,0.0009484020000000547,2
92,1778488938384,-0.0040942771999999995,0.006520212400000001,-0.00015139799999992938,2
93,1778488938387,-0.0040942771999999995,0.006520212400000001,-0.00015139799999992938,2
94,1778488938391,-0.0040942771999999995,0.006520212400000001,0.0011980019999999047,2
95,1778488938394,-0.0039148772,0.0073782124000000004,0.0011980019999999047,2
96,1778488938397,-0.0039148772,0.0073782124000000004,0.0011980019999999047,2
97,1778488938400,-0.0041098772,0.0074016124,-0.0005413980000000419,2
98,1778488938403,-0.0041098772,0.0074016124,-0.0005413980000000419,2
99,1778488938407,-0.0041098772,0.0074016124,0.0010771019999999253,2
100,1778488938410,-0.0041761772,0.0076902124,0.0010771019999999253,2
101,1778488938413,-0.0041761772,0.0076902124,0.0010771019999999253,2
102,1778488938416,-0.0045817772,0.0065475124,-0.0009079980000000366,2
103,1778488938419,-0.0045817772,0.0065475124,-0.0009079980000000366,2
104,1778488938423,-0.0045817772,0.0065475124,0.0011083019999999343,2
105,1778488938426,-0.0047143772,0.006399312400000001,0.0011083019999999343,2
106,1778488938429,-0.0047143772,0.006399312400000001,0.0011083019999999343,2
107,1778488938432,-0.0044803772,0.0064032124,-0.00018259799999993838,2
108,1778488938435,-0.0044803772,0.0064032124,-0.00018259799999993838,2
109,1778488938439,-0.0044803772,0.0064032124,0.0007105019999999306,2
110,1778488938442,-0.0045193772,0.0065943124,0.0007105019999999306,2
111,1778488938445,-0.0045193772,0.0065943124,0.0007105019999999306,2
112,1778488938448,-0.0042268772,0.007787712400000001,0.0006247020000000169,2
113,1778488938451,-0.0042268772,0.007787712400000001,0.0006247020000000169,2
114,1778488938455,-0.0042268772,0.007787712400000001,0.0004141020000000672,2
115,1778488938458,-0.0043828771999999995,0.007542012400000001,0.0004141020000000672,2
116,1778488938461,-0.0043828771999999995,0.007542012400000001,0.0004141020000000672,2
117,1778488938464,-0.0040552771999999996,0.0075459124,0.0008119020000000709,2
118,1778488938467,-0.0040552771999999996,0.0075459124,0.0008119020000000709,2
119,1778488938471,-0.0040552771999999996,0.0075459124,4.3602000000015836e-05,2
120,1778488938474,-0.0044803772,0.0062160124,4.3602000000015836e-05,2
121,1778488938477,-0.0044803772,0.0062160124,4.3602000000015836e-05,2
122,1778488938480,-0.0044374772,0.006110712400000001,0.0003556019999998838,2
123,1778488938483,-0.0044374772,0.006110712400000001,0.0003556019999998838,2
124,1778488938486,-0.0044374772,0.006110712400000001,-0.00017089799999999052,2
0,1778488938506,-0.0039031771999999995,0.007553712400000001,-0.0007363979999999871,2
1,1778488938509,-0.0039031771999999995,0.007553712400000001,-0.0007363979999999871,2
2,1778488938513,-0.0042346772,0.007752612400000001,0.001100502000000043,2
3,1778488938516,-0.0042346772,0.007752612400000001,0.001100502000000043,2
4,1778488938519,-0.0042346772,0.0070467124,-0.0008143980000000096,2
5,1778488938522,-0.004195677199999999,0.0070467124,-0.0008143980000000096,2
6,1778488938525,-0.004195677199999999,0.0070467124,-0.0008143980000000096,2
7,1778488938529,-0.004706577199999999,0.0061692124000000004,0.0009796020000000637,2
8,1778488938580,-0.0039772772,0.0068712124,0.00016840200000005183,2
9,1778488938629,-0.0041137772,0.005911812400000001,0.0007183020000000439,2
10,1778488938689,-0.0040591772,0.0065163124,0.00031660199999998355,2
11,1778488938693,-0.0040591772,0.0065163124,0.00031660199999998355,2
12,1778488938696,-0.0040357772,0.0060249124000000005,4.3602000000015836e-05,2
13,1778488938699,-0.0040357772,0.0060249124000000005,4.3602000000015836e-05,2
14,1778488938702,-0.0040357772,0.0060249124000000005,0.000893801999999928,2
15,1778488938706,-0.004429677199999999,0.006333012400000001,0.000893801999999928,2
16,1778488938709,-0.004429677199999999,0.006333012400000001,0.000893801999999928,2
17,1778488938712,-0.0047143772,0.0071832124,-0.0001318980000000903,2
18,1778488938715,-0.0047143772,0.0071832124,-0.0001318980000000903,2
19,1778488938718,-0.0047143772,0.0071832124,0.0011161020000000476,2
20,1778488938722,-0.0044686772,0.0076668124,0.0011161020000000476,2
21,1778488938725,-0.0044686772,0.0076668124,0.0011161020000000476,2
22,1778488938728,-0.0041371772,0.0076161124,0.0004609020000000807,2
23,1778488938731,-0.0041371772,0.0076161124,0.0004609020000000807,2
24,1778488938734,-0.0041371772,0.0076161124,0.0008158019999999055,2
25,1778488938737,-0.0040864772,0.0065826124,0.0008158019999999055,2
26,1778488938741,-0.0040864772,0.0065826124,0.0008158019999999055,2
27,1778488938744,-0.0039928772,0.006110712400000001,0.0002776020000000833,2
28,1778488938747,-0.0039928772,0.006110712400000001,0.0002776020000000833,2
29,1778488938750,-0.0039928772,0.006110712400000001,0.0007183020000000439,2
30,1778488938754,-0.0042931772,0.0061419123999999995,0.0007183020000000439,2
31,1778488938757,-0.0042931772,0.0061419123999999995,0.0007183020000000439,2
32,1778488938760,-0.0044608771999999994,0.006765912400000001,-6.169799999995902e-05,2
33,1778488938763,-0.0044608771999999994,0.006765912400000001,-6.169799999995902e-05,2
34,1778488938766,-0.0044608771999999994,0.006765912400000001,0.00037900200000000155,2
35,1778488938770,-0.004562277199999999,0.0076044124,0.00037900200000000155,2
36,1778488938773,-0.004562277199999999,0.0076044124,0.00037900200000000155,2
37,1778488938776,-0.0044764772,0.007807212399999999,-0.0004243980000000081,2
38,1778488938779,-0.0044764772,0.007807212399999999,-0.0004243980000000081,2
39,1778488938782,-0.0044764772,0.007807212399999999,0.00018400200000005633,2
40,1778488938786,-0.0044686772,0.0072261124,0.00018400200000005633,2
41,1778488938789,-0.0044686772,0.0072261124,0.00018400200000005633,2
42,1778488938792,-0.0041995771999999995,0.006652812400000001,0.0002893020000000312,2
43,1778488938795,-0.0041995771999999995,0.006652812400000001,0.0002893020000000312,2
44,1778488938798,-0.0041995771999999995,0.006652812400000001,0.00012160200000003833,2
45,1778488938802,-0.0041254772,0.0059703124,0.00012160200000003833,2
46,1778488938805,-0.0041254772,0.0059703124,0.00012160200000003833,2
47,1778488938808,-0.0042541772,0.006278412400000001,0.0007456019999999963,2
48,1778488938811,-0.0042541772,0.006278412400000001,0.0007456019999999963,2
49,1778488938815,-0.0042541772,0.007031112400000001,0.0007612020000000008,2
50,1778488938818,-0.0043126772,0.007031112400000001,0.0007612020000000008,2
51,1778488938821,-0.0043126772,0.007031112400000001,0.0007612020000000008,2
52,1778488938824,-0.0044920772,0.0073392124,0.0008431020000000799,2
53,1778488938827,-0.0044920772,0.0073392124,0.0008431020000000799,2
54,1778488938831,-0.0044920772,0.0076044124,0.0008080020000000143,2
55,1778488938836,-0.0044920772,0.0076044124,0.0008080020000000143,2
56,1778488938839,-0.0045115772,0.0066684124000000004,0.0002737020000000267,2
57,1778488938842,-0.0045115772,0.0066684124000000004,0.0002737020000000267,2
58,1778488938846,-0.0045115772,0.0066684124000000004,0.0002737020000000267,2
59,1778488938849,-0.004351677199999999,0.0064305123999999995,0.0002464020000000743,2
60,1778488938852,-0.004351677199999999,0.0064305123999999995,0.0002464020000000743,2
61,1778488938855,-0.0041683772,0.0062823124,0.0003244019999998748,2
62,1778488938858,-0.0041683772,0.0062823124,0.0003244019999998748,2
63,1778488938862,-0.0041683772,0.0062823124,0.0003244019999998748,2
64,1778488938865,-0.004328277199999999,0.0067464124,-0.0004087980000000036,2
65,1778488938868,-0.004328277199999999,0.0067464124,-0.0004087980000000036,2
66,1778488938871,-0.0043789772,0.0075732123999999994,0.0002113020000000087,2
67,1778488938874,-0.0043789772,0.0075732123999999994,0.0002113020000000087,2
68,1778488938877,-0.0043789772,0.0075732123999999994,0.0002113020000000087,2
69,1778488938881,-0.0042658772,0.007877412399999999,-0.00015919800000004265,2
70,1778488938884,-0.0042658772,0.007877412399999999,-0.00015919800000004265,2
71,1778488938887,-0.0045583772,0.007386012400000001,3.5801999999902565e-05,2
72,1778488938890,-0.0045583772,0.007386012400000001,3.5801999999902565e-05,2
73,1778488938893,-0.0045583772,0.007386012400000001,3.5801999999902565e-05,2
74,1778488938897,-0.004718277199999999,0.0065709124,0.0005974020000000645,2
75,1778488938900,-0.004718277199999999,0.0065709124,0.0005974020000000645,2
76,1778488938903,-0.0044374772,0.0059196124,0.0003556019999998838,2
77,1778488938906,-0.0044374772,0.0059196124,0.0003556019999998838,2
78,1778488938909,-0.0044374772,0.0059196124,0.0003556019999998838,2
79,1778488938913,-0.0047104772,0.005865012400000001,0.0007105019999999306,2
80,1778488938916,-0.0047104772,0.005865012400000001,0.0007105019999999306,2
81,1778488938919,-0.0042307772,0.0069492124,0.0008392020000000232,2
82,1778488938922,-0.0042307772,0.0069492124,0.0008392020000000232,2
83,1778488938925,-0.0042307772,0.0069492124,0.0008392020000000232,2
84,1778488938928,-0.0041098772,0.0073587124,0.00014500199999993406,2
85,1778488938932,-0.0041098772,0.0073587124,0.00014500199999993406,2
86,1778488938935,-0.0041098772,0.007705812400000001,0.0005857019999998946,2
87,1778488938938,-0.004219077199999999,0.007705812400000001,0.0005857019999998946,2
88,1778488938941,-0.004219077199999999,0.007705812400000001,0.0005857019999998946,2
89,1778488938944,-0.004406277199999999,0.0068907124,-0.00028399800000007865,2
90,1778488938948,-0.004406277199999999,0.0068907124,-0.00028399800000007865,2
91,1778488938951,-0.0046480772,0.006422712400000001,2.41019999999547e-05,2
92,1778488938954,-0.0046480772,0.006422712400000001,2.41019999999547e-05,2
93,1778488938957,-0.0046480772,0.006422712400000001,2.41019999999547e-05,2
94,1778488938960,-0.0045778772,0.0061497124,3.190200000006797e-05,2
95,1778488938964,-0.0045778772,0.0061497124,3.190200000006797e-05,2
96,1778488938967,-0.0043477772,0.006676212400000001,0.00018400200000005633,2
97,1778488938970,-0.0043477772,0.006676212400000001,0.00018400200000005633,2
98,1778488938973,-0.0043477772,0.006676212400000001,0.00018400200000005633,2
99,1778488938976,-0.0044335772,0.0072846123999999995,0.0003088020000000923,2
100,1778488938980,-0.0044335772,0.0072846123999999995,0.0003088020000000923,2
101,1778488938983,-0.0042034772,0.007900812400000002,0.0006832019999999783,2
102,1778488938986,-0.0042034772,0.007900812400000002,0.0006832019999999783,2
103,1778488938989,-0.0042034772,0.007900812400000002,0.0006832019999999783,2
104,1778488938992,-0.004183977199999999,0.007659012400000002,0.00022300199999995655,2
105,1778488938996,-0.004183977199999999,0.007659012400000002,0.00022300199999995655,2
106,1778488938999,-0.004406277199999999,0.0067503124,0.00033220199999998805,2
107,1778488939002,-0.004406277199999999,0.0067503124,0.00033220199999998805,2
108,1778488939005,-0.004406277199999999,0.0067503124,0.00033220199999998805,2
109,1778488939009,-0.0045154772,0.0063408124,0.000893801999999928,2
110,1778488939012,-0.0045154772,0.0063408124,0.000893801999999928,2
111,1778488939015,-0.0046324771999999995,0.005666112400000001,5.9202000000020336e-05,2
112,1778488939018,-0.0046324771999999995,0.005666112400000001,5.9202000000020336e-05,2
113,1778488939021,-0.0046324771999999995,0.005666112400000001,5.9202000000020336e-05,2
114,1778488939025,-0.0044101772,0.0068946124,0.0010420020000000817,2
115,1778488939028,-0.0044101772,0.0068946124,0.0010420020000000817,2
116,1778488939031,-0.004219077199999999,0.0072690124,-1.4897999999945524e-05,2
117,1778488939034,-0.004219077199999999,0.0072690124,-1.4897999999945524e-05,2
118,1778488939037,-0.004219077199999999,0.0072690124,-1.4897999999945524e-05,2
119,1778488939041,-0.0037510772,0.0081075124,0.0003400019999998793,2
120,1778488939044,-0.0037510772,0.0081075124,0.0003400019999998793,2
121,1778488939047,-0.003918777199999999,0.0074679124,-0.0001942980000001083,2
122,1778488939050,-0.003918777199999999,0.0074679124,-0.0001942980000001083,2
123,1778488939053,-0.003918777199999999,0.0074679124,-0.0001942980000001083,2
124,1778488939057,-0.004394577199999999,0.006609912400000001,1.2402000000006838e-05,2
0,1778488939079,-0.0046753772,0.006808812400000001,0.0001021019999999772,2
1,1778488939082,-0.0046753772,0.006808812400000001,0.0001021019999999772,2
2,1778488939086,-0.0046753772,0.006808812400000001,0.0001021019999999772,2
3,1778488939089,-0.0041605772,0.007686312399999999,0.0007963020000000664,2
4,1778488939145,-0.0042463772,0.0079164124,0.0007612020000000008,2
5,1778488939149,-0.0042463772,0.0079164124,0.0007612020000000008,2
6,1778488939257,-0.0048469772,0.0073275124,0.0003595019999999404,2
7,1778488939260,-0.0042229772,0.007506912400000001,-0.00019819799999994288,2
8,1778488939263,-0.0040981772,0.0071715124,0.0009484020000000547,2
9,1778488939266,-0.0040981772,0.0071715124,0.0009484020000000547,2
10,1778488939270,-0.0040981772,0.0071715124,0.0009484020000000547,2
11,1778488939273,-0.0042385771999999995,0.006099012400000001,5.53019999999637e-05,2
12,1778488939276,-0.0042385771999999995,0.006099012400000001,5.53019999999637e-05,2
13,1778488939279,-0.0044608771999999994,0.005935212400000001,0.0011551019999999478,2
14,1778488939286,-0.0044608771999999994,0.005935212400000001,0.0011551019999999478,2
15,1778488939289,-0.004152777199999999,0.0068400124,0.00012160200000003833,2
16,1778488939293,-0.004152777199999999,0.0068400124,0.00012160200000003833,2
17,1778488939296,-0.0047416772,0.0071559124000000005,0.00041800199999990177,2
18,1778488939300,-0.0047416772,0.0071559124000000005,0.00041800199999990177,2
19,1778488939303,-0.004562277199999999,0.0080022124,0.0004375019999999629,2
20,1778488939306,-0.004562277199999999,0.0080022124,0.0004375019999999629,2
21,1778488939309,-0.004562277199999999,0.0080022124,0.0004375019999999629,2
22,1778488939313,-0.0046129772,0.007475712400000001,8.501999999950202e-06,2
23,1778488939316,-0.0046129772,0.007475712400000001,8.501999999950202e-06,2
24,1778488939319,-0.0043555772,0.006797112400000001,0.0004297020000000717,2
25,1778488939322,-0.0043555772,0.006797112400000001,0.0004297020000000717,2
26,1778488939325,-0.0043555772,0.006797112400000001,0.0004297020000000717,2
27,1778488939329,-0.0043789772,0.0062706124,-0.00013969799999998152,2
28,1778488939332,-0.0043789772,0.0062706124,-0.00013969799999998152,2
29,1778488939335,-0.0042541772,0.0062628124,0.0006208019999999603,2
30,1778488939338,-0.0042541772,0.0062628124,0.0006208019999999603,2
31,1778488939341,-0.0042541772,0.0062628124,0.0006208019999999603,2
32,1778488939344,-0.0042385771999999995,0.006765912400000001,0.000550602000000051,2
33,1778488939348,-0.0042385771999999995,0.006765912400000001,0.000550602000000051,2
34,1778488939351,-0.0043321772,0.007659012400000002,0.0008470019999999145,2
35,1778488939354,-0.0043321772,0.007659012400000002,0.0008470019999999145,2
36,1778488939357,-0.0043321772,0.007659012400000002,0.0008470019999999145,2
37,1778488939361,-0.0043750772,0.007499112400000001,-0.00027229799999990874,2
38,1778488939364,-0.0043750772,0.007499112400000001,-0.00027229799999990874,2
39,1778488939367,-0.004285377199999999,0.006941412400000001,0.0009913020000000116,2
40,1778488939370,-0.004285377199999999,0.006941412400000001,0.0009913020000000116,2
41,1778488939373,-0.004285377199999999,0.006941412400000001,0.0009913020000000116,2
42,1778488939377,-0.0041332771999999995,0.0065358124,-0.00036589800000004676,2
43,1778488939380,-0.0041332771999999995,0.0065358124,-0.00036589800000004676,2
44,1778488939383,-0.0044647772,0.005923512400000001,0.00083140199999991,2
45,1778488939386,-0.0044647772,0.005923512400000001,0.00083140199999991,2
46,1778488939389,-0.0044647772,0.005923512400000001,0.00083140199999991,2
47,1778488939393,-0.0041488772,0.0065748123999999995,0.00042580200000001504,2
48,1778488939396,-0.0041488772,0.0065748123999999995,0.00042580200000001504,2
49,1778488939399,-0.004562277199999999,0.007077912400000001,0.0004141020000000672,2
50,1778488939402,-0.004562277199999999,0.007077912400000001,0.0004141020000000672,2
51,1778488939405,-0.004562277199999999,0.007077912400000001,0.0004141020000000672,2
52,1778488939409,-0.0043828771999999995,0.0078930124,0.00041800199999990177,2
53,1778488939412,-0.0043828771999999995,0.0078930124,0.00041800199999990177,2
54,1778488939415,-0.0048469772,0.007577112400000001,0.00018400200000005633,2
55,1778488939418,-0.0048469772,0.007577112400000001,0.00018400200000005633,2
56,1778488939421,-0.0048469772,0.007577112400000001,0.00018400200000005633,2
57,1778488939425,-0.0047299772,0.0070389124,4.601999999893566e-06,2
58,1778488939428,-0.0047299772,0.0070389124,4.601999999893566e-06,2
59,1778488939431,-0.0046714771999999995,0.0061497124,0.00016840200000005183,2
60,1778488939434,-0.0046714771999999995,0.0061497124,0.00016840200000005183,2
61,1778488939437,-0.0046714771999999995,0.0061497124,0.00016840200000005183,2
62,1778488939441,-0.0043750772,0.0064578124,0.000550602000000051,2
63,1778488939444,-0.0043750772,0.0064578124,0.000550602000000051,2
64,1778488939447,-0.0043672772,0.006645012400000001,8.501999999950202e-06,2
65,1778488939450,-0.0043672772,0.006645012400000001,8.501999999950202e-06,2
66,1778488939453,-0.0043672772,0.006645012400000001,8.501999999950202e-06,2
67,1778488939457,-0.004141077199999999,0.007452312400000001,0.0008509019999999711,2
68,1778488939460,-0.004141077199999999,0.007452312400000001,0.0008509019999999711,2
69,1778488939463,-0.003985077199999999,0.007643412400000001,-0.0004555980000000171,2
70,1778488939466,-0.003985077199999999,0.007643412400000001,-0.0004555980000000171,2
71,1778488939472,-0.003985077199999999,0.007643412400000001,-0.0004555980000000171,2
72,1778488939475,-0.0042346772,0.007198812400000001,0.0011161020000000476,2
73,1778488939479,-0.0041878772,0.0064851124,-3.197999999997661e-06,2
74,1778488939482,-0.0041878772,0.0064851124,-3.197999999997661e-06,2
75,1778488939485,-0.0041878772,0.0064851124,-3.197999999997661e-06,2
76,1778488939488,-0.004507677199999999,0.0055842124,0.0006520019999999693,2
77,1778488939492,-0.004507677199999999,0.0055842124,0.0006520019999999693,2
78,1778488939495,-0.004129377199999999,0.006364212400000001,0.00014110199999987742,2
79,1778488939498,-0.004129377199999999,0.006364212400000001,0.00014110199999987742,2
80,1778488939501,-0.004129377199999999,0.006364212400000001,0.00014110199999987742,2
81,1778488939504,-0.0043438771999999995,0.0067503124,0.0002620020000000788,2
82,1778488939508,-0.0043438771999999995,0.0067503124,0.0002620020000000788,2
83,1778488939511,-0.004129377199999999,0.0078579124,0.0006481019999999126,2
84,1778488939514,-0.004129377199999999,0.0078579124,0.0006481019999999126,2
85,1778488939517,-0.004129377199999999,0.0078579124,0.0006481019999999126,2
86,1778488939520,-0.0042424772,0.0075888124000000005,0.0002620020000000788,2
87,1778488939524,-0.0042424772,0.0075888124000000005,0.0002620020000000788,2
88,1778488939527,-0.0043711772,0.0073041124,0.0005779020000000034,2
89,1778488939530,-0.0043711772,0.0073041124,0.0005779020000000034,2
90,1778488939533,-0.0043711772,0.0073041124,0.0005779020000000034,2
91,1778488939536,-0.0047377771999999995,0.0057597124,0.00021520200000006533,2
92,1778488939539,-0.0047377771999999995,0.0057597124,0.00021520200000006533,2
93,1778488939543,-0.0047260772,0.006177012400000001,0.0009016020000000412,2
94,1778488939546,-0.0047260772,0.006177012400000001,0.0009016020000000412,2
95,1778488939549,-0.0047260772,0.006177012400000001,0.0009016020000000412,2
96,1778488939552,-0.004749477199999999,0.0061380124,-0.00030349800000002876,2
97,1778488939555,-0.004749477199999999,0.0061380124,-0.00030349800000002876,2
98,1778488939559,-0.0044998772,0.0075498124,0.001256502000000088,2
99,1778488939562,-0.0044998772,0.0075498124,0.001256502000000088,2
100,1778488939565,-0.0044998772,0.0075498124,0.001256502000000088,2
101,1778488939568,-0.0039499771999999995,0.0081075124,-0.0006115980000000621,2
102,1778488939571,-0.0039499771999999995,0.0081075124,-0.0006115980000000621,2
103,1778488939575,-0.004063077199999999,0.0074679124,0.000644202000000078,2
104,1778488939578,-0.004063077199999999,0.0074679124,0.000644202000000078,2
105,1778488939581,-0.004063077199999999,0.0074679124,0.000644202000000078,2
106,1778488939584,-0.0038329771999999996,0.006964812400000001,7.870200000008147e-05,2
107,1778488939587,-0.0038329771999999996,0.006964812400000001,7.870200000008147e-05,2
108,1778488939591,-0.004507677199999999,0.005654412400000001,0.0005779020000000034,2
109,1778488939594,-0.004507677199999999,0.005654412400000001,0.0005779020000000034,2
110,1778488939597,-0.004507677199999999,0.005654412400000001,0.0005779020000000034,2
111,1778488939600,-0.0044023772,0.006001512400000001,0.00023080200000006983,2
112,1778488939603,-0.0044023772,0.006001512400000001,0.00023080200000006983,2
113,1778488939607,-0.0045544771999999996,0.0064851124,0.00047260200000002854,2
114,1778488939610,-0.0045544771999999996,0.0064851124,0.00047260200000002854,2
115,1778488939613,-0.0045544771999999996,0.0064851124,0.00047260200000002854,2
116,1778488939616,-0.0043906772,0.0079398124,0.0007417019999999396,2
117,1778488939620,-0.0043906772,0.0079398124,0.0007417019999999396,2
118,1778488939623,-0.0042892772,0.007729212400000001,0.0003127019999999269,2
119,1778488939626,-0.0042892772,0.007729212400000001,0.0003127019999999269,2
120,1778488939629,-0.0042892772,0.007729212400000001,0.0003127019999999269,2
121,1778488939633,-0.0041761772,0.007631712400000001,0.0009796020000000637,2
122,1778488939636,-0.0041761772,0.007631712400000001,0.0009796020000000637,2
123,1778488939639,-0.0042775771999999995,0.0063486124,-0.00017089799999999052,2
124,1778488939642,-0.0042775771999999995,0.0063486124,-0.00017089799999999052,2
0,1778488939778,-0.0045427772,0.007409412400000001,-0.0001786980000001038,2
1,1778488939840,-0.004417977199999999,0.0075810124,0.0007885019999999531,2
2,1778488939844,-0.004417977199999999,0.0075810124,0.0007885019999999531,2
3,1778488939847,-0.0044374772,0.006910212400000001,0.0004297020000000717,2
4,1778488939850,-0.0044374772,0.006910212400000001,0.0004297020000000717,2
5,1778488939853,-0.0044374772,0.006910212400000001,0.0004297020000000717,2
6,1778488939857,-0.0043204772,0.006255012400000001,0.0009367019999998848,2
7,1778488939860,-0.0043204772,0.006255012400000001,0.0009367019999998848,2
8,1778488939863,-0.004351677199999999,0.0060912124000000005,0.0003205020000000402,2
9,1778488939866,-0.004351677199999999,0.0060912124000000005,0.0003205020000000402,2
10,1778488939869,-0.004351677199999999,0.0060912124000000005,0.0003205020000000402,2
11,1778488939873,-0.0044608771999999994,0.0066411123999999995,0.001381301999999902,2
12,1778488939876,-0.0044608771999999994,0.0066411123999999995,0.001381301999999902,2
13,1778488939879,-0.0042034772,0.0077253124,-0.0008143980000000096,2
14,1778488939882,-0.0042034772,0.0077253124,-0.0008143980000000096,2
15,1778488939885,-0.0042034772,0.0077253124,-0.0008143980000000096,2
16,1778488939889,-0.0046441772,0.0077604124,0.0006286020000000735,2
17,1778488939892,-0.0046441772,0.0077604124,0.0006286020000000735,2
18,1778488939895,-0.004406277199999999,0.007487412400000001,9.430200000008597e-05,2
19,1778488939898,-0.004406277199999999,0.007487412400000001,9.430200000008597e-05,2
20,1778488939901,-0.004406277199999999,0.007487412400000001,9.430200000008597e-05,2
21,1778488939905,-0.0046246772,0.0066060124,0.0006013019999998991,2
22,1778488939908,-0.0046246772,0.0066060124,0.0006013019999998991,2
23,1778488939911,-0.0045466772,0.0061848124,0.00012160200000003833,2
24,1778488939914,-0.0045466772,0.0061848124,0.00012160200000003833,2
25,1778488939917,-0.0045466772,0.0061848124,0.00012160200000003833,2
26,1778488939921,-0.003996777199999999,0.0059079124,-3.0497999999950023e-05,2
27,1778488939924,-0.003996777199999999,0.0059079124,-3.0497999999950023e-05,2
28,1778488939927,-0.0040279771999999995,0.0073470124,0.0009328020000000502,2
29,1778488939930,-0.0040279771999999995,0.0073470124,0.0009328020000000502,2
30,1778488939933,-0.0040279771999999995,0.0073470124,0.0009328020000000502,2
31,1778488939937,-0.0040162772,0.007752612400000001,0.00018790199999989092,2
32,1778488939940,-0.0040162772,0.007752612400000001,0.00018790199999989092,2
33,1778488939943,-0.0039928772,0.0080139124,0.001350101999999893,2
34,1778488939946,-0.0039928772,0.0080139124,0.001350101999999893,2
35,1778488939949,-0.0039928772,0.0080139124,0.001350101999999893,2
36,1778488939953,-0.0044218771999999995,0.006586512400000001,-0.0004945980000000284,2
37,1778488939956,-0.0044218771999999995,0.006586512400000001,-0.0004945980000000284,2
38,1778488939959,-0.0045973772,0.0062043124,0.0008431020000000799,2
39,1778488939962,-0.0045973772,0.0062043124,0.0008431020000000799,2
40,1778488939965,-0.0045973772,0.0062043124,0.0008431020000000799,2
41,1778488939969,-0.004651977199999999,0.0059508124,0.00012940199999992956,2
42,1778488939972,-0.004651977199999999,0.0059508124,0.00012940199999992956,2
43,1778488939975,-0.0045115772,0.006489012400000001,0.0010030019999999595,2
44,1778488939978,-0.0045115772,0.006489012400000001,0.0010030019999999595,2
45,1778488939981,-0.0045115772,0.006489012400000001,0.0010030019999999595,2
46,1778488939985,-0.0041761772,0.0072690124,-0.000529697999999983,2
47,1778488939988,-0.0041761772,0.0072690124,-0.000529697999999983,2
48,1778488939991,-0.0042268772,0.007994412400000001,0.0009406019999999415,2
49,1778488939994,-0.0042268772,0.007994412400000001,0.0009406019999999415,2
50,1778488939997,-0.0042268772,0.007994412400000001,0.0009406019999999415,2
51,1778488940001,-0.004183977199999999,0.0079086124,6.700199999991156e-05,2
52,1778488940004,-0.004183977199999999,0.0079086124,6.700199999991156e-05,2
53,1778488940007,-0.0044920772,0.0066138124,0.0009484020000000547,2
54,1778488940010,-0.0044920772,0.0066138124,0.0009484020000000547,2
55,1778488940013,-0.0044920772,0.0066138124,0.0009484020000000547,2
56,1778488940017,-0.0047026772,0.0060951124,9.040200000002933e-05,2
57,1778488940020,-0.0047026772,0.0060951124,9.040200000002933e-05,2
58,1778488940023,-0.004706577199999999,0.0057285124,0.00011380199999992506,2
59,1778488940026,-0.004706577199999999,0.0057285124,0.00011380199999992506,2
60,1778488940029,-0.004706577199999999,0.0057285124,0.00011380199999992506,2
61,1778488940033,-0.0043711772,0.0071949124,0.0008548020000000277,2
62,1778488940036,-0.0043711772,0.0071949124,0.0008548020000000277,2
63,1778488940039,-0.0040435772,0.0074367124,6.310200000007697e-05,2
64,1778488940042,-0.0040435772,0.0074367124,6.310200000007697e-05,2
65,1778488940045,-0.0040435772,0.0074367124,6.310200000007697e-05,2
66,1778488940049,-0.0038797771999999997,0.007756512400000002,0.0006481019999999126,2
67,1778488940052,-0.0038797771999999997,0.007756512400000002,0.0006481019999999126,2
68,1778488940055,-0.0038602771999999997,0.0071793124,-0.000217698000000004,2
69,1778488940058,-0.0038602771999999997,0.0071793124,-0.000217698000000004,2
70,1778488940061,-0.0038602771999999997,0.0071793124,-0.000217698000000004,2
71,1778488940065,-0.0040318772,0.0064266124,0.0008275020000000754,2
72,1778488940068,-0.0040318772,0.0064266124,0.0008275020000000754,2
73,1778488940071,-0.0044257772,0.0056310124,-0.000217698000000004,2
74,1778488940074,-0.0044257772,0.0056310124,-0.000217698000000004,2
75,1778488940077,-0.0044257772,0.0056310124,-0.000217698000000004,2
76,1778488940081,-0.0045583772,0.0062472124,0.0006169019999999036,2
77,1778488940084,-0.0045583772,0.0062472124,0.0006169019999999036,2
78,1778488940087,-0.004562277199999999,0.0072339124000000005,-0.0004555980000000171,2
79,1778488940090,-0.004562277199999999,0.0072339124000000005,-0.0004555980000000171,2
80,1778488940093,-0.004562277199999999,0.0072339124000000005,-0.0004555980000000171,2
81,1778488940097,-0.004339977199999999,0.0078462124,0.001112201999999991,2
82,1778488940100,-0.004339977199999999,0.0078462124,0.001112201999999991,2
83,1778488940103,-0.0043711772,0.007900812400000002,0.0003400019999998793,2
84,1778488940106,-0.0043711772,0.007900812400000002,0.0003400019999998793,2
85,1778488940109,-0.0043711772,0.007900812400000002,0.0003400019999998793,2
86,1778488940113,-0.0043750772,0.0069960123999999995,0.0004609020000000807,2
87,1778488940116,-0.0043750772,0.0069960123999999995,0.0004609020000000807,2
88,1778488940119,-0.0046441772,0.0062862123999999995,0.0006169019999999036,2
89,1778488940122,-0.0046441772,0.0062862123999999995,0.0006169019999999036,2
90,1778488940125,-0.0046441772,0.0062862123999999995,0.0006169019999999036,2
91,1778488940128,-0.004573977199999999,0.005923512400000001,2.8002000000011337e-05,2
92,1778488940132,-0.004573977199999999,0.005923512400000001,2.8002000000011337e-05,2
93,1778488940135,-0.0046324771999999995,0.0064929124,0.0003049020000000357,2
94,1778488940138,-0.0046324771999999995,0.0064929124,0.0003049020000000357,2
95,1778488940141,-0.0046324771999999995,0.0064929124,0.0003049020000000357,2
96,1778488940145,-0.0044998772,0.007432812400000001,0.0003712019999998883,2
97,1778488940148,-0.0044998772,0.007432812400000001,0.0003712019999998883,2
98,1778488940151,-0.0042697772,0.0077604124,-1.879800000000216e-05,2
99,1778488940154,-0.0042697772,0.0077604124,-1.879800000000216e-05,2
100,1778488940157,-0.0042697772,0.0077604124,-1.879800000000216e-05,2
101,1778488940161,-0.0039538772,0.007542012400000001,0.0001333019999999862,2
102,1778488940164,-0.0039538772,0.007542012400000001,0.0001333019999999862,2
103,1778488940167,-0.0038797771999999997,0.0067035124,0.0004375019999999629,2
104,1778488940170,-0.0038797771999999997,0.0067035124,0.0004375019999999629,2
105,1778488940173,-0.0038797771999999997,0.0067035124,0.0004375019999999629,2
106,1778488940177,-0.0043204772,0.005790912400000001,-0.000248898000000013,2
107,1778488940180,-0.0043204772,0.005790912400000001,-0.000248898000000013,2
108,1778488940183,-0.0043984772,0.006001512400000001,0.0011044019999998777,2
109,1778488940186,-0.0043984772,0.006001512400000001,0.0011044019999998777,2
110,1778488940189,-0.0043984772,0.006001512400000001,0.0011044019999998777,2
111,1778488940193,-0.0044647772,0.0067581124,-0.00013579799999992488,2
112,1778488940196,-0.0044647772,0.0067581124,-0.00013579799999992488,2
113,1778488940199,-0.004605177199999999,0.007409412400000001,0.0006910020000000915,2
114,1778488940202,-0.004605177199999999,0.007409412400000001,0.0006910020000000915,2
115,1778488940205,-0.004605177199999999,0.007409412400000001,0.00044140200000001954,2
116,1778488940209,-0.0043828771999999995,0.007889112399999999,0.00044140200000001954,2
117,1778488940212,-0.0043828771999999995,0.007889112399999999,0.00044140200000001954,2
118,1778488940215,-0.0043672772,0.0070818124,0.00045700200000002404,2
119,1778488940218,-0.0043672772,0.0070818124,0.00045700200000002404,2
120,1778488940221,-0.0043672772,0.0070818124,0.00048040199999991977,2
121,1778488940225,-0.0043438771999999995,0.0064149124,0.00048040199999991977,2
122,1778488940228,-0.0043438771999999995,0.0064149124,0.00048040199999991977,2
123,1778488940231,-0.0042892772,0.005888412400000001,0.000769001999999892,2
124,1778488940234,-0.0042892772,0.005888412400000001,0.000769001999999892,2
0,1778488940378,-0.0044998772,0.006886812400000001,0.0007924020000000098,2
1,1778488940437,-0.0047143772,0.006754212400000001,0.0006832019999999783,2
2,1778488940440,-0.0046675772,0.005923512400000001,0.00012160200000003833,2
3,1778488940443,-0.0046675772,0.005923512400000001,0.00012160200000003833,2
4,1778488940446,-0.004772877199999999,0.006021012400000001,0.00044920199999991077,2
5,1778488940450,-0.004772877199999999,0.006021012400000001,0.00044920199999991077,2
6,1778488940453,-0.004772877199999999,0.006021012400000001,0.00044920199999991077,2
7,1778488940456,-0.004550577199999999,0.0068478124,0.00026980199999997005,2
8,1778488940459,-0.004550577199999999,0.0068478124,0.00026980199999997005,2
9,1778488940462,-0.0044023772,0.007518612400000001,-9.289799999996802e-05,2
10,1778488940466,-0.0044023772,0.007518612400000001,-9.289799999996802e-05,2
11,1778488940469,-0.0044023772,0.007518612400000001,-9.289799999996802e-05,2
12,1778488940472,-0.0041605772,0.0079554124,0.0002464020000000743,2
13,1778488940475,-0.0041605772,0.0079554124,0.0002464020000000743,2
14,1778488940478,-0.0043438771999999995,0.0071832124,-0.0002332980000000085,2
15,1778488940482,-0.0043438771999999995,0.0071832124,-0.0002332980000000085,2
16,1778488940485,-0.0043438771999999995,0.0071832124,-0.0002332980000000085,2
17,1778488940488,-0.0043828771999999995,0.0067035124,0.000925001999999937,2
18,1778488940491,-0.0043828771999999995,0.0067035124,0.000925001999999937,2
19,1778488940494,-0.004328277199999999,0.0054477124000000005,-0.000654498000000019,2
20,1778488940498,-0.004328277199999999,0.0054477124000000005,-0.000654498000000019,2
21,1778488940501,-0.004328277199999999,0.0054477124000000005,-0.000654498000000019,2
22,1778488940504,-0.0040708772,0.0063954124,0.001268202000000036,2
23,1778488940507,-0.0040708772,0.0063954124,0.001268202000000036,2
24,1778488940511,-0.0039265772,0.006777612400000001,-0.0003463979999999856,2
25,1778488940514,-0.0039265772,0.006777612400000001,-0.0003463979999999856,2
26,1778488940517,-0.0039265772,0.006777612400000001,-0.0003463979999999856,2
27,1778488940520,-0.0041800772,0.007729212400000001,0.001112201999999991,2
28,1778488940523,-0.0041800772,0.007729212400000001,0.001112201999999991,2
29,1778488940526,-0.0038446771999999995,0.007947612400000002,0.0002659019999999134,2
30,1778488940530,-0.0038446771999999995,0.007947612400000002,0.0002659019999999134,2
31,1778488940533,-0.0038446771999999995,0.007947612400000002,0.0002659019999999134,2
32,1778488940536,-0.0043750772,0.006820512400000001,0.0004375019999999629,2
33,1778488940539,-0.0043750772,0.006820512400000001,0.0004375019999999629,2
34,1778488940543,-0.0044881771999999995,0.0059937124,6.700199999991156e-05,2
35,1778488940546,-0.0044881771999999995,0.0059937124,6.700199999991156e-05,2
36,1778488940549,-0.0044881771999999995,0.0059937124,6.700199999991156e-05,2
37,1778488940552,-0.004862577199999999,0.0058533123999999995,0.00048040199999991977,2
38,1778488940555,-0.004862577199999999,0.0058533123999999995,0.00048040199999991977,2
39,1778488940559,-0.0047143772,0.006754212400000001,9.820199999992056e-05,2
40,1778488940562,-0.0047143772,0.006754212400000001,9.820199999992056e-05,2
41,1778488940565,-0.0047143772,0.006754212400000001,9.820199999992056e-05,2
42,1778488940568,-0.0043672772,0.007331412400000001,8.65019999999727e-05,2
43,1778488940571,-0.0043672772,0.007331412400000001,8.65019999999727e-05,2
44,1778488940575,-0.0041371772,0.0082674124,0.0003595019999999404,2
45,1778488940578,-0.0041371772,0.0082674124,0.0003595019999999404,2
46,1778488940581,-0.0041371772,0.0082674124,0.0003595019999999404,2
47,1778488940584,-0.004129377199999999,0.0073821124,-0.000311298000000031,2
48,1778488940587,-0.004129377199999999,0.0073821124,-0.000311298000000031,2
49,1778488940591,-0.004328277199999999,0.006988212400000001,0.0008743020000000889,2
50,1778488940594,-0.004328277199999999,0.006988212400000001,0.0008743020000000889,2
51,1778488940597,-0.004328277199999999,0.006988212400000001,0.0008743020000000889,2
52,1778488940600,-0.0045661771999999995,0.005689512400000001,-0.0008221980000000118,2
53,1778488940603,-0.0045661771999999995,0.005689512400000001,-0.0008221980000000118,2
54,1778488940606,-0.0046597771999999996,0.0060717124,0.001381301999999902,2
55,1778488940610,-0.0046597771999999996,0.0060717124,0.001381301999999902,2
56,1778488940613,-0.0046597771999999996,0.0060717124,0.001381301999999902,2
57,1778488940616,-0.0041371772,0.0066957124,-6.94980000000723e-05,2
58,1778488940619,-0.0041371772,0.0066957124,-6.94980000000723e-05,2
59,1778488940623,-0.0042151772,0.007717512400000001,0.00145540200000009,2
60,1778488940626,-0.0042151772,0.007717512400000001,0.00145540200000009,2
61,1778488940629,-0.0042151772,0.007717512400000001,0.00145540200000009,2
62,1778488940632,-0.0038563772,0.007982712400000001,0.0001177019999999817,2
63,1778488940635,-0.0038563772,0.007982712400000001,0.0001177019999999817,2
64,1778488940639,-0.0041215772,0.0073509123999999995,0.0011668019999998957,2
65,1778488940642,-0.0041215772,0.0073509123999999995,0.0011668019999998957,2
66,1778488940645,-0.0041215772,0.0073509123999999995,0.0011668019999998957,2
67,1778488940648,-0.0043243772,0.0060639123999999996,-0.00031909800000003326,2
68,1778488940651,-0.0043243772,0.0060639123999999996,-0.00031909800000003326,2
69,1778488940655,-0.0048040771999999995,0.0057714124,0.0009016020000000412,2
70,1778488940658,-0.0048040771999999995,0.0057714124,0.0009016020000000412,2
71,1778488940661,-0.0048040771999999995,0.0057714124,0.00015670199999988192,2
72,1778488940665,-0.004827477199999999,0.006223812400000001,0.00015670199999988192,2
73,1778488940668,-0.004827477199999999,0.006223812400000001,0.00015670199999988192,2
74,1778488940671,-0.0046909772,0.0069375124,-3.8298000000063295e-05,2
75,1778488940677,-0.0046909772,0.0069375124,-3.8298000000063295e-05,2
76,1778488940680,-0.0043243772,0.0084234124,0.0008860020000000367,2
77,1778488940684,-0.0043243772,0.0084234124,0.0008860020000000367,2
78,1778488940687,-0.0042034772,0.0075888124000000005,-0.00041659800000000587,2
79,1778488940690,-0.0042034772,0.0075888124000000005,-0.00041659800000000587,2
80,1778488940693,-0.0042034772,0.0075888124000000005,0.0010264020000000772,2
81,1778488940696,-0.0040435772,0.0072612124,0.0010264020000000772,2
82,1778488940700,-0.0040435772,0.0072612124,0.0010264020000000772,2
83,1778488940703,-0.004183977199999999,0.0061926124,-4.999800000001116e-05,2
84,1778488940706,-0.004183977199999999,0.0061926124,-4.999800000001116e-05,2
85,1778488940709,-0.004183977199999999,0.0061926124,0.0010537020000000296,2
86,1778488940713,-0.0045973772,0.005798712400000001,0.0010537020000000296,2
87,1778488940716,-0.0045973772,0.005798712400000001,0.0010537020000000296,2
88,1778488940719,-0.0046090772,0.0064461124000000005,-0.00012799800000003365,2
89,1778488940722,-0.0046090772,0.0064461124000000005,-0.00012799800000003365,2
90,1778488940725,-0.0046090772,0.0064461124000000005,0.0007768020000000053,2
91,1778488940729,-0.0045700772,0.007288512400000001,0.0007768020000000053,2
92,1778488940732,-0.0045700772,0.007288512400000001,0.0007768020000000053,2
93,1778488940735,-0.0040123772,0.0079086124,-0.00041269800000006025,2
94,1778488940738,-0.0040123772,0.0079086124,-0.00041269800000006025,2
95,1778488940741,-0.0040123772,0.0079086124,0.0012019019999999613,2
96,1778488940745,-0.0041137772,0.0074718124,0.0012019019999999613,2
97,1778488940748,-0.0041137772,0.0074718124,0.0012019019999999613,2
98,1778488940751,-0.0038563772,0.0067737124,7.870200000008147e-05,2
99,1778488940754,-0.0038563772,0.0067737124,7.870200000008147e-05,2
100,1778488940757,-0.0038563772,0.0067737124,0.0006481019999999126,2
101,1778488940760,-0.0042658772,0.0056856124,0.0006481019999999126,2
102,1778488940764,-0.0042658772,0.0056856124,0.0006481019999999126,2
103,1778488940767,-0.0043243772,0.0062082123999999995,0.00041020200000001054,2
104,1778488940770,-0.0043243772,0.0062082123999999995,0.00041020200000001054,2
105,1778488940773,-0.0043243772,0.0062082123999999995,-7.729799999996352e-05,2
106,1778488940776,-0.0047650772,0.0062745124,-7.729799999996352e-05,2
107,1778488940780,-0.0047650772,0.0062745124,-7.729799999996352e-05,2
108,1778488940783,-0.0046636772,0.007861812400000001,0.0010615019999999208,2
109,1778488940786,-0.0046636772,0.007861812400000001,0.0010615019999999208,2
110,1778488940789,-0.0046636772,0.007861812400000001,-0.0006895979999999736,2
111,1778488940793,-0.0045193772,0.0077253124,-0.0006895979999999736,2
112,1778488940797,-0.0045193772,0.0077253124,-0.0006895979999999736,2
113,1778488940802,-0.0044257772,0.0074133124,0.001018601999999964,2
114,1778488940805,-0.0044257772,0.0074133124,-0.00022939799999995188,2
115,1778488940809,-0.0041878772,0.006508512400000001,-0.00022939799999995188,2
116,1778488940812,-0.0041878772,0.006508512400000001,-0.00022939799999995188,2
117,1778488940815,-0.0042424772,0.0061575124000000005,0.0009094019999999325,2
118,1778488940818,-0.0042424772,0.0061575124000000005,0.0009094019999999325,2
119,1778488940822,-0.0042424772,0.006255012400000001,-0.00033859799999998337,2
120,1778488940825,-0.0044023772,0.006255012400000001,-0.00033859799999998337,2
121,1778488940828,-0.0044023772,0.006255012400000001,-0.00033859799999998337,2
122,1778488940833,-0.0044101772,0.0073392124,0.0015958019999999084,2
123,1778488940837,-0.0044101772,0.0073392124,0.0015958019999999084,2
124,1778488940840,-0.0043672772,0.0075108124000000005,-0.0007324980000000415,2
0,1778488940908,-0.0044452772,0.007740912400000001,0.0007495020000000529,2
1,1778488940911,-0.0044998772,0.006356412400000001,-0.0003619979999999901,2
2,1778488941020,-0.0044686772,0.0066957124,-0.00018259799999993838,2
3,1778488941023,-0.0046714771999999995,0.006364212400000001,0.0014008019999999632,2
4,1778488941026,-0.0046714771999999995,0.006364212400000001,0.0014008019999999632,2
5,1778488941029,-0.0046714771999999995,0.006364212400000001,-3.439800000000666e-05,2
6,1778488941033,-0.0047104772,0.005755812400000001,-3.439800000000666e-05,2
7,1778488941036,-0.0047104772,0.005755812400000001,-3.439800000000666e-05,2
8,1778488941039,-0.0046480772,0.006765912400000001,0.0016738019999999309,2
9,1778488941042,-0.0046480772,0.006765912400000001,0.0016738019999999309,2
10,1778488941045,-0.0046480772,0.006765912400000001,-2.2698000000058796e-05,2
11,1778488941048,-0.0041683772,0.007815012400000002,-2.2698000000058796e-05,2
12,1778488941052,-0.0041683772,0.007815012400000002,-2.2698000000058796e-05,2
13,1778488941055,-0.004207377199999999,0.007643412400000001,0.00023470199999990442,2
14,1778488941058,-0.004207377199999999,0.007643412400000001,0.00023470199999990442,2
15,1778488941061,-0.004207377199999999,0.007643412400000001,0.0001177019999999817,2
16,1778488941064,-0.004063077199999999,0.0076707124000000015,0.0001177019999999817,2
17,1778488941068,-0.004063077199999999,0.0076707124000000015,0.0001177019999999817,2
18,1778488941071,-0.0043672772,0.0062277124,-0.0003268980000000355,2
19,1778488941074,-0.0043672772,0.0062277124,-0.0003268980000000355,2
20,1778488941077,-0.0043672772,0.0062277124,0.00013720200000004283,2
21,1778488941080,-0.004616877199999999,0.0060249124000000005,0.00013720200000004283,2
22,1778488941084,-0.004616877199999999,0.0060249124000000005,0.00013720200000004283,2
23,1778488941087,-0.0046558772,0.0060171124,5.9202000000020336e-05,2
24,1778488941090,-0.0046558772,0.0060171124,5.9202000000020336e-05,2
25,1778488941093,-0.0046558772,0.0060171124,0.0007339020000000484,2
26,1778488941096,-0.0044140772,0.0072495124,0.0007339020000000484,2
27,1778488941100,-0.0044140772,0.0072495124,0.0007339020000000484,2
28,1778488941103,-0.0042658772,0.0076395123999999995,0.00023860199999996105,2
29,1778488941106,-0.0042658772,0.0076395123999999995,0.00023860199999996105,2
30,1778488941109,-0.0042658772,0.0076395123999999995,0.0012214020000000225,2
31,1778488941112,-0.0039772772,0.007994412400000001,0.0012214020000000225,2
32,1778488941115,-0.0039772772,0.007994412400000001,0.0012214020000000225,2
33,1778488941119,-0.004008477199999999,0.0068244124,-0.00010069800000008129,2
34,1778488941122,-0.004008477199999999,0.0068244124,-0.00010069800000008129,2
35,1778488941125,-0.004008477199999999,0.0068244124,0.0015295020000000558,2
36,1778488941128,-0.0043672772,0.006243312400000001,0.0015295020000000558,2
37,1778488941132,-0.0043672772,0.006243312400000001,0.0015295020000000558,2
38,1778488941135,-0.004417977199999999,0.0057870123999999995,-0.0005257980000000374,2
39,1778488941138,-0.004417977199999999,0.0057870123999999995,-0.0005257980000000374,2
40,1778488941141,-0.004417977199999999,0.0057870123999999995,0.00039460200000000605,2
41,1778488941144,-0.004971777199999999,0.006399312400000001,0.00039460200000000605,2
42,1778488941148,-0.004971777199999999,0.006399312400000001,0.00039460200000000605,2
43,1778488941151,-0.0044101772,0.0075888124000000005,-0.00032299799999997887,2
44,1778488941154,-0.0044101772,0.0075888124000000005,-0.00032299799999997887,2
45,1778488941157,-0.0044101772,0.0075888124000000005,0.0003244019999998748,2
46,1778488941160,-0.0043906772,0.007924212400000002,0.0003244019999998748,2
47,1778488941164,-0.0043906772,0.007924212400000002,0.0003244019999998748,2
48,1778488941167,-0.004129377199999999,0.0079203124,0.00020350199999989542,2
49,1778488941170,-0.004129377199999999,0.0079203124,0.00020350199999989542,2
50,1778488941173,-0.004129377199999999,0.0079203124,0.0005935020000000079,2
51,1778488941176,-0.0042892772,0.0069570124,0.0005935020000000079,2
52,1778488941180,-0.0042892772,0.0069570124,0.0005935020000000079,2
53,1778488941183,-0.0043594772,0.006056112400000001,0.0007105019999999306,2
54,1778488941186,-0.0043594772,0.006056112400000001,0.0007105019999999306,2
55,1778488941189,-0.0043594772,0.006056112400000001,0.0009445019999999981,2
56,1778488941192,-0.0047767771999999995,0.0057870123999999995,0.0009445019999999981,2
57,1778488941196,-0.0047767771999999995,0.0057870123999999995,0.0009445019999999981,2
58,1778488941199,-0.0046324771999999995,0.0065358124,0.0009445019999999981,2
59,1778488941202,-0.0046324771999999995,0.0065358124,0.0009445019999999981,2
60,1778488941205,-0.0046324771999999995,0.0065358124,-0.00028789799999991324,2
61,1778488941208,-0.0044764772,0.0075459124,-0.00028789799999991324,2
62,1778488941212,-0.0044764772,0.0075459124,-0.00028789799999991324,2
63,1778488941215,-0.0041098772,0.007865712399999999,0.0006559020000000259,2
64,1778488941218,-0.0041098772,0.007865712399999999,0.0006559020000000259,2
65,1778488941221,-0.0041098772,0.007865712399999999,-0.00042829800000006475,2
66,1778488941224,-0.003918777199999999,0.0072183123999999994,-0.00042829800000006475,2
67,1778488941228,-0.003918777199999999,0.0072183123999999994,-0.00042829800000006475,2
68,1778488941231,-0.0040318772,0.0065826124,0.0006637019999999171,2
69,1778488941234,-0.0040318772,0.0065826124,0.0006637019999999171,2
70,1778488941237,-0.0040318772,0.0065826124,-0.0001474980000000948,2
71,1778488941240,-0.004363377199999999,0.0059469124000000005,-0.0001474980000000948,2
72,1778488941244,-0.004363377199999999,0.0059469124000000005,-0.0001474980000000948,2
73,1778488941247,-0.004605177199999999,0.0062199123999999995,0.000644202000000078,2
74,1778488941250,-0.004605177199999999,0.0062199123999999995,0.000644202000000078,2
75,1778488941253,-0.004605177199999999,0.0062199123999999995,0.00048820200000003304,2
76,1778488941256,-0.0047026772,0.007308012400000001,0.00048820200000003304,2
77,1778488941259,-0.0047026772,0.007308012400000001,0.00048820200000003304,2
78,1778488941263,-0.0048196772,0.007698012399999999,0.0008197019999999621,2
79,1778488941266,-0.0048196772,0.007698012399999999,0.0008197019999999621,2
80,1778488941269,-0.0048196772,0.007698012399999999,0.000550602000000051,2
81,1778488941272,-0.0044335772,0.007733112399999999,0.000550602000000051,2
82,1778488941276,-0.0044335772,0.007733112399999999,0.000550602000000051,2
83,1778488941279,-0.0044569772,0.0069687124,0.0005857019999998946,2
84,1778488941282,-0.0044569772,0.0069687124,0.0005857019999998946,2
85,1778488941285,-0.0044569772,0.0069687124,0.0004297020000000717,2
86,1778488941288,-0.0042697772,0.0063057124,0.0004297020000000717,2
87,1778488941292,-0.0042697772,0.0063057124,0.0004297020000000717,2
88,1778488941295,-0.004394577199999999,0.005790912400000001,0.0002269020000000132,2
89,1778488941298,-0.004394577199999999,0.005790912400000001,0.0002269020000000132,2
90,1778488941301,-0.004394577199999999,0.005790912400000001,0.0005623019999999989,2
91,1778488941304,-0.0042658772,0.0065592124,0.0005623019999999989,2
92,1778488941307,-0.0042658772,0.0065592124,0.0005623019999999989,2
93,1778488941311,-0.0044998772,0.006988212400000001,-0.00015919800000004265,2
94,1778488941314,-0.0044998772,0.006988212400000001,-0.00015919800000004265,2
95,1778488941319,-0.0043477772,0.007659012400000002,0.000613002000000069,2
96,1778488941322,-0.0043477772,0.007659012400000002,0.000613002000000069,2
97,1778488941329,-0.004129377199999999,0.0074952123999999995,-0.0004828979999999695,2
98,1778488941332,-0.004129377199999999,0.0074952123999999995,-0.0004828979999999695,2
99,1778488941336,-0.0042229772,0.006621612400000001,0.0007612020000000008,2
100,1778488941339,-0.0042229772,0.006621612400000001,0.0007612020000000008,2
101,1778488941342,-0.0042931772,0.0060249124000000005,-0.00013579799999992488,2
102,1778488941345,-0.0042931772,0.0060249124000000005,-0.00013579799999992488,2
103,1778488941348,-0.0042931772,0.0060249124000000005,-0.00013579799999992488,2
104,1778488941352,-0.004250277199999999,0.006134112400000001,0.0003985020000000627,2
105,1778488941355,-0.004250277199999999,0.006134112400000001,0.0003985020000000627,2
106,1778488941358,-0.0043087772,0.006719112400000001,0.00021910199999989992,2
107,1778488941361,-0.0043087772,0.006719112400000001,0.00021910199999989992,2
108,1778488941364,-0.0043087772,0.006719112400000001,0.00021910199999989992,2
109,1778488941368,-0.0043555772,0.007721412399999999,0.0007729019999999486,2
110,1778488941371,-0.0043555772,0.007721412399999999,0.0007729019999999486,2
111,1778488941374,-0.0042658772,0.0075576124,3.190200000006797e-05,2
112,1778488941377,-0.0042658772,0.0075576124,3.190200000006797e-05,2
113,1778488941380,-0.0042658772,0.0075576124,3.190200000006797e-05,2
114,1778488941384,-0.0043594772,0.0070623123999999995,0.0003556019999998838,2
115,1778488941387,-0.0043594772,0.0070623123999999995,0.0003556019999998838,2
116,1778488941390,-0.0043321772,0.006598212400000001,0.00044920199999991077,2
117,1778488941393,-0.0043321772,0.006598212400000001,0.00044920199999991077,2
118,1778488941396,-0.0043321772,0.006598212400000001,0.00044920199999991077,2
119,1778488941400,-0.0042658772,0.006087312400000001,1.6302000000063474e-05,2
120,1778488941403,-0.0042658772,0.006087312400000001,1.6302000000063474e-05,2
121,1778488941406,-0.004074777199999999,0.0067152124,0.0007300019999999918,2
122,1778488941409,-0.004074777199999999,0.0067152124,0.0007300019999999918,2
123,1778488941412,-0.004074777199999999,0.0067152124,0.0007300019999999918,2
124,1778488941416,-0.0042385771999999995,0.0072807124,-8.509800000007679e-05,2
0,1778488941436,-0.0045154772,0.007487412400000001,0.0004141020000000672,2
1,1778488941439,-0.0043243772,0.0066177124,0.00041020200000001054,2
2,1778488941442,-0.0043243772,0.0066177124,0.00041020200000001054,2
3,1778488941446,-0.0043243772,0.0062472124,0.0004453020000000762,2
4,1778488941449,-0.0043789772,0.0062472124,0.0004453020000000762,2
5,1778488941452,-0.0043789772,0.0062472124,0.0004453020000000762,2
6,1778488941455,-0.0040786772,0.005954712400000001,0.0008392020000000232,2
7,1778488941458,-0.0040786772,0.005954712400000001,0.0008392020000000232,2
8,1778488941462,-0.0040786772,0.0067347124000000005,6.700199999991156e-05,2
9,1778488941465,-0.0041566772,0.0067347124000000005,6.700199999991156e-05,2
10,1778488941468,-0.0041566772,0.0067347124000000005,6.700199999991156e-05,2
11,1778488941471,-0.0041332771999999995,0.007288512400000001,0.0006871020000000349,2
12,1778488941531,-0.0041332771999999995,0.007288512400000001,0.0006871020000000349,2
13,1778488941534,-0.004039677199999999,0.0079554124,0.0004765020000000852,2
14,1778488941538,-0.004039677199999999,0.0079554124,0.0004765020000000852,2
15,1778488941647,-0.004039677199999999,0.0079554124,0.00023080200000006983,2
16,1778488941650,-0.003918777199999999,0.007276812400000001,0.0005467019999999944,2
17,1778488941653,-0.003918777199999999,0.006664512400000001,0.00020350199999989542,2
18,1778488941657,-0.0040435772,0.006664512400000001,0.00020350199999989542,2
19,1778488941660,-0.0040435772,0.006664512400000001,0.00020350199999989542,2
20,1778488941664,-0.0045583772,0.005767512400000001,0.0005311019999999899,2
21,1778488941667,-0.0045583772,0.005767512400000001,0.0005311019999999899,2
22,1778488941670,-0.004718277199999999,0.0065943124,0.00030100199999997905,2
23,1778488941673,-0.004718277199999999,0.0065943124,0.00030100199999997905,2
24,1778488941676,-0.004718277199999999,0.0065943124,0.00030100199999997905,2
25,1778488941680,-0.004495977199999999,0.006976512400000001,0.0002269020000000132,2
26,1778488941683,-0.004495977199999999,0.006976512400000001,0.0002269020000000132,2
27,1778488941686,-0.0045895772,0.0079203124,0.0008080020000000143,2
28,1778488941689,-0.0045895772,0.0079203124,0.0008080020000000143,2
29,1778488941693,-0.0045895772,0.0079203124,0.0008080020000000143,2
30,1778488941696,-0.0041371772,0.007686312399999999,-8.899799999991138e-05,2
31,1778488941699,-0.0041371772,0.007686312399999999,-8.899799999991138e-05,2
32,1778488941702,-0.0042463772,0.0071052124,0.0009523019999998893,2
33,1778488941705,-0.0042463772,0.0071052124,0.0009523019999998893,2
34,1778488941709,-0.0042463772,0.0071052124,0.0009523019999998893,2
35,1778488941712,-0.0040045772,0.0063018124000000005,5.53019999999637e-05,2
36,1778488941715,-0.0040045772,0.0063018124000000005,5.53019999999637e-05,2
37,1778488941718,-0.0043672772,0.005857212400000001,0.00021910199999989992,2
38,1778488941721,-0.0043672772,0.005857212400000001,0.00021910199999989992,2
39,1778488941725,-0.0043672772,0.005857212400000001,0.00021910199999989992,2
40,1778488941728,-0.0045037772,0.006633312400000001,0.00039460200000000605,2
41,1778488941731,-0.0045037772,0.006633312400000001,0.00039460200000000605,2
42,1778488941734,-0.0046441772,0.007198812400000001,1.2402000000006838e-05,2
43,1778488941737,-0.0046441772,0.007198812400000001,1.2402000000006838e-05,2
44,1778488941741,-0.0046441772,0.007198812400000001,1.2402000000006838e-05,2
45,1778488941744,-0.0045193772,0.0079047124,4.3602000000015836e-05,2
46,1778488941747,-0.0045193772,0.0079047124,4.3602000000015836e-05,2
47,1778488941751,-0.0043789772,0.0074718124,0.0005467019999999944,2
48,1778488941754,-0.0043789772,0.0074718124,0.0005467019999999944,2
49,1778488941757,-0.0043789772,0.0074718124,0.0006286020000000735,2
50,1778488941760,-0.0043789772,0.006953112400000001,0.0006286020000000735,2
51,1778488941763,-0.0043789772,0.006953112400000001,0.0006286020000000735,2
52,1778488941767,-0.0043711772,0.0059625124,0.0004999019999999809,2
53,1778488941770,-0.0043711772,0.0059625124,0.0004999019999999809,2
54,1778488941773,-0.0043711772,0.006578712400000001,0.0008587020000000844,2
55,1778488941776,-0.0041995771999999995,0.006578712400000001,0.0008587020000000844,2
56,1778488941779,-0.0041995771999999995,0.006578712400000001,0.0008587020000000844,2
57,1778488941783,-0.0042814772,0.0064383124,-0.00015139799999992938,2
58,1778488941786,-0.0042814772,0.0064383124,-0.00015139799999992938,2
59,1778488941789,-0.0042814772,0.0076824124000000014,0.0010576020000000862,2
60,1778488941792,-0.0044374772,0.0076824124000000014,0.0010576020000000862,2
61,1778488941795,-0.0044374772,0.0076824124000000014,0.0010576020000000862,2
62,1778488941799,-0.0042892772,0.0075732123999999994,-0.00020599800000005615,2
63,1778488941802,-0.0042892772,0.0075732123999999994,-0.00020599800000005615,2
64,1778488941805,-0.0042892772,0.0075732123999999994,0.0005467019999999944,2
65,1778488941808,-0.0040864772,0.0071832124,0.0005467019999999944,2
66,1778488941811,-0.0040864772,0.0071832124,0.0005467019999999944,2
67,1778488941815,-0.004039677199999999,0.0061848124,-2.2698000000058796e-05,2
68,1778488941818,-0.004039677199999999,0.0061848124,-2.2698000000058796e-05,2
69,1778488941821,-0.004039677199999999,0.006009312400000001,0.0004609020000000807,2
70,1778488941824,-0.004129377199999999,0.006009312400000001,0.0004609020000000807,2
71,1778488941827,-0.004129377199999999,0.006009312400000001,0.0004609020000000807,2
72,1778488941831,-0.0043438771999999995,0.0065046124,0.0002113020000000087,2
73,1778488941834,-0.0043438771999999995,0.0065046124,0.0002113020000000087,2
74,1778488941837,-0.0043438771999999995,0.007109112400000001,0.0007729019999999486,2
75,1778488941840,-0.004694877199999999,0.007109112400000001,0.0007729019999999486,2
76,1778488941844,-0.004694877199999999,0.007109112400000001,0.0007729019999999486,2
77,1778488941847,-0.0047806772,0.007752612400000001,0.0003088020000000923,2
78,1778488941850,-0.0047806772,0.007752612400000001,0.0003088020000000923,2
79,1778488941853,-0.0047806772,0.0073041124,0.0004765020000000852,2
80,1778488941857,-0.0045895772,0.0073041124,0.0004765020000000852,2
81,1778488941860,-0.0045895772,0.0073041124,0.0004765020000000852,2
82,1778488941863,-0.004406277199999999,0.0071169124,0.00014500199999993406,2
83,1778488941866,-0.004406277199999999,0.0071169124,0.00014500199999993406,2
84,1778488941869,-0.004406277199999999,0.005935212400000001,0.00023860199999996105,2
85,1778488941873,-0.0043984772,0.005935212400000001,0.00023860199999996105,2
86,1778488941876,-0.0043984772,0.005935212400000001,0.00023860199999996105,2
87,1778488941879,-0.0042346772,0.0064695124,0.0005311019999999899,2
88,1778488941883,-0.0042346772,0.0064695124,0.0005311019999999899,2
89,1778488941886,-0.0042658772,0.006598212400000001,-0.00013969799999998152,2
90,1778488941889,-0.0042658772,0.006598212400000001,-0.00013969799999998152,2
91,1778488941892,-0.0042658772,0.006598212400000001,-0.00013969799999998152,2
92,1778488941896,-0.004285377199999999,0.0077136124,0.00058180200000006,2
93,1778488941899,-0.004285377199999999,0.0077136124,0.00058180200000006,2
94,1778488941902,-0.0043555772,0.007584912400000001,-0.00034249800000004,2
95,1778488941905,-0.0043555772,0.007584912400000001,-0.00034249800000004,2
96,1778488941908,-0.0043555772,0.007584912400000001,-0.00034249800000004,2
97,1778488941912,-0.0043555772,0.0072612124,0.0003673020000000537,2
98,1778488941915,-0.0043555772,0.0072612124,0.0003673020000000537,2
99,1778488941918,-0.0042112772,0.006411012400000001,0.00012160200000003833,2
100,1778488941921,-0.0042112772,0.006411012400000001,0.00012160200000003833,2
101,1778488941924,-0.0042112772,0.006411012400000001,0.00012160200000003833,2
102,1778488941928,-0.0042814772,0.0062394124,0.0010537020000000296,2
103,1778488941931,-0.0042814772,0.0062394124,0.0010537020000000296,2
104,1778488941934,-0.0042775771999999995,0.0060834124,0.00023470199999990442,2
105,1778488941937,-0.0042775771999999995,0.0060834124,0.00023470199999990442,2
106,1778488941940,-0.0042775771999999995,0.0060834124,0.00023470199999990442,2
107,1778488941944,-0.0043594772,0.007007712400000001,0.001205802000000018,2
108,1778488941947,-0.0043594772,0.007007712400000001,0.001205802000000018,2
109,1778488941950,-0.0042658772,0.007764312400000001,0.0002620020000000788,2
110,1778488941953,-0.0042658772,0.007764312400000001,0.0002620020000000788,2
111,1778488941956,-0.0042658772,0.007764312400000001,0.0002620020000000788,2
112,1778488941960,-0.004507677199999999,0.007343112400000001,0.0006169019999999036,2
113,1778488941963,-0.004507677199999999,0.007343112400000001,0.0006169019999999036,2
114,1778488941966,-0.004394577199999999,0.0074445124000000005,0.0005896019999999513,2
115,1778488941969,-0.004394577199999999,0.0074445124000000005,0.0005896019999999513,2
116,1778488941973,-0.004394577199999999,0.0074445124000000005,-0.0005140979999999785,2
117,1778488941976,-0.0044452772,0.0058923124,-0.0005140979999999785,2
118,1778488941979,-0.0044452772,0.0058923124,-0.0005140979999999785,2
119,1778488941982,-0.004538877199999999,0.006309612400000001,0.0006949019999999261,2
120,1778488941985,-0.004538877199999999,0.006309612400000001,0.0006949019999999261,2
121,1778488941989,-0.004538877199999999,0.006309612400000001,-8.119800000002016e-05,2
122,1778488941992,-0.0043867772,0.006333012400000001,-8.119800000002016e-05,2
123,1778488941995,-0.0043867772,0.006333012400000001,-8.119800000002016e-05,2
124,1778488941998,-0.004495977199999999,0.0076824124000000014,0.0007417019999999396,2
0,1778488942018,-0.004550577199999999,0.0077253124,0.0007027020000000394,2
1,1778488942021,-0.004550577199999999,0.006645012400000001,0.00021910199999989992,2
2,1778488942025,-0.0042658772,0.006645012400000001,0.00021910199999989992,2
3,1778488942028,-0.0042658772,0.006645012400000001,0.00021910199999989992,2
4,1778488942032,-0.0045232772,0.006110712400000001,0.000737801999999883,2
5,1778488942083,-0.0040708772,0.0075147124,8.260199999991606e-05,2
6,1778488942193,-0.0047767771999999995,0.0059196124,0.000800201999999901,2
7,1778488942196,-0.004417977199999999,0.006032712400000001,0.00039460200000000605,2
8,1778488942199,-0.004495977199999999,0.0059508124,0.0003751019999999449,2
9,1778488942203,-0.004495977199999999,0.0059508124,0.0003751019999999449,2
10,1778488942206,-0.0046129772,0.0070155124,0.0009289019999999936,2
11,1778488942209,-0.0046129772,0.0070155124,0.0009289019999999936,2
12,1778488942212,-0.0046129772,0.0070155124,0.0009289019999999936,2
13,1778488942215,-0.0043828771999999995,0.007530312400000001,4.3602000000015836e-05,2
14,1778488942219,-0.0043828771999999995,0.007530312400000001,4.3602000000015836e-05,2
15,1778488942222,-0.0043594772,0.007986612399999999,0.00048040199999991977,2
16,1778488942225,-0.0043594772,0.007986612399999999,0.00048040199999991977,2
17,1778488942228,-0.0043594772,0.007986612399999999,0.00048040199999991977,2
18,1778488942231,-0.0039889771999999995,0.0073899124,-3.439800000000666e-05,2
19,1778488942235,-0.0039889771999999995,0.0073899124,-3.439800000000666e-05,2
20,1778488942238,-0.0042463772,0.006145812400000001,0.0004219019999999584,2
21,1778488942241,-0.0042463772,0.006145812400000001,0.0004219019999999584,2
22,1778488942244,-0.0042463772,0.006145812400000001,0.0004219019999999584,2
23,1778488942247,-0.0040942771999999995,0.0059469124000000005,0.0007105019999999306,2
24,1778488942251,-0.0040942771999999995,0.0059469124000000005,0.0007105019999999306,2
25,1778488942254,-0.0047689772,0.0058923124,8.260199999991606e-05,2
26,1778488942257,-0.0047689772,0.0058923124,8.260199999991606e-05,2
27,1778488942260,-0.0047689772,0.0058923124,8.260199999991606e-05,2
28,1778488942263,-0.0047143772,0.0072066123999999995,0.00058180200000006,2
29,1778488942267,-0.0047143772,0.0072066123999999995,0.00058180200000006,2
30,1778488942270,-0.0044530772,0.007643412400000001,0.0003673020000000537,2
31,1778488942273,-0.0044530772,0.007643412400000001,0.0003673020000000537,2
32,1778488942276,-0.0044530772,0.007643412400000001,0.0003673020000000537,2
33,1778488942279,-0.0042658772,0.0075381124,0.0005155019999999854,2
34,1778488942283,-0.0042658772,0.0075381124,0.0005155019999999854,2
35,1778488942286,-0.0039031771999999995,0.0069258124,0.00048820200000003304,2
36,1778488942289,-0.0039031771999999995,0.0069258124,0.00048820200000003304,2
37,1778488942292,-0.0039031771999999995,0.0069258124,0.00048820200000003304,2
38,1778488942295,-0.0040435772,0.006177012400000001,0.0001645019999999952,2
39,1778488942299,-0.0040435772,0.006177012400000001,0.0001645019999999952,2
40,1778488942304,-0.0040903772,0.0060288124,-0.000280098000000022,2
41,1778488942308,-0.0040903772,0.0060288124,-0.000280098000000022,2
42,1778488942312,-0.0043750772,0.006898512400000001,0.0003361020000000447,2
43,1778488942317,-0.0043750772,0.006898512400000001,2.41019999999547e-05,2
44,1778488942320,-0.0045271771999999995,0.0075108124000000005,2.41019999999547e-05,2
45,1778488942323,-0.0045271771999999995,0.0075108124000000005,2.41019999999547e-05,2
46,1778488942326,-0.0047884772,0.0077019124,0.0006559020000000259,2
47,1778488942330,-0.0047884772,0.0077019124,0.0006559020000000259,2
48,1778488942333,-0.0047884772,0.0075615123999999995,0.0002815019999999179,2
49,1778488942336,-0.0045466772,0.0075615123999999995,0.0002815019999999179,2
50,1778488942340,-0.0045466772,0.0075615123999999995,0.0002815019999999179,2
51,1778488942349,-0.0045856772,0.0063291124,0.00043360199999990627,2
52,1778488942353,-0.0043750772,0.006399312400000001,0.0011161020000000476,2
53,1778488942356,-0.0043750772,0.006399312400000001,0.0011161020000000476,2
54,1778488942359,-0.0043672772,0.006145812400000001,0.00023860199999996105,2
55,1778488942362,-0.0043672772,0.006145812400000001,0.00023860199999996105,2
56,1778488942365,-0.0041137772,0.007097412400000001,0.0007456019999999963,2
57,1778488942369,-0.0041137772,0.007097412400000001,0.0007456019999999963,2
58,1778488942372,-0.0041137772,0.007097412400000001,0.0007456019999999963,2
59,1778488942375,-0.0042580772,0.007362612400000001,0.0001021019999999772,2
60,1778488942378,-0.0042580772,0.007362612400000001,0.0001021019999999772,2
61,1778488942381,-0.0044335772,0.0076707124000000015,0.0005155019999999854,2
62,1778488942385,-0.0044335772,0.0076707124000000015,0.0005155019999999854,2
63,1778488942388,-0.0044335772,0.0076707124000000015,0.0005155019999999854,2
64,1778488942392,-0.0043165771999999995,0.0067581124,0.00018400200000005633,2
65,1778488942396,-0.0043165771999999995,0.0067581124,0.00018400200000005633,2
66,1778488942401,-0.0041761772,0.0062823124,0.0006520019999999693,2
67,1778488942405,-0.0041761772,0.005978112400000001,-7.098000000054297e-06,2
68,1778488942408,-0.004063077199999999,0.005978112400000001,-7.098000000054297e-06,2
69,1778488942411,-0.004063077199999999,0.005978112400000001,-7.098000000054297e-06,2
70,1778488942414,-0.0041137772,0.006508512400000001,0.0009913020000000116,2
71,1778488942418,-0.0041137772,0.006508512400000001,0.0009913020000000116,2
72,1778488942421,-0.0041137772,0.0074835124,0.00019180199999994756,2
73,1778488942424,-0.0041137772,0.0074835124,0.00019180199999994756,2
74,1778488942427,-0.0041137772,0.0074835124,0.00019180199999994756,2
75,1778488942430,-0.004417977199999999,0.0073899124,-3.0497999999950023e-05,2
76,1778488942434,-0.004417977199999999,0.0073899124,-3.0497999999950023e-05,2
77,1778488942437,-0.004417977199999999,0.0078111124,0.0007222019999998785,2
78,1778488942440,-0.0044530772,0.0078111124,0.0007222019999998785,2
79,1778488942443,-0.0044530772,0.0078111124,0.0007222019999998785,2
80,1778488942446,-0.004651977199999999,0.006500712400000001,-0.00012019799999992038,2
81,1778488942450,-0.004651977199999999,0.006500712400000001,-0.00012019799999992038,2
82,1778488942453,-0.0046558772,0.0062745124,0.0012448019999999182,2
83,1778488942457,-0.0046558772,0.0062745124,0.0012448019999999182,2
84,1778488942460,-0.0046558772,0.0062745124,0.0012448019999999182,2
85,1778488942463,-0.004538877199999999,0.0058845124,9.820199999992056e-05,2
86,1778488942466,-0.004538877199999999,0.0058845124,9.820199999992056e-05,2
87,1778488942469,-0.0044218771999999995,0.0069453124000000005,0.0007339020000000484,2
88,1778488942473,-0.0044218771999999995,0.0069453124000000005,0.0007339020000000484,2
89,1778488942476,-0.0044218771999999995,0.0069453124000000005,0.0007339020000000484,2
90,1778488942479,-0.0040318772,0.0076668124,-0.00010849799999997252,2
91,1778488942482,-0.0040318772,0.0076668124,-0.00010849799999997252,2
92,1778488942485,-0.0040240772,0.0081972124,0.0006949019999999261,2
93,1778488942489,-0.0040240772,0.0081972124,0.0006949019999999261,2
94,1778488942494,-0.0040240772,0.0071364124,-0.00038149800000005125,2
95,1778488942497,-0.0043477772,0.0071364124,-0.00038149800000005125,2
96,1778488942502,-0.0046909772,0.006309612400000001,0.000706601999999874,2
97,1778488942506,-0.0046909772,0.006309612400000001,0.000706601999999874,2
98,1778488942509,-0.0046909772,0.0057831124,-0.00010459799999991588,2
99,1778488942512,-0.0044881771999999995,0.0057831124,-0.00010459799999991588,2
100,1778488942516,-0.0044881771999999995,0.0057831124,-0.00010459799999991588,2
101,1778488942519,-0.0044764772,0.006110712400000001,0.0006559020000000259,2
102,1778488942522,-0.0044764772,0.006110712400000001,0.0006559020000000259,2
103,1778488942525,-0.0044764772,0.0074835124,0.00015280200000004733,2
104,1778488942528,-0.0040942771999999995,0.0074835124,0.00015280200000004733,2
105,1778488942532,-0.0040942771999999995,0.0074835124,0.00015280200000004733,2
106,1778488942535,-0.0038992771999999997,0.007698012399999999,0.00017620199999994306,2
107,1778488942538,-0.0038992771999999997,0.007698012399999999,0.00017620199999994306,2
108,1778488942541,-0.0039538772,0.0079788124,0.0006247020000000169,2
109,1778488942545,-0.0039538772,0.0079788124,0.0006247020000000169,2
110,1778488942548,-0.0039538772,0.0079788124,0.0006247020000000169,2
111,1778488942551,-0.0042424772,0.0065124124000000005,-0.00046339800000001936,2
112,1778488942554,-0.0042424772,0.0065124124000000005,-0.00046339800000001936,2
113,1778488942557,-0.0045856772,0.006500712400000001,0.0009211019999998803,2
114,1778488942561,-0.0045856772,0.006500712400000001,0.0009211019999998803,2
115,1778488942564,-0.0045856772,0.006500712400000001,0.0009211019999998803,2
116,1778488942567,-0.0049132772,0.0057051124,-4.219800000011993e-05,2
117,1778488942570,-0.0049132772,0.0057051124,-4.219800000011993e-05,2
118,1778488942573,-0.004718277199999999,0.0067074123999999995,0.0009913020000000116,2
119,1778488942577,-0.004718277199999999,0.0067074123999999995,0.0009913020000000116,2
120,1778488942581,-0.004718277199999999,0.0072261124,-0.00021379799999994738,2
121,1778488942585,-0.004417977199999999,0.0072261124,-0.00021379799999994738,2
122,1778488942589,-0.004417977199999999,0.008017812400000001,0.0012175019999999658,2
123,1778488942593,-0.004183977199999999,0.008017812400000001,0.0012175019999999658,2
124,1778488942597,-0.004183977199999999,0.0074445124000000005,-0.00038149800000005125,2
0,1778488942770,-0.0041917772,0.0076551124000000005,-0.0002956980000000265,2
1,1778488942814,-0.004195677199999999,0.0057597124,-0.00044389800000006925,2
2,1778488942817,-0.0045544771999999996,0.0070233124000000004,0.0007456019999999963,2
3,1778488942821,-0.0045544771999999996,0.0070233124000000004,0.0002971019999999224,2
4,1778488942824,-0.0042268772,0.0062511124,0.0002971019999999224,2
5,1778488942827,-0.0042268772,0.0062511124,0.0002971019999999224,2
6,1778488942830,-0.0043438771999999995,0.0059508124,0.000925001999999937,2
7,1778488942833,-0.0043438771999999995,0.0059508124,0.000925001999999937,2
8,1778488942837,-0.0043438771999999995,0.0064578124,0.0005077019999998721,2
9,1778488942840,-0.0043555772,0.0064578124,0.0005077019999998721,2
10,1778488942843,-0.0043555772,0.0064578124,0.0005077019999998721,2
11,1778488942846,-0.0043672772,0.0071598124,0.0006715020000000304,2
12,1778488942849,-0.0043672772,0.0071598124,0.0006715020000000304,2
13,1778488942853,-0.0043672772,0.0077838123999999995,0.00018400200000005633,2
14,1778488942856,-0.0041761772,0.0077838123999999995,0.00018400200000005633,2
15,1778488942859,-0.0041761772,0.0077838123999999995,0.00018400200000005633,2
16,1778488942863,-0.0046480772,0.0072456124,-0.000217698000000004,2
17,1778488942867,-0.0046480772,0.0072456124,-0.000217698000000004,2
18,1778488942871,-0.0042346772,0.0068361124,0.0005116019999999288,2
19,1778488942875,-0.0042346772,0.0068361124,0.0005116019999999288,2
20,1778488942878,-0.0041917772,0.006009312400000001,-0.00039709800000005575,2
21,1778488942882,-0.0041917772,0.006009312400000001,-0.00039709800000005575,2
22,1778488942885,-0.0041917772,0.0064032124,0.0009757020000000071,2
23,1778488942888,-0.004117677199999999,0.0064032124,0.0009757020000000071,2
24,1778488942891,-0.004117677199999999,0.0064032124,0.0009757020000000071,2
25,1778488942894,-0.0041644772,0.0070155124,-0.00021379799999994738,2
26,1778488942898,-0.0041644772,0.0070155124,-0.00021379799999994738,2
27,1778488942901,-0.0041644772,0.0075264124,0.0009991019999999028,2
28,1778488942904,-0.0043048771999999996,0.0075264124,0.0009991019999999028,2
29,1778488942907,-0.0043048771999999996,0.0075264124,0.0009991019999999028,2
30,1778488942910,-0.0043165771999999995,0.007889112399999999,0.0004609020000000807,2
31,1778488942914,-0.0043165771999999995,0.007889112399999999,0.0004609020000000807,2
32,1778488942917,-0.0043165771999999995,0.0070038124,0.0006949019999999261,2
33,1778488942920,-0.0045115772,0.0070038124,0.0006949019999999261,2
34,1778488942923,-0.0045115772,0.0070038124,0.0006949019999999261,2
35,1778488942927,-0.0045037772,0.0062277124,0.0004960019999999243,2
36,1778488942930,-0.0045037772,0.0062277124,0.0004960019999999243,2
37,1778488942933,-0.0043009772,0.005845512400000001,0.0004765020000000852,2
38,1778488942936,-0.0043009772,0.005845512400000001,0.0004765020000000852,2
39,1778488942939,-0.0043009772,0.005845512400000001,0.0004765020000000852,2
40,1778488942943,-0.0041878772,0.0065124124000000005,0.0003829020000000582,2
41,1778488942946,-0.0041878772,0.0065124124000000005,0.0003829020000000582,2
42,1778488942949,-0.0040318772,0.007308012400000001,0.0005389019999998811,2
43,1778488942952,-0.0040318772,0.007308012400000001,0.0005389019999998811,2
44,1778488942956,-0.0040318772,0.007308012400000001,0.0005389019999998811,2
45,1778488942959,-0.0039616771999999995,0.007764312400000001,0.0003400019999998793,2
46,1778488942963,-0.0039616771999999995,0.007764312400000001,0.0003400019999998793,2
47,1778488942967,-0.0042424772,0.0073938124,-0.0003151979999999766,2
48,1778488942971,-0.0042424772,0.0073938124,-0.0003151979999999766,2
49,1778488942975,-0.004285377199999999,0.0067698124,0.0004765020000000852,2
50,1778488942978,-0.004285377199999999,0.0067698124,0.0004765020000000852,2
51,1778488942982,-0.0044257772,0.006044412400000001,-0.00018259799999993838,2
52,1778488942985,-0.0044257772,0.006044412400000001,-0.00018259799999993838,2
53,1778488942988,-0.0044257772,0.006044412400000001,-0.00018259799999993838,2
54,1778488942991,-0.0045583772,0.005943012400000001,0.0006559020000000259,2
55,1778488942994,-0.0045583772,0.005943012400000001,0.0006559020000000259,2
56,1778488942997,-0.0045115772,0.0071013124,0.0003595019999999404,2
57,1778488943001,-0.0045115772,0.0071013124,0.0003595019999999404,2
58,1778488943004,-0.0045115772,0.0071013124,0.0003595019999999404,2
59,1778488943007,-0.0042658772,0.007452312400000001,0.0009679019999998938,2
60,1778488943010,-0.0042658772,0.007452312400000001,0.0009679019999998938,2
61,1778488943014,-0.0039811772,0.0080646124,0.00033220199999998805,2
62,1778488943017,-0.0039811772,0.0080646124,0.00033220199999998805,2
63,1778488943020,-0.0039811772,0.0080646124,0.00033220199999998805,2
64,1778488943023,-0.0041332771999999995,0.007464012400000001,0.0009991019999999028,2
65,1778488943026,-0.0041332771999999995,0.007464012400000001,0.0009991019999999028,2
66,1778488943030,-0.0044569772,0.0064968123999999995,0.0001801019999999997,2
67,1778488943033,-0.0044569772,0.0064968123999999995,0.0001801019999999997,2
68,1778488943036,-0.0044569772,0.0064968123999999995,0.0006013019999998991,2
69,1778488943039,-0.0046363772,0.0056271124,0.0006013019999998991,2
70,1778488943042,-0.0046363772,0.0056271124,0.0006013019999998991,2
71,1778488943046,-0.004538877199999999,0.0061068124,-6.169799999995902e-05,2
72,1778488943050,-0.004538877199999999,0.0061068124,-6.169799999995902e-05,2
73,1778488943055,-0.0042268772,0.007054512400000001,-0.00015529799999998602,2
74,1778488943058,-0.0042268772,0.007054512400000001,-0.00015529799999998602,2
75,1778488943063,-0.004195677199999999,0.0080490124,0.0006520019999999693,2
76,1778488943067,-0.004195677199999999,0.0080490124,0.0006520019999999693,2
77,1778488943070,-0.0041800772,0.0078696124,-7.729799999996352e-05,2
78,1778488943073,-0.0041800772,0.0078696124,-7.729799999996352e-05,2
79,1778488943077,-0.0041800772,0.007031112400000001,0.0006637019999999171,2
80,1778488943080,-0.0041917772,0.007031112400000001,0.0006637019999999171,2
81,1778488943083,-0.0041917772,0.007031112400000001,0.0006637019999999171,2
82,1778488943087,-0.0043438771999999995,0.0066723124,0.00014500199999993406,2
83,1778488943090,-0.0043438771999999995,0.0066723124,0.00014500199999993406,2
84,1778488943093,-0.0047923772,0.005556912400000001,0.00044140200000001954,2
85,1778488943096,-0.0047923772,0.005556912400000001,0.00044140200000001954,2
86,1778488943099,-0.0047923772,0.005556912400000001,0.00044140200000001954,2
87,1778488943105,-0.0046909772,0.0064578124,0.0004687019999999719,2
88,1778488943109,-0.0046909772,0.007097412400000001,0.0006910020000000915,2
89,1778488943112,-0.0045466772,0.007097412400000001,0.0006910020000000915,2
90,1778488943115,-0.0045466772,0.007097412400000001,0.0006910020000000915,2
91,1778488943119,-0.004141077199999999,0.007776012400000001,0.0004921020000000897,2
92,1778488943122,-0.004141077199999999,0.007776012400000001,0.0004921020000000897,2
93,1778488943125,-0.0039616771999999995,0.0073470124,0.00010990200000009047,2
94,1778488943129,-0.0039616771999999995,0.0073470124,0.00010990200000009047,2
95,1778488943132,-0.0039616771999999995,0.0073470124,0.00010990200000009047,2
96,1778488943135,-0.0040864772,0.0071247124,0.0001177019999999817,2
97,1778488943138,-0.0040864772,0.0071247124,0.0001177019999999817,2
98,1778488943143,-0.0043321772,0.0059508124,0.00043360199999990627,2
99,1778488943146,-0.0043321772,0.0059508124,0.00043360199999990627,2
100,1778488943151,-0.0045310772,0.0060522124,0.0003751019999999449,2
101,1778488943155,-0.0045310772,0.0060522124,0.0003751019999999449,2
102,1778488943158,-0.0049015772,0.006489012400000001,0.0002269020000000132,2
103,1778488943161,-0.0049015772,0.006489012400000001,0.0002269020000000132,2
104,1778488943164,-0.0049015772,0.006489012400000001,0.0008899019999998713,2
105,1778488943167,-0.0045778772,0.0074913124,0.0008899019999998713,2
106,1778488943171,-0.0045778772,0.0074913124,0.0008899019999998713,2
107,1778488943174,-0.0043087772,0.0079281124,0.0003985020000000627,2
108,1778488943177,-0.0043087772,0.0079281124,0.0003985020000000627,2
109,1778488943180,-0.0043087772,0.0079281124,0.00047260200000002854,2
110,1778488943184,-0.004152777199999999,0.0073509123999999995,0.00047260200000002854,2
111,1778488943187,-0.004152777199999999,0.0073509123999999995,0.00047260200000002854,2
112,1778488943190,-0.0039421772,0.0068049124,0.0006637019999999171,2
113,1778488943193,-0.0039421772,0.0068049124,0.0006637019999999171,2
114,1778488943197,-0.0039421772,0.0055920124000000005,0.0003400019999998793,2
115,1778488943200,-0.0042112772,0.0055920124000000005,0.0003400019999998793,2
116,1778488943203,-0.0042112772,0.0055920124000000005,0.0003400019999998793,2
117,1778488943206,-0.0043243772,0.006223812400000001,4.601999999893566e-06,2
118,1778488943210,-0.0043243772,0.006223812400000001,4.601999999893566e-06,2
119,1778488943213,-0.0043243772,0.006699612400000001,0.0003868019999998928,2
120,1778488943216,-0.0044803772,0.006699612400000001,0.0003868019999998928,2
121,1778488943219,-0.0044803772,0.006699612400000001,0.0003868019999998928,2
122,1778488943222,-0.0044413772,0.0079203124,-0.00018259799999993838,2
123,1778488943226,-0.0044413772,0.0079203124,-0.00018259799999993838,2
124,1778488943229,-0.0044413772,0.0074484124,0.00040240199999989727,2
0,1778488943257,-0.0040240772,0.0064461124000000005,0.0010849020000000386,2
1,1778488943261,-0.0040240772,0.0064188124,0.00012550199999987292,2
2,1778488943264,-0.0043555772,0.0064188124,0.00012550199999987292,2
3,1778488943281,-0.0043555772,0.0064188124,0.00012550199999987292,2
4,1778488943325,-0.004183977199999999,0.007740912400000001,0.0001021019999999772,2
5,1778488943348,-0.0047104772,0.007230012400000001,0.0005077019999998721,2
6,1778488943370,-0.0041488772,0.0062706124,7.870200000008147e-05,2
7,1778488943381,-0.004207377199999999,0.0071598124,0.00023470199999990442,2
8,1778488943429,-0.0041683772,0.0076395123999999995,0.0004765020000000852,2
9,1778488943442,-0.004152777199999999,0.0075732123999999994,2.41019999999547e-05,2
10,1778488943447,-0.0043438771999999995,0.007596612400000001,0.0007729019999999486,2
11,1778488943450,-0.0043438771999999995,0.007596612400000001,0.0007729019999999486,2
12,1778488943453,-0.0043750772,0.0065943124,4.750200000007247e-05,2
13,1778488943456,-0.0043750772,0.0065943124,4.750200000007247e-05,2
14,1778488943460,-0.0043750772,0.0065943124,4.750200000007247e-05,2
15,1778488943463,-0.0046870772,0.006110712400000001,0.00058180200000006,2
16,1778488943466,-0.0046870772,0.006110712400000001,0.00058180200000006,2
17,1778488943469,-0.004484277199999999,0.0059820124,0.0004687019999999719,2
18,1778488943472,-0.004484277199999999,0.0059820124,0.0004687019999999719,2
19,1778488943476,-0.004484277199999999,0.0059820124,0.0004687019999999719,2
20,1778488943479,-0.0044335772,0.0067698124,0.000613002000000069,2
21,1778488943482,-0.0044335772,0.0067698124,0.000613002000000069,2
22,1778488943486,-0.0040708772,0.0075264124,0.0010303019999999118,2
23,1778488943489,-0.0040708772,0.0075264124,0.0010303019999999118,2
24,1778488943492,-0.0040708772,0.0075264124,0.0004219019999999584,2
25,1778488943495,-0.004063077199999999,0.0078813124,0.0004219019999999584,2
26,1778488943498,-0.004063077199999999,0.0078813124,0.0004219019999999584,2
27,1778488943502,-0.004183977199999999,0.007198812400000001,0.0002620020000000788,2
28,1778488943505,-0.004183977199999999,0.007198812400000001,0.0002620020000000788,2
29,1778488943508,-0.004183977199999999,0.007198812400000001,0.00022300199999995655,2
30,1778488943511,-0.004484277199999999,0.006364212400000001,0.00022300199999995655,2
31,1778488943514,-0.004484277199999999,0.006364212400000001,0.00022300199999995655,2
32,1778488943517,-0.0045232772,0.005845512400000001,0.0004219019999999584,2
33,1778488943521,-0.0045232772,0.005845512400000001,0.0004219019999999584,2
34,1778488943524,-0.0045232772,0.005845512400000001,-0.00024109800000012178,2
35,1778488943527,-0.004562277199999999,0.006231612400000001,-0.00024109800000012178,2
36,1778488943534,-0.004297077199999999,0.0074952123999999995,0.0009094019999999325,2
37,1778488943538,-0.004297077199999999,0.0074952123999999995,0.0009094019999999325,2
38,1778488943542,-0.0041098772,0.007776012400000001,-8.899799999991138e-05,2
39,1778488943547,-0.0041098772,0.007776012400000001,-8.899799999991138e-05,2
40,1778488943551,-0.0042268772,0.007900812400000002,0.0007729019999999486,2
41,1778488943554,-0.0042268772,0.007900812400000002,0.0007729019999999486,2
42,1778488943557,-0.0041722771999999995,0.006976512400000001,0.00014500199999993406,2
43,1778488943560,-0.0041722771999999995,0.006976512400000001,0.00014500199999993406,2
44,1778488943564,-0.0041722771999999995,0.006976512400000001,0.00014500199999993406,2
45,1778488943567,-0.0046090772,0.0058182124,0.0005155019999999854,2
46,1778488943570,-0.0046090772,0.0058182124,0.0005155019999999854,2
47,1778488943573,-0.0045700772,0.006032712400000001,0.0008743020000000889,2
48,1778488943576,-0.0045700772,0.006032712400000001,0.0008743020000000889,2
49,1778488943580,-0.0045700772,0.006032712400000001,0.0008743020000000889,2
50,1778488943583,-0.004616877199999999,0.0065709124,0.0002113020000000087,2
51,1778488943586,-0.004616877199999999,0.0065709124,0.0002113020000000087,2
52,1778488943589,-0.0041995771999999995,0.0075927124,0.0003595019999999404,2
53,1778488943592,-0.0041995771999999995,0.0075927124,0.0003595019999999404,2
54,1778488943596,-0.0041995771999999995,0.0075927124,0.0003595019999999404,2
55,1778488943599,-0.0040903772,0.008010012399999999,-4.219800000011993e-05,2
56,1778488943602,-0.0040903772,0.008010012399999999,-4.219800000011993e-05,2
57,1778488943605,-0.0039655772,0.0074562124,0.00016840200000005183,2
58,1778488943608,-0.0039655772,0.0074562124,0.00016840200000005183,2
59,1778488943612,-0.0039655772,0.0074562124,0.00016840200000005183,2
60,1778488943615,-0.0043321772,0.006609912400000001,2.0201999999898065e-05,2
61,1778488943618,-0.0043321772,0.006609912400000001,2.0201999999898065e-05,2
62,1778488943621,-0.0045895772,0.006032712400000001,0.000519402000000042,2
63,1778488943625,-0.0045895772,0.006032712400000001,0.000519402000000042,2
64,1778488943628,-0.0045895772,0.006032712400000001,-0.0002956980000000265,2
65,1778488943631,-0.004784577199999999,0.0060171124,-0.0002956980000000265,2
66,1778488943635,-0.004784577199999999,0.0060171124,-0.0002956980000000265,2
67,1778488943638,-0.0047221772,0.0068790124000000005,0.0006910020000000915,2
68,1778488943641,-0.0047221772,0.0068790124000000005,0.0006910020000000915,2
69,1778488943644,-0.0047221772,0.007623912400000002,5.1401999999907064e-05,2
70,1778488943648,-0.0041644772,0.007623912400000002,5.1401999999907064e-05,2
71,1778488943651,-0.0041644772,0.007623912400000002,5.1401999999907064e-05,2
72,1778488943654,-0.0044023772,0.0075108124000000005,0.001049801999999973,2
73,1778488943657,-0.0044023772,0.0075108124000000005,0.001049801999999973,2
74,1778488943660,-0.0044023772,0.0072456124,0.0007300019999999918,2
75,1778488943664,-0.0041644772,0.0072456124,0.0007300019999999918,2
76,1778488943667,-0.0041644772,0.0072456124,0.0007300019999999918,2
77,1778488943670,-0.0043204772,0.0061575124000000005,0.0003400019999998793,2
78,1778488943673,-0.0043204772,0.0061575124000000005,0.0003400019999998793,2
79,1778488943676,-0.0043204772,0.0061263124,0.0007807020000000619,2
80,1778488943680,-0.0041995771999999995,0.0061263124,0.0007807020000000619,2
81,1778488943683,-0.0041995771999999995,0.0061263124,0.0007807020000000619,2
82,1778488943686,-0.0047377771999999995,0.006321312400000001,0.00012940199999992956,2
83,1778488943689,-0.0047377771999999995,0.006321312400000001,0.00012940199999992956,2
84,1778488943692,-0.0047377771999999995,0.007288512400000001,0.0003517020000000492,2
85,1778488943696,-0.0045778772,0.007288512400000001,0.0003517020000000492,2
86,1778488943699,-0.0045778772,0.007288512400000001,0.0003517020000000492,2
87,1778488943702,-0.0044530772,0.0076044124,-0.00024109800000012178,2
88,1778488943705,-0.0044530772,0.0076044124,-0.00024109800000012178,2
89,1778488943708,-0.0044530772,0.008021712399999999,0.0005116019999999288,2
90,1778488943712,-0.0041059771999999994,0.008021712399999999,0.0005116019999999288,2
91,1778488943715,-0.0041059771999999994,0.008021712399999999,0.0005116019999999288,2
92,1778488943718,-0.0039655772,0.006453912400000001,-0.0005725980000000509,2
93,1778488943721,-0.0039655772,0.006453912400000001,-0.0005725980000000509,2
94,1778488943724,-0.0039655772,0.006134112400000001,0.0015412020000000037,2
95,1778488943728,-0.0041644772,0.006134112400000001,0.0015412020000000037,2
96,1778488943731,-0.0041644772,0.006134112400000001,0.0015412020000000037,2
97,1778488943734,-0.004273677199999999,0.0059079124,-0.00036979799999999237,2
98,1778488943737,-0.004273677199999999,0.0059079124,-0.00036979799999999237,2
99,1778488943740,-0.004273677199999999,0.0065241124000000005,0.0013072019999999362,2
100,1778488943744,-0.0045271771999999995,0.0065241124000000005,0.0013072019999999362,2
101,1778488943747,-0.0045271771999999995,0.0065241124000000005,0.0013072019999999362,2
102,1778488943750,-0.0043321772,0.0076824124000000014,0.0003907019999999494,2
103,1778488943753,-0.0043321772,0.0076824124000000014,0.0003907019999999494,2
104,1778488943756,-0.0043321772,0.0074718124,0.0006286020000000735,2
105,1778488943760,-0.004616877199999999,0.0074718124,0.0006286020000000735,2
106,1778488943763,-0.004616877199999999,0.0074718124,0.0006286020000000735,2
107,1778488943766,-0.0044920772,0.0075732123999999994,0.00045700200000002404,2
108,1778488943769,-0.0044920772,0.0075732123999999994,0.00045700200000002404,2
109,1778488943772,-0.0044920772,0.006399312400000001,7.09019999999682e-05,2
110,1778488943776,-0.004339977199999999,0.006399312400000001,7.09019999999682e-05,2
111,1778488943779,-0.004339977199999999,0.006399312400000001,7.09019999999682e-05,2
112,1778488943782,-0.0041800772,0.006212112400000001,0.00016060199999993856,2
113,1778488943785,-0.0041800772,0.006212112400000001,0.00016060199999993856,2
114,1778488943788,-0.0041800772,0.006278412400000001,-0.00020599800000005615,2
115,1778488943792,-0.0042424772,0.006278412400000001,-0.00020599800000005615,2
116,1778488943795,-0.0042424772,0.006278412400000001,-0.00020599800000005615,2
117,1778488943798,-0.0041917772,0.0074172123999999996,0.0005896019999999513,2
118,1778488943802,-0.0041917772,0.0074172123999999996,0.0005896019999999513,2
119,1778488943805,-0.0043204772,0.0074679124,0.0003907019999999494,2
120,1778488943808,-0.0043204772,0.0074679124,0.0003907019999999494,2
121,1778488943811,-0.0043204772,0.0074679124,0.0003907019999999494,2
122,1778488943814,-0.004273677199999999,0.007698012399999999,0.001038102000000025,2
123,1778488943818,-0.004273677199999999,0.007698012399999999,0.001038102000000025,2
124,1778488943821,-0.0043243772,0.006567012400000001,-0.0002956980000000265,2
0,1778488943897,-0.0040786772,0.0058533123999999995,-0.00040099800000000137,2
1,1778488943902,-0.0041020772,0.0072807124,0.0006949019999999261,2
2,1778488943905,-0.0041020772,0.0072807124,0.0006949019999999261,2
3,1778488943909,-0.0044764772,0.0071910124,-0.000654498000000019,2
4,1778488944017,-0.0042307772,0.0072027124,0.000800201999999901,2
5,1778488944021,-0.0040318772,0.008259612400000001,0.0012643019999999793,2
6,1778488944024,-0.0040318772,0.008259612400000001,0.0012643019999999793,2
7,1778488944027,-0.0040318772,0.008259612400000001,0.0012643019999999793,2
8,1778488944030,-0.0043165771999999995,0.007386012400000001,-0.0007090980000000347,2
9,1778488944033,-0.0043165771999999995,0.007386012400000001,-0.0007090980000000347,2
10,1778488944037,-0.0044101772,0.006567012400000001,0.0009757020000000071,2
11,1778488944040,-0.0044101772,0.006567012400000001,0.0009757020000000071,2
12,1778488944043,-0.0044101772,0.006567012400000001,0.0009757020000000071,2
13,1778488944046,-0.0045466772,0.0056154124,-0.000779298000000055,2
14,1778488944049,-0.0045466772,0.0056154124,-0.000779298000000055,2
15,1778488944053,-0.0047533772,0.0061809124,0.001205802000000018,2
16,1778488944056,-0.0047533772,0.0061809124,0.001205802000000018,2
17,1778488944059,-0.0047533772,0.0061809124,0.001205802000000018,2
18,1778488944062,-0.0044257772,0.0070584124,-0.000311298000000031,2
19,1778488944065,-0.0044257772,0.0070584124,-0.000311298000000031,2
20,1778488944069,-0.0042580772,0.0079398124,0.0016114019999999129,2
21,1778488944072,-0.0042580772,0.0079398124,0.0016114019999999129,2
22,1778488944075,-0.0042580772,0.0079398124,0.0016114019999999129,2
23,1778488944078,-0.0037120772,0.0078969124,-4.219800000011993e-05,2
24,1778488944081,-0.0037120772,0.0078969124,-4.219800000011993e-05,2
25,1778488944084,-0.0039694772,0.006699612400000001,0.0011395019999999433,2
26,1778488944088,-0.0039694772,0.006699612400000001,0.0011395019999999433,2
27,1778488944091,-0.0039694772,0.006699612400000001,0.0011395019999999433,2
28,1778488944094,-0.004039677199999999,0.006567012400000001,0.0001489019999999907,2
29,1778488944097,-0.004039677199999999,0.006567012400000001,0.0001489019999999907,2
30,1778488944100,-0.0046909772,0.0052761124,0.0002581020000000222,2
31,1778488944104,-0.0046909772,0.0052761124,0.0002581020000000222,2
32,1778488944107,-0.0046909772,0.0052761124,0.0002581020000000222,2
33,1778488944110,-0.0045349772,0.006719112400000001,0.0005779020000000034,2
34,1778488944113,-0.0045349772,0.006719112400000001,0.0005779020000000034,2
35,1778488944116,-0.004605177199999999,0.007066212400000001,-0.00035029800000004226,2
36,1778488944120,-0.004605177199999999,0.007066212400000001,-0.00035029800000004226,2
37,1778488944123,-0.004605177199999999,0.007066212400000001,-0.00035029800000004226,2
38,1778488944126,-0.0043087772,0.008103612400000001,0.001081001999999982,2
39,1778488944129,-0.0043087772,0.008103612400000001,0.001081001999999982,2
40,1778488944132,-0.0040942771999999995,0.0074133124,-0.00036979799999999237,2
41,1778488944136,-0.0040942771999999995,0.0074133124,-0.00036979799999999237,2
42,1778488944139,-0.0040942771999999995,0.0074133124,-0.00036979799999999237,2
43,1778488944142,-0.004141077199999999,0.0072729124,0.0014944019999999902,2
44,1778488944145,-0.004141077199999999,0.0072729124,0.0014944019999999902,2
45,1778488944148,-0.0040981772,0.0056934124,-0.0008962979999999777,2
46,1778488944152,-0.0040981772,0.0056934124,-0.0008962979999999777,2
47,1778488944155,-0.0040981772,0.0056934124,-0.0008962979999999777,2
48,1778488944158,-0.0043906772,0.0061185124,0.001205802000000018,2
49,1778488944161,-0.0043906772,0.0061185124,0.001205802000000018,2
50,1778488944164,-0.0043906772,0.006543612400000001,-0.001060098000000025,2
51,1778488944168,-0.0042775771999999995,0.006543612400000001,-0.001060098000000025,2
52,1778488944171,-0.0042775771999999995,0.006543612400000001,-0.001060098000000025,2
53,1778488944174,-0.004538877199999999,0.007464012400000001,0.001350101999999893,2
54,1778488944177,-0.004538877199999999,0.007464012400000001,0.001350101999999893,2
55,1778488944180,-0.0041644772,0.0079437124,-0.0005218979999999807,2
56,1778488944184,-0.0041644772,0.0079437124,-0.0005218979999999807,2
57,1778488944187,-0.0041644772,0.0079437124,-0.0005218979999999807,2
58,1778488944190,-0.004285377199999999,0.0071715124,0.0010342019999999685,2
59,1778488944193,-0.004285377199999999,0.0071715124,0.0010342019999999685,2
60,1778488944196,-0.0038797771999999997,0.0068673124000000006,0.00018400200000005633,2
61,1778488944200,-0.0038797771999999997,0.0068673124000000006,0.00018400200000005633,2
62,1778488944203,-0.0038797771999999997,0.0068673124000000006,0.00018400200000005633,2
63,1778488944206,-0.0042268772,0.005623212400000001,0.0003205020000000402,2
64,1778488944209,-0.0042268772,0.005623212400000001,0.0003205020000000402,2
65,1778488944212,-0.0042892772,0.0065826124,0.000800201999999901,2
66,1778488944216,-0.0042892772,0.0065826124,0.000800201999999901,2
67,1778488944219,-0.0042892772,0.0065826124,0.000800201999999901,2
68,1778488944222,-0.0045544771999999996,0.0068010124000000005,0.00020350199999989542,2
69,1778488944225,-0.0045544771999999996,0.0068010124000000005,0.00020350199999989542,2
70,1778488944228,-0.0045544771999999996,0.008115312400000001,0.0008821019999999801,2
71,1778488944232,-0.0046909772,0.008115312400000001,0.0008821019999999801,2
72,1778488944235,-0.0046909772,0.008115312400000001,0.0008821019999999801,2
73,1778488944238,-0.0044569772,0.0073587124,-7.729799999996352e-05,2
74,1778488944241,-0.0044569772,0.0073587124,-7.729799999996352e-05,2
75,1778488944244,-0.0044569772,0.0073119124,0.001381301999999902,2
76,1778488944247,-0.0040201772,0.0073119124,0.001381301999999902,2
77,1778488944251,-0.0040201772,0.0073119124,0.001381301999999902,2
78,1778488944254,-0.0040357772,0.0058416124,-0.0006934980000000302,2
79,1778488944257,-0.0040357772,0.0058416124,-0.0006934980000000302,2
80,1778488944260,-0.0040357772,0.006145812400000001,0.0017479019999998967,2
81,1778488944263,-0.0041878772,0.006145812400000001,0.0017479019999998967,2
82,1778488944267,-0.0041878772,0.006145812400000001,0.0017479019999998967,2
83,1778488944270,-0.004363377199999999,0.006453912400000001,-0.000997698000000007,2
84,1778488944273,-0.004363377199999999,0.006453912400000001,-0.000997698000000007,2
85,1778488944276,-0.004363377199999999,0.0072456124,0.0012175019999999658,2
86,1778488944279,-0.0044374772,0.0072456124,0.0012175019999999658,2
87,1778488944283,-0.0044374772,0.0072456124,0.0012175019999999658,2
88,1778488944286,-0.0042580772,0.0078228124,-0.00036979799999999237,2
89,1778488944289,-0.0042580772,0.0078228124,-0.00036979799999999237,2
90,1778488944293,-0.004628577199999999,0.0073275124,0.0006247020000000169,2
91,1778488944296,-0.004628577199999999,0.0073275124,0.0006247020000000169,2
92,1778488944299,-0.004628577199999999,0.0073275124,0.0006247020000000169,2
93,1778488944302,-0.0041800772,0.006875112400000001,6.700199999991156e-05,2
94,1778488944305,-0.0041800772,0.006875112400000001,6.700199999991156e-05,2
95,1778488944309,-0.0044413772,0.0058143124000000004,0.0005779020000000034,2
96,1778488944312,-0.0044413772,0.0058143124000000004,0.0005779020000000034,2
97,1778488944315,-0.0044413772,0.0058143124000000004,0.0005779020000000034,2
98,1778488944318,-0.0040942771999999995,0.006200412400000001,0.0003517020000000492,2
99,1778488944321,-0.0040942771999999995,0.006200412400000001,0.0003517020000000492,2
100,1778488944325,-0.0042229772,0.006754212400000001,0.0004765020000000852,2
101,1778488944328,-0.0042229772,0.006754212400000001,0.0004765020000000852,2
102,1778488944331,-0.0042229772,0.006754212400000001,0.0004765020000000852,2
103,1778488944334,-0.0042385771999999995,0.0078189124,0.0003439019999999359,2
104,1778488944337,-0.0042385771999999995,0.0078189124,0.0003439019999999359,2
105,1778488944341,-0.0042892772,0.0074796124,-0.00027229799999990874,2
106,1778488944344,-0.0042892772,0.0074796124,-0.00027229799999990874,2
107,1778488944347,-0.0042892772,0.0074796124,-0.00027229799999990874,2
108,1778488944350,-0.0042814772,0.0075381124,0.0011980019999999047,2
109,1778488944353,-0.0042814772,0.0075381124,0.0011980019999999047,2
110,1778488944357,-0.0045154772,0.0060912124000000005,-0.0010405979999999638,2
111,1778488944360,-0.0045154772,0.0060912124000000005,-0.0010405979999999638,2
112,1778488944363,-0.0045154772,0.0060912124000000005,-0.0010405979999999638,2
113,1778488944366,-0.0042463772,0.0062511124,0.0011707019999999523,2
114,1778488944369,-0.0042463772,0.0062511124,0.0011707019999999523,2
115,1778488944372,-0.0042385771999999995,0.006434412400000001,-0.00034249800000004,2
116,1778488944376,-0.0042385771999999995,0.006434412400000001,-0.00034249800000004,2
117,1778488944379,-0.0042385771999999995,0.006434412400000001,-0.00034249800000004,2
118,1778488944382,-0.0042814772,0.0074562124,0.001205802000000018,2
119,1778488944385,-0.0042814772,0.0074562124,0.001205802000000018,2
120,1778488944388,-0.0041605772,0.007971012400000001,2.41019999999547e-05,2
121,1778488944392,-0.0041605772,0.007971012400000001,2.41019999999547e-05,2
122,1778488944395,-0.0041605772,0.007971012400000001,2.41019999999547e-05,2
123,1778488944398,-0.004250277199999999,0.0075264124,0.0005350020000000465,2
124,1778488944401,-0.004250277199999999,0.0075264124,0.0005350020000000465,2
0,1778488944581,-0.0042463772,0.0078189124,0.00021520200000006533,2
1,1778488944585,-0.004573977199999999,0.0061146124,0.0004609020000000807,2
2,1778488944588,-0.004573977199999999,0.0065943124,0.00021520200000006533,2
3,1778488944591,-0.004718277199999999,0.0065943124,0.00021520200000006533,2
4,1778488944594,-0.004718277199999999,0.0065943124,0.00021520200000006533,2
5,1778488944597,-0.0045544771999999996,0.0074367124,6.700199999991156e-05,2
6,1778488944601,-0.0045544771999999996,0.0074367124,6.700199999991156e-05,2
7,1778488944604,-0.0045544771999999996,0.007912512400000002,0.0005428019999999378,2
8,1778488944607,-0.0042385771999999995,0.007912512400000002,0.0005428019999999378,2
9,1778488944618,-0.0042385771999999995,0.007912512400000002,0.0005428019999999378,2
10,1778488944621,-0.0040045772,0.006543612400000001,0.000519402000000042,2
11,1778488944625,-0.0040045772,0.006543612400000001,0.000519402000000042,2
12,1778488944629,-0.0042151772,0.0060639123999999996,0.00041800199999990177,2
13,1778488944632,-0.0042151772,0.0060639123999999996,0.00041800199999990177,2
14,1778488944635,-0.0042151772,0.0060639123999999996,0.0001489019999999907,2
15,1778488944638,-0.0045310772,0.006177012400000001,0.0001489019999999907,2
16,1778488944642,-0.0045310772,0.006177012400000001,0.0001489019999999907,2
17,1778488944645,-0.0047260772,0.0068790124000000005,0.0007495020000000529,2
18,1778488944648,-0.0047260772,0.0068790124000000005,0.0007495020000000529,2
19,1778488944651,-0.0047260772,0.0068790124000000005,0.00017230199999988642,2
20,1778488944654,-0.0043906772,0.0079398124,0.00017230199999988642,2
21,1778488944658,-0.0043906772,0.0079398124,0.00017230199999988642,2
22,1778488944661,-0.004273677199999999,0.007530312400000001,0.0003088020000000923,2
23,1778488944664,-0.004273677199999999,0.007530312400000001,0.0003088020000000923,2
24,1778488944667,-0.004273677199999999,0.007530312400000001,0.000550602000000051,2
25,1778488944671,-0.0038953772,0.0070467124,0.000550602000000051,2
26,1778488944674,-0.0038953772,0.0070467124,0.000550602000000051,2
27,1778488944677,-0.0040942771999999995,0.006001512400000001,0.00021910199999989992,2
28,1778488944680,-0.0040942771999999995,0.006001512400000001,0.00021910199999989992,2
29,1778488944683,-0.0040942771999999995,0.006001512400000001,0.0002776020000000833,2
30,1778488944687,-0.0042775771999999995,0.0058494124,0.0002776020000000833,2
31,1778488944690,-0.0042775771999999995,0.0058494124,0.0002776020000000833,2
32,1778488944693,-0.0044920772,0.0060951124,0.0003595019999999404,2
33,1778488944696,-0.0044920772,0.0060951124,0.0003595019999999404,2
34,1778488944699,-0.0044920772,0.0060951124,0.0002815019999999179,2
35,1778488944703,-0.0045232772,0.0073158124,0.0002815019999999179,2
36,1778488944706,-0.0045232772,0.0073158124,0.0002815019999999179,2
37,1778488944709,-0.0044686772,0.007662912399999999,0.00033220199999998805,2
38,1778488944712,-0.0044686772,0.007662912399999999,0.00033220199999998805,2
39,1778488944715,-0.0044686772,0.007662912399999999,0.00019180199999994756,2
40,1778488944719,-0.0044647772,0.007635612400000002,0.00019180199999994756,2
41,1778488944722,-0.0044647772,0.007635612400000002,0.00019180199999994756,2
42,1778488944725,-0.0041800772,0.0067620124,0.00046480199999991527,2
43,1778488944728,-0.0041800772,0.0067620124,0.00046480199999991527,2
44,1778488944731,-0.0041800772,0.0067620124,0.0007729019999999486,2
45,1778488944734,-0.0043672772,0.0062862123999999995,0.0007729019999999486,2
46,1778488944738,-0.0043672772,0.0062862123999999995,0.0007729019999999486,2
47,1778488944741,-0.0044218771999999995,0.0062745124,0.0003829020000000582,2
48,1778488944744,-0.0044218771999999995,0.0062745124,0.0003829020000000582,2
49,1778488944747,-0.0044218771999999995,0.0062745124,0.0003751019999999449,2
50,1778488944751,-0.0043789772,0.0066840124,0.0003751019999999449,2
51,1778488944754,-0.0043789772,0.0066840124,0.0003751019999999449,2
52,1778488944757,-0.0044140772,0.0078345124,0.00039460200000000605,2
53,1778488944760,-0.0044140772,0.0078345124,0.00039460200000000605,2
54,1778488944763,-0.0044140772,0.0078345124,-0.00019819799999994288,2
55,1778488944767,-0.0044023772,0.0073938124,-0.00019819799999994288,2
56,1778488944770,-0.0044023772,0.0073938124,-0.00019819799999994288,2
57,1778488944773,-0.0043477772,0.0074055124,0.00026980199999997005,2
58,1778488944776,-0.0043477772,0.0074055124,0.00026980199999997005,2
59,1778488944779,-0.0043477772,0.0074055124,0.00012160200000003833,2
60,1778488944783,-0.0041917772,0.0062472124,0.00012160200000003833,2
61,1778488944786,-0.0041917772,0.0062472124,0.00012160200000003833,2
62,1778488944789,-0.0041449772,0.0059391124,0.0005662020000000555,2
63,1778488944792,-0.0041449772,0.0059391124,0.0005662020000000555,2
64,1778488944795,-0.0041449772,0.0059391124,5.1401999999907064e-05,2
65,1778488944799,-0.0042385771999999995,0.006134112400000001,5.1401999999907064e-05,2
66,1778488944802,-0.0042385771999999995,0.006134112400000001,5.1401999999907064e-05,2
67,1778488944805,-0.0044647772,0.0073353124,0.0003361020000000447,2
68,1778488944808,-0.0044647772,0.0073353124,0.0003361020000000447,2
69,1778488944812,-0.0042697772,0.0076278124,-0.0002332980000000085,2
70,1778488944816,-0.0042697772,0.0076278124,-0.0002332980000000085,2
71,1778488944819,-0.0042697772,0.0076278124,-0.0002332980000000085,2
72,1778488944822,-0.0046324771999999995,0.007530312400000001,0.000706601999999874,2
73,1778488944825,-0.0046324771999999995,0.007530312400000001,0.000706601999999874,2
74,1778488944828,-0.004429677199999999,0.006808812400000001,-4.219800000011993e-05,2
75,1778488944832,-0.004429677199999999,0.006808812400000001,-4.219800000011993e-05,2
76,1778488944835,-0.004429677199999999,0.006808812400000001,-4.219800000011993e-05,2
77,1778488944838,-0.0044920772,0.006079512400000001,0.0004960019999999243,2
78,1778488944841,-0.0044920772,0.006079512400000001,0.0004960019999999243,2
79,1778488944844,-0.0043867772,0.0062394124,0.00028540199999997455,2
80,1778488944848,-0.0043867772,0.0062394124,0.00028540199999997455,2
81,1778488944851,-0.0043867772,0.0062394124,0.00028540199999997455,2
82,1778488944854,-0.0043204772,0.0064851124,1.2402000000006838e-05,2
83,1778488944857,-0.0043204772,0.0064851124,1.2402000000006838e-05,2
84,1778488944860,-0.004219077199999999,0.0079203124,0.0009328020000000502,2
85,1778488944864,-0.004219077199999999,0.0079203124,0.0009328020000000502,2
86,1778488944867,-0.004219077199999999,0.0079203124,0.0009328020000000502,2
87,1778488944870,-0.004339977199999999,0.007686312399999999,9.040200000002933e-05,2
88,1778488944873,-0.004339977199999999,0.007686312399999999,9.040200000002933e-05,2
89,1778488944876,-0.0045349772,0.0072846123999999995,0.0005779020000000034,2
90,1778488944880,-0.0045349772,0.0072846123999999995,0.0005779020000000034,2
91,1778488944883,-0.0045349772,0.0072846123999999995,0.0005779020000000034,2
92,1778488944886,-0.004417977199999999,0.0063291124,-1.0998000000110933e-05,2
93,1778488944889,-0.004417977199999999,0.0063291124,-1.0998000000110933e-05,2
94,1778488944892,-0.0046090772,0.0061809124,0.0007183020000000439,2
95,1778488944896,-0.0046090772,0.0061809124,0.0007183020000000439,2
96,1778488944899,-0.0046090772,0.0061809124,0.0007183020000000439,2
97,1778488944902,-0.0043438771999999995,0.006223812400000001,9.820199999992056e-05,2
98,1778488944905,-0.0043438771999999995,0.006223812400000001,9.820199999992056e-05,2
99,1778488944908,-0.0042307772,0.0074601124,0.0008158019999999055,2
100,1778488944912,-0.0042307772,0.0074601124,0.0008158019999999055,2
101,1778488944915,-0.0042307772,0.0074601124,0.0008158019999999055,2
102,1778488944918,-0.0038758772,0.0077136124,-4.609799999995452e-05,2
103,1778488944921,-0.0038758772,0.0077136124,-4.609799999995452e-05,2
104,1778488944924,-0.004207377199999999,0.007756512400000002,0.0008470019999999145,2
105,1778488944928,-0.004207377199999999,0.007756512400000002,0.0008470019999999145,2
106,1778488944931,-0.004207377199999999,0.007756512400000002,0.0008470019999999145,2
107,1778488944934,-0.0042385771999999995,0.007054512400000001,-0.00018649799999999501,2
108,1778488944937,-0.0042385771999999995,0.007054512400000001,-0.00018649799999999501,2
109,1778488944940,-0.0046207772,0.0058260124,7.480200000002483e-05,2
110,1778488944944,-0.0046207772,0.0058260124,7.480200000002483e-05,2
111,1778488944947,-0.0046207772,0.0058260124,7.480200000002483e-05,2
112,1778488944950,-0.0046090772,0.0061809124,0.0009016020000000412,2
113,1778488944953,-0.0046090772,0.0061809124,0.0009016020000000412,2
114,1778488944956,-0.0045856772,0.006375912400000001,-0.00010849799999997252,2
115,1778488944960,-0.0045856772,0.006375912400000001,-0.00010849799999997252,2
116,1778488944963,-0.0045856772,0.006375912400000001,-0.00010849799999997252,2
117,1778488944966,-0.0042580772,0.007623912400000002,0.0011707019999999523,2
118,1778488944969,-0.0042580772,0.007623912400000002,0.0011707019999999523,2
119,1778488944972,-0.0038368772,0.0078579124,-0.00010459799999991588,2
120,1778488944976,-0.0038368772,0.0078579124,-0.00010459799999991588,2
121,1778488944979,-0.0038368772,0.0078579124,-0.00010459799999991588,2
122,1778488944982,-0.0042697772,0.0077136124,0.0001645019999999952,2
123,1778488944985,-0.0042697772,0.0077136124,0.0001645019999999952,2
124,1778488944988,-0.0042775771999999995,0.0064929124,-0.00013579799999992488,2
0,1778488945143,-0.0048118772,0.0058923124,-0.0005179980000000351,2
1,1778488945166,-0.0044881771999999995,0.0058533123999999995,-0.00036589800000004676,2
2,1778488945170,-0.0044881771999999995,0.0058533123999999995,-0.00036589800000004676,2
3,1778488945173,-0.0046324771999999995,0.006863412400000001,0.000862601999999919,2
4,1778488945176,-0.0046324771999999995,0.006863412400000001,0.000862601999999919,2
5,1778488945179,-0.0046324771999999995,0.006863412400000001,0.00016060199999993856,2
6,1778488945183,-0.0047923772,0.007464012400000001,0.00016060199999993856,2
7,1778488945186,-0.0047923772,0.007464012400000001,0.00016060199999993856,2
8,1778488945189,-0.0044569772,0.0080841124,0.0011239019999999388,2
9,1778488945192,-0.0044569772,0.0080841124,0.0011239019999999388,2
10,1778488945195,-0.0044569772,0.0080841124,-0.00027229799999990874,2
11,1778488945198,-0.0041722771999999995,0.0068946124,-0.00027229799999990874,2
12,1778488945202,-0.0041722771999999995,0.0068946124,-0.00027229799999990874,2
13,1778488945205,-0.0038953772,0.006442212400000001,0.0016972020000000487,2
14,1778488945208,-0.0038953772,0.006442212400000001,0.0016972020000000487,2
15,1778488945211,-0.0038953772,0.006442212400000001,-0.00025279800000006965,2
16,1778488945215,-0.0039538772,0.0058845124,-0.00025279800000006965,2
17,1778488945218,-0.0039538772,0.0058845124,-0.00025279800000006965,2
18,1778488945221,-0.0042307772,0.006188712400000001,0.0009445019999999981,2
19,1778488945224,-0.0042307772,0.006188712400000001,0.0009445019999999981,2
20,1778488945227,-0.0042307772,0.006188712400000001,-0.00034249800000004,2
21,1778488945231,-0.0043087772,0.0071910124,-0.00034249800000004,2
22,1778488945234,-0.0043087772,0.0071910124,-0.00034249800000004,2
23,1778488945237,-0.004538877199999999,0.007386012400000001,0.00020740199999995206,2
24,1778488945240,-0.004538877199999999,0.007386012400000001,0.00020740199999995206,2
25,1778488945243,-0.004538877199999999,0.007386012400000001,3.5801999999902565e-05,2
26,1778488945247,-0.0043555772,0.0078462124,3.5801999999902565e-05,2
27,1778488945250,-0.0043555772,0.0078462124,3.5801999999902565e-05,2
28,1778488945253,-0.0044764772,0.0068010124000000005,0.0004219019999999584,2
29,1778488945256,-0.0044764772,0.0068010124000000005,0.0004219019999999584,2
30,1778488945259,-0.0044764772,0.0068010124000000005,0.000550602000000051,2
31,1778488945263,-0.0043321772,0.0064500124,0.000550602000000051,2
32,1778488945266,-0.0043321772,0.0064500124,0.000550602000000051,2
33,1778488945269,-0.004152777199999999,0.0059469124000000005,7.09019999999682e-05,2
34,1778488945272,-0.004152777199999999,0.0059469124000000005,7.09019999999682e-05,2
35,1778488945275,-0.004152777199999999,0.006941412400000001,0.0009835019999998983,2
36,1778488945279,-0.004339977199999999,0.006941412400000001,0.0009835019999998983,2
37,1778488945282,-0.004339977199999999,0.006941412400000001,0.0009835019999998983,2
38,1778488945285,-0.0044530772,0.0071364124,-7.729799999996352e-05,2
39,1778488945288,-0.0044530772,0.0071364124,-7.729799999996352e-05,2
40,1778488945291,-0.0044530772,0.007924212400000002,0.0012916019999999317,2
41,1778488945296,-0.0047923772,0.007924212400000002,0.0012916019999999317,2
42,1778488945300,-0.0045700772,0.007308012400000001,-0.00045949799999996273,2
43,1778488945303,-0.0045700772,0.007308012400000001,-0.00045949799999996273,2
44,1778488945306,-0.0045700772,0.007308012400000001,-0.00045949799999996273,2
45,1778488945309,-0.0045427772,0.006609912400000001,0.0010732020000000907,2
46,1778488945313,-0.0045427772,0.006609912400000001,0.0010732020000000907,2
47,1778488945316,-0.0042463772,0.0061263124,-0.0006271980000000666,2
48,1778488945319,-0.0042463772,0.0061263124,-0.0006271980000000666,2
49,1778488945322,-0.0042463772,0.0061263124,-0.0006271980000000666,2
50,1778488945325,-0.0042034772,0.0060405124,0.0007417019999999396,2
51,1778488945329,-0.0042034772,0.0060405124,0.0007417019999999396,2
52,1778488945332,-0.0039109772,0.0071793124,0.00023470199999990442,2
53,1778488945335,-0.0039109772,0.0071793124,0.00023470199999990442,2
54,1778488945338,-0.0039109772,0.0071793124,0.00023470199999990442,2
55,1778488945341,-0.0042112772,0.0074484124,0.00041800199999990177,2
56,1778488945345,-0.0042112772,0.0074484124,0.00041800199999990177,2
57,1778488945348,-0.0042112772,0.0077604124,0.00015670199999988192,2
58,1778488945351,-0.0044101772,0.0077604124,0.00015670199999988192,2
59,1778488945354,-0.0044101772,0.0077604124,0.00015670199999988192,2
60,1778488945357,-0.0044608771999999994,0.0067854123999999995,0.0003907019999999494,2
61,1778488945361,-0.0044608771999999994,0.0067854123999999995,0.0003907019999999494,2
62,1778488945364,-0.0044608771999999994,0.0063135124,0.0005077019999998721,2
63,1778488945367,-0.0044218771999999995,0.0063135124,0.0005077019999998721,2
64,1778488945370,-0.0044218771999999995,0.0063135124,0.0005077019999998721,2
65,1778488945373,-0.004495977199999999,0.0056193124,0.0005116019999999288,2
66,1778488945377,-0.004495977199999999,0.0056193124,0.0005116019999999288,2
67,1778488945380,-0.004183977199999999,0.006808812400000001,0.0010225020000000206,2
68,1778488945383,-0.004183977199999999,0.006808812400000001,0.0010225020000000206,2
69,1778488945386,-0.004183977199999999,0.006808812400000001,0.0010225020000000206,2
70,1778488945390,-0.0043906772,0.006988212400000001,-0.00015529799999998602,2
71,1778488945393,-0.0043906772,0.006988212400000001,-0.00015529799999998602,2
72,1778488945396,-0.004183977199999999,0.007986612399999999,0.0012916019999999317,2
73,1778488945399,-0.004183977199999999,0.007986612399999999,0.0012916019999999317,2
74,1778488945403,-0.004183977199999999,0.007986612399999999,0.0012916019999999317,2
75,1778488945406,-0.0044491771999999995,0.007530312400000001,-0.00019039800000005165,2
76,1778488945409,-0.0044491771999999995,0.007530312400000001,-0.00019039800000005165,2
77,1778488945412,-0.004484277199999999,0.0069063124,0.0007495020000000529,2
78,1778488945415,-0.004484277199999999,0.0069063124,0.0007495020000000529,2
79,1778488945418,-0.004484277199999999,0.0069063124,0.0007495020000000529,2
80,1778488945422,-0.0044140772,0.0061497124,-0.00046339800000001936,2
81,1778488945425,-0.0044140772,0.0061497124,-0.00046339800000001936,2
82,1778488945428,-0.0044491771999999995,0.0059859124,0.00046480199999991527,2
83,1778488945431,-0.0044491771999999995,0.0059859124,0.00046480199999991527,2
84,1778488945434,-0.0044491771999999995,0.0059859124,0.00046480199999991527,2
85,1778488945438,-0.0041722771999999995,0.0068946124,0.0001021019999999772,2
86,1778488945441,-0.0041722771999999995,0.0068946124,0.0001021019999999772,2
87,1778488945444,-0.0041059771999999994,0.0077604124,0.0007924020000000098,2
88,1778488945447,-0.0041059771999999994,0.0077604124,0.0007924020000000098,2
89,1778488945451,-0.0041059771999999994,0.0077604124,0.0007924020000000098,2
90,1778488945454,-0.0041683772,0.008017812400000001,8.260199999991606e-05,2
91,1778488945458,-0.0041683772,0.008017812400000001,8.260199999991606e-05,2
92,1778488945462,-0.0044647772,0.007066212400000001,0.0007768020000000053,2
93,1778488945465,-0.0044647772,0.007066212400000001,0.0007768020000000053,2
94,1778488945468,-0.0042580772,0.0065358124,0.00058180200000006,2
95,1778488945471,-0.0042580772,0.0065358124,0.00058180200000006,2
96,1778488945474,-0.0042580772,0.0065358124,0.00058180200000006,2
97,1778488945478,-0.0045778772,0.005623212400000001,-0.0002644980000000175,2
98,1778488945481,-0.0045778772,0.005623212400000001,-0.0002644980000000175,2
99,1778488945484,-0.0044803772,0.0061965124,0.0007807020000000619,2
100,1778488945487,-0.0044803772,0.0061965124,0.0007807020000000619,2
101,1778488945491,-0.0044803772,0.0061965124,0.0007807020000000619,2
102,1778488945494,-0.0042151772,0.0068907124,-0.00020599800000005615,2
103,1778488945497,-0.0042151772,0.0068907124,-0.00020599800000005615,2
104,1778488945501,-0.0040786772,0.007779912400000002,0.0009640020000000592,2
105,1778488945504,-0.0040786772,0.007779912400000002,0.0009640020000000592,2
106,1778488945507,-0.0040786772,0.007779912400000002,0.00023860199999996105,2
107,1778488945510,-0.0040708772,0.0078579124,0.00023860199999996105,2
108,1778488945513,-0.0040708772,0.0078579124,0.00023860199999996105,2
109,1778488945517,-0.0042034772,0.0070467124,0.0003439019999999359,2
110,1778488945520,-0.0042034772,0.0070467124,0.0003439019999999359,2
111,1778488945523,-0.0042034772,0.0070467124,0.00025420199999996555,2
112,1778488945526,-0.0043204772,0.0063525123999999995,0.00025420199999996555,2
113,1778488945529,-0.0043204772,0.0063525123999999995,0.00025420199999996555,2
114,1778488945533,-0.004706577199999999,0.005767512400000001,0.0006052019999999558,2
115,1778488945536,-0.004706577199999999,0.005767512400000001,0.0006052019999999558,2
116,1778488945539,-0.004706577199999999,0.005767512400000001,0.0002737020000000267,2
117,1778488945542,-0.0047338772,0.0064188124,0.0002737020000000267,2
118,1778488945545,-0.0047338772,0.0064188124,0.0002737020000000267,2
119,1778488945549,-0.004573977199999999,0.0073353124,0.0006637019999999171,2
120,1778488945552,-0.004573977199999999,0.0073353124,0.0006637019999999171,2
121,1778488945555,-0.004573977199999999,0.0073353124,0.0003127019999999269,2
122,1778488945558,-0.004141077199999999,0.0080958124,0.0003127019999999269,2
123,1778488945561,-0.004141077199999999,0.0080958124,0.0003127019999999269,2
124,1778488945565,-0.0041995771999999995,0.0073665124000000005,0.00021520200000006533,2
0,1778488945614,-0.0040435772,0.008080212400000002,0.00023860199999996105,2
1,1778488945669,-0.004063077199999999,0.0064149124,0.00041020200000001054,2
2,1778488945773,-0.004117677199999999,0.007608312400000001,-0.00022549800000011729,2
3,1778488945781,-0.0046480772,0.007187112400000001,0.0007651020000000574,2
4,1778488945785,-0.0046480772,0.007187112400000001,0.0007651020000000574,2
5,1778488945788,-0.0042034772,0.0063291124,5.53019999999637e-05,2
6,1778488945791,-0.0042034772,0.0063291124,5.53019999999637e-05,2
7,1778488945794,-0.0042034772,0.0063291124,5.53019999999637e-05,2
8,1778488945797,-0.0043438771999999995,0.0058806124000000005,0.0006403020000000214,2
9,1778488945801,-0.0043438771999999995,0.0058806124000000005,0.0006403020000000214,2
10,1778488945804,-0.0042463772,0.006364212400000001,0.0005974020000000645,2
11,1778488945807,-0.0042463772,0.006364212400000001,0.0005974020000000645,2
12,1778488945810,-0.0042463772,0.006364212400000001,0.0005974020000000645,2
13,1778488945813,-0.004117677199999999,0.0072690124,0.0006481019999999126,2
14,1778488945817,-0.004117677199999999,0.0072690124,0.0006481019999999126,2
15,1778488945820,-0.0042580772,0.0074952123999999995,-0.00020599800000005615,2
16,1778488945823,-0.0042580772,0.0074952123999999995,-0.00020599800000005615,2
17,1778488945826,-0.0042580772,0.0074952123999999995,-0.00020599800000005615,2
18,1778488945829,-0.004363377199999999,0.0075498124,0.00037900200000000155,2
19,1778488945833,-0.004363377199999999,0.0075498124,0.00037900200000000155,2
20,1778488945836,-0.0043243772,0.0067620124,-0.00030349800000002876,2
21,1778488945839,-0.0043243772,0.0067620124,-0.00030349800000002876,2
22,1778488945843,-0.0043243772,0.0067620124,-0.00030349800000002876,2
23,1778488945846,-0.0044608771999999994,0.006009312400000001,0.0003205020000000402,2
24,1778488945850,-0.0044608771999999994,0.006009312400000001,0.0003205020000000402,2
25,1778488945854,-0.004261977199999999,0.0063486124,9.040200000002933e-05,2
26,1778488945857,-0.004261977199999999,0.0063486124,9.040200000002933e-05,2
27,1778488945861,-0.004351677199999999,0.0065904124000000005,-4.219800000011993e-05,2
28,1778488945864,-0.004351677199999999,0.0065904124000000005,-4.219800000011993e-05,2
29,1778488945867,-0.004351677199999999,0.0065904124000000005,0.0005857019999998946,2
30,1778488945872,-0.004195677199999999,0.007865712399999999,0.0005857019999998946,2
31,1778488945877,-0.0043789772,0.007705812400000001,1.6302000000063474e-05,2
32,1778488945881,-0.0043789772,0.007705812400000001,1.6302000000063474e-05,2
33,1778488945884,-0.0044374772,0.0071715124,0.0006169019999999036,2
34,1778488945887,-0.0044374772,0.0071715124,0.0006169019999999036,2
35,1778488945890,-0.0044374772,0.0071715124,0.0006169019999999036,2
36,1778488945894,-0.0044374772,0.0062823124,2.41019999999547e-05,2
37,1778488945897,-0.0044374772,0.0062823124,2.41019999999547e-05,2
38,1778488945900,-0.0046090772,0.005943012400000001,0.0006247020000000169,2
39,1778488945903,-0.0046090772,0.005943012400000001,0.0006247020000000169,2
40,1778488945906,-0.0046090772,0.005943012400000001,0.0006247020000000169,2
41,1778488945910,-0.0045895772,0.0061614124,6.700199999991156e-05,2
42,1778488945913,-0.0045895772,0.0061614124,6.700199999991156e-05,2
43,1778488945916,-0.0040708772,0.007210512400000001,0.0004141020000000672,2
44,1778488945919,-0.0040708772,0.007210512400000001,0.0004141020000000672,2
45,1778488945922,-0.0040708772,0.007210512400000001,0.0004141020000000672,2
46,1778488945925,-0.0039928772,0.0077136124,-7.339800000012893e-05,2
47,1778488945929,-0.0039928772,0.0077136124,-7.339800000012893e-05,2
48,1778488945932,-0.0040045772,0.0075498124,0.0002737020000000267,2
49,1778488945935,-0.0040045772,0.0075498124,0.0002737020000000267,2
50,1778488945938,-0.0040045772,0.0075498124,0.0002737020000000267,2
51,1778488945941,-0.0042268772,0.0071052124,0.00012940199999992956,2
52,1778488945945,-0.0042268772,0.0071052124,0.00012940199999992956,2
53,1778488945948,-0.004628577199999999,0.005911812400000001,0.0003517020000000492,2
54,1778488945951,-0.004628577199999999,0.005911812400000001,0.0003517020000000492,2
55,1778488945954,-0.004628577199999999,0.005911812400000001,0.0003517020000000492,2
56,1778488945957,-0.0044686772,0.006001512400000001,0.0002620020000000788,2
57,1778488945961,-0.0044686772,0.006001512400000001,0.0002620020000000788,2
58,1778488945964,-0.0044608771999999994,0.006719112400000001,0.00025420199999996555,2
59,1778488945967,-0.0044608771999999994,0.006719112400000001,0.00025420199999996555,2
60,1778488945970,-0.0044608771999999994,0.006719112400000001,0.00025420199999996555,2
61,1778488945973,-0.0043438771999999995,0.0075576124,0.0008977019999999846,2
62,1778488945977,-0.0043438771999999995,0.0075576124,0.0008977019999999846,2
63,1778488945980,-0.004250277199999999,0.007861812400000001,0.0004453020000000762,2
64,1778488945983,-0.004250277199999999,0.007861812400000001,0.0004453020000000762,2
65,1778488945986,-0.004250277199999999,0.007861812400000001,0.0004453020000000762,2
66,1778488945989,-0.0041683772,0.0075030124,0.0004843019999999764,2
67,1778488945993,-0.0041683772,0.0075030124,0.0004843019999999764,2
68,1778488945996,-0.0043087772,0.006645012400000001,0.00019960200000006083,2
69,1778488945999,-0.0043087772,0.006645012400000001,0.00019960200000006083,2
70,1778488946002,-0.0043087772,0.006645012400000001,0.00019960200000006083,2
71,1778488946005,-0.0045193772,0.005911812400000001,0.0003283019999999314,2
72,1778488946009,-0.0045193772,0.005911812400000001,0.0003283019999999314,2
73,1778488946012,-0.0046246772,0.0059703124,6.700199999991156e-05,2
74,1778488946015,-0.0046246772,0.0059703124,6.700199999991156e-05,2
75,1778488946018,-0.0046246772,0.0059703124,6.700199999991156e-05,2
76,1778488946021,-0.0045310772,0.006832212400000001,0.0008080020000000143,2
77,1778488946025,-0.0045310772,0.006832212400000001,0.0008080020000000143,2
78,1778488946028,-0.004207377199999999,0.0077136124,-0.00014359800000003815,2
79,1778488946031,-0.004207377199999999,0.0077136124,-0.00014359800000003815,2
80,1778488946034,-0.004207377199999999,0.0077136124,-0.00014359800000003815,2
81,1778488946037,-0.0039499771999999995,0.0078579124,0.00015280200000004733,2
82,1778488946041,-0.0039499771999999995,0.0078579124,0.00015280200000004733,2
83,1778488946044,-0.0039655772,0.007374312400000001,0.00026980199999997005,2
84,1778488946047,-0.0039655772,0.007374312400000001,0.00026980199999997005,2
85,1778488946050,-0.0039655772,0.007374312400000001,0.00026980199999997005,2
86,1778488946053,-0.0042931772,0.006165312400000001,0.0005155019999999854,2
87,1778488946056,-0.0042931772,0.006165312400000001,0.0005155019999999854,2
88,1778488946060,-0.0045037772,0.0057363124000000005,0.0004219019999999584,2
89,1778488946063,-0.0045037772,0.0057363124000000005,0.0004219019999999584,2
90,1778488946066,-0.0045037772,0.0057363124000000005,0.0004219019999999584,2
91,1778488946069,-0.0046012772,0.0060639123999999996,0.0003556019999998838,2
92,1778488946073,-0.0046012772,0.0060639123999999996,0.0003556019999998838,2
93,1778488946076,-0.0046558772,0.0070116124000000005,0.00017620199999994306,2
94,1778488946079,-0.0046558772,0.0070116124000000005,0.00017620199999994306,2
95,1778488946082,-0.0046558772,0.0070116124000000005,0.00017620199999994306,2
96,1778488946085,-0.0044023772,0.0077838123999999995,0.0008041019999999576,2
97,1778488946089,-0.0044023772,0.0077838123999999995,0.0008041019999999576,2
98,1778488946092,-0.0039772772,0.007635612400000002,0.00048820200000003304,2
99,1778488946095,-0.0039772772,0.007635612400000002,0.00048820200000003304,2
100,1778488946098,-0.0039772772,0.007635612400000002,0.00048820200000003304,2
101,1778488946101,-0.0039343772,0.007054512400000001,0.0002932020000000878,2
102,1778488946105,-0.0039343772,0.007054512400000001,0.0002932020000000878,2
103,1778488946108,-0.004074777199999999,0.0064500124,0.00047260200000002854,2
104,1778488946111,-0.004074777199999999,0.0064500124,0.00047260200000002854,2
105,1778488946114,-0.004074777199999999,0.0064500124,0.00047260200000002854,2
106,1778488946117,-0.0044452772,0.005923512400000001,-0.00035029800000004226,2
107,1778488946121,-0.0044452772,0.005923512400000001,-0.00035029800000004226,2
108,1778488946124,-0.0045427772,0.006621612400000001,0.00013720200000004283,2
109,1778488946127,-0.0045427772,0.006621612400000001,0.00013720200000004283,2
110,1778488946130,-0.0045427772,0.006621612400000001,0.00013720200000004283,2
111,1778488946133,-0.004394577199999999,0.007694112400000001,-9.679800000002466e-05,2
112,1778488946137,-0.004394577199999999,0.007694112400000001,-9.679800000002466e-05,2
113,1778488946140,-0.0043672772,0.007662912399999999,0.00046480199999991527,2
114,1778488946143,-0.0043672772,0.007662912399999999,0.00046480199999991527,2
115,1778488946146,-0.0043672772,0.007662912399999999,0.00046480199999991527,2
116,1778488946149,-0.0041020772,0.0075225124,0.0005857019999998946,2
117,1778488946153,-0.0041020772,0.0075225124,0.0005857019999998946,2
118,1778488946156,-0.0041449772,0.0065709124,0.0006559020000000259,2
119,1778488946159,-0.0041449772,0.0065709124,0.0006559020000000259,2
120,1778488946162,-0.0041449772,0.0065709124,0.0006559020000000259,2
121,1778488946165,-0.0042541772,0.0059976123999999995,0.0002737020000000267,2
122,1778488946169,-0.0042541772,0.0059976123999999995,0.0002737020000000267,2
123,1778488946172,-0.0043321772,0.0060951124,0.000862601999999919,2
124,1778488946175,-0.0043321772,0.0060951124,0.000862601999999919,2
0,1778488946250,-0.0043867772,0.0076668124,0.00021910199999989992,2
1,1778488946253,-0.0045466772,0.0075693124,0.0006832019999999783,2
2,1778488946256,-0.0045466772,0.0075693124,0.0006832019999999783,2
3,1778488946338,-0.004207377199999999,0.0068166124,0.0006559020000000259,2
4,1778488946388,-0.004351677199999999,0.0060717124,0.0003517020000000492,2
5,1778488946407,-0.0042931772,0.0078462124,0.0005623019999999989,2
6,1778488946410,-0.0042931772,0.0078462124,0.0005623019999999989,2
7,1778488946413,-0.0043321772,0.007705812400000001,0.0004765020000000852,2
8,1778488946416,-0.0043321772,0.007705812400000001,0.0004765020000000852,2
9,1778488946420,-0.0044218771999999995,0.006278412400000001,8.65019999999727e-05,2
10,1778488946423,-0.0044218771999999995,0.006278412400000001,8.65019999999727e-05,2
11,1778488946426,-0.0044218771999999995,0.006278412400000001,8.65019999999727e-05,2
12,1778488946429,-0.0044647772,0.006056112400000001,0.0009640020000000592,2
13,1778488946432,-0.0044647772,0.006056112400000001,0.0009640020000000592,2
14,1778488946436,-0.004250277199999999,0.005798712400000001,-0.0001318980000000903,2
15,1778488946439,-0.004250277199999999,0.005798712400000001,-0.0001318980000000903,2
16,1778488946442,-0.004250277199999999,0.005798712400000001,-0.0001318980000000903,2
17,1778488946445,-0.0042268772,0.006754212400000001,0.0011200019999998822,2
18,1778488946448,-0.0042268772,0.006754212400000001,0.0011200019999998822,2
19,1778488946452,-0.0040669771999999995,0.0076395123999999995,-0.00015139799999992938,2
20,1778488946455,-0.0040669771999999995,0.0076395123999999995,-0.00015139799999992938,2
21,1778488946458,-0.0040669771999999995,0.0076395123999999995,-0.00015139799999992938,2
22,1778488946461,-0.004207377199999999,0.0081075124,0.00044140200000001954,2
23,1778488946466,-0.004207377199999999,0.0081075124,0.00044140200000001954,2
24,1778488946469,-0.0041449772,0.007152012400000001,0.00018790199999989092,2
25,1778488946473,-0.0041449772,0.007152012400000001,0.00018790199999989092,2
26,1778488946476,-0.0043555772,0.0065124124000000005,4.750200000007247e-05,2
27,1778488946480,-0.0043555772,0.0065124124000000005,4.750200000007247e-05,2
28,1778488946483,-0.0043555772,0.0065124124000000005,0.00013720200000004283,2
29,1778488946486,-0.004484277199999999,0.0060951124,0.00013720200000004283,2
30,1778488946489,-0.004484277199999999,0.0060951124,0.00013720200000004283,2
31,1778488946492,-0.0045700772,0.006442212400000001,0.0005779020000000034,2
32,1778488946496,-0.0045700772,0.006442212400000001,0.0005779020000000034,2
33,1778488946499,-0.0043438771999999995,0.0073587124,0.0006364019999999648,2
34,1778488946503,-0.0043438771999999995,0.0073587124,0.0006364019999999648,2
35,1778488946506,-0.0043438771999999995,0.0073587124,0.0006364019999999648,2
36,1778488946509,-0.0043360772,0.0076785124,0.0003673020000000537,2
37,1778488946512,-0.0043360772,0.0076785124,0.0003673020000000537,2
38,1778488946515,-0.0038329771999999996,0.008033412399999999,0.0009601020000000026,2
39,1778488946519,-0.0038329771999999996,0.008033412399999999,0.0009601020000000026,2
40,1778488946522,-0.0038329771999999996,0.008033412399999999,0.0009601020000000026,2
41,1778488946525,-0.0042112772,0.006477312400000001,-0.0002449979999999564,2
42,1778488946528,-0.0042112772,0.006477312400000001,-0.0002449979999999564,2
43,1778488946531,-0.0043204772,0.0062823124,0.0007963020000000664,2
44,1778488946535,-0.0043204772,0.0062823124,0.0007963020000000664,2
45,1778488946538,-0.0043204772,0.0062823124,0.0007963020000000664,2
46,1778488946541,-0.004484277199999999,0.0056388124,-0.0006076980000000055,2
47,1778488946544,-0.004484277199999999,0.0056388124,-0.0006076980000000055,2
48,1778488946547,-0.0045856772,0.0067503124,0.000769001999999892,2
49,1778488946551,-0.0045856772,0.0067503124,0.000769001999999892,2
50,1778488946554,-0.0045856772,0.0067503124,0.000769001999999892,2
51,1778488946557,-0.0044335772,0.007374312400000001,-4.999800000001116e-05,2
52,1778488946560,-0.0044335772,0.007374312400000001,-4.999800000001116e-05,2
53,1778488946563,-0.004183977199999999,0.0080607124,0.0008353019999999666,2
54,1778488946567,-0.004183977199999999,0.0080607124,0.0008353019999999666,2
55,1778488946570,-0.004183977199999999,0.0080607124,0.0008353019999999666,2
56,1778488946573,-0.0037744771999999997,0.0077019124,-0.00038539799999999687,2
57,1778488946576,-0.0037744771999999997,0.0077019124,-0.00038539799999999687,2
58,1778488946580,-0.0041215772,0.0068946124,0.001018601999999964,2
59,1778488946583,-0.0041215772,0.0068946124,0.001018601999999964,2
60,1778488946586,-0.0041215772,0.0068946124,0.001018601999999964,2
61,1778488946589,-0.0043984772,0.0058494124,-0.00016699799999993388,2
62,1778488946606,-0.004605177199999999,0.006910212400000001,0.0003517020000000492,2
63,1778488946609,-0.004605177199999999,0.006910212400000001,0.0003517020000000492,2
64,1778488946613,-0.0044920772,0.0073938124,0.0002932020000000878,2
65,1778488946616,-0.0044920772,0.0073938124,0.0002932020000000878,2
66,1778488946619,-0.0044920772,0.0080646124,0.0008587020000000844,2
67,1778488946622,-0.0041761772,0.0080646124,0.0008587020000000844,2
68,1778488946626,-0.0041761772,0.0080646124,0.0008587020000000844,2
69,1778488946629,-0.003973377199999999,0.007097412400000001,-0.00015919800000004265,2
70,1778488946632,-0.003973377199999999,0.007097412400000001,-0.00015919800000004265,2
71,1778488946635,-0.003973377199999999,0.0064617124,0.001006902000000016,2
72,1778488946638,-0.004183977199999999,0.0064617124,0.001006902000000016,2
73,1778488946642,-0.004183977199999999,0.0064617124,0.001006902000000016,2
74,1778488946645,-0.0043984772,0.0057831124,-0.00027229799999990874,2
75,1778488946648,-0.0043984772,0.0057831124,-0.00027229799999990874,2
76,1778488946651,-0.0043984772,0.0064578124,0.0008821019999999801,2
77,1778488946654,-0.0044998772,0.0064578124,0.0008821019999999801,2
78,1778488946658,-0.0044998772,0.0064578124,0.0008821019999999801,2
79,1778488946661,-0.0047767771999999995,0.0070155124,-0.00018649799999999501,2
80,1778488946664,-0.0047767771999999995,0.0070155124,-0.00018649799999999501,2
81,1778488946667,-0.0047767771999999995,0.0082674124,0.0010927019999999298,2
82,1778488946670,-0.0044608771999999994,0.0082674124,0.0010927019999999298,2
83,1778488946674,-0.0044608771999999994,0.0082674124,0.0010927019999999298,2
84,1778488946677,-0.004250277199999999,0.0075030124,-0.0005959980000000576,2
85,1778488946680,-0.004250277199999999,0.0075030124,-0.0005959980000000576,2
86,1778488946683,-0.004250277199999999,0.007085712400000001,0.001038102000000025,2
87,1778488946686,-0.004207377199999999,0.007085712400000001,0.001038102000000025,2
88,1778488946696,-0.0039421772,0.006001512400000001,-4.609799999995452e-05,2
89,1778488946699,-0.0039421772,0.0057090123999999996,0.0008470019999999145,2
90,1778488946702,-0.0043711772,0.0057090123999999996,0.0008470019999999145,2
91,1778488946706,-0.0043711772,0.0057090123999999996,0.0008470019999999145,2
92,1778488946709,-0.0042697772,0.0067347124000000005,0.0002503019999999089,2
93,1778488946712,-0.0042697772,0.0067347124000000005,0.0002503019999999089,2
94,1778488946715,-0.0045934771999999995,0.0072339124000000005,0.00018400200000005633,2
95,1778488946718,-0.0045934771999999995,0.0072339124000000005,0.00018400200000005633,2
96,1778488946722,-0.0045934771999999995,0.0072339124000000005,0.00018400200000005633,2
97,1778488946725,-0.0045232772,0.0080880124,0.0005233019999998766,2
98,1778488946728,-0.0045232772,0.0080880124,0.0005233019999998766,2
99,1778488946731,-0.0043243772,0.007354812400000001,-0.00018649799999999501,2
100,1778488946734,-0.0043243772,0.007354812400000001,-0.00018649799999999501,2
101,1778488946738,-0.0043243772,0.007354812400000001,-0.00018649799999999501,2
102,1778488946741,-0.004261977199999999,0.006886812400000001,0.0007183020000000439,2
103,1778488946744,-0.004261977199999999,0.006886812400000001,0.0007183020000000439,2
104,1778488946747,-0.0042775771999999995,0.005868912400000001,0.0002737020000000267,2
105,1778488946750,-0.0042775771999999995,0.005868912400000001,0.0002737020000000267,2
106,1778488946754,-0.0042775771999999995,0.005868912400000001,0.0002737020000000267,2
107,1778488946757,-0.0043867772,0.0064305123999999995,0.001081001999999982,2
108,1778488946760,-0.0043867772,0.0064305123999999995,0.001081001999999982,2
109,1778488946763,-0.0044023772,0.0066411123999999995,-0.0003619979999999901,2
110,1778488946766,-0.0044023772,0.0066411123999999995,-0.0003619979999999901,2
111,1778488946770,-0.0044023772,0.0066411123999999995,-0.0003619979999999901,2
112,1778488946773,-0.004339977199999999,0.0078462124,0.0010732020000000907,2
113,1778488946776,-0.004339977199999999,0.0078462124,0.0010732020000000907,2
114,1778488946779,-0.0044998772,0.0073665124000000005,-0.0008884979999999754,2
115,1778488946782,-0.0044998772,0.0073665124000000005,-0.0008884979999999754,2
116,1778488946786,-0.0044998772,0.0073665124000000005,-0.0008884979999999754,2
117,1778488946789,-0.004339977199999999,0.0070116124000000005,0.001237002000000027,2
118,1778488946792,-0.004339977199999999,0.0070116124000000005,0.001237002000000027,2
119,1778488946795,-0.0039655772,0.0063369124,-0.00015919800000004265,2
120,1778488946798,-0.0039655772,0.0063369124,-0.00015919800000004265,2
121,1778488946802,-0.0039655772,0.0063369124,-0.00015919800000004265,2
122,1778488946805,-0.0042385771999999995,0.0062082123999999995,-0.0008923980000000321,2
123,1778488946808,-0.0042385771999999995,0.0062082123999999995,-0.0008923980000000321,2
124,1778488946811,-0.003996777199999999,0.0073665124000000005,-0.0012316979999999634,2
0,1778488947002,-0.0037822771999999998,0.0073002124000000005,-4.609799999995452e-05,2
1,1778488947006,-0.0040942771999999995,0.006719112400000001,-4.609799999995452e-05,2
2,1778488947009,-0.0040942771999999995,0.006719112400000001,-4.609799999995452e-05,2
3,1778488947012,-0.004562277199999999,0.006044412400000001,0.0007183020000000439,2
4,1778488947015,-0.004562277199999999,0.006044412400000001,0.0007183020000000439,2
5,1778488947019,-0.004562277199999999,0.006044412400000001,4.750200000007247e-05,2
6,1778488947022,-0.0046324771999999995,0.0064383124,4.750200000007247e-05,2
7,1778488947025,-0.0046324771999999995,0.0064383124,4.750200000007247e-05,2
8,1778488947028,-0.0048118772,0.0066177124,0.0008665019999999756,2
9,1778488947031,-0.0048118772,0.0066177124,0.0008665019999999756,2
10,1778488947034,-0.0048118772,0.0066177124,0.0008782019999999235,2
11,1778488947038,-0.0044140772,0.007756512400000002,0.0008782019999999235,2
12,1778488947041,-0.0044140772,0.007756512400000002,0.0008782019999999235,2
13,1778488947044,-0.0044569772,0.007386012400000001,0.0002425020000000177,2
14,1778488947047,-0.0044569772,0.007386012400000001,0.0002425020000000177,2
15,1778488947050,-0.0044569772,0.007386012400000001,0.0007885019999999531,2
16,1778488947054,-0.0043867772,0.0074016124,0.0007885019999999531,2
17,1778488947057,-0.0043867772,0.0074016124,0.0007885019999999531,2
18,1778488947060,-0.0045973772,0.006009312400000001,-0.0005998980000000032,2
19,1778488947063,-0.0045973772,0.006009312400000001,-0.0005998980000000032,2
20,1778488947066,-0.0045973772,0.006009312400000001,0.0010030019999999595,2
21,1778488947070,-0.004761177199999999,0.0062277124,0.0010030019999999595,2
22,1778488947073,-0.004761177199999999,0.0062277124,0.0010030019999999595,2
23,1778488947076,-0.0046441772,0.006531912400000001,-0.0007441979999999893,2
24,1778488947079,-0.0046441772,0.006531912400000001,-0.0007441979999999893,2
25,1778488947082,-0.0046441772,0.006531912400000001,0.0006910020000000915,2
26,1778488947085,-0.004628577199999999,0.0074445124000000005,0.0006910020000000915,2
27,1778488947089,-0.004628577199999999,0.0074445124000000005,0.0006910020000000915,2
28,1778488947092,-0.0040474772,0.0079671124,-0.0002644980000000175,2
29,1778488947095,-0.0040474772,0.0079671124,-0.0002644980000000175,2
30,1778488947098,-0.0040474772,0.0079671124,0.0005350020000000465,2
31,1778488947101,-0.0039655772,0.007608312400000001,0.0005350020000000465,2
32,1778488947105,-0.0039655772,0.007608312400000001,0.0005350020000000465,2
33,1778488947108,-0.0037042772,0.006933612400000001,-0.00013579799999992488,2
34,1778488947111,-0.0037042772,0.006933612400000001,-0.00013579799999992488,2
35,1778488947114,-0.0037042772,0.006933612400000001,0.0014164019999999677,2
36,1778488947117,-0.0040162772,0.005798712400000001,0.0014164019999999677,2
37,1778488947121,-0.0040162772,0.005798712400000001,0.0014164019999999677,2
38,1778488947124,-0.0044764772,0.0056388124,0.00018400200000005633,2
39,1778488947127,-0.0044764772,0.0056388124,0.00018400200000005633,2
40,1778488947130,-0.0044764772,0.0056388124,0.0004609020000000807,2
41,1778488947133,-0.0046792772,0.0059391124,0.0004609020000000807,2
42,1778488947136,-0.0046792772,0.0059391124,0.0004609020000000807,2
43,1778488947140,-0.0044335772,0.0076395123999999995,0.0003712019999998883,2
44,1778488947143,-0.0044335772,0.0076395123999999995,0.0003712019999998883,2
45,1778488947146,-0.0044335772,0.0076395123999999995,-0.0006505980000000734,2
46,1778488947149,-0.0043906772,0.007635612400000002,-0.0006505980000000734,2
47,1778488947153,-0.0043906772,0.007635612400000002,-0.0006505980000000734,2
48,1778488947156,-0.0042541772,0.007994412400000001,0.0008431020000000799,2
49,1778488947159,-0.0042541772,0.007994412400000001,0.0008431020000000799,2
50,1778488947162,-0.0042541772,0.007994412400000001,-0.0005491980000000441,2
51,1778488947165,-0.004297077199999999,0.006699612400000001,-0.0005491980000000441,2
52,1778488947168,-0.004297077199999999,0.006699612400000001,-0.0005491980000000441,2
53,1778488947172,-0.0046363772,0.0062199123999999995,0.000613002000000069,2
54,1778488947175,-0.0046363772,0.0062199123999999995,0.000613002000000069,2
55,1778488947178,-0.0046363772,0.0062199123999999995,0.000613002000000069,2
56,1778488947181,-0.0049249772,0.0062394124,3.5801999999902565e-05,2
57,1778488947184,-0.0049249772,0.0062394124,3.5801999999902565e-05,2
58,1778488947188,-0.004971777199999999,0.0070350124,0.0006091020000000124,2
59,1778488947191,-0.004971777199999999,0.0070350124,0.0006091020000000124,2
60,1778488947194,-0.004971777199999999,0.0070350124,0.0006091020000000124,2
61,1778488947197,-0.0045934771999999995,0.0076395123999999995,-0.00014359800000003815,2
62,1778488947200,-0.0045934771999999995,0.0076395123999999995,-0.00014359800000003815,2
63,1778488947204,-0.004261977199999999,0.007861812400000001,0.0005077019999998721,2
64,1778488947207,-0.004261977199999999,0.007861812400000001,0.0005077019999998721,2
65,1778488947210,-0.004261977199999999,0.007861812400000001,0.0005077019999998721,2
66,1778488947213,-0.0039031771999999995,0.0070584124,9.040200000002933e-05,2
67,1778488947216,-0.0039031771999999995,0.0070584124,9.040200000002933e-05,2
68,1778488947219,-0.0036574771999999998,0.005943012400000001,0.0005740019999999468,2
69,1778488947223,-0.0036574771999999998,0.005943012400000001,0.0005740019999999468,2
70,1778488947226,-0.0036574771999999998,0.005943012400000001,0.0005740019999999468,2
71,1778488947229,-0.0038251771999999996,0.0058728124,8.260199999991606e-05,2
72,1778488947232,-0.0038251771999999996,0.0058728124,8.260199999991606e-05,2
73,1778488947236,-0.0043672772,0.005779212400000001,8.260199999991606e-05,2
74,1778488947239,-0.0043672772,0.005779212400000001,8.260199999991606e-05,2
75,1778488947242,-0.0043672772,0.005779212400000001,0.000737801999999883,2
76,1778488947245,-0.004351677199999999,0.007698012399999999,0.000737801999999883,2
77,1778488947248,-0.004351677199999999,0.007698012399999999,0.000737801999999883,2
78,1778488947252,-0.0045427772,0.0077487124,-0.00013969799999998152,2
79,1778488947255,-0.0045427772,0.0077487124,-0.00013969799999998152,2
80,1778488947258,-0.0045427772,0.0077487124,-0.00013969799999998152,2
81,1778488947261,-0.004507677199999999,0.007986612399999999,0.0009718019999999505,2
82,1778488947264,-0.004507677199999999,0.007986612399999999,0.0009718019999999505,2
83,1778488947268,-0.0044023772,0.0070389124,-0.00039709800000005575,2
84,1778488947271,-0.0044023772,0.0070389124,-0.00039709800000005575,2
85,1778488947274,-0.0044023772,0.0070389124,-0.00039709800000005575,2
86,1778488947277,-0.0044257772,0.006278412400000001,0.00083140199999991,2
87,1778488947280,-0.0044257772,0.006278412400000001,0.00083140199999991,2
88,1778488947284,-0.004297077199999999,0.006087312400000001,0.00011380199999992506,2
89,1778488947287,-0.004297077199999999,0.006087312400000001,0.00011380199999992506,2
90,1778488947290,-0.004297077199999999,0.006087312400000001,0.00011380199999992506,2
91,1778488947293,-0.004538877199999999,0.0065475124,0.0007924020000000098,2
92,1778488947296,-0.004538877199999999,0.0065475124,0.0007924020000000098,2
93,1778488947300,-0.004538877199999999,0.0072729124,-0.00022549800000011729,2
94,1778488947303,-0.004538877199999999,0.0072729124,-0.00022549800000011729,2
95,1778488947306,-0.004538877199999999,0.0072729124,0.0004219019999999584,2
96,1778488947309,-0.0045193772,0.007542012400000001,0.0004219019999999584,2
97,1778488947312,-0.0045193772,0.007542012400000001,0.0004219019999999584,2
98,1778488947316,-0.004394577199999999,0.0072456124,6.700199999991156e-05,2
99,1778488947319,-0.004394577199999999,0.0072456124,6.700199999991156e-05,2
100,1778488947322,-0.004394577199999999,0.0072456124,0.0004063019999999539,2
101,1778488947325,-0.0041254772,0.0060834124,0.0004063019999999539,2
102,1778488947328,-0.0041254772,0.0060834124,0.0004063019999999539,2
103,1778488947332,-0.004207377199999999,0.0061575124000000005,0.0007963020000000664,2
104,1778488947335,-0.004207377199999999,0.0061575124000000005,0.0007963020000000664,2
105,1778488947338,-0.004207377199999999,0.0061575124000000005,0.0007963020000000664,2
106,1778488947341,-0.0039616771999999995,0.0062199123999999995,0.00031660199999998355,2
107,1778488947344,-0.0039616771999999995,0.0062199123999999995,0.00031660199999998355,2
108,1778488947348,0.027796022799999997,0.037197612399999996,-0.19556869800000007,4
109,1778488947352,0.027796022799999997,0.037197612399999996,-0.19556869800000007,4
110,1778488947359,-0.1260511772,-0.0277334876,0.35138290200000005,8
111,1778488947366,0.0737809228,-0.043115087600000004,-0.18540529800000002,5
112,1778488947373,0.0032533228000000006,0.0627543124,0.030120402000000032,5
113,1778488947379,0.0032533228000000006,0.0627543124,0.030120402000000032,5
114,1778488947385,-0.0189181772,0.0132243124,0.04495600200000009,5
115,1778488947395,0.0236191228,0.0334536124,0.059315801999999904,5
116,1778488947405,-0.0048898772,-0.0286031876,-0.04147189800000002,2
117,1778488947410,-0.0048898772,-0.0286031876,-0.04147189800000002,2
118,1778488947416,-0.0042346772,0.029272812399999997,0.02335780199999997,4
119,1778488947424,-0.009066777199999999,-0.00040228759999999964,-0.012463697999999983,1
120,1778488947428,-0.0016606771999999994,0.003115512400000001,0.00013720200000004283,2
121,1778488947434,-0.0016606771999999994,0.003115512400000001,0.003990402000000044,2
122,1778488947438,-0.0067267772,0.011484912400000002,0.003990402000000044,2
123,1778488947442,-0.0067267772,0.011484912400000002,0.003990402000000044,2
124,1778488947446,-0.0007246772,0.0075693124,-0.004090398000000066,2
0,1778488947519,0.0079840228,0.0235827124,-0.24309799800000007,4
1,1778488947523,-0.17718407719999998,-0.0386924876,0.423412002,8
2,1778488947645,-0.009421677199999999,0.0061809124,0.008931702000000081,2
3,1778488947649,-0.009421677199999999,0.0061809124,0.008931702000000081,2
4,1778488947654,-0.0023002772,0.006543612400000001,-0.0061339979999999895,2
5,1778488947658,-0.0023002772,0.006543612400000001,0.004279002000000016,2
6,1778488947662,5.532280000000028e-05,0.0118515124,0.004279002000000016,2
7,1778488947669,0.004415522800000001,0.0019377123999999996,-0.18451219800000004,2
8,1778488947673,0.004415522800000001,0.0019377123999999996,-0.18451219800000004,2
9,1778488947677,-0.1195459772,0.0353373124,0.30969580199999996,7
10,1778488947681,-0.1195459772,0.0353373124,0.30969580199999996,7
11,1778488947689,0.0430762228,-0.0478223876,-0.11668339800000001,5
12,1778488947696,0.0649942228,0.0317220124,-0.03400339800000003,5
13,1778488947703,-0.0231106772,0.019881612400000002,0.07199470199999995,5
14,1778488947710,0.0178471228,-0.007480787599999999,-0.06692719799999998,4
15,1778488947715,-0.0109036772,0.034143912400000004,0.03437140200000004,4
16,1778488947719,-0.0109036772,0.034143912400000004,0.03437140200000004,4
17,1778488947723,-0.0050419772,-0.019005287599999997,-0.030196998000000044,2
18,1778488947727,-0.0050419772,-0.019005287599999997,-0.030196998000000044,2
19,1778488947731,-0.006640977199999999,0.012892812400000002,0.01604140200000008,4
20,1778488947735,-0.006640977199999999,0.012892812400000002,0.01604140200000008,4
21,1778488947739,-0.006640977199999999,0.0036420124,-0.007019297999999967,2
22,1778488947743,-0.009023877199999999,0.0036420124,-0.007019297999999967,2
23,1778488947746,-0.009023877199999999,0.0030882124,-0.004102098000000014,2
24,1778488947750,-0.0016684771999999999,0.0030882124,-0.004102098000000014,2
25,1778488947754,-0.0016684771999999999,0.0030882124,-0.004102098000000014,2
26,1778488947757,-0.0082984772,0.013122912399999999,0.007711001999999896,2
27,1778488947761,-0.0082984772,0.013122912399999999,0.007711001999999896,2
28,1778488947765,-0.0015124772,0.0112860124,-0.0035365980000000175,2
29,1778488947769,-0.0015124772,0.0112860124,-0.0035365980000000175,2
30,1778488947772,-0.005931177199999999,0.0109740124,2.0201999999898065e-05,2
31,1778488947776,-0.005931177199999999,0.0109740124,2.0201999999898065e-05,2
32,1778488947780,-0.0069646772,0.006297912400000001,0.003951401999999922,2
33,1778488947784,-0.0069646772,0.006297912400000001,0.003951401999999922,2
34,1778488947787,-0.0047143772,0.0011382123999999997,-0.00566209800000002,1
35,1778488947791,-0.0047143772,0.0011382123999999997,-0.00566209800000002,1
36,1778488947795,-0.0072142772,0.004515612400000001,0.006334301999999887,2
37,1778488947799,-0.0072142772,0.004515612400000001,0.006334301999999887,2
38,1778488947802,-0.0072142772,0.004137312400000001,-0.0022300980000000293,2
39,1778488947806,-0.0023119772,0.004137312400000001,-0.0022300980000000293,2
40,1778488947810,-0.0023119772,0.004137312400000001,0.0014008019999999632,2
41,1778488947814,0.00026982280000000056,0.0107478124,0.0014008019999999632,2
42,1778488947817,0.00026982280000000056,0.0107478124,0.0014008019999999632,2
43,1778488947821,3.192280000000047e-05,-0.0025979875999999997,-0.186672798,1
44,1778488947825,3.192280000000047e-05,-0.0025979875999999997,-0.186672798,1
45,1778488947828,-0.1042384772,0.0284889124,0.3178546020000001,7
46,1778488947835,-0.1042384772,0.0284889124,0.3178546020000001,7
47,1778488947840,0.0629974228,-0.0399287876,-0.12611359800000008,5
48,1778488947848,0.029504222799999997,0.040068012400000005,-0.02166769799999997,5
49,1778488947854,-0.0196045772,0.0154122124,0.06239290199999996,5
50,1778488947862,0.0178003228,-0.0088613876,-0.06748099800000003,4
51,1778488947868,-0.0103459772,0.0400992124,0.04342330200000004,5
52,1778488947873,-0.0103459772,0.0400992124,0.04342330200000004,5
53,1778488947878,-0.0066448772,-0.020428787599999998,-0.03902659800000004,2
54,1778488947883,-0.008158077199999999,0.0138756124,0.022480301999999883,4
55,1778488947888,-0.008158077199999999,0.0138756124,0.022480301999999883,4
56,1778488947893,-0.0094957772,0.0023784124,-0.011157197999999995,2
57,1778488947897,-0.0094957772,0.0023784124,-0.011157197999999995,2
58,1778488947901,-0.0012082771999999999,0.0035757124,-0.0031543980000000183,2
59,1778488947905,-0.0012082771999999999,0.0035757124,-0.0031543980000000183,2
60,1778488947908,-0.008146377199999999,0.011976312400000001,0.007461402000000046,2
61,1778488947912,-0.008146377199999999,0.011976312400000001,0.007461402000000046,2
62,1778488947916,0.00012942279999999997,0.009152712399999999,-0.004382897999999984,2
63,1778488947920,0.00012942279999999997,0.009152712399999999,-0.004382897999999984,2
64,1778488947923,-0.005073177199999999,0.010833612400000001,0.0016348020000000307,2
65,1778488947927,-0.005073177199999999,0.010833612400000001,0.0016348020000000307,2
66,1778488947931,-0.0063991772,0.007132512400000001,0.0030700020000000005,2
67,1778488947934,-0.0063991772,0.007132512400000001,0.0030700020000000005,2
68,1778488947938,-0.0063991772,0.0022536124000000005,-0.0042853980000000114,2
69,1778488947942,-0.0053149771999999994,0.0022536124000000005,-0.0042853980000000114,2
70,1778488947946,-0.0053149771999999994,0.0022536124000000005,0.006385001999999957,2
71,1778488947949,-0.0072883772,0.0041529124,0.006385001999999957,2
72,1778488947953,-0.0072883772,0.0041529124,0.006385001999999957,2
73,1778488947957,-0.0025498772,0.003404112400000001,-0.002885297999999996,2
74,1778488947961,-0.0025498772,0.003404112400000001,-0.002885297999999996,2
75,1778488947964,0.00036732280000000006,0.011087112400000002,0.0017752020000000712,2
76,1778488947968,0.00036732280000000006,0.011087112400000002,0.0017752020000000712,2
77,1778488947972,0.002652722800000001,0.012927912400000002,-0.147973098,2
78,1778488947976,0.002652722800000001,0.012927912400000002,-0.147973098,2
79,1778488947979,-0.1061299772,0.0043089124,0.3062638020000001,7
80,1778488947984,-0.1061299772,0.0043089124,0.3062638020000001,7
81,1778488947994,0.0412978228,-0.0103706876,-0.22105909799999998,5
82,1778488947998,0.0434194228,0.0321549124,0.04807990199999994,5
83,1778488948005,-0.0095074772,-0.004064387599999999,0.04859470200000009,5
84,1778488948015,0.013475222799999999,0.002850312400000001,-0.08042119799999999,2
85,1778488948019,-0.0174244772,0.0264141124,0.07636270199999988,5
86,1778488948023,-0.0174244772,0.0264141124,0.07636270199999988,5
87,1778488948029,0.0030700227999999998,-0.0210839876,-0.061611498000000056,2
88,1778488948034,0.0030700227999999998,-0.0210839876,-0.061611498000000056,2
89,1778488948038,-0.013738977199999999,0.029896812399999997,0.0423586019999999,5
90,1778488948042,-0.013738977199999999,-0.0081164876,-0.02321599800000003,2
91,1778488948048,-0.0059740772,-0.0081164876,-0.02321599800000003,2
92,1778488948052,-0.0020623772,0.0092073124,0.006232901999999969,2
93,1778488948055,-0.0020623772,0.0092073124,0.006232901999999969,2
94,1778488948059,-0.0069490772,0.0104592124,0.0058000019999999,2
95,1778488948063,-0.0069490772,0.0104592124,0.0058000019999999,2
96,1778488948067,0.0007066227999999999,0.0066255124,-0.01304869800000004,2
97,1778488948070,0.0007066227999999999,0.0066255124,-0.01304869800000004,2
98,1778488948074,0.0007066227999999999,0.0066255124,0.009610301999999944,2
99,1778488948078,-0.0080995772,0.013602612400000002,0.009610301999999944,2
100,1778488948082,-0.0080995772,0.013602612400000002,0.009610301999999944,2
101,1778488948085,-0.0045544771999999996,0.0039345123999999995,-0.005927297999999985,2
102,1778488948089,-0.0045544771999999996,0.0039345123999999995,-0.005927297999999985,2
103,1778488948093,-0.0065941772,0.0052176124,0.0014827020000000423,2
104,1778488948096,-0.0065941772,0.0052176124,0.0014827020000000423,2
105,1778488948100,-0.0073039772,0.0039306124,0.005347601999999991,2
106,1778488948104,-0.0073039772,0.0039306124,0.005347601999999991,2
107,1778488948108,-0.0021247771999999996,0.0044727124,-0.005740098000000042,2
108,1778488948112,-0.0021247771999999996,0.0044727124,-0.005740098000000042,2
109,1778488948115,-0.0012940771999999994,0.0102993124,0.005569901999999889,2
110,1778488948119,-0.0012940771999999994,0.0102993124,0.005569901999999889,2
111,1778488948123,-0.00010847720000000012,0.0079398124,-0.0017503980000000575,2
112,1778488948127,-0.00010847720000000012,0.0079398124,-0.0017503980000000575,2
113,1778488948130,-0.00010847720000000012,0.0179277124,-0.241686198,4
114,1778488948134,-0.019764477199999998,0.0179277124,-0.241686198,4
115,1778488948138,-0.019764477199999998,0.0179277124,0.45681550199999993,8
116,1778488948143,-0.1444162772,0.029896812399999997,0.45681550199999993,8
117,1778488948154,-0.022541277199999998,-0.0161738876,-0.275756598,4
118,1778488948159,0.1214272228,0.0088914124,0.03656320199999989,6
119,1778488948166,0.026013722799999996,-0.0012134875999999994,0.07958410200000003,5
120,1778488948174,0.026828822799999996,-0.005257787599999999,-0.11535739800000007,4
121,1778488948180,-0.0154783772,0.0371664124,0.103740702,6
122,1778488948186,-0.0154783772,0.0371664124,0.103740702,6
123,1778488948192,0.0020170227999999997,-0.0333572876,-0.08755429799999999,2
124,1778488948196,-0.0165820772,0.0327867124,0.054316001999999905,5
0,1778488948231,0.003970922799999999,0.0073158124,-0.01460479799999999,2
1,1778488948265,-0.0076432772,0.0024876124000000003,-0.0059779980000000555,2
2,1778488948269,-0.004640277199999999,0.0043323124,-0.005006898000000053,2
3,1778488948358,-0.0088210772,0.0071286124,0.0013267019999999973,2
4,1778488948362,-0.0053851772,0.0061965124,0.00023470199999990442,2
5,1778488948366,-0.0071050772,0.0062745124,0.00023470199999990442,2
6,1778488948387,-0.003918777199999999,0.0076005124,-0.0003580980000000445,2
7,1778488948391,-0.003918777199999999,0.0076005124,-0.0003580980000000445,2
8,1778488948395,-0.0006973772,0.006777612400000001,0.0008119020000000709,2
9,1778488948399,-0.0006973772,0.006777612400000001,0.0008119020000000709,2
10,1778488948403,0.0006364228000000005,0.0051201124,-0.00030739799999997437,2
11,1778488948406,0.0006364228000000005,0.0051201124,-0.00030739799999997437,2
12,1778488948410,0.0006364228000000005,0.0051318124,0.0004375019999999629,2
13,1778488948414,0.0004687227999999998,0.0051318124,0.0004375019999999629,2
14,1778488948418,0.0004687227999999998,0.0051318124,-0.00011629800000008579,2
15,1778488948422,-0.0019414771999999997,0.0053073124,-0.00011629800000008579,2
16,1778488948425,-0.0019414771999999997,0.0053073124,-0.00011629800000008579,2
17,1778488948429,-0.004484277199999999,0.0069492124,0.0007573019999999441,2
18,1778488948433,-0.004484277199999999,0.0069492124,0.0007573019999999441,2
19,1778488948437,-0.0066487772,0.007674612399999999,-0.00032299799999997887,2
20,1778488948441,-0.0066487772,0.007674612399999999,-0.00032299799999997887,2
21,1778488948444,-0.007401477199999999,0.0074913124,0.0013735020000000108,2
22,1778488948448,-0.007401477199999999,0.0074913124,0.0013735020000000108,2
23,1778488948452,-0.006414777199999999,0.007120812400000001,-0.00020209799999999951,2
24,1778488948456,-0.006414777199999999,0.007120812400000001,-0.00020209799999999951,2
25,1778488948460,-0.005205777199999999,0.0061575124000000005,0.0007144019999999873,2
26,1778488948464,-0.005205777199999999,0.0061575124000000005,0.0007144019999999873,2
27,1778488948467,-0.0037744771999999997,0.0079203124,0.00041800199999990177,2
28,1778488948471,-0.0037744771999999997,0.0079203124,0.00041800199999990177,2
29,1778488948475,-0.0043321772,0.008396112399999999,-0.00036979799999999237,2
30,1778488948479,-0.0043321772,0.008396112399999999,-0.00036979799999999237,2
31,1778488948483,-0.0056971771999999995,0.0089655124,0.00046480199999991527,2
32,1778488948486,-0.0056971771999999995,0.0089655124,0.00046480199999991527,2
33,1778488948490,-0.0056971771999999995,0.0078345124,-0.00011239800000002916,2
34,1778488948494,-0.006613677199999999,0.0078345124,-0.00011239800000002916,2
35,1778488948498,-0.006613677199999999,0.0078345124,0.0006481019999999126,2
36,1778488948502,-0.006469377199999999,0.0065592124,0.0006481019999999126,2
37,1778488948506,-0.006469377199999999,0.0065592124,-5.3898000000067794e-05,2
38,1778488948511,-0.004363377199999999,0.0044961124,-5.3898000000067794e-05,2
39,1778488948517,-0.0018088771999999996,0.0049953124,0.0013735020000000108,2
40,1778488948521,-0.0018088771999999996,0.0049953124,0.0013735020000000108,2
41,1778488948525,-0.00020987719999999987,0.0058416124,-0.00017479800000004715,2
42,1778488948529,-0.00020987719999999987,0.0058416124,-0.00017479800000004715,2
43,1778488948532,-0.0005101771999999997,0.0076668124,0.0015841019999999605,2
44,1778488948537,-0.0005101771999999997,0.0076668124,0.0015841019999999605,2
45,1778488948543,-0.0025069771999999997,0.007850112400000001,-4.219800000011993e-05,2
46,1778488948547,-0.005260377199999999,0.0067581124,0.001486601999999877,2
47,1778488948551,-0.005260377199999999,0.0067581124,0.001486601999999877,2
48,1778488948555,-0.006718977199999999,0.0057870123999999995,0.00044140200000001954,2
49,1778488948558,-0.006718977199999999,0.0057870123999999995,0.00044140200000001954,2
50,1778488948562,-0.006718977199999999,0.005455512400000001,0.0005116019999999288,2
51,1778488948566,-0.0073078772,0.005455512400000001,0.0005116019999999288,2
52,1778488948583,-0.0073078772,0.005455512400000001,0.00016060199999993856,2
53,1778488948587,-0.0037978771999999995,0.0097962124,7.020000000589749e-07,2
54,1778488948591,-0.0037978771999999995,0.0097962124,7.020000000589749e-07,2
55,1778488948595,-0.0040123772,0.0085911124,-0.00021379799999994738,2
56,1778488948598,-0.0040123772,0.0085911124,-0.00021379799999994738,2
57,1778488948602,-0.0040123772,0.0069375124,0.00083140199999991,2
58,1778488948606,-0.0052408772,0.0069375124,0.00083140199999991,2
59,1778488948610,-0.0052408772,0.0046872124,-4.609799999995452e-05,2
60,1778488948614,-0.0061963771999999995,0.0046872124,-4.609799999995452e-05,2
61,1778488948618,-0.0061963771999999995,0.0046872124,0.001318901999999884,2
62,1778488948622,-0.005704977199999999,0.0049992123999999995,0.001318901999999884,2
63,1778488948625,-0.005704977199999999,0.0049992123999999995,0.001318901999999884,2
64,1778488948629,-0.0038017771999999997,0.0058377124,4.3602000000015836e-05,2
65,1778488948634,-0.0038017771999999997,0.0058377124,0.001205802000000018,2
66,1778488948639,-0.0019570772,0.007709712399999999,0.001205802000000018,2
67,1778488948643,-0.0007285771999999994,0.008154312399999999,6.310200000007697e-05,2
68,1778488948647,-0.0007285771999999994,0.008154312399999999,6.310200000007697e-05,2
69,1778488948651,-0.0015280772000000001,0.0074133124,0.00048040199999991977,2
70,1778488948654,-0.0015280772000000001,0.0074133124,0.00048040199999991977,2
71,1778488948658,-0.0015280772000000001,0.0060054124,-0.00015919800000004265,2
72,1778488948662,-0.0034702771999999995,0.0060054124,-0.00015919800000004265,2
73,1778488948666,-0.0034702771999999995,0.0053151124000000004,-0.00015529799999998602,2
74,1778488948670,-0.005626977199999999,0.0053151124000000004,-0.00015529799999998602,2
75,1778488948674,-0.005626977199999999,0.0053151124000000004,-0.00013969799999998152,2
76,1778488948677,-0.0066877772,0.0059586124,-0.00013969799999998152,2
77,1778488948681,-0.0066877772,0.0059586124,-0.00013969799999998152,2
78,1778488948685,-0.006403077199999999,0.0075888124000000005,9.430200000008597e-05,2
79,1778488948689,-0.006403077199999999,0.0075888124000000005,9.430200000008597e-05,2
80,1778488948693,-0.0051745772,0.009281412400000001,0.000800201999999901,2
81,1778488948697,-0.0051745772,0.009281412400000001,0.000800201999999901,2
82,1778488948701,-0.004219077199999999,0.008840712399999999,0.00030100199999997905,2
83,1778488948705,-0.004219077199999999,0.008840712399999999,0.00030100199999997905,2
84,1778488948708,-0.0042112772,0.007733112399999999,0.000893801999999928,2
85,1778488948712,-0.0042112772,0.007733112399999999,0.000893801999999928,2
86,1778488948716,-0.004616877199999999,0.0055959124,2.8002000000011337e-05,2
87,1778488948721,-0.004616877199999999,0.0055959124,2.8002000000011337e-05,2
88,1778488948725,-0.005272077199999999,0.005666112400000001,0.0011239019999999388,2
89,1778488948730,-0.005272077199999999,0.005666112400000001,0.0011239019999999388,2
90,1778488948734,-0.005139477199999999,0.0059196124,-0.00044389800000006925,2
91,1778488948738,-0.005139477199999999,0.0059196124,0.0002620020000000788,2
92,1778488948741,-0.0043594772,0.0075225124,0.0002620020000000788,2
93,1778488948745,-0.0043594772,0.0075225124,0.0002620020000000788,2
94,1778488948749,-0.0030178771999999996,0.007935912400000002,-0.0005959980000000576,2
95,1778488948753,-0.0030178771999999996,0.007935912400000002,-0.0005959980000000576,2
96,1778488948757,-0.0021481771999999994,0.0074796124,-0.00010459799999991588,2
97,1778488948761,-0.0021481771999999994,0.0074796124,-0.00010459799999991588,2
98,1778488948765,-0.0019687771999999997,0.0060132124000000006,-0.00038149800000005125,2
99,1778488948769,-0.0019687771999999997,0.0060132124000000006,-0.00038149800000005125,2
100,1778488948773,-0.0030412771999999994,0.0053034124000000005,0.001112201999999991,2
101,1778488948777,-0.0030412771999999994,0.0053034124000000005,0.001112201999999991,2
102,1778488948780,-0.0042892772,0.005369712400000001,0.0007027020000000394,2
103,1778488948784,-0.0042892772,0.005369712400000001,0.0007027020000000394,2
104,1778488948788,-0.0056581771999999995,0.0067854123999999995,0.0012643019999999793,2
105,1778488948792,-0.0056581771999999995,0.0067854123999999995,0.0012643019999999793,2
106,1778488948796,-0.006075477199999999,0.0081933124,0.0011200019999998822,2
107,1778488948799,-0.006075477199999999,0.0081933124,0.0011200019999998822,2
108,1778488948803,-0.0060052772,0.008333712400000002,0.0006403020000000214,2
109,1778488948807,-0.0060052772,0.008333712400000002,0.0006403020000000214,2
110,1778488948811,-0.0054124772,0.007776012400000001,0.0008860020000000367,2
111,1778488948815,-0.0054124772,0.007776012400000001,0.0008860020000000367,2
112,1778488948819,-0.0045895772,0.0061848124,-0.000404898000000058,2
113,1778488948824,-0.0045895772,0.0061848124,-0.000404898000000058,2
114,1778488948828,-0.0044140772,0.006044412400000001,0.0002503019999999089,2
115,1778488948832,-0.0044140772,0.006044412400000001,0.0002503019999999089,2
116,1778488948835,-0.0040006772,0.0066021124,-0.0005452979999999875,2
117,1778488948839,-0.0040006772,0.0066021124,-0.0005452979999999875,2
118,1778488948843,-0.0043672772,0.0074601124,9.040200000002933e-05,2
119,1778488948847,-0.0043672772,0.0074601124,9.040200000002933e-05,2
120,1778488948851,-0.0041215772,0.0080373124,-0.0002917979999999699,2
121,1778488948854,-0.0041215772,0.0080373124,-0.0002917979999999699,2
122,1778488948858,-0.0041215772,0.0073119124,0.0002425020000000177,2
123,1778488948863,-0.0038446771999999995,0.0073119124,0.0002425020000000177,2
124,1778488948867,-0.0032245771999999994,0.0058416124,0.0002581020000000222,2
0,1778488948939,-0.006036477199999999,0.0074601124,0.0005779020000000034,2
1,1778488948958,-0.0038953772,0.008298612399999999,0.00041800199999990177,2
2,1778488949070,-0.0048547772,0.007791612400000002,0.0007885019999999531,2
3,1778488949080,-0.0038992771999999997,0.0063720124,0.0006364019999999648,2
4,1778488949084,-0.004141077199999999,0.004823712400000001,-0.00019819799999994288,2
5,1778488949089,-0.004141077199999999,0.004823712400000001,-0.00019819799999994288,2
6,1778488949093,-0.0043087772,0.005588112400000001,9.820199999992056e-05,2
7,1778488949097,-0.0043087772,0.005588112400000001,9.820199999992056e-05,2
8,1778488949101,-0.0035482771999999995,0.0065124124000000005,-0.0008494979999999642,2
9,1778488949105,-0.0035482771999999995,0.0065124124000000005,-0.0008494979999999642,2
10,1778488949109,-0.0032635771999999993,0.007842312399999999,-0.0005062979999999762,2
11,1778488949112,-0.0032635771999999993,0.007842312399999999,-0.0005062979999999762,2
12,1778488949116,-0.0028657772,0.0084468124,-6.94980000000723e-05,2
13,1778488949120,-0.0028657772,0.0084468124,-6.94980000000723e-05,2
14,1778488949124,-0.0036535771999999995,0.0071832124,-0.0004516980000000715,2
15,1778488949128,-0.0036535771999999995,0.0071832124,-0.0004516980000000715,2
16,1778488949132,-0.0044647772,0.0062745124,0.0008899019999998713,2
17,1778488949136,-0.0044647772,0.0062745124,0.0008899019999998713,2
18,1778488949140,-0.0056113772,0.005365812400000001,0.00017230199999988642,2
19,1778488949143,-0.0056113772,0.005365812400000001,0.00017230199999988642,2
20,1778488949147,-0.0060403772,0.0061419123999999995,0.0010576020000000862,2
21,1778488949151,-0.0060403772,0.0061419123999999995,0.0010576020000000862,2
22,1778488949155,-0.0054397772,0.0073665124000000005,0.0005545019999998856,2
23,1778488949159,-0.0054397772,0.0073665124000000005,0.0005545019999998856,2
24,1778488949162,-0.0048430771999999995,0.0085209124,0.0009172020000000457,2
25,1778488949166,-0.0048430771999999995,0.0085209124,0.0009172020000000457,2
26,1778488949171,-0.0048430771999999995,0.007873512400000001,0.00016840200000005183,2
27,1778488949175,-0.0040903772,0.007873512400000001,0.00016840200000005183,2
28,1778488949180,-0.0039421772,0.007163712400000001,0.0001957020000000042,2
29,1778488949184,-0.0039421772,0.007163712400000001,0.0001957020000000042,2
30,1778488949188,-0.0040708772,0.0055647124,-0.000716898000000037,2
31,1778488949192,-0.0040708772,0.0055647124,-0.000716898000000037,2
32,1778488949195,-0.0044881771999999995,0.005677812400000001,9.430200000008597e-05,2
33,1778488949199,-0.0044881771999999995,0.005677812400000001,9.430200000008597e-05,2
34,1778488949203,-0.0040786772,0.0065631123999999996,-0.0005842979999999987,2
35,1778488949207,-0.0040786772,0.0065631123999999996,-0.0005842979999999987,2
36,1778488949211,-0.0039772772,0.0076005124,0.0006832019999999783,2
37,1778488949214,-0.0039772772,0.0076005124,0.0006832019999999783,2
38,1778488949218,-0.0032323772,0.0085209124,0.0007222019999998785,2
39,1778488949222,-0.0032323772,0.0085209124,0.0007222019999998785,2
40,1778488949226,-0.0032323772,0.0072924124,0.0001177019999999817,2
41,1778488949230,-0.0034195771999999997,0.0072924124,0.0001177019999999817,2
42,1778488949233,-0.0034195771999999997,0.0072924124,0.001081001999999982,2
43,1778488949237,-0.0036028771999999996,0.0064812124,0.001081001999999982,2
44,1778488949241,-0.0036028771999999996,0.0064812124,0.001081001999999982,2
45,1778488949245,-0.004195677199999999,0.0053541123999999995,0.0002113020000000087,2
46,1778488949249,-0.004195677199999999,0.0053541123999999995,0.0002113020000000087,2
47,1778488949252,-0.0052876772,0.0058377124,0.0008392020000000232,2
48,1778488949256,-0.0052876772,0.0058377124,0.0008392020000000232,2
49,1778488949260,-0.005326677199999999,0.0071403123999999995,0.00017230199999988642,2
50,1778488949264,-0.005326677199999999,0.0071403123999999995,0.00017230199999988642,2
51,1778488949267,-0.0053305772,0.008524812400000002,0.0006715020000000304,2
52,1778488949272,-0.0053305772,0.008524812400000002,0.0006715020000000304,2
53,1778488949276,-0.0046792772,0.0080256124,-0.0005140979999999785,2
54,1778488949280,-0.0046792772,0.0080256124,-0.0005140979999999785,2
55,1778488949285,-0.0043321772,0.007674612399999999,0.001049801999999973,2
56,1778488949288,-0.0043321772,0.007674612399999999,0.001049801999999973,2
57,1778488949292,-0.004039677199999999,0.0061419123999999995,-0.0001942980000001083,2
58,1778488949296,-0.004039677199999999,0.0061419123999999995,-0.0001942980000001083,2
59,1778488949300,-0.0042424772,0.005611512400000001,0.0008899019999998713,2
60,1778488949304,-0.0042424772,0.005611512400000001,0.0008899019999998713,2
61,1778488949308,-0.0039382772,0.0062628124,0.0006169019999999036,2
62,1778488949311,-0.0039382772,0.0062628124,0.0006169019999999036,2
63,1778488949315,-0.0040981772,0.007054512400000001,0.0004453020000000762,2
64,1778488949319,-0.0040981772,0.007054512400000001,0.0004453020000000762,2
65,1778488949323,-0.0039460772,0.007768212400000002,0.0009406019999999415,2
66,1778488949326,-0.0039460772,0.007768212400000002,0.0009406019999999415,2
67,1778488949330,-0.0039772772,0.007187112400000001,0.0004999019999999809,2
68,1778488949334,-0.0039772772,0.007187112400000001,0.0004999019999999809,2
69,1778488949338,-0.0039772772,0.006489012400000001,0.0008899019999998713,2
70,1778488949342,-0.0037627771999999998,0.006489012400000001,0.0008899019999998713,2
71,1778488949345,-0.0037627771999999998,0.006489012400000001,-3.0497999999950023e-05,2
72,1778488949349,-0.0039694772,0.0054399124,-3.0497999999950023e-05,2
73,1778488949353,-0.0039694772,0.0054399124,-3.0497999999950023e-05,2
74,1778488949357,-0.0042112772,0.006087312400000001,0.00041800199999990177,2
75,1778488949360,-0.0042112772,0.006087312400000001,0.00041800199999990177,2
76,1778488949364,-0.0044998772,0.0067620124,-0.000436098000000067,2
77,1778488949368,-0.0044998772,0.0067620124,-0.000436098000000067,2
78,1778488949373,-0.0050302772,0.0084000124,0.0008665019999999756,2
79,1778488949377,-0.0050302772,0.0084000124,0.0008665019999999756,2
80,1778488949381,-0.0048976772,0.008271312400000001,-0.00045949799999996273,2
81,1778488949385,-0.0048976772,0.008271312400000001,-0.00045949799999996273,2
82,1778488949389,-0.0052135772,0.0077487124,0.0011239019999999388,2
83,1778488949392,-0.0052135772,0.0077487124,0.0011239019999999388,2
84,1778488949396,-0.0048664772,0.006223812400000001,-0.00031909800000003326,2
85,1778488949400,-0.0048664772,0.006223812400000001,-0.00031909800000003326,2
86,1778488949404,-0.0045466772,0.0055296124,0.0008743020000000889,2
87,1778488949408,-0.0045466772,0.0055296124,0.0008743020000000889,2
88,1778488949412,-0.004008477199999999,0.006243312400000001,0.0007807020000000619,2
89,1778488949415,-0.004008477199999999,0.006243312400000001,0.0007807020000000619,2
90,1778488949419,-0.0039343772,0.007042812400000001,0.0003400019999998793,2
91,1778488949423,-0.0039343772,0.007042812400000001,0.0003400019999998793,2
92,1778488949427,-0.0036379771999999998,0.0078969124,0.0003712019999998883,2
93,1778488949430,-0.0036379771999999998,0.0078969124,0.0003712019999998883,2
94,1778488949434,-0.0037237772,0.0076122124,-0.0002644980000000175,2
95,1778488949438,-0.0037237772,0.0076122124,-0.0002644980000000175,2
96,1778488949442,-0.0037237772,0.0066255124,0.00046480199999991527,2
97,1778488949445,-0.0040864772,0.0066255124,0.00046480199999991527,2
98,1778488949449,-0.0040864772,0.0066255124,-0.0001474980000000948,2
99,1778488949453,-0.0042775771999999995,0.0054945124,-0.0001474980000000948,2
100,1778488949457,-0.0042775771999999995,0.0054945124,-0.0001474980000000948,2
101,1778488949461,-0.0045466772,0.0059937124,0.0012838020000000405,2
102,1778488949467,-0.004550577199999999,0.0063135124,-0.000810498000000064,2
103,1778488949470,-0.004550577199999999,0.0063135124,-0.000810498000000064,2
104,1778488949475,-0.004484277199999999,0.0082674124,0.001268202000000036,2
105,1778488949479,-0.004484277199999999,0.0082674124,0.001268202000000036,2
106,1778488949482,-0.0045154772,0.008166012399999999,-0.0007948980000000595,2
107,1778488949486,-0.0045154772,0.008166012399999999,-0.0007948980000000595,2
108,1778488949490,-0.0049639772,0.0078930124,0.0011785020000000656,2
109,1778488949494,-0.0049639772,0.0078930124,0.0011785020000000656,2
110,1778488949498,-0.0049639772,0.0063915124,0.0001957020000000042,2
111,1778488949502,-0.0048079772,0.0063915124,0.0001957020000000042,2
112,1778488949506,-0.0048079772,0.005467212400000001,0.0007456019999999963,2
113,1778488949509,-0.0052330772,0.005467212400000001,0.0007456019999999963,2
114,1778488949513,-0.0052330772,0.005467212400000001,0.00036340199999999705,2
115,1778488949517,-0.004628577199999999,0.0057402124,0.00036340199999999705,2
116,1778488949521,-0.004628577199999999,0.0057402124,0.0004843019999999764,2
117,1778488949526,-0.004219077199999999,0.0067581124,0.0004843019999999764,2
118,1778488949534,-0.0036457772,0.008021712399999999,0.0004765020000000852,2
119,1778488949539,-0.0035482771999999995,0.0079554124,-0.00015139799999992938,2
120,1778488949543,-0.0035482771999999995,0.0079554124,-0.00015139799999992938,2
121,1778488949547,-0.0038719771999999996,0.007163712400000001,0.0007534019999998875,2
122,1778488949550,-0.0038719771999999996,0.007163712400000001,0.0007534019999998875,2
123,1778488949554,-0.0042034772,0.0057831124,-0.000685698000000028,2
124,1778488949558,-0.0042034772,0.0057831124,-0.000685698000000028,2
0,1778488949643,-0.0037081771999999996,0.0080412124,-0.0007129979999999803,2
1,1778488949658,-0.0037081771999999996,0.0080412124,-0.0007129979999999803,2
2,1778488949757,-0.0037978771999999995,0.007854012399999999,0.0013033019999998795,2
3,1778488949762,-0.0037978771999999995,0.007854012399999999,-0.0005062979999999762,2
4,1778488949765,-0.0038095772,0.0062628124,-0.0005062979999999762,2
5,1778488949769,-0.0038095772,0.0062628124,0.0010732020000000907,2
6,1778488949773,-0.0039382772,0.0056154124,0.0010732020000000907,2
7,1778488949777,-0.0039382772,0.0056154124,0.0010732020000000907,2
8,1778488949781,-0.0040669771999999995,0.0055374124,-0.00014359800000003815,2
9,1778488949786,-0.0040669771999999995,0.0055374124,0.0011980019999999047,2
10,1778488949790,-0.0044881771999999995,0.0067620124,0.0011980019999999047,2
11,1778488949794,-0.0044881771999999995,0.007974912399999999,0.00011380199999992506,2
12,1778488949798,-0.0042814772,0.007974912399999999,0.00011380199999992506,2
13,1778488949802,-0.0043984772,0.0079554124,0.0008236020000000187,2
14,1778488949807,-0.0043984772,0.0079554124,0.0008236020000000187,2
15,1778488949811,-0.0043126772,0.0073392124,-5.779800000012443e-05,2
16,1778488949815,-0.0043126772,0.0073392124,-5.779800000012443e-05,2
17,1778488949819,-0.004394577199999999,0.0060171124,0.0005233019999998766,2
18,1778488949823,-0.004394577199999999,0.0060171124,0.0005233019999998766,2
19,1778488949827,-0.0045193772,0.006255012400000001,0.00015670199999988192,2
20,1778488949832,-0.0045193772,0.006255012400000001,0.00015670199999988192,2
21,1778488949836,-0.004827477199999999,0.0061965124,-0.00020209799999999951,2
22,1778488949840,-0.004827477199999999,0.0061965124,-0.00020209799999999951,2
23,1778488949844,-0.0045271771999999995,0.007900812400000002,0.0009055019999998758,2
24,1778488949848,-0.0045271771999999995,0.007900812400000002,0.0009055019999998758,2
25,1778488949852,-0.0044920772,0.007464012400000001,-0.0007519979999999916,2
26,1778488949857,-0.0044920772,0.007464012400000001,-0.0007519979999999916,2
27,1778488949861,-0.0041371772,0.007924212400000002,0.0010849020000000386,2
28,1778488949865,-0.0041371772,0.007924212400000002,0.0010849020000000386,2
29,1778488949869,-0.004183977199999999,0.0063798124000000005,-0.000404898000000058,2
30,1778488949873,-0.004183977199999999,0.0063798124000000005,-0.000404898000000058,2
31,1778488949877,-0.0042112772,0.0058377124,0.001330602000000054,2
32,1778488949881,-0.0042112772,0.0058377124,7.09019999999682e-05,2
33,1778488949886,-0.0041215772,0.0058182124,7.09019999999682e-05,2
34,1778488949890,-0.0041215772,0.0068127124,0.0008899019999998713,2
35,1778488949894,-0.004152777199999999,0.0068127124,0.0008899019999998713,2
36,1778488949898,-0.0041878772,0.0077253124,-0.00038539799999999687,2
37,1778488949903,-0.0041878772,0.0077253124,-0.00038539799999999687,2
38,1778488949907,-0.004250277199999999,0.008033412399999999,0.0006286020000000735,2
39,1778488949911,-0.004250277199999999,0.008033412399999999,0.0006286020000000735,2
40,1778488949915,-0.0044101772,0.0075498124,8.501999999950202e-06,2
41,1778488949919,-0.0044101772,0.0075498124,8.501999999950202e-06,2
42,1778488949924,-0.0045310772,0.0063525123999999995,0.00034780199999999255,2
43,1778488949928,-0.0045310772,0.0063525123999999995,0.00034780199999999255,2
44,1778488949932,-0.0043750772,0.0064812124,0.00010990200000009047,2
45,1778488949936,-0.0043750772,0.0064812124,0.00010990200000009047,2
46,1778488949940,-0.0043750772,0.0058494124,-0.0001942980000001083,2
47,1778488949944,-0.0043750772,0.0058494124,-0.0001942980000001083,2
48,1778488949949,-0.0043048771999999996,0.0077838123999999995,0.0011551019999999478,2
49,1778488949953,-0.0043048771999999996,0.0077838123999999995,0.0011551019999999478,2
50,1778488949957,-0.004429677199999999,0.007265112400000001,-0.0007441979999999893,2
51,1778488949961,-0.004429677199999999,0.007265112400000001,0.001318901999999884,2
52,1778488949965,-0.004394577199999999,0.007885212400000001,0.001318901999999884,2
53,1778488949970,-0.004394577199999999,0.007885212400000001,-0.0002332980000000085,2
54,1778488949974,-0.0043906772,0.0065631123999999996,-0.0002332980000000085,2
55,1778488949978,-0.0043906772,0.006188712400000001,0.0014047020000000198,2
56,1778488949982,-0.0044257772,0.006188712400000001,0.0014047020000000198,2
57,1778488949986,-0.0040435772,0.005568612400000001,-2.6598000000115432e-05,2
58,1778488949991,-0.0040435772,0.005568612400000001,-2.6598000000115432e-05,2
59,1778488949995,-0.0038485772,0.0069180123999999996,0.0013462020000000584,2
60,1778488949999,-0.0038485772,0.0069180123999999996,0.0013462020000000584,2
61,1778488950003,-0.0037315772,0.0075732123999999994,-0.0006076980000000055,2
62,1778488950007,-0.0037315772,0.0075732123999999994,-0.0006076980000000055,2
63,1778488950012,-0.0038641771999999995,0.0078579124,0.0005272019999999333,2
64,1778488950016,-0.0038641771999999995,0.0078579124,0.0005272019999999333,2
65,1778488950020,-0.004250277199999999,0.007721412399999999,-0.000248898000000013,2
66,1778488950024,-0.004250277199999999,0.007721412399999999,-0.000248898000000013,2
67,1778488950028,-0.0047260772,0.0060171124,-0.00020599800000005615,2
68,1778488950032,-0.0047260772,0.0060171124,-0.00020599800000005615,2
69,1778488950036,-0.004995177199999999,0.006110712400000001,0.0006286020000000735,2
70,1778488950041,-0.004995177199999999,0.006110712400000001,0.0006286020000000735,2
71,1778488950045,-0.0047806772,0.0058182124,8.65019999999727e-05,2
72,1778488950049,-0.0047806772,0.0058182124,8.65019999999727e-05,2
73,1778488950053,-0.004683177199999999,0.007530312400000001,0.0014593019999999245,2
74,1778488950057,-0.004683177199999999,0.007530312400000001,0.0005077019999998721,2
75,1778488950062,-0.0042034772,0.0076161124,0.0005077019999998721,2
76,1778488950066,-0.0042034772,0.008286912399999999,0.0014398020000000854,2
77,1778488950070,-0.0040435772,0.008286912399999999,0.0014398020000000854,2
78,1778488950074,-0.0040435772,0.006609912400000001,-0.00013579799999992488,2
79,1778488950078,-0.004429677199999999,0.006609912400000001,-0.00013579799999992488,2
80,1778488950082,-0.0043750772,0.006297912400000001,0.0008080020000000143,2
81,1778488950087,-0.0043750772,0.006297912400000001,0.0008080020000000143,2
82,1778488950091,-0.0044257772,0.0053970124,-0.0012628979999999724,2
83,1778488950095,-0.0044257772,0.0053970124,-0.0012628979999999724,2
84,1778488950099,-0.004339977199999999,0.006333012400000001,0.00043360199999990627,2
85,1778488950103,-0.004339977199999999,0.006333012400000001,0.00043360199999990627,2
86,1778488950107,-0.0041644772,0.0073665124000000005,-0.0005218979999999807,2
87,1778488950111,-0.0041644772,0.0073665124000000005,-0.0005218979999999807,2
88,1778488950116,-0.003985077199999999,0.007838412400000001,0.0008821019999999801,2
89,1778488950120,-0.003985077199999999,0.007838412400000001,0.0008821019999999801,2
90,1778488950124,-0.0037705772,0.007994412400000001,3.97019999999592e-05,2
91,1778488950128,-0.0037705772,0.007994412400000001,3.97019999999592e-05,2
92,1778488950132,-0.0042541772,0.0063915124,0.00034780199999999255,2
93,1778488950136,-0.0042541772,0.0063915124,0.00034780199999999255,2
94,1778488950141,-0.004628577199999999,0.0061146124,0.001069302000000034,2
95,1778488950145,-0.004628577199999999,0.0061146124,0.001069302000000034,2
96,1778488950149,-0.004928877199999999,0.0055413124,0.0003205020000000402,2
97,1778488950153,-0.004928877199999999,0.0055413124,0.0003205020000000402,2
98,1778488950157,-0.004995177199999999,0.0069843124,0.001174602000000009,2
99,1778488950161,-0.004995177199999999,0.0069843124,0.00030100199999997905,2
100,1778488950166,-0.0047884772,0.007397712400000001,0.00030100199999997905,2
101,1778488950170,-0.0047884772,0.0080607124,0.0007222019999998785,2
102,1778488950174,-0.004417977199999999,0.0080607124,0.0007222019999998785,2
103,1778488950178,-0.0039265772,0.0074913124,-0.0005374979999999852,2
104,1778488950182,-0.0039265772,0.0074913124,-0.0005374979999999852,2
105,1778488950186,-0.0039499771999999995,0.006964812400000001,0.0004843019999999764,2
106,1778488950190,-0.0039499771999999995,0.006964812400000001,0.0004843019999999764,2
107,1778488950195,-0.0042892772,0.0055608124,-0.0007090980000000347,2
108,1778488950199,-0.0042892772,0.0055608124,-0.0007090980000000347,2
109,1778488950203,-0.0043789772,0.0062628124,0.0006832019999999783,2
110,1778488950207,-0.0043789772,0.0062628124,0.0006832019999999783,2
111,1778488950211,-0.004285377199999999,0.0068712124,-0.00016699799999993388,2
112,1778488950215,-0.004285377199999999,0.0068712124,-0.00016699799999993388,2
113,1778488950220,-0.0038017771999999997,0.0075381124,0.00041800199999990177,2
114,1778488950224,-0.0038017771999999997,0.0075381124,0.00041800199999990177,2
115,1778488950228,-0.0038134771999999996,0.0079515124,0.0009172020000000457,2
116,1778488950232,-0.0038134771999999996,0.0079515124,0.0009172020000000457,2
117,1778488950236,-0.0038641771999999995,0.0068049124,0.0005740019999999468,2
118,1778488950241,-0.0038641771999999995,0.0068049124,0.0005740019999999468,2
119,1778488950245,-0.0039421772,0.0063408124,0.0003205020000000402,2
120,1778488950249,-0.0039421772,0.0063408124,0.0003205020000000402,2
121,1778488950253,-0.0042268772,0.005798712400000001,0.0004765020000000852,2
122,1778488950257,-0.0042268772,0.005798712400000001,0.0002425020000000177,2
123,1778488950261,-0.004628577199999999,0.006586512400000001,0.0002425020000000177,2
124,1778488950265,-0.004628577199999999,0.006586512400000001,0.0001333019999999862,2
0,1778488950339,-0.0042814772,0.0058377124,0.0007027020000000394,2
1,1778488950358,-0.0040786772,0.007175412400000001,0.0003127019999999269,2
2,1778488950452,-0.0042268772,0.0058143124000000004,0.00041020200000001054,2
3,1778488950457,-0.0044101772,0.0065592124,0.0003751019999999449,2
4,1778488950461,-0.0042814772,0.0059040124,0.0003751019999999449,2
5,1778488950465,-0.0042814772,0.0059040124,0.0003751019999999449,2
6,1778488950468,-0.004207377199999999,0.0064383124,0.0005662020000000555,2
7,1778488950472,-0.004207377199999999,0.0064383124,0.0005662020000000555,2
8,1778488950476,-0.0042034772,0.0069375124,0.00036340199999999705,2
9,1778488950480,-0.0042034772,0.0069375124,0.00036340199999999705,2
10,1778488950484,-0.004472577199999999,0.007791612400000002,0.0003127019999999269,2
11,1778488950488,-0.004472577199999999,0.007791612400000002,0.0003127019999999269,2
12,1778488950491,-0.0045310772,0.007865712399999999,0.0004297020000000717,2
13,1778488950495,-0.0045310772,0.007865712399999999,0.0004297020000000717,2
14,1778488950499,-0.0048001772,0.0069297123999999995,0.00036340199999999705,2
15,1778488950503,-0.0048001772,0.0069297123999999995,0.00036340199999999705,2
16,1778488950507,-0.0046207772,0.0064500124,0.0005935020000000079,2
17,1778488950511,-0.0046207772,0.0064500124,0.0005935020000000079,2
18,1778488950514,-0.0045700772,0.005724612400000001,2.8002000000011337e-05,2
19,1778488950518,-0.0045700772,0.005724612400000001,2.8002000000011337e-05,2
20,1778488950523,-0.0042541772,0.0063018124000000005,0.0004765020000000852,2
21,1778488950527,-0.0042541772,0.0063018124000000005,0.0004765020000000852,2
22,1778488950531,-0.0038017771999999997,0.007354812400000001,-7.098000000054297e-06,2
23,1778488950534,-0.0038017771999999997,0.007354812400000001,-7.098000000054297e-06,2
24,1778488950538,-0.0039265772,0.0079281124,-4.219800000011993e-05,2
25,1778488950542,-0.0039265772,0.0079281124,-4.219800000011993e-05,2
26,1778488950546,-0.0038953772,0.007768212400000002,0.0004375019999999629,2
27,1778488950550,-0.0038953772,0.007768212400000002,0.0004375019999999629,2
28,1778488950554,-0.0040825772,0.006933612400000001,6.310200000007697e-05,2
29,1778488950561,-0.0040825772,0.006933612400000001,6.310200000007697e-05,2
30,1778488950569,-0.004339977199999999,0.005521812400000001,-3.439800000000666e-05,2
31,1778488950573,-0.0045154772,0.0060951124,0.0006598020000000825,2
32,1778488950577,-0.0045154772,0.0060951124,0.0004687019999999719,2
33,1778488950581,-0.0043750772,0.0066255124,0.0004687019999999719,2
34,1778488950585,-0.0043750772,0.0074133124,0.00047260200000002854,2
35,1778488950590,-0.004507677199999999,0.0074133124,0.00047260200000002854,2
36,1778488950594,-0.004507677199999999,0.008396112399999999,0.0009055019999998758,2
37,1778488950598,-0.0042658772,0.008396112399999999,0.0009055019999998758,2
38,1778488950602,-0.0044374772,0.0072924124,0.00014500199999993406,2
39,1778488950607,-0.0044374772,0.0072924124,0.00014500199999993406,2
40,1778488950611,-0.004550577199999999,0.0067464124,0.0005701019999998901,2
41,1778488950615,-0.004550577199999999,0.0067464124,0.0005701019999998901,2
42,1778488950619,-0.004550577199999999,0.0059625124,-0.0005959980000000576,2
43,1778488950623,-0.004550577199999999,0.0059625124,-0.0005959980000000576,2
44,1778488950628,-0.0044530772,0.0061926124,0.0004141020000000672,2
45,1778488950632,-0.0044530772,0.0061926124,0.0004141020000000672,2
46,1778488950636,-0.004250277199999999,0.006832212400000001,0.0006676019999999738,2
47,1778488950640,-0.004250277199999999,0.006832212400000001,0.0006676019999999738,2
48,1778488950644,-0.0042424772,0.007631712400000001,0.0009718019999999505,2
49,1778488950649,-0.0042424772,0.007631712400000001,0.0009718019999999505,2
50,1778488950653,-0.0039148772,0.007729212400000001,0.0005077019999998721,2
51,1778488950657,-0.0039148772,0.007729212400000001,0.0001489019999999907,2
52,1778488950661,-0.0038914771999999996,0.007319712400000001,0.0001489019999999907,2
53,1778488950665,-0.0038914771999999996,0.0061575124000000005,-0.00035029800000004226,2
54,1778488950670,-0.0038251771999999996,0.0061575124000000005,-0.00035029800000004226,2
55,1778488950674,-0.004351677199999999,0.0057753124,-0.00028789799999991324,2
56,1778488950678,-0.004351677199999999,0.0057753124,-0.00028789799999991324,2
57,1778488950682,-0.0044140772,0.006422712400000001,-0.00019819799999994288,2
58,1778488950686,-0.0044140772,0.006422712400000001,-0.00019819799999994288,2
59,1778488950690,-0.0046909772,0.0069726124,-0.00016699799999993388,2
60,1778488950695,-0.0046909772,0.0069726124,-0.00016699799999993388,2
61,1778488950699,-0.0042541772,0.0082089124,0.0012214020000000225,2
62,1778488950703,-0.0042541772,0.0082089124,0.0012214020000000225,2
63,1778488950707,-0.004406277199999999,0.0077253124,0.00028540199999997455,2
64,1778488950711,-0.004406277199999999,0.0077253124,0.00028540199999997455,2
65,1778488950715,-0.0043243772,0.0069960123999999995,0.0010966019999999865,2
66,1778488950720,-0.0043243772,0.0069960123999999995,0.0010966019999999865,2
67,1778488950724,-0.0045193772,0.005701212400000001,0.00021520200000006533,2
68,1778488950728,-0.0045193772,0.005701212400000001,0.00021520200000006533,2
69,1778488950732,-0.0047338772,0.0059196124,0.000893801999999928,2
70,1778488950736,-0.0047338772,0.0059196124,0.000893801999999928,2
71,1778488950740,-0.0045817772,0.0064383124,0.0006910020000000915,2
72,1778488950745,-0.0045817772,0.0064383124,0.0006910020000000915,2
73,1778488950749,-0.0044569772,0.007982712400000001,0.0012292019999999137,2
74,1778488950753,-0.0044569772,0.007982712400000001,-4.219800000011993e-05,2
75,1778488950757,-0.0043087772,0.007787712400000001,-4.219800000011993e-05,2
76,1778488950761,-0.0043087772,0.007787712400000001,0.00034780199999999255,2
77,1778488950765,-0.0039499771999999995,0.0074718124,0.00034780199999999255,2
78,1778488950770,-0.0039499771999999995,0.006531912400000001,-1.879800000000216e-05,2
79,1778488950774,-0.0040591772,0.006531912400000001,-1.879800000000216e-05,2
80,1778488950778,-0.0042385771999999995,0.0053541123999999995,-0.00011239800000002916,2
81,1778488950782,-0.0042385771999999995,0.0053541123999999995,-0.00011239800000002916,2
82,1778488950786,-0.0042658772,0.0060249124000000005,0.00041800199999990177,2
83,1778488950791,-0.0042658772,0.0060249124000000005,0.00041800199999990177,2
84,1778488950795,-0.004628577199999999,0.0069921124,-0.00019819799999994288,2
85,1778488950799,-0.004628577199999999,0.0069921124,-0.00019819799999994288,2
86,1778488950803,-0.0044569772,0.0080841124,0.0005584019999999423,2
87,1778488950807,-0.0044569772,0.0080841124,0.0005584019999999423,2
88,1778488950811,-0.004406277199999999,0.007994412400000001,-0.00019039800000005165,2
89,1778488950815,-0.004406277199999999,0.007994412400000001,-0.00019039800000005165,2
90,1778488950819,-0.0042229772,0.0074952123999999995,0.0010264020000000772,2
91,1778488950823,-0.0042229772,0.0074952123999999995,0.0010264020000000772,2
92,1778488950827,-0.004406277199999999,0.006145812400000001,0.0002971019999999224,2
93,1778488950831,-0.004406277199999999,0.006145812400000001,0.0002971019999999224,2
94,1778488950835,-0.0044920772,0.005923512400000001,0.0011278019999999955,2
95,1778488950839,-0.0044920772,0.005923512400000001,0.0011278019999999955,2
96,1778488950844,-0.0046090772,0.0062160124,7.480200000002483e-05,2
97,1778488950848,-0.0046090772,0.0062160124,7.480200000002483e-05,2
98,1778488950852,-0.0044998772,0.007729212400000001,0.0006715020000000304,2
99,1778488950856,-0.0044998772,0.007729212400000001,0.0006715020000000304,2
100,1778488950860,-0.004363377199999999,0.007982712400000001,-0.00038539799999999687,2
101,1778488950864,-0.004363377199999999,0.007982712400000001,-0.00038539799999999687,2
102,1778488950869,-0.0043321772,0.0079281124,0.0002581020000000222,2
103,1778488950873,-0.0043321772,0.0079281124,0.00019180199999994756,2
104,1778488950877,-0.0041683772,0.006988212400000001,0.00019180199999994756,2
105,1778488950881,-0.0041683772,0.006988212400000001,0.00014500199999993406,2
106,1778488950887,-0.0042424772,0.0057831124,0.00014500199999993406,2
107,1778488950893,-0.0040591772,0.0060600124,0.0007183020000000439,2
108,1778488950897,-0.0040591772,0.0066918124,0.0004960019999999243,2
109,1778488950901,-0.0042931772,0.0066918124,0.0004960019999999243,2
110,1778488950905,-0.0042931772,0.0066918124,0.0002581020000000222,2
111,1778488950909,-0.0044413772,0.0075030124,0.0002581020000000222,2
112,1778488950916,-0.0044413772,0.007752612400000001,0.0003127019999999269,2
113,1778488950920,-0.004495977199999999,0.007752612400000001,0.0003127019999999269,2
114,1778488950925,-0.004538877199999999,0.0071598124,0.0007846019999998965,2
115,1778488950929,-0.004538877199999999,0.0071598124,0.00012550199999987292,2
116,1778488950933,-0.0045544771999999996,0.006200412400000001,0.00012550199999987292,2
117,1778488950937,-0.0045544771999999996,0.0059274124,0.0007534019999998875,2
118,1778488950941,-0.0045232772,0.0059274124,0.0007534019999998875,2
119,1778488950946,-0.0045232772,0.006134112400000001,-0.0003931979999999991,2
120,1778488950950,-0.0043555772,0.006134112400000001,-0.0003931979999999991,2
121,1778488950954,-0.0042775771999999995,0.0073392124,0.000613002000000069,2
122,1778488950958,-0.0042775771999999995,0.0073392124,0.000613002000000069,2
123,1778488950962,-0.0043048771999999996,0.008173812400000001,-0.0001474980000000948,2
124,1778488950966,-0.0043048771999999996,0.008173812400000001,-0.0001474980000000948,2
0,1778488951128,-0.003996777199999999,0.007584912400000001,0.00036340199999999705,2
1,1778488951141,-0.0038680771999999998,0.0076785124,0.0009796020000000637,2
2,1778488951146,-0.0039538772,0.005989812400000001,0.0007846019999998965,2
3,1778488951192,-0.0044257772,0.005989812400000001,0.0007846019999998965,2
4,1778488951198,-0.0042814772,0.006333012400000001,0.00026980199999997005,2
5,1778488951202,-0.004394577199999999,0.005989812400000001,0.00022300199999995655,2
6,1778488951207,-0.004394577199999999,0.005989812400000001,0.00022300199999995655,2
7,1778488951210,-0.004905477199999999,0.005876712400000001,-0.00013579799999992488,2
8,1778488951214,-0.004905477199999999,0.005876712400000001,-0.00013579799999992488,2
9,1778488951219,-0.0044257772,0.0074016124,0.00013720200000004283,2
10,1778488951223,-0.0044257772,0.0074016124,0.00013720200000004283,2
11,1778488951227,-0.0045115772,0.007643412400000001,-0.00036589800000004676,2
12,1778488951231,-0.0045115772,0.007643412400000001,-0.00036589800000004676,2
13,1778488951235,-0.0041644772,0.0080880124,0.0008821019999999801,2
14,1778488951239,-0.0041644772,0.0080880124,0.0008821019999999801,2
15,1778488951243,-0.0038992771999999997,0.0073275124,-0.00015529799999998602,2
16,1778488951247,-0.0038992771999999997,0.0073275124,-0.00015529799999998602,2
17,1778488951252,-0.0042112772,0.0059586124,0.0008821019999999801,2
18,1778488951256,-0.0042112772,0.0059586124,0.0008821019999999801,2
19,1778488951260,-0.004351677199999999,0.006021012400000001,0.0003088020000000923,2
20,1778488951264,-0.004351677199999999,0.006021012400000001,0.0003088020000000923,2
21,1778488951268,-0.004983477199999999,0.0059508124,0.0009406019999999415,2
22,1778488951272,-0.004983477199999999,0.0059508124,0.0009406019999999415,2
23,1778488951277,-0.0046792772,0.0074133124,0.0002503019999999089,2
24,1778488951281,-0.0046792772,0.0074133124,0.0007261019999999351,2
25,1778488951285,-0.004796277199999999,0.007764312400000001,0.0007261019999999351,2
26,1778488951290,-0.0041995771999999995,0.0077838123999999995,0.0004960019999999243,2
27,1778488951294,-0.0041995771999999995,0.0077838123999999995,0.0004960019999999243,2
28,1778488951298,-0.0042034772,0.0064929124,0.0003244019999998748,2
29,1778488951302,-0.0042034772,0.0064929124,0.0003244019999998748,2
30,1778488951306,-0.0040474772,0.0062862123999999995,0.0004063019999999539,2
31,1778488951310,-0.0040474772,0.0062862123999999995,0.0004063019999999539,2
32,1778488951314,-0.0044608771999999994,0.005833812400000001,-0.000436098000000067,2
33,1778488951319,-0.0044608771999999994,0.005833812400000001,-0.000436098000000067,2
34,1778488951323,-0.004683177199999999,0.007031112400000001,0.0006559020000000259,2
35,1778488951327,-0.004683177199999999,0.007031112400000001,0.0006559020000000259,2
36,1778488951331,-0.0044881771999999995,0.007331412400000001,-0.0007909980000000028,2
37,1778488951335,-0.0044881771999999995,0.007331412400000001,-0.0007909980000000028,2
38,1778488951339,-0.0044101772,0.0081075124,0.0010888019999998732,2
39,1778488951343,-0.0044101772,0.0081075124,0.0010888019999998732,2
40,1778488951348,-0.0039499771999999995,0.007210512400000001,-2.6598000000115432e-05,2
41,1778488951352,-0.0039499771999999995,0.007210512400000001,-2.6598000000115432e-05,2
42,1778488951356,-0.0039694772,0.006356412400000001,0.0009055019999998758,2
43,1778488951360,-0.0039694772,0.006356412400000001,0.0009055019999998758,2
44,1778488951364,-0.003996777199999999,0.005798712400000001,0.0004687019999999719,2
45,1778488951368,-0.003996777199999999,0.005798712400000001,0.0004687019999999719,2
46,1778488951373,-0.0044101772,0.006122412400000001,0.0006949019999999261,2
47,1778488951377,-0.0044101772,0.006122412400000001,0.00021910199999989992,2
48,1778488951381,-0.0043672772,0.0071598124,0.00021910199999989992,2
49,1778488951385,-0.0043672772,0.007623912400000002,0.0007300019999999918,2
50,1778488951389,-0.0046597771999999996,0.007623912400000002,0.0007300019999999918,2
51,1778488951393,-0.004562277199999999,0.0081972124,-0.00028789799999991324,2
52,1778488951397,-0.004562277199999999,0.0081972124,-0.00028789799999991324,2
53,1778488951402,-0.0045583772,0.0067152124,-0.0004204980000000625,2
54,1778488951406,-0.0045583772,0.0067152124,-0.0004204980000000625,2
55,1778488951410,-0.0042229772,0.0066684124000000004,0.0005974020000000645,2
56,1778488951414,-0.0042229772,0.0066684124000000004,0.0005974020000000645,2
57,1778488951418,-0.004472577199999999,0.005568612400000001,-3.439800000000666e-05,2
58,1778488951422,-0.004472577199999999,0.005568612400000001,-3.439800000000666e-05,2
59,1778488951427,-0.0042580772,0.0069492124,0.001393002000000072,2
60,1778488951431,-0.0042580772,0.0069492124,0.001393002000000072,2
61,1778488951435,-0.0042034772,0.0071793124,1.6302000000063474e-05,2
62,1778488951439,-0.0042034772,0.0071793124,1.6302000000063474e-05,2
63,1778488951443,-0.004363377199999999,0.0079437124,0.0012409020000000836,2
64,1778488951447,-0.004363377199999999,0.0079437124,0.0012409020000000836,2
65,1778488951451,-0.0041995771999999995,0.0072612124,-0.00029959800000008315,2
66,1778488951456,-0.0041995771999999995,0.0072612124,-0.00029959800000008315,2
67,1778488951460,-0.0043828771999999995,0.006364212400000001,0.0009952020000000682,2
68,1778488951464,-0.0043828771999999995,0.006364212400000001,0.0009952020000000682,2
69,1778488951468,-0.0039616771999999995,0.0058806124000000005,2.0201999999898065e-05,2
70,1778488951472,-0.0039616771999999995,0.0058806124000000005,2.0201999999898065e-05,2
71,1778488951476,-0.004141077199999999,0.0059976123999999995,0.000519402000000042,2
72,1778488951481,-0.004141077199999999,0.0059976123999999995,-0.0002644980000000175,2
73,1778488951485,-0.0040045772,0.0073158124,-0.0002644980000000175,2
74,1778488951489,-0.0040045772,0.0078111124,0.0003244019999998748,2
75,1778488951493,-0.0042892772,0.0078111124,0.0003244019999998748,2
76,1778488951497,-0.0042892772,0.008130912399999999,-3.0497999999950023e-05,2
77,1778488951502,-0.004351677199999999,0.008130912399999999,-3.0497999999950023e-05,2
78,1778488951506,-0.0046792772,0.0068595124,-0.00020599800000005615,2
79,1778488951510,-0.0046792772,0.0068595124,-0.00020599800000005615,2
80,1778488951514,-0.0046870772,0.006765912400000001,0.0009952020000000682,2
81,1778488951518,-0.0046870772,0.006765912400000001,0.0009952020000000682,2
82,1778488951522,-0.0045466772,0.0056973124,-0.0004711980000000216,2
83,1778488951526,-0.0045466772,0.0056973124,-0.0004711980000000216,2
84,1778488951530,-0.0044101772,0.006699612400000001,0.0010615019999999208,2
85,1778488951534,-0.0044101772,0.006699612400000001,0.0010615019999999208,2
86,1778488951538,-0.0041761772,0.0072612124,-2.2698000000058796e-05,2
87,1778488951553,-0.004183977199999999,0.007132512400000001,0.00012160200000003833,2
88,1778488951556,-0.004183977199999999,0.007132512400000001,0.00012160200000003833,2
89,1778488951559,-0.004183977199999999,0.007132512400000001,0.00012160200000003833,2
90,1778488951562,-0.0041683772,0.006500712400000001,0.0010576020000000862,2
91,1778488951565,-0.0041683772,0.006500712400000001,0.0010576020000000862,2
92,1778488951567,-0.0041683772,0.006500712400000001,0.0010576020000000862,2
93,1778488951570,-0.004152777199999999,0.005654412400000001,7.480200000002483e-05,2
94,1778488951573,-0.004152777199999999,0.005654412400000001,7.480200000002483e-05,2
95,1778488951576,-0.004152777199999999,0.005654412400000001,0.001143402,2
96,1778488951579,-0.0041254772,0.0056817124,0.001143402,2
97,1778488951582,-0.0041254772,0.0056817124,0.001143402,2
98,1778488951585,-0.0038095772,0.006964812400000001,-3.197999999997661e-06,2
99,1778488951587,-0.0038095772,0.006964812400000001,-3.197999999997661e-06,2
100,1778488951590,-0.0038095772,0.006964812400000001,-3.197999999997661e-06,2
101,1778488951593,-0.0038758772,0.0074952123999999995,0.00016060199999993856,2
102,1778488951595,-0.0038758772,0.0074952123999999995,0.00016060199999993856,2
103,1778488951598,-0.0038758772,0.0074952123999999995,0.00016060199999993856,2
104,1778488951601,-0.0038446771999999995,0.0083415124,0.00020740199999995206,2
105,1778488951604,-0.0038446771999999995,0.0083415124,0.00020740199999995206,2
106,1778488951606,-0.0038446771999999995,0.0083415124,0.00020740199999995206,2
107,1778488951609,-0.0042697772,0.0069297123999999995,-0.0004087980000000036,2
108,1778488951612,-0.0042697772,0.0069297123999999995,-0.0004087980000000036,2
109,1778488951615,-0.0042697772,0.0069297123999999995,-0.0004087980000000036,2
110,1778488951617,-0.004651977199999999,0.0066489124,0.0003673020000000537,2
111,1778488951620,-0.004651977199999999,0.0066489124,0.0003673020000000537,2
112,1778488951623,-0.004651977199999999,0.0066489124,0.0003673020000000537,2
113,1778488951626,-0.0051433772,0.0057363124000000005,-0.0003268980000000355,2
114,1778488951628,-0.0051433772,0.0057363124000000005,-0.0003268980000000355,2
115,1778488951631,-0.0051433772,0.0057363124000000005,-0.0003268980000000355,2
116,1778488951634,-0.0048196772,0.006730812400000001,0.0007729019999999486,2
117,1778488951636,-0.0048196772,0.006730812400000001,0.0007729019999999486,2
118,1778488951639,-0.0048196772,0.006730812400000001,0.0007729019999999486,2
119,1778488951642,-0.0045895772,0.0075030124,0.00023470199999990442,2
120,1778488951644,-0.0045895772,0.0075030124,0.00023470199999990442,2
121,1778488951647,-0.0045895772,0.0075030124,0.00023470199999990442,2
122,1778488951650,-0.0045154772,0.008259612400000001,0.0012760019999999272,2
123,1778488951653,-0.0045154772,0.008259612400000001,0.0012760019999999272,2
124,1778488951655,-0.0045154772,0.008259612400000001,0.0012760019999999272,2
0,1778488951688,-0.004297077199999999,0.0069570124,-3.0497999999950023e-05,2
1,1778488951742,-0.004297077199999999,0.0069570124,-3.0497999999950023e-05,2
2,1778488951746,-0.0050146772,0.0067698124,5.53019999999637e-05,2
3,1778488951749,-0.0050146772,0.0067698124,5.53019999999637e-05,2
4,1778488951753,-0.0050146772,0.0067698124,0.0006481019999999126,2
5,1778488951757,-0.0047338772,0.007803312400000002,0.0006481019999999126,2
6,1778488951761,-0.0047338772,0.007850112400000001,-0.0002956980000000265,2
7,1778488951765,-0.0044335772,0.007850112400000001,-0.0002956980000000265,2
8,1778488951769,-0.0040045772,0.007397712400000001,0.00047260200000002854,2
9,1778488951773,-0.0040045772,0.007397712400000001,0.00047260200000002854,2
10,1778488951778,-0.0039226771999999995,0.0068361124,-0.000498497999999974,2
11,1778488951782,-0.0039226771999999995,0.0068361124,-0.000498497999999974,2
12,1778488951786,-0.004183977199999999,0.005865012400000001,-0.00038539799999999687,2
13,1778488951790,-0.004183977199999999,0.005865012400000001,-0.00038539799999999687,2
14,1778488951794,-0.004417977199999999,0.006609912400000001,0.0002113020000000087,2
15,1778488951798,-0.004417977199999999,0.006609912400000001,0.0002113020000000087,2
16,1778488951802,-0.0044413772,0.006921912400000001,-0.00024109800000012178,2
17,1778488951807,-0.0044413772,0.006921912400000001,-0.00024109800000012178,2
18,1778488951811,-0.0043438771999999995,0.007686312399999999,0.00036340199999999705,2
19,1778488951815,-0.0043438771999999995,0.007686312399999999,0.00036340199999999705,2
20,1778488951819,-0.0041917772,0.0073587124,0.0006520019999999693,2
21,1778488951823,-0.0041917772,0.0073587124,0.0006520019999999693,2
22,1778488951827,-0.0041371772,0.006633312400000001,0.0009367019999998848,2
23,1778488951832,-0.0041371772,0.006633312400000001,0.0009367019999998848,2
24,1778488951836,-0.0040279771999999995,0.0058962124,0.0010420020000000817,2
25,1778488951840,-0.0040279771999999995,0.0058962124,0.0010420020000000817,2
26,1778488951844,-0.0041371772,0.006153612400000001,0.0009835019999998983,2
27,1778488951848,-0.0041371772,0.006153612400000001,0.0009835019999998983,2
28,1778488951852,-0.0044764772,0.006422712400000001,0.0004297020000000717,2
29,1778488951856,-0.0044764772,0.006422712400000001,0.0010147019999999073,2
30,1778488951860,-0.0045466772,0.007409412400000001,0.0010147019999999073,2
31,1778488951864,-0.0045466772,0.007409412400000001,0.0010147019999999073,2
32,1778488951868,-0.0044101772,0.0078345124,-0.00027229799999990874,2
33,1778488951872,-0.0044101772,0.0078345124,-0.00027229799999990874,2
34,1778488951876,-0.0043321772,0.0071130124,0.0003205020000000402,2
35,1778488951880,-0.0043321772,0.0071130124,9.820199999992056e-05,2
36,1778488951884,-0.0043906772,0.0069687124,9.820199999992056e-05,2
37,1778488951889,-0.0043906772,0.0069687124,0.00021520200000006533,2
38,1778488951893,-0.004195677199999999,0.0062862123999999995,0.00021520200000006533,2
39,1778488951897,-0.004195677199999999,0.0065163124,0.0006169019999999036,2
40,1778488951901,-0.004195677199999999,0.0065163124,0.0006169019999999036,2
41,1778488951905,-0.0041449772,0.007054512400000001,0.0002893020000000312,2
42,1778488951909,-0.0041449772,0.007054512400000001,0.0002893020000000312,2
43,1778488951914,-0.0043594772,0.007686312399999999,0.0008821019999999801,2
44,1778488951918,-0.0043594772,0.007686312399999999,0.0008821019999999801,2
45,1778488951922,-0.0045817772,0.007542012400000001,0.0006403020000000214,2
46,1778488951926,-0.0045817772,0.007542012400000001,0.0006403020000000214,2
47,1778488951930,-0.004550577199999999,0.007144212400000001,0.0003829020000000582,2
48,1778488951934,-0.004550577199999999,0.007144212400000001,0.0003829020000000582,2
49,1778488951938,-0.0042424772,0.0060834124,0.00010990200000009047,2
50,1778488951943,-0.0042424772,0.0060834124,0.00010990200000009047,2
51,1778488951947,-0.0040942771999999995,0.006110712400000001,0.00041800199999990177,2
52,1778488951951,-0.0040942771999999995,0.006110712400000001,0.00041800199999990177,2
53,1778488951955,-0.0042931772,0.0064383124,0.0001021019999999772,2
54,1778488951959,-0.0042931772,0.0064383124,0.0001021019999999772,2
55,1778488951963,-0.0042463772,0.007397712400000001,0.00023080200000006983,2
56,1778488951968,-0.0042463772,0.007397712400000001,0.00023080200000006983,2
57,1778488951972,-0.0042814772,0.0079905124,0.0002893020000000312,2
58,1778488951976,-0.0042814772,0.0079905124,0.0002893020000000312,2
59,1778488951980,-0.0044881771999999995,0.0074445124000000005,-0.00020599800000005615,2
60,1778488951984,-0.0044881771999999995,0.0074445124000000005,-0.00020599800000005615,2
61,1778488951988,-0.0047221772,0.0067620124,0.0002971019999999224,2
62,1778488951993,-0.0047221772,0.0067620124,-0.0001474980000000948,2
63,1778488951997,-0.0045232772,0.0057519124,-0.0001474980000000948,2
64,1778488952001,-0.0045232772,0.0064188124,0.0009406019999999415,2
65,1778488952005,-0.0045973772,0.0064188124,0.0009406019999999415,2
66,1778488952009,-0.0043321772,0.006843912400000001,0.0007924020000000098,2
67,1778488952013,-0.0043321772,0.006843912400000001,0.0007924020000000098,2
68,1778488952017,-0.0044218771999999995,0.0073821124,0.0005584019999999423,2
69,1778488952022,-0.0044218771999999995,0.0073821124,0.0005584019999999423,2
70,1778488952026,-0.0041761772,0.0075498124,0.00036340199999999705,2
71,1778488952030,-0.0041761772,0.0075498124,0.00036340199999999705,2
72,1778488952034,-0.0044686772,0.007077912400000001,0.00048040199999991977,2
73,1778488952038,-0.0044686772,0.007077912400000001,0.00048040199999991977,2
74,1778488952042,-0.0043009772,0.0065514124,-0.0002956980000000265,2
75,1778488952047,-0.0043009772,0.0065514124,-0.0002956980000000265,2
76,1778488952051,-0.0045895772,0.006009312400000001,-0.00018649799999999501,2
77,1778488952055,-0.0045895772,0.006009312400000001,-0.00018649799999999501,2
78,1778488952059,-0.0042892772,0.0066021124,0.0003088020000000923,2
79,1778488952063,-0.0042892772,0.0066021124,0.0003088020000000923,2
80,1778488952067,-0.0043360772,0.0069492124,0.0002737020000000267,2
81,1778488952072,-0.0043360772,0.0069492124,0.0002737020000000267,2
82,1778488952076,-0.0041488772,0.0080724124,0.0012448019999999182,2
83,1778488952080,-0.0041488772,0.0080724124,0.0012448019999999182,2
84,1778488952084,-0.0041449772,0.0075888124000000005,0.00015280200000004733,2
85,1778488952088,-0.0041449772,0.0075888124000000005,0.0009952020000000682,2
86,1778488952092,-0.0044491771999999995,0.0070038124,0.0009952020000000682,2
87,1778488952097,-0.0044491771999999995,0.0059976123999999995,-0.0002605979999999609,2
88,1778488952101,-0.0043906772,0.0059976123999999995,-0.0002605979999999609,2
89,1778488952105,-0.0043906772,0.0062706124,0.00083140199999991,2
90,1778488952109,-0.0047299772,0.0062706124,0.00083140199999991,2
91,1778488952113,-0.0046987771999999995,0.0062511124,4.750200000007247e-05,2
92,1778488952117,-0.0046987771999999995,0.0062511124,4.750200000007247e-05,2
93,1778488952122,-0.0045115772,0.0074445124000000005,0.0005350020000000465,2
94,1778488952126,-0.0045115772,0.0074445124000000005,0.0005350020000000465,2
95,1778488952130,-0.0038992771999999997,0.0079437124,-5.3898000000067794e-05,2
96,1778488952134,-0.0038992771999999997,0.0079437124,-5.3898000000067794e-05,2
97,1778488952139,-0.0039772772,0.0076551124000000005,0.0003049020000000357,2
98,1778488952143,-0.0039772772,0.0076551124000000005,0.0003049020000000357,2
99,1778488952147,-0.0040864772,0.0066255124,0.00018400200000005633,2
100,1778488952151,-0.0040864772,0.0066255124,0.00018400200000005633,2
101,1778488952155,-0.0046870772,0.005510112400000001,0.0002581020000000222,2
102,1778488952159,-0.0046870772,0.005510112400000001,0.0002581020000000222,2
103,1778488952163,-0.004484277199999999,0.0065241124000000005,0.0007651020000000574,2
104,1778488952168,-0.004484277199999999,0.0065241124000000005,0.0007651020000000574,2
105,1778488952172,-0.0046753772,0.0065124124000000005,-0.0005647980000000486,2
106,1778488952176,-0.0046753772,0.0065124124000000005,-0.0005647980000000486,2
107,1778488952180,-0.0042931772,0.008127012400000001,0.0008119020000000709,2
108,1778488952184,-0.0042931772,0.008127012400000001,-0.00030739799999997437,2
109,1778488952188,-0.0040474772,0.007635612400000002,-0.00030739799999997437,2
110,1778488952193,-0.0040474772,0.007066212400000001,0.0010537020000000296,2
111,1778488952197,-0.0041605772,0.007066212400000001,0.0010537020000000296,2
112,1778488952201,-0.0041605772,0.005954712400000001,0.00016060199999993856,2
113,1778488952205,-0.0041566772,0.005954712400000001,0.00016060199999993856,2
114,1778488952209,-0.004761177199999999,0.0058299124,0.0012214020000000225,2
115,1778488952213,-0.004761177199999999,0.0058299124,0.0012214020000000225,2
116,1778488952218,-0.0048196772,0.0062277124,-0.000467297999999965,2
117,1778488952222,-0.0048196772,0.0062277124,-0.000467297999999965,2
118,1778488952226,-0.004893777199999999,0.0074913124,0.0011083019999999343,2
119,1778488952230,-0.004893777199999999,0.0074913124,0.0011083019999999343,2
120,1778488952234,-0.004195677199999999,0.007861812400000001,-0.0005530979999999897,2
121,1778488952238,-0.004195677199999999,0.007861812400000001,-0.0005530979999999897,2
122,1778488952243,-0.004207377199999999,0.007620012400000001,0.0005155019999999854,2
123,1778488952247,-0.004207377199999999,0.007620012400000001,0.0005155019999999854,2
124,1778488952251,-0.0038719771999999996,0.0072807124,0.0004765020000000852,2
0,1778488952323,-0.0041644772,0.0075927124,-0.00014359800000003815,2
1,1778488952327,-0.0045817772,0.005822112400000001,-0.000529697999999983,2
2,1778488952349,-0.004749477199999999,0.0074952123999999995,0.0007612020000000008,2
3,1778488952380,-0.0041371772,0.0063018124000000005,-0.0007519979999999916,2
4,1778488952440,-0.0040591772,0.0059586124,-3.197999999997661e-06,2
5,1778488952444,-0.0044374772,0.0075264124,0.0010264020000000772,2
6,1778488952448,-0.0044374772,0.0075264124,0.0003127019999999269,2
7,1778488952452,-0.0046597771999999996,0.0071715124,0.0003127019999999269,2
8,1778488952456,-0.0046597771999999996,0.0071715124,0.0003127019999999269,2
9,1778488952459,-0.0043750772,0.0074718124,0.000675402000000087,2
10,1778488952463,-0.0043750772,0.0074718124,0.000675402000000087,2
11,1778488952467,-0.0043126772,0.006442212400000001,-0.0003892980000000535,2
12,1778488952471,-0.0043126772,0.006442212400000001,-0.0003892980000000535,2
13,1778488952475,-0.004183977199999999,0.006290112400000001,0.0015958019999999084,2
14,1778488952479,-0.004183977199999999,0.006290112400000001,0.0015958019999999084,2
15,1778488952482,-0.0041020772,0.006223812400000001,-0.000436098000000067,2
16,1778488952486,-0.0041020772,0.006223812400000001,-0.000436098000000067,2
17,1778488952490,-0.0041917772,0.0074250124,0.0008197019999999621,2
18,1778488952495,-0.0041917772,0.0074250124,0.0008197019999999621,2
19,1778488952498,-0.0041761772,0.0075342124,-0.0010015980000000636,2
20,1778488952502,-0.0041761772,0.0075342124,-0.0010015980000000636,2
21,1778488952506,-0.0043360772,0.0079164124,0.00044920199999991077,2
22,1778488952510,-0.0043360772,0.0079164124,0.00044920199999991077,2
23,1778488952514,-0.004406277199999999,0.007031112400000001,-0.0012784979999999769,2
24,1778488952518,-0.004406277199999999,0.007031112400000001,-0.0012784979999999769,2
25,1778488952522,-0.0046090772,0.0063603124,0.0011980019999999047,2
26,1778488952525,-0.0046090772,0.0063603124,0.0011980019999999047,2
27,1778488952529,-0.0043204772,0.0062394124,-0.0004516980000000715,2
28,1778488952533,-0.0043204772,0.0062394124,-0.0004516980000000715,2
29,1778488952537,-0.0044647772,0.006399312400000001,0.0010537020000000296,2
30,1778488952543,-0.0044647772,0.006399312400000001,0.0010537020000000296,2
31,1778488952548,-0.0040552771999999996,0.007709712399999999,0.0006481019999999126,2
32,1778488952551,-0.0040552771999999996,0.007709712399999999,0.0006481019999999126,2
33,1778488952556,-0.0041605772,0.0073119124,5.9202000000020336e-05,2
34,1778488952560,-0.0041605772,0.0073119124,5.9202000000020336e-05,2
35,1778488952564,-0.0039772772,0.007643412400000001,0.001100502000000043,2
36,1778488952568,-0.0039772772,0.007643412400000001,-0.00023719800000006515,2
37,1778488952573,-0.0043555772,0.006411012400000001,-0.00023719800000006515,2
38,1778488952577,-0.0044803772,0.0062160124,0.000769001999999892,2
39,1778488952581,-0.0044803772,0.0062160124,0.000769001999999892,2
40,1778488952585,-0.0045154772,0.0058611124,-0.0005881980000000554,2
41,1778488952590,-0.0045154772,0.0058611124,-0.0005881980000000554,2
42,1778488952595,-0.0043360772,0.0070740123999999995,0.0009484020000000547,2
43,1778488952600,-0.0043360772,0.0070740123999999995,0.0009484020000000547,2
44,1778488952604,-0.0041137772,0.007487412400000001,-0.0009781980000000568,2
45,1778488952609,-0.0041137772,0.008201112400000002,0.001549001999999895,2
46,1778488952613,-0.0042580772,0.008201112400000002,0.001549001999999895,2
47,1778488952617,-0.004183977199999999,0.007308012400000001,-0.0006661979999999668,2
48,1778488952621,-0.004183977199999999,0.007308012400000001,-0.0006661979999999668,2
49,1778488952626,-0.004605177199999999,0.0060249124000000005,0.00144370199999992,2
50,1778488952630,-0.004605177199999999,0.0060249124000000005,0.00144370199999992,2
51,1778488952634,-0.004484277199999999,0.005833812400000001,-9.679800000002466e-05,2
52,1778488952638,-0.004484277199999999,0.005833812400000001,-9.679800000002466e-05,2
53,1778488952642,-0.0049912772,0.0055374124,0.0008392020000000232,2
54,1778488952647,-0.0049912772,0.0055374124,0.0008392020000000232,2
55,1778488952651,-0.0045115772,0.007296312400000001,0.0009055019999998758,2
56,1778488952655,-0.0045115772,0.007296312400000001,0.0009055019999998758,2
57,1778488952660,-0.0041800772,0.007698012399999999,-4.219800000011993e-05,2
58,1778488952664,-0.0041800772,0.007698012399999999,-4.219800000011993e-05,2
59,1778488952668,-0.0036925772,0.008251812399999999,0.00039460200000000605,2
60,1778488952673,-0.0036925772,0.006855612400000001,-0.0003775979999999946,2
61,1778488952677,-0.0040045772,0.006855612400000001,-0.0003775979999999946,2
62,1778488952681,-0.0043165771999999995,0.0064851124,0.0004219019999999584,2
63,1778488952685,-0.0043165771999999995,0.0064851124,0.0004219019999999584,2
64,1778488952690,-0.0048781772,0.005533512400000001,-0.000685698000000028,2
65,1778488952694,-0.0048781772,0.005533512400000001,-0.000685698000000028,2
66,1778488952698,-0.004784577199999999,0.006886812400000001,0.00201700200000003,2
67,1778488952702,-0.004784577199999999,0.006886812400000001,0.00201700200000003,2
68,1778488952706,-0.004573977199999999,0.0071910124,-0.0005803980000000531,2
69,1778488952710,-0.004573977199999999,0.0071910124,-0.0005803980000000531,2
70,1778488952714,-0.0045115772,0.007807212399999999,0.0013462020000000584,2
71,1778488952718,-0.0045115772,0.007807212399999999,0.0013462020000000584,2
72,1778488952723,-0.0039616771999999995,0.007838412400000001,-4.219800000011993e-05,2
73,1778488952727,-0.0039616771999999995,0.007838412400000001,-4.219800000011993e-05,2
74,1778488952731,-0.0042229772,0.0066606124,0.0009445019999999981,2
75,1778488952735,-0.0042229772,0.0066606124,0.0009445019999999981,2
76,1778488952740,-0.0042424772,0.0060834124,-7.339800000012893e-05,2
77,1778488952744,-0.0042424772,0.0060834124,-0.00013579799999992488,2
78,1778488952748,-0.0044881771999999995,0.0057597124,-0.00013579799999992488,2
79,1778488952752,-0.0044881771999999995,0.0057597124,0.00016840200000005183,2
80,1778488952756,-0.0045817772,0.007109112400000001,0.00016840200000005183,2
81,1778488952760,-0.0045817772,0.007109112400000001,0.00016840200000005183,2
82,1778488952764,-0.0045700772,0.0071793124,0.0003985020000000627,2
83,1778488952768,-0.0045700772,0.0071793124,0.000862601999999919,2
84,1778488952773,-0.0039928772,0.0083415124,0.000862601999999919,2
85,1778488952777,-0.003973377199999999,0.0070389124,-0.00032299799999997887,2
86,1778488952781,-0.003973377199999999,0.0070389124,-0.00032299799999997887,2
87,1778488952785,-0.0038329771999999996,0.0069375124,0.0008197019999999621,2
88,1778488952790,-0.0038329771999999996,0.0069375124,0.0008197019999999621,2
89,1778488952794,-0.0042463772,0.005334612400000001,-0.0007012980000000325,2
90,1778488952798,-0.0042463772,0.005334612400000001,-0.0007012980000000325,2
91,1778488952802,-0.0045271771999999995,0.0064617124,0.001993601999999912,2
92,1778488952807,-0.0045271771999999995,0.0064617124,0.001993601999999912,2
93,1778488952811,-0.004616877199999999,0.006933612400000001,-0.0005881980000000554,2
94,1778488952815,-0.004616877199999999,0.006933612400000001,-0.0005881980000000554,2
95,1778488952819,-0.0048430771999999995,0.0076668124,0.0011902020000000135,2
96,1778488952824,-0.0048430771999999995,0.0076668124,0.0011902020000000135,2
97,1778488952828,-0.0043243772,0.0080607124,-0.00017479800000004715,2
98,1778488952832,-0.0043243772,0.0080607124,0.0009718019999999505,2
99,1778488952836,-0.0041722771999999995,0.0070740123999999995,0.0009718019999999505,2
100,1778488952841,-0.0041722771999999995,0.0062511124,0.00020350199999989542,2
101,1778488952845,-0.0039460772,0.0062511124,0.00020350199999989542,2
102,1778488952849,-0.0042541772,0.0058962124,0.0006013019999998991,2
103,1778488952853,-0.0042541772,0.0058962124,0.0006013019999998991,2
104,1778488952857,-0.0045544771999999996,0.0069063124,-3.0497999999950023e-05,2
105,1778488952862,-0.0045544771999999996,0.0069063124,-3.0497999999950023e-05,2
106,1778488952866,-0.0045154772,0.007308012400000001,0.0001489019999999907,2
107,1778488952870,-0.0045154772,0.007308012400000001,0.0001489019999999907,2
108,1778488952874,-0.0044374772,0.008271312400000001,0.0006988019999999828,2
109,1778488952879,-0.0044374772,0.008271312400000001,0.0006988019999999828,2
110,1778488952883,-0.004285377199999999,0.0070272124,0.00028540199999997455,2
111,1778488952887,-0.004285377199999999,0.0070272124,0.00028540199999997455,2
112,1778488952891,-0.0039031771999999995,0.006719112400000001,0.0013150020000000495,2
113,1778488952895,-0.0039031771999999995,0.006719112400000001,0.0013150020000000495,2
114,1778488952899,-0.0038134771999999996,0.0056622124,-0.00021379799999994738,2
115,1778488952903,-0.0038134771999999996,0.0056622124,-0.00021379799999994738,2
116,1778488952907,-0.004141077199999999,0.006021012400000001,0.0010732020000000907,2
117,1778488952912,-0.004141077199999999,0.006021012400000001,0.0010732020000000907,2
118,1778488952916,-0.0041020772,0.0069960123999999995,-0.00015919800000004265,2
119,1778488952920,-0.0041020772,0.0069960123999999995,0.0003556019999998838,2
120,1778488952924,-0.0044452772,0.0078579124,0.0003556019999998838,2
121,1778488952929,-0.0044452772,0.0078228124,-0.000404898000000058,2
122,1778488952933,-0.004550577199999999,0.0078228124,-0.000404898000000058,2
123,1778488952937,-0.0045427772,0.007265112400000001,5.9202000000020336e-05,2
124,1778488952941,-0.0045427772,0.007265112400000001,5.9202000000020336e-05,2
0,1778488953021,-0.0038992771999999997,0.006843912400000001,0.0006364019999999648,2
1,1778488953130,-0.004507677199999999,0.0060951124,-0.0003307979999999811,2
2,1778488953134,-0.0043477772,0.007487412400000001,0.00046480199999991527,2
3,1778488953139,-0.0041371772,0.007842312399999999,0.00017230199999988642,2
4,1778488953143,-0.0041371772,0.007842312399999999,0.00017230199999988642,2
5,1778488953147,-0.0040357772,0.0074952123999999995,0.0008197019999999621,2
6,1778488953151,-0.0040357772,0.0074952123999999995,0.0008197019999999621,2
7,1778488953155,-0.004363377199999999,0.0063408124,0.00010600200000003383,2
8,1778488953159,-0.004363377199999999,0.0063408124,0.00010600200000003383,2
9,1778488953163,-0.0047026772,0.005521812400000001,0.00012940199999992956,2
10,1778488953168,-0.0047026772,0.005521812400000001,0.00012940199999992956,2
11,1778488953172,-0.004718277199999999,0.005935212400000001,0.00058180200000006,2
12,1778488953176,-0.004718277199999999,0.005935212400000001,5.9202000000020336e-05,2
13,1778488953180,-0.0045310772,0.0069609124,5.9202000000020336e-05,2
14,1778488953184,-0.0045310772,0.007674612399999999,0.00058180200000006,2
15,1778488953188,-0.004363377199999999,0.007674612399999999,0.00058180200000006,2
16,1778488953192,-0.004363377199999999,0.0080607124,0.00010600200000003383,2
17,1778488953197,-0.0040825772,0.0080607124,0.00010600200000003383,2
18,1778488953201,-0.004008477199999999,0.0068673124000000006,-0.00019039800000005165,2
19,1778488953205,-0.004008477199999999,0.0068673124000000006,-0.00019039800000005165,2
20,1778488953209,-0.004351677199999999,0.006266712400000001,0.0003517020000000492,2
21,1778488953213,-0.004351677199999999,0.006266712400000001,0.0003517020000000492,2
22,1778488953217,-0.0046012772,0.0058182124,0.00011380199999992506,2
23,1778488953221,-0.0046012772,0.0058182124,0.00011380199999992506,2
24,1778488953226,-0.0048313772,0.006231612400000001,0.00030100199999997905,2
25,1778488953230,-0.0048313772,0.006231612400000001,0.00030100199999997905,2
26,1778488953234,-0.004406277199999999,0.0072261124,0.00015670199999988192,2
27,1778488953238,-0.004406277199999999,0.0072261124,0.00015670199999988192,2
28,1778488953242,-0.0040123772,0.0079671124,0.0002620020000000788,2
29,1778488953247,-0.0040123772,0.0079671124,0.0002620020000000788,2
30,1778488953251,-0.0037471771999999996,0.007721412399999999,0.00012940199999992956,2
31,1778488953255,-0.0037471771999999996,0.007721412399999999,0.00012940199999992956,2
32,1778488953259,-0.0040864772,0.007109112400000001,0.00030100199999997905,2
33,1778488953263,-0.0040864772,0.007109112400000001,0.00030100199999997905,2
34,1778488953267,-0.0042580772,0.0057285124,-6.169799999995902e-05,2
35,1778488953271,-0.0042580772,0.0057285124,-6.169799999995902e-05,2
36,1778488953275,-0.004562277199999999,0.0058377124,0.0003127019999999269,2
37,1778488953280,-0.004562277199999999,0.0058377124,0.0003127019999999269,2
38,1778488953284,-0.0048586772,0.006422712400000001,0.0001801019999999997,2
39,1778488953287,-0.0048586772,0.006422712400000001,0.0009523019999998893,2
40,1778488953291,-0.0049795772,0.0074718124,0.0009523019999998893,2
41,1778488953295,-0.0049795772,0.0074718124,0.0009523019999998893,2
42,1778488953299,-0.004406277199999999,0.0080763124,0.0010927019999999298,2
43,1778488953304,-0.004406277199999999,0.0080763124,0.0010927019999999298,2
44,1778488953308,-0.0042697772,0.0073509123999999995,0.000737801999999883,2
45,1778488953312,-0.0042697772,0.0073509123999999995,0.0011278019999999955,2
46,1778488953316,-0.0039265772,0.006586512400000001,0.0011278019999999955,2
47,1778488953320,-0.0039265772,0.0057870123999999995,0.0008665019999999756,2
48,1778488953324,-0.0042346772,0.0057870123999999995,0.0008665019999999756,2
49,1778488953328,-0.0042346772,0.0059469124000000005,0.0010225020000000206,2
50,1778488953333,-0.004363377199999999,0.0059469124000000005,0.0010225020000000206,2
51,1778488953337,-0.0045271771999999995,0.0065358124,0.00033220199999998805,2
52,1778488953341,-0.0045271771999999995,0.0065358124,0.00033220199999998805,2
53,1778488953345,-0.0046012772,0.007674612399999999,0.0004141020000000672,2
54,1778488953349,-0.0046012772,0.007674612399999999,0.0004141020000000672,2
55,1778488953353,-0.004207377199999999,0.0077370124,7.020000000589749e-07,2
56,1778488953358,-0.004207377199999999,0.0077370124,7.020000000589749e-07,2
57,1778488953362,-0.0040825772,0.0073392124,0.0005467019999999944,2
58,1778488953366,-0.0040825772,0.0073392124,0.0005467019999999944,2
59,1778488953370,-0.0039265772,0.0063837124,-0.0004906979999999717,2
60,1778488953374,-0.0039265772,0.0063837124,-0.0004906979999999717,2
61,1778488953379,-0.0040162772,0.006087312400000001,0.0003712019999998883,2
62,1778488953383,-0.0040162772,0.006087312400000001,0.0003712019999998883,2
63,1778488953387,-0.004297077199999999,0.006765912400000001,3.97019999999592e-05,2
64,1778488953391,-0.004297077199999999,0.006765912400000001,3.97019999999592e-05,2
65,1778488953395,-0.0048586772,0.0073782124000000004,0.00021910199999989992,2
66,1778488953400,-0.0048586772,0.0073782124000000004,0.00021910199999989992,2
67,1778488953404,-0.0046363772,0.007974912399999999,0.0006325019999999081,2
68,1778488953408,-0.0046363772,0.007974912399999999,0.00028540199999997455,2
69,1778488953412,-0.0047377771999999995,0.007432812400000001,0.00028540199999997455,2
70,1778488953416,-0.0047377771999999995,0.006875112400000001,0.0006052019999999558,2
71,1778488953421,-0.0044764772,0.006875112400000001,0.0006052019999999558,2
72,1778488953425,-0.0042112772,0.0058377124,0.00023470199999990442,2
73,1778488953429,-0.0042112772,0.0058377124,0.00023470199999990442,2
74,1778488953433,-0.0041098772,0.0062940124,0.00044920199999991077,2
75,1778488953437,-0.0041098772,0.0062940124,0.00044920199999991077,2
76,1778488953441,-0.0041644772,0.0064383124,-0.0004087980000000036,2
77,1778488953445,-0.0041644772,0.0064383124,-0.0004087980000000036,2
78,1778488953450,-0.0039811772,0.007830612399999999,0.0009796020000000637,2
79,1778488953454,-0.0039811772,0.007830612399999999,0.0009796020000000637,2
80,1778488953458,-0.0041488772,0.0074796124,-0.00013579799999992488,2
81,1778488953462,-0.0041488772,0.0074796124,-0.00013579799999992488,2
82,1778488953466,-0.0045466772,0.007276812400000001,0.0009640020000000592,2
83,1778488953470,-0.0045466772,0.007276812400000001,0.0009640020000000592,2
84,1778488953475,-0.0042541772,0.006297912400000001,-0.0005023980000000306,2
85,1778488953479,-0.0042541772,0.006297912400000001,-0.0005023980000000306,2
86,1778488953483,-0.0043867772,0.005810412400000001,0.0006871020000000349,2
87,1778488953487,-0.0043867772,0.005810412400000001,0.0006871020000000349,2
88,1778488953491,-0.0037393771999999995,0.0062745124,0.0003244019999998748,2
89,1778488953495,-0.0037393771999999995,0.0062745124,0.0003244019999998748,2
90,1778488953500,-0.0042307772,0.0072027124,0.0007027020000000394,2
91,1778488953504,-0.0042307772,0.0072027124,0.0003595019999999404,2
92,1778488953508,-0.0041800772,0.0077994124000000005,0.0003595019999999404,2
93,1778488953512,-0.0044998772,0.0075888124000000005,0.00014500199999993406,2
94,1778488953517,-0.0044998772,0.0075888124000000005,0.00014500199999993406,2
95,1778488953534,-0.0046870772,0.0067737124,0.00011380199999992506,2
96,1778488953539,-0.0046675772,0.006477312400000001,0.0007261019999999351,2
97,1778488953543,-0.0046675772,0.006477312400000001,0.0007261019999999351,2
98,1778488953547,-0.0043477772,0.0061614124,-0.00029959800000008315,2
99,1778488953551,-0.0043477772,0.0061614124,-0.00029959800000008315,2
100,1778488953555,-0.0041761772,0.008029512400000001,0.0009835019999998983,2
101,1778488953559,-0.0041761772,0.008029512400000001,0.0009835019999998983,2
102,1778488953564,-0.0038563772,0.0076902124,-0.000560897999999992,2
103,1778488953568,-0.0038563772,0.0076902124,0.0010654019999999775,2
104,1778488953572,-0.0042814772,0.007487412400000001,0.0010654019999999775,2
105,1778488953576,-0.0042814772,0.0064188124,-0.00035029800000004226,2
106,1778488953580,-0.004074777199999999,0.0064188124,-0.00035029800000004226,2
107,1778488953584,-0.004761177199999999,0.0060483124,0.0004921020000000897,2
108,1778488953589,-0.004761177199999999,0.0060483124,0.0004921020000000897,2
109,1778488953593,-0.0043438771999999995,0.005724612400000001,-1.4897999999945524e-05,2
110,1778488953597,-0.0043438771999999995,0.005724612400000001,-1.4897999999945524e-05,2
111,1778488953601,-0.0040357772,0.006875112400000001,0.0010264020000000772,2
112,1778488953605,-0.0040357772,0.006875112400000001,0.0010264020000000772,2
113,1778488953610,-0.0038173771999999995,0.007705812400000001,-8.119800000002016e-05,2
114,1778488953614,-0.0038173771999999995,0.007705812400000001,-8.119800000002016e-05,2
115,1778488953619,-0.0040162772,0.007885212400000001,0.0006052019999999558,2
116,1778488953623,-0.0040162772,0.007885212400000001,0.0006052019999999558,2
117,1778488953627,-0.0041566772,0.0075810124,0.00014110199999987742,2
118,1778488953632,-0.0041566772,0.0075810124,-0.00040099800000000137,2
119,1778488953636,-0.0047416772,0.0060912124000000005,-0.00040099800000000137,2
120,1778488953640,-0.0047416772,0.0064734124,0.0007183020000000439,2
121,1778488953644,-0.0048001772,0.0064734124,0.0007183020000000439,2
122,1778488953648,-0.0048001772,0.0060288124,-0.0005881980000000554,2
123,1778488953652,-0.004749477199999999,0.0060288124,-0.0005881980000000554,2
124,1778488953657,-0.004394577199999999,0.0075030124,0.0012526020000000315,2
0,1778488953728,-0.004472577199999999,0.006001512400000001,0.0009172020000000457,2
1,1778488953732,-0.003930477199999999,0.0080997124,8.65019999999727e-05,2
2,1778488953758,-0.0043360772,0.006442212400000001,-0.0005959980000000576,2
3,1778488953836,-0.0043126772,0.0078930124,3.5801999999902565e-05,2
4,1778488953846,-0.0041566772,0.006723012400000001,-1.879800000000216e-05,2
5,1778488953850,-0.0044647772,0.006153612400000001,0.0005389019999998811,2
6,1778488953853,-0.0044647772,0.006153612400000001,0.0005389019999998811,2
7,1778488953857,-0.0045349772,0.0060171124,0.0003829020000000582,2
8,1778488953861,-0.0045349772,0.0060171124,0.0003829020000000582,2
9,1778488953865,-0.0046363772,0.0068049124,0.0010537020000000296,2
10,1778488953869,-0.0046363772,0.0068049124,0.0010537020000000296,2
11,1778488953872,-0.004562277199999999,0.007386012400000001,0.0006052019999999558,2
12,1778488953876,-0.004562277199999999,0.007386012400000001,0.0006052019999999558,2
13,1778488953880,-0.0045193772,0.008017812400000001,0.0005545019999998856,2
14,1778488953884,-0.0045193772,0.008017812400000001,0.0005545019999998856,2
15,1778488953888,-0.004339977199999999,0.0073665124000000005,-0.00017089799999999052,2
16,1778488953892,-0.004339977199999999,0.0073665124000000005,-0.00017089799999999052,2
17,1778488953896,-0.004339977199999999,0.0066138124,0.0008158019999999055,2
18,1778488953900,-0.0043048771999999996,0.0066138124,0.0008158019999999055,2
19,1778488953904,-0.0041488772,0.0059040124,-0.000280098000000022,2
20,1778488953908,-0.0041488772,0.0059040124,-0.000280098000000022,2
21,1778488953912,-0.0041488772,0.006079512400000001,0.00047260200000002854,2
22,1778488953916,-0.0044140772,0.006079512400000001,0.00047260200000002854,2
23,1778488953920,-0.0044140772,0.0071949124,0.00020350199999989542,2
24,1778488953923,-0.0041878772,0.0071949124,0.00020350199999989542,2
25,1778488953927,-0.0041878772,0.0071949124,9.430200000008597e-05,2
26,1778488953931,-0.0044218771999999995,0.007553712400000001,9.430200000008597e-05,2
27,1778488953935,-0.0044218771999999995,0.007553712400000001,9.430200000008597e-05,2
28,1778488953939,-0.0041566772,0.007830612399999999,0.000675402000000087,2
29,1778488953943,-0.0041566772,0.007830612399999999,0.000675402000000087,2
30,1778488953946,-0.0042268772,0.0070584124,-0.00014359800000003815,2
31,1778488953950,-0.0042268772,0.0070584124,-0.00014359800000003815,2
32,1778488953954,-0.0043867772,0.0059313123999999995,0.0008119020000000709,2
33,1778488953958,-0.0043867772,0.0059313123999999995,0.0008119020000000709,2
34,1778488953962,-0.004285377199999999,0.0058845124,0.00016060199999993856,2
35,1778488953966,-0.004285377199999999,0.0058845124,0.00016060199999993856,2
36,1778488953970,-0.0045154772,0.0063603124,0.0003244019999998748,2
37,1778488953977,-0.004538877199999999,0.007308012400000001,-4.999800000001116e-05,2
38,1778488953981,-0.004538877199999999,0.007308012400000001,-4.999800000001116e-05,2
39,1778488953985,-0.0044881771999999995,0.0080139124,0.000519402000000042,2
40,1778488953989,-0.0044881771999999995,0.0080139124,0.000519402000000042,2
41,1778488953993,-0.0044608771999999994,0.0079086124,4.750200000007247e-05,2
42,1778488953997,-0.0044608771999999994,0.0079086124,4.750200000007247e-05,2
43,1778488954001,-0.004616877199999999,0.0067932124,0.0005233019999998766,2
44,1778488954004,-0.004616877199999999,0.0067932124,0.0005233019999998766,2
45,1778488954008,-0.004328277199999999,0.0062745124,0.00017230199999988642,2
46,1778488954012,-0.004328277199999999,0.0062745124,0.00017230199999988642,2
47,1778488954016,-0.004328277199999999,0.0059820124,0.00031660199999998355,2
48,1778488954019,-0.004219077199999999,0.0059820124,0.00031660199999998355,2
49,1778488954023,-0.004219077199999999,0.0059820124,0.0010888019999998732,2
50,1778488954027,-0.0039538772,0.0071364124,0.0010888019999998732,2
51,1778488954031,-0.0039538772,0.0071364124,0.0010888019999998732,2
52,1778488954034,-0.004051377199999999,0.0074562124,9.430200000008597e-05,2
53,1778488954038,-0.004051377199999999,0.0074562124,9.430200000008597e-05,2
54,1778488954042,-0.0041488772,0.0077136124,0.0009289019999999936,2
55,1778488954046,-0.0041488772,0.0077136124,0.0009289019999999936,2
56,1778488954050,-0.004328277199999999,0.006898512400000001,-3.197999999997661e-06,2
57,1778488954053,-0.004328277199999999,0.006898512400000001,-3.197999999997661e-06,2
58,1778488954057,-0.0043477772,0.0061809124,0.0007261019999999351,2
59,1778488954061,-0.0043477772,0.0061809124,0.0007261019999999351,2
60,1778488954065,-0.0043009772,0.005978112400000001,-8.509800000007679e-05,2
61,1778488954069,-0.0043009772,0.005978112400000001,-8.509800000007679e-05,2
62,1778488954073,-0.0041917772,0.0061263124,0.0007612020000000008,2
63,1778488954076,-0.0041917772,0.0061263124,0.0007612020000000008,2
64,1778488954080,-0.0040474772,0.007397712400000001,-0.00036589800000004676,2
65,1778488954084,-0.0040474772,0.007397712400000001,-0.00036589800000004676,2
66,1778488954088,-0.0043594772,0.0077838123999999995,0.0001177019999999817,2
67,1778488954092,-0.0043594772,0.0077838123999999995,0.0001177019999999817,2
68,1778488954096,-0.0043594772,0.0079047124,-0.0004204980000000625,2
69,1778488954100,-0.004394577199999999,0.0079047124,-0.0004204980000000625,2
70,1778488954103,-0.004394577199999999,0.0065475124,9.820199999992056e-05,2
71,1778488954107,-0.004562277199999999,0.0065475124,9.820199999992056e-05,2
72,1778488954111,-0.004562277199999999,0.0065475124,0.0007495020000000529,2
73,1778488954115,-0.0046441772,0.0062043124,0.0007495020000000529,2
74,1778488954119,-0.0046441772,0.0062043124,0.0007495020000000529,2
75,1778488954123,-0.0047260772,0.005467212400000001,-0.00013579799999992488,2
76,1778488954127,-0.0047260772,0.005467212400000001,0.0014281019999999155,2
77,1778488954131,-0.0043750772,0.0066372124,0.0014281019999999155,2
78,1778488954135,-0.0043750772,0.0066372124,0.0014281019999999155,2
79,1778488954138,-0.0038758772,0.007241712400000001,-3.439800000000666e-05,2
80,1778488954142,-0.0038758772,0.007241712400000001,-3.439800000000666e-05,2
81,1778488954146,-0.0037900772,0.0079086124,0.0010849020000000386,2
82,1778488954150,-0.0037900772,0.0079086124,0.0010849020000000386,2
83,1778488954154,-0.0038875771999999998,0.007288512400000001,-0.0004243980000000081,2
84,1778488954158,-0.0038875771999999998,0.007288512400000001,-0.0004243980000000081,2
85,1778488954161,-0.0040864772,0.0066606124,0.0007924020000000098,2
86,1778488954165,-0.0040864772,0.0066606124,0.0007924020000000098,2
87,1778488954169,-0.0043906772,0.0057363124000000005,-0.0002956980000000265,2
88,1778488954173,-0.0043906772,0.0057363124000000005,-0.0002956980000000265,2
89,1778488954177,-0.0046129772,0.005845512400000001,0.00044920199999991077,2
90,1778488954181,-0.0046129772,0.005845512400000001,0.00044920199999991077,2
91,1778488954185,-0.004507677199999999,0.0072924124,-4.219800000011993e-05,2
92,1778488954188,-0.004507677199999999,0.0072924124,-4.219800000011993e-05,2
93,1778488954192,-0.0045271771999999995,0.007542012400000001,0.0005116019999999288,2
94,1778488954196,-0.0045271771999999995,0.007542012400000001,0.0005116019999999288,2
95,1778488954200,-0.0042307772,0.0082206124,0.0002932020000000878,2
96,1778488954204,-0.0042307772,0.0082206124,0.0002932020000000878,2
97,1778488954207,-0.0042307772,0.006988212400000001,-5.779800000012443e-05,2
98,1778488954211,-0.0041878772,0.006988212400000001,-5.779800000012443e-05,2
99,1778488954215,-0.0041878772,0.006988212400000001,0.0008821019999999801,2
100,1778488954219,-0.0045154772,0.006730812400000001,0.0008821019999999801,2
101,1778488954222,-0.0045154772,0.006730812400000001,0.0008821019999999801,2
102,1778488954226,-0.0046987771999999995,0.0054165124,-0.0006037980000000599,2
103,1778488954230,-0.0046987771999999995,0.0054165124,-0.0006037980000000599,2
104,1778488954234,-0.0046441772,0.0065163124,0.0006910020000000915,2
105,1778488954238,-0.0046441772,0.0065163124,0.0006910020000000915,2
106,1778488954242,-0.004417977199999999,0.007144212400000001,-0.0005374979999999852,2
107,1778488954246,-0.004417977199999999,0.007144212400000001,-0.0005374979999999852,2
108,1778488954249,-0.0043711772,0.007994412400000001,0.0006832019999999783,2
109,1778488954253,-0.0043711772,0.007994412400000001,0.0006832019999999783,2
110,1778488954257,-0.0038836771999999995,0.0077136124,-0.0008806979999999732,2
111,1778488954261,-0.0038836771999999995,0.0077136124,-0.0008806979999999732,2
112,1778488954265,-0.0039928772,0.007042812400000001,0.0013423020000000018,2
113,1778488954269,-0.0039928772,0.007042812400000001,0.0013423020000000018,2
114,1778488954272,-0.0040435772,0.006032712400000001,-0.0005101980000000329,2
115,1778488954276,-0.0040435772,0.006032712400000001,-0.0005101980000000329,2
116,1778488954280,-0.004351677199999999,0.005833812400000001,0.000737801999999883,2
117,1778488954284,-0.004351677199999999,0.005833812400000001,0.000737801999999883,2
118,1778488954287,-0.004351677199999999,0.0067503124,-3.439800000000666e-05,2
119,1778488954291,-0.004507677199999999,0.0067503124,-3.439800000000666e-05,2
120,1778488954295,-0.004507677199999999,0.0067503124,1.2402000000006838e-05,2
121,1778488954299,-0.0045193772,0.0070584124,1.2402000000006838e-05,2
122,1778488954303,-0.0045193772,0.0070584124,0.0004765020000000852,2
123,1778488954306,-0.0042814772,0.0081699124,0.0004765020000000852,2
124,1778488954310,-0.0042814772,0.0081699124,0.0004765020000000852,2
0,1778488954485,-0.0041254772,0.0066255124,-0.0001630980000000993,2
1,1778488954489,-0.0041566772,0.0055530124,-3.0497999999950023e-05,2
2,1778488954493,-0.0041566772,0.0055530124,-3.0497999999950023e-05,2
3,1778488954496,-0.0043204772,0.0062043124,-6.559800000001566e-05,2
4,1778488954500,-0.0043204772,0.0062043124,-6.559800000001566e-05,2
5,1778488954504,-0.0041059771999999994,0.0070935124,0.0005701019999998901,2
6,1778488954508,-0.0041059771999999994,0.0070935124,0.0005701019999998901,2
7,1778488954512,-0.0041917772,0.0076902124,0.00010990200000009047,2
8,1778488954516,-0.0041917772,0.0076902124,0.00010990200000009047,2
9,1778488954520,-0.0042814772,0.007553712400000001,0.0007846019999998965,2
10,1778488954525,-0.0042814772,0.007553712400000001,0.0007846019999998965,2
11,1778488954529,-0.0043477772,0.007354812400000001,0.0009484020000000547,2
12,1778488954532,-0.0043477772,0.007354812400000001,0.0009484020000000547,2
13,1778488954536,-0.0045466772,0.005533512400000001,0.0001021019999999772,2
14,1778488954540,-0.0045466772,0.005533512400000001,0.0001021019999999772,2
15,1778488954544,-0.004550577199999999,0.006122412400000001,0.0011668019999998957,2
16,1778488954548,-0.004550577199999999,0.006122412400000001,0.0011668019999998957,2
17,1778488954551,-0.0045037772,0.006399312400000001,2.0201999999898065e-05,2
18,1778488954555,-0.0045037772,0.006399312400000001,2.0201999999898065e-05,2
19,1778488954559,-0.0045037772,0.006399312400000001,0.0007885019999999531,2
20,1778488954563,-0.0044335772,0.007542012400000001,0.0007885019999999531,2
21,1778488954567,-0.0044335772,0.007542012400000001,-0.0006973979999999758,2
22,1778488954570,-0.0043321772,0.0080607124,-0.0006973979999999758,2
23,1778488954574,-0.0043321772,0.0080607124,-0.0006973979999999758,2
24,1778488954578,-0.0044920772,0.0075264124,4.601999999893566e-06,2
25,1778488954582,-0.0044920772,0.0075264124,4.601999999893566e-06,2
26,1778488954586,-0.0044452772,0.0066918124,6.700199999991156e-05,2
27,1778488954590,-0.0044452772,0.0066918124,6.700199999991156e-05,2
28,1778488954594,-0.0046597771999999996,0.0057714124,8.260199999991606e-05,2
29,1778488954598,-0.0046597771999999996,0.0057714124,8.260199999991606e-05,2
30,1778488954602,-0.0045037772,0.0062862123999999995,0.0008353019999999666,2
31,1778488954605,-0.0045037772,0.0062862123999999995,0.0008353019999999666,2
32,1778488954609,-0.0042775771999999995,0.0068907124,0.0007924020000000098,2
33,1778488954613,-0.0042775771999999995,0.0068907124,0.0007924020000000098,2
34,1778488954617,-0.0039889771999999995,0.007779912400000002,0.0006559020000000259,2
35,1778488954621,-0.0039889771999999995,0.007779912400000002,0.0006559020000000259,2
36,1778488954624,-0.0039421772,0.0077019124,0.0002893020000000312,2
37,1778488954629,-0.0039421772,0.0077019124,0.0002893020000000312,2
38,1778488954637,-0.0040201772,0.0071793124,0.0008431020000000799,2
39,1778488954641,-0.0042112772,0.0058260124,0.00018400200000005633,2
40,1778488954644,-0.0042112772,0.0058260124,0.00018400200000005633,2
41,1778488954648,-0.0047299772,0.0060717124,0.000987401999999955,2
42,1778488954652,-0.0047299772,0.0060717124,0.000987401999999955,2
43,1778488954656,-0.0046597771999999996,0.0065475124,-0.00033859799999998337,2
44,1778488954660,-0.0046597771999999996,0.0065475124,-0.00033859799999998337,2
45,1778488954663,-0.0042814772,0.0073782124000000004,0.00014110199999987742,2
46,1778488954667,-0.0042814772,0.0073782124000000004,0.00014110199999987742,2
47,1778488954671,-0.0042814772,0.007971012400000001,5.9202000000020336e-05,2
48,1778488954675,-0.0040708772,0.007971012400000001,5.9202000000020336e-05,2
49,1778488954679,-0.0040708772,0.007971012400000001,0.0003361020000000447,2
50,1778488954682,-0.0041098772,0.007776012400000001,0.0003361020000000447,2
51,1778488954687,-0.0041098772,0.0070935124,0.0005077019999998721,2
52,1778488954691,-0.0044023772,0.0070935124,0.0005077019999998721,2
53,1778488954695,-0.0044023772,0.0070935124,0.00019960200000006083,2
54,1778488954699,-0.004640277199999999,0.0060288124,0.00019960200000006083,2
55,1778488954703,-0.004640277199999999,0.0060288124,0.0006403020000000214,2
56,1778488954706,-0.004694877199999999,0.0061263124,0.0006403020000000214,2
57,1778488954711,-0.004694877199999999,0.0061263124,0.00041020200000001054,2
58,1778488954715,-0.0045349772,0.006687912400000001,0.00041020200000001054,2
59,1778488954719,-0.0045349772,0.0075147124,0.0008431020000000799,2
60,1778488954723,-0.004285377199999999,0.0075147124,0.0008431020000000799,2
61,1778488954727,-0.004285377199999999,0.0075147124,5.9202000000020336e-05,2
62,1778488954730,-0.0040123772,0.007506912400000001,5.9202000000020336e-05,2
63,1778488954734,-0.0040123772,0.007506912400000001,5.9202000000020336e-05,2
64,1778488954738,-0.0040435772,0.007464012400000001,0.0005311019999999899,2
65,1778488954742,-0.0040435772,0.007464012400000001,0.0005311019999999899,2
66,1778488954746,-0.003996777199999999,0.0064461124000000005,-0.0004555980000000171,2
67,1778488954749,-0.003996777199999999,0.0064461124000000005,-0.0004555980000000171,2
68,1778488954753,-0.0040903772,0.005833812400000001,0.0002932020000000878,2
69,1778488954757,-0.0040903772,0.005833812400000001,0.0002932020000000878,2
70,1778488954761,-0.004472577199999999,0.0063720124,-0.000373698000000049,2
71,1778488954765,-0.004472577199999999,0.0063720124,-0.000373698000000049,2
72,1778488954768,-0.0046636772,0.006988212400000001,0.0001645019999999952,2
73,1778488954772,-0.0046636772,0.006988212400000001,0.0001645019999999952,2
74,1778488954776,-0.0045895772,0.007900812400000002,0.00033220199999998805,2
75,1778488954780,-0.0045895772,0.007900812400000002,0.00033220199999998805,2
76,1778488954784,-0.0045037772,0.007651212399999999,0.00020740199999995206,2
77,1778488954791,-0.0045037772,0.007210512400000001,0.000800201999999901,2
78,1778488954796,-0.0042307772,0.007210512400000001,0.000800201999999901,2
79,1778488954801,-0.0042268772,0.0061575124000000005,0.0006949019999999261,2
80,1778488954806,-0.0042268772,0.0061575124000000005,0.0006949019999999261,2
81,1778488954810,-0.0044998772,0.0058026124000000005,0.000956201999999946,2
82,1778488954813,-0.0044998772,0.0058026124000000005,0.000956201999999946,2
83,1778488954818,-0.0045466772,0.0062589124,0.0005350020000000465,2
84,1778488954822,-0.0045466772,0.0062589124,0.0005350020000000465,2
85,1778488954826,-0.0045856772,0.0072924124,0.000987401999999955,2
86,1778488954829,-0.0045856772,0.0072924124,0.000987401999999955,2
87,1778488954833,-0.0041605772,0.007787712400000001,-0.00019819799999994288,2
88,1778488954837,-0.0041605772,0.007787712400000001,-0.00019819799999994288,2
89,1778488954841,-0.0039616771999999995,0.007740912400000001,0.0007105019999999306,2
90,1778488954845,-0.0039616771999999995,0.007740912400000001,0.0007105019999999306,2
91,1778488954849,-0.0036730771999999995,0.0070584124,-0.0001942980000001083,2
92,1778488954852,-0.0036730771999999995,0.0070584124,-0.0001942980000001083,2
93,1778488954856,-0.004152777199999999,0.005868912400000001,-0.000217698000000004,2
94,1778488954860,-0.004152777199999999,0.005868912400000001,-0.000217698000000004,2
95,1778488954864,-0.0042658772,0.006555312400000001,0.00023080200000006983,2
96,1778488954868,-0.0042658772,0.006555312400000001,0.00023080200000006983,2
97,1778488954872,-0.004628577199999999,0.0064305123999999995,1.6302000000063474e-05,2
98,1778488954876,-0.004628577199999999,0.0064305123999999995,1.6302000000063474e-05,2
99,1778488954880,-0.004562277199999999,0.0075264124,0.0008353019999999666,2
100,1778488954886,-0.004562277199999999,0.0075264124,0.0008353019999999666,2
101,1778488954891,-0.0046207772,0.007740912400000001,4.750200000007247e-05,2
102,1778488954897,-0.0045544771999999996,0.0077253124,0.00045700200000002404,2
103,1778488954901,-0.0045544771999999996,0.0077253124,0.00045700200000002404,2
104,1778488954904,-0.0041761772,0.006543612400000001,-0.00012019799999992038,2
105,1778488954908,-0.0041761772,0.006543612400000001,-0.00012019799999992038,2
106,1778488954912,-0.0042307772,0.0065475124,0.0009757020000000071,2
107,1778488954916,-0.0042307772,0.0065475124,0.0009757020000000071,2
108,1778488954920,-0.0044101772,0.006212112400000001,-0.00022159800000006065,2
109,1778488954923,-0.0044101772,0.006212112400000001,-0.00022159800000006065,2
110,1778488954927,-0.0044101772,0.0069726124,0.0012214020000000225,2
111,1778488954931,-0.0045934771999999995,0.0069726124,0.0012214020000000225,2
112,1778488954935,-0.0045934771999999995,0.0069726124,-3.439800000000666e-05,2
113,1778488954939,-0.0045427772,0.0075927124,-3.439800000000666e-05,2
114,1778488954942,-0.0045427772,0.0075927124,0.0006247020000000169,2
115,1778488954946,-0.0045232772,0.007791612400000002,0.0006247020000000169,2
116,1778488954950,-0.0045232772,0.007791612400000002,0.0006247020000000169,2
117,1778488954954,-0.0042229772,0.0072456124,-7.098000000054297e-06,2
118,1778488954958,-0.0042229772,0.0072456124,-7.098000000054297e-06,2
119,1778488954962,-0.0039460772,0.0064500124,0.00017230199999988642,2
120,1778488954965,-0.0039460772,0.0064500124,0.00017230199999988642,2
121,1778488954969,-0.0039226771999999995,0.006188712400000001,0.0006052019999999558,2
122,1778488954976,-0.0040552771999999996,0.0062745124,-2.6598000000115432e-05,2
123,1778488954982,-0.0040552771999999996,0.0062745124,-2.6598000000115432e-05,2
124,1778488954987,-0.0043555772,0.0073782124000000004,0.00039460200000000605,2
0,1778488955063,-0.0043828771999999995,0.007803312400000002,0.0005545019999998856,2
1,1778488955072,-0.0046129772,0.006212112400000001,0.0002503019999999089,2
2,1778488955085,-0.0043204772,0.006134112400000001,0.0005038020000000375,2
3,1778488955179,-0.0045193772,0.0054984123999999995,-0.00036589800000004676,2
4,1778488955182,-0.004507677199999999,0.0055413124,0.0007027020000000394,2
5,1778488955185,-0.0046987771999999995,0.005833812400000001,0.0003985020000000627,2
6,1778488955188,-0.0046987771999999995,0.005833812400000001,0.0003985020000000627,2
7,1778488955190,-0.0046987771999999995,0.007152012400000001,0.0003712019999998883,2
8,1778488955193,-0.0044140772,0.007152012400000001,0.0003712019999998883,2
9,1778488955196,-0.0044140772,0.007152012400000001,0.0003712019999998883,2
10,1778488955198,-0.0044140772,0.0074484124,6.310200000007697e-05,2
11,1778488955201,-0.0040318772,0.0074484124,6.310200000007697e-05,2
12,1778488955204,-0.0040318772,0.0074484124,6.310200000007697e-05,2
13,1778488955206,-0.0040318772,0.0081465124,0.0009328020000000502,2
14,1778488955209,-0.0038797771999999997,0.0081465124,0.0009328020000000502,2
15,1778488955212,-0.0038797771999999997,0.0081465124,0.0009328020000000502,2
16,1778488955215,-0.004039677199999999,0.0069687124,-0.00046339800000001936,2
17,1778488955218,-0.004039677199999999,0.0069687124,-0.00046339800000001936,2
18,1778488955221,-0.004039677199999999,0.0069687124,-0.00046339800000001936,2
19,1778488955223,-0.0044023772,0.006387612400000001,0.0009016020000000412,2
20,1778488955226,-0.0044023772,0.006387612400000001,0.0009016020000000412,2
21,1778488955229,-0.0044023772,0.006387612400000001,0.0009016020000000412,2
22,1778488955231,-0.004562277199999999,0.005876712400000001,-0.0005023980000000306,2
23,1778488955234,-0.004562277199999999,0.005876712400000001,-0.0005023980000000306,2
24,1778488955237,-0.004562277199999999,0.005876712400000001,-0.0005023980000000306,2
25,1778488955239,-0.004706577199999999,0.0064617124,0.0005077019999998721,2
26,1778488955243,-0.004706577199999999,0.0064617124,0.0005077019999998721,2
27,1778488955245,-0.004706577199999999,0.0064617124,0.0005077019999998721,2
28,1778488955248,-0.0045193772,0.007620012400000001,0.00058180200000006,2
29,1778488955251,-0.0045193772,0.007620012400000001,0.00058180200000006,2
30,1778488955253,-0.0045193772,0.007620012400000001,0.00058180200000006,2
31,1778488955256,-0.0042346772,0.007861812400000001,0.00030100199999997905,2
32,1778488955259,-0.0042346772,0.007861812400000001,0.00030100199999997905,2
33,1778488955262,-0.0042346772,0.007861812400000001,0.00030100199999997905,2
34,1778488955264,-0.0041098772,0.007230012400000001,0.0009133019999999891,2
35,1778488955267,-0.0041098772,0.007230012400000001,0.0009133019999999891,2
36,1778488955270,-0.0041098772,0.007230012400000001,0.0003556019999998838,2
37,1778488955273,-0.0039499771999999995,0.0071910124,0.0003556019999998838,2
38,1778488955276,-0.0039499771999999995,0.0071910124,0.0003556019999998838,2
39,1778488955278,-0.0039499771999999995,0.0060366124,0.00012550199999987292,2
40,1778488955282,-0.004339977199999999,0.0060366124,0.00012550199999987292,2
41,1778488955286,-0.004339977199999999,0.0060366124,0.00012550199999987292,2
42,1778488955290,-0.0046129772,0.0056193124,0.0003556019999998838,2
43,1778488955296,-0.0046129772,0.0056193124,0.0003556019999998838,2
44,1778488955301,-0.004562277199999999,0.0068244124,0.0002269020000000132,2
45,1778488955305,-0.0044608771999999994,0.0074913124,-0.00013969799999998152,2
46,1778488955309,-0.0044608771999999994,0.0074913124,-0.00013969799999998152,2
47,1778488955313,-0.0041995771999999995,0.007744812399999999,0.0008860020000000367,2
48,1778488955317,-0.0041995771999999995,0.007744812399999999,0.0008860020000000367,2
49,1778488955321,-0.0041137772,0.007421112400000001,-0.00025279800000006965,2
50,1778488955325,-0.0041137772,0.007421112400000001,-0.00025279800000006965,2
51,1778488955329,-0.0040591772,0.0065943124,0.00048040199999991977,2
52,1778488955333,-0.0040591772,0.0065943124,0.00048040199999991977,2
53,1778488955337,-0.004250277199999999,0.0058611124,0.00023860199999996105,2
54,1778488955341,-0.004250277199999999,0.0058611124,0.00023860199999996105,2
55,1778488955345,-0.0045466772,0.005790912400000001,0.00023860199999996105,2
56,1778488955350,-0.0045466772,0.005790912400000001,0.00023860199999996105,2
57,1778488955354,-0.004683177199999999,0.006808812400000001,0.0003868019999998928,2
58,1778488955358,-0.004683177199999999,0.006808812400000001,0.0003868019999998928,2
59,1778488955362,-0.0046675772,0.0078462124,-0.0002917979999999699,2
60,1778488955366,-0.0046675772,0.0078462124,-0.0002917979999999699,2
61,1778488955371,-0.004328277199999999,0.0080373124,0.0002776020000000833,2
62,1778488955375,-0.004328277199999999,0.0080373124,-8.509800000007679e-05,2
63,1778488955379,-0.0041371772,0.0066411123999999995,-8.509800000007679e-05,2
64,1778488955383,-0.0041371772,0.006134112400000001,0.0005974020000000645,2
65,1778488955387,-0.004152777199999999,0.006134112400000001,0.0005974020000000645,2
66,1778488955391,-0.004152777199999999,0.006364212400000001,4.601999999893566e-06,2
67,1778488955396,-0.0042346772,0.006364212400000001,4.601999999893566e-06,2
68,1778488955400,-0.004495977199999999,0.006188712400000001,0.0007612020000000008,2
69,1778488955404,-0.004495977199999999,0.006188712400000001,0.0007612020000000008,2
70,1778488955408,-0.004507677199999999,0.0071364124,-0.00010849799999997252,2
71,1778488955412,-0.004507677199999999,0.0071364124,-0.00010849799999997252,2
72,1778488955416,-0.0044335772,0.0084741124,0.0009640020000000592,2
73,1778488955421,-0.0044335772,0.0084741124,0.0009640020000000592,2
74,1778488955425,-0.0040591772,0.007553712400000001,-0.00030349800000002876,2
75,1778488955429,-0.0040591772,0.007553712400000001,-0.00030349800000002876,2
76,1778488955433,-0.0040942771999999995,0.006266712400000001,0.0003751019999999449,2
77,1778488955437,-0.0040942771999999995,0.006266712400000001,0.0003751019999999449,2
78,1778488955441,-0.0039460772,0.0063915124,-0.0005257980000000374,2
79,1778488955446,-0.0039460772,0.0063915124,-0.0005257980000000374,2
80,1778488955450,-0.0040552771999999996,0.005954712400000001,-0.00017089799999999052,2
81,1778488955454,-0.0040552771999999996,0.005954712400000001,-0.00017089799999999052,2
82,1778488955458,-0.0040669771999999995,0.0068595124,0.0008977019999999846,2
83,1778488955462,-0.0040669771999999995,0.0068595124,0.0008977019999999846,2
84,1778488955467,-0.0044881771999999995,0.007850112400000001,0.000550602000000051,2
85,1778488955471,-0.0044881771999999995,0.007850112400000001,0.0004843019999999764,2
86,1778488955475,-0.0046753772,0.0078696124,0.0004843019999999764,2
87,1778488955479,-0.0046753772,0.0070116124000000005,0.0004687019999999719,2
88,1778488955483,-0.004616877199999999,0.0070116124000000005,0.0004687019999999719,2
89,1778488955488,-0.0043321772,0.006754212400000001,0.0012292019999999137,2
90,1778488955492,-0.0043321772,0.006754212400000001,0.0012292019999999137,2
91,1778488955496,-0.0045544771999999996,0.0053853124,0.00010600200000003383,2
92,1778488955500,-0.0045544771999999996,0.0053853124,0.00010600200000003383,2
93,1778488955504,-0.0044608771999999994,0.0060054124,0.0014983020000000468,2
94,1778488955509,-0.0044608771999999994,0.0060054124,0.0014983020000000468,2
95,1778488955513,-0.004406277199999999,0.0071364124,7.020000000589749e-07,2
96,1778488955517,-0.004406277199999999,0.0071364124,7.020000000589749e-07,2
97,1778488955521,-0.004351677199999999,0.0076551124000000005,0.0014008019999999632,2
98,1778488955526,-0.004351677199999999,0.0076551124000000005,0.0014008019999999632,2
99,1778488955530,-0.0040864772,0.0074601124,0.0003088020000000923,2
100,1778488955533,-0.0040864772,0.0074601124,0.0003088020000000923,2
101,1778488955537,-0.0042112772,0.006699612400000001,0.000519402000000042,2
102,1778488955541,-0.0042112772,0.006699612400000001,0.000519402000000042,2
103,1778488955545,-0.0041644772,0.0063291124,-0.00019819799999994288,2
104,1778488955549,-0.0041644772,0.0063291124,-0.00019819799999994288,2
105,1778488955553,-0.0043438771999999995,0.0059937124,-0.00019819799999994288,2
106,1778488955558,-0.0043438771999999995,0.0059937124,-0.00019819799999994288,2
107,1778488955562,-0.0040240772,0.0070818124,-0.00036589800000004676,2
108,1778488955566,-0.0040240772,0.0070818124,-0.00036589800000004676,2
109,1778488955570,-0.004195677199999999,0.007659012400000002,-0.0003619979999999901,2
110,1778488955574,-0.004195677199999999,0.007659012400000002,-0.0003619979999999901,2
111,1778488955578,-0.0043750772,0.0083376124,-2.6598000000115432e-05,2
112,1778488955583,-0.0043750772,0.0083376124,-0.00045949799999996273,2
113,1778488955587,-0.004651977199999999,0.0073821124,-0.00045949799999996273,2
114,1778488955591,-0.004651977199999999,0.0068946124,0.0018103019999999147,2
115,1778488955595,-0.0048313772,0.0068946124,0.0018103019999999147,2
116,1778488955599,-0.0048313772,0.005724612400000001,0.00028540199999997455,2
117,1778488955603,-0.0049639772,0.005724612400000001,0.00028540199999997455,2
118,1778488955607,-0.0045232772,0.0060288124,0.0014632019999999812,2
119,1778488955612,-0.0045232772,0.0060288124,0.0014632019999999812,2
120,1778488955616,-0.004261977199999999,0.0068400124,-3.8298000000063295e-05,2
121,1778488955620,-0.004261977199999999,0.0068400124,-3.8298000000063295e-05,2
122,1778488955624,-0.004141077199999999,0.007440612400000001,0.001081001999999982,2
123,1778488955628,-0.004141077199999999,0.007440612400000001,0.001081001999999982,2
124,1778488955633,-0.0037237772,0.0079671124,-0.00015529799999998602,2
0,1778488955705,-0.0046636772,0.0054048124,-0.00010459799999991588,2
1,1778488955740,-0.0042697772,0.0074562124,-0.0005686979999999942,2
2,1778488955747,-0.0037393771999999995,0.007651212399999999,0.0004960019999999243,2
3,1778488955798,-0.0037276771999999996,0.0065943124,-0.0006115980000000621,2
4,1778488955827,-0.0048859772,0.0064695124,-0.00032299799999997887,2
5,1778488955831,-0.0048859772,0.007097412400000001,0.0004453020000000762,2
6,1778488955834,-0.0049795772,0.007097412400000001,0.0004453020000000762,2
7,1778488955838,-0.0049795772,0.007097412400000001,0.0001333019999999862,2
8,1778488955843,-0.0045661771999999995,0.008368812400000002,0.0001333019999999862,2
9,1778488955847,-0.0045661771999999995,0.008368812400000002,0.0023407020000000677,2
10,1778488955851,-0.004129377199999999,0.0073899124,0.0023407020000000677,2
11,1778488955855,-0.004129377199999999,0.0061731124,-0.0005998980000000032,2
12,1778488955859,-0.0037627771999999998,0.0061731124,-0.0005998980000000032,2
13,1778488955863,-0.003930477199999999,0.0061419123999999995,-0.0003151979999999766,2
14,1778488955868,-0.003930477199999999,0.0061419123999999995,-0.0003151979999999766,2
15,1778488955872,-0.0038368772,0.0071832124,0.0006481019999999126,2
16,1778488955876,-0.0038368772,0.0071832124,0.0006481019999999126,2
17,1778488955880,-0.0043711772,0.0056154124,-0.0007987980000000051,2
18,1778488955884,-0.0043711772,0.0056154124,-0.0007987980000000051,2
19,1778488955888,-0.0046597771999999996,0.006921912400000001,0.0011473020000000566,2
20,1778488955893,-0.0046597771999999996,0.006921912400000001,0.0011473020000000566,2
21,1778488955897,-0.0045544771999999996,0.006941412400000001,-0.0007246980000000392,2
22,1778488955901,-0.0045544771999999996,0.006941412400000001,-0.0007246980000000392,2
23,1778488955905,-0.004550577199999999,0.0072729124,0.001018601999999964,2
24,1778488955909,-0.004550577199999999,0.0072729124,0.001018601999999964,2
25,1778488955914,-0.0040201772,0.007709712399999999,0.0014086020000000764,2
26,1778488955918,-0.0040201772,0.007709712399999999,0.0014086020000000764,2
27,1778488955922,-0.0037822771999999998,0.0073821124,0.0005623019999999989,2
28,1778488955925,-0.0037822771999999998,0.0073821124,0.0005623019999999989,2
29,1778488955931,-0.004406277199999999,0.0055842124,-0.0016684979999999783,2
30,1778488955935,-0.004406277199999999,0.0062745124,0.0005077019999998721,2
31,1778488955941,-0.0047689772,0.0062745124,0.0005077019999998721,2
32,1778488955945,-0.0049561772,0.0072144124,7.480200000002483e-05,2
33,1778488955949,-0.0049561772,0.0072144124,7.480200000002483e-05,2
34,1778488955953,-0.004928877199999999,0.0075693124,0.0025630019999999653,2
35,1778488955957,-0.004928877199999999,0.0075693124,0.0025630019999999653,2
36,1778488955961,-0.0041137772,0.008130912399999999,-0.00020989800000011279,2
37,1778488955967,-0.0041137772,0.008130912399999999,-0.00020989800000011279,2
38,1778488955971,-0.0040591772,0.0058962124,-0.0008260980000000685,2
39,1778488955975,-0.0037510772,0.0057363124000000005,0.0001333019999999862,2
40,1778488955980,-0.0037510772,0.0057363124000000005,0.0001333019999999862,2
41,1778488955984,-0.004008477199999999,0.006177012400000001,0.001474901999999929,2
42,1778488955988,-0.004008477199999999,0.006177012400000001,0.001474901999999929,2
43,1778488955992,-0.0043906772,0.0071364124,0.001424202000000081,2
44,1778488955996,-0.0043906772,0.0071364124,0.001424202000000081,2
45,1778488956000,-0.0047923772,0.0076785124,-0.00043219800000001037,2
46,1778488956004,-0.0047923772,0.0076785124,-0.00043219800000001037,2
47,1778488956009,-0.0045700772,0.008189412400000002,-0.00040099800000000137,2
48,1778488956013,-0.0045700772,0.008189412400000002,-0.00040099800000000137,2
49,1778488956017,-0.0044608771999999994,0.0066411123999999995,-0.00028399800000007865,2
50,1778488956021,-0.0044608771999999994,0.0066411123999999995,-0.00028399800000007865,2
51,1778488956025,-0.004129377199999999,0.0064929124,0.0016777019999999875,2
52,1778488956030,-0.004129377199999999,0.0064929124,0.0016777019999999875,2
53,1778488956034,-0.004152777199999999,0.0059274124,4.750200000007247e-05,2
54,1778488956038,-0.004152777199999999,0.0059274124,4.750200000007247e-05,2
55,1778488956043,-0.0042307772,0.0065397124,0.0005779020000000034,2
56,1778488956047,-0.0042307772,0.0073704124,-0.0009742980000000002,2
57,1778488956051,-0.004507677199999999,0.0073704124,-0.0009742980000000002,2
58,1778488956055,-0.0047104772,0.0072183123999999994,0.0007924020000000098,2
59,1778488956059,-0.0047104772,0.0072183123999999994,0.0007924020000000098,2
60,1778488956063,-0.004472577199999999,0.007584912400000001,0.0007495020000000529,2
61,1778488956068,-0.004472577199999999,0.007584912400000001,0.0007495020000000529,2
62,1778488956072,-0.0045232772,0.006664512400000001,0.00058180200000006,2
63,1778488956076,-0.0045232772,0.006664512400000001,0.00058180200000006,2
64,1778488956080,-0.004363377199999999,0.005966412400000001,0.0003244019999998748,2
65,1778488956084,-0.004363377199999999,0.005966412400000001,0.0003244019999998748,2
66,1778488956089,-0.0042268772,0.006001512400000001,0.0003712019999998883,2
67,1778488956093,-0.0042268772,0.006001512400000001,0.0003712019999998883,2
68,1778488956097,-0.0039616771999999995,0.0073821124,0.00040240199999989727,2
69,1778488956101,-0.0039616771999999995,0.0073821124,0.00040240199999989727,2
70,1778488956105,-0.0037042772,0.0074679124,-0.00022939799999995188,2
71,1778488956110,-0.0037042772,0.0074679124,-0.00022939799999995188,2
72,1778488956114,-0.0039694772,0.0081348124,0.000987401999999955,2
73,1778488956118,-0.0039694772,0.0081348124,0.000987401999999955,2
74,1778488956122,-0.0044023772,0.0072066123999999995,-0.000841698000000073,2
75,1778488956126,-0.0044023772,0.0072066123999999995,0.0006052019999999558,2
76,1778488956130,-0.004772877199999999,0.0065280124,0.0006052019999999558,2
77,1778488956135,-0.004772877199999999,0.0057480124,-0.0003892980000000535,2
78,1778488956139,-0.0044764772,0.0057480124,-0.0003892980000000535,2
79,1778488956143,-0.0044764772,0.005779212400000001,0.000956201999999946,2
80,1778488956147,-0.0045895772,0.005779212400000001,0.000956201999999946,2
81,1778488956151,-0.0041800772,0.007253412400000001,0.0004609020000000807,2
82,1778488956155,-0.0041800772,0.007253412400000001,0.0004609020000000807,2
83,1778488956160,-0.0040279771999999995,0.008173812400000001,0.0009133019999999891,2
84,1778488956164,-0.0040279771999999995,0.008173812400000001,0.0009133019999999891,2
85,1778488956168,-0.0043204772,0.008283012400000001,0.00042580200000001504,2
86,1778488956172,-0.0043204772,0.008283012400000001,0.00042580200000001504,2
87,1778488956176,-0.004507677199999999,0.0070740123999999995,0.00012940199999992956,2
88,1778488956181,-0.004507677199999999,0.0070740123999999995,0.00012940199999992956,2
89,1778488956185,-0.0047026772,0.006079512400000001,-0.000217698000000004,2
90,1778488956189,-0.0047026772,0.006079512400000001,-0.000217698000000004,2
91,1778488956193,-0.0045466772,0.005112312400000001,-0.0006583979999999646,2
92,1778488956197,-0.0045466772,0.005112312400000001,-0.0006583979999999646,2
93,1778488956201,-0.0043984772,0.0064734124,-2.2698000000058796e-05,2
94,1778488956205,-0.0043984772,0.0064734124,-2.2698000000058796e-05,2
95,1778488956210,-0.0038095772,0.0078189124,-0.0006193980000000644,2
96,1778488956214,-0.0038095772,0.0078189124,-0.0006193980000000644,2
97,1778488956218,-0.0038446771999999995,0.0086730124,0.0010108020000000727,2
98,1778488956222,-0.0038446771999999995,0.0086730124,-0.000560897999999992,2
99,1778488956226,-0.0038251771999999996,0.0072846123999999995,-0.000560897999999992,2
100,1778488956231,-0.0038251771999999996,0.0059391124,0.0009601020000000026,2
101,1778488956235,-0.0045583772,0.0059391124,0.0009601020000000026,2
102,1778488956239,-0.0045583772,0.005124012400000001,0.001318901999999884,2
103,1778488956243,-0.004550577199999999,0.005124012400000001,0.001318901999999884,2
104,1778488956247,-0.0049444772,0.0054867124,0.0016582019999999264,2
105,1778488956251,-0.0049444772,0.0054867124,0.0016582019999999264,2
106,1778488956256,-0.0047884772,0.0073665124000000005,0.001580201999999904,2
107,1778488956260,-0.0047884772,0.0073665124000000005,0.001580201999999904,2
108,1778488956264,-0.0041644772,0.0084117124,0.0010966019999999865,2
109,1778488956268,-0.0041644772,0.0084117124,0.0010966019999999865,2
110,1778488956272,-0.004074777199999999,0.007971012400000001,0.0002737020000000267,2
111,1778488956277,-0.004074777199999999,0.007971012400000001,0.0002737020000000267,2
112,1778488956281,-0.0039031771999999995,0.0067737124,-0.00028399800000007865,2
113,1778488956285,-0.0039031771999999995,0.0067737124,-0.00028399800000007865,2
114,1778488956289,-0.004507677199999999,0.0060054124,-0.0006466980000000167,2
115,1778488956293,-0.004507677199999999,0.0060054124,-0.0006466980000000167,2
116,1778488956298,-0.0046792772,0.0056310124,-0.0009664979999999979,2
117,1778488956302,-0.0046792772,0.0056310124,-0.0009664979999999979,2
118,1778488956306,-0.0045700772,0.0068478124,-0.00036979799999999237,2
119,1778488956310,-0.0045700772,0.0068478124,-0.00036979799999999237,2
120,1778488956319,-0.0043126772,0.007885212400000001,-0.0004867980000000261,2
121,1778488956323,-0.004117677199999999,0.008201112400000002,0.0010459019999999163,2
122,1778488956326,-0.004117677199999999,0.0075927124,0.0007456019999999963,2
123,1778488956330,-0.0037393771999999995,0.0075927124,0.0007456019999999963,2
124,1778488956334,-0.0037393771999999995,0.006153612400000001,0.0014359020000000288,2
0,1778488956549,-0.0047299772,0.0068283124,-0.00033859799999998337,2
1,1778488956553,-0.0044257772,0.0069063124,0.00044920199999991077,2
2,1778488956556,-0.0044257772,0.0069063124,0.00044920199999991077,2
3,1778488956562,-0.0041917772,0.005634912400000001,-8.509800000007679e-05,2
4,1778488956566,-0.0041917772,0.005634912400000001,0.0006598020000000825,2
5,1778488956570,-0.0041059771999999994,0.007042812400000001,0.0006598020000000825,2
6,1778488956574,-0.0041059771999999994,0.007042812400000001,0.0006598020000000825,2
7,1778488956578,-0.0041644772,0.0077604124,-0.00026839800000007415,2
8,1778488956582,-0.0041644772,0.0077604124,0.0006013019999998991,2
9,1778488956586,-0.0044023772,0.0074367124,0.0006013019999998991,2
10,1778488956590,-0.0044023772,0.007198812400000001,-0.0003775979999999946,2
11,1778488956595,-0.004651977199999999,0.007198812400000001,-0.0003775979999999946,2
12,1778488956599,-0.0047026772,0.006633312400000001,0.0013423020000000018,2
13,1778488956603,-0.0047026772,0.006633312400000001,0.0013423020000000018,2
14,1778488956607,-0.0044686772,0.0056622124,0.00012160200000003833,2
15,1778488956611,-0.0044686772,0.0056622124,0.00012160200000003833,2
16,1778488956615,-0.0041995771999999995,0.005868912400000001,0.0008236020000000187,2
17,1778488956620,-0.0041995771999999995,0.005868912400000001,0.0008236020000000187,2
18,1778488956624,-0.0036847772,0.0074484124,0.0008041019999999576,2
19,1778488956628,-0.0036847772,0.0074484124,0.0008041019999999576,2
20,1778488956632,-0.0037237772,0.0074601124,-0.00036979799999999237,2
21,1778488956636,-0.0037237772,0.0074601124,-0.00036979799999999237,2
22,1778488956641,-0.0040435772,0.0080412124,0.0007534019999998875,2
23,1778488956645,-0.0040435772,0.0080412124,0.0007534019999998875,2
24,1778488956649,-0.0042307772,0.0068595124,-0.000592098000000001,2
25,1778488956653,-0.0042307772,0.0068595124,-0.000592098000000001,2
26,1778488956657,-0.0047455772,0.0063369124,0.0005701019999998901,2
27,1778488956661,-0.0047455772,0.0063369124,0.0005701019999998901,2
28,1778488956666,-0.0046714771999999995,0.0058533123999999995,-0.00017479800000004715,2
29,1778488956670,-0.0046714771999999995,0.0058533123999999995,-0.00017479800000004715,2
30,1778488956675,-0.0046675772,0.006489012400000001,0.0010459019999999163,2
31,1778488956680,-0.0041605772,0.0075030124,9.040200000002933e-05,2
32,1778488956684,-0.0041605772,0.0075030124,9.040200000002933e-05,2
33,1778488956689,-0.0040123772,0.008489712400000002,0.0010420020000000817,2
34,1778488956693,-0.0040123772,0.008489712400000002,0.0010420020000000817,2
35,1778488956697,-0.0039694772,0.0071286124,-0.0006817979999999713,2
36,1778488956701,-0.0039694772,0.0071286124,-0.0006817979999999713,2
37,1778488956705,-0.0046324771999999995,0.0067269124,0.000800201999999901,2
38,1778488956710,-0.0046324771999999995,0.0067269124,0.000800201999999901,2
39,1778488956714,-0.004694877199999999,0.0062706124,4.750200000007247e-05,2
40,1778488956718,-0.004694877199999999,0.0062706124,4.750200000007247e-05,2
41,1778488956722,-0.0047338772,0.0055140124000000006,-0.00017479800000004715,2
42,1778488956726,-0.0047338772,0.0055140124000000006,0.0005623019999999989,2
43,1778488956730,-0.0042931772,0.0069843124,0.0005623019999999989,2
44,1778488956735,-0.0042931772,0.007795512399999999,0.0001177019999999817,2
45,1778488956739,-0.0040045772,0.007795512399999999,0.0001177019999999817,2
46,1778488956743,-0.0036145771999999995,0.008150412400000001,0.0009055019999998758,2
47,1778488956747,-0.0036145771999999995,0.008150412400000001,0.0009055019999998758,2
48,1778488956751,-0.0037861771999999996,0.007253412400000001,-0.00017089799999999052,2
49,1778488956755,-0.0037861771999999996,0.007253412400000001,-0.00017089799999999052,2
50,1778488956760,-0.0041605772,0.0064695124,0.0010420020000000817,2
51,1778488956764,-0.0041605772,0.0064695124,0.0010420020000000817,2
52,1778488956768,-0.0044881771999999995,0.0055296124,-0.00036589800000004676,2
53,1778488956772,-0.0044881771999999995,0.0055296124,-0.00036589800000004676,2
54,1778488956776,-0.004796277199999999,0.0063018124000000005,0.0014671020000000378,2
55,1778488956781,-0.004796277199999999,0.0063018124000000005,0.0014671020000000378,2
56,1778488956785,-0.0045661771999999995,0.007175412400000001,-0.0006271980000000666,2
57,1778488956789,-0.0045661771999999995,0.007175412400000001,-0.0006271980000000666,2
58,1778488956793,-0.0044452772,0.0079281124,0.0013072019999999362,2
59,1778488956797,-0.0044452772,0.0079281124,0.0013072019999999362,2
60,1778488956801,-0.003918777199999999,0.0082440124,-0.00018259799999993838,2
61,1778488956806,-0.003918777199999999,0.0082440124,-0.00018259799999993838,2
62,1778488956810,-0.004129377199999999,0.0069960123999999995,0.00047260200000002854,2
63,1778488956814,-0.004129377199999999,0.0069960123999999995,0.0007534019999998875,2
64,1778488956818,-0.004429677199999999,0.0064500124,0.0007534019999998875,2
65,1778488956822,-0.004429677199999999,0.0064500124,-1.4897999999945524e-05,2
66,1778488956825,-0.0048469772,0.0057285124,-1.4897999999945524e-05,2
67,1778488956829,-0.0048469772,0.0057285124,-1.4897999999945524e-05,2
68,1778488956833,-0.004983477199999999,0.0066918124,0.0006052019999999558,2
69,1778488956838,-0.004983477199999999,0.0066918124,0.0006052019999999558,2
70,1778488956842,-0.004706577199999999,0.007054512400000001,-0.000685698000000028,2
71,1778488956846,-0.004706577199999999,0.007054512400000001,0.0008665019999999756,2
72,1778488956850,-0.0041722771999999995,0.0083298124,0.0008665019999999756,2
73,1778488956854,-0.0041722771999999995,0.0083298124,-0.00014359800000003815,2
74,1778488956858,-0.0037120772,0.0072573124,-0.00014359800000003815,2
75,1778488956863,-0.0037120772,0.006863412400000001,0.001568501999999956,2
76,1778488956867,-0.0036340771999999995,0.006863412400000001,0.001568501999999956,2
77,1778488956871,-0.0040045772,0.0058923124,-0.0005257980000000374,2
78,1778488956875,-0.0040045772,0.0058923124,-0.0005257980000000374,2
79,1778488956879,-0.0043438771999999995,0.006321312400000001,0.0013267019999999973,2
80,1778488956883,-0.0043438771999999995,0.006321312400000001,0.0013267019999999973,2
81,1778488956888,-0.0044569772,0.006223812400000001,-0.0005803980000000531,2
82,1778488956892,-0.0044569772,0.006223812400000001,-0.0005803980000000531,2
83,1778488956896,-0.004839177199999999,0.007152012400000001,0.0010966019999999865,2
84,1778488956900,-0.004839177199999999,0.007152012400000001,0.0010966019999999865,2
85,1778488956904,-0.004195677199999999,0.0084234124,-0.00038539799999999687,2
86,1778488956908,-0.004195677199999999,0.0084234124,-0.00038539799999999687,2
87,1778488956913,-0.0041605772,0.0071793124,0.0005389019999998811,2
88,1778488956917,-0.0041605772,0.0071793124,0.0005389019999998811,2
89,1778488956921,-0.0041878772,0.006531912400000001,4.750200000007247e-05,2
90,1778488956925,-0.0041878772,0.006531912400000001,4.750200000007247e-05,2
91,1778488956929,-0.0043789772,0.0063369124,-1.879800000000216e-05,2
92,1778488956933,-0.0043789772,0.0063369124,-1.879800000000216e-05,2
93,1778488956938,-0.0045700772,0.006711312400000001,-1.4897999999945524e-05,2
94,1778488956942,-0.0045700772,0.006711312400000001,-1.4897999999945524e-05,2
95,1778488956946,-0.0046207772,0.006442212400000001,-0.000436098000000067,2
96,1778488956950,-0.0046207772,0.006442212400000001,0.0007885019999999531,2
97,1778488956954,-0.0046324771999999995,0.007764312400000001,0.0007885019999999531,2
98,1778488956958,-0.0046324771999999995,0.007861812400000001,-0.0005881980000000554,2
99,1778488956963,-0.0046012772,0.007861812400000001,-0.0005881980000000554,2
100,1778488956967,-0.0043048771999999996,0.0072339124000000005,0.0012799019999999838,2
101,1778488956971,-0.0043048771999999996,0.0072339124000000005,0.0012799019999999838,2
102,1778488956975,-0.0039655772,0.005798712400000001,0.0002932020000000878,2
103,1778488956979,-0.0039655772,0.005798712400000001,0.0002932020000000878,2
104,1778488956983,-0.0039460772,0.005767512400000001,0.0019195019999999462,2
105,1778488956988,-0.0039460772,0.005767512400000001,0.0019195019999999462,2
106,1778488956992,-0.0039421772,0.006555312400000001,-4.609799999995452e-05,2
107,1778488956996,-0.0039421772,0.006555312400000001,-4.609799999995452e-05,2
108,1778488957000,-0.0043555772,0.0071364124,0.0010030019999999595,2
109,1778488957004,-0.0043555772,0.0071364124,0.0010030019999999595,2
110,1778488957009,-0.0044647772,0.0079203124,8.260199999991606e-05,2
111,1778488957013,-0.0044647772,0.0079203124,8.260199999991606e-05,2
112,1778488957017,-0.0046636772,0.007152012400000001,-0.00010459799999991588,2
113,1778488957021,-0.0046636772,0.007152012400000001,-0.00010459799999991588,2
114,1778488957025,-0.004363377199999999,0.0071247124,0.00012160200000003833,2
115,1778488957029,-0.004363377199999999,0.0071247124,0.00012160200000003833,2
116,1778488957034,-0.0044335772,0.006087312400000001,0.0005896019999999513,2
117,1778488957038,-0.0044335772,0.006087312400000001,0.0005896019999999513,2
118,1778488957042,-0.0042892772,0.0064461124000000005,0.0007456019999999963,2
119,1778488957046,-0.0042892772,0.0064461124000000005,0.00017620199999994306,2
120,1778488957050,-0.004484277199999999,0.006777612400000001,0.00017620199999994306,2
121,1778488957054,-0.004484277199999999,0.007935912400000002,0.0013891020000000153,2
122,1778488957059,-0.0043438771999999995,0.007935912400000002,0.0013891020000000153,2
123,1778488957063,-0.0044452772,0.0073392124,-0.0005725980000000509,2
124,1778488957067,-0.0044452772,0.0073392124,-0.0005725980000000509,2
0,1778488957141,-0.0044101772,0.007187112400000001,0.0006286020000000735,2
1,1778488957158,-0.0044101772,0.0063018124000000005,0.00058180200000006,2
2,1778488957248,-0.0041020772,0.0074250124,0.0009601020000000026,2
3,1778488957270,-0.0044218771999999995,0.008251812399999999,-0.00022939799999995188,2
4,1778488957274,-0.0038914771999999996,0.008251812399999999,-0.00022939799999995188,2
5,1778488957278,-0.0038914771999999996,0.0075615123999999995,0.0007222019999998785,2
6,1778488957282,-0.0040669771999999995,0.0075615123999999995,0.0007222019999998785,2
7,1778488957286,-0.0040669771999999995,0.0069297123999999995,-0.00025279800000006965,2
8,1778488957290,-0.0041098772,0.0069297123999999995,-0.00025279800000006965,2
9,1778488957294,-0.0041098772,0.0060912124000000005,0.0007885019999999531,2
10,1778488957298,-0.0045661771999999995,0.0060912124000000005,0.0007885019999999531,2
11,1778488957301,-0.0045661771999999995,0.0060912124000000005,0.00047260200000002854,2
12,1778488957305,-0.004683177199999999,0.006134112400000001,0.00047260200000002854,2
13,1778488957309,-0.004683177199999999,0.006134112400000001,0.00047260200000002854,2
14,1778488957313,-0.0044647772,0.0064929124,0.00036340199999999705,2
15,1778488957317,-0.0044647772,0.0064929124,0.00036340199999999705,2
16,1778488957321,-0.0041917772,0.0076824124000000014,5.9202000000020336e-05,2
17,1778488957324,-0.0041917772,0.0076824124000000014,5.9202000000020336e-05,2
18,1778488957328,-0.0041449772,0.0077370124,0.000550602000000051,2
19,1778488957332,-0.0041449772,0.0077370124,0.000550602000000051,2
20,1778488957336,-0.0038797771999999997,0.0075108124000000005,0.0006637019999999171,2
21,1778488957340,-0.0038797771999999997,0.0075108124000000005,0.0006637019999999171,2
22,1778488957344,-0.0041644772,0.0061731124,0.00015280200000004733,2
23,1778488957348,-0.0041644772,0.0061731124,0.00015280200000004733,2
24,1778488957351,-0.0042424772,0.0060951124,0.0006286020000000735,2
25,1778488957356,-0.0042424772,0.0060951124,0.0006286020000000735,2
26,1778488957359,-0.0048664772,0.005923512400000001,-3.0497999999950023e-05,2
27,1778488957363,-0.0048664772,0.005923512400000001,-3.0497999999950023e-05,2
28,1778488957367,-0.0046714771999999995,0.0070233124000000004,0.00034780199999999255,2
29,1778488957371,-0.0046714771999999995,0.0070233124000000004,0.00034780199999999255,2
30,1778488957375,-0.0044920772,0.007838412400000001,0.00026980199999997005,2
31,1778488957379,-0.0044920772,0.007838412400000001,0.00026980199999997005,2
32,1778488957383,-0.0043165771999999995,0.0079398124,0.0006949019999999261,2
33,1778488957386,-0.0043165771999999995,0.0079398124,0.0006949019999999261,2
34,1778488957390,-0.0038953772,0.0071559124000000005,0.0005155019999999854,2
35,1778488957394,-0.0038953772,0.0071559124000000005,0.0005155019999999854,2
36,1778488957398,-0.0039421772,0.006297912400000001,0.0007222019999998785,2
37,1778488957402,-0.0039421772,0.006297912400000001,0.0007222019999998785,2
38,1778488957406,-0.0039421772,0.005943012400000001,3.190200000006797e-05,2
39,1778488957410,-0.004261977199999999,0.005943012400000001,3.190200000006797e-05,2
40,1778488957414,-0.004261977199999999,0.006243312400000001,0.0005896019999999513,2
41,1778488957417,-0.0044803772,0.006243312400000001,0.0005896019999999513,2
42,1778488957421,-0.0044803772,0.006243312400000001,0.0005896019999999513,2
43,1778488957425,-0.0044764772,0.0074055124,2.0201999999898065e-05,2
44,1778488957429,-0.0044764772,0.0074055124,2.0201999999898065e-05,2
45,1778488957433,-0.0047806772,0.007577112400000001,0.00047260200000002854,2
46,1778488957437,-0.0047806772,0.007577112400000001,0.00047260200000002854,2
47,1778488957441,-0.004074777199999999,0.007861812400000001,0.0002113020000000087,2
48,1778488957444,-0.004074777199999999,0.007861812400000001,0.0002113020000000087,2
49,1778488957448,-0.0042385771999999995,0.0067464124,5.1401999999907064e-05,2
50,1778488957452,-0.0042385771999999995,0.0067464124,5.1401999999907064e-05,2
51,1778488957456,-0.004207377199999999,0.0062589124,0.000956201999999946,2
52,1778488957460,-0.004207377199999999,0.0062589124,0.000956201999999946,2
53,1778488957464,-0.0042151772,0.0063057124,0.0001801019999999997,2
54,1778488957468,-0.0042151772,0.0063057124,0.0001801019999999997,2
55,1778488957471,-0.0043555772,0.0068790124000000005,0.0004531019999999674,2
56,1778488957475,-0.0043555772,0.0068790124000000005,0.0004531019999999674,2
57,1778488957479,-0.0045154772,0.007499112400000001,0.0003283019999999314,2
58,1778488957483,-0.0045154772,0.007499112400000001,0.0003283019999999314,2
59,1778488957487,-0.0045154772,0.007631712400000001,2.8002000000011337e-05,2
60,1778488957491,-0.0045154772,0.007631712400000001,2.8002000000011337e-05,2
61,1778488957496,-0.0044920772,0.007386012400000001,0.00021910199999989992,2
62,1778488957500,-0.0044920772,0.007386012400000001,0.00021910199999989992,2
63,1778488957504,-0.0041488772,0.006411012400000001,0.0004843019999999764,2
64,1778488957508,-0.0041488772,0.006411012400000001,0.0004843019999999764,2
65,1778488957512,-0.0040825772,0.0061068124,0.00034780199999999255,2
66,1778488957515,-0.0040825772,0.0061068124,0.00034780199999999255,2
67,1778488957519,-0.0041488772,0.0061809124,0.0003244019999998748,2
68,1778488957524,-0.0041488772,0.0061809124,0.0003244019999998748,2
69,1778488957527,-0.0041254772,0.0072261124,0.0006052019999999558,2
70,1778488957531,-0.0041254772,0.0072261124,0.0006052019999999558,2
71,1778488957535,-0.0044608771999999994,0.007421112400000001,-3.8298000000063295e-05,2
72,1778488957539,-0.0044608771999999994,0.007421112400000001,-3.8298000000063295e-05,2
73,1778488957543,-0.004484277199999999,0.0079398124,0.000956201999999946,2
74,1778488957547,-0.004484277199999999,0.0079398124,0.000956201999999946,2
75,1778488957550,-0.0045193772,0.0069960123999999995,0.00023080200000006983,2
76,1778488957554,-0.0045193772,0.0069960123999999995,0.00023080200000006983,2
77,1778488957558,-0.0044998772,0.0059937124,0.0005155019999999854,2
78,1778488957562,-0.0044998772,0.0059937124,0.0005155019999999854,2
79,1778488957566,-0.0044998772,0.0060756123999999995,0.000519402000000042,2
80,1778488957570,-0.0043009772,0.0060756123999999995,0.000519402000000042,2
81,1778488957573,-0.0043009772,0.0060756123999999995,0.0003751019999999449,2
82,1778488957577,-0.0040786772,0.0068595124,0.0003751019999999449,2
83,1778488957581,-0.0040786772,0.0068595124,0.00034780199999999255,2
84,1778488957585,-0.004183977199999999,0.007440612400000001,0.00034780199999999255,2
85,1778488957589,-0.004183977199999999,0.007440612400000001,0.00034780199999999255,2
86,1778488957593,-0.0043555772,0.0075615123999999995,0.0001333019999999862,2
87,1778488957597,-0.0043555772,0.0075615123999999995,0.0001333019999999862,2
88,1778488957600,-0.004484277199999999,0.0074445124000000005,0.00018400200000005633,2
89,1778488957604,-0.004484277199999999,0.0074445124000000005,0.00018400200000005633,2
90,1778488957608,-0.0044023772,0.0065241124000000005,0.00025420199999996555,2
91,1778488957612,-0.0044023772,0.0065241124000000005,0.00025420199999996555,2
92,1778488957616,-0.0043711772,0.006223812400000001,0.00023080200000006983,2
93,1778488957620,-0.0043711772,0.006223812400000001,0.00023080200000006983,2
94,1778488957623,-0.0042151772,0.0062199123999999995,0.0002503019999999089,2
95,1778488957627,-0.0042151772,0.0062199123999999995,0.0002503019999999089,2
96,1778488957631,-0.0040591772,0.007163712400000001,0.0006949019999999261,2
97,1778488957635,-0.0040591772,0.007163712400000001,0.0006949019999999261,2
98,1778488957639,-0.0041566772,0.0077838123999999995,0.00015670199999988192,2
99,1778488957643,-0.0041566772,0.0077838123999999995,0.00015670199999988192,2
100,1778488957646,-0.0042814772,0.0076044124,0.0005311019999999899,2
101,1778488957650,-0.0042814772,0.0076044124,0.0005311019999999899,2
102,1778488957654,-0.0045427772,0.0070818124,0.0008899019999998713,2
103,1778488957658,-0.0045427772,0.0070818124,0.0008899019999998713,2
104,1778488957662,-0.0047104772,0.0056934124,0.00044140200000001954,2
105,1778488957666,-0.0047104772,0.0056934124,0.00044140200000001954,2
106,1778488957670,-0.0047104772,0.0058065124,0.00034780199999999255,2
107,1778488957674,-0.0045544771999999996,0.0058065124,0.00034780199999999255,2
108,1778488957677,-0.0045544771999999996,0.0058065124,-0.00015919800000004265,2
109,1778488957682,-0.0043477772,0.0064500124,-0.00015919800000004265,2
110,1778488957685,-0.0043477772,0.0064500124,0.0001021019999999772,2
111,1778488957689,-0.0040357772,0.0076005124,0.0001021019999999772,2
112,1778488957698,-0.0040357772,0.0076005124,-0.0002566980000001263,2
113,1778488957703,-0.004285377199999999,0.007998312399999999,0.00043360199999990627,2
114,1778488957706,-0.004285377199999999,0.007998312399999999,0.00043360199999990627,2
115,1778488957710,-0.0045037772,0.006477312400000001,-0.00015919800000004265,2
116,1778488957714,-0.0045037772,0.006477312400000001,-0.00015919800000004265,2
117,1778488957718,-0.004796277199999999,0.006044412400000001,0.000925001999999937,2
118,1778488957722,-0.004796277199999999,0.006044412400000001,0.000925001999999937,2
119,1778488957726,-0.004796277199999999,0.0059079124,0.0002659019999999134,2
120,1778488957729,-0.0045973772,0.0059079124,0.0002659019999999134,2
121,1778488957733,-0.0045973772,0.0059079124,0.000862601999999919,2
122,1778488957737,-0.0044920772,0.0068478124,0.000862601999999919,2
123,1778488957741,-0.0044920772,0.0068478124,0.000862601999999919,2
124,1778488957745,-0.0040240772,0.007698012399999999,4.3602000000015836e-05,2
0,1778488957858,-0.0047923772,0.005779212400000001,-0.00041269800000006025,2
1,1778488957940,-0.0040825772,0.0058923124,0.0002464020000000743,2
2,1778488957944,-0.004573977199999999,0.006134112400000001,0.0003556019999998838,2
3,1778488957949,-0.004573977199999999,0.006134112400000001,0.0003556019999998838,2
4,1778488957953,-0.0045115772,0.007288512400000001,0.0003673020000000537,2
5,1778488957957,-0.0045115772,0.007288512400000001,0.0003673020000000537,2
6,1778488957961,-0.0046441772,0.007826712400000001,-0.00017479800000004715,2
7,1778488957965,-0.0046441772,0.007826712400000001,-0.00017479800000004715,2
8,1778488957969,-0.0042814772,0.007974912399999999,0.00048040199999991977,2
9,1778488957973,-0.0042814772,0.007974912399999999,0.0003595019999999404,2
10,1778488957978,-0.0042463772,0.0071559124000000005,0.0003595019999999404,2
11,1778488957982,-0.0042463772,0.0064734124,0.0005233019999998766,2
12,1778488957986,-0.0039577772,0.0064734124,0.0005233019999998766,2
13,1778488957990,-0.0043321772,0.0056193124,-1.0998000000110933e-05,2
14,1778488957994,-0.0043321772,0.0056193124,-1.0998000000110933e-05,2
15,1778488957999,-0.0044491771999999995,0.0066957124,0.0011239019999999388,2
16,1778488958003,-0.0044491771999999995,0.0066957124,0.0011239019999999388,2
17,1778488958007,-0.0044335772,0.006976512400000001,-7.729799999996352e-05,2
18,1778488958011,-0.0044335772,0.006976512400000001,-7.729799999996352e-05,2
19,1778488958015,-0.0044647772,0.007924212400000002,0.0013384019999999452,2
20,1778488958019,-0.0044647772,0.007924212400000002,0.0013384019999999452,2
21,1778488958024,-0.004117677199999999,0.0075810124,-0.0006271980000000666,2
22,1778488958028,-0.004117677199999999,0.0075810124,-0.0006271980000000666,2
23,1778488958032,-0.0044998772,0.0065397124,0.0005701019999998901,2
24,1778488958036,-0.0044998772,0.0065397124,0.0005701019999998901,2
25,1778488958040,-0.0040864772,0.006032712400000001,-6.94980000000723e-05,2
26,1778488958044,-0.0040864772,0.006032712400000001,-6.94980000000723e-05,2
27,1778488958049,-0.0045193772,0.0062082123999999995,0.0007885019999999531,2
28,1778488958053,-0.0045193772,0.0062082123999999995,0.0007885019999999531,2
29,1778488958057,-0.0042931772,0.0070584124,0.0002776020000000833,2
30,1778488958061,-0.0042931772,0.0070584124,0.0002776020000000833,2
31,1778488958065,-0.0044257772,0.0076785124,0.0003205020000000402,2
32,1778488958069,-0.0044257772,0.0076785124,0.000519402000000042,2
33,1778488958074,-0.0044413772,0.0080373124,0.000519402000000042,2
34,1778488958078,-0.0044413772,0.007019412400000001,0.0002737020000000267,2
35,1778488958082,-0.0042814772,0.007019412400000001,0.0002737020000000267,2
36,1778488958086,-0.0042814772,0.0064305123999999995,0.0006910020000000915,2
37,1778488958090,-0.004183977199999999,0.0064305123999999995,0.0006910020000000915,2
38,1778488958094,-0.004219077199999999,0.0055725124,-0.00017089799999999052,2
39,1778488958099,-0.004219077199999999,0.0055725124,-0.00017089799999999052,2
40,1778488958103,-0.0041332771999999995,0.0066801124,0.0014710019999998724,2
41,1778488958107,-0.0041332771999999995,0.0066801124,0.0014710019999998724,2
42,1778488958111,-0.0043009772,0.007031112400000001,-0.0007909980000000028,2
43,1778488958115,-0.0043009772,0.007031112400000001,-0.0007909980000000028,2
44,1778488958119,-0.0043750772,0.0079320124,0.001237002000000027,2
45,1778488958123,-0.0043750772,0.0079320124,0.001237002000000027,2
46,1778488958128,-0.0044218771999999995,0.0075342124,-0.0003892980000000535,2
47,1778488958132,-0.0044218771999999995,0.0075342124,-0.0003892980000000535,2
48,1778488958136,-0.0047884772,0.0064695124,0.00039460200000000605,2
49,1778488958140,-0.0047884772,0.0064695124,0.00039460200000000605,2
50,1778488958144,-0.004484277199999999,0.0060834124,-9.679800000002466e-05,2
51,1778488958148,-0.004484277199999999,0.0060834124,-9.679800000002466e-05,2
52,1778488958153,-0.0043672772,0.005935212400000001,0.0004921020000000897,2
53,1778488958157,-0.0043672772,0.005935212400000001,0.0004921020000000897,2
54,1778488958161,-0.0038407771999999997,0.0070935124,0.0005974020000000645,2
55,1778488958165,-0.0038407771999999997,0.0070935124,0.0005974020000000645,2
56,1778488958169,-0.0042697772,0.007452312400000001,0.0005467019999999944,2
57,1778488958173,-0.0042697772,0.007452312400000001,0.0003400019999998793,2
58,1778488958178,-0.0039343772,0.0080763124,0.0003400019999998793,2
59,1778488958182,-0.0039343772,0.0070818124,-0.00022549800000011729,2
60,1778488958186,-0.0045466772,0.0070818124,-0.00022549800000011729,2
61,1778488958190,-0.0044452772,0.0068829124,0.0008470019999999145,2
62,1778488958195,-0.0044452772,0.0068829124,0.0008470019999999145,2
63,1778488958199,-0.0046324771999999995,0.0056700124000000005,-0.0013174979999999881,2
64,1778488958203,-0.0046324771999999995,0.0056700124000000005,-0.0013174979999999881,2
65,1778488958231,-0.0038329771999999996,0.007900812400000002,-0.0004750979999999672,2
66,1778488958235,-0.0038329771999999996,0.007900812400000002,-0.0004750979999999672,2
67,1778488958239,-0.0045232772,0.0070038124,0.0008821019999999801,2
68,1778488958243,-0.0045232772,0.0070038124,0.0008821019999999801,2
69,1778488958248,-0.0045349772,0.0060132124000000006,2.8002000000011337e-05,2
70,1778488958258,-0.0045349772,0.0060132124000000006,2.8002000000011337e-05,2
71,1778488958262,-0.0044881771999999995,0.0065748123999999995,0.00012160200000003833,2
72,1778488958266,-0.0044881771999999995,0.0065748123999999995,0.00012160200000003833,2
73,1778488958270,-0.0044881771999999995,0.007331412400000001,0.0002113020000000087,2
74,1778488958274,-0.0041878772,0.007331412400000001,0.0002113020000000087,2
75,1778488958278,-0.0037861771999999996,0.0082791124,0.0006286020000000735,2
76,1778488958283,-0.0037861771999999996,0.0082791124,0.0006286020000000735,2
77,1778488958287,-0.0040045772,0.0071676124,-0.0001318980000000903,2
78,1778488958291,-0.0040045772,0.0071676124,-0.0001318980000000903,2
79,1778488958301,-0.004051377199999999,0.0067698124,0.001424202000000081,2
80,1778488958305,-0.0046753772,0.0054516124,-0.00043219800000001037,2
81,1778488958309,-0.0046753772,0.0054516124,-0.00043219800000001037,2
82,1778488958313,-0.004761177199999999,0.0059313123999999995,0.001537301999999947,2
83,1778488958323,-0.004761177199999999,0.0059313123999999995,-0.00020989800000011279,2
84,1778488958327,-0.0043555772,0.0079047124,0.0013462020000000584,2
85,1778488958330,-0.0043555772,0.0079047124,0.0013462020000000584,2
86,1778488958334,-0.0040045772,0.007912512400000002,-0.0004945980000000284,2
87,1778488958339,-0.0040045772,0.007912512400000002,-0.0004945980000000284,2
88,1778488958343,-0.0040123772,0.007518612400000001,0.0011395019999999433,2
89,1778488958347,-0.0040123772,0.007518612400000001,0.0011395019999999433,2
90,1778488958351,-0.0042112772,0.006212112400000001,-0.0008065980000000073,2
91,1778488958355,-0.0042112772,0.006212112400000001,-0.0008065980000000073,2
92,1778488958359,-0.004749477199999999,0.005701212400000001,0.0008743020000000889,2
93,1778488958363,-0.004749477199999999,0.005701212400000001,0.0008743020000000889,2
94,1778488958368,-0.0045154772,0.006434412400000001,-9.679800000002466e-05,2
95,1778488958372,-0.0045154772,0.006434412400000001,-9.679800000002466e-05,2
96,1778488958376,-0.0046636772,0.006953112400000001,0.0003205020000000402,2
97,1778488958380,-0.0046636772,0.006953112400000001,0.0003205020000000402,2
98,1778488958384,-0.0040201772,0.007986612399999999,0.0005779020000000034,2
99,1778488958389,-0.0040201772,0.007986612399999999,0.0005779020000000034,2
100,1778488958393,-0.0039460772,0.0076785124,0.00010990200000009047,2
101,1778488958397,-0.0039460772,0.0076785124,0.00010990200000009047,2
102,1778488958401,-0.0037159771999999997,0.0070350124,0.0012136019999999092,2
103,1778488958405,-0.0037159771999999997,0.0070350124,-0.0004204980000000625,2
104,1778488958409,-0.0038719771999999996,0.0059274124,-0.0004204980000000625,2
105,1778488958413,-0.0038719771999999996,0.0059274124,0.0008431020000000799,2
106,1778488958418,-0.0042892772,0.005943012400000001,0.0008431020000000799,2
107,1778488958422,-0.0042892772,0.0063837124,-0.000685698000000028,2
108,1778488958426,-0.0043867772,0.0063837124,-0.000685698000000028,2
109,1778488958430,-0.0045466772,0.007542012400000001,0.0007768020000000053,2
110,1778488958434,-0.0045466772,0.007542012400000001,0.0007768020000000053,2
111,1778488958439,-0.0045310772,0.0079788124,-0.0003775979999999946,2
112,1778488958443,-0.0045310772,0.0079788124,-0.0003775979999999946,2
113,1778488958447,-0.0041488772,0.0080412124,0.0014398020000000854,2
114,1778488958451,-0.0041488772,0.0080412124,0.0014398020000000854,2
115,1778488958455,-0.004261977199999999,0.0068790124000000005,-0.0002956980000000265,2
116,1778488958459,-0.004261977199999999,0.0068790124000000005,-0.0002956980000000265,2
117,1778488958463,-0.0045232772,0.005822112400000001,0.0015451020000000603,2
118,1778488958468,-0.0045232772,0.005822112400000001,0.0015451020000000603,2
119,1778488958472,-0.0043321772,0.006122412400000001,0.00023860199999996105,2
120,1778488958476,-0.0043321772,0.006122412400000001,0.00023860199999996105,2
121,1778488958480,-0.0047299772,0.006465612400000001,0.0005584019999999423,2
122,1778488958485,-0.0047299772,0.006465612400000001,0.0005584019999999423,2
123,1778488958489,-0.004429677199999999,0.0077136124,0.0007183020000000439,2
124,1778488958493,-0.004429677199999999,0.0077136124,0.0003127019999999269,2
0,1778488958566,-0.004538877199999999,0.006087312400000001,0.0015451020000000603,2
1,1778488958672,-0.0044140772,0.0076044124,-0.0001318980000000903,2
2,1778488958677,-0.0048430771999999995,0.0062394124,-1.4897999999945524e-05,2
3,1778488958681,-0.004850877199999999,0.0058494124,-1.4897999999945524e-05,2
4,1778488958685,-0.004850877199999999,0.0058494124,-1.4897999999945524e-05,2
5,1778488958689,-0.0045037772,0.0061926124,0.0006403020000000214,2
6,1778488958693,-0.0045037772,0.0061926124,0.0006403020000000214,2
7,1778488958697,-0.004417977199999999,0.0073782124000000004,0.0002659019999999134,2
8,1778488958701,-0.004417977199999999,0.0073782124000000004,0.0003517020000000492,2
9,1778488958705,-0.0040318772,0.0077721123999999996,0.0003517020000000492,2
10,1778488958710,-0.0040318772,0.0081582124,0.0005896019999999513,2
11,1778488958714,-0.0038446771999999995,0.0081582124,0.0005896019999999513,2
12,1778488958718,-0.0041098772,0.0068010124000000005,9.430200000008597e-05,2
13,1778488958723,-0.0041098772,0.0068010124000000005,9.430200000008597e-05,2
14,1778488958727,-0.0042580772,0.0061497124,0.0005935020000000079,2
15,1778488958731,-0.0042580772,0.0061497124,0.0005935020000000079,2
16,1778488958735,-0.0045895772,0.005857212400000001,-3.0497999999950023e-05,2
17,1778488958739,-0.0045895772,0.005857212400000001,-3.0497999999950023e-05,2
18,1778488958742,-0.0044218771999999995,0.0062199123999999995,0.0007573019999999441,2
19,1778488958746,-0.0044218771999999995,0.0062199123999999995,0.0007573019999999441,2
20,1778488958750,-0.0041098772,0.0073899124,-8.509800000007679e-05,2
21,1778488958754,-0.0041098772,0.0073899124,-8.509800000007679e-05,2
22,1778488958758,-0.0040279771999999995,0.007998312399999999,0.00021910199999989992,2
23,1778488958761,-0.0040279771999999995,0.007998312399999999,0.00021910199999989992,2
24,1778488958765,-0.0040279771999999995,0.007850112400000001,-7.339800000012893e-05,2
25,1778488958769,-0.0041215772,0.007850112400000001,-7.339800000012893e-05,2
26,1778488958773,-0.0041215772,0.007850112400000001,0.0007534019999998875,2
27,1778488958777,-0.004484277199999999,0.0065709124,0.0007534019999998875,2
28,1778488958780,-0.004484277199999999,0.0065709124,0.0007534019999998875,2
29,1778488958784,-0.0048079772,0.0058845124,-1.879800000000216e-05,2
30,1778488958788,-0.0048079772,0.0058845124,-1.879800000000216e-05,2
31,1778488958792,-0.0048898772,0.0061965124,0.0003517020000000492,2
32,1778488958795,-0.0048898772,0.0061965124,0.0003517020000000492,2
33,1778488958799,-0.004605177199999999,0.0073041124,0.00017620199999994306,2
34,1778488958803,-0.004605177199999999,0.0073041124,0.00017620199999994306,2
35,1778488958807,-0.0045895772,0.007565412400000001,3.5801999999902565e-05,2
36,1778488958811,-0.0045895772,0.007565412400000001,3.5801999999902565e-05,2
37,1778488958814,-0.0041722771999999995,0.008442912399999999,0.0006793019999999216,2
38,1778488958818,-0.0041722771999999995,0.008442912399999999,0.0006793019999999216,2
39,1778488958822,-0.0040981772,0.007019412400000001,-0.0003307979999999811,2
40,1778488958826,-0.0040981772,0.007019412400000001,-0.0003307979999999811,2
41,1778488958830,-0.0043906772,0.0060717124,0.0008470019999999145,2
42,1778488958833,-0.0043906772,0.0060717124,0.0008470019999999145,2
43,1778488958837,-0.0043906772,0.005545212400000001,9.820199999992056e-05,2
44,1778488958841,-0.004472577199999999,0.005545212400000001,9.820199999992056e-05,2
45,1778488958845,-0.004472577199999999,0.005545212400000001,0.0005857019999998946,2
46,1778488958849,-0.004538877199999999,0.006364212400000001,0.0005857019999998946,2
47,1778488958852,-0.004538877199999999,0.006364212400000001,0.0005857019999998946,2
48,1778488958856,-0.004152777199999999,0.007362612400000001,0.0004960019999999243,2
49,1778488958860,-0.004152777199999999,0.007362612400000001,0.0004960019999999243,2
50,1778488958864,-0.0038602771999999997,0.007873512400000001,0.0003361020000000447,2
51,1778488958868,-0.0038602771999999997,0.007873512400000001,0.0003361020000000447,2
52,1778488958872,-0.0039148772,0.0079203124,0.0006286020000000735,2
53,1778488958875,-0.0039148772,0.0079203124,0.0006286020000000735,2
54,1778488958879,-0.0038680771999999998,0.0069180123999999996,0.00023080200000006983,2
55,1778488958883,-0.0038680771999999998,0.0069180123999999996,0.00023080200000006983,2
56,1778488958887,-0.0044686772,0.0060132124000000006,-0.00020989800000011279,2
57,1778488958891,-0.0044686772,0.0060132124000000006,-0.00020989800000011279,2
58,1778488958894,-0.0047338772,0.005556912400000001,0.00039460200000000605,2
59,1778488958898,-0.0047338772,0.005556912400000001,0.00039460200000000605,2
60,1778488958902,-0.0048313772,0.006652812400000001,0.00021520200000006533,2
61,1778488958906,-0.0048313772,0.006652812400000001,0.00021520200000006533,2
62,1778488958910,-0.0045856772,0.007643412400000001,0.00019180199999994756,2
63,1778488958914,-0.0045856772,0.007643412400000001,0.00019180199999994756,2
64,1778488958917,-0.0042229772,0.008119212399999999,0.0003439019999999359,2
65,1778488958921,-0.0042229772,0.008119212399999999,0.0003439019999999359,2
66,1778488958925,-0.0042229772,0.0074601124,0.0002113020000000087,2
67,1778488958929,-0.0040825772,0.0074601124,0.0002113020000000087,2
68,1778488958933,-0.0040825772,0.0074601124,0.0004843019999999764,2
69,1778488958936,-0.0041800772,0.0065124124000000005,0.0004843019999999764,2
70,1778488958940,-0.0041800772,0.0065124124000000005,0.0004843019999999764,2
71,1778488958944,-0.0043048771999999996,0.005779212400000001,0.00017230199999988642,2
72,1778488958948,-0.0043048771999999996,0.005779212400000001,0.00017230199999988642,2
73,1778488958952,-0.004573977199999999,0.0058143124000000004,0.00021520200000006533,2
74,1778488958956,-0.004573977199999999,0.0058143124000000004,0.00021520200000006533,2
75,1778488958960,-0.0046363772,0.006988212400000001,0.0005077019999998721,2
76,1778488958964,-0.0046363772,0.006988212400000001,0.0005077019999998721,2
77,1778488958968,-0.0042463772,0.007709712399999999,-0.00022159800000006065,2
78,1778488958971,-0.0042463772,0.007709712399999999,-0.00022159800000006065,2
79,1778488958975,-0.003930477199999999,0.007982712400000001,0.0005974020000000645,2
80,1778488958979,-0.003930477199999999,0.007982712400000001,0.0005974020000000645,2
81,1778488958983,-0.0037198771999999995,0.0072183123999999994,0.00023860199999996105,2
82,1778488958987,-0.0037198771999999995,0.0072183123999999994,0.00023860199999996105,2
83,1778488958991,-0.0041878772,0.0061848124,0.0003751019999999449,2
84,1778488958994,-0.0041878772,0.0061848124,0.0003751019999999449,2
85,1778488958998,-0.0043009772,0.0055764123999999995,-2.2698000000058796e-05,2
86,1778488959002,-0.0043009772,0.0055764123999999995,-2.2698000000058796e-05,2
87,1778488959006,-0.0044881771999999995,0.0063057124,0.0007768020000000053,2
88,1778488959011,-0.0044881771999999995,0.0063057124,0.0007768020000000053,2
89,1778488959018,-0.0044686772,0.0070935124,-0.00020209799999999951,2
90,1778488959022,-0.004417977199999999,0.007865712399999999,0.000800201999999901,2
91,1778488959026,-0.004417977199999999,0.007865712399999999,0.000800201999999901,2
92,1778488959030,-0.004394577199999999,0.007885212400000001,0.0003205020000000402,2
93,1778488959033,-0.004394577199999999,0.007885212400000001,0.0003205020000000402,2
94,1778488959037,-0.004394577199999999,0.006765912400000001,0.0004063019999999539,2
95,1778488959041,-0.0045700772,0.006765912400000001,0.0004063019999999539,2
96,1778488959045,-0.0045700772,0.006765912400000001,0.0006247020000000169,2
97,1778488959049,-0.0046363772,0.0061146124,0.0006247020000000169,2
98,1778488959052,-0.0046363772,0.0061146124,0.0003712019999998883,2
99,1778488959056,-0.0046363772,0.005790912400000001,0.0003712019999998883,2
100,1778488959060,-0.0046363772,0.005790912400000001,0.0003712019999998883,2
101,1778488959064,-0.0045271771999999995,0.006699612400000001,0.0005974020000000645,2
102,1778488959068,-0.0045271771999999995,0.006699612400000001,0.0005974020000000645,2
103,1778488959071,-0.0042580772,0.0074601124,-2.2698000000058796e-05,2
104,1778488959075,-0.0042580772,0.0074601124,-2.2698000000058796e-05,2
105,1778488959079,-0.0042814772,0.0082206124,0.0003712019999998883,2
106,1778488959083,-0.0042814772,0.0082206124,0.0003712019999998883,2
107,1778488959087,-0.0041020772,0.0073353124,-4.609799999995452e-05,2
108,1778488959090,-0.0041020772,0.0073353124,-4.609799999995452e-05,2
109,1778488959094,-0.0042307772,0.0066918124,0.000644202000000078,2
110,1778488959098,-0.0042307772,0.0066918124,0.000644202000000078,2
111,1778488959102,-0.0041215772,0.0055920124000000005,-6.169799999995902e-05,2
112,1778488959105,-0.0041215772,0.0055920124000000005,-6.169799999995902e-05,2
113,1778488959109,-0.0041215772,0.0061731124,0.0011863019999999568,2
114,1778488959113,-0.004250277199999999,0.0061731124,0.0011863019999999568,2
115,1778488959117,-0.004250277199999999,0.0061731124,-0.0001630980000000993,2
116,1778488959120,-0.0041059771999999994,0.0073899124,-0.0001630980000000993,2
117,1778488959125,-0.0041059771999999994,0.0073899124,-0.0001630980000000993,2
118,1778488959129,-0.0042424772,0.007935912400000002,0.0005974020000000645,2
119,1778488959132,-0.0042424772,0.007935912400000002,0.0004609020000000807,2
120,1778488959136,-0.0042151772,0.008068512400000002,0.0004609020000000807,2
121,1778488959140,-0.0042151772,0.008068512400000002,0.0004609020000000807,2
122,1778488959144,-0.0044491771999999995,0.006687912400000001,0.0005467019999999944,2
123,1778488959148,-0.0044491771999999995,0.006687912400000001,0.0005467019999999944,2
124,1778488959151,-0.0044530772,0.0062043124,0.00083140199999991,2
0,1778488959278,-0.0040942771999999995,0.007288512400000001,0.0002815019999999179,2
1,1778488959280,-0.0040942771999999995,0.007288512400000001,0.0002815019999999179,2
2,1778488959283,-0.0040942771999999995,0.007288512400000001,0.0002815019999999179,2
3,1778488959286,-0.003996777199999999,0.0082401124,0.0011161020000000476,2
4,1778488959289,-0.003996777199999999,0.0082401124,0.0011161020000000476,2
5,1778488959292,-0.003996777199999999,0.0082401124,0.0011161020000000476,2
6,1778488959294,-0.004008477199999999,0.0074133124,-0.0001474980000000948,2
7,1778488959297,-0.004008477199999999,0.0074133124,-0.0001474980000000948,2
8,1778488959300,-0.004008477199999999,0.0074133124,-0.0001474980000000948,2
9,1778488959302,-0.0046207772,0.0068361124,0.0012448019999999182,2
10,1778488959305,-0.0046207772,0.0068361124,0.0012448019999999182,2
11,1778488959308,-0.0046207772,0.0068361124,0.0012448019999999182,2
12,1778488959310,-0.0044920772,0.005868912400000001,-0.0007441979999999893,2
13,1778488959314,-0.0044920772,0.005868912400000001,-0.0007441979999999893,2
14,1778488959318,-0.004706577199999999,0.005720712400000001,0.0006247020000000169,2
15,1778488959322,-0.004706577199999999,0.005720712400000001,0.0006247020000000169,2
16,1778488959326,-0.0042463772,0.0066411123999999995,-0.0001786980000001038,2
17,1778488959329,-0.0042463772,0.0066411123999999995,-0.0001786980000001038,2
18,1778488959333,-0.0040279771999999995,0.007308012400000001,-3.439800000000666e-05,2
19,1778488959337,-0.0040279771999999995,0.007308012400000001,-3.439800000000666e-05,2
20,1778488959341,-0.0040279771999999995,0.007900812400000002,0.0002776020000000833,2
21,1778488959345,-0.0040279771999999995,0.007900812400000002,0.0002776020000000833,2
22,1778488959349,-0.0040279771999999995,0.007900812400000002,0.00039460200000000605,2
23,1778488959352,-0.004008477199999999,0.0075615123999999995,0.00039460200000000605,2
24,1778488959356,-0.004008477199999999,0.0075615123999999995,0.000675402000000087,2
25,1778488959360,-0.004429677199999999,0.006863412400000001,0.000675402000000087,2
26,1778488959364,-0.004429677199999999,0.006863412400000001,0.000675402000000087,2
27,1778488959368,-0.0044686772,0.0053970124,0.0002737020000000267,2
28,1778488959372,-0.0044686772,0.0053970124,0.0002737020000000267,2
29,1778488959376,-0.0043867772,0.006333012400000001,0.0003517020000000492,2
30,1778488959380,-0.0043867772,0.006333012400000001,0.0003517020000000492,2
31,1778488959383,-0.004484277199999999,0.006832212400000001,-0.00015529799999998602,2
32,1778488959387,-0.004484277199999999,0.006832212400000001,-0.00015529799999998602,2
33,1778488959391,-0.004261977199999999,0.0082206124,0.0010771019999999253,2
34,1778488959395,-0.004261977199999999,0.0082206124,0.0010771019999999253,2
35,1778488959399,-0.0042892772,0.007935912400000002,-0.00036589800000004676,2
36,1778488959403,-0.0042892772,0.007935912400000002,-0.00036589800000004676,2
37,1778488959406,-0.004195677199999999,0.007553712400000001,0.0010654019999999775,2
38,1778488959410,-0.004195677199999999,0.007553712400000001,0.0010654019999999775,2
39,1778488959414,-0.0041995771999999995,0.0063408124,-2.6598000000115432e-05,2
40,1778488959418,-0.0041995771999999995,0.0063408124,-2.6598000000115432e-05,2
41,1778488959422,-0.004550577199999999,0.0058962124,0.0007027020000000394,2
42,1778488959425,-0.004550577199999999,0.0058962124,0.0007027020000000394,2
43,1778488959429,-0.004694877199999999,0.0064383124,0.0001489019999999907,2
44,1778488959433,-0.004694877199999999,0.0064383124,0.0001489019999999907,2
45,1778488959437,-0.004694877199999999,0.007362612400000001,0.0002503019999999089,2
46,1778488959441,-0.0044920772,0.007362612400000001,0.0002503019999999089,2
47,1778488959445,-0.0044920772,0.007698012399999999,0.00011380199999992506,2
48,1778488959448,-0.0043360772,0.007698012399999999,0.00011380199999992506,2
49,1778488959452,-0.0043360772,0.007698012399999999,0.0008431020000000799,2
50,1778488959456,-0.0041683772,0.0073041124,0.0008431020000000799,2
51,1778488959460,-0.0041683772,0.0073041124,0.0008431020000000799,2
52,1778488959464,-0.0039343772,0.0068361124,-1.879800000000216e-05,2
53,1778488959468,-0.0039343772,0.0068361124,-1.879800000000216e-05,2
54,1778488959472,-0.0041878772,0.005521812400000001,0.00028540199999997455,2
55,1778488959476,-0.0041878772,0.005521812400000001,0.00028540199999997455,2
56,1778488959480,-0.004406277199999999,0.006177012400000001,0.0008275020000000754,2
57,1778488959484,-0.004406277199999999,0.006177012400000001,0.0008275020000000754,2
58,1778488959488,-0.0045037772,0.006411012400000001,-0.0006115980000000621,2
59,1778488959492,-0.0045037772,0.006411012400000001,-0.0006115980000000621,2
60,1778488959496,-0.0045349772,0.0078111124,0.000706601999999874,2
61,1778488959499,-0.0045349772,0.0078111124,0.000706601999999874,2
62,1778488959503,-0.0040825772,0.0080529124,-0.00036589800000004676,2
63,1778488959507,-0.0040825772,0.0080529124,-0.00036589800000004676,2
64,1778488959511,-0.0041254772,0.0075810124,0.0006871020000000349,2
65,1778488959514,-0.0041254772,0.0075810124,0.0006871020000000349,2
66,1778488959518,-0.0042229772,0.0062199123999999995,0.0002269020000000132,2
67,1778488959522,-0.0042229772,0.0062199123999999995,0.0002269020000000132,2
68,1778488959527,-0.0047026772,0.0058026124000000005,0.0008275020000000754,2
69,1778488959531,-0.0047026772,0.0058026124000000005,0.0008275020000000754,2
70,1778488959535,-0.0045895772,0.0059508124,0.0002503019999999089,2
71,1778488959538,-0.0045895772,0.0059508124,0.0002503019999999089,2
72,1778488959542,-0.0045037772,0.0072846123999999995,0.0007027020000000394,2
73,1778488959546,-0.0045037772,0.0072846123999999995,0.0007027020000000394,2
74,1778488959550,-0.0041995771999999995,0.008006112400000001,-1.4897999999945524e-05,2
75,1778488959554,-0.0041995771999999995,0.008006112400000001,-1.4897999999945524e-05,2
76,1778488959558,-0.0042385771999999995,0.0079086124,0.0005077019999998721,2
77,1778488959562,-0.0042385771999999995,0.0079086124,0.0005077019999998721,2
78,1778488959565,-0.0043009772,0.0073587124,8.260199999991606e-05,2
79,1778488959569,-0.0043009772,0.0073587124,8.260199999991606e-05,2
80,1778488959573,-0.0043009772,0.0059469124000000005,7.09019999999682e-05,2
81,1778488959577,-0.004472577199999999,0.0059469124000000005,7.09019999999682e-05,2
82,1778488959581,-0.004472577199999999,0.0062043124,0.0006481019999999126,2
83,1778488959585,-0.0042346772,0.0062043124,0.0006481019999999126,2
84,1778488959589,-0.0044101772,0.0065163124,0.00019180199999994756,2
85,1778488959593,-0.0044101772,0.0065163124,0.00019180199999994756,2
86,1778488959597,-0.0044101772,0.0077019124,0.0008899019999998713,2
87,1778488959601,-0.0043711772,0.0077019124,0.0008899019999998713,2
88,1778488959605,-0.0043711772,0.007982712400000001,0.0003868019999998928,2
89,1778488959608,-0.0039616771999999995,0.007982712400000001,0.0003868019999998928,2
90,1778488959612,-0.0039616771999999995,0.007982712400000001,0.0003868019999998928,2
91,1778488959616,-0.0042151772,0.007608312400000001,0.0005311019999999899,2
92,1778488959620,-0.0042151772,0.007608312400000001,0.0005311019999999899,2
93,1778488959623,-0.0044023772,0.0070350124,-3.8298000000063295e-05,2
94,1778488959627,-0.0044023772,0.0070350124,-3.8298000000063295e-05,2
95,1778488959631,-0.004495977199999999,0.005888412400000001,0.00034780199999999255,2
96,1778488959635,-0.004495977199999999,0.005888412400000001,0.00034780199999999255,2
97,1778488959639,-0.004550577199999999,0.0058299124,0.0002737020000000267,2
98,1778488959642,-0.004550577199999999,0.0058299124,0.0002737020000000267,2
99,1778488959646,-0.0046597771999999996,0.0070350124,0.00083140199999991,2
100,1778488959650,-0.0046597771999999996,0.0070350124,0.00083140199999991,2
101,1778488959654,-0.0039811772,0.007947612400000002,0.0002464020000000743,2
102,1778488959657,-0.0039811772,0.007947612400000002,0.0002464020000000743,2
103,1778488959661,-0.0043243772,0.007674612399999999,0.00017620199999994306,2
104,1778488959665,-0.0043243772,0.007674612399999999,0.00017620199999994306,2
105,1778488959669,-0.0041878772,0.0075342124,0.000800201999999901,2
106,1778488959673,-0.0041878772,0.0075342124,0.000800201999999901,2
107,1778488959677,-0.0041878772,0.006188712400000001,-3.8298000000063295e-05,2
108,1778488959681,-0.0041878772,0.006188712400000001,-3.8298000000063295e-05,2
109,1778488959684,-0.0041878772,0.006188712400000001,0.001049801999999973,2
110,1778488959688,-0.0038524771999999996,0.005467212400000001,0.001049801999999973,2
111,1778488959692,-0.0038524771999999996,0.005467212400000001,0.001049801999999973,2
112,1778488959696,-0.0040045772,0.0063486124,-8.119800000002016e-05,2
113,1778488959700,-0.0040045772,0.0063486124,-8.119800000002016e-05,2
114,1778488959703,-0.0045934771999999995,0.0073665124000000005,0.0004141020000000672,2
115,1778488959707,-0.0045934771999999995,0.0073665124000000005,0.0004141020000000672,2
116,1778488959711,-0.004784577199999999,0.007900812400000002,0.0003868019999998928,2
117,1778488959715,-0.004784577199999999,0.007900812400000002,0.0003868019999998928,2
118,1778488959719,-0.0045427772,0.0075888124000000005,0.00020350199999989542,2
119,1778488959723,-0.0045427772,0.0075888124000000005,0.00020350199999989542,2
120,1778488959726,-0.0040279771999999995,0.0069492124,-0.00022549800000011729,2
121,1778488959730,-0.0040279771999999995,0.0069492124,-0.00022549800000011729,2
122,1778488959734,-0.0046012772,0.0065592124,0.0004765020000000852,2
123,1778488959744,-0.004538877199999999,0.0061575124000000005,-4.609799999995452e-05,2
124,1778488959748,-0.004538877199999999,0.0061575124000000005,0.0003244019999998748,2
0,1778488959781,-0.0041683772,0.007815012400000002,-0.00011239800000002916,2
1,1778488959823,-0.0044920772,0.0069180123999999996,0.00041800199999990177,2
2,1778488959934,-0.0039226771999999995,0.008166012399999999,0.00042580200000001504,2
3,1778488959938,-0.0038017771999999997,0.0074016124,0.00019180199999994756,2
4,1778488959942,-0.004351677199999999,0.006500712400000001,0.0005623019999999989,2
5,1778488959947,-0.004351677199999999,0.006500712400000001,0.0005623019999999989,2
6,1778488959951,-0.0044530772,0.0059703124,0.0009601020000000026,2
7,1778488959955,-0.0044530772,0.0059703124,0.0009601020000000026,2
8,1778488959959,-0.0048586772,0.0060054124,3.190200000006797e-05,2
9,1778488959963,-0.0048586772,0.0060054124,3.190200000006797e-05,2
10,1778488959968,-0.0046441772,0.007241712400000001,0.0009718019999999505,2
11,1778488959972,-0.0046441772,0.007241712400000001,0.0009718019999999505,2
12,1778488959976,-0.004605177199999999,0.008166012399999999,-0.00020599800000005615,2
13,1778488959980,-0.004605177199999999,0.008166012399999999,-0.00020599800000005615,2
14,1778488959984,-0.0043789772,0.007865712399999999,0.0003829020000000582,2
15,1778488959988,-0.0043789772,0.007865712399999999,0.0002581020000000222,2
16,1778488959993,-0.0043048771999999996,0.0073002124000000005,0.0002581020000000222,2
17,1778488959997,-0.0043048771999999996,0.0060639123999999996,6.700199999991156e-05,2
18,1778488960001,-0.0041215772,0.0060639123999999996,6.700199999991156e-05,2
19,1778488960005,-0.0041215772,0.0057870123999999995,0.0002425020000000177,2
20,1778488960009,-0.004417977199999999,0.0057870123999999995,0.0002425020000000177,2
21,1778488960013,-0.004297077199999999,0.0062277124,0.00039460200000000605,2
22,1778488960018,-0.004297077199999999,0.0062277124,0.00039460200000000605,2
23,1778488960022,-0.0042424772,0.007499112400000001,0.00020350199999989542,2
24,1778488960026,-0.0042424772,0.007499112400000001,0.00020350199999989542,2
25,1778488960030,-0.0037510772,0.007935912400000002,0.0006949019999999261,2
26,1778488960034,-0.0037510772,0.007935912400000002,0.0006949019999999261,2
27,1778488960039,-0.0038329771999999996,0.0078969124,-8.899799999991138e-05,2
28,1778488960043,-0.0038329771999999996,0.0078969124,-8.899799999991138e-05,2
29,1778488960047,-0.0041566772,0.006255012400000001,0.0004219019999999584,2
30,1778488960051,-0.0041566772,0.006255012400000001,0.0004219019999999584,2
31,1778488960055,-0.0037939771999999997,0.006087312400000001,0.0004843019999999764,2
32,1778488960059,-0.0037939771999999997,0.006087312400000001,0.0004843019999999764,2
33,1778488960064,-0.0043906772,0.0057753124,0.00028540199999997455,2
34,1778488960068,-0.0043906772,0.0057753124,0.00028540199999997455,2
35,1778488960072,-0.0044140772,0.0065124124000000005,0.0008080020000000143,2
36,1778488960076,-0.0044140772,0.0065124124000000005,0.0008080020000000143,2
37,1778488960080,-0.0044413772,0.008154312399999999,-0.00020209799999999951,2
38,1778488960085,-0.0044413772,0.008154312399999999,7.480200000002483e-05,2
39,1778488960089,-0.0047221772,0.0074484124,7.480200000002483e-05,2
40,1778488960093,-0.0045310772,0.0077019124,0.0004453020000000762,2
41,1778488960097,-0.0045310772,0.0077019124,0.0004453020000000762,2
42,1778488960101,-0.0045700772,0.0065514124,0.0002113020000000087,2
43,1778488960106,-0.0045700772,0.0065514124,0.0002113020000000087,2
44,1778488960110,-0.0047455772,0.0057519124,-0.00031909800000003326,2
45,1778488960114,-0.0047455772,0.0057519124,-0.00031909800000003326,2
46,1778488960118,-0.0044023772,0.006290112400000001,0.001143402,2
47,1778488960122,-0.0044023772,0.006290112400000001,0.001143402,2
48,1778488960127,-0.0042268772,0.007698012399999999,0.0002932020000000878,2
49,1778488960131,-0.0042268772,0.007698012399999999,0.0002932020000000878,2
50,1778488960135,-0.0041449772,0.007296312400000001,-3.439800000000666e-05,2
51,1778488960139,-0.0041449772,0.007296312400000001,-3.439800000000666e-05,2
52,1778488960143,-0.0041215772,0.007994412400000001,0.0010303019999999118,2
53,1778488960147,-0.0041215772,0.007994412400000001,0.0010303019999999118,2
54,1778488960152,-0.0044257772,0.006555312400000001,-0.00038149800000005125,2
55,1778488960156,-0.0044257772,0.006555312400000001,-0.00038149800000005125,2
56,1778488960160,-0.0042580772,0.0061848124,0.0011161020000000476,2
57,1778488960164,-0.0042580772,0.0061848124,0.0011161020000000476,2
58,1778488960168,-0.0044140772,0.0059274124,0.0002971019999999224,2
59,1778488960173,-0.0044140772,0.0059274124,8.260199999991606e-05,2
60,1778488960177,-0.0041449772,0.0062706124,8.260199999991606e-05,2
61,1778488960181,-0.0041449772,0.007608312400000001,0.0002581020000000222,2
62,1778488960185,-0.0040474772,0.007608312400000001,0.0002581020000000222,2
63,1778488960189,-0.004141077199999999,0.0080880124,0.0003049020000000357,2
64,1778488960194,-0.004141077199999999,0.0080880124,0.0003049020000000357,2
65,1778488960198,-0.004573977199999999,0.0074250124,0.0001489019999999907,2
66,1778488960202,-0.004573977199999999,0.0074250124,0.0001489019999999907,2
67,1778488960206,-0.0049015772,0.0067620124,0.000893801999999928,2
68,1778488960210,-0.0049015772,0.0067620124,0.000893801999999928,2
69,1778488960214,-0.0048586772,0.0062160124,-0.0006427980000000711,2
70,1778488960219,-0.0048586772,0.0062160124,-0.0006427980000000711,2
71,1778488960223,-0.0044764772,0.005954712400000001,0.0002971019999999224,2
72,1778488960227,-0.0044764772,0.005954712400000001,0.0002971019999999224,2
73,1778488960231,-0.004129377199999999,0.0072222124000000006,0.0006286020000000735,2
74,1778488960235,-0.004129377199999999,0.0072222124000000006,0.0006286020000000735,2
75,1778488960239,-0.0040279771999999995,0.007452312400000001,-2.6598000000115432e-05,2
76,1778488960243,-0.0040279771999999995,0.007452312400000001,-2.6598000000115432e-05,2
77,1778488960247,-0.0044101772,0.008224512400000002,0.0008977019999999846,2
78,1778488960251,-0.0044101772,0.008224512400000002,0.0008977019999999846,2
79,1778488960255,-0.0042385771999999995,0.006953112400000001,-0.0003307979999999811,2
80,1778488960259,-0.0042385771999999995,0.006953112400000001,-0.0003307979999999811,2
81,1778488960263,-0.0044803772,0.0062199123999999995,0.0005272019999999333,2
82,1778488960268,-0.0044803772,0.0062199123999999995,0.0005272019999999333,2
83,1778488960272,-0.0043555772,0.0057948124,0.00015280200000004733,2
84,1778488960276,-0.0043555772,0.0057948124,0.00015280200000004733,2
85,1778488960280,-0.0043360772,0.006231612400000001,0.00045700200000002404,2
86,1778488960284,-0.0043360772,0.006231612400000001,0.0006286020000000735,2
87,1778488960288,-0.0039343772,0.006875112400000001,0.0006286020000000735,2
88,1778488960293,-0.0039343772,0.007686312399999999,0.0003712019999998883,2
89,1778488960299,-0.0035014772,0.007686312399999999,0.0003712019999998883,2
90,1778488960302,-0.0036028771999999996,0.0074913124,-1.879800000000216e-05,2
91,1778488960306,-0.0036028771999999996,0.0074913124,-1.879800000000216e-05,2
92,1778488960310,-0.0040357772,0.006886812400000001,0.0012019019999999613,2
93,1778488960314,-0.0040357772,0.006886812400000001,0.0012019019999999613,2
94,1778488960318,-0.0048898772,0.006177012400000001,-0.0003268980000000355,2
95,1778488960322,-0.0048898772,0.006177012400000001,-0.0003268980000000355,2
96,1778488960327,-0.005416377199999999,0.0058728124,0.0007807020000000619,2
97,1778488960331,-0.005416377199999999,0.0058728124,0.0007807020000000619,2
98,1778488960335,-0.0050341772,0.0071052124,0.0007768020000000053,2
99,1778488960339,-0.0050341772,0.0071052124,0.0007768020000000053,2
100,1778488960343,-0.0046558772,0.007635612400000002,-0.00018259799999993838,2
101,1778488960347,-0.0046558772,0.007635612400000002,-0.00018259799999993838,2
102,1778488960352,-0.0042775771999999995,0.008524812400000002,0.0011356019999998867,2
103,1778488960356,-0.0042775771999999995,0.008524812400000002,0.0011356019999998867,2
104,1778488960360,-0.0039655772,0.0076044124,4.3602000000015836e-05,2
105,1778488960364,-0.0039655772,0.0076044124,4.3602000000015836e-05,2
106,1778488960368,-0.0044413772,0.0066372124,0.00039460200000000605,2
107,1778488960372,-0.0044413772,0.0066372124,4.3602000000015836e-05,2
108,1778488960376,-0.0044140772,0.0056739124,4.3602000000015836e-05,2
109,1778488960379,-0.0044140772,0.0056739124,4.3602000000015836e-05,2
110,1778488960383,-0.0046675772,0.0057480124,0.0008236020000000187,2
111,1778488960387,-0.0046675772,0.0057480124,0.0008236020000000187,2
112,1778488960391,-0.004406277199999999,0.0065943124,5.9202000000020336e-05,2
113,1778488960395,-0.004406277199999999,0.0065943124,5.9202000000020336e-05,2
114,1778488960399,-0.0038290772,0.0076044124,0.000550602000000051,2
115,1778488960403,-0.0038290772,0.0076044124,0.000550602000000051,2
116,1778488960407,-0.0034819772,0.007768212400000002,-1.879800000000216e-05,2
117,1778488960411,-0.0034819772,0.007768212400000002,-1.879800000000216e-05,2
118,1778488960415,-0.003985077199999999,0.0069258124,0.0009484020000000547,2
119,1778488960419,-0.003985077199999999,0.0069258124,0.0009484020000000547,2
120,1778488960422,-0.004063077199999999,0.0063174124,0.00016060199999993856,2
121,1778488960426,-0.004063077199999999,0.0063174124,0.00016060199999993856,2
122,1778488960430,-0.0046207772,0.005888412400000001,0.00034780199999999255,2
123,1778488960434,-0.0046207772,0.005888412400000001,0.00034780199999999255,2
124,1778488960438,-0.0049366772,0.0067581124,0.0005116019999999288,2
0,1778488960513,-0.0035131771999999998,0.007694112400000001,-0.00018259799999993838,2
1,1778488960517,-0.0036418771999999996,0.007288512400000001,0.0005428019999999378,2
2,1778488960521,-0.0036418771999999996,0.007288512400000001,0.0005428019999999378,2
3,1778488960525,-0.0037939771999999997,0.0064383124,0.0005662020000000555,2
4,1778488960529,-0.0037939771999999997,0.0064383124,0.0005662020000000555,2
5,1778488960533,-0.0042814772,0.0059274124,0.0004453020000000762,2
6,1778488960536,-0.0042814772,0.0059274124,0.0004453020000000762,2
7,1778488960540,-0.0042814772,0.0061848124,0.0006949019999999261,2
8,1778488960544,-0.0047221772,0.0061848124,0.0006949019999999261,2
9,1778488960548,-0.0047221772,0.0061848124,0.0005701019999998901,2
10,1778488960552,-0.0050263771999999995,0.0069180123999999996,0.0005701019999998901,2
11,1778488960639,-0.0047923772,0.0071169124,0.0002932020000000878,2
12,1778488960685,-0.0045700772,0.006797112400000001,8.260199999991606e-05,2
13,1778488960689,-0.004495977199999999,0.006797112400000001,8.260199999991606e-05,2
14,1778488960693,-0.0048547772,0.0059040124,0.0007339020000000484,2
15,1778488960697,-0.0048547772,0.0059040124,0.0007339020000000484,2
16,1778488960702,-0.0045856772,0.0063174124,0.0003439019999999359,2
17,1778488960706,-0.0045856772,0.0063174124,0.0003439019999999359,2
18,1778488960710,-0.0043165771999999995,0.0073158124,0.00010600200000003383,2
19,1778488960714,-0.0043165771999999995,0.0073158124,0.00010600200000003383,2
20,1778488960718,-0.003973377199999999,0.007982712400000001,0.0003829020000000582,2
21,1778488960729,-0.003973377199999999,0.007982712400000001,0.0003829020000000582,2
22,1778488960733,-0.0040708772,0.0066567124000000005,4.3602000000015836e-05,2
23,1778488960737,-0.0040708772,0.0066567124000000005,4.3602000000015836e-05,2
24,1778488960742,-0.0040591772,0.006067812400000001,0.00033220199999998805,2
25,1778488960746,-0.0040591772,0.006067812400000001,0.00033220199999998805,2
26,1778488960750,-0.0041488772,0.0057636124,-0.00018649799999999501,2
27,1778488960754,-0.0041488772,0.0057636124,-0.00018649799999999501,2
28,1778488960758,-0.0042307772,0.0062394124,0.0003205020000000402,2
29,1778488960762,-0.0042307772,0.0062394124,0.0003205020000000402,2
30,1778488960767,-0.0042151772,0.0074016124,0.00023470199999990442,2
31,1778488960771,-0.0042151772,0.0074016124,0.00023470199999990442,2
32,1778488960774,-0.0042385771999999995,0.0080763124,7.480200000002483e-05,2
33,1778488960778,-0.0042385771999999995,0.0080763124,7.480200000002483e-05,2
34,1778488960782,-0.0046675772,0.007729212400000001,0.0008197019999999621,2
35,1778488960786,-0.0046675772,0.007729212400000001,0.0008197019999999621,2
36,1778488960789,-0.0048079772,0.0068478124,0.0004765020000000852,2
37,1778488960793,-0.0048079772,0.0068478124,0.0004765020000000852,2
38,1778488960797,-0.005127777199999999,0.0056700124000000005,0.0002815019999999179,2
39,1778488960801,-0.005127777199999999,0.0056700124000000005,0.0002815019999999179,2
40,1778488960805,-0.0046987771999999995,0.0062628124,0.0005311019999999899,2
41,1778488960808,-0.0046987771999999995,0.0062628124,0.0005311019999999899,2
42,1778488960812,-0.0046987771999999995,0.0068829124,3.97019999999592e-05,2
43,1778488960816,-0.0045817772,0.0068829124,3.97019999999592e-05,2
44,1778488960820,-0.0045817772,0.0068829124,0.0002971019999999224,2
45,1778488960823,-0.0038953772,0.0076668124,0.0002971019999999224,2
46,1778488960827,-0.0038953772,0.0076668124,0.0002971019999999224,2
47,1778488960831,-0.0036574771999999998,0.0077019124,0.0004999019999999809,2
48,1778488960835,-0.0036574771999999998,0.0077019124,0.0004999019999999809,2
49,1778488960838,-0.0040162772,0.0069180123999999996,0.0003556019999998838,2
50,1778488960842,-0.0040162772,0.0069180123999999996,0.0003556019999998838,2
51,1778488960846,-0.0041059771999999994,0.005911812400000001,0.00018400200000005633,2
52,1778488960850,-0.0041059771999999994,0.005911812400000001,0.00018400200000005633,2
53,1778488960853,-0.0042814772,0.0055140124000000006,0.0005350020000000465,2
54,1778488960857,-0.0042814772,0.0055140124000000006,0.0005350020000000465,2
55,1778488960861,-0.004339977199999999,0.0060717124,0.00010990200000009047,2
56,1778488960865,-0.004339977199999999,0.0060717124,0.00010990200000009047,2
57,1778488960869,-0.004363377199999999,0.0072066123999999995,0.0005623019999999989,2
58,1778488960872,-0.004363377199999999,0.0072066123999999995,0.0005623019999999989,2
59,1778488960876,-0.004363377199999999,0.0082050124,0.00014110199999987742,2
60,1778488960880,-0.0039499771999999995,0.0082050124,0.00014110199999987742,2
61,1778488960884,-0.0039499771999999995,0.0082050124,0.0001333019999999862,2
62,1778488960887,-0.0041722771999999995,0.007756512400000002,0.0001333019999999862,2
63,1778488960891,-0.0041722771999999995,0.007756512400000002,0.0001333019999999862,2
64,1778488960895,-0.004207377199999999,0.0074835124,0.0006481019999999126,2
65,1778488960899,-0.004207377199999999,0.0074835124,0.0006481019999999126,2
66,1778488960902,-0.0049132772,0.006001512400000001,-0.00044389800000006925,2
67,1778488960906,-0.0049132772,0.006001512400000001,-0.00044389800000006925,2
68,1778488960910,-0.0052018772,0.005822112400000001,0.000893801999999928,2
69,1778488960914,-0.0052018772,0.005822112400000001,0.000893801999999928,2
70,1778488960917,-0.0048157771999999995,0.0066294124,-0.00033859799999998337,2
71,1778488960921,-0.0048157771999999995,0.0066294124,-0.00033859799999998337,2
72,1778488960925,-0.004651977199999999,0.0076824124000000014,0.0005155019999999854,2
73,1778488960929,-0.004651977199999999,0.0076824124000000014,0.0005155019999999854,2
74,1778488960933,-0.0040864772,0.0079671124,0.00046480199999991527,2
75,1778488960937,-0.0040864772,0.0079671124,0.00046480199999991527,2
76,1778488960941,-0.0037354771999999997,0.0077604124,0.0008899019999998713,2
77,1778488960944,-0.0037354771999999997,0.0077604124,0.0008899019999998713,2
78,1778488960948,-0.0037354771999999997,0.0062862123999999995,0.0006091020000000124,2
79,1778488960952,-0.0039226771999999995,0.0062862123999999995,0.0006091020000000124,2
80,1778488960956,-0.0039226771999999995,0.0062862123999999995,0.0006676019999999738,2
81,1778488960959,-0.0040552771999999996,0.005779212400000001,0.0006676019999999738,2
82,1778488960963,-0.0040552771999999996,0.005779212400000001,0.0006676019999999738,2
83,1778488960967,-0.0044920772,0.0058533123999999995,-9.679800000002466e-05,2
84,1778488960971,-0.0044920772,0.0058533123999999995,-9.679800000002466e-05,2
85,1778488960974,-0.0044491771999999995,0.0064968123999999995,2.41019999999547e-05,2
86,1778488960978,-0.0044491771999999995,0.0064968123999999995,2.41019999999547e-05,2
87,1778488960983,-0.0041332771999999995,0.0080022124,-0.000248898000000013,2
88,1778488960990,-0.0041332771999999995,0.0080022124,-0.000248898000000013,2
89,1778488960993,-0.0041683772,0.0080022124,2.8002000000011337e-05,2
90,1778488960997,-0.0038212771999999997,0.0074250124,0.0009172020000000457,2
91,1778488961001,-0.0038212771999999997,0.0074250124,0.0009172020000000457,2
92,1778488961005,-0.004495977199999999,0.0059196124,0.00025420199999996555,2
93,1778488961011,-0.004495977199999999,0.0059196124,0.00025420199999996555,2
94,1778488961015,-0.004628577199999999,0.0059391124,0.0008197019999999621,2
95,1778488961019,-0.004628577199999999,0.0059391124,0.0008197019999999621,2
96,1778488961023,-0.0048352772,0.006153612400000001,0.0003751019999999449,2
97,1778488961027,-0.0048352772,0.006153612400000001,0.0003751019999999449,2
98,1778488961030,-0.0047884772,0.0073899124,0.0010576020000000862,2
99,1778488961034,-0.0047884772,0.0073899124,0.0010576020000000862,2
100,1778488961038,-0.0042658772,0.008150412400000001,-6.94980000000723e-05,2
101,1778488961042,-0.0042658772,0.008150412400000001,-6.94980000000723e-05,2
102,1778488961046,-0.0044920772,0.008006112400000001,0.0010420020000000817,2
103,1778488961050,-0.0044920772,0.008006112400000001,0.0010420020000000817,2
104,1778488961053,-0.0042151772,0.0061926124,-0.000498497999999974,2
105,1778488961057,-0.0042151772,0.0061926124,-0.000498497999999974,2
106,1778488961061,-0.0041878772,0.0062043124,0.0006871020000000349,2
107,1778488961065,-0.0041878772,0.0062043124,0.0006871020000000349,2
108,1778488961069,-0.004008477199999999,0.0066918124,0.0002425020000000177,2
109,1778488961073,-0.004008477199999999,0.0066918124,0.0002425020000000177,2
110,1778488961076,-0.0041566772,0.0059937124,0.0003127019999999269,2
111,1778488961080,-0.0041566772,0.0059937124,0.0003127019999999269,2
112,1778488961084,-0.0041566772,0.0059937124,0.0003127019999999269,2
113,1778488961087,-0.0039226771999999995,0.007464012400000001,0.0003127019999999269,2
114,1778488961091,-0.0039226771999999995,0.007464012400000001,0.0003127019999999269,2
115,1778488961095,-0.0046012772,0.008298612399999999,-4.999800000001116e-05,2
116,1778488961099,-0.0046012772,0.008298612399999999,-4.999800000001116e-05,2
117,1778488961103,-0.0042541772,0.007409412400000001,0.000550602000000051,2
118,1778488961106,-0.0042541772,0.007409412400000001,0.000550602000000051,2
119,1778488961110,-0.0041800772,0.005666112400000001,-4.219800000011993e-05,2
120,1778488961114,-0.0041800772,0.005666112400000001,-4.219800000011993e-05,2
121,1778488961117,-0.0043906772,0.0056856124,0.0011083019999999343,2
122,1778488961121,-0.0043906772,0.0056856124,0.0011083019999999343,2
123,1778488961125,-0.0046636772,0.0065046124,0.00018790199999989092,2
124,1778488961129,-0.0046636772,0.0065046124,0.00018790199999989092,2
0,1778488961203,-0.0040006772,0.0073938124,0.0003829020000000582,2
1,1778488961312,-0.0043750772,0.007276812400000001,0.0007027020000000394,2
2,1778488961316,-0.004285377199999999,0.0061809124,-0.00046339800000001936,2
3,1778488961320,-0.004285377199999999,0.0061809124,-0.00046339800000001936,2
4,1778488961324,-0.0044452772,0.0055647124,0.0013033019999998795,2
5,1778488961328,-0.0044452772,0.0055647124,0.0013033019999998795,2
6,1778488961332,-0.0044452772,0.005358012400000001,-0.000997698000000007,2
7,1778488961335,-0.004351677199999999,0.005358012400000001,-0.000997698000000007,2
8,1778488961339,-0.004351677199999999,0.005358012400000001,-0.000997698000000007,2
9,1778488961343,-0.0044218771999999995,0.0066567124000000005,0.0008782019999999235,2
10,1778488961347,-0.0044218771999999995,0.0066567124000000005,0.0008782019999999235,2
11,1778488961351,-0.0037900772,0.0080139124,-0.00041659800000000587,2
12,1778488961354,-0.0037900772,0.0080139124,-0.00041659800000000587,2
13,1778488961358,-0.0042112772,0.0081699124,0.0010225020000000206,2
14,1778488961362,-0.0042112772,0.0081699124,0.0010225020000000206,2
15,1778488961366,-0.004129377199999999,0.0080529124,-2.6598000000115432e-05,2
16,1778488961369,-0.004129377199999999,0.0080529124,-2.6598000000115432e-05,2
17,1778488961373,-0.0047377771999999995,0.006578712400000001,0.0008899019999998713,2
18,1778488961377,-0.0047377771999999995,0.006578712400000001,0.0008899019999998713,2
19,1778488961381,-0.0046909772,0.005810412400000001,0.00020350199999989542,2
20,1778488961384,-0.0046909772,0.005810412400000001,0.00020350199999989542,2
21,1778488961388,-0.0047338772,0.0056583124000000005,0.0006910020000000915,2
22,1778488961392,-0.0047338772,0.0056583124000000005,0.0006910020000000915,2
23,1778488961396,-0.0047338772,0.0069024124,0.00014110199999987742,2
24,1778488961399,-0.0045193772,0.0069024124,0.00014110199999987742,2
25,1778488961403,-0.0045193772,0.0069024124,0.00044920199999991077,2
26,1778488961407,-0.004250277199999999,0.007947612400000002,0.00044920199999991077,2
27,1778488961411,-0.004250277199999999,0.007947612400000002,0.00044920199999991077,2
28,1778488961415,-0.0038992771999999997,0.0080880124,0.000737801999999883,2
29,1778488961418,-0.0038992771999999997,0.0080880124,0.000737801999999883,2
30,1778488961422,-0.0039577772,0.0066918124,-0.0008611980000000231,2
31,1778488961426,-0.0039577772,0.0066918124,-0.0008611980000000231,2
32,1778488961429,-0.0042697772,0.006278412400000001,0.001299402000000045,2
33,1778488961433,-0.0042697772,0.006278412400000001,0.001299402000000045,2
34,1778488961437,-0.0043555772,0.005978112400000001,-0.000985998000000059,2
35,1778488961441,-0.0043555772,0.005978112400000001,-0.000985998000000059,2
36,1778488961460,-0.0043126772,0.0080646124,0.0008353019999999666,2
37,1778488961464,-0.004141077199999999,0.0080646124,0.0008353019999999666,2
38,1778488961467,-0.004141077199999999,0.0080646124,0.0003439019999999359,2
39,1778488961471,-0.003996777199999999,0.0079047124,0.0003439019999999359,2
40,1778488961475,-0.003996777199999999,0.0079047124,0.0003439019999999359,2
41,1778488961479,-0.004339977199999999,0.0065397124,0.0007105019999999306,2
42,1778488961482,-0.004339977199999999,0.0065397124,0.0007105019999999306,2
43,1778488961486,-0.004417977199999999,0.006009312400000001,0.0002464020000000743,2
44,1778488961490,-0.004417977199999999,0.006009312400000001,0.0002464020000000743,2
45,1778488961494,-0.0048313772,0.0055920124000000005,0.0003712019999998883,2
46,1778488961497,-0.0048313772,0.0055920124000000005,0.0003712019999998883,2
47,1778488961501,-0.0045583772,0.006687912400000001,0.0007573019999999441,2
48,1778488961505,-0.0045583772,0.006687912400000001,0.0007573019999999441,2
49,1778488961508,-0.004651977199999999,0.0073275124,-8.119800000002016e-05,2
50,1778488961512,-0.004651977199999999,0.0073275124,-8.119800000002016e-05,2
51,1778488961516,-0.004651977199999999,0.0084741124,0.0010030019999999595,2
52,1778488961520,-0.0044218771999999995,0.0084741124,0.0010030019999999595,2
53,1778488961524,-0.0044218771999999995,0.0084741124,-0.0008065980000000073,2
54,1778488961527,-0.0042580772,0.007475712400000001,-0.0008065980000000073,2
55,1778488961531,-0.0042580772,0.007475712400000001,0.0014593019999999245,2
56,1778488961535,-0.0044998772,0.0064188124,0.0014593019999999245,2
57,1778488961539,-0.0044998772,0.0064188124,0.0014593019999999245,2
58,1778488961543,-0.0041488772,0.0061965124,-0.0003775979999999946,2
59,1778488961546,-0.0041488772,0.0061965124,-0.0003775979999999946,2
60,1778488961550,-0.0044023772,0.006321312400000001,0.0009367019999998848,2
61,1778488961554,-0.0044023772,0.006321312400000001,0.0009367019999998848,2
62,1778488961558,-0.0044569772,0.0069063124,0.00011380199999992506,2
63,1778488961562,-0.0044569772,0.0069063124,0.00011380199999992506,2
64,1778488961566,-0.0043165771999999995,0.0075264124,0.00048820200000003304,2
65,1778488961570,-0.0043165771999999995,0.0075264124,0.00048820200000003304,2
66,1778488961573,-0.0040162772,0.008259612400000001,0.0003244019999998748,2
67,1778488961577,-0.0040162772,0.008259612400000001,0.0003244019999998748,2
68,1778488961581,-0.0041332771999999995,0.0066021124,0.0007573019999999441,2
69,1778488961585,-0.0041332771999999995,0.0066021124,0.0007573019999999441,2
70,1778488961588,-0.0042463772,0.0062862123999999995,0.00023860199999996105,2
71,1778488961592,-0.0042463772,0.0062862123999999995,0.00023860199999996105,2
72,1778488961596,-0.0042463772,0.0052527124,0.00023080200000006983,2
73,1778488961600,-0.0042775771999999995,0.0052527124,0.00023080200000006983,2
74,1778488961603,-0.0042775771999999995,0.0052527124,0.0007339020000000484,2
75,1778488961607,-0.0044491771999999995,0.006820512400000001,0.0007339020000000484,2
76,1778488961611,-0.0044491771999999995,0.006820512400000001,0.0007339020000000484,2
77,1778488961615,-0.0045934771999999995,0.0070389124,-0.0010054980000000092,2
78,1778488961619,-0.0045934771999999995,0.0070389124,-0.0010054980000000092,2
79,1778488961622,-0.0044023772,0.008466312399999999,0.0007924020000000098,2
80,1778488961626,-0.0044023772,0.008466312399999999,0.0007924020000000098,2
81,1778488961630,-0.0042346772,0.007506912400000001,-0.0013564979999999994,2
82,1778488961634,-0.0042346772,0.007506912400000001,-0.0013564979999999994,2
83,1778488961637,-0.004550577199999999,0.006910212400000001,0.0013969019999999065,2
84,1778488961641,-0.004550577199999999,0.006910212400000001,0.0013969019999999065,2
85,1778488961645,-0.004363377199999999,0.006044412400000001,0.00012940199999992956,2
86,1778488961649,-0.004363377199999999,0.006044412400000001,0.00012940199999992956,2
87,1778488961652,-0.004472577199999999,0.005900112400000001,0.0015100019999999947,2
88,1778488961656,-0.004472577199999999,0.005900112400000001,0.0015100019999999947,2
89,1778488961660,-0.004351677199999999,0.0067503124,0.0002503019999999089,2
90,1778488961664,-0.004351677199999999,0.0067503124,0.0002503019999999089,2
91,1778488961667,-0.004351677199999999,0.0067503124,0.0006559020000000259,2
92,1778488961671,-0.0041566772,0.0075030124,0.0006559020000000259,2
93,1778488961675,-0.0041566772,0.0075030124,0.0006559020000000259,2
94,1778488961679,-0.0043594772,0.008212812400000002,-0.00019819799999994288,2
95,1778488961683,-0.0043594772,0.008212812400000002,-0.00019819799999994288,2
96,1778488961686,-0.0043906772,0.0066801124,0.0004141020000000672,2
97,1778488961690,-0.0043906772,0.0066801124,0.0004141020000000672,2
98,1778488961694,-0.0043750772,0.0065826124,0.00026980199999997005,2
99,1778488961697,-0.0043750772,0.0065826124,0.00026980199999997005,2
100,1778488961702,-0.004472577199999999,0.0054477124000000005,-0.00024109800000012178,2
101,1778488961705,-0.004472577199999999,0.0054477124000000005,-0.00024109800000012178,2
102,1778488961709,-0.0042307772,0.0070818124,0.0009757020000000071,2
103,1778488961713,-0.0042307772,0.0070818124,0.0009757020000000071,2
104,1778488961717,-0.0041722771999999995,0.0071052124,-0.0004945980000000284,2
105,1778488961721,-0.0041722771999999995,0.0071052124,-0.0004945980000000284,2
106,1778488961724,-0.0041995771999999995,0.008263512399999999,0.0013735020000000108,2
107,1778488961728,-0.0041995771999999995,0.008263512399999999,0.0013735020000000108,2
108,1778488961732,-0.0041995771999999995,0.007440612400000001,-0.0006154980000000077,2
109,1778488961736,-0.0042580772,0.007440612400000001,-0.0006154980000000077,2
110,1778488961739,-0.0042580772,0.007440612400000001,0.0011161020000000476,2
111,1778488961743,-0.0045544771999999996,0.0065631123999999996,0.0011161020000000476,2
112,1778488961747,-0.0045544771999999996,0.0065631123999999996,0.0011161020000000476,2
113,1778488961751,-0.0045154772,0.0058299124,-8.509800000007679e-05,2
114,1778488961755,-0.0045154772,0.0058299124,-8.509800000007679e-05,2
115,1778488961758,-0.004850877199999999,0.005798712400000001,0.0009406019999999415,2
116,1778488961762,-0.004850877199999999,0.005798712400000001,0.0009406019999999415,2
117,1778488961766,-0.0043360772,0.0068946124,0.0002269020000000132,2
118,1778488961771,-0.0043360772,0.0068946124,0.0002269020000000132,2
119,1778488961775,-0.003996777199999999,0.007499112400000001,0.000800201999999901,2
120,1778488961779,-0.003996777199999999,0.007499112400000001,-0.00022939799999995188,2
121,1778488961783,-0.0040825772,0.0082050124,-0.00022939799999995188,2
122,1778488961787,-0.0040825772,0.0082050124,9.820199999992056e-05,2
123,1778488961791,-0.003985077199999999,0.007241712400000001,9.820199999992056e-05,2
124,1778488961795,-0.003985077199999999,0.007241712400000001,0.000706601999999874,2
0,1778488961981,-0.0046753772,0.0064617124,0.0009991019999999028,2
1,1778488961985,-0.0045349772,0.0066723124,0.0014086020000000764,2
2,1778488961989,-0.0055723772,0.0081699124,0.0001489019999999907,2
3,1778488961993,-0.0055723772,0.0081699124,0.0001489019999999907,2
4,1778488961997,-0.0042424772,0.0082401124,-0.0005335980000000396,2
5,1778488962001,-0.0042424772,0.0082401124,-0.0005335980000000396,2
6,1778488962005,-0.0046675772,0.006434412400000001,0.001350101999999893,2
7,1778488962009,-0.0046675772,0.006434412400000001,0.001350101999999893,2
8,1778488962013,-0.0042346772,0.005580312400000001,-0.00022939799999995188,2
9,1778488962016,-0.0042346772,0.005580312400000001,-0.00022939799999995188,2
10,1778488962020,-0.0030412771999999994,0.0074250124,0.00021520200000006533,2
11,1778488962024,-0.0030412771999999994,0.0074250124,0.00021520200000006533,2
12,1778488962027,-0.0030412771999999994,0.0056817124,0.00015280200000004733,2
13,1778488962031,-0.0045466772,0.0056817124,0.00015280200000004733,2
14,1778488962035,-0.0045466772,0.0056817124,0.00037900200000000155,2
15,1778488962039,-0.0042229772,0.0070935124,0.00037900200000000155,2
16,1778488962043,-0.0042229772,0.0070935124,-0.00033859799999998337,2
17,1778488962047,-0.0048859772,0.008310312399999999,-0.00033859799999998337,2
18,1778488962051,-0.0048859772,0.008310312399999999,-0.00033859799999998337,2
19,1778488962054,-0.0047260772,0.0082206124,0.0009640020000000592,2
20,1778488962058,-0.0047260772,0.0082206124,0.0009640020000000592,2
21,1778488962062,-0.0043750772,0.0066021124,-0.0001318980000000903,2
22,1778488962066,-0.0043750772,0.0066021124,-0.0001318980000000903,2
23,1778488962069,-0.0044647772,0.0058845124,0.0008782019999999235,2
24,1778488962073,-0.0044647772,0.0058845124,0.0008782019999999235,2
25,1778488962077,-0.0042307772,0.0064578124,0.00028540199999997455,2
26,1778488962081,-0.0042307772,0.0064578124,0.00028540199999997455,2
27,1778488962084,-0.0041254772,0.0070389124,0.0007495020000000529,2
28,1778488962088,-0.0041254772,0.0070389124,0.0007495020000000529,2
29,1778488962092,-0.0044764772,0.0072690124,0.0007105019999999306,2
30,1778488962096,-0.0044764772,0.0072690124,0.0007105019999999306,2
31,1778488962099,-0.0044764772,0.0070233124000000004,0.0003907019999999494,2
32,1778488962103,-0.0048703772,0.0070233124000000004,0.0003907019999999494,2
33,1778488962107,-0.0048703772,0.0070233124000000004,0.00026980199999997005,2
34,1778488962111,-0.0047143772,0.007803312400000002,0.00026980199999997005,2
35,1778488962114,-0.0047143772,0.007803312400000002,0.00026980199999997005,2
36,1778488962118,-0.004285377199999999,0.0065046124,5.9202000000020336e-05,2
37,1778488962122,-0.004285377199999999,0.0065046124,5.9202000000020336e-05,2
38,1778488962126,-0.0041488772,0.005580312400000001,-1.0998000000110933e-05,2
39,1778488962129,-0.0041488772,0.005580312400000001,-1.0998000000110933e-05,2
40,1778488962133,-0.0038251771999999996,0.0066489124,0.00017230199999988642,2
41,1778488962137,-0.0038251771999999996,0.0066489124,0.00017230199999988642,2
42,1778488962141,-0.0039265772,0.007686312399999999,0.0007183020000000439,2
43,1778488962144,-0.0039265772,0.007686312399999999,0.0007183020000000439,2
44,1778488962148,-0.0040240772,0.0078189124,-0.00022939799999995188,2
45,1778488962152,-0.0040240772,0.0078189124,-0.00022939799999995188,2
46,1778488962156,-0.0040240772,0.0073782124000000004,0.0004960019999999243,2
47,1778488962160,-0.0044023772,0.0073782124000000004,0.0004960019999999243,2
48,1778488962164,-0.0044023772,0.0069063124,0.0003400019999998793,2
49,1778488962168,-0.004538877199999999,0.0069063124,0.0003400019999998793,2
50,1778488962171,-0.004538877199999999,0.0059313123999999995,0.0006481019999999126,2
51,1778488962175,-0.0045427772,0.0059313123999999995,0.0006481019999999126,2
52,1778488962179,-0.0045427772,0.0059313123999999995,0.0006247020000000169,2
53,1778488962183,-0.0047260772,0.0052761124,0.0006247020000000169,2
54,1778488962187,-0.0047260772,0.0052761124,0.0006247020000000169,2
55,1778488962190,-0.004417977199999999,0.0066567124000000005,6.700199999991156e-05,2
56,1778488962194,-0.004417977199999999,0.0066567124000000005,6.700199999991156e-05,2
57,1778488962198,-0.0041683772,0.0075576124,0.0003361020000000447,2
58,1778488962202,-0.0041683772,0.0075576124,0.0003361020000000447,2
59,1778488962205,-0.0042775771999999995,0.0081699124,-3.8298000000063295e-05,2
60,1778488962209,-0.0042775771999999995,0.0081699124,-3.8298000000063295e-05,2
61,1778488962213,-0.0047299772,0.0073938124,0.00011380199999992506,2
62,1778488962216,-0.0047299772,0.0073938124,0.00011380199999992506,2
63,1778488962220,-0.0026629771999999996,0.008173812400000001,0.0006208019999999603,2
64,1778488962224,-0.0026629771999999996,0.008173812400000001,0.0006208019999999603,2
65,1778488962228,-0.0052213772,0.0044649124,0.000925001999999937,2
66,1778488962231,-0.0052213772,0.0044649124,0.000925001999999937,2
67,1778488962235,-0.0052213772,0.0044649124,-0.0010366980000000182,2
68,1778488962239,-0.0041098772,0.0072222124000000006,-0.0010366980000000182,2
69,1778488962243,-0.0041098772,0.0072222124000000006,-0.0010366980000000182,2
70,1778488962246,-0.0051901772,0.0048822124000000005,0.0021262020000000614,2
71,1778488962251,-0.0051901772,0.0048822124000000005,0.0021262020000000614,2
72,1778488962255,-0.0058024771999999995,0.007397712400000001,0.0013423020000000018,2
73,1778488962258,-0.0058024771999999995,0.007397712400000001,0.0013423020000000018,2
74,1778488962262,-0.0028540772,0.009425712400000001,-0.0015709980000000057,2
75,1778488962266,-0.0028540772,0.009425712400000001,-0.0015709980000000057,2
76,1778488962270,-0.0038563772,0.006687912400000001,0.002325102000000063,2
77,1778488962274,-0.0038563772,0.006687912400000001,0.002325102000000063,2
78,1778488962277,-0.0042541772,0.0067152124,-0.0007051979999999781,2
79,1778488962281,-0.0042541772,0.0067152124,-0.0007051979999999781,2
80,1778488962285,-0.0040045772,0.0056817124,-0.0009508979999999934,2
81,1778488962289,-0.0040045772,0.0056817124,-0.0009508979999999934,2
82,1778488962292,-0.005248677199999999,0.0056934124,0.0012760019999999272,2
83,1778488962296,-0.005248677199999999,0.0056934124,0.0012760019999999272,2
84,1778488962300,-0.0050029772,0.006387612400000001,-0.0008299980000000141,2
85,1778488962304,-0.0050029772,0.006387612400000001,-0.0008299980000000141,2
86,1778488962307,-0.0050029772,0.0093126124,0.0007768020000000053,2
87,1778488962311,-0.0042424772,0.0093126124,0.0007768020000000053,2
88,1778488962315,-0.0042424772,0.0093126124,0.0004843019999999764,2
89,1778488962319,-0.0041215772,0.0077994124000000005,0.0004843019999999764,2
90,1778488962323,-0.0041215772,0.0077994124000000005,0.0004843019999999764,2
91,1778488962326,-0.0033181771999999995,0.007265112400000001,0.0006793019999999216,2
92,1778488962330,-0.0033181771999999995,0.007265112400000001,0.0006793019999999216,2
93,1778488962334,-0.0034585771999999996,0.0065163124,0.0004999019999999809,2
94,1778488962338,-0.0034585771999999996,0.0065163124,0.0004999019999999809,2
95,1778488962342,-0.0037237772,0.0047496124,0.0006559020000000259,2
96,1778488962345,-0.0037237772,0.0047496124,0.0006559020000000259,2
97,1778488962349,-0.0043204772,0.0056505124,0.00012550199999987292,2
98,1778488962353,-0.0043204772,0.0056505124,0.00012550199999987292,2
99,1778488962357,-0.0047923772,0.008306412400000001,0.0006247020000000169,2
100,1778488962360,-0.0047923772,0.008306412400000001,0.0006247020000000169,2
101,1778488962364,-0.0052330772,0.007830612399999999,-0.000467297999999965,2
102,1778488962368,-0.0052330772,0.007830612399999999,-0.000467297999999965,2
103,1778488962372,-0.0049756772,0.007694112400000001,0.0013150020000000495,2
104,1778488962375,-0.0049756772,0.007694112400000001,0.0013150020000000495,2
105,1778488962379,-0.0049756772,0.007694112400000001,-0.0004828979999999695,2
106,1778488962383,-0.0043867772,0.0068478124,-0.0004828979999999695,2
107,1778488962387,-0.0043867772,0.0068478124,-0.0004828979999999695,2
108,1778488962390,-0.0041605772,0.005798712400000001,0.0006364019999999648,2
109,1778488962394,-0.0041605772,0.005798712400000001,0.0006364019999999648,2
110,1778488962398,-0.0042775771999999995,0.0062082123999999995,-0.00010849799999997252,2
111,1778488962402,-0.0042775771999999995,0.0062082123999999995,-0.00010849799999997252,2
112,1778488962406,-0.0046636772,0.0072144124,0.00026980199999997005,2
113,1778488962410,-0.0046636772,0.0072144124,0.00026980199999997005,2
114,1778488962413,-0.0046870772,0.0080412124,0.0010654019999999775,2
115,1778488962417,-0.0046870772,0.0080412124,0.0010654019999999775,2
116,1778488962421,-0.0047026772,0.0079086124,-0.00032299799999997887,2
117,1778488962425,-0.0047026772,0.0079086124,-0.00032299799999997887,2
118,1778488962428,-0.0045154772,0.007152012400000001,0.0009055019999998758,2
119,1778488962446,-0.0045154772,0.007152012400000001,0.0009055019999998758,2
120,1778488962449,-0.0038836771999999995,0.005666112400000001,0.00036340199999999705,2
121,1778488962453,-0.0038875771999999998,0.0059079124,-0.00015139799999992938,2
122,1778488962457,-0.0038875771999999998,0.0059079124,-0.00015139799999992938,2
123,1778488962460,-0.0038446771999999995,0.0078696124,0.0015880020000000172,2
124,1778488962464,-0.0038446771999999995,0.0078696124,0.0015880020000000172,2
0,1778488962539,-0.0048157771999999995,0.0074445124000000005,0.0005857019999998946,2
1,1778488962646,-0.0048079772,0.0060054124,0.0005857019999998946,2
2,1778488962651,-0.0045583772,0.0063291124,0.0006832019999999783,2
3,1778488962655,-0.0047104772,0.0059313123999999995,0.0006832019999999783,2
4,1778488962659,-0.0047104772,0.0059313123999999995,0.0006832019999999783,2
5,1778488962663,-0.0045310772,0.0057363124000000005,-0.00044779800000001486,2
6,1778488962666,-0.0045310772,0.0057363124000000005,-0.00044779800000001486,2
7,1778488962670,-0.0042424772,0.0073587124,0.001350101999999893,2
8,1778488962674,-0.0042424772,0.0073587124,0.001350101999999893,2
9,1778488962678,-0.0039382772,0.0078462124,-0.00029959800000008315,2
10,1778488962682,-0.0039382772,0.0078462124,-0.00029959800000008315,2
11,1778488962686,-0.0037978771999999995,0.0082050124,0.0008704020000000322,2
12,1778488962690,-0.0037978771999999995,0.0082050124,0.0008704020000000322,2
13,1778488962693,-0.0039031771999999995,0.0070467124,-4.999800000001116e-05,2
14,1778488962697,-0.0039031771999999995,0.0070467124,-4.999800000001116e-05,2
15,1778488962701,-0.0045856772,0.0060912124000000005,0.0013111019999999928,2
16,1778488962705,-0.0045856772,0.0060912124000000005,0.0013111019999999928,2
17,1778488962709,-0.0047533772,0.0054477124000000005,-0.00035029800000004226,2
18,1778488962713,-0.0047533772,0.0054477124000000005,-0.00035029800000004226,2
19,1778488962716,-0.0049327772,0.006032712400000001,0.0010264020000000772,2
20,1778488962720,-0.0049327772,0.006032712400000001,0.0010264020000000772,2
21,1778488962724,-0.0044452772,0.007362612400000001,-0.0001630980000000993,2
22,1778488962728,-0.0044452772,0.007362612400000001,-0.0001630980000000993,2
23,1778488962732,-0.0042034772,0.0080256124,0.0006637019999999171,2
24,1778488962736,-0.0042034772,0.0080256124,0.0006637019999999171,2
25,1778488962739,-0.0042034772,0.008454612399999999,0.0003244019999998748,2
26,1778488962743,-0.0040552771999999996,0.008454612399999999,0.0003244019999998748,2
27,1778488962747,-0.0040552771999999996,0.0068712124,0.00014110199999987742,2
28,1778488962751,-0.0045466772,0.0068712124,0.00014110199999987742,2
29,1778488962755,-0.0045466772,0.0068712124,0.000706601999999874,2
30,1778488962759,-0.0047572772,0.006044412400000001,0.000706601999999874,2
31,1778488962762,-0.0047572772,0.006044412400000001,0.000706601999999874,2
32,1778488962766,-0.004651977199999999,0.005712912400000001,-0.0003268980000000355,2
33,1778488962770,-0.004651977199999999,0.005712912400000001,-0.0003268980000000355,2
34,1778488962774,-0.0046558772,0.006598212400000001,0.0013969019999999065,2
35,1778488962778,-0.0046558772,0.006598212400000001,0.0013969019999999065,2
36,1778488962782,-0.004339977199999999,0.0073821124,-0.00011239800000002916,2
37,1778488962786,-0.004339977199999999,0.0073821124,-0.00011239800000002916,2
38,1778488962790,-0.0038524771999999996,0.007998312399999999,0.0012916019999999317,2
39,1778488962794,-0.0038524771999999996,0.007998312399999999,0.0012916019999999317,2
40,1778488962798,-0.0036925772,0.0072066123999999995,-0.0005140979999999785,2
41,1778488962802,-0.0036925772,0.0072066123999999995,-0.0005140979999999785,2
42,1778488962806,-0.0039889771999999995,0.006399312400000001,0.001081001999999982,2
43,1778488962810,-0.0039889771999999995,0.006399312400000001,0.001081001999999982,2
44,1778488962814,-0.0043204772,0.005467212400000001,-0.00020209799999999951,2
45,1778488962818,-0.0043204772,0.005467212400000001,-0.00020209799999999951,2
46,1778488962822,-0.0046597771999999996,0.0061146124,0.0012292019999999137,2
47,1778488962826,-0.0046597771999999996,0.0061146124,0.0012292019999999137,2
48,1778488962830,-0.004640277199999999,0.0073041124,6.310200000007697e-05,2
49,1778488962833,-0.004640277199999999,0.0073041124,6.310200000007697e-05,2
50,1778488962837,-0.0046714771999999995,0.007912512400000002,0.0004063019999999539,2
51,1778488962841,-0.0046714771999999995,0.007912512400000002,0.0004063019999999539,2
52,1778488962845,-0.0041995771999999995,0.008322012399999999,0.0003829020000000582,2
53,1778488962849,-0.0041995771999999995,0.008322012399999999,0.0003829020000000582,2
54,1778488962853,-0.0041488772,0.007187112400000001,0.0001177019999999817,2
55,1778488962857,-0.0041488772,0.007187112400000001,0.0001177019999999817,2
56,1778488962860,-0.0042307772,0.0064461124000000005,0.0004960019999999243,2
57,1778488962864,-0.0042307772,0.0064461124000000005,0.0004960019999999243,2
58,1778488962868,-0.0044452772,0.005646612400000001,0.0003829020000000582,2
59,1778488962872,-0.0044452772,0.005646612400000001,0.0003829020000000582,2
60,1778488962876,-0.0046324771999999995,0.0064032124,0.0007885019999999531,2
61,1778488962880,-0.0046324771999999995,0.0064032124,0.0007885019999999531,2
62,1778488962884,-0.004417977199999999,0.007198812400000001,-3.197999999997661e-06,2
63,1778488962887,-0.004417977199999999,0.007198812400000001,-3.197999999997661e-06,2
64,1778488962892,-0.0043009772,0.0080373124,0.0009601020000000026,2
65,1778488962896,-0.0043009772,0.0080373124,0.0009601020000000026,2
66,1778488962899,-0.0038524771999999996,0.007421112400000001,-0.0006739979999999691,2
67,1778488962903,-0.0038524771999999996,0.007421112400000001,-0.0006739979999999691,2
68,1778488962907,-0.0038524771999999996,0.0068127124,0.0014047020000000198,2
69,1778488962911,-0.0038017771999999997,0.0068127124,0.0014047020000000198,2
70,1778488962915,-0.0038017771999999997,0.0068127124,-0.0004087980000000036,2
71,1778488962919,-0.0040279771999999995,0.0058182124,-0.0004087980000000036,2
72,1778488962922,-0.0040279771999999995,0.0058182124,0.000956201999999946,2
73,1778488962926,-0.0045973772,0.0056427123999999995,0.000956201999999946,2
74,1778488962930,-0.0045973772,0.0056427123999999995,0.000956201999999946,2
75,1778488962934,-0.0046597771999999996,0.0071832124,-0.00011239800000002916,2
76,1778488962938,-0.0046597771999999996,0.0071832124,-0.00011239800000002916,2
77,1778488962942,-0.0050341772,0.007530312400000001,0.0006091020000000124,2
78,1778488962946,-0.0050341772,0.007530312400000001,0.0006091020000000124,2
79,1778488962949,-0.0045466772,0.008407812399999999,0.0002113020000000087,2
80,1778488962953,-0.0045466772,0.008407812399999999,0.0002113020000000087,2
81,1778488962957,-0.0039226771999999995,0.007698012399999999,-2.2698000000058796e-05,2
82,1778488962961,-0.0039226771999999995,0.007698012399999999,-2.2698000000058796e-05,2
83,1778488962965,-0.0043438771999999995,0.0065358124,0.0001333019999999862,2
84,1778488962969,-0.0043438771999999995,0.0065358124,0.0001333019999999862,2
85,1778488962973,-0.0047533772,0.0058299124,0.0005428019999999378,2
86,1778488962977,-0.0047533772,0.0058299124,0.0005428019999999378,2
87,1778488962980,-0.0045193772,0.006231612400000001,0.0005233019999998766,2
88,1778488962984,-0.0045193772,0.006231612400000001,0.0005233019999998766,2
89,1778488962988,-0.004074777199999999,0.006645012400000001,-0.0003307979999999811,2
90,1778488962992,-0.004074777199999999,0.006645012400000001,-0.0003307979999999811,2
91,1778488962996,-0.0040318772,0.007803312400000002,0.000800201999999901,2
92,1778488963000,-0.0040318772,0.007803312400000002,0.000800201999999901,2
93,1778488963004,-0.0041488772,0.0078228124,-0.00045949799999996273,2
94,1778488963007,-0.0041488772,0.0078228124,-0.00045949799999996273,2
95,1778488963011,-0.0041488772,0.0070818124,0.001143402,2
96,1778488963015,-0.0041098772,0.0070818124,0.001143402,2
97,1778488963019,-0.0041098772,0.005911812400000001,-0.00040099800000000137,2
98,1778488963023,-0.0039616771999999995,0.005911812400000001,-0.00040099800000000137,2
99,1778488963027,-0.0039616771999999995,0.005911812400000001,0.0007300019999999918,2
100,1778488963030,-0.0044413772,0.005966412400000001,0.0007300019999999918,2
101,1778488963034,-0.0044413772,0.005966412400000001,0.0007300019999999918,2
102,1778488963038,-0.0043087772,0.0068907124,0.00012160200000003833,2
103,1778488963042,-0.0043087772,0.0068907124,0.00012160200000003833,2
104,1778488963046,-0.0047143772,0.0072846123999999995,0.0005857019999998946,2
105,1778488963050,-0.0047143772,0.0072846123999999995,0.0005857019999998946,2
106,1778488963053,-0.0045895772,0.008166012399999999,4.601999999893566e-06,2
107,1778488963057,-0.0045895772,0.008166012399999999,4.601999999893566e-06,2
108,1778488963061,-0.004628577199999999,0.007815012400000002,0.0002464020000000743,2
109,1778488963065,-0.004628577199999999,0.007815012400000002,0.0002464020000000743,2
110,1778488963069,-0.004328277199999999,0.006820512400000001,0.0002737020000000267,2
111,1778488963073,-0.004328277199999999,0.006820512400000001,0.0002737020000000267,2
112,1778488963076,-0.004394577199999999,0.0053931124,0.00031660199999998355,2
113,1778488963080,-0.004394577199999999,0.0053931124,0.00031660199999998355,2
114,1778488963084,-0.0043984772,0.0059157124,0.001081001999999982,2
115,1778488963088,-0.0043984772,0.0059157124,0.001081001999999982,2
116,1778488963092,-0.0042112772,0.0066372124,0.00023470199999990442,2
117,1778488963096,-0.0042112772,0.0066372124,0.00023470199999990442,2
118,1778488963100,-0.0041137772,0.007631712400000001,0.0013657019999998975,2
119,1778488963104,-0.0041137772,0.007631712400000001,0.0013657019999998975,2
120,1778488963107,-0.0038407771999999997,0.007885212400000001,-0.0002644980000000175,2
121,1778488963111,-0.0038407771999999997,0.007885212400000001,-0.0002644980000000175,2
122,1778488963115,-0.0038407771999999997,0.0073119124,0.0009016020000000412,2
123,1778488963119,-0.0041917772,0.0073119124,0.0009016020000000412,2
124,1778488963123,-0.0041917772,0.0073119124,2.8002000000011337e-05,2
0,1778488963248,-0.0041371772,0.0077253124,0.0007339020000000484,2
1,1778488963312,-0.004063077199999999,0.0082089124,0.00037900200000000155,2
2,1778488963317,-0.003930477199999999,0.0080139124,0.00020740199999995206,2
3,1778488963321,-0.003930477199999999,0.0080139124,0.00020740199999995206,2
4,1778488963325,-0.0038992771999999997,0.0079281124,0.0005896019999999513,2
5,1778488963329,-0.0038992771999999997,0.0079281124,0.0005896019999999513,2
6,1778488963332,-0.0039928772,0.0065124124000000005,-0.00021379799999994738,2
7,1778488963336,-0.0039928772,0.0065124124000000005,-0.00021379799999994738,2
8,1778488963340,-0.0041020772,0.005646612400000001,0.0006871020000000349,2
9,1778488963344,-0.0041020772,0.005646612400000001,0.0006871020000000349,2
10,1778488963347,-0.0041800772,0.005654412400000001,-0.000217698000000004,2
11,1778488963351,-0.0041800772,0.005654412400000001,-0.000217698000000004,2
12,1778488963355,-0.0041800772,0.006243312400000001,0.000675402000000087,2
13,1778488963359,-0.0042229772,0.006243312400000001,0.000675402000000087,2
14,1778488963363,-0.0042229772,0.006243312400000001,0.00015670199999988192,2
15,1778488963366,-0.003930477199999999,0.007900812400000002,0.00015670199999988192,2
16,1778488963370,-0.003930477199999999,0.007900812400000002,0.0003907019999999494,2
17,1778488963374,-0.0040045772,0.008166012399999999,0.0003907019999999494,2
18,1778488963378,-0.0040045772,0.008166012399999999,0.0003907019999999494,2
19,1778488963382,-0.0041332771999999995,0.007475712400000001,0.0003751019999999449,2
20,1778488963385,-0.0041332771999999995,0.007475712400000001,0.0003751019999999449,2
21,1778488963389,-0.0044491771999999995,0.0066255124,0.0002269020000000132,2
22,1778488963393,-0.0044491771999999995,0.0066255124,0.0002269020000000132,2
23,1778488963397,-0.0048196772,0.0060639123999999996,0.00041020200000001054,2
24,1778488963400,-0.0048196772,0.0060639123999999996,0.00041020200000001054,2
25,1778488963404,-0.0050809772,0.0061809124,0.0003751019999999449,2
26,1778488963408,-0.0050809772,0.0061809124,0.0003751019999999449,2
27,1778488963412,-0.0048313772,0.0072690124,0.0002776020000000833,2
28,1778488963416,-0.0048313772,0.0072690124,0.0002776020000000833,2
29,1778488963420,-0.0045310772,0.008251812399999999,-0.00017089799999999052,2
30,1778488963424,-0.0045310772,0.008251812399999999,-0.00017089799999999052,2
31,1778488963427,-0.0042034772,0.0082050124,0.00017620199999994306,2
32,1778488963431,-0.0042034772,0.0082050124,0.00017620199999994306,2
33,1778488963435,-0.0042034772,0.0072924124,0.0001489019999999907,2
34,1778488963439,-0.003907077199999999,0.0072924124,0.0001489019999999907,2
35,1778488963443,-0.0039694772,0.0059820124,0.00045700200000002404,2
36,1778488963447,-0.0039694772,0.0059820124,0.00045700200000002404,2
37,1778488963451,-0.0039694772,0.0058065124,-0.00017479800000004715,2
38,1778488963455,-0.0042112772,0.0058065124,-0.00017479800000004715,2
39,1778488963459,-0.0042112772,0.0058065124,0.00043360199999990627,2
40,1778488963462,-0.0043477772,0.005978112400000001,0.00043360199999990627,2
41,1778488963466,-0.0043477772,0.005978112400000001,3.190200000006797e-05,2
42,1778488963470,-0.0040123772,0.007198812400000001,3.190200000006797e-05,2
43,1778488963474,-0.0040123772,0.007198812400000001,3.190200000006797e-05,2
44,1778488963478,-0.004141077199999999,0.007776012400000001,0.00020350199999989542,2
45,1778488963482,-0.004141077199999999,0.007776012400000001,0.00020350199999989542,2
46,1778488963486,-0.0036730771999999995,0.0078189124,0.0003673020000000537,2
47,1778488963490,-0.0036730771999999995,0.0078189124,0.0003673020000000537,2
48,1778488963494,-0.0038797771999999997,0.0070116124000000005,0.0004219019999999584,2
49,1778488963498,-0.0038797771999999997,0.0070116124000000005,0.0004219019999999584,2
50,1778488963502,-0.0041722771999999995,0.005623212400000001,0.0001489019999999907,2
51,1778488963505,-0.0041722771999999995,0.005623212400000001,0.0001489019999999907,2
52,1778488963509,-0.0049015772,0.0059703124,0.0008470019999999145,2
53,1778488963513,-0.0049015772,0.0059703124,0.0008470019999999145,2
54,1778488963517,-0.005073177199999999,0.006789312400000001,0.00023470199999990442,2
55,1778488963521,-0.005073177199999999,0.006789312400000001,0.00023470199999990442,2
56,1778488963525,-0.0055021772,0.007288512400000001,0.00019960200000006083,2
57,1778488963528,-0.0055021772,0.007288512400000001,0.00019960200000006083,2
58,1778488963532,-0.0057010772,0.0083415124,0.00047260200000002854,2
59,1778488963536,-0.0057010772,0.0083415124,0.00047260200000002854,2
60,1778488963540,-0.0047338772,0.008138712400000001,-0.00016699799999993388,2
61,1778488963544,-0.0047338772,0.008138712400000001,-0.00016699799999993388,2
62,1778488963548,-0.0038251771999999996,0.005911812400000001,0.0004765020000000852,2
63,1778488963552,-0.0038251771999999996,0.005911812400000001,0.0004765020000000852,2
64,1778488963556,-0.0033766772,0.0064188124,0.0007651020000000574,2
65,1778488963560,-0.0033766772,0.0064188124,0.0007651020000000574,2
66,1778488963563,-0.0035677771999999995,0.0057168124,0.00015280200000004733,2
67,1778488963567,-0.0035677771999999995,0.0057168124,0.00015280200000004733,2
68,1778488963571,-0.0035677771999999995,0.0068166124,0.0009952020000000682,2
69,1778488963575,-0.0042580772,0.0068166124,0.0009952020000000682,2
70,1778488963579,-0.0042580772,0.0068166124,-0.0001630980000000993,2
71,1778488963583,-0.0039031771999999995,0.007620012400000001,-0.0001630980000000993,2
72,1778488963586,-0.0039031771999999995,0.007620012400000001,0.0004843019999999764,2
73,1778488963590,-0.0039577772,0.007265112400000001,0.0004843019999999764,2
74,1778488963594,-0.0039577772,0.007265112400000001,0.0007417019999999396,2
75,1778488963598,-0.004219077199999999,0.007163712400000001,0.0007417019999999396,2
76,1778488963602,-0.004219077199999999,0.007163712400000001,0.0007417019999999396,2
77,1778488963606,-0.0038758772,0.006489012400000001,-0.00020209799999999951,2
78,1778488963609,-0.0038758772,0.006489012400000001,-0.00020209799999999951,2
79,1778488963613,-0.004219077199999999,0.0059625124,0.0006247020000000169,2
80,1778488963617,-0.004219077199999999,0.0059625124,0.0006247020000000169,2
81,1778488963622,-0.0043438771999999995,0.0068946124,5.9202000000020336e-05,2
82,1778488963625,-0.0043438771999999995,0.0068946124,5.9202000000020336e-05,2
83,1778488963629,-0.004749477199999999,0.007854012399999999,0.00017230199999988642,2
84,1778488963633,-0.004749477199999999,0.007854012399999999,0.00017230199999988642,2
85,1778488963637,-0.005205777199999999,0.0079320124,0.0005233019999998766,2
86,1778488963641,-0.005205777199999999,0.0079320124,0.0005233019999998766,2
87,1778488963645,-0.0054904772,0.0076824124000000014,0.0003517020000000492,2
88,1778488963648,-0.0054904772,0.0076824124000000014,0.0003517020000000492,2
89,1778488963652,-0.0052915772,0.0068829124,0.0003556019999998838,2
90,1778488963656,-0.0052915772,0.0068829124,0.0003556019999998838,2
91,1778488963660,-0.005006877199999999,0.006110712400000001,0.0007768020000000053,2
92,1778488963664,-0.005006877199999999,0.006110712400000001,0.0007768020000000053,2
93,1778488963667,-0.0043126772,0.006021012400000001,0.0002581020000000222,2
94,1778488963671,-0.0043126772,0.006021012400000001,0.0002581020000000222,2
95,1778488963675,-0.0040669771999999995,0.0065709124,0.00045700200000002404,2
96,1778488963679,-0.0040669771999999995,0.0065709124,0.00045700200000002404,2
97,1778488963683,-0.0040669771999999995,0.008138712400000001,0.0005935020000000079,2
98,1778488963687,-0.0028657772,0.008138712400000001,0.0005935020000000079,2
99,1778488963690,-0.0028657772,0.008138712400000001,0.0002503019999999089,2
100,1778488963694,-0.0031816772,0.0069492124,0.0002503019999999089,2
101,1778488963698,-0.0031816772,0.0069492124,0.0002503019999999089,2
102,1778488963702,-0.0038485772,0.0072222124000000006,0.00021520200000006533,2
103,1778488963706,-0.0038485772,0.0072222124000000006,0.00021520200000006533,2
104,1778488963709,-0.0042307772,0.006344712400000001,9.820199999992056e-05,2
105,1778488963713,-0.0042307772,0.006344712400000001,9.820199999992056e-05,2
106,1778488963717,-0.0052642772,0.004769112400000001,0.000800201999999901,2
107,1778488963721,-0.0052642772,0.004769112400000001,0.000800201999999901,2
108,1778488963725,-0.0041800772,0.0064812124,-0.000529697999999983,2
109,1778488963729,-0.0041800772,0.0064812124,-0.000529697999999983,2
110,1778488963733,-0.0042775771999999995,0.007787712400000001,0.0012331019999999703,2
111,1778488963736,-0.0042775771999999995,0.007787712400000001,0.0012331019999999703,2
112,1778488963740,-0.0046792772,0.007662912399999999,9.430200000008597e-05,2
113,1778488963744,-0.0046792772,0.007662912399999999,9.430200000008597e-05,2
114,1778488963748,-0.0046870772,0.0083025124,0.0002932020000000878,2
115,1778488963752,-0.0046870772,0.0083025124,0.0002932020000000878,2
116,1778488963755,-0.0050185772,0.0066255124,0.0001177019999999817,2
117,1778488963759,-0.0050185772,0.0066255124,0.0001177019999999817,2
118,1778488963763,-0.0053071772,0.0060717124,0.0003517020000000492,2
119,1778488963767,-0.0053071772,0.0060717124,0.0003517020000000492,2
120,1778488963771,-0.0053071772,0.0061614124,0.0001021019999999772,2
121,1778488963774,-0.0045271771999999995,0.0061614124,0.0001021019999999772,2
122,1778488963778,-0.0045271771999999995,0.0061614124,0.0005662020000000555,2
123,1778488963782,-0.0044140772,0.0061185124,0.0005662020000000555,2
124,1778488963786,-0.0044140772,0.0061185124,0.0005662020000000555,2
0,1778488963975,-0.004772877199999999,0.006399312400000001,0.0008860020000000367,2
1,1778488963979,-0.0047026772,0.0059079124,0.00031660199999998355,2
2,1778488963983,-0.0047026772,0.0059079124,0.00031660199999998355,2
3,1778488963987,-0.0049405772,0.0060717124,0.0005545019999998856,2
4,1778488963991,-0.0049405772,0.0060717124,0.0005545019999998856,2
5,1778488963994,-0.0049405772,0.006711312400000001,0.0009211019999998803,2
6,1778488963998,-0.0045193772,0.006711312400000001,0.0009211019999998803,2
7,1778488964002,-0.0045193772,0.006711312400000001,0.00016840200000005183,2
8,1778488964006,-0.0041800772,0.0074679124,0.00016840200000005183,2
9,1778488964010,-0.0041800772,0.0074679124,0.00016840200000005183,2
10,1778488964014,-0.0036613771999999996,0.008552112399999999,0.0006325019999999081,2
11,1778488964018,-0.0036613771999999996,0.008552112399999999,0.0006325019999999081,2
12,1778488964022,-0.0035560771999999996,0.006645012400000001,-0.00012019799999992038,2
13,1778488964025,-0.0035560771999999996,0.006645012400000001,-0.00012019799999992038,2
14,1778488964029,-0.0031582771999999993,0.0058377124,0.0009679019999998938,2
15,1778488964033,-0.0031582771999999993,0.0058377124,0.0009679019999998938,2
16,1778488964037,-0.0039265772,0.0050499124,-0.0004828979999999695,2
17,1778488964041,-0.0039265772,0.0050499124,-0.0004828979999999695,2
18,1778488964045,-0.0045271771999999995,0.0070350124,0.001318901999999884,2
19,1778488964053,-0.0045271771999999995,0.0070350124,0.001318901999999884,2
20,1778488964057,-0.0045661771999999995,0.0070116124000000005,-0.0004867980000000261,2
21,1778488964061,-0.0049210771999999995,0.007912512400000002,0.0011395019999999433,2
22,1778488964064,-0.0049210771999999995,0.007912512400000002,0.0011395019999999433,2
23,1778488964068,-0.0045232772,0.0082440124,-0.00021379799999994738,2
24,1778488964072,-0.0045232772,0.0082440124,-0.00021379799999994738,2
25,1778488964076,-0.0048898772,0.007077912400000001,0.0010654019999999775,2
26,1778488964080,-0.0048898772,0.007077912400000001,0.0010654019999999775,2
27,1778488964083,-0.0048001772,0.005923512400000001,-0.00013579799999992488,2
28,1778488964087,-0.0048001772,0.005923512400000001,-0.00013579799999992488,2
29,1778488964091,-0.0047923772,0.0060249124000000005,0.0007105019999999306,2
30,1778488964095,-0.0047923772,0.0060249124000000005,0.0007105019999999306,2
31,1778488964099,-0.0047923772,0.0069843124,0.000706601999999874,2
32,1778488964103,-0.0047104772,0.0069843124,0.000706601999999874,2
33,1778488964106,-0.0047104772,0.0069843124,-2.6598000000115432e-05,2
34,1778488964110,-0.0038251771999999996,0.008029512400000001,-2.6598000000115432e-05,2
35,1778488964114,-0.0038251771999999996,0.008029512400000001,0.0014320019999999722,2
36,1778488964118,-0.0036223771999999996,0.0073899124,0.0014320019999999722,2
37,1778488964122,-0.0036223771999999996,0.0073899124,0.0014320019999999722,2
38,1778488964126,-0.003973377199999999,0.0069960123999999995,-0.0009274979999999867,2
39,1778488964129,-0.003973377199999999,0.0069960123999999995,-0.0009274979999999867,2
40,1778488964133,-0.0035404772,0.0071169124,0.0009757020000000071,2
41,1778488964137,-0.0035404772,0.0071169124,0.0009757020000000071,2
42,1778488964141,-0.0044374772,0.0046404124,-4.219800000011993e-05,2
43,1778488964144,-0.0044374772,0.0046404124,-4.219800000011993e-05,2
44,1778488964148,-0.0045817772,0.005545212400000001,0.001006902000000016,2
45,1778488964152,-0.0045817772,0.005545212400000001,0.001006902000000016,2
46,1778488964156,-0.0038407771999999997,0.007779912400000002,-0.0006037980000000599,2
47,1778488964160,-0.0038407771999999997,0.007779912400000002,-0.0006037980000000599,2
48,1778488964164,-0.0049015772,0.0080997124,0.0015451020000000603,2
49,1778488964167,-0.0049015772,0.0080997124,0.0015451020000000603,2
50,1778488964171,-0.004152777199999999,0.008696412399999999,-0.0004555980000000171,2
51,1778488964175,-0.004152777199999999,0.008696412399999999,-0.0004555980000000171,2
52,1778488964179,-0.004706577199999999,0.006742512400000001,0.0008860020000000367,2
53,1778488964183,-0.004706577199999999,0.006742512400000001,0.0008860020000000367,2
54,1778488964187,-0.004706577199999999,0.0061575124000000005,0.00031660199999998355,2
55,1778488964191,-0.0051238772,0.0061575124000000005,0.00031660199999998355,2
56,1778488964194,-0.0051238772,0.0060132124000000006,4.3602000000015836e-05,2
57,1778488964198,-0.0050653771999999994,0.0060132124000000006,4.3602000000015836e-05,2
58,1778488964202,-0.0050653771999999994,0.0060132124000000006,0.0010342019999999685,2
59,1778488964206,-0.004507677199999999,0.0065514124,0.0010342019999999685,2
60,1778488964210,-0.004507677199999999,0.0065514124,0.0010342019999999685,2
61,1778488964213,-0.004141077199999999,0.0073353124,-0.0002644980000000175,2
62,1778488964217,-0.004141077199999999,0.0073353124,-0.0002644980000000175,2
63,1778488964221,-0.0033649771999999995,0.0089148124,0.0009016020000000412,2
64,1778488964225,-0.0033649771999999995,0.0089148124,0.0009016020000000412,2
65,1778488964229,-0.0034663771999999997,0.0075342124,-0.00022939799999995188,2
66,1778488964233,-0.0034663771999999997,0.0075342124,-0.00022939799999995188,2
67,1778488964236,-0.0035092771999999995,0.006001512400000001,0.0011590020000000045,2
68,1778488964240,-0.0035092771999999995,0.006001512400000001,0.0011590020000000045,2
69,1778488964244,-0.0039694772,0.005256612400000001,-0.00027229799999990874,2
70,1778488964248,-0.0039694772,0.005256612400000001,-0.00027229799999990874,2
71,1778488964252,-0.0043750772,0.0058416124,0.0011785020000000656,2
72,1778488964256,-0.0043750772,0.0058416124,0.0011785020000000656,2
73,1778488964260,-0.0041605772,0.0066294124,-0.00039709800000005575,2
74,1778488964263,-0.0041605772,0.0066294124,-0.00039709800000005575,2
75,1778488964267,-0.0040903772,0.0080139124,0.0017128020000000532,2
76,1778488964271,-0.0040903772,0.0080139124,0.0017128020000000532,2
77,1778488964275,-0.0041878772,0.0084975124,-0.00045949799999996273,2
78,1778488964279,-0.0041878772,0.0084975124,-0.00045949799999996273,2
79,1778488964282,-0.0041878772,0.0073509123999999995,0.0007768020000000053,2
80,1778488964286,-0.0046090772,0.0073509123999999995,0.0007768020000000053,2
81,1778488964290,-0.0046090772,0.0073509123999999995,-4.609799999995452e-05,2
82,1778488964294,-0.004694877199999999,0.0063291124,-4.609799999995452e-05,2
83,1778488964298,-0.004694877199999999,0.0063291124,-4.609799999995452e-05,2
84,1778488964302,-0.005104377199999999,0.0054867124,-0.00022549800000011729,2
85,1778488964306,-0.005104377199999999,0.0054867124,-0.00022549800000011729,2
86,1778488964309,-0.0048586772,0.006730812400000001,0.0003517020000000492,2
87,1778488964313,-0.0048586772,0.006730812400000001,0.0003517020000000492,2
88,1778488964317,-0.004839177199999999,0.0074172123999999996,0.00020350199999989542,2
89,1778488964321,-0.004839177199999999,0.0074172123999999996,0.00020350199999989542,2
90,1778488964325,-0.003930477199999999,0.0083493124,0.0009406019999999415,2
91,1778488964329,-0.003930477199999999,0.0083493124,0.0009406019999999415,2
92,1778488964333,-0.0038641771999999995,0.0075459124,-0.00035029800000004226,2
93,1778488964337,-0.0038641771999999995,0.0075459124,-0.00035029800000004226,2
94,1778488964341,-0.0039109772,0.0069297123999999995,0.0012487019999999748,2
95,1778488964345,-0.0039109772,0.0069297123999999995,0.0012487019999999748,2
96,1778488964349,-0.0040942771999999995,0.0054087124,0.0002425020000000177,2
97,1778488964353,-0.0040942771999999995,0.0054087124,0.0002425020000000177,2
98,1778488964356,-0.0041332771999999995,0.0052956124,0.0011707019999999523,2
99,1778488964360,-0.0041332771999999995,0.0052956124,0.0011707019999999523,2
100,1778488964364,-0.0039460772,0.0063603124,-0.00025279800000006965,2
101,1778488964368,-0.0039460772,0.0063603124,-0.00025279800000006965,2
102,1778488964372,-0.0038485772,0.0073938124,0.0007534019999998875,2
103,1778488964376,-0.0038485772,0.0073938124,0.0007534019999998875,2
104,1778488964379,-0.0041761772,0.008548212400000001,-0.000217698000000004,2
105,1778488964383,-0.0041761772,0.008548212400000001,-0.000217698000000004,2
106,1778488964387,-0.0044491771999999995,0.0075459124,0.0004843019999999764,2
107,1778488964391,-0.0044491771999999995,0.0075459124,0.0004843019999999764,2
108,1778488964395,-0.0046909772,0.0068673124000000006,0.00021520200000006533,2
109,1778488964398,-0.0046909772,0.0068673124000000006,0.00021520200000006533,2
110,1778488964402,-0.0046909772,0.0058182124,-0.000280098000000022,2
111,1778488964406,-0.0050185772,0.0058182124,-0.000280098000000022,2
112,1778488964410,-0.0050185772,0.0058182124,0.00037900200000000155,2
113,1778488964414,-0.0048235772,0.0062472124,0.00037900200000000155,2
114,1778488964418,-0.0048235772,0.0062472124,0.00037900200000000155,2
115,1778488964422,-0.0051784772,0.0068361124,-0.0001786980000001038,2
116,1778488964426,-0.0051784772,0.0068361124,0.0010927019999999298,2
117,1778488964431,-0.005061477199999999,0.0081465124,0.0010927019999999298,2
118,1778488964435,-0.004893777199999999,0.007877412399999999,4.750200000007247e-05,2
119,1778488964439,-0.004893777199999999,0.007877412399999999,4.750200000007247e-05,2
120,1778488964443,-0.003996777199999999,0.0071598124,0.0008899019999998713,2
121,1778488964446,-0.003996777199999999,0.0071598124,0.0008899019999998713,2
122,1778488964450,-0.003996777199999999,0.0056973124,0.0004687019999999719,2
123,1778488964454,-0.0037003771999999996,0.0056973124,0.0004687019999999719,2
124,1778488964458,-0.0037003771999999996,0.0056973124,0.0007651020000000574,2
0,1778488964690,-0.0041215772,0.0078813124,0.0006286020000000735,2
1,1778488964694,-0.0036808771999999996,0.0078813124,0.0006286020000000735,2
2,1778488964697,-0.0036808771999999996,0.0078813124,0.0006286020000000735,2
3,1778488964702,-0.0035911771999999997,0.007850112400000001,5.53019999999637e-05,2
4,1778488964706,-0.0035911771999999997,0.0074913124,0.0008860020000000367,2
5,1778488964710,-0.0038212771999999997,0.0074913124,0.0008860020000000367,2
6,1778488964714,-0.0038212771999999997,0.0074913124,0.0003517020000000492,2
7,1778488964718,-0.0043789772,0.006212112400000001,0.0003517020000000492,2
8,1778488964721,-0.0043789772,0.006212112400000001,0.0003517020000000492,2
9,1778488964725,-0.004850877199999999,0.005911812400000001,0.0004375019999999629,2
10,1778488964729,-0.004850877199999999,0.005911812400000001,0.0004375019999999629,2
11,1778488964733,-0.004971777199999999,0.006079512400000001,0.00020740199999995206,2
12,1778488964737,-0.004971777199999999,0.006079512400000001,0.00020740199999995206,2
13,1778488964741,-0.0046870772,0.0073041124,0.00026980199999997005,2
14,1778488964745,-0.0046870772,0.0073041124,0.00026980199999997005,2
15,1778488964749,-0.004406277199999999,0.0078345124,-7.729799999996352e-05,2
16,1778488964753,-0.004406277199999999,0.0078345124,-7.729799999996352e-05,2
17,1778488964757,-0.0044257772,0.008056812400000002,0.0002932020000000878,2
18,1778488964760,-0.0044257772,0.008056812400000002,0.0002932020000000878,2
19,1778488964764,-0.0043477772,0.0071403123999999995,-1.4897999999945524e-05,2
20,1778488964768,-0.0043477772,0.0071403123999999995,-1.4897999999945524e-05,2
21,1778488964772,-0.0046597771999999996,0.006290112400000001,0.0007768020000000053,2
22,1778488964776,-0.0046597771999999996,0.006290112400000001,0.0007768020000000053,2
23,1778488964780,-0.0045193772,0.006099012400000001,-7.729799999996352e-05,2
24,1778488964784,-0.0045193772,0.006099012400000001,-7.729799999996352e-05,2
25,1778488964788,-0.0044452772,0.006500712400000001,0.00036340199999999705,2
26,1778488964792,-0.0044452772,0.006500712400000001,0.00036340199999999705,2
27,1778488964795,-0.0039616771999999995,0.007553712400000001,0.0006793019999999216,2
28,1778488964799,-0.0039616771999999995,0.007553712400000001,0.0006793019999999216,2
29,1778488964803,-0.0036652772,0.007924212400000002,0.0004141020000000672,2
30,1778488964807,-0.0036652772,0.007924212400000002,0.0004141020000000672,2
31,1778488964811,-0.0036457772,0.007651212399999999,0.00017230199999988642,2
32,1778488964815,-0.0036457772,0.007651212399999999,0.00017230199999988642,2
33,1778488964818,-0.0036457772,0.006520212400000001,0.0003829020000000582,2
34,1778488964822,-0.003930477199999999,0.006520212400000001,0.0003829020000000582,2
35,1778488964826,-0.003930477199999999,0.0053541123999999995,0.0003400019999998793,2
36,1778488964830,-0.0042424772,0.0053541123999999995,0.0003400019999998793,2
37,1778488964837,-0.004507677199999999,0.0056037124,0.0003088020000000923,2
38,1778488964842,-0.004507677199999999,0.0056037124,0.0003088020000000923,2
39,1778488964846,-0.004827477199999999,0.007152012400000001,8.65019999999727e-05,2
40,1778488964850,-0.004827477199999999,0.007935912400000002,0.00010600200000003383,2
41,1778488964854,-0.0047572772,0.007935912400000002,0.00010600200000003383,2
42,1778488964858,-0.0047572772,0.007935912400000002,0.0004297020000000717,2
43,1778488964862,-0.0044803772,0.008212812400000002,0.0004297020000000717,2
44,1778488964866,-0.0044803772,0.008212812400000002,0.0005623019999999989,2
45,1778488964869,-0.0045583772,0.007842312399999999,0.0005623019999999989,2
46,1778488964873,-0.0045583772,0.007842312399999999,0.0005623019999999989,2
47,1778488964877,-0.004784577199999999,0.0064617124,0.0002893020000000312,2
48,1778488964881,-0.004784577199999999,0.0064617124,0.0002893020000000312,2
49,1778488964884,-0.0048079772,0.0058845124,0.0008119020000000709,2
50,1778488964888,-0.0048079772,0.0058845124,0.0008119020000000709,2
51,1778488964892,-0.0047143772,0.006297912400000001,0.00014110199999987742,2
52,1778488964896,-0.0047143772,0.006297912400000001,0.00014110199999987742,2
53,1778488964900,-0.0042892772,0.0071559124000000005,0.0003049020000000357,2
54,1778488964904,-0.0042892772,0.0071559124000000005,0.0003049020000000357,2
55,1778488964907,-0.0038914771999999996,0.0076824124000000014,0.0002620020000000788,2
56,1778488964911,-0.0038914771999999996,0.0076824124000000014,0.0002620020000000788,2
57,1778488964915,-0.0036886771999999996,0.0073470124,-3.197999999997661e-06,2
58,1778488964919,-0.0036886771999999996,0.0073470124,-3.197999999997661e-06,2
59,1778488964923,-0.0037315772,0.0065280124,0.0005896019999999513,2
60,1778488964926,-0.0037315772,0.0065280124,0.0005896019999999513,2
61,1778488964930,-0.0037315772,0.0059586124,0.0001489019999999907,2
62,1778488964934,-0.0040162772,0.0059586124,0.0001489019999999907,2
63,1778488964938,-0.0040162772,0.0059586124,0.0002659019999999134,2
64,1778488964942,-0.0045349772,0.0058377124,0.0002659019999999134,2
65,1778488964945,-0.0045349772,0.0058377124,0.0002659019999999134,2
66,1778488964949,-0.0045349772,0.0066723124,0.0006247020000000169,2
67,1778488964953,-0.0045349772,0.0066723124,0.0006247020000000169,2
68,1778488964957,-0.0045856772,0.0080373124,0.0004219019999999584,2
69,1778488964961,-0.0045856772,0.0080373124,0.0004219019999999584,2
70,1778488964965,-0.0047299772,0.008130912399999999,0.00044140200000001954,2
71,1778488964969,-0.0047299772,0.008130912399999999,0.00044140200000001954,2
72,1778488964972,-0.004339977199999999,0.0080412124,0.0005935020000000079,2
73,1778488964976,-0.004339977199999999,0.0080412124,0.0005935020000000079,2
74,1778488964980,-0.0043867772,0.006465612400000001,-3.439800000000666e-05,2
75,1778488964984,-0.0043867772,0.006465612400000001,-3.439800000000666e-05,2
76,1778488964988,-0.004562277199999999,0.005935212400000001,0.0008860020000000367,2
77,1778488964991,-0.004562277199999999,0.005935212400000001,0.0008860020000000367,2
78,1778488964995,-0.0043360772,0.005954712400000001,8.260199999991606e-05,2
79,1778488964999,-0.0043360772,0.005954712400000001,8.260199999991606e-05,2
80,1778488965003,-0.0044413772,0.006489012400000001,0.00041800199999990177,2
81,1778488965007,-0.0044413772,0.006489012400000001,0.00041800199999990177,2
82,1778488965011,-0.0039928772,0.007109112400000001,-6.559800000001566e-05,2
83,1778488965014,-0.0039928772,0.007109112400000001,-6.559800000001566e-05,2
84,1778488965018,-0.0039928772,0.007865712399999999,-0.00013969799999998152,2
85,1778488965022,-0.0038524771999999996,0.007865712399999999,-0.00013969799999998152,2
86,1778488965026,-0.0038524771999999996,0.007865712399999999,0.0004765020000000852,2
87,1778488965029,-0.0040318772,0.0070389124,0.0004765020000000852,2
88,1778488965033,-0.0040318772,0.0070389124,0.0004765020000000852,2
89,1778488965037,-0.0041020772,0.006422712400000001,0.000737801999999883,2
90,1778488965041,-0.0041020772,0.006422712400000001,0.000737801999999883,2
91,1778488965045,-0.0040669771999999995,0.0060366124,0.0003829020000000582,2
92,1778488965048,-0.0040669771999999995,0.0060366124,0.0003829020000000582,2
93,1778488965052,-0.0045583772,0.0064071124,0.0007963020000000664,2
94,1778488965056,-0.0045583772,0.0064071124,0.0007963020000000664,2
95,1778488965060,-0.0046441772,0.007787712400000001,0.0003829020000000582,2
96,1778488965064,-0.0046441772,0.007787712400000001,0.0003829020000000582,2
97,1778488965068,-0.0046324771999999995,0.0075927124,-0.00021379799999994738,2
98,1778488965071,-0.0046324771999999995,0.0075927124,-0.00021379799999994738,2
99,1778488965075,-0.0046597771999999996,0.0079164124,0.0006871020000000349,2
100,1778488965079,-0.0046597771999999996,0.0079164124,0.0006871020000000349,2
101,1778488965083,-0.0047338772,0.006567012400000001,-0.000498497999999974,2
102,1778488965087,-0.0047338772,0.006567012400000001,-0.000498497999999974,2
103,1778488965091,-0.0046441772,0.0059859124,0.0003907019999999494,2
104,1778488965094,-0.0046441772,0.0059859124,0.0003907019999999494,2
105,1778488965098,-0.0046441772,0.005790912400000001,-0.00026839800000007415,2
106,1778488965102,-0.0044101772,0.005790912400000001,-0.00026839800000007415,2
107,1778488965106,-0.0044101772,0.0069804124,0.00048820200000003304,2
108,1778488965110,-0.0042034772,0.0069804124,0.00048820200000003304,2
109,1778488965114,-0.0042034772,0.0069804124,7.870200000008147e-05,2
110,1778488965117,-0.004183977199999999,0.007584912400000001,7.870200000008147e-05,2
111,1778488965121,-0.004183977199999999,0.007584912400000001,7.870200000008147e-05,2
112,1778488965125,-0.004051377199999999,0.007752612400000001,0.0006949019999999261,2
113,1778488965129,-0.004051377199999999,0.007752612400000001,0.0006949019999999261,2
114,1778488965133,-0.004063077199999999,0.0073665124000000005,1.2402000000006838e-05,2
115,1778488965136,-0.004063077199999999,0.0073665124000000005,1.2402000000006838e-05,2
116,1778488965140,-0.0044647772,0.0061146124,0.0006013019999998991,2
117,1778488965144,-0.0044647772,0.0061146124,0.0006013019999998991,2
118,1778488965148,-0.004297077199999999,0.0060951124,0.00044920199999991077,2
119,1778488965152,-0.004297077199999999,0.0060951124,0.00044920199999991077,2
120,1778488965155,-0.0044569772,0.0058728124,0.00034780199999999255,2
121,1778488965159,-0.0044569772,0.0058728124,0.00034780199999999255,2
122,1778488965166,-0.0040903772,0.007674612399999999,0.0006598020000000825,2
123,1778488965170,-0.0040903772,0.0076005124,-0.000373698000000049,2
124,1778488965174,-0.0041878772,0.0076005124,-0.000373698000000049,2
0,1778488965248,-0.0034936772,0.0065124124000000005,0.0003595019999999404,2
1,1778488965318,-0.0046909772,0.0053541123999999995,-0.0008026980000000617,2
2,1778488965362,-0.0036808771999999996,0.0061614124,0.0002113020000000087,2
3,1778488965364,-0.004297077199999999,0.005088912400000001,-0.00044389800000006925,2
4,1778488965367,-0.004297077199999999,0.005088912400000001,-0.00044389800000006925,2
5,1778488965370,-0.004640277199999999,0.0065280124,0.0005038020000000375,2
6,1778488965373,-0.004640277199999999,0.0065280124,0.0005038020000000375,2
7,1778488965375,-0.004640277199999999,0.0065280124,0.0005038020000000375,2
8,1778488965378,-0.0043906772,0.007733112399999999,-0.0001474980000000948,2
9,1778488965381,-0.0043906772,0.007733112399999999,-0.0001474980000000948,2
10,1778488965383,-0.0043906772,0.007733112399999999,-0.0001474980000000948,2
11,1778488965386,-0.0044608771999999994,0.008439012400000001,0.0010459019999999163,2
12,1778488965389,-0.0044608771999999994,0.008439012400000001,0.0010459019999999163,2
13,1778488965392,-0.0044608771999999994,0.008439012400000001,0.0010459019999999163,2
14,1778488965395,-0.0040474772,0.007397712400000001,0.00019180199999994756,2
15,1778488965397,-0.0040474772,0.007397712400000001,0.00019180199999994756,2
16,1778488965400,-0.0040474772,0.007397712400000001,0.00019180199999994756,2
17,1778488965403,-0.004297077199999999,0.0072729124,0.0012487019999999748,2
18,1778488965406,-0.004297077199999999,0.0072729124,0.0012487019999999748,2
19,1778488965409,-0.004297077199999999,0.0072729124,0.0012487019999999748,2
20,1778488965412,-0.0045544771999999996,0.0054204124,-0.00026839800000007415,2
21,1778488965415,-0.0045544771999999996,0.0054204124,-0.00026839800000007415,2
22,1778488965418,-0.0045544771999999996,0.0062082123999999995,0.0017401020000000055,2
23,1778488965420,-0.0049639772,0.0062082123999999995,0.0017401020000000055,2
24,1778488965423,-0.0049639772,0.0062082123999999995,0.0017401020000000055,2
25,1778488965426,-0.0048469772,0.0065592124,-0.0006700980000000235,2
26,1778488965428,-0.0048469772,0.0065592124,-0.0006700980000000235,2
27,1778488965431,-0.0048469772,0.0065592124,-0.0006700980000000235,2
28,1778488965434,-0.0048820771999999995,0.007584912400000001,0.0011395019999999433,2
29,1778488965437,-0.0048820771999999995,0.007584912400000001,0.0011395019999999433,2
30,1778488965439,-0.0048820771999999995,0.007584912400000001,0.0011395019999999433,2
31,1778488965442,-0.0040201772,0.0080880124,-7.339800000012893e-05,2
32,1778488965445,-0.0040201772,0.0080880124,-7.339800000012893e-05,2
33,1778488965448,-0.0040201772,0.0080880124,-7.339800000012893e-05,2
34,1778488965451,-0.0039889771999999995,0.007241712400000001,0.000800201999999901,2
35,1778488965454,-0.0039889771999999995,0.007241712400000001,0.000800201999999901,2
36,1778488965457,-0.0039889771999999995,0.007241712400000001,0.000800201999999901,2
37,1778488965459,-0.0036847772,0.0063174124,0.0006949019999999261,2
38,1778488965463,-0.0036847772,0.0063174124,0.0006949019999999261,2
39,1778488965467,-0.0039109772,0.005732412400000001,-0.00010459799999991588,2
40,1778488965471,-0.0039109772,0.005732412400000001,-0.00010459799999991588,2
41,1778488965475,-0.0041254772,0.006278412400000001,0.00014110199999987742,2
42,1778488965479,-0.0041254772,0.006278412400000001,0.00014110199999987742,2
43,1778488965482,-0.0044881771999999995,0.0070389124,-0.000217698000000004,2
44,1778488965486,-0.0044881771999999995,0.0070389124,-0.000217698000000004,2
45,1778488965490,-0.0043984772,0.0081231124,0.000675402000000087,2
46,1778488965495,-0.0043984772,0.0081231124,0.000675402000000087,2
47,1778488965499,-0.0042268772,0.0073899124,-7.729799999996352e-05,2
48,1778488965503,-0.0042268772,0.0073899124,-7.729799999996352e-05,2
49,1778488965507,-0.0045037772,0.0071715124,0.001268202000000036,2
50,1778488965511,-0.0045037772,0.0071715124,0.001268202000000036,2
51,1778488965514,-0.0044920772,0.0057168124,-0.0006583979999999646,2
52,1778488965518,-0.0044920772,0.0057168124,-0.0006583979999999646,2
53,1778488965522,-0.0044920772,0.0061692124000000004,0.0012760019999999272,2
54,1778488965526,-0.0048313772,0.0061692124000000004,0.0012760019999999272,2
55,1778488965530,-0.0048313772,0.0066957124,-0.00013969799999998152,2
56,1778488965534,-0.0042229772,0.0066957124,-0.00013969799999998152,2
57,1778488965537,-0.0042229772,0.0066957124,0.00031660199999998355,2
58,1778488965542,-0.0047767771999999995,0.0075576124,0.00031660199999998355,2
59,1778488965545,-0.0047767771999999995,0.0075576124,-0.00015529799999998602,2
60,1778488965549,-0.0046090772,0.0081348124,-0.00015529799999998602,2
61,1778488965553,-0.0046090772,0.0081348124,-0.00015529799999998602,2
62,1778488965557,-0.0047416772,0.007647312400000002,1.6302000000063474e-05,2
63,1778488965561,-0.0047416772,0.007647312400000002,1.6302000000063474e-05,2
64,1778488965565,-0.0042229772,0.0062511124,0.0005155019999999854,2
65,1778488965568,-0.0042229772,0.0062511124,0.0005155019999999854,2
66,1778488965572,-0.0041137772,0.005588112400000001,0.0003673020000000537,2
67,1778488965576,-0.0041137772,0.005588112400000001,0.0003673020000000537,2
68,1778488965580,-0.0038563772,0.0061146124,0.00023860199999996105,2
69,1778488965585,-0.0038563772,0.0061146124,0.00023860199999996105,2
70,1778488965589,-0.0036184772,0.0067269124,9.040200000002933e-05,2
71,1778488965593,-0.0036184772,0.0067269124,0.0006676019999999738,2
72,1778488965597,-0.0038680771999999998,0.0079398124,0.0006676019999999738,2
73,1778488965601,-0.0038680771999999998,0.0079398124,0.0006676019999999738,2
74,1778488965605,-0.0041098772,0.007608312400000001,-0.0006076980000000055,2
75,1778488965609,-0.0041098772,0.007608312400000001,-0.0006076980000000055,2
76,1778488965613,-0.0045466772,0.0071130124,0.00083140199999991,2
77,1778488965616,-0.0045466772,0.0071130124,0.00083140199999991,2
78,1778488965620,-0.0048079772,0.0059976123999999995,-0.0005257980000000374,2
79,1778488965624,-0.0048079772,0.0059976123999999995,-0.0005257980000000374,2
80,1778488965628,-0.0049405772,0.005900112400000001,0.0007924020000000098,2
81,1778488965632,-0.0049405772,0.005900112400000001,0.0007924020000000098,2
82,1778488965636,-0.004495977199999999,0.006875112400000001,0.00015670199999988192,2
83,1778488965639,-0.004495977199999999,0.006875112400000001,0.00015670199999988192,2
84,1778488965643,-0.004495977199999999,0.007530312400000001,0.0004687019999999719,2
85,1778488965647,-0.004495977199999999,0.007530312400000001,0.0004687019999999719,2
86,1778488965651,-0.0043165771999999995,0.0080412124,0.0003400019999998793,2
87,1778488965655,-0.0043165771999999995,0.0080412124,0.0003400019999998793,2
88,1778488965659,-0.0044764772,0.0075147124,0.0002932020000000878,2
89,1778488965663,-0.0044764772,0.0075147124,0.0002932020000000878,2
90,1778488965666,-0.0044257772,0.006652812400000001,0.0002425020000000177,2
91,1778488965670,-0.0044257772,0.006652812400000001,0.0002425020000000177,2
92,1778488965674,-0.0045817772,0.0054867124,0.0005428019999999378,2
93,1778488965678,-0.0045817772,0.0054867124,0.0005428019999999378,2
94,1778488965682,-0.0045817772,0.0060522124,0.0002620020000000788,2
95,1778488965686,-0.0043555772,0.0060522124,0.0002620020000000788,2
96,1778488965690,-0.0043555772,0.0060522124,-0.000373698000000049,2
97,1778488965693,-0.0040903772,0.0066138124,-0.000373698000000049,2
98,1778488965697,-0.0040903772,0.0066138124,0.0008392020000000232,2
99,1778488965701,-0.0038329771999999996,0.0077136124,0.0008392020000000232,2
100,1778488965705,-0.0038329771999999996,0.0077136124,0.0008392020000000232,2
101,1778488965709,-0.0037822771999999998,0.007764312400000001,-0.00029959800000008315,2
102,1778488965713,-0.0037822771999999998,0.007764312400000001,-0.00029959800000008315,2
103,1778488965716,-0.004429677199999999,0.0072456124,0.0010108020000000727,2
104,1778488965720,-0.004429677199999999,0.0072456124,0.0010108020000000727,2
105,1778488965724,-0.0045115772,0.0064461124000000005,-0.00022939799999995188,2
106,1778488965728,-0.0045115772,0.0064461124000000005,-0.00022939799999995188,2
107,1778488965732,-0.0049561772,0.005810412400000001,0.0006325019999999081,2
108,1778488965736,-0.0049561772,0.005810412400000001,0.0006325019999999081,2
109,1778488965740,-0.0046441772,0.006598212400000001,0.00020740199999995206,2
110,1778488965743,-0.0046441772,0.006598212400000001,0.00020740199999995206,2
111,1778488965747,-0.0046597771999999996,0.0075030124,0.0006520019999999693,2
112,1778488965751,-0.0046597771999999996,0.0075030124,0.0006520019999999693,2
113,1778488965755,-0.0040591772,0.008130912399999999,0.0002464020000000743,2
114,1778488965759,-0.0040591772,0.008130912399999999,0.0002464020000000743,2
115,1778488965763,-0.003930477199999999,0.007850112400000001,-1.4897999999945524e-05,2
116,1778488965767,-0.003930477199999999,0.007850112400000001,-1.4897999999945524e-05,2
117,1778488965770,-0.004328277199999999,0.0068010124000000005,0.0003049020000000357,2
118,1778488965774,-0.004328277199999999,0.0068010124000000005,0.0003049020000000357,2
119,1778488965778,-0.0045232772,0.005646612400000001,-2.6598000000115432e-05,2
120,1778488965782,-0.0045232772,0.005646612400000001,-2.6598000000115432e-05,2
121,1778488965786,-0.0045232772,0.0060756123999999995,0.000613002000000069,2
122,1778488965790,-0.0045700772,0.0060756123999999995,0.000613002000000069,2
123,1778488965794,-0.0045700772,0.0067698124,-0.00011239800000002916,2
124,1778488965797,-0.004297077199999999,0.0067698124,-0.00011239800000002916,2
0,1778488965984,-0.0041878772,0.007608312400000001,0.0010771019999999253,2
1,1778488965987,-0.004117677199999999,0.0064305123999999995,-0.0006739979999999691,2
2,1778488965991,-0.004117677199999999,0.0064305123999999995,-0.0006739979999999691,2
3,1778488965996,-0.0043048771999999996,0.0061731124,0.0013111019999999928,2
4,1778488966000,-0.0043048771999999996,0.0061731124,0.0013111019999999928,2
5,1778488966004,-0.0042034772,0.0062862123999999995,-0.00033859799999998337,2
6,1778488966008,-0.0042034772,0.0062862123999999995,-0.00033859799999998337,2
7,1778488966012,-0.0045895772,0.0069141124,0.0007339020000000484,2
8,1778488966017,-0.0045895772,0.0069141124,0.0007339020000000484,2
9,1778488966022,-0.0043594772,0.0079515124,0.000519402000000042,2
10,1778488966026,-0.0043594772,0.0073938124,0.0005233019999998766,2
11,1778488966032,-0.0043087772,0.0073938124,0.0005233019999998766,2
12,1778488966036,-0.0041137772,0.0070623123999999995,0.0004141020000000672,2
13,1778488966040,-0.0041137772,0.0070623123999999995,0.0004141020000000672,2
14,1778488966044,-0.0041254772,0.0059391124,0.0005155019999999854,2
15,1778488966050,-0.0041254772,0.006422712400000001,0.000550602000000051,2
16,1778488966055,-0.0039928772,0.006422712400000001,0.000550602000000051,2
17,1778488966059,-0.0042307772,0.006399312400000001,9.820199999992056e-05,2
18,1778488966063,-0.0042307772,0.006399312400000001,9.820199999992056e-05,2
19,1778488966067,-0.0044257772,0.0079671124,0.0007768020000000053,2
20,1778488966071,-0.0044257772,0.0079671124,0.0007768020000000053,2
21,1778488966076,-0.0043867772,0.007584912400000001,-0.0008065980000000073,2
22,1778488966080,-0.0043867772,0.007584912400000001,-0.0008065980000000073,2
23,1778488966084,-0.004285377199999999,0.0079047124,0.0011707019999999523,2
24,1778488966088,-0.004285377199999999,0.0079047124,0.0011707019999999523,2
25,1778488966092,-0.004351677199999999,0.0066138124,-0.00020209799999999951,2
26,1778488966097,-0.004351677199999999,0.0066138124,-0.00020209799999999951,2
27,1778488966101,-0.0044764772,0.0058377124,0.0011668019999998957,2
28,1778488966105,-0.0044764772,0.0058377124,0.0011668019999998957,2
29,1778488966109,-0.004219077199999999,0.0059976123999999995,-2.6598000000115432e-05,2
30,1778488966113,-0.004219077199999999,0.0059976123999999995,-2.6598000000115432e-05,2
31,1778488966117,-0.0042034772,0.0067269124,0.000956201999999946,2
32,1778488966122,-0.0042034772,0.0067269124,-7.339800000012893e-05,2
33,1778488966126,-0.0041917772,0.007674612399999999,-7.339800000012893e-05,2
34,1778488966130,-0.0041917772,0.0076044124,0.0006520019999999693,2
35,1778488966134,-0.0044920772,0.0076044124,0.0006520019999999693,2
36,1778488966138,-0.0045115772,0.0072846123999999995,0.0002815019999999179,2
37,1778488966143,-0.0045115772,0.0072846123999999995,0.0002815019999999179,2
38,1778488966147,-0.0046753772,0.0059859124,5.9202000000020336e-05,2
39,1778488966151,-0.0046753772,0.0059859124,5.9202000000020336e-05,2
40,1778488966155,-0.0043750772,0.0065241124000000005,0.0006988019999999828,2
41,1778488966159,-0.0043750772,0.0065241124000000005,0.0006988019999999828,2
42,1778488966163,-0.0041917772,0.0061380124,-0.00025279800000006965,2
43,1778488966168,-0.0041917772,0.0061380124,-0.00025279800000006965,2
44,1778488966172,-0.0039577772,0.0078228124,0.0010108020000000727,2
45,1778488966176,-0.0039577772,0.0078228124,0.0010108020000000727,2
46,1778488966180,-0.0040669771999999995,0.007623912400000002,-0.0007090980000000347,2
47,1778488966184,-0.0040669771999999995,0.007623912400000002,-0.0007090980000000347,2
48,1778488966189,-0.0042424772,0.007924212400000002,0.0009523019999998893,2
49,1778488966193,-0.0042424772,0.007924212400000002,0.0009523019999998893,2
50,1778488966197,-0.0045037772,0.0067698124,-0.00018649799999999501,2
51,1778488966201,-0.0045037772,0.0067698124,-0.00018649799999999501,2
52,1778488966205,-0.0045817772,0.006223812400000001,0.0007768020000000053,2
53,1778488966210,-0.0045817772,0.006223812400000001,0.0001489019999999907,2
54,1778488966214,-0.004507677199999999,0.0058728124,0.0001489019999999907,2
55,1778488966218,-0.004507677199999999,0.0067269124,0.0011668019999998957,2
56,1778488966222,-0.0043048771999999996,0.0067269124,0.0011668019999998957,2
57,1778488966226,-0.0040864772,0.0076161124,-0.00010459799999991588,2
58,1778488966231,-0.0040864772,0.0076161124,-0.00010459799999991588,2
59,1778488966235,-0.0039772772,0.0079164124,0.0008665019999999756,2
60,1778488966239,-0.0039772772,0.0079164124,0.0008665019999999756,2
61,1778488966243,-0.0041605772,0.0077487124,-0.00039709800000005575,2
62,1778488966247,-0.0041605772,0.0077487124,-0.00039709800000005575,2
63,1778488966251,-0.004538877199999999,0.006266712400000001,-0.00017089799999999052,2
64,1778488966256,-0.004538877199999999,0.006266712400000001,-0.00017089799999999052,2
65,1778488966260,-0.004507677199999999,0.006309612400000001,0.0001957020000000042,2
66,1778488966264,-0.004507677199999999,0.006309612400000001,0.0001957020000000042,2
67,1778488966268,-0.0043867772,0.0058416124,-0.0004867980000000261,2
68,1778488966272,-0.0043867772,0.0058416124,-0.0004867980000000261,2
69,1778488966276,-0.0044101772,0.0069063124,0.0012214020000000225,2
70,1778488966281,-0.0044101772,0.0069063124,0.0012214020000000225,2
71,1778488966285,-0.0040981772,0.0074016124,-9.289799999996802e-05,2
72,1778488966289,-0.0040981772,0.0074016124,-9.289799999996802e-05,2
73,1778488966293,-0.003985077199999999,0.0080763124,0.0009835019999998983,2
74,1778488966297,-0.003985077199999999,0.0080763124,0.00021520200000006533,2
75,1778488966302,-0.004141077199999999,0.0071793124,0.00021520200000006533,2
76,1778488966306,-0.004141077199999999,0.0062472124,0.0007924020000000098,2
77,1778488966310,-0.0045661771999999995,0.0062472124,0.0007924020000000098,2
78,1778488966314,-0.0049600771999999994,0.005467212400000001,1.6302000000063474e-05,2
79,1778488966318,-0.0049600771999999994,0.005467212400000001,1.6302000000063474e-05,2
80,1778488966323,-0.0047572772,0.006177012400000001,0.00036340199999999705,2
81,1778488966327,-0.0047572772,0.006177012400000001,0.00036340199999999705,2
82,1778488966331,-0.004429677199999999,0.0077019124,1.6302000000063474e-05,2
83,1778488966334,-0.004429677199999999,0.0077019124,1.6302000000063474e-05,2
84,1778488966338,-0.003985077199999999,0.0079281124,0.0005779020000000034,2
85,1778488966342,-0.003985077199999999,0.0079281124,0.0005779020000000034,2
86,1778488966346,-0.0038446771999999995,0.007994412400000001,0.00020350199999989542,2
87,1778488966351,-0.0038446771999999995,0.007994412400000001,0.00020350199999989542,2
88,1778488966355,-0.0039499771999999995,0.0067347124000000005,5.9202000000020336e-05,2
89,1778488966359,-0.0039499771999999995,0.0067347124000000005,5.9202000000020336e-05,2
90,1778488966363,-0.0043594772,0.0061146124,0.0004843019999999764,2
91,1778488966367,-0.0043594772,0.0061146124,0.0004843019999999764,2
92,1778488966372,-0.004628577199999999,0.005478912400000001,-0.00019039800000005165,2
93,1778488966376,-0.004628577199999999,0.005478912400000001,-0.00019039800000005165,2
94,1778488966380,-0.0045895772,0.0065163124,0.0008977019999999846,2
95,1778488966384,-0.0045895772,0.0065163124,0.0008977019999999846,2
96,1778488966388,-0.0043243772,0.0074952123999999995,0.00016840200000005183,2
97,1778488966393,-0.0043243772,0.0074952123999999995,0.00016840200000005183,2
98,1778488966397,-0.0040552771999999996,0.0079554124,0.0008041019999999576,2
99,1778488966401,-0.0040552771999999996,0.0079554124,0.0004297020000000717,2
100,1778488966405,-0.003930477199999999,0.0075810124,0.0004297020000000717,2
101,1778488966409,-0.003930477199999999,0.006742512400000001,0.0005779020000000034,2
102,1778488966413,-0.0042307772,0.006742512400000001,0.0005779020000000034,2
103,1778488966417,-0.0042307772,0.006742512400000001,-0.00029959800000008315,2
104,1778488966421,-0.004562277199999999,0.0057636124,-0.00029959800000008315,2
105,1778488966426,-0.004562277199999999,0.0057636124,0.0005740019999999468,2
106,1778488966430,-0.004550577199999999,0.0059196124,0.0005740019999999468,2
107,1778488966434,-0.004550577199999999,0.007187112400000001,5.9202000000020336e-05,2
108,1778488966438,-0.004850877199999999,0.007187112400000001,5.9202000000020336e-05,2
109,1778488966442,-0.0044647772,0.008029512400000001,0.0002503019999999089,2
110,1778488966446,-0.0044647772,0.008029512400000001,0.0002503019999999089,2
111,1778488966451,-0.0041995771999999995,0.0081855124,0.00058180200000006,2
112,1778488966455,-0.0041995771999999995,0.0081855124,0.00058180200000006,2
113,1778488966459,-0.0038797771999999997,0.0071364124,0.0002464020000000743,2
114,1778488966463,-0.0038797771999999997,0.0071364124,0.0002464020000000743,2
115,1778488966467,-0.0042463772,0.0058845124,0.0008158019999999055,2
116,1778488966472,-0.0042463772,0.0058845124,0.0008158019999999055,2
117,1778488966476,-0.0043360772,0.005490612400000001,0.0005896019999999513,2
118,1778488966480,-0.0043360772,0.005490612400000001,0.0005896019999999513,2
119,1778488966484,-0.0046090772,0.0061848124,0.00023860199999996105,2
120,1778488966488,-0.0046090772,0.0061848124,0.00023860199999996105,2
121,1778488966493,-0.0046363772,0.0073275124,0.0004219019999999584,2
122,1778488966497,-0.0046363772,0.0073275124,0.0004219019999999584,2
123,1778488966501,-0.0040708772,0.0081465124,0.0004219019999999584,2
124,1778488966505,-0.0040708772,0.0081465124,8.501999999950202e-06,2
0,1778488966579,-0.0040318772,0.0060522124,0.0007924020000000098,2
1,1778488966641,-0.004273677199999999,0.005646612400000001,-0.00015919800000004265,2
2,1778488966694,-0.0044764772,0.0059313123999999995,0.0004141020000000672,2
3,1778488966698,-0.0042697772,0.0071247124,0.0005233019999998766,2
4,1778488966702,-0.0042697772,0.0071247124,0.0005233019999998766,2
5,1778488966705,-0.0042697772,0.007499112400000001,9.040200000002933e-05,2
6,1778488966709,-0.004219077199999999,0.007499112400000001,9.040200000002933e-05,2
7,1778488966713,-0.004219077199999999,0.007499112400000001,0.0006403020000000214,2
8,1778488966717,-0.0041098772,0.008189412400000002,0.0006403020000000214,2
9,1778488966720,-0.0041098772,0.008189412400000002,0.0006403020000000214,2
10,1778488966724,-0.004285377199999999,0.0066801124,-0.0005530979999999897,2
11,1778488966728,-0.004285377199999999,0.0066801124,-0.0005530979999999897,2
12,1778488966732,-0.0045544771999999996,0.0064461124000000005,0.0010927019999999298,2
13,1778488966736,-0.0045544771999999996,0.0064461124000000005,0.0010927019999999298,2
14,1778488966745,-0.0045037772,0.005857212400000001,0.0008899019999998713,2
15,1778488966749,-0.004573977199999999,0.006344712400000001,0.0008899019999998713,2
16,1778488966752,-0.004573977199999999,0.006344712400000001,0.0008899019999998713,2
17,1778488966756,-0.0041215772,0.0073899124,0.00023080200000006983,2
18,1778488966761,-0.0041215772,0.0073899124,0.00023080200000006983,2
19,1778488966764,-0.0042034772,0.0079905124,0.0002893020000000312,2
20,1778488966768,-0.0042034772,0.0079905124,0.0002893020000000312,2
21,1778488966772,-0.0041449772,0.007900812400000002,0.0006715020000000304,2
22,1778488966776,-0.0041449772,0.007900812400000002,0.0006715020000000304,2
23,1778488966780,-0.0044920772,0.0067737124,0.00017230199999988642,2
24,1778488966783,-0.0044920772,0.0067737124,0.00017230199999988642,2
25,1778488966787,-0.0048859772,0.0061029124,0.0005350020000000465,2
26,1778488966791,-0.0048859772,0.0061029124,0.0005350020000000465,2
27,1778488966795,-0.0049522772,0.0058299124,0.00018400200000005633,2
28,1778488966798,-0.0049522772,0.0058299124,0.00018400200000005633,2
29,1778488966802,-0.0046558772,0.006863412400000001,0.0007885019999999531,2
30,1778488966806,-0.0046558772,0.006863412400000001,0.0007885019999999531,2
31,1778488966810,-0.004207377199999999,0.0073353124,0.00015670199999988192,2
32,1778488966814,-0.004207377199999999,0.0073353124,0.00015670199999988192,2
33,1778488966817,-0.0038758772,0.008259612400000001,0.0009328020000000502,2
34,1778488966821,-0.0038758772,0.008259612400000001,0.0009328020000000502,2
35,1778488966825,-0.0038758772,0.007031112400000001,-0.0005374979999999852,2
36,1778488966829,-0.004141077199999999,0.007031112400000001,-0.0005374979999999852,2
37,1778488966832,-0.004141077199999999,0.007031112400000001,-0.0005374979999999852,2
38,1778488966836,-0.0044881771999999995,0.0067620124,0.001268202000000036,2
39,1778488966840,-0.0044881771999999995,0.0067620124,0.001268202000000036,2
40,1778488966844,-0.0046129772,0.005369712400000001,-0.0003619979999999901,2
41,1778488966848,-0.0046129772,0.005369712400000001,-0.0003619979999999901,2
42,1778488966851,-0.0049327772,0.0058845124,0.000862601999999919,2
43,1778488966855,-0.0049327772,0.0058845124,0.000862601999999919,2
44,1778488966859,-0.0043048771999999996,0.0071169124,-0.00016699799999993388,2
45,1778488966863,-0.0043048771999999996,0.0071169124,-0.00016699799999993388,2
46,1778488966867,-0.0043867772,0.0078345124,0.00033220199999998805,2
47,1778488966870,-0.0043867772,0.0078345124,0.00033220199999998805,2
48,1778488966874,-0.0038914771999999996,0.0079281124,0.0005935020000000079,2
49,1778488966878,-0.0038914771999999996,0.0079281124,0.0005935020000000079,2
50,1778488966882,-0.0040786772,0.0070233124000000004,0.00018400200000005633,2
51,1778488966886,-0.0040786772,0.0070233124000000004,0.00018400200000005633,2
52,1778488966889,-0.0040786772,0.0062043124,0.0005896019999999513,2
53,1778488966893,-0.0040981772,0.0062043124,0.0005896019999999513,2
54,1778488966897,-0.0040981772,0.005478912400000001,0.0003088020000000923,2
55,1778488966901,-0.004417977199999999,0.005478912400000001,0.0003088020000000923,2
56,1778488966906,-0.004417977199999999,0.006543612400000001,0.0005974020000000645,2
57,1778488966910,-0.0046129772,0.006543612400000001,0.0005974020000000645,2
58,1778488966914,-0.0044257772,0.007354812400000001,-9.289799999996802e-05,2
59,1778488966918,-0.0044257772,0.007354812400000001,-9.289799999996802e-05,2
60,1778488966922,-0.0043009772,0.0082791124,0.001006902000000016,2
61,1778488966925,-0.0043009772,0.0082791124,0.001006902000000016,2
62,1778488966929,-0.0043009772,0.0076824124000000014,-0.0004087980000000036,2
63,1778488966933,-0.0040318772,0.0076824124000000014,-0.0004087980000000036,2
64,1778488966937,-0.0040318772,0.0076824124000000014,0.0012019019999999613,2
65,1778488966941,-0.0043438771999999995,0.006910212400000001,0.0012019019999999613,2
66,1778488966944,-0.0043438771999999995,0.006910212400000001,0.0012019019999999613,2
67,1778488966948,-0.004328277199999999,0.0062160124,1.6302000000063474e-05,2
68,1778488966952,-0.004328277199999999,0.0062160124,1.6302000000063474e-05,2
69,1778488966956,-0.004605177199999999,0.0061029124,0.0005350020000000465,2
70,1778488966959,-0.004605177199999999,0.0061029124,0.0005350020000000465,2
71,1778488966963,-0.0045856772,0.0068049124,0.0003244019999998748,2
72,1778488966967,-0.0045856772,0.0068049124,0.0003244019999998748,2
73,1778488966971,-0.0044023772,0.0075927124,0.00012160200000003833,2
74,1778488966975,-0.0044023772,0.0075927124,0.00012160200000003833,2
75,1778488966978,-0.0043438771999999995,0.0080022124,0.0005311019999999899,2
76,1778488966982,-0.0043438771999999995,0.0080022124,0.0005311019999999899,2
77,1778488966986,-0.0040591772,0.007721412399999999,0.00020740199999995206,2
78,1778488966990,-0.0040591772,0.007721412399999999,0.00020740199999995206,2
79,1778488966994,-0.0037978771999999995,0.0065943124,0.0006286020000000735,2
80,1778488966997,-0.0037978771999999995,0.0065943124,0.0006286020000000735,2
81,1778488967001,-0.0037978771999999995,0.005358012400000001,-0.0002761979999999654,2
82,1778488967005,-0.004394577199999999,0.005358012400000001,-0.0002761979999999654,2
83,1778488967009,-0.004394577199999999,0.005358012400000001,0.0008860020000000367,2
84,1778488967013,-0.0046441772,0.0063525123999999995,0.0008860020000000367,2
85,1778488967016,-0.0046441772,0.0063525123999999995,0.0008860020000000367,2
86,1778488967020,-0.004406277199999999,0.006820512400000001,-0.00041269800000006025,2
87,1778488967024,-0.004406277199999999,0.006820512400000001,-0.00041269800000006025,2
88,1778488967028,-0.0041215772,0.007487412400000001,0.0012604019999999227,2
89,1778488967032,-0.0041215772,0.007487412400000001,0.0012604019999999227,2
90,1778488967035,-0.0040591772,0.0079047124,-0.0003580980000000445,2
91,1778488967039,-0.0040591772,0.0079047124,-0.0003580980000000445,2
92,1778488967043,-0.0043009772,0.007198812400000001,0.0010654019999999775,2
93,1778488967047,-0.0043009772,0.007198812400000001,0.0010654019999999775,2
94,1778488967051,-0.0041683772,0.0061692124000000004,0.00012550199999987292,2
95,1778488967054,-0.0041683772,0.0061692124000000004,0.00012550199999987292,2
96,1778488967058,-0.004538877199999999,0.005701212400000001,0.0007027020000000394,2
97,1778488967062,-0.004538877199999999,0.005701212400000001,0.0007027020000000394,2
98,1778488967066,-0.004297077199999999,0.006633312400000001,0.0003829020000000582,2
99,1778488967069,-0.004297077199999999,0.006633312400000001,0.0003829020000000582,2
100,1778488967073,-0.004297077199999999,0.007288512400000001,0.00023470199999990442,2
101,1778488967077,-0.0044257772,0.007288512400000001,0.00023470199999990442,2
102,1778488967081,-0.0044257772,0.007288512400000001,0.0003400019999998793,2
103,1778488967084,-0.0042775771999999995,0.007935912400000002,0.0003400019999998793,2
104,1778488967088,-0.0042775771999999995,0.007935912400000002,0.0003400019999998793,2
105,1778488967093,-0.0043165771999999995,0.0074562124,0.00010600200000003383,2
106,1778488967097,-0.0043165771999999995,0.0074562124,0.0008197019999999621,2
107,1778488967100,-0.0042112772,0.006886812400000001,0.0008197019999999621,2
108,1778488967104,-0.0042112772,0.006886812400000001,0.0008197019999999621,2
109,1778488967108,-0.004207377199999999,0.0056973124,-0.00023719800000006515,2
110,1778488967112,-0.004207377199999999,0.0056973124,-0.00023719800000006515,2
111,1778488967116,-0.0041020772,0.0061809124,0.0011044019999998777,2
112,1778488967119,-0.0041020772,0.0061809124,0.0011044019999998777,2
113,1778488967123,-0.0044374772,0.0067581124,-0.00036589800000004676,2
114,1778488967127,-0.0044374772,0.0067581124,-0.00036589800000004676,2
115,1778488967131,-0.0044686772,0.0077838123999999995,0.0012799019999999838,2
116,1778488967134,-0.0044686772,0.0077838123999999995,0.0012799019999999838,2
117,1778488967144,-0.0044335772,0.0077994124000000005,-2.6598000000115432e-05,2
118,1778488967148,-0.0046207772,0.007198812400000001,0.0005233019999998766,2
119,1778488967152,-0.0046207772,0.007198812400000001,0.0005233019999998766,2
120,1778488967155,-0.0045895772,0.0064071124,9.430200000008597e-05,2
121,1778488967159,-0.0045895772,0.0064071124,9.430200000008597e-05,2
122,1778488967163,-0.004484277199999999,0.005868912400000001,0.0007027020000000394,2
123,1778488967167,-0.004484277199999999,0.005868912400000001,0.0007027020000000394,2
124,1778488967170,-0.0043594772,0.0063720124,0.00028540199999997455,2
0,1778488967290,-0.0041488772,0.007565412400000001,-8.899799999991138e-05,2
1,1778488967349,-0.0039772772,0.008236212400000002,0.0006169019999999036,2
2,1778488967353,-0.0040318772,0.007791612400000002,0.0009172020000000457,2
3,1778488967357,-0.0040240772,0.007791612400000002,0.0009172020000000457,2
4,1778488967361,-0.0040240772,0.0068361124,0.00014110199999987742,2
5,1778488967366,-0.0043789772,0.0068361124,0.00014110199999987742,2
6,1778488967370,-0.0045349772,0.005568612400000001,0.0010537020000000296,2
7,1778488967374,-0.0045349772,0.005568612400000001,0.0010537020000000296,2
8,1778488967378,-0.0045037772,0.0058299124,0.00013720200000004283,2
9,1778488967383,-0.0045037772,0.0058299124,0.00013720200000004283,2
10,1778488967387,-0.0046753772,0.0062589124,0.0003556019999998838,2
11,1778488967392,-0.0046753772,0.0062589124,0.0003556019999998838,2
12,1778488967396,-0.0042580772,0.008006112400000001,0.0007963020000000664,2
13,1778488967400,-0.0042580772,0.008006112400000001,0.0007963020000000664,2
14,1778488967405,-0.0040279771999999995,0.007830612399999999,-0.00020599800000005615,2
15,1778488967409,-0.0040279771999999995,0.0076122124,0.0007924020000000098,2
16,1778488967414,-0.0040318772,0.0076122124,0.0007924020000000098,2
17,1778488967418,-0.004051377199999999,0.0064500124,-0.00012799800000003365,2
18,1778488967422,-0.004051377199999999,0.0064500124,-0.00012799800000003365,2
19,1778488967426,-0.0047299772,0.0058533123999999995,0.0005311019999999899,2
20,1778488967430,-0.0047299772,0.0058533123999999995,0.0005311019999999899,2
21,1778488967434,-0.0047689772,0.0060522124,9.820199999992056e-05,2
22,1778488967439,-0.0047689772,0.0060522124,9.820199999992056e-05,2
23,1778488967443,-0.0044491771999999995,0.007144212400000001,0.0007768020000000053,2
24,1778488967447,-0.0044491771999999995,0.007144212400000001,0.0007768020000000053,2
25,1778488967451,-0.0042346772,0.007779912400000002,-0.0005413980000000419,2
26,1778488967456,-0.0042346772,0.007779912400000002,-0.0005413980000000419,2
27,1778488967460,-0.0041488772,0.008056812400000002,0.0012643019999999793,2
28,1778488967464,-0.0041488772,0.008056812400000002,0.0012643019999999793,2
29,1778488967468,-0.0040981772,0.0072144124,-0.00010459799999991588,2
30,1778488967472,-0.0040981772,0.0072144124,-0.00010459799999991588,2
31,1778488967477,-0.0043789772,0.0058299124,0.0005311019999999899,2
32,1778488967481,-0.0043789772,0.0058299124,0.00022300199999995655,2
33,1778488967485,-0.0043672772,0.0060483124,0.00022300199999995655,2
34,1778488967489,-0.0043672772,0.0060483124,-7.339800000012893e-05,2
35,1778488967493,-0.004640277199999999,0.005900112400000001,-7.339800000012893e-05,2
36,1778488967498,-0.0041917772,0.0076005124,0.0006832019999999783,2
37,1778488967502,-0.0041917772,0.0076005124,0.0006832019999999783,2
38,1778488967506,-0.004285377199999999,0.007584912400000001,8.501999999950202e-06,2
39,1778488967510,-0.004285377199999999,0.007584912400000001,8.501999999950202e-06,2
40,1778488967514,-0.0041683772,0.0079320124,0.0009367019999998848,2
41,1778488967519,-0.0041683772,0.0079320124,0.0009367019999998848,2
42,1778488967523,-0.0041059771999999994,0.006676212400000001,0.00023470199999990442,2
43,1778488967527,-0.0041059771999999994,0.006676212400000001,0.00023470199999990442,2
44,1778488967531,-0.0040669771999999995,0.006434412400000001,0.0010732020000000907,2
45,1778488967535,-0.0040669771999999995,0.006434412400000001,0.0010732020000000907,2
46,1778488967539,-0.004417977199999999,0.0057402124,-0.0004243980000000081,2
47,1778488967544,-0.004417977199999999,0.0057402124,-0.0004243980000000081,2
48,1778488967548,-0.0044803772,0.0069258124,0.0008119020000000709,2
49,1778488967552,-0.0044803772,0.0069258124,0.0008119020000000709,2
50,1778488967557,-0.0044452772,0.007241712400000001,-0.0006583979999999646,2
51,1778488967561,-0.0044452772,0.007241712400000001,0.0007807020000000619,2
52,1778488967565,-0.0043828771999999995,0.007854012399999999,0.0007807020000000619,2
53,1778488967569,-0.0043828771999999995,0.0077253124,-0.0003580980000000445,2
54,1778488967573,-0.0041761772,0.0077253124,-0.0003580980000000445,2
55,1778488967577,-0.0042346772,0.0062394124,0.0007573019999999441,2
56,1778488967582,-0.0042346772,0.0062394124,0.0007573019999999441,2
57,1778488967586,-0.0042229772,0.0062628124,0.0002815019999999179,2
58,1778488967590,-0.0042229772,0.0062628124,0.0002815019999999179,2
59,1778488967594,-0.004429677199999999,0.0058923124,0.00037900200000000155,2
60,1778488967599,-0.004429677199999999,0.0058923124,0.00037900200000000155,2
61,1778488967603,-0.0045466772,0.007542012400000001,0.00048040199999991977,2
62,1778488967607,-0.0045466772,0.007542012400000001,0.00048040199999991977,2
63,1778488967611,-0.0044881771999999995,0.0075264124,0.0001489019999999907,2
64,1778488967615,-0.0044881771999999995,0.0075264124,0.0001489019999999907,2
65,1778488967619,-0.004363377199999999,0.0080022124,0.0008704020000000322,2
66,1778488967624,-0.004363377199999999,0.0080022124,0.0008704020000000322,2
67,1778488967628,-0.0043750772,0.0067386124,-0.00013969799999998152,2
68,1778488967632,-0.0043750772,0.0067386124,-0.00013969799999998152,2
69,1778488967636,-0.0043087772,0.0066138124,0.0013423020000000018,2
70,1778488967640,-0.0043087772,0.0066138124,0.0013423020000000018,2
71,1778488967645,-0.0043243772,0.005701212400000001,-0.0006115980000000621,2
72,1778488967649,-0.0043243772,0.005701212400000001,0.001350101999999893,2
73,1778488967653,-0.0042112772,0.0066489124,0.001350101999999893,2
74,1778488967657,-0.0042112772,0.0073041124,-0.0005257980000000374,2
75,1778488967661,-0.0041449772,0.0073041124,-0.0005257980000000374,2
76,1778488967665,-0.0043711772,0.0078345124,0.0007963020000000664,2
77,1778488967670,-0.0043711772,0.0078345124,0.0007963020000000664,2
78,1778488967674,-0.0042814772,0.007744812399999999,-6.559800000001566e-05,2
79,1778488967678,-0.0042814772,0.007744812399999999,-6.559800000001566e-05,2
80,1778488967682,-0.004651977199999999,0.0065904124000000005,0.0004531019999999674,2
81,1778488967686,-0.004651977199999999,0.0065904124000000005,0.0004531019999999674,2
82,1778488967691,-0.0044335772,0.006188712400000001,0.0003283019999999314,2
83,1778488967695,-0.0044335772,0.006188712400000001,0.0003283019999999314,2
84,1778488967699,-0.0042697772,0.005798712400000001,0.0005701019999998901,2
85,1778488967703,-0.0042697772,0.005798712400000001,0.0005701019999998901,2
86,1778488967707,-0.0040981772,0.007187112400000001,0.000644202000000078,2
87,1778488967711,-0.0040981772,0.007187112400000001,0.000644202000000078,2
88,1778488967716,-0.0040240772,0.0072924124,0.00028540199999997455,2
89,1778488967720,-0.0040240772,0.0072924124,0.00028540199999997455,2
90,1778488967724,-0.0040786772,0.008201112400000002,0.0007144019999999873,2
91,1778488967728,-0.0040786772,0.008201112400000002,0.0007144019999999873,2
92,1778488967733,-0.004129377199999999,0.006875112400000001,-0.00025279800000006965,2
93,1778488967737,-0.004129377199999999,0.006875112400000001,0.0006520019999999693,2
94,1778488967741,-0.004351677199999999,0.006399312400000001,0.0006520019999999693,2
95,1778488967745,-0.004351677199999999,0.0055725124,-0.0002332980000000085,2
96,1778488967749,-0.004605177199999999,0.0055725124,-0.0002332980000000085,2
97,1778488967754,-0.0045232772,0.006434412400000001,0.0013969019999999065,2
98,1778488967758,-0.0045232772,0.006434412400000001,0.0013969019999999065,2
99,1778488967762,-0.0041995771999999995,0.007397712400000001,-7.729799999996352e-05,2
100,1778488967766,-0.0041995771999999995,0.007397712400000001,-7.729799999996352e-05,2
101,1778488967770,-0.0041995771999999995,0.0080490124,0.0005857019999998946,2
102,1778488967774,-0.0041995771999999995,0.0080490124,0.0005857019999998946,2
103,1778488967779,-0.0038485772,0.008033412399999999,-0.00011629800000008579,2
104,1778488967783,-0.0038485772,0.008033412399999999,-0.00011629800000008579,2
105,1778488967787,-0.0043477772,0.0069180123999999996,0.00048820200000003304,2
106,1778488967791,-0.0043477772,0.0069180123999999996,0.00048820200000003304,2
107,1778488967795,-0.0047455772,0.005989812400000001,-8.899799999991138e-05,2
108,1778488967799,-0.0047455772,0.005989812400000001,-8.899799999991138e-05,2
109,1778488967804,-0.004640277199999999,0.0059040124,0.0005233019999998766,2
110,1778488967808,-0.004640277199999999,0.0059040124,0.0005233019999998766,2
111,1778488967812,-0.004628577199999999,0.006843912400000001,0.00041020200000001054,2
112,1778488967816,-0.004628577199999999,0.006843912400000001,0.00041020200000001054,2
113,1778488967820,-0.0040045772,0.0075264124,0.00041020200000001054,2
114,1778488967825,-0.0040045772,0.0075264124,0.0007924020000000098,2
115,1778488967829,-0.0034975771999999996,0.0081114124,0.0007924020000000098,2
116,1778488967833,-0.0034975771999999996,0.0068478124,-0.0005452979999999875,2
117,1778488967837,-0.0034975771999999996,0.0068478124,-0.0005452979999999875,2
118,1778488967841,-0.0034975771999999996,0.006578712400000001,0.0008977019999999846,2
119,1778488967845,-0.0036847772,0.006578712400000001,0.0008977019999999846,2
120,1778488967850,-0.0044218771999999995,0.005478912400000001,-0.0001474980000000948,2
121,1778488967854,-0.0044218771999999995,0.005478912400000001,-0.0001474980000000948,2
122,1778488967858,-0.005338377199999999,0.0058416124,0.001006902000000016,2
123,1778488967862,-0.005338377199999999,0.0058416124,0.001006902000000016,2
124,1778488967866,-0.0053617772,0.0072222124000000006,0.00010990200000009047,2
0,1778488967951,-0.0031933772,0.0070350124,0.0009796020000000637,2
1,1778488967999,-0.0034858771999999997,0.0058611124,0.00012550199999987292,2
2,1778488968007,-0.0042775771999999995,0.0072339124000000005,0.0001177019999999817,2
3,1778488968070,-0.0034156772,0.005443812400000001,0.000800201999999901,2
4,1778488968074,-0.0038524771999999996,0.0064578124,0.0005662020000000555,2
5,1778488968078,-0.0038524771999999996,0.0064578124,0.0005662020000000555,2
6,1778488968082,-0.0041020772,0.0068712124,0.0003400019999998793,2
7,1778488968085,-0.0041020772,0.0068712124,0.0003400019999998793,2
8,1778488968089,-0.0047884772,0.0079398124,0.00042580200000001504,2
9,1778488968093,-0.0047884772,0.0079398124,0.00042580200000001504,2
10,1778488968097,-0.0047884772,0.007518612400000001,7.09019999999682e-05,2
11,1778488968100,-0.0049132772,0.007518612400000001,7.09019999999682e-05,2
12,1778488968104,-0.0049132772,0.007518612400000001,0.0004297020000000717,2
13,1778488968108,-0.0048040771999999995,0.0072027124,0.0004297020000000717,2
14,1778488968112,-0.0048040771999999995,0.0072027124,0.0004297020000000717,2
15,1778488968116,-0.0047533772,0.006387612400000001,0.0002737020000000267,2
16,1778488968119,-0.0047533772,0.006387612400000001,0.0002737020000000267,2
17,1778488968123,-0.004495977199999999,0.006555312400000001,0.0002620020000000788,2
18,1778488968127,-0.004495977199999999,0.006555312400000001,0.0002620020000000788,2
19,1778488968131,-0.0042424772,0.0066138124,-0.0001318980000000903,2
20,1778488968134,-0.0042424772,0.0066138124,-0.0001318980000000903,2
21,1778488968138,-0.004616877199999999,0.0076551124000000005,0.0006832019999999783,2
22,1778488968142,-0.004616877199999999,0.0076551124000000005,0.0006832019999999783,2
23,1778488968146,-0.004406277199999999,0.008068512400000002,-0.00030739799999997437,2
24,1778488968149,-0.004406277199999999,0.008068512400000002,-0.00030739799999997437,2
25,1778488968153,-0.0043321772,0.0069492124,0.00020350199999989542,2
26,1778488968157,-0.0043321772,0.0069492124,0.00020350199999989542,2
27,1778488968161,-0.0043321772,0.006165312400000001,0.0003868019999998928,2
28,1778488968164,-0.0042697772,0.006165312400000001,0.0003868019999998928,2
29,1778488968168,-0.0042697772,0.006165312400000001,0.00031660199999998355,2
30,1778488968172,-0.0037081771999999996,0.005954712400000001,0.00031660199999998355,2
31,1778488968176,-0.0037081771999999996,0.005954712400000001,0.00031660199999998355,2
32,1778488968180,-0.0036730771999999995,0.006364212400000001,0.00026980199999997005,2
33,1778488968183,-0.0036730771999999995,0.006364212400000001,0.00026980199999997005,2
34,1778488968187,-0.0034507771999999996,0.0070038124,0.000769001999999892,2
35,1778488968191,-0.0034507771999999996,0.0070038124,0.000769001999999892,2
36,1778488968195,-0.0041800772,0.0074250124,0.0006325019999999081,2
37,1778488968199,-0.0041800772,0.0074250124,0.0006325019999999081,2
38,1778488968203,-0.0044686772,0.007686312399999999,-0.0003307979999999811,2
39,1778488968207,-0.0044686772,0.007686312399999999,-0.0003307979999999811,2
40,1778488968210,-0.0047767771999999995,0.0072261124,0.0005584019999999423,2
41,1778488968214,-0.0047767771999999995,0.0072261124,0.0005584019999999423,2
42,1778488968218,-0.0050263771999999995,0.005911812400000001,3.97019999999592e-05,2
43,1778488968222,-0.0050263771999999995,0.005911812400000001,3.97019999999592e-05,2
44,1778488968225,-0.0049522772,0.005744112400000001,0.0004687019999999719,2
45,1778488968229,-0.0049522772,0.005744112400000001,0.0004687019999999719,2
46,1778488968233,-0.0043867772,0.006863412400000001,0.00036340199999999705,2
47,1778488968237,-0.0043867772,0.006863412400000001,0.00036340199999999705,2
48,1778488968240,-0.0043867772,0.0077721123999999996,0.0001489019999999907,2
49,1778488968244,-0.0041722771999999995,0.0077721123999999996,0.0001489019999999907,2
50,1778488968248,-0.0041722771999999995,0.0077721123999999996,0.0007534019999998875,2
51,1778488968252,-0.004039677199999999,0.007795512399999999,0.0007534019999998875,2
52,1778488968255,-0.004039677199999999,0.007795512399999999,0.0007534019999998875,2
53,1778488968259,-0.004207377199999999,0.007647312400000002,-0.00013579799999992488,2
54,1778488968263,-0.004207377199999999,0.007647312400000002,-0.00013579799999992488,2
55,1778488968267,-0.0045700772,0.006465612400000001,0.0006013019999998991,2
56,1778488968270,-0.0045700772,0.006465612400000001,0.0006013019999998991,2
57,1778488968274,-0.0047767771999999995,0.0052527124,0.000550602000000051,2
58,1778488968278,-0.0047767771999999995,0.0052527124,0.000550602000000051,2
59,1778488968282,-0.004117677199999999,0.0060249124000000005,0.0006169019999999036,2
60,1778488968286,-0.004117677199999999,0.0060249124000000005,0.0006169019999999036,2
61,1778488968289,-0.0038953772,0.006609912400000001,0.0002464020000000743,2
62,1778488968293,-0.0038953772,0.006609912400000001,0.0002464020000000743,2
63,1778488968297,-0.0034624772,0.008466312399999999,0.0007495020000000529,2
64,1778488968310,-0.0034624772,0.008466312399999999,0.0007495020000000529,2
65,1778488968314,-0.004207377199999999,0.007530312400000001,0.0002503019999999089,2
66,1778488968318,-0.004207377199999999,0.007530312400000001,0.0002503019999999089,2
67,1778488968322,-0.0044452772,0.006067812400000001,0.0001645019999999952,2
68,1778488968325,-0.0044452772,0.006067812400000001,0.0001645019999999952,2
69,1778488968329,-0.0053734772,0.005311212400000001,0.00012160200000003833,2
70,1778488968333,-0.0053734772,0.005311212400000001,0.00012160200000003833,2
71,1778488968337,-0.0048352772,0.0068283124,0.00048040199999991977,2
72,1778488968347,-0.0048352772,0.0068283124,0.00048040199999991977,2
73,1778488968351,-0.0048469772,0.007042812400000001,0.0006793019999999216,2
74,1778488968355,-0.004285377199999999,0.008431212399999999,0.0007495020000000529,2
75,1778488968358,-0.004285377199999999,0.008431212399999999,0.0007495020000000529,2
76,1778488968362,-0.0039421772,0.007885212400000001,0.00031660199999998355,2
77,1778488968366,-0.0039421772,0.007885212400000001,0.00031660199999998355,2
78,1778488968370,-0.004195677199999999,0.0070467124,0.0005428019999999378,2
79,1778488968387,-0.004195677199999999,0.0070467124,0.0005428019999999378,2
80,1778488968391,-0.004495977199999999,0.0056700124000000005,0.0001801019999999997,2
81,1778488968395,-0.004749477199999999,0.0061965124,-0.00038149800000005125,2
82,1778488968399,-0.004749477199999999,0.0061965124,-0.00038149800000005125,2
83,1778488968403,-0.004074777199999999,0.0075147124,0.0011278019999999955,2
84,1778488968406,-0.004074777199999999,0.0075147124,0.0011278019999999955,2
85,1778488968410,-0.0036886771999999996,0.008177712399999999,-0.0004243980000000081,2
86,1778488968414,-0.0036886771999999996,0.008177712399999999,-0.0004243980000000081,2
87,1778488968418,-0.0040123772,0.0071910124,0.0007339020000000484,2
88,1778488968421,-0.0040123772,0.0071910124,0.0007339020000000484,2
89,1778488968425,-0.0040435772,0.0068361124,0.000706601999999874,2
90,1778488968429,-0.0040435772,0.0068361124,0.000706601999999874,2
91,1778488968433,-0.0047377771999999995,0.005712912400000001,0.00058180200000006,2
92,1778488968437,-0.0047377771999999995,0.005712912400000001,0.00058180200000006,2
93,1778488968440,-0.0047377771999999995,0.005712912400000001,0.0006910020000000915,2
94,1778488968444,-0.0052681772,0.005712912400000001,0.0006910020000000915,2
95,1778488968448,-0.0052681772,0.005712912400000001,0.0001333019999999862,2
96,1778488968452,-0.0050653771999999994,0.0072846123999999995,0.0001333019999999862,2
97,1778488968455,-0.0050653771999999994,0.0072846123999999995,0.0001333019999999862,2
98,1778488968459,-0.0047377771999999995,0.0081075124,0.0003439019999999359,2
99,1778488968463,-0.0047377771999999995,0.0081075124,0.0003439019999999359,2
100,1778488968467,-0.0043204772,0.0079086124,0.0002737020000000267,2
101,1778488968470,-0.0043204772,0.0079086124,0.0002737020000000267,2
102,1778488968474,-0.0038797771999999997,0.007756512400000002,0.0009523019999998893,2
103,1778488968478,-0.0038797771999999997,0.007756512400000002,0.0009523019999998893,2
104,1778488968482,-0.0040435772,0.0057948124,-0.0004750979999999672,2
105,1778488968486,-0.0040435772,0.0057948124,-0.0004750979999999672,2
106,1778488968490,-0.004183977199999999,0.005646612400000001,0.0008977019999999846,2
107,1778488968494,-0.004183977199999999,0.005646612400000001,0.0008977019999999846,2
108,1778488968498,-0.0043009772,0.0060171124,-0.0004750979999999672,2
109,1778488968502,-0.0043009772,0.0060171124,-0.0004750979999999672,2
110,1778488968507,-0.0045895772,0.0071286124,0.0011278019999999955,2
111,1778488968510,-0.0045895772,0.0071286124,0.0011278019999999955,2
112,1778488968514,-0.0040786772,0.008162112400000001,0.00013720200000004283,2
113,1778488968518,-0.0040786772,0.008162112400000001,0.00013720200000004283,2
114,1778488968522,-0.0040201772,0.0076044124,0.000519402000000042,2
115,1778488968525,-0.0040201772,0.0076044124,0.000519402000000042,2
116,1778488968529,-0.0038797771999999997,0.006886812400000001,0.0006793019999999216,2
117,1778488968533,-0.0038797771999999997,0.006886812400000001,0.0006793019999999216,2
118,1778488968537,-0.0042541772,0.005732412400000001,0.0004297020000000717,2
119,1778488968540,-0.0042541772,0.005732412400000001,0.0004297020000000717,2
120,1778488968544,-0.0042541772,0.005732412400000001,0.0003049020000000357,2
121,1778488968548,-0.0045427772,0.0059079124,0.0003049020000000357,2
122,1778488968552,-0.0045427772,0.0059079124,0.0003049020000000357,2
123,1778488968555,-0.0047260772,0.0064929124,-0.0002956980000000265,2
124,1778488968559,-0.0047260772,0.0064929124,-0.0002956980000000265,2
0,1778488968747,-0.0041566772,0.0078579124,0.00046480199999991527,2
1,1778488968751,-0.0048040771999999995,0.0056388124,0.00039460200000000605,2
2,1778488968754,-0.004573977199999999,0.0062355124000000005,0.0005974020000000645,2
3,1778488968758,-0.004573977199999999,0.0062355124000000005,0.0005974020000000645,2
4,1778488968762,-0.0043789772,0.005923512400000001,1.6302000000063474e-05,2
5,1778488968766,-0.0043789772,0.005923512400000001,1.6302000000063474e-05,2
6,1778488968769,-0.0040591772,0.007721412399999999,0.0016504020000000352,2
7,1778488968773,-0.0040591772,0.007721412399999999,0.0016504020000000352,2
8,1778488968777,-0.0040474772,0.0079164124,-0.0004516980000000715,2
9,1778488968781,-0.0040474772,0.0079164124,-0.0004516980000000715,2
10,1778488968785,-0.0044569772,0.008021712399999999,0.0013228019999999407,2
11,1778488968788,-0.0044569772,0.008021712399999999,0.0013228019999999407,2
12,1778488968792,-0.0044569772,0.0065358124,-0.0007441979999999893,2
13,1778488968796,-0.0044491771999999995,0.0065358124,-0.0007441979999999893,2
14,1778488968800,-0.0044491771999999995,0.0065358124,0.0010771019999999253,2
15,1778488968804,-0.0047650772,0.005888412400000001,0.0010771019999999253,2
16,1778488968807,-0.0047650772,0.005888412400000001,0.0010771019999999253,2
17,1778488968813,-0.004749477199999999,0.0058026124000000005,-0.0006505980000000734,2
18,1778488968817,-0.0046714771999999995,0.006621612400000001,0.0007651020000000574,2
19,1778488968821,-0.0046714771999999995,0.006621612400000001,0.0007651020000000574,2
20,1778488968825,-0.0041059771999999994,0.0079086124,0.00012550199999987292,2
21,1778488968830,-0.0041059771999999994,0.0079086124,0.00012550199999987292,2
22,1778488968833,-0.0038992771999999997,0.0079671124,0.000956201999999946,2
23,1778488968837,-0.0038992771999999997,0.0079671124,0.000956201999999946,2
24,1778488968841,-0.0037432772,0.0077019124,7.870200000008147e-05,2
25,1778488968845,-0.0037432772,0.0077019124,7.870200000008147e-05,2
26,1778488968849,-0.0042931772,0.0060366124,0.0007846019999998965,2
27,1778488968852,-0.0042931772,0.0060366124,0.0007846019999998965,2
28,1778488968856,-0.0042931772,0.005923512400000001,0.0005974020000000645,2
29,1778488968860,-0.004351677199999999,0.005923512400000001,0.0005974020000000645,2
30,1778488968864,-0.004351677199999999,0.005923512400000001,-0.00032299799999997887,2
31,1778488968868,-0.004796277199999999,0.005358012400000001,-0.00032299799999997887,2
32,1778488968872,-0.004796277199999999,0.005358012400000001,-0.00032299799999997887,2
33,1778488968875,-0.0044023772,0.0073041124,0.0014476019999999767,2
34,1778488968879,-0.0044023772,0.0073041124,0.0014476019999999767,2
35,1778488968883,-0.004063077199999999,0.007729212400000001,-6.94980000000723e-05,2
36,1778488968887,-0.004063077199999999,0.007729212400000001,-6.94980000000723e-05,2
37,1778488968891,-0.0041605772,0.007986612399999999,0.0010264020000000772,2
38,1778488968895,-0.0041605772,0.007986612399999999,0.0010264020000000772,2
39,1778488968900,-0.0039811772,0.0071598124,-0.00035419799999998787,2
40,1778488968903,-0.0039811772,0.0071598124,-0.00035419799999998787,2
41,1778488968907,-0.0046363772,0.0059586124,0.0011551019999999478,2
42,1778488968911,-0.0046363772,0.0059586124,0.0011551019999999478,2
43,1778488968915,-0.0046753772,0.0055608124,-0.00030349800000002876,2
44,1778488968919,-0.0046753772,0.0055608124,-0.00030349800000002876,2
45,1778488968922,-0.0047884772,0.0064734124,0.0009406019999999415,2
46,1778488968926,-0.0047884772,0.0064734124,0.0009406019999999415,2
47,1778488968930,-0.0044023772,0.007659012400000002,-0.0006778980000000257,2
48,1778488968935,-0.0044023772,0.007659012400000002,-0.0006778980000000257,2
49,1778488968944,-0.0041995771999999995,0.0078696124,0.0004687019999999719,2
50,1778488968948,-0.0038407771999999997,0.0080646124,-0.00012019799999992038,2
51,1778488968952,-0.0038407771999999997,0.0063252124,0.0004375019999999629,2
52,1778488968956,-0.004250277199999999,0.0063252124,0.0004375019999999629,2
53,1778488968960,-0.004250277199999999,0.0063252124,0.00058180200000006,2
54,1778488968964,-0.0043048771999999996,0.0058806124000000005,0.00058180200000006,2
55,1778488968967,-0.0043048771999999996,0.0058806124000000005,0.00058180200000006,2
56,1778488968971,-0.0046129772,0.0050382124,-0.000560897999999992,2
57,1778488968975,-0.0046129772,0.0050382124,-0.000560897999999992,2
58,1778488968979,-0.0045973772,0.006855612400000001,0.0011239019999999388,2
59,1778488968983,-0.0045973772,0.006855612400000001,0.0011239019999999388,2
60,1778488968987,-0.0044374772,0.0075576124,-0.0003151979999999766,2
61,1778488968991,-0.0044374772,0.0075576124,-0.0003151979999999766,2
62,1778488968994,-0.0041332771999999995,0.0083766124,0.0010303019999999118,2
63,1778488968998,-0.0041332771999999995,0.0083766124,0.0010303019999999118,2
64,1778488969002,-0.0041098772,0.0071013124,-8.899799999991138e-05,2
65,1778488969006,-0.0041098772,0.0071013124,-8.899799999991138e-05,2
66,1778488969010,-0.0042541772,0.0066138124,0.001225302000000079,2
67,1778488969013,-0.0042541772,0.0066138124,0.001225302000000079,2
68,1778488969017,-0.0046675772,0.005666112400000001,-0.0002449979999999564,2
69,1778488969021,-0.0046675772,0.005666112400000001,-0.0002449979999999564,2
70,1778488969025,-0.0048235772,0.0059703124,0.0008587020000000844,2
71,1778488969029,-0.0048235772,0.0059703124,0.0008587020000000844,2
72,1778488969032,-0.0044998772,0.0074016124,2.8002000000011337e-05,2
73,1778488969036,-0.0044998772,0.0074016124,2.8002000000011337e-05,2
74,1778488969040,-0.0044998772,0.0075576124,0.00020740199999995206,2
75,1778488969044,-0.0043360772,0.0075576124,0.00020740199999995206,2
76,1778488969048,-0.0043360772,0.0075576124,-0.00021379799999994738,2
77,1778488969051,-0.0040357772,0.0082401124,-0.00021379799999994738,2
78,1778488969055,-0.0040357772,0.0082401124,-0.00021379799999994738,2
79,1778488969059,-0.0041371772,0.0067737124,0.0003283019999999314,2
80,1778488969063,-0.0041371772,0.0067737124,0.0003283019999999314,2
81,1778488969067,-0.0040552771999999996,0.0062394124,0.0002269020000000132,2
82,1778488969071,-0.0040552771999999996,0.0062394124,0.0002269020000000132,2
83,1778488969074,-0.004285377199999999,0.005455512400000001,0.00014500199999993406,2
84,1778488969078,-0.004285377199999999,0.005455512400000001,0.00014500199999993406,2
85,1778488969082,-0.0043477772,0.0065280124,0.0007729019999999486,2
86,1778488969086,-0.0043477772,0.0065280124,0.0007729019999999486,2
87,1778488969090,-0.0044764772,0.006964812400000001,5.1401999999907064e-05,2
88,1778488969099,-0.0044764772,0.008029512400000001,0.0007924020000000098,2
89,1778488969103,-0.0045349772,0.008029512400000001,0.0007924020000000098,2
90,1778488969107,-0.0043750772,0.0074952123999999995,-0.000311298000000031,2
91,1778488969111,-0.0043750772,0.0074952123999999995,-0.000311298000000031,2
92,1778488969115,-0.0043204772,0.0069804124,0.0012175019999999658,2
93,1778488969118,-0.0043204772,0.0069804124,0.0012175019999999658,2
94,1778488969122,-0.0043243772,0.006110712400000001,-0.0002332980000000085,2
95,1778488969126,-0.0043243772,0.006110712400000001,-0.0002332980000000085,2
96,1778488969130,-0.0045778772,0.006243312400000001,0.0007300019999999918,2
97,1778488969134,-0.0045778772,0.006243312400000001,0.0007300019999999918,2
98,1778488969138,-0.0044413772,0.0071286124,0.00014500199999993406,2
99,1778488969142,-0.0044413772,0.0071286124,0.00014500199999993406,2
100,1778488969145,-0.0043477772,0.007620012400000001,0.0002269020000000132,2
101,1778488969149,-0.0043477772,0.007620012400000001,0.0002269020000000132,2
102,1778488969153,-0.0043165771999999995,0.0079632124,0.0006091020000000124,2
103,1778488969157,-0.0043165771999999995,0.0079632124,0.0006091020000000124,2
104,1778488969161,-0.0044140772,0.0071832124,0.0001489019999999907,2
105,1778488969165,-0.0044140772,0.0071832124,0.0001489019999999907,2
106,1778488969169,-0.0054631772,0.0052605124,0.0014710019999998724,2
107,1778488969172,-0.0054631772,0.0052605124,0.0014710019999998724,2
108,1778488969176,-0.0054631772,0.0096753124,-0.0013369980000000493,2
109,1778488969180,-0.004008477199999999,0.0096753124,-0.0013369980000000493,2
110,1778488969184,-0.004008477199999999,0.0023745124000000006,0.00119410200000007,2
111,1778488969188,-0.0024718772,0.0023745124000000006,0.00119410200000007,2
112,1778488969192,-0.0024718772,0.0023745124000000006,0.0016855019999998787,2
113,1778488969195,-0.0063094772,0.005358012400000001,0.0016855019999998787,2
114,1778488969199,-0.0063094772,0.005358012400000001,0.0016855019999998787,2
115,1778488969203,-0.0030802771999999994,0.0147258124,-0.0018010980000000166,4
116,1778488969207,-0.0030802771999999994,0.0147258124,-0.0018010980000000166,4
117,1778488969211,-0.0037666771999999996,0.0032286124000000006,0.0004453020000000762,2
118,1778488969215,-0.0037666771999999996,0.0032286124000000006,0.0004453020000000762,2
119,1778488969218,-0.005642577199999999,0.0055530124,0.00205600199999993,2
120,1778488969222,-0.005642577199999999,0.0055530124,0.00205600199999993,2
121,1778488969226,-0.0039148772,0.009729912399999999,-0.0025888980000000218,2
122,1778488969230,-0.0039148772,0.009729912399999999,-0.0025888980000000218,2
123,1778488969234,-0.0052252772,0.0043323124,0.002449901999999877,2
124,1778488969238,-0.0052252772,0.0043323124,0.002449901999999877,2
0,1778488969445,-0.0045856772,0.0057363124000000005,0.00014500199999993406,2
1,1778488969448,-0.0048976772,0.006309612400000001,0.0008158019999999055,2
2,1778488969452,-0.0048976772,0.006309612400000001,0.0008158019999999055,2
3,1778488969456,-0.0048976772,0.0066918124,-0.00032299799999997887,2
4,1778488969460,-0.0044491771999999995,0.0066918124,-0.00032299799999997887,2
5,1778488969465,-0.0045895772,0.0075498124,0.0009328020000000502,2
6,1778488969469,-0.0045895772,0.0075498124,0.0009328020000000502,2
7,1778488969473,-0.0042814772,0.008548212400000001,0.0003712019999998883,2
8,1778488969477,-0.0042814772,0.008548212400000001,0.0003712019999998883,2
9,1778488969481,-0.0038485772,0.007838412400000001,-6.559800000001566e-05,2
10,1778488969485,-0.0038485772,0.007838412400000001,-6.559800000001566e-05,2
11,1778488969490,-0.0043243772,0.005533512400000001,0.0006247020000000169,2
12,1778488969494,-0.0043243772,0.005533512400000001,0.0006247020000000169,2
13,1778488969498,-0.004429677199999999,0.005443812400000001,0.0004531019999999674,2
14,1778488969502,-0.004429677199999999,0.005443812400000001,0.0004531019999999674,2
15,1778488969506,-0.0050302772,0.006344712400000001,0.00033220199999998805,2
16,1778488969510,-0.0050302772,0.006344712400000001,0.00033220199999998805,2
17,1778488969515,-0.004772877199999999,0.0073509123999999995,0.0006364019999999648,2
18,1778488969519,-0.004772877199999999,0.0073509123999999995,0.0006364019999999648,2
19,1778488969523,-0.0038017771999999997,0.0082284124,0.00021910199999989992,2
20,1778488969527,-0.0038017771999999997,0.0082284124,0.00021910199999989992,2
21,1778488969531,-0.004051377199999999,0.0074913124,6.700199999991156e-05,2
22,1778488969535,-0.004051377199999999,0.0074913124,6.700199999991156e-05,2
23,1778488969540,-0.0041566772,0.0067932124,0.0013072019999999362,2
24,1778488969551,-0.0041566772,0.0067932124,0.0002737020000000267,2
25,1778488969555,-0.0031114771999999997,0.0049212124,-0.0006739979999999691,2
26,1778488969559,-0.0031114771999999997,0.0049212124,-0.0006739979999999691,2
27,1778488969563,-0.0053968772,0.005865012400000001,0.001911702000000055,2
28,1778488969567,-0.0053968772,0.005865012400000001,0.001911702000000055,2
29,1778488969572,-0.0042814772,0.009499812400000002,-0.001453997999999972,2
30,1778488969576,-0.0042814772,0.009499812400000002,0.00037900200000000155,2
31,1778488969580,-0.0042658772,0.0071832124,0.00037900200000000155,2
32,1778488969584,-0.0042658772,0.0071832124,0.0012799019999999838,2
33,1778488969588,-0.0048469772,0.007175412400000001,0.0012799019999999838,2
34,1778488969592,-0.0048469772,0.0074913124,-0.00041659800000000587,2
35,1778488969597,-0.0037315772,0.0074913124,-0.00041659800000000587,2
36,1778488969601,-0.0043828771999999995,0.0047496124,0.0007846019999998965,2
37,1778488969605,-0.0043828771999999995,0.0047496124,0.0007846019999998965,2
38,1778488969609,-0.0047416772,0.0067503124,0.0007729019999999486,2
39,1778488969613,-0.0047416772,0.0067503124,0.0007729019999999486,2
40,1778488969617,-0.0037354771999999997,0.006567012400000001,-0.0014110980000000151,2
41,1778488969622,-0.0037354771999999997,0.006567012400000001,-0.0014110980000000151,2
42,1778488969626,-0.0051004772,0.0080997124,0.0020716019999999346,2
43,1778488969630,-0.0051004772,0.0080997124,0.0020716019999999346,2
44,1778488969634,-0.0045037772,0.008563812399999999,-0.0006076980000000055,2
45,1778488969638,-0.0045037772,0.008563812399999999,-0.0006076980000000055,2
46,1778488969642,-0.004328277199999999,0.0063681124000000006,0.0008704020000000322,2
47,1778488969647,-0.004328277199999999,0.0063681124000000006,0.0008704020000000322,2
48,1778488969651,-0.0045544771999999996,0.0063486124,0.0006364019999999648,2
49,1778488969655,-0.0045544771999999996,0.0063486124,0.0006364019999999648,2
50,1778488969659,-0.0043906772,0.0062199123999999995,0.0002932020000000878,2
51,1778488969663,-0.0043906772,0.0062199123999999995,0.0002932020000000878,2
52,1778488969667,-0.004219077199999999,0.0057714124,0.0008899019999998713,2
53,1778488969672,-0.004219077199999999,0.0057714124,0.0003439019999999359,2
54,1778488969676,-0.0045856772,0.0074679124,0.0003439019999999359,2
55,1778488969680,-0.0045856772,0.0074679124,-0.0005530979999999897,2
56,1778488969684,-0.0039655772,0.0090006124,-0.0005530979999999897,2
57,1778488969688,-0.0039655772,0.006754212400000001,0.0005155019999999854,2
58,1778488969692,-0.0042268772,0.006754212400000001,0.0005155019999999854,2
59,1778488969697,-0.004640277199999999,0.0071286124,8.65019999999727e-05,2
60,1778488969701,-0.004640277199999999,0.0071286124,8.65019999999727e-05,2
61,1778488969705,-0.0043204772,0.0058923124,7.480200000002483e-05,2
62,1778488969709,-0.0043204772,0.0058923124,7.480200000002483e-05,2
63,1778488969713,-0.004605177199999999,0.005568612400000001,0.0010771019999999253,2
64,1778488969717,-0.004605177199999999,0.005568612400000001,0.0010771019999999253,2
65,1778488969722,-0.0040006772,0.007409412400000001,-0.00041659800000000587,2
66,1778488969726,-0.0040006772,0.007409412400000001,-0.00041659800000000587,2
67,1778488969730,-0.0042112772,0.007842312399999999,0.0009016020000000412,2
68,1778488969734,-0.0042112772,0.007842312399999999,0.0009016020000000412,2
69,1778488969738,-0.0041137772,0.0072690124,0.00017620199999994306,2
70,1778488969743,-0.0041137772,0.0072690124,0.00017620199999994306,2
71,1778488969747,-0.0046246772,0.0078969124,0.00048820200000003304,2
72,1778488969751,-0.0046246772,0.0078969124,0.00048820200000003304,2
73,1778488969755,-0.0044335772,0.0059157124,0.0003049020000000357,2
74,1778488969759,-0.0044335772,0.0059157124,0.0003049020000000357,2
75,1778488969763,-0.0046597771999999996,0.0053151124000000004,0.00047260200000002854,2
76,1778488969768,-0.0046597771999999996,0.0053151124000000004,3.190200000006797e-05,2
77,1778488969772,-0.0043711772,0.0061926124,3.190200000006797e-05,2
78,1778488969776,-0.0043711772,0.0073002124000000005,0.0012448019999999182,2
79,1778488969780,-0.0048313772,0.0073002124000000005,0.0012448019999999182,2
80,1778488969784,-0.0048313772,0.0086535124,-0.0003619979999999901,2
81,1778488969789,-0.0037120772,0.0086535124,-0.0003619979999999901,2
82,1778488969793,-0.0037861771999999996,0.0079788124,0.00018790199999989092,2
83,1778488969797,-0.0037861771999999996,0.0079788124,0.00018790199999989092,2
84,1778488969801,-0.0051550772,0.005755812400000001,0.001517801999999886,2
85,1778488969805,-0.0051550772,0.005755812400000001,0.001517801999999886,2
86,1778488969809,-0.0047533772,0.0072378124,-0.0004945980000000284,2
87,1778488969814,-0.0047533772,0.0072378124,-0.0004945980000000284,2
88,1778488969818,-0.004261977199999999,0.0059391124,0.0007105019999999306,2
89,1778488969822,-0.004261977199999999,0.0059391124,0.0007105019999999306,2
90,1778488969826,-0.0044413772,0.0054867124,0.0002893020000000312,2
91,1778488969830,-0.0044413772,0.0054867124,0.0002893020000000312,2
92,1778488969834,-0.0040279771999999995,0.008150412400000001,0.0003985020000000627,2
93,1778488969839,-0.0040279771999999995,0.008150412400000001,0.0003985020000000627,2
94,1778488969843,-0.0042346772,0.0083493124,0.0005467019999999944,2
95,1778488969847,-0.0042346772,0.0083493124,0.0005467019999999944,2
96,1778488969851,-0.0041332771999999995,0.0070623123999999995,0.0005584019999999423,2
97,1778488969855,-0.0041332771999999995,0.0070623123999999995,0.0005584019999999423,2
98,1778488969860,-0.0041332771999999995,0.0064149124,0.0001801019999999997,2
99,1778488969864,-0.0041332771999999995,0.0064149124,0.0009406019999999415,2
100,1778488969868,-0.0051472772,0.0056388124,0.0009406019999999415,2
101,1778488969872,-0.0051472772,0.005966412400000001,-0.000654498000000019,2
102,1778488969876,-0.004749477199999999,0.005966412400000001,-0.000654498000000019,2
103,1778488969880,-0.0046012772,0.0072378124,0.0004921020000000897,2
104,1778488969885,-0.0046012772,0.0072378124,0.0004921020000000897,2
105,1778488969889,-0.0037939771999999997,0.008247912400000001,0.0009055019999998758,2
106,1778488969893,-0.0037939771999999997,0.008247912400000001,0.0009055019999998758,2
107,1778488969897,-0.003985077199999999,0.0075888124000000005,0.00043360199999990627,2
108,1778488969901,-0.003985077199999999,0.0075888124000000005,0.00043360199999990627,2
109,1778488969905,-0.003985077199999999,0.0076902124,0.001256502000000088,2
110,1778488969910,-0.003985077199999999,0.0076902124,0.001256502000000088,2
111,1778488969914,-0.004250277199999999,0.0060522124,-0.0010366980000000182,2
112,1778488969918,-0.004250277199999999,0.0060522124,-0.0010366980000000182,2
113,1778488969922,-0.0047143772,0.0053424124,0.001268202000000036,2
114,1778488969926,-0.0047143772,0.0053424124,0.001268202000000036,2
115,1778488969931,-0.004784577199999999,0.0061614124,-0.0008026980000000617,2
116,1778488969935,-0.004784577199999999,0.0061614124,-0.0008026980000000617,2
117,1778488969939,-0.0044491771999999995,0.007362612400000001,0.000706601999999874,2
118,1778488969943,-0.0044491771999999995,0.007362612400000001,0.000706601999999874,2
119,1778488969947,-0.0039538772,0.0079047124,-0.00022549800000011729,2
120,1778488969952,-0.0039538772,0.0079047124,0.0003049020000000357,2
121,1778488969956,-0.0037939771999999997,0.0081582124,0.0003049020000000357,2
122,1778488969961,-0.0040045772,0.007066212400000001,-0.00022549800000011729,2
123,1778488969965,-0.0040045772,0.007066212400000001,-0.00022549800000011729,2
124,1778488969970,-0.004339977199999999,0.005767512400000001,0.0013111019999999928,2
0,1778488970149,-0.0053071772,-3.958759999999999e-05,0.0028321019999998764,2
1,1778488970153,-0.004250277199999999,0.010041912400000002,-0.0007090980000000347,2
2,1778488970157,-0.004250277199999999,0.010041912400000002,-0.0007090980000000347,2
3,1778488970161,-0.0046909772,0.0069297123999999995,0.0008587020000000844,2
4,1778488970165,-0.0046909772,0.0069297123999999995,0.0008587020000000844,2
5,1778488970169,-0.0046792772,0.0068907124,-0.00034249800000004,2
6,1778488970172,-0.0046792772,0.0068907124,-0.00034249800000004,2
7,1778488970176,-0.0045037772,0.0068712124,0.0007261019999999351,2
8,1778488970180,-0.0045037772,0.0068712124,0.0007261019999999351,2
9,1778488970184,-0.0043087772,0.0051747124,0.00021520200000006533,2
10,1778488970188,-0.0043087772,0.0051747124,0.00021520200000006533,2
11,1778488970191,-0.0043087772,0.006356412400000001,0.0002581020000000222,2
12,1778488970195,-0.004297077199999999,0.006356412400000001,0.0002581020000000222,2
13,1778488970199,-0.004297077199999999,0.006356412400000001,0.0005467019999999944,2
14,1778488970203,-0.0037315772,0.0085794124,0.0005467019999999944,2
15,1778488970207,-0.0037315772,0.0085794124,-4.219800000011993e-05,2
16,1778488970211,-0.0039811772,0.006087312400000001,-4.219800000011993e-05,2
17,1778488970214,-0.0039811772,0.006087312400000001,-4.219800000011993e-05,2
18,1778488970218,-0.0043711772,0.008045112400000002,0.0009484020000000547,2
19,1778488970222,-0.0043711772,0.008045112400000002,0.0009484020000000547,2
20,1778488970226,-0.0043906772,0.0074952123999999995,-0.00038539799999999687,2
21,1778488970230,-0.0043906772,0.0074952123999999995,-0.00038539799999999687,2
22,1778488970233,-0.0047299772,0.0055647124,0.0018727019999999327,2
23,1778488970237,-0.0047299772,0.0055647124,0.0018727019999999327,2
24,1778488970241,-0.004394577199999999,0.005291712400000001,-0.0011029979999999818,2
25,1778488970245,-0.004394577199999999,0.005291712400000001,-0.0011029979999999818,2
26,1778488970248,-0.003907077199999999,0.0074562124,0.0016426019999999219,2
27,1778488970252,-0.003907077199999999,0.0074562124,0.0016426019999999219,2
28,1778488970256,-0.0038524771999999996,0.007421112400000001,-0.0007636980000000505,2
29,1778488970260,-0.0038524771999999996,0.007421112400000001,-0.0007636980000000505,2
30,1778488970264,-0.0043009772,0.007768212400000002,0.0010888019999998732,2
31,1778488970268,-0.0043009772,0.007768212400000002,0.0010888019999998732,2
32,1778488970271,-0.0043009772,0.008091912400000002,-0.0006427980000000711,2
33,1778488970275,-0.0040552771999999996,0.008091912400000002,-0.0006427980000000711,2
34,1778488970279,-0.0040552771999999996,0.008091912400000002,0.0010303019999999118,2
35,1778488970283,-0.0048586772,0.0061185124,0.0010303019999999118,2
36,1778488970287,-0.0048586772,0.0061185124,-6.94980000000723e-05,2
37,1778488970291,-0.0047767771999999995,0.0059859124,-6.94980000000723e-05,2
38,1778488970295,-0.0047767771999999995,0.0059859124,-6.94980000000723e-05,2
39,1778488970300,-0.0044881771999999995,0.005868912400000001,-2.2698000000058796e-05,2
40,1778488970304,-0.0041683772,0.0071013124,0.0006715020000000304,2
41,1778488970308,-0.0041683772,0.0071013124,0.0006715020000000304,2
42,1778488970312,-0.0041683772,0.007752612400000001,-0.0004399980000000126,2
43,1778488970315,-0.003930477199999999,0.007752612400000001,-0.0004399980000000126,2
44,1778488970319,-0.003930477199999999,0.007752612400000001,0.0009640020000000592,2
45,1778488970323,-0.0038134771999999996,0.0083844124,0.0009640020000000592,2
46,1778488970327,-0.0038134771999999996,0.0083844124,-0.00011239800000002916,2
47,1778488970331,-0.0041878772,0.006290112400000001,-0.00011239800000002916,2
48,1778488970335,-0.0041878772,0.006290112400000001,-0.00011239800000002916,2
49,1778488970338,-0.004651977199999999,0.006652812400000001,0.000987401999999955,2
50,1778488970342,-0.004651977199999999,0.006652812400000001,0.000987401999999955,2
51,1778488970346,-0.004850877199999999,0.0053502124,-0.0013564979999999994,2
52,1778488970350,-0.004850877199999999,0.0053502124,-0.0013564979999999994,2
53,1778488970354,-0.0047650772,0.0063720124,0.0016894019999999354,2
54,1778488970358,-0.0047650772,0.0063720124,0.0016894019999999354,2
55,1778488970362,-0.0041098772,0.0075264124,-0.0007246980000000392,2
56,1778488970366,-0.0041098772,0.0075264124,-0.0007246980000000392,2
57,1778488970371,-0.0040162772,0.0084585124,0.0014515020000000333,2
58,1778488970375,-0.0040162772,0.0084585124,-0.00011629800000008579,2
59,1778488970379,-0.0037939771999999997,0.0079554124,-0.00011629800000008579,2
60,1778488970383,-0.0037939771999999997,0.0079554124,-0.00011629800000008579,2
61,1778488970387,-0.004219077199999999,0.0065592124,0.0001489019999999907,2
62,1778488970390,-0.004219077199999999,0.0065592124,0.0001489019999999907,2
63,1778488970394,-0.0048547772,0.0058065124,0.0002659019999999134,2
64,1778488970398,-0.0048547772,0.0058065124,0.0002659019999999134,2
65,1778488970402,-0.0049132772,0.0056154124,0.0002815019999999179,2
66,1778488970406,-0.0049132772,0.0056154124,0.0002815019999999179,2
67,1778488970410,-0.0047026772,0.0072183123999999994,0.000550602000000051,2
68,1778488970414,-0.0047026772,0.0072183123999999994,0.000550602000000051,2
69,1778488970417,-0.0042229772,0.0072339124000000005,0.0002113020000000087,2
70,1778488970421,-0.0042229772,0.0072339124000000005,0.0002113020000000087,2
71,1778488970425,-0.0038641771999999995,0.008754912400000002,0.0009640020000000592,2
72,1778488970429,-0.0038641771999999995,0.008754912400000002,0.0009640020000000592,2
73,1778488970433,-0.0036730771999999995,0.0069609124,-0.0005569980000000464,2
74,1778488970436,-0.0036730771999999995,0.0069609124,-0.0005569980000000464,2
75,1778488970440,-0.0040903772,0.0067503124,0.0018103019999999147,2
76,1778488970444,-0.0040903772,0.0067503124,0.0018103019999999147,2
77,1778488970448,-0.0044335772,0.0052722124,-0.0006934980000000302,2
78,1778488970452,-0.0044335772,0.0052722124,-0.0006934980000000302,2
79,1778488970456,-0.0047884772,0.0061809124,0.0012487019999999748,2
80,1778488970459,-0.0047884772,0.0061809124,0.0012487019999999748,2
81,1778488970463,-0.0047884772,0.0070896124000000005,-0.00044389800000006925,2
82,1778488970467,-0.0044101772,0.0070896124000000005,-0.00044389800000006925,2
83,1778488970471,-0.0044101772,0.0070896124000000005,0.0009445019999999981,2
84,1778488970475,-0.004363377199999999,0.007795512399999999,0.0009445019999999981,2
85,1778488970478,-0.004363377199999999,0.007795512399999999,0.0009445019999999981,2
86,1778488970482,-0.004472577199999999,0.007865712399999999,-0.0001942980000001083,2
87,1778488970486,-0.004472577199999999,0.007865712399999999,-0.0001942980000001083,2
88,1778488970490,-0.0043711772,0.007319712400000001,0.0008236020000000187,2
89,1778488970494,-0.0043711772,0.007319712400000001,0.0008236020000000187,2
90,1778488970498,-0.0043009772,0.0062940124,-0.0002761979999999654,2
91,1778488970501,-0.0043009772,0.0062940124,-0.0002761979999999654,2
92,1778488970505,-0.0043711772,0.005654412400000001,0.00026980199999997005,2
93,1778488970509,-0.0043711772,0.005654412400000001,0.00026980199999997005,2
94,1778488970513,-0.0045934771999999995,0.0067503124,0.0003439019999999359,2
95,1778488970516,-0.0045934771999999995,0.0067503124,0.0003439019999999359,2
96,1778488970520,-0.0049093771999999996,0.0067932124,0.00012160200000003833,2
97,1778488970524,-0.0049093771999999996,0.0067932124,0.00012160200000003833,2
98,1778488970528,-0.004628577199999999,0.008454612399999999,0.000706601999999874,2
99,1778488970532,-0.004628577199999999,0.008454612399999999,0.000706601999999874,2
100,1778488970535,-0.004628577199999999,0.0074913124,-0.00018259799999993838,2
101,1778488970539,-0.004141077199999999,0.0074913124,-0.00018259799999993838,2
102,1778488970543,-0.004141077199999999,0.0074913124,0.00119410200000007,2
103,1778488970547,-0.0040786772,0.0066021124,0.00119410200000007,2
104,1778488970551,-0.0040786772,0.0066021124,0.0001021019999999772,2
105,1778488970554,-0.0041449772,0.005989812400000001,0.0001021019999999772,2
106,1778488970558,-0.0041449772,0.005989812400000001,0.0001021019999999772,2
107,1778488970562,-0.0043867772,0.006099012400000001,0.0007144019999999873,2
108,1778488970566,-0.0043867772,0.006099012400000001,0.0007144019999999873,2
109,1778488970570,-0.0044764772,0.006212112400000001,0.00016840200000005183,2
110,1778488970574,-0.0044764772,0.006212112400000001,0.00016840200000005183,2
111,1778488970577,-0.0043087772,0.0075927124,0.0005740019999999468,2
112,1778488970581,-0.0043087772,0.0075927124,0.0005740019999999468,2
113,1778488970585,-0.0043165771999999995,0.008142612399999999,-0.00034249800000004,2
114,1778488970589,-0.0043165771999999995,0.008142612399999999,-0.00034249800000004,2
115,1778488970593,-0.0041449772,0.007386012400000001,0.0007885019999999531,2
116,1778488970596,-0.0041449772,0.007386012400000001,0.0007885019999999531,2
117,1778488970600,-0.0039499771999999995,0.0067581124,-0.0004711980000000216,2
118,1778488970604,-0.0039499771999999995,0.0067581124,-0.0004711980000000216,2
119,1778488970608,-0.0043828771999999995,0.005845512400000001,0.00058180200000006,2
120,1778488970612,-0.0043828771999999995,0.005845512400000001,0.00058180200000006,2
121,1778488970616,-0.004472577199999999,0.0062277124,0.00043360199999990627,2
122,1778488970619,-0.004472577199999999,0.0062277124,0.00043360199999990627,2
123,1778488970623,-0.004472577199999999,0.007077912400000001,0.00011380199999992506,2
124,1778488970627,-0.004640277199999999,0.007077912400000001,0.00011380199999992506,2
0,1778488970755,-0.0044998772,0.006578712400000001,3.190200000006797e-05,2
1,1778488970763,-0.0042775771999999995,0.007066212400000001,0.00058180200000006,2
2,1778488970767,-0.004429677199999999,0.0056739124,5.1401999999907064e-05,2
3,1778488970772,-0.0045115772,0.0056739124,5.1401999999907064e-05,2
4,1778488970776,-0.0043126772,0.0063018124000000005,0.00044140200000001954,2
5,1778488970780,-0.0043126772,0.0063018124000000005,0.00044140200000001954,2
6,1778488970858,-0.0042385771999999995,0.006531912400000001,0.0005701019999998901,2
7,1778488970862,-0.004351677199999999,0.007276812400000001,-0.00035419799999998787,2
8,1778488970865,-0.004417977199999999,0.006531912400000001,0.0010888019999998732,2
9,1778488970869,-0.004417977199999999,0.006531912400000001,0.0010888019999998732,2
10,1778488970873,-0.004628577199999999,0.0056037124,-0.0003775979999999946,2
11,1778488970877,-0.004628577199999999,0.0056037124,-0.0003775979999999946,2
12,1778488970881,-0.0043750772,0.0062277124,0.0003517020000000492,2
13,1778488970884,-0.0043750772,0.0062277124,0.0003517020000000492,2
14,1778488970888,-0.0049678772,0.0060171124,0.0010420020000000817,2
15,1778488970892,-0.0049678772,0.0060171124,0.0010420020000000817,2
16,1778488970896,-0.0040669771999999995,0.0082440124,-0.0003307979999999811,2
17,1778488970899,-0.0040669771999999995,0.0082440124,-0.0003307979999999811,2
18,1778488970903,-0.0040669771999999995,0.0084975124,0.00010600200000003383,2
19,1778488970907,-0.0035287771999999995,0.0084975124,0.00010600200000003383,2
20,1778488970910,-0.0035287771999999995,0.0084975124,0.00010600200000003383,2
21,1778488970914,-0.004273677199999999,0.0066177124,0.001100502000000043,2
22,1778488970918,-0.004273677199999999,0.0066177124,0.001100502000000043,2
23,1778488970922,-0.003996777199999999,0.0061731124,-0.0004750979999999672,2
24,1778488970925,-0.003996777199999999,0.0061731124,-0.0004750979999999672,2
25,1778488970930,-0.0044023772,0.0064851124,0.0008080020000000143,2
26,1778488970934,-0.0044023772,0.0064851124,0.0008080020000000143,2
27,1778488970937,-0.0045856772,0.0065592124,8.501999999950202e-06,2
28,1778488970941,-0.0045856772,0.0065592124,8.501999999950202e-06,2
29,1778488970945,-0.0044140772,0.006730812400000001,-0.0002605979999999609,2
30,1778488970949,-0.0044140772,0.006730812400000001,-0.0002605979999999609,2
31,1778488970952,-0.0046441772,0.0083298124,0.000675402000000087,2
32,1778488970956,-0.0046441772,0.0083298124,0.000675402000000087,2
33,1778488970960,-0.0041059771999999994,0.0069609124,-0.00030739799999997437,2
34,1778488970964,-0.0041059771999999994,0.0069609124,-0.00030739799999997437,2
35,1778488970968,-0.0038251771999999996,0.0071715124,0.0009523019999998893,2
36,1778488970971,-0.0038251771999999996,0.0071715124,0.0009523019999998893,2
37,1778488970976,-0.0040708772,0.0054711124,0.0001021019999999772,2
38,1778488970980,-0.0040708772,0.0054711124,0.0001021019999999772,2
39,1778488970984,-0.0042775771999999995,0.005666112400000001,0.0008431020000000799,2
40,1778488970988,-0.0042775771999999995,0.005666112400000001,0.0008431020000000799,2
41,1778488970992,-0.0044569772,0.007066212400000001,-0.00017479800000004715,2
42,1778488970996,-0.0044569772,0.007066212400000001,-0.00017479800000004715,2
43,1778488971000,-0.0046090772,0.007779912400000002,0.0010576020000000862,2
44,1778488971003,-0.0046090772,0.007779912400000002,0.0010576020000000862,2
45,1778488971007,-0.0046090772,0.0073392124,-0.0004399980000000126,2
46,1778488971011,-0.0042424772,0.0073392124,-0.0004399980000000126,2
47,1778488971015,-0.0042424772,0.0073392124,0.0010615019999999208,2
48,1778488971018,-0.0044413772,0.0077253124,0.0010615019999999208,2
49,1778488971022,-0.0044413772,0.0077253124,0.0010615019999999208,2
50,1778488971026,-0.004129377199999999,0.0071715124,-0.0005218979999999807,2
51,1778488971030,-0.004129377199999999,0.0071715124,-0.0005218979999999807,2
52,1778488971033,-0.0042931772,0.005588112400000001,0.0008977019999999846,2
53,1778488971037,-0.0042931772,0.005588112400000001,0.0008977019999999846,2
54,1778488971041,-0.0043048771999999996,0.0061302124,0.0001801019999999997,2
55,1778488971044,-0.0043048771999999996,0.0061302124,0.0001801019999999997,2
56,1778488971048,-0.0044998772,0.0068361124,0.00028540199999997455,2
57,1778488971052,-0.0044998772,0.0068361124,0.00028540199999997455,2
58,1778488971056,-0.0047260772,0.0080841124,0.0009211019999998803,2
59,1778488971059,-0.0047260772,0.0080841124,0.0009211019999998803,2
60,1778488971065,-0.0048352772,0.0075810124,-0.0004711980000000216,2
61,1778488971070,-0.0048352772,0.0075810124,-0.0004711980000000216,2
62,1778488971074,-0.0047377771999999995,0.0074601124,0.0012604019999999227,2
63,1778488971078,-0.0047377771999999995,0.0074601124,0.0012604019999999227,2
64,1778488971082,-0.004628577199999999,0.005732412400000001,-0.0003892980000000535,2
65,1778488971087,-0.004628577199999999,0.005732412400000001,-0.0003892980000000535,2
66,1778488971091,-0.0043243772,0.0064383124,0.0011902020000000135,2
67,1778488971096,-0.0043243772,0.006266712400000001,-0.0004906979999999717,2
68,1778488971100,-0.0040474772,0.006266712400000001,-0.0004906979999999717,2
69,1778488971104,-0.0041683772,0.007343112400000001,0.0015295020000000558,2
70,1778488971108,-0.0041683772,0.007343112400000001,0.0015295020000000558,2
71,1778488971112,-0.0040240772,0.0077994124000000005,-0.0008611980000000231,2
72,1778488971116,-0.0040240772,0.0077994124000000005,-0.0008611980000000231,2
73,1778488971119,-0.0043087772,0.007803312400000002,0.0008509019999999711,2
74,1778488971123,-0.0043087772,0.007803312400000002,0.0008509019999999711,2
75,1778488971127,-0.0043087772,0.007803312400000002,6.310200000007697e-05,2
76,1778488971131,-0.0041800772,0.0067464124,6.310200000007697e-05,2
77,1778488971134,-0.0041800772,0.0067464124,6.310200000007697e-05,2
78,1778488971138,-0.0042112772,0.0057831124,0.0004687019999999719,2
79,1778488971142,-0.0042112772,0.0057831124,0.0004687019999999719,2
80,1778488971145,-0.0041683772,0.0062628124,0.0002425020000000177,2
81,1778488971149,-0.0041683772,0.0062628124,0.0002425020000000177,2
82,1778488971153,-0.0043438771999999995,0.0066060124,0.0003127019999999269,2
83,1778488971157,-0.0043438771999999995,0.0066060124,0.0003127019999999269,2
84,1778488971160,-0.0044257772,0.007850112400000001,7.020000000589749e-07,2
85,1778488971164,-0.0044257772,0.007850112400000001,7.020000000589749e-07,2
86,1778488971168,-0.004573977199999999,0.007530312400000001,-0.00016699799999993388,2
87,1778488971172,-0.004573977199999999,0.007530312400000001,-0.00016699799999993388,2
88,1778488971175,-0.004573977199999999,0.0078813124,0.001143402,2
89,1778488971179,-0.004573977199999999,0.0078813124,0.001143402,2
90,1778488971183,-0.004573977199999999,0.0064305123999999995,-0.0006817979999999713,2
91,1778488971187,-0.0046636772,0.0064305123999999995,-0.0006817979999999713,2
92,1778488971190,-0.0046636772,0.0064305123999999995,-0.0006817979999999713,2
93,1778488971194,-0.0048352772,0.0063954124,0.0010147019999999073,2
94,1778488971198,-0.0048352772,0.0063954124,0.0010147019999999073,2
95,1778488971202,-0.0043711772,0.0061965124,-0.0003151979999999766,2
96,1778488971205,-0.0043711772,0.0061965124,-0.0003151979999999766,2
97,1778488971209,-0.0042385771999999995,0.0073158124,0.001069302000000034,2
98,1778488971213,-0.0042385771999999995,0.0073158124,0.001069302000000034,2
99,1778488971217,-0.0037978771999999995,0.0076278124,-0.00020599800000005615,2
100,1778488971220,-0.0037978771999999995,0.0076278124,-0.00020599800000005615,2
101,1778488971224,-0.0040825772,0.007475712400000001,0.0008821019999999801,2
102,1778488971228,-0.0040825772,0.007475712400000001,0.0008821019999999801,2
103,1778488971232,-0.0041566772,0.0065592124,-0.00012799800000003365,2
104,1778488971236,-0.0041566772,0.0065592124,-0.00012799800000003365,2
105,1778488971240,-0.0043672772,0.0056076124,0.0007651020000000574,2
106,1778488971243,-0.0043672772,0.0056076124,0.0007651020000000574,2
107,1778488971247,-0.0043672772,0.0059157124,0.0006325019999999081,2
108,1778488971251,-0.0041878772,0.0059157124,0.0006325019999999081,2
109,1778488971255,-0.0041878772,0.0059157124,0.0005740019999999468,2
110,1778488971259,-0.0043243772,0.006321312400000001,0.0005740019999999468,2
111,1778488971262,-0.0043243772,0.006321312400000001,0.0005896019999999513,2
112,1778488971266,-0.004074777199999999,0.008045112400000002,0.0005896019999999513,2
113,1778488971270,-0.004074777199999999,0.008045112400000002,0.0005896019999999513,2
114,1778488971274,-0.0040864772,0.0078345124,-0.000529697999999983,2
115,1778488971277,-0.0040864772,0.0078345124,-0.000529697999999983,2
116,1778488971281,-0.004141077199999999,0.008138712400000001,0.0010030019999999595,2
117,1778488971285,-0.004141077199999999,0.008138712400000001,0.0010030019999999595,2
118,1778488971289,-0.0044491771999999995,0.006442212400000001,-0.0005452979999999875,2
119,1778488971293,-0.0044491771999999995,0.006442212400000001,-0.0005452979999999875,2
120,1778488971297,-0.004917177199999999,0.0061809124,0.0009328020000000502,2
121,1778488971300,-0.004917177199999999,0.0061809124,0.0009328020000000502,2
122,1778488971304,-0.004616877199999999,0.0060366124,-0.0004555980000000171,2
123,1778488971308,-0.004616877199999999,0.0060366124,-0.0004555980000000171,2
124,1778488971312,-0.0043906772,0.006797112400000001,0.0005740019999999468,2
0,1778488971418,-0.004074777199999999,0.007764312400000001,0.0011239019999999388,2
1,1778488971453,-0.004063077199999999,0.0066372124,0.0005857019999998946,2
2,1778488971456,-0.0042385771999999995,0.0060132124000000006,-0.0001942980000001083,2
3,1778488971459,-0.0042385771999999995,0.0060132124000000006,-0.0001942980000001083,2
4,1778488971461,-0.0042385771999999995,0.0060132124000000006,-0.0001942980000001083,2
5,1778488971464,-0.0046246772,0.005943012400000001,-0.0003931979999999991,2
6,1778488971467,-0.0046246772,0.005943012400000001,-0.0003931979999999991,2
7,1778488971469,-0.0046246772,0.005943012400000001,-0.0003931979999999991,2
8,1778488971472,-0.004573977199999999,0.0069453124000000005,0.0010849020000000386,2
9,1778488971475,-0.004573977199999999,0.0069453124000000005,0.0010849020000000386,2
10,1778488971477,-0.004573977199999999,0.0069453124000000005,0.0010849020000000386,2
11,1778488971480,-0.0043087772,0.0075810124,-0.0002761979999999654,2
12,1778488971483,-0.0043087772,0.0075810124,-0.0002761979999999654,2
13,1778488971485,-0.0043087772,0.0075810124,-0.0002761979999999654,2
14,1778488971488,-0.004117677199999999,0.007779912400000002,0.0010147019999999073,2
15,1778488971491,-0.004117677199999999,0.007779912400000002,0.0010147019999999073,2
16,1778488971494,-0.004117677199999999,0.007779912400000002,0.0010147019999999073,2
17,1778488971496,-0.0038173771999999995,0.0069687124,0.0003205020000000402,2
18,1778488971499,-0.0038173771999999995,0.0069687124,0.0003205020000000402,2
19,1778488971502,-0.0038173771999999995,0.0069687124,0.0003205020000000402,2
20,1778488971505,-0.0039460772,0.006079512400000001,0.0007885019999999531,2
21,1778488971507,-0.0039460772,0.006079512400000001,0.0007885019999999531,2
22,1778488971511,-0.0039460772,0.0058806124000000005,-0.00012799800000003365,2
23,1778488971515,-0.004207377199999999,0.0058806124000000005,-0.00012799800000003365,2
24,1778488971520,-0.004207377199999999,0.0058806124000000005,0.0001957020000000042,2
25,1778488971523,-0.004562277199999999,0.0066489124,0.0001957020000000042,2
26,1778488971527,-0.004429677199999999,0.0071949124,-0.0003307979999999811,2
27,1778488971531,-0.004429677199999999,0.0071949124,-0.0003307979999999811,2
28,1778488971535,-0.004429677199999999,0.0080022124,0.0003088020000000923,2
29,1778488971539,-0.004417977199999999,0.0080022124,0.0003088020000000923,2
30,1778488971544,-0.0042346772,0.007947612400000002,0.0003712019999998883,2
31,1778488971554,-0.0042346772,0.007947612400000002,0.0003712019999998883,2
32,1778488971558,-0.004207377199999999,0.0066372124,0.00039460200000000605,2
33,1778488971562,-0.0038368772,0.0060834124,0.0007534019999998875,2
34,1778488971566,-0.0038368772,0.0060834124,0.0007534019999998875,2
35,1778488971570,-0.004328277199999999,0.005888412400000001,0.00036340199999999705,2
36,1778488971574,-0.004328277199999999,0.005888412400000001,0.00036340199999999705,2
37,1778488971578,-0.004261977199999999,0.006711312400000001,0.0010888019999998732,2
38,1778488971582,-0.004261977199999999,0.006711312400000001,0.0010888019999998732,2
39,1778488971586,-0.0043984772,0.0073275124,-0.00022939799999995188,2
40,1778488971591,-0.0043984772,0.0073275124,-0.00022939799999995188,2
41,1778488971595,-0.0045037772,0.007608312400000001,0.0008743020000000889,2
42,1778488971599,-0.0045037772,0.007608312400000001,-0.0003268980000000355,2
43,1778488971603,-0.0045427772,0.0074718124,-0.0003268980000000355,2
44,1778488971607,-0.0045427772,0.0066957124,0.0002269020000000132,2
45,1778488971611,-0.0046090772,0.0066957124,0.0002269020000000132,2
46,1778488971616,-0.0044452772,0.0061068124,0.00017230199999988642,2
47,1778488971620,-0.0044452772,0.0061068124,0.00017230199999988642,2
48,1778488971624,-0.0046207772,0.0064734124,0.0008977019999999846,2
49,1778488971628,-0.0046207772,0.0064734124,0.0008977019999999846,2
50,1778488971632,-0.0046324771999999995,0.007331412400000001,-0.00022549800000011729,2
51,1778488971636,-0.0046324771999999995,0.007331412400000001,-0.00022549800000011729,2
52,1778488971641,-0.0046324771999999995,0.0077994124000000005,0.0006286020000000735,2
53,1778488971645,-0.0046324771999999995,0.0077994124000000005,0.0006286020000000735,2
54,1778488971649,-0.004472577199999999,0.0081582124,0.0003361020000000447,2
55,1778488971653,-0.004472577199999999,0.0081582124,0.0003361020000000447,2
56,1778488971657,-0.004694877199999999,0.006898512400000001,0.0002464020000000743,2
57,1778488971661,-0.004694877199999999,0.006898512400000001,0.0002464020000000743,2
58,1778488971666,-0.0042346772,0.0063408124,0.001174602000000009,2
59,1778488971670,-0.0042346772,0.0063408124,0.001174602000000009,2
60,1778488971674,-0.0043243772,0.0055920124000000005,-4.609799999995452e-05,2
61,1778488971678,-0.0043243772,0.0055920124000000005,-4.609799999995452e-05,2
62,1778488971682,-0.0040474772,0.006344712400000001,0.0005857019999998946,2
63,1778488971686,-0.0040474772,0.006344712400000001,0.0005857019999998946,2
64,1778488971691,-0.003907077199999999,0.007308012400000001,-0.000436098000000067,2
65,1778488971695,-0.003907077199999999,0.007308012400000001,0.00023470199999990442,2
66,1778488971699,-0.0038446771999999995,0.0079164124,0.00023470199999990442,2
67,1778488971703,-0.0038446771999999995,0.007362612400000001,3.190200000006797e-05,2
68,1778488971707,-0.0040006772,0.007362612400000001,3.190200000006797e-05,2
69,1778488971712,-0.0045310772,0.0064266124,0.00083140199999991,2
70,1778488971716,-0.0045310772,0.0064266124,0.00083140199999991,2
71,1778488971720,-0.0046987771999999995,0.0059820124,0.00025420199999996555,2
72,1778488971724,-0.0046987771999999995,0.0059820124,0.00025420199999996555,2
73,1778488971728,-0.0045778772,0.0060366124,0.0009016020000000412,2
74,1778488971732,-0.0045778772,0.0060366124,0.0009016020000000412,2
75,1778488971737,-0.0043009772,0.006898512400000001,0.0003088020000000923,2
76,1778488971741,-0.0043009772,0.006898512400000001,0.0003088020000000923,2
77,1778488971745,-0.004285377199999999,0.007464012400000001,0.0006052019999999558,2
78,1778488971749,-0.004285377199999999,0.007464012400000001,0.0006052019999999558,2
79,1778488971753,-0.0039382772,0.0081582124,0.0005896019999999513,2
80,1778488971757,-0.0039382772,0.0081582124,0.0005896019999999513,2
81,1778488971762,-0.0044647772,0.0069921124,0.00016840200000005183,2
82,1778488971766,-0.0044647772,0.0069921124,0.00016840200000005183,2
83,1778488971770,-0.0042775771999999995,0.0064929124,0.00041020200000001054,2
84,1778488971774,-0.0042775771999999995,0.0064929124,0.00041020200000001054,2
85,1778488971778,-0.0044023772,0.005900112400000001,-0.0001318980000000903,2
86,1778488971783,-0.0044023772,0.005900112400000001,0.0005935020000000079,2
87,1778488971787,-0.0042034772,0.0063291124,0.0005935020000000079,2
88,1778488971791,-0.0042034772,0.0071130124,9.040200000002933e-05,2
89,1778488971795,-0.004051377199999999,0.0071130124,9.040200000002933e-05,2
90,1778488971799,-0.004051377199999999,0.0080997124,0.0008665019999999756,2
91,1778488971803,-0.003973377199999999,0.0080997124,0.0008665019999999756,2
92,1778488971808,-0.0039694772,0.007764312400000001,0.00012160200000003833,2
93,1778488971812,-0.0039694772,0.007764312400000001,0.00012160200000003833,2
94,1778488971816,-0.0043048771999999996,0.0066801124,0.0006013019999998991,2
95,1778488971820,-0.0043048771999999996,0.0066801124,0.0006013019999998991,2
96,1778488971824,-0.0046324771999999995,0.0058923124,9.430200000008597e-05,2
97,1778488971829,-0.0046324771999999995,0.0058923124,9.430200000008597e-05,2
98,1778488971833,-0.004562277199999999,0.0057831124,7.480200000002483e-05,2
99,1778488971837,-0.004562277199999999,0.0057831124,7.480200000002483e-05,2
100,1778488971841,-0.004628577199999999,0.0066723124,0.00045700200000002404,2
101,1778488971845,-0.004628577199999999,0.0066723124,0.00045700200000002404,2
102,1778488971850,-0.0043477772,0.0074913124,-2.6598000000115432e-05,2
103,1778488971854,-0.0043477772,0.0074913124,-2.6598000000115432e-05,2
104,1778488971858,-0.0041761772,0.0081114124,0.00047260200000002854,2
105,1778488971862,-0.0041761772,0.0081114124,0.00047260200000002854,2
106,1778488971866,-0.0042775771999999995,0.0072144124,0.00042580200000001504,2
107,1778488971870,-0.0042775771999999995,0.0072144124,0.0010030019999999595,2
108,1778488971875,-0.004417977199999999,0.006719112400000001,0.0010030019999999595,2
109,1778488971879,-0.004417977199999999,0.006719112400000001,-5.779800000012443e-05,2
110,1778488971883,-0.004796277199999999,0.005599812400000001,-5.779800000012443e-05,2
111,1778488971887,-0.004796277199999999,0.0059937124,0.0006091020000000124,2
112,1778488971891,-0.0046324771999999995,0.0059937124,0.0006091020000000124,2
113,1778488971895,-0.0045271771999999995,0.0071130124,0.00020350199999989542,2
114,1778488971900,-0.0045271771999999995,0.0071130124,0.00020350199999989542,2
115,1778488971904,-0.0040006772,0.0082440124,0.0005311019999999899,2
116,1778488971908,-0.0040006772,0.0082440124,0.0005311019999999899,2
117,1778488971912,-0.0037354771999999997,0.0077253124,-0.00010459799999991588,2
118,1778488971916,-0.0037354771999999997,0.0077253124,-0.00010459799999991588,2
119,1778488971921,-0.0037861771999999996,0.007042812400000001,0.0006520019999999693,2
120,1778488971925,-0.0037861771999999996,0.007042812400000001,0.0006520019999999693,2
121,1778488971929,-0.0040045772,0.0062082123999999995,2.0201999999898065e-05,2
122,1778488971933,-0.0040045772,0.0062082123999999995,2.0201999999898065e-05,2
123,1778488971937,-0.004605177199999999,0.005443812400000001,2.8002000000011337e-05,2
124,1778488971941,-0.004605177199999999,0.005443812400000001,2.8002000000011337e-05,2
0,1778488972024,-0.0038485772,0.007397712400000001,0.00016840200000005183,2
1,1778488972137,-0.004008477199999999,0.0073392124,0.0001333019999999862,2
2,1778488972140,-0.0040903772,0.0067464124,0.0006598020000000825,2
3,1778488972144,-0.004339977199999999,0.005689512400000001,0.0003985020000000627,2
4,1778488972148,-0.004339977199999999,0.005689512400000001,0.0003985020000000627,2
5,1778488972152,-0.004261977199999999,0.0062043124,0.00045700200000002404,2
6,1778488972156,-0.004261977199999999,0.0062043124,0.00045700200000002404,2
7,1778488972160,-0.004297077199999999,0.0070818124,0.00040240199999989727,2
8,1778488972165,-0.004297077199999999,0.0070818124,0.00040240199999989727,2
9,1778488972169,-0.0043750772,0.0076278124,0.00022300199999995655,2
10,1778488972173,-0.0043750772,0.0076278124,0.00022300199999995655,2
11,1778488972177,-0.004183977199999999,0.007873512400000001,-0.00019039800000005165,2
12,1778488972181,-0.004183977199999999,0.007873512400000001,-0.00019039800000005165,2
13,1778488972185,-0.0043477772,0.0073392124,0.0007885019999999531,2
14,1778488972189,-0.0043477772,0.0073392124,0.0007885019999999531,2
15,1778488972194,-0.0044803772,0.0061575124000000005,-0.0003151979999999766,2
16,1778488972198,-0.0044803772,0.0061575124000000005,-0.0003151979999999766,2
17,1778488972202,-0.0046792772,0.0057948124,0.0007924020000000098,2
18,1778488972206,-0.0046792772,0.0057948124,0.0007924020000000098,2
19,1778488972210,-0.0044530772,0.006387612400000001,0.00019180199999994756,2
20,1778488972214,-0.0044530772,0.006387612400000001,0.00019180199999994756,2
21,1778488972218,-0.0041488772,0.0071949124,0.0005779020000000034,2
22,1778488972223,-0.0041488772,0.0071949124,0.0006208019999999603,2
23,1778488972227,-0.0038563772,0.0082050124,0.0006208019999999603,2
24,1778488972231,-0.0038563772,0.0076395123999999995,-0.00011239800000002916,2
25,1778488972235,-0.0040045772,0.0076395123999999995,-0.00011239800000002916,2
26,1778488972239,-0.0042112772,0.0069687124,0.0005467019999999944,2
27,1778488972243,-0.0042112772,0.0069687124,0.0005467019999999944,2
28,1778488972247,-0.0041059771999999994,0.006145812400000001,7.870200000008147e-05,2
29,1778488972252,-0.0041059771999999994,0.006145812400000001,7.870200000008147e-05,2
30,1778488972256,-0.0043165771999999995,0.0058065124,0.0005155019999999854,2
31,1778488972260,-0.0043165771999999995,0.0058065124,0.0005155019999999854,2
32,1778488972264,-0.0041449772,0.006555312400000001,0.0005896019999999513,2
33,1778488972268,-0.0041449772,0.006555312400000001,0.0005896019999999513,2
34,1778488972272,-0.0040708772,0.007779912400000002,0.0008821019999999801,2
35,1778488972277,-0.0040708772,0.007779912400000002,0.0008821019999999801,2
36,1778488972281,-0.004129377199999999,0.0077487124,0.0001177019999999817,2
37,1778488972285,-0.004129377199999999,0.0077487124,0.0001177019999999817,2
38,1778488972289,-0.004273677199999999,0.007608312400000001,0.0005116019999999288,2
39,1778488972293,-0.004273677199999999,0.007608312400000001,0.0005116019999999288,2
40,1778488972297,-0.0046597771999999996,0.0061068124,-0.000467297999999965,2
41,1778488972302,-0.0046597771999999996,0.0061068124,-0.000467297999999965,2
42,1778488972306,-0.0047767771999999995,0.0059274124,0.0007651020000000574,2
43,1778488972310,-0.0047767771999999995,0.0059274124,0.0007651020000000574,2
44,1778488972314,-0.0045895772,0.0064500124,0.0003907019999999494,2
45,1778488972318,-0.0045895772,0.0064500124,0.0003907019999999494,2
46,1778488972322,-0.0047377771999999995,0.0067464124,0.0003907019999999494,2
47,1778488972327,-0.0047377771999999995,0.0067464124,0.0003985020000000627,2
48,1778488972331,-0.0042931772,0.0086418124,0.0003985020000000627,2
49,1778488972335,-0.0042931772,0.008115312400000001,-0.00013969799999998152,2
50,1778488972339,-0.0041098772,0.008115312400000001,-0.00013969799999998152,2
51,1778488972343,-0.0041371772,0.006886812400000001,0.00041020200000001054,2
52,1778488972347,-0.0041371772,0.006886812400000001,0.00041020200000001054,2
53,1778488972351,-0.0041371772,0.0058923124,0.0003985020000000627,2
54,1778488972355,-0.0041566772,0.0058923124,0.0003985020000000627,2
55,1778488972359,-0.004550577199999999,0.0059937124,0.0006286020000000735,2
56,1778488972364,-0.004550577199999999,0.0059937124,0.0006286020000000735,2
57,1778488972368,-0.004683177199999999,0.0059703124,0.0005272019999999333,2
58,1778488972372,-0.004683177199999999,0.0059703124,0.0005272019999999333,2
59,1778488972376,-0.0043594772,0.0073353124,0.0010225020000000206,2
60,1778488972380,-0.0043594772,0.0073353124,0.0010225020000000206,2
61,1778488972384,-0.003918777199999999,0.007850112400000001,0.0001021019999999772,2
62,1778488972388,-0.003918777199999999,0.007850112400000001,0.0001021019999999772,2
63,1778488972393,-0.0039811772,0.007971012400000001,0.0011512019999998912,2
64,1778488972397,-0.0039811772,0.007971012400000001,0.0011512019999998912,2
65,1778488972401,-0.0040591772,0.0069843124,0.00018400200000005633,2
66,1778488972405,-0.0040591772,0.0069843124,0.00018400200000005633,2
67,1778488972409,-0.004694877199999999,0.0056934124,0.00010600200000003383,2
68,1778488972413,-0.004694877199999999,0.0056934124,0.00010600200000003383,2
69,1778488972418,-0.0049522772,0.0063525123999999995,0.00015670199999988192,2
70,1778488972422,-0.0049522772,0.0063525123999999995,0.00015670199999988192,2
71,1778488972426,-0.0049405772,0.0069726124,-0.00035419799999998787,2
72,1778488972430,-0.0049405772,0.0069726124,-0.00035419799999998787,2
73,1778488972434,-0.0044647772,0.0077370124,0.0003205020000000402,2
74,1778488972438,-0.0044647772,0.0077370124,0.00023860199999996105,2
75,1778488972443,-0.004063077199999999,0.008029512400000001,0.00023860199999996105,2
76,1778488972447,-0.004063077199999999,0.0075732123999999994,0.00041020200000001054,2
77,1778488972451,-0.0040162772,0.0075732123999999994,0.00041020200000001054,2
78,1778488972455,-0.0041917772,0.006067812400000001,0.0007183020000000439,2
79,1778488972459,-0.0041917772,0.006067812400000001,0.0007183020000000439,2
80,1778488972463,-0.0042814772,0.0057519124,0.0003283019999999314,2
81,1778488972468,-0.0042814772,0.0057519124,0.0003283019999999314,2
82,1778488972472,-0.0045193772,0.0057285124,0.00046480199999991527,2
83,1778488972476,-0.0045193772,0.0057285124,0.00046480199999991527,2
84,1778488972480,-0.0042931772,0.0071910124,0.000800201999999901,2
85,1778488972484,-0.0042931772,0.0071910124,0.000800201999999901,2
86,1778488972488,-0.0040123772,0.0080490124,4.601999999893566e-06,2
87,1778488972492,-0.0040123772,0.0080490124,4.601999999893566e-06,2
88,1778488972497,-0.0039148772,0.0080763124,0.0001333019999999862,2
89,1778488972501,-0.0039148772,0.0080763124,0.0001333019999999862,2
90,1778488972505,-0.0037744771999999997,0.007144212400000001,-3.197999999997661e-06,2
91,1778488972509,-0.0037744771999999997,0.007144212400000001,-3.197999999997661e-06,2
92,1778488972513,-0.0043243772,0.0061029124,8.260199999991606e-05,2
93,1778488972517,-0.0043243772,0.0061029124,8.260199999991606e-05,2
94,1778488972522,-0.004429677199999999,0.0059040124,0.0007495020000000529,2
95,1778488972526,-0.004429677199999999,0.0059040124,0.0007495020000000529,2
96,1778488972530,-0.0044452772,0.006297912400000001,0.0004687019999999719,2
97,1778488972534,-0.0044452772,0.006297912400000001,0.0004687019999999719,2
98,1778488972538,-0.0045583772,0.007631712400000001,0.0005584019999999423,2
99,1778488972542,-0.0045583772,0.007631712400000001,-0.00020209799999999951,2
100,1778488972547,-0.0043009772,0.007838412400000001,-0.00020209799999999951,2
101,1778488972551,-0.0043009772,0.0080139124,0.00036340199999999705,2
102,1778488972555,-0.0042580772,0.0080139124,0.00036340199999999705,2
103,1778488972559,-0.0043009772,0.006465612400000001,9.430200000008597e-05,2
104,1778488972563,-0.0043009772,0.006465612400000001,9.430200000008597e-05,2
105,1778488972567,-0.0044569772,0.006021012400000001,0.0008470019999999145,2
106,1778488972571,-0.0044569772,0.006021012400000001,0.0008470019999999145,2
107,1778488972576,-0.004406277199999999,0.0060834124,-0.0003463979999999856,2
108,1778488972580,-0.004406277199999999,0.0060834124,-0.0003463979999999856,2
109,1778488972584,-0.004628577199999999,0.0071793124,0.0005038020000000375,2
110,1778488972588,-0.004628577199999999,0.0071793124,0.0005038020000000375,2
111,1778488972592,-0.004285377199999999,0.007865712399999999,-0.00030739799999997437,2
112,1778488972597,-0.004285377199999999,0.007865712399999999,-0.00030739799999997437,2
113,1778488972601,-0.004183977199999999,0.007842312399999999,7.870200000008147e-05,2
114,1778488972605,-0.004183977199999999,0.007842312399999999,7.870200000008147e-05,2
115,1778488972609,-0.0040591772,0.0072573124,0.0006988019999999828,2
116,1778488972613,-0.0040591772,0.0072573124,0.0006988019999999828,2
117,1778488972617,-0.0040942771999999995,0.0057714124,0.00034780199999999255,2
118,1778488972622,-0.0040942771999999995,0.0057714124,0.00034780199999999255,2
119,1778488972626,-0.0043321772,0.0058416124,0.0009172020000000457,2
120,1778488972630,-0.0043321772,0.0058416124,0.0009172020000000457,2
121,1778488972634,-0.0043555772,0.0063018124000000005,0.0003751019999999449,2
122,1778488972638,-0.0043555772,0.0063018124000000005,0.0003751019999999449,2
123,1778488972642,-0.0043867772,0.0074601124,0.0006559020000000259,2
124,1778488972646,-0.0043867772,0.0074601124,0.00010600200000003383,2
0,1778488972716,-0.0044140772,0.0073470124,0.0007261019999999351,2
1,1778488972820,-0.0042541772,0.0062199123999999995,9.820199999992056e-05,2
2,1778488972831,-0.004616877199999999,0.0061146124,0.0004960019999999243,2
3,1778488972835,-0.004616877199999999,0.0061146124,0.0004960019999999243,2
4,1778488972839,-0.0046636772,0.005580312400000001,-0.0005062979999999762,2
5,1778488972843,-0.0046636772,0.005580312400000001,-0.0005062979999999762,2
6,1778488972847,-0.0042697772,0.0069726124,0.001225302000000079,2
7,1778488972851,-0.0042697772,0.0069726124,0.001225302000000079,2
8,1778488972856,-0.0039577772,0.007752612400000001,-0.0006817979999999713,2
9,1778488972860,-0.0039577772,0.007752612400000001,-0.0006817979999999713,2
10,1778488972864,-0.0039928772,0.0079554124,0.0008665019999999756,2
11,1778488972868,-0.0039928772,0.0079554124,0.0008665019999999756,2
12,1778488972872,-0.003918777199999999,0.007362612400000001,-0.0002956980000000265,2
13,1778488972876,-0.003918777199999999,0.007362612400000001,-0.0002956980000000265,2
14,1778488972881,-0.004328277199999999,0.0060912124000000005,0.0008548020000000277,2
15,1778488972885,-0.004328277199999999,0.0060912124000000005,0.0008548020000000277,2
16,1778488972889,-0.004429677199999999,0.005599812400000001,0.0002737020000000267,2
17,1778488972893,-0.004429677199999999,0.005599812400000001,0.0002737020000000267,2
18,1778488972897,-0.0046363772,0.0059625124,0.000550602000000051,2
19,1778488972901,-0.0046363772,0.0059625124,0.000550602000000051,2
20,1778488972905,-0.0044764772,0.0072378124,0.0003088020000000923,2
21,1778488972910,-0.0044764772,0.0072378124,0.0003088020000000923,2
22,1778488972914,-0.0041683772,0.0079671124,0.00042580200000001504,2
23,1778488972918,-0.0041683772,0.0079671124,0.00042580200000001504,2
24,1778488972922,-0.004008477199999999,0.0078696124,0.0004531019999999674,2
25,1778488972926,-0.004008477199999999,0.0078696124,-0.00018649799999999501,2
26,1778488972930,-0.003985077199999999,0.0069843124,-0.00018649799999999501,2
27,1778488972935,-0.003985077199999999,0.0063174124,0.0009718019999999505,2
28,1778488972939,-0.0044491771999999995,0.0063174124,0.0009718019999999505,2
29,1778488972943,-0.004694877199999999,0.0057714124,-0.00047899800000002386,2
30,1778488972947,-0.004694877199999999,0.0057714124,-0.00047899800000002386,2
31,1778488972951,-0.0046363772,0.0064500124,0.0012955019999999883,2
32,1778488972955,-0.0046363772,0.0064500124,0.0012955019999999883,2
33,1778488972959,-0.0044647772,0.0070701124,-0.000436098000000067,2
34,1778488972964,-0.0044647772,0.0070701124,-0.000436098000000067,2
35,1778488972968,-0.004406277199999999,0.007935912400000002,0.0008704020000000322,2
36,1778488972972,-0.004406277199999999,0.007935912400000002,0.0008704020000000322,2
37,1778488972976,-0.0040552771999999996,0.007947612400000002,3.97019999999592e-05,2
38,1778488972980,-0.0040552771999999996,0.007947612400000002,3.97019999999592e-05,2
39,1778488972984,-0.0040240772,0.0066372124,0.00030100199999997905,2
40,1778488972989,-0.0040240772,0.0066372124,0.00030100199999997905,2
41,1778488972993,-0.0041254772,0.0058962124,0.00044920199999991077,2
42,1778488972997,-0.0041254772,0.0058962124,0.00044920199999991077,2
43,1778488973001,-0.004616877199999999,0.005954712400000001,0.00036340199999999705,2
44,1778488973005,-0.004616877199999999,0.005954712400000001,0.00036340199999999705,2
45,1778488973009,-0.0043984772,0.007152012400000001,0.0005701019999998901,2
46,1778488973014,-0.0043984772,0.007152012400000001,0.0005701019999998901,2
47,1778488973019,-0.0047338772,0.007432812400000001,0.00036340199999999705,2
48,1778488973023,-0.0040903772,0.0083376124,0.0007807020000000619,2
49,1778488973027,-0.0040903772,0.0083376124,0.0007807020000000619,2
50,1778488973031,-0.004351677199999999,0.0072183123999999994,-0.000373698000000049,2
51,1778488973036,-0.004351677199999999,0.0072183123999999994,-0.000373698000000049,2
52,1778488973040,-0.0042112772,0.006586512400000001,0.001537301999999947,2
53,1778488973044,-0.0042112772,0.006586512400000001,0.001537301999999947,2
54,1778488973049,-0.004195677199999999,0.0054828124,-0.0003463979999999856,2
55,1778488973053,-0.004195677199999999,0.0054828124,-0.0003463979999999856,2
56,1778488973057,-0.0044491771999999995,0.0061692124000000004,0.0011395019999999433,2
57,1778488973061,-0.0044491771999999995,0.0061692124000000004,0.0011395019999999433,2
58,1778488973066,-0.0040474772,0.007175412400000001,-0.0002917979999999699,2
59,1778488973070,-0.0040474772,0.007175412400000001,-0.0002917979999999699,2
60,1778488973074,-0.0047650772,0.0074133124,0.0008119020000000709,2
61,1778488973078,-0.0047650772,0.0074133124,-0.000560897999999992,2
62,1778488973082,-0.0043126772,0.0082791124,-0.000560897999999992,2
63,1778488973086,-0.0043126772,0.0068049124,0.00039460200000000605,2
64,1778488973091,-0.0042775771999999995,0.0068049124,0.00039460200000000605,2
65,1778488973095,-0.0042775771999999995,0.005833812400000001,0.0006169019999999036,2
66,1778488973099,-0.004429677199999999,0.005833812400000001,0.0006169019999999036,2
67,1778488973103,-0.0042346772,0.0058182124,0.0005350020000000465,2
68,1778488973107,-0.0042346772,0.0058182124,0.0005350020000000465,2
69,1778488973111,-0.0045037772,0.006999912400000001,0.0007495020000000529,2
70,1778488973115,-0.0045037772,0.006999912400000001,0.0007495020000000529,2
71,1778488973119,-0.0043087772,0.0072495124,-0.00011239800000002916,2
72,1778488973123,-0.0043087772,0.0072495124,-0.00011239800000002916,2
73,1778488973126,-0.0042424772,0.008138712400000001,0.0010927019999999298,2
74,1778488973131,-0.0042424772,0.008138712400000001,0.0010927019999999298,2
75,1778488973135,-0.0045466772,0.0073665124000000005,7.09019999999682e-05,2
76,1778488973139,-0.0045466772,0.0073665124000000005,7.09019999999682e-05,2
77,1778488973143,-0.0044881771999999995,0.0065397124,0.0008548020000000277,2
78,1778488973147,-0.0044881771999999995,0.0065397124,0.0008548020000000277,2
79,1778488973151,-0.004285377199999999,0.0059313123999999995,-0.0005335980000000396,2
80,1778488973161,-0.004152777199999999,0.0060483124,0.000769001999999892,2
81,1778488973164,-0.004152777199999999,0.0060483124,0.000769001999999892,2
82,1778488973168,-0.0038719771999999996,0.0071598124,0.00018790199999989092,2
83,1778488973172,-0.0038719771999999996,0.0071598124,0.00018790199999989092,2
84,1778488973176,-0.0036808771999999996,0.007721412399999999,0.00012160200000003833,2
85,1778488973181,-0.0036808771999999996,0.007721412399999999,0.00012160200000003833,2
86,1778488973185,-0.0043750772,0.007756512400000002,0.0003127019999999269,2
87,1778488973189,-0.0043750772,0.007756512400000002,0.0003127019999999269,2
88,1778488973193,-0.0042775771999999995,0.007152012400000001,-8.899799999991138e-05,2
89,1778488973197,-0.0042775771999999995,0.007152012400000001,-8.899799999991138e-05,2
90,1778488973201,-0.004406277199999999,0.006723012400000001,0.0003088020000000923,2
91,1778488973205,-0.004406277199999999,0.006723012400000001,0.0003088020000000923,2
92,1778488973210,-0.004761177199999999,0.0054321123999999995,0.0007846019999998965,2
93,1778488973214,-0.004761177199999999,0.0054321123999999995,0.0007846019999998965,2
94,1778488973218,-0.004195677199999999,0.007054512400000001,0.0010147019999999073,2
95,1778488973222,-0.004195677199999999,0.007054512400000001,0.0005584019999999423,2
96,1778488973226,-0.0044998772,0.0073236124,0.0005584019999999423,2
97,1778488973230,-0.0044998772,0.008657412400000002,0.0008821019999999801,2
98,1778488973234,-0.0042112772,0.008657412400000002,0.0008821019999999801,2
99,1778488973239,-0.0042112772,0.0074367124,-0.0007207979999999826,2
100,1778488973243,-0.0042580772,0.0074367124,-0.0007207979999999826,2
101,1778488973247,-0.0045895772,0.0062082123999999995,0.0010927019999999298,2
102,1778488973251,-0.0045895772,0.0062082123999999995,0.0010927019999999298,2
103,1778488973255,-0.004616877199999999,0.0062082123999999995,-0.0006973979999999758,2
104,1778488973259,-0.004616877199999999,0.0062082123999999995,-0.0006973979999999758,2
105,1778488973263,-0.0046675772,0.0056700124000000005,0.0007105019999999306,2
106,1778488973268,-0.0046675772,0.0056700124000000005,0.0007105019999999306,2
107,1778488973272,-0.0042892772,0.0068517123999999995,0.00041800199999990177,2
108,1778488973276,-0.0042892772,0.0068517123999999995,0.00041800199999990177,2
109,1778488973280,-0.003907077199999999,0.0074289123999999995,0.0006247020000000169,2
110,1778488973284,-0.003907077199999999,0.0074289123999999995,0.0006247020000000169,2
111,1778488973289,-0.0037120772,0.008080212400000002,0.0003049020000000357,2
112,1778488973293,-0.0037120772,0.008080212400000002,0.0003049020000000357,2
113,1778488973297,-0.0040240772,0.0072027124,0.000675402000000087,2
114,1778488973301,-0.0040240772,0.0072027124,0.000675402000000087,2
115,1778488973305,-0.0042034772,0.0065046124,0.0003205020000000402,2
116,1778488973309,-0.0042034772,0.0065046124,0.0003205020000000402,2
117,1778488973314,-0.0045856772,0.005490612400000001,0.0005116019999999288,2
118,1778488973318,-0.0045856772,0.005490612400000001,0.0005116019999999288,2
119,1778488973322,-0.0045154772,0.0063174124,0.000613002000000069,2
120,1778488973326,-0.0045154772,0.0063174124,-0.0002644980000000175,2
121,1778488973330,-0.0042892772,0.0070818124,-0.0002644980000000175,2
122,1778488973334,-0.0042892772,0.008033412399999999,0.001225302000000079,2
123,1778488973338,-0.0041098772,0.008033412399999999,0.001225302000000079,2
124,1778488973342,-0.0041098772,0.0079281124,-0.00046339800000001936,2
0,1778488973468,-0.0041683772,0.0056505124,0.0002776020000000833,2
1,1778488973486,-0.0048313772,0.0064032124,0.0005896019999999513,2
2,1778488973539,-0.004219077199999999,0.0068790124000000005,-0.00032299799999997887,2
3,1778488973543,-0.0044101772,0.007452312400000001,0.0007846019999998965,2
4,1778488973547,-0.0044101772,0.007452312400000001,0.0007846019999998965,2
5,1778488973551,-0.0042814772,0.008127012400000001,-3.8298000000063295e-05,2
6,1778488973555,-0.0042814772,0.008127012400000001,-3.8298000000063295e-05,2
7,1778488973560,-0.0041215772,0.0072690124,0.0003595019999999404,2
8,1778488973564,-0.0041215772,0.0072690124,0.0003595019999999404,2
9,1778488973568,-0.0044413772,0.0068361124,0.0007729019999999486,2
10,1778488973572,-0.0044413772,0.0068361124,0.0007729019999999486,2
11,1778488973577,-0.004074777199999999,0.0056700124000000005,0.00018400200000005633,2
12,1778488973584,-0.0043828771999999995,0.005978112400000001,0.0006637019999999171,2
13,1778488973591,-0.004562277199999999,0.006231612400000001,-7.098000000054297e-06,2
14,1778488973597,-0.004562277199999999,0.006231612400000001,-7.098000000054297e-06,2
15,1778488973600,-0.0040786772,0.007994412400000001,0.0006364019999999648,2
16,1778488973605,-0.0040786772,0.007994412400000001,0.0006364019999999648,2
17,1778488973609,-0.0043672772,0.007803312400000002,-0.000248898000000013,2
18,1778488973614,-0.0043672772,0.007803312400000002,-0.000248898000000013,2
19,1778488973618,-0.004605177199999999,0.0072456124,0.0005701019999998901,2
20,1778488973622,-0.004605177199999999,0.006711312400000001,-4.609799999995452e-05,2
21,1778488973626,-0.0046636772,0.006711312400000001,-4.609799999995452e-05,2
22,1778488973631,-0.0044413772,0.005822112400000001,0.000706601999999874,2
23,1778488973635,-0.0044413772,0.005822112400000001,0.000706601999999874,2
24,1778488973639,-0.0043438771999999995,0.0066060124,0.00021520200000006533,2
25,1778488973644,-0.0043438771999999995,0.0066060124,0.00021520200000006533,2
26,1778488973648,-0.004472577199999999,0.007265112400000001,0.0010888019999998732,2
27,1778488973652,-0.004472577199999999,0.007265112400000001,0.0010888019999998732,2
28,1778488973656,-0.0042034772,0.0081348124,-0.00015529799999998602,2
29,1778488973661,-0.0042034772,0.0081348124,-0.00015529799999998602,2
30,1778488973665,-0.0043165771999999995,0.007296312400000001,0.0003868019999998928,2
31,1778488973672,-0.0043165771999999995,0.007296312400000001,0.0003868019999998928,2
32,1778488973677,-0.0045193772,0.007019412400000001,0.0002581020000000222,2
33,1778488973682,-0.0045037772,0.005857212400000001,-9.679800000002466e-05,2
34,1778488973688,-0.0043555772,0.0061263124,0.0008821019999999801,2
35,1778488973691,-0.0043555772,0.0061263124,0.0008821019999999801,2
36,1778488973695,-0.0042385771999999995,0.0063486124,-0.0003775979999999946,2
37,1778488973700,-0.0042385771999999995,0.0063486124,-0.0003775979999999946,2
38,1778488973704,-0.004195677199999999,0.007752612400000001,0.0013111019999999928,2
39,1778488973708,-0.004195677199999999,0.007752612400000001,0.0013111019999999928,2
40,1778488973712,-0.0041800772,0.007912512400000002,-0.0008962979999999777,2
41,1778488973717,-0.0041800772,0.007912512400000002,-0.0008962979999999777,2
42,1778488973721,-0.0044101772,0.0074016124,0.0010303019999999118,2
43,1778488973725,-0.0044101772,0.0074016124,0.0010303019999999118,2
44,1778488973730,-0.0043243772,0.007042812400000001,-0.000311298000000031,2
45,1778488973734,-0.0043243772,0.0055842124,0.0008743020000000889,2
46,1778488973738,-0.004761177199999999,0.0055842124,0.0008743020000000889,2
47,1778488973742,-0.004694877199999999,0.006188712400000001,0.0003283019999999314,2
48,1778488973747,-0.004694877199999999,0.006188712400000001,0.0003283019999999314,2
49,1778488973751,-0.0042541772,0.0071598124,0.0002893020000000312,2
50,1778488973755,-0.0042541772,0.0071598124,0.0002893020000000312,2
51,1778488973760,-0.0039382772,0.0077136124,0.00010990200000009047,2
52,1778488973767,-0.0038446771999999995,0.007740912400000001,0.0001333019999999862,2
53,1778488973772,-0.0038446771999999995,0.007740912400000001,0.0001333019999999862,2
54,1778488973777,-0.0041449772,0.007452312400000001,0.0004531019999999674,2
55,1778488973781,-0.0041449772,0.007452312400000001,-0.00010849799999997252,2
56,1778488973785,-0.0050848772,0.005701212400000001,-0.00010849799999997252,2
57,1778488973790,-0.0050848772,0.005701212400000001,-0.00010849799999997252,2
58,1778488973794,-0.0046324771999999995,0.0063018124000000005,0.0007768020000000053,2
59,1778488973798,-0.0046324771999999995,0.0057363124000000005,-0.000217698000000004,2
60,1778488973802,-0.0040123772,0.0057363124000000005,-0.000217698000000004,2
61,1778488973807,-0.004152777199999999,0.0069258124,0.0011083019999999343,2
62,1778488973811,-0.004152777199999999,0.0069258124,0.0011083019999999343,2
63,1778488973815,-0.0039499771999999995,0.008056812400000002,4.750200000007247e-05,2
64,1778488973820,-0.0039499771999999995,0.008056812400000002,4.750200000007247e-05,2
65,1778488973824,-0.0042463772,0.0077019124,0.0008704020000000322,2
66,1778488973828,-0.0042463772,0.0077019124,0.0008704020000000322,2
67,1778488973832,-0.0042541772,0.006442212400000001,-0.00013969799999998152,2
68,1778488973837,-0.0042541772,0.006442212400000001,-0.00013969799999998152,2
69,1778488973841,-0.0047650772,0.005911812400000001,0.0010225020000000206,2
70,1778488973845,-0.0047650772,0.005911812400000001,0.0010225020000000206,2
71,1778488973851,-0.0049132772,0.0063525123999999995,3.190200000006797e-05,2
72,1778488973856,-0.0043750772,0.006375912400000001,0.00012550199999987292,2
73,1778488973862,-0.0043750772,0.006375912400000001,3.190200000006797e-05,2
74,1778488973867,-0.0041059771999999994,0.0079671124,3.190200000006797e-05,2
75,1778488973871,-0.0037588771999999995,0.008103612400000001,-0.00010459799999991588,2
76,1778488973875,-0.0037588771999999995,0.008103612400000001,-0.00010459799999991588,2
77,1778488973879,-0.0038212771999999997,0.007475712400000001,0.0008977019999999846,2
78,1778488973883,-0.0038212771999999997,0.007475712400000001,0.0008977019999999846,2
79,1778488973887,-0.0047221772,0.006021012400000001,-0.00018649799999999501,2
80,1778488973892,-0.0047221772,0.006021012400000001,-0.00018649799999999501,2
81,1778488973896,-0.0046012772,0.0060483124,0.0007300019999999918,2
82,1778488973900,-0.0046012772,0.0060483124,0.0007300019999999918,2
83,1778488973904,-0.0044452772,0.005935212400000001,-0.00022159800000006065,2
84,1778488973908,-0.0044452772,0.005935212400000001,-0.00022159800000006065,2
85,1778488973912,-0.004339977199999999,0.0068790124000000005,0.000800201999999901,2
86,1778488973916,-0.004339977199999999,0.0068790124000000005,0.000800201999999901,2
87,1778488973920,-0.0038953772,0.007631712400000001,4.3602000000015836e-05,2
88,1778488973925,-0.0038953772,0.007631712400000001,4.3602000000015836e-05,2
89,1778488973929,-0.0039928772,0.0083298124,0.0006793019999999216,2
90,1778488973933,-0.0039928772,0.0083298124,0.0006793019999999216,2
91,1778488973938,-0.0038173771999999995,0.007253412400000001,8.65019999999727e-05,2
92,1778488973945,-0.004484277199999999,0.0060171124,0.0006715020000000304,2
93,1778488973951,-0.0044374772,0.0058143124000000004,0.00021520200000006533,2
94,1778488973957,-0.0044374772,0.0058143124000000004,0.0002620020000000788,2
95,1778488973962,-0.0048196772,0.0057753124,0.0002620020000000788,2
96,1778488973966,-0.0048196772,0.0057753124,-0.00012409799999997702,2
97,1778488973970,-0.0043477772,0.007608312400000001,-0.00012409799999997702,2
98,1778488973974,-0.0042463772,0.007756512400000002,-0.000467297999999965,2
99,1778488973979,-0.0042463772,0.007756512400000002,-0.000467297999999965,2
100,1778488973983,-0.0038680771999999998,0.0081114124,0.0008743020000000889,2
101,1778488973987,-0.0038680771999999998,0.0081114124,0.0008743020000000889,2
102,1778488973991,-0.0044647772,0.0064812124,0.0002503019999999089,2
103,1778488973996,-0.0044647772,0.0064812124,0.0002503019999999089,2
104,1778488974000,-0.004538877199999999,0.0068010124000000005,0.0010342019999999685,2
105,1778488974004,-0.004538877199999999,0.0068010124000000005,0.0010342019999999685,2
106,1778488974008,-0.0044998772,0.0056505124,-0.0001942980000001083,2
107,1778488974013,-0.0044998772,0.0056505124,-0.0001942980000001083,2
108,1778488974017,-0.005104377199999999,0.0063018124000000005,0.0009952020000000682,2
109,1778488974021,-0.005104377199999999,0.0063018124000000005,0.0009952020000000682,2
110,1778488974026,-0.0043789772,0.0081933124,-5.3898000000067794e-05,2
111,1778488974031,-0.0043789772,0.0079632124,0.0006949019999999261,2
112,1778488974038,-0.0042385771999999995,0.0079632124,0.0006949019999999261,2
113,1778488974048,-0.0043555772,0.0064734124,0.0003868019999998928,2
114,1778488974052,-0.0043555772,0.0064734124,0.0003868019999998928,2
115,1778488974056,-0.0039109772,0.0062355124000000005,-0.00023719800000006515,2
116,1778488974060,-0.0039109772,0.0062355124000000005,-0.00023719800000006515,2
117,1778488974064,-0.0049210771999999995,0.005556912400000001,0.00041020200000001054,2
118,1778488974069,-0.0049210771999999995,0.005556912400000001,0.00041020200000001054,2
119,1778488974073,-0.0042229772,0.0071169124,0.0002893020000000312,2
120,1778488974077,-0.0042229772,0.0071169124,0.0002893020000000312,2
121,1778488974082,-0.0041917772,0.008033412399999999,-0.0008182980000000662,2
122,1778488974086,-0.0041917772,0.008033412399999999,0.001069302000000034,2
123,1778488974090,-0.004183977199999999,0.007662912399999999,0.001069302000000034,2
124,1778488974094,-0.004183977199999999,0.0072846123999999995,-0.00044779800000001486,2
0,1778488974127,-0.0046207772,0.0069726124,0.000519402000000042,2
1,1778488974134,-0.004573977199999999,0.0069726124,0.000519402000000042,2
2,1778488974184,-0.004706577199999999,0.008166012399999999,0.0006208019999999603,2
3,1778488974190,-0.0040864772,0.007776012400000001,0.0009445019999999981,2
4,1778488974194,-0.003985077199999999,0.0080958124,0.0009445019999999981,2
5,1778488974198,-0.003985077199999999,0.0070701124,0.00047260200000002854,2
6,1778488974208,-0.004484277199999999,0.0070701124,0.00047260200000002854,2
7,1778488974222,-0.004339977199999999,0.005954712400000001,-0.00019819799999994288,2
8,1778488974248,-0.0038992771999999997,0.007608312400000001,0.0012604019999999227,2
9,1778488974288,-0.0047026772,0.0054204124,-0.0014149980000000718,2
10,1778488974308,-0.0039265772,0.007647312400000002,-0.00035419799999998787,2
11,1778488974329,-0.0044920772,0.0060717124,-0.0005764979999999965,2
12,1778488974334,-0.0044920772,0.0071286124,0.0006169019999999036,2
13,1778488974337,-0.0045427772,0.0071286124,0.0006169019999999036,2
14,1778488974341,-0.0045427772,0.0071286124,0.0006169019999999036,2
15,1778488974346,-0.0041371772,0.0079164124,0.0006169019999999036,2
16,1778488974349,-0.0041371772,0.007752612400000001,0.0003127019999999269,2
17,1778488974353,-0.0043165771999999995,0.007752612400000001,0.0003127019999999269,2
18,1778488974357,-0.0043165771999999995,0.007752612400000001,0.0002269020000000132,2
19,1778488974361,-0.0045037772,0.0072339124000000005,0.0002269020000000132,2
20,1778488974365,-0.0045037772,0.0072339124000000005,0.0009835019999998983,2
21,1778488974369,-0.0042268772,0.0064500124,0.0009835019999998983,2
22,1778488974373,-0.0042268772,0.005280012400000001,-0.00029959800000008315,2
23,1778488974377,-0.0044374772,0.005280012400000001,-0.00029959800000008315,2
24,1778488974381,-0.0044374772,0.005280012400000001,-0.00029959800000008315,2
25,1778488974385,-0.0043048771999999996,0.0059976123999999995,0.0006871020000000349,2
26,1778488974389,-0.0043048771999999996,0.0059976123999999995,0.0006871020000000349,2
27,1778488974392,-0.004207377199999999,0.0076551124000000005,0.0005116019999999288,2
28,1778488974396,-0.004207377199999999,0.0076551124000000005,0.0005116019999999288,2
29,1778488974400,-0.0039616771999999995,0.007744812399999999,0.0006013019999998991,2
30,1778488974404,-0.0039616771999999995,0.007744812399999999,0.0006013019999998991,2
31,1778488974408,-0.0039811772,0.007717512400000001,-0.00031909800000003326,2
32,1778488974412,-0.0039811772,0.007717512400000001,-0.00031909800000003326,2
33,1778488974417,-0.004219077199999999,0.0069726124,0.0008158019999999055,2
34,1778488974421,-0.004219077199999999,0.0061926124,-0.0002644980000000175,2
35,1778488974426,-0.0044608771999999994,0.0061926124,-0.0002644980000000175,2
36,1778488974430,-0.004850877199999999,0.0056856124,0.0006910020000000915,2
37,1778488974434,-0.004850877199999999,0.0056856124,0.0006910020000000915,2
38,1778488974437,-0.004850877199999999,0.0067581124,0.0001801019999999997,2
39,1778488974441,-0.0046636772,0.0067581124,0.0001801019999999997,2
40,1778488974445,-0.0046636772,0.0067581124,0.0005077019999998721,2
41,1778488974449,-0.0047026772,0.0078345124,0.0005077019999998721,2
42,1778488974453,-0.0047026772,0.0078345124,0.0005077019999998721,2
43,1778488974456,-0.0040318772,0.0082284124,0.0003907019999999494,2
44,1778488974460,-0.0040318772,0.0082284124,0.0003907019999999494,2
45,1778488974464,-0.0045271771999999995,0.0068127124,0.0003361020000000447,2
46,1778488974468,-0.0045271771999999995,0.0068127124,0.0003361020000000447,2
47,1778488974472,-0.0043204772,0.0068049124,0.0005662020000000555,2
48,1778488974476,-0.0043204772,0.0068049124,0.0005662020000000555,2
49,1778488974480,-0.0043321772,0.0059859124,0.0003985020000000627,2
50,1778488974484,-0.0043321772,0.0059859124,0.0003985020000000627,2
51,1778488974487,-0.0047806772,0.0058182124,-7.729799999996352e-05,2
52,1778488974491,-0.0047806772,0.0058182124,-7.729799999996352e-05,2
53,1778488974495,-0.0039343772,0.006652812400000001,-1.4897999999945524e-05,2
54,1778488974499,-0.0039343772,0.006652812400000001,-1.4897999999945524e-05,2
55,1778488974503,-0.0046012772,0.0079164124,0.0007807020000000619,2
56,1778488974507,-0.0046012772,0.0079164124,0.0007807020000000619,2
57,1778488974510,-0.003918777199999999,0.008419512399999999,-0.0010015980000000636,2
58,1778488974514,-0.003918777199999999,0.008419512399999999,-0.0010015980000000636,2
59,1778488974518,-0.0037042772,0.006699612400000001,0.0012838020000000405,2
60,1778488974523,-0.0037042772,0.006699612400000001,0.0012838020000000405,2
61,1778488974527,-0.0048040771999999995,0.0061263124,0.0005974020000000645,2
62,1778488974531,-0.0048040771999999995,0.0061263124,0.0005974020000000645,2
63,1778488974537,-0.0043789772,0.006032712400000001,-0.0001942980000001083,2
64,1778488974540,-0.0043789772,0.006032712400000001,-0.0001942980000001083,2
65,1778488974544,-0.0044998772,0.0064734124,0.000800201999999901,2
66,1778488974548,-0.0044998772,0.0064734124,0.000800201999999901,2
67,1778488974552,-0.004761177199999999,0.006754212400000001,-6.169799999995902e-05,2
68,1778488974556,-0.004761177199999999,0.006754212400000001,-6.169799999995902e-05,2
69,1778488974560,-0.0043321772,0.008201112400000002,0.00012160200000003833,2
70,1778488974564,-0.0043321772,0.008201112400000002,0.00012160200000003833,2
71,1778488974567,-0.0045895772,0.0082440124,0.0004219019999999584,2
72,1778488974571,-0.0045895772,0.0082440124,0.0004219019999999584,2
73,1778488974576,-0.0043594772,0.0066372124,0.00033220199999998805,2
74,1778488974579,-0.0043594772,0.0066372124,0.00033220199999998805,2
75,1778488974583,-0.0043555772,0.005798712400000001,0.00036340199999999705,2
76,1778488974587,-0.0043555772,0.005798712400000001,0.00036340199999999705,2
77,1778488974591,-0.0043555772,0.006411012400000001,0.00034780199999999255,2
78,1778488974595,-0.0043555772,0.006411012400000001,0.00034780199999999255,2
79,1778488974599,-0.0042151772,0.0060639123999999996,0.0002776020000000833,2
80,1778488974603,-0.0042151772,0.0060639123999999996,0.0002776020000000833,2
81,1778488974606,-0.0042229772,0.0077136124,0.0015607020000000648,2
82,1778488974610,-0.0042229772,0.0077136124,0.0015607020000000648,2
83,1778488974614,-0.0037042772,0.0082167124,-0.0005842979999999987,2
84,1778488974618,-0.0037042772,0.0082167124,-0.0005842979999999987,2
85,1778488974623,-0.0039265772,0.0068790124000000005,0.0004765020000000852,2
86,1778488974628,-0.0039265772,0.0068790124000000005,0.0004765020000000852,2
87,1778488974632,-0.0040786772,0.006652812400000001,-0.000311298000000031,2
88,1778488974636,-0.0040786772,0.006652812400000001,-0.000311298000000031,2
89,1778488974640,-0.0045271771999999995,0.0053541123999999995,0.0001645019999999952,2
90,1778488974644,-0.0045271771999999995,0.0053541123999999995,0.0001645019999999952,2
91,1778488974648,-0.0042931772,0.0064305123999999995,0.0005545019999998856,2
92,1778488974652,-0.0042931772,0.0064305123999999995,0.0005545019999998856,2
93,1778488974656,-0.0041800772,0.0069258124,0.0002776020000000833,2
94,1778488974659,-0.0041800772,0.0069258124,0.0002776020000000833,2
95,1778488974663,-0.004640277199999999,0.0079320124,0.001006902000000016,2
96,1778488974667,-0.004640277199999999,0.0079320124,0.001006902000000016,2
97,1778488974671,-0.0041917772,0.008103612400000001,-0.0001474980000000948,2
98,1778488974675,-0.0041917772,0.008103612400000001,-0.0001474980000000948,2
99,1778488974678,-0.0046714771999999995,0.006964812400000001,0.0011278019999999955,2
100,1778488974682,-0.0046714771999999995,0.006964812400000001,0.0011278019999999955,2
101,1778488974686,-0.0049600771999999994,0.006231612400000001,0.0002425020000000177,2
102,1778488974690,-0.0049600771999999994,0.006231612400000001,0.0002425020000000177,2
103,1778488974694,-0.0048235772,0.0058806124000000005,0.0008353019999999666,2
104,1778488974697,-0.0048235772,0.0058806124000000005,0.0008353019999999666,2
105,1778488974701,-0.0048235772,0.006212112400000001,7.480200000002483e-05,2
106,1778488974705,-0.0046714771999999995,0.006212112400000001,7.480200000002483e-05,2
107,1778488974709,-0.0046714771999999995,0.006212112400000001,0.0005701019999998901,2
108,1778488974718,-0.0035716771999999997,0.0081972124,-0.0007714980000000527,2
109,1778488974724,-0.0035716771999999997,0.0081972124,-0.0007714980000000527,2
110,1778488974732,-0.0038524771999999996,0.0076902124,7.09019999999682e-05,2
111,1778488974736,-0.0038914771999999996,0.006711312400000001,-0.000373698000000049,2
112,1778488974739,-0.0038914771999999996,0.006711312400000001,-0.000373698000000049,2
113,1778488974743,-0.0047260772,0.005545212400000001,0.0009172020000000457,2
114,1778488974747,-0.0047260772,0.005545212400000001,0.0009172020000000457,2
115,1778488974751,-0.0043477772,0.0064734124,-0.0006076980000000055,2
116,1778488974755,-0.0043477772,0.0064734124,-0.0006076980000000055,2
117,1778488974758,-0.0038836771999999995,0.0058494124,0.0011200019999998822,2
118,1778488974762,-0.0038836771999999995,0.0058494124,0.0011200019999998822,2
119,1778488974766,-0.0044920772,0.007623912400000002,0.0012916019999999317,2
120,1778488974770,-0.0044920772,0.007623912400000002,0.0012916019999999317,2
121,1778488974774,-0.0038797771999999997,0.008610612400000002,-0.00018259799999993838,2
122,1778488974777,-0.0038797771999999997,0.008610612400000002,-0.00018259799999993838,2
123,1778488974781,-0.0038797771999999997,0.007198812400000001,0.0012955019999999883,2
124,1778488974785,-0.0041020772,0.007198812400000001,0.0012955019999999883,2
0,1778488974866,-0.004628577199999999,0.0059820124,0.00048040199999991977,2
1,1778488974871,-0.0044413772,0.0077253124,0.0009523019999998893,2
2,1778488974874,-0.0044413772,0.0077253124,0.0009523019999998893,2
3,1778488974878,-0.004051377199999999,0.0078462124,0.00013720200000004283,2
4,1778488974918,-0.004051377199999999,0.0078462124,0.00013720200000004283,2
5,1778488974922,-0.0050692772,0.0068244124,-0.0002332980000000085,2
6,1778488974995,-0.0038914771999999996,0.0079320124,0.00033220199999998805,2
7,1778488975000,-0.0039499771999999995,0.0068946124,-0.00020989800000011279,2
8,1778488975004,-0.0039499771999999995,0.0068946124,-0.00020989800000011279,2
9,1778488975008,-0.0043048771999999996,0.006223812400000001,0.00041020200000001054,2
10,1778488975012,-0.0043048771999999996,0.006223812400000001,0.00041020200000001054,2
11,1778488975017,-0.004694877199999999,0.006333012400000001,0.0006832019999999783,2
12,1778488975021,-0.004694877199999999,0.006333012400000001,0.0006832019999999783,2
13,1778488975025,-0.0049756772,0.0068049124,0.00028540199999997455,2
14,1778488975029,-0.0049756772,0.0068049124,0.0007534019999998875,2
15,1778488975033,-0.0049990772,0.0079047124,0.0007534019999998875,2
16,1778488975038,-0.0049990772,0.008017812400000001,0.0002464020000000743,2
17,1778488975042,-0.0046441772,0.008017812400000001,0.0002464020000000743,2
18,1778488975046,-0.0044647772,0.007530312400000001,0.0001957020000000042,2
19,1778488975050,-0.0044647772,0.007530312400000001,0.0001957020000000042,2
20,1778488975055,-0.0041722771999999995,0.006453912400000001,0.00044920199999991077,2
21,1778488975060,-0.0041722771999999995,0.006453912400000001,0.00044920199999991077,2
22,1778488975065,-0.0041917772,0.0054750124,0.0008275020000000754,2
23,1778488975071,-0.0041917772,0.0054750124,0.0008275020000000754,2
24,1778488975075,-0.0039928772,0.0054750124,-0.00010459799999991588,2
25,1778488975079,-0.004008477199999999,0.0065943124,0.000550602000000051,2
26,1778488975084,-0.004008477199999999,0.0065943124,0.000550602000000051,2
27,1778488975088,-0.0040045772,0.007721412399999999,-0.0002332980000000085,2
28,1778488975092,-0.0040045772,0.007721412399999999,-0.0002332980000000085,2
29,1778488975096,-0.0039772772,0.008056812400000002,0.00023860199999996105,2
30,1778488975100,-0.0039772772,0.008056812400000002,0.00023860199999996105,2
31,1778488975105,-0.004074777199999999,0.0073665124000000005,0.0006520019999999693,2
32,1778488975109,-0.004074777199999999,0.0073665124000000005,0.0006520019999999693,2
33,1778488975113,-0.0041683772,0.0060132124000000006,-0.00029959800000008315,2
34,1778488975118,-0.0041683772,0.0059157124,0.0005740019999999468,2
35,1778488975122,-0.004195677199999999,0.0059157124,0.0005740019999999468,2
36,1778488975126,-0.0041722771999999995,0.0065943124,0.000925001999999937,2
37,1778488975130,-0.0041722771999999995,0.0065943124,0.000925001999999937,2
38,1778488975135,-0.0041722771999999995,0.007120812400000001,0.0005233019999998766,2
39,1778488975139,-0.0041722771999999995,0.007120812400000001,0.0005233019999998766,2
40,1778488975144,-0.0042541772,0.007709712399999999,0.0003673020000000537,2
41,1778488975148,-0.0042541772,0.007709712399999999,0.0003673020000000537,2
42,1778488975152,-0.004484277199999999,0.0080841124,0.0004609020000000807,2
43,1778488975156,-0.004484277199999999,0.0080841124,0.0004609020000000807,2
44,1778488975161,-0.0044881771999999995,0.006364212400000001,5.9202000000020336e-05,2
45,1778488975165,-0.0044881771999999995,0.006364212400000001,0.0006520019999999693,2
46,1778488975169,-0.0045271771999999995,0.005954712400000001,0.0006520019999999693,2
47,1778488975174,-0.0045271771999999995,0.0060522124,0.00023470199999990442,2
48,1778488975178,-0.0040942771999999995,0.0060522124,0.00023470199999990442,2
49,1778488975182,-0.0042112772,0.0066138124,0.0006637019999999171,2
50,1778488975187,-0.0042112772,0.0066138124,0.0006637019999999171,2
51,1778488975191,-0.0039031771999999995,0.0081075124,7.480200000002483e-05,2
52,1778488975195,-0.0039031771999999995,0.0081075124,7.480200000002483e-05,2
53,1778488975199,-0.0042424772,0.0078813124,0.0002620020000000788,2
54,1778488975203,-0.0042424772,0.0078813124,0.0002620020000000788,2
55,1778488975207,-0.0042814772,0.0074250124,0.000644202000000078,2
56,1778488975211,-0.0042814772,0.0074250124,0.000644202000000078,2
57,1778488975215,-0.0043906772,0.006255012400000001,0.0001021019999999772,2
58,1778488975219,-0.0043906772,0.006255012400000001,0.0001021019999999772,2
59,1778488975223,-0.0047572772,0.005599812400000001,0.0006520019999999693,2
60,1778488975228,-0.0047572772,0.005599812400000001,0.0006520019999999693,2
61,1778488975232,-0.0045232772,0.006188712400000001,0.0001957020000000042,2
62,1778488975236,-0.0045232772,0.006188712400000001,0.0001957020000000042,2
63,1778488975240,-0.0045544771999999996,0.007308012400000001,0.0004960019999999243,2
64,1778488975245,-0.0045544771999999996,0.007308012400000001,0.0004960019999999243,2
65,1778488975249,-0.0042424772,0.007830612399999999,0.0001177019999999817,2
66,1778488975253,-0.0042424772,0.007830612399999999,0.00010990200000009047,2
67,1778488975257,-0.004129377199999999,0.008201112400000002,0.00010990200000009047,2
68,1778488975262,-0.004129377199999999,0.0071403123999999995,-0.0001786980000001038,2
69,1778488975266,-0.0042697772,0.0071403123999999995,-0.0001786980000001038,2
70,1778488975270,-0.004683177199999999,0.005712912400000001,0.0009484020000000547,2
71,1778488975274,-0.004683177199999999,0.005712912400000001,0.0009484020000000547,2
72,1778488975279,-0.004628577199999999,0.0060171124,-0.00022159800000006065,2
73,1778488975283,-0.004628577199999999,0.0060171124,-0.00022159800000006065,2
74,1778488975287,-0.004507677199999999,0.0063681124000000006,0.00036340199999999705,2
75,1778488975291,-0.004507677199999999,0.0063681124000000006,0.00036340199999999705,2
76,1778488975297,-0.0040240772,0.007885212400000001,0.0007534019999998875,2
77,1778488975302,-0.0038758772,0.0078813124,5.53019999999637e-05,2
78,1778488975306,-0.0038758772,0.0078813124,5.53019999999637e-05,2
79,1778488975310,-0.003985077199999999,0.0075225124,0.00045700200000002404,2
80,1778488975314,-0.003985077199999999,0.0075225124,0.00045700200000002404,2
81,1778488975319,-0.0043360772,0.0065163124,-0.0003151979999999766,2
82,1778488975324,-0.0043360772,0.0065163124,-0.0003151979999999766,2
83,1778488975328,-0.004761177199999999,0.006067812400000001,0.0005662020000000555,2
84,1778488975332,-0.004761177199999999,0.006067812400000001,0.0005662020000000555,2
85,1778488975336,-0.0049366772,0.005455512400000001,0.0006091020000000124,2
86,1778488975340,-0.0049366772,0.005455512400000001,0.0006091020000000124,2
87,1778488975345,-0.005038077199999999,0.0072222124000000006,0.0007144019999999873,2
88,1778488975349,-0.005038077199999999,0.0072222124000000006,0.0007144019999999873,2
89,1778488975353,-0.0044335772,0.008138712400000001,1.2402000000006838e-05,2
90,1778488975357,-0.0044335772,0.007947612400000002,0.0005428019999999378,2
91,1778488975362,-0.0042424772,0.007947612400000002,0.0005428019999999378,2
92,1778488975366,-0.0037549771999999997,0.007530312400000001,-0.00047899800000002386,2
93,1778488975370,-0.0037549771999999997,0.007530312400000001,-0.00047899800000002386,2
94,1778488975374,-0.0042346772,0.0066138124,0.0008782019999999235,2
95,1778488975379,-0.0042346772,0.0066138124,0.0008782019999999235,2
96,1778488975383,-0.004484277199999999,0.005833812400000001,0.0002269020000000132,2
97,1778488975387,-0.004484277199999999,0.005833812400000001,0.0002269020000000132,2
98,1778488975391,-0.0047884772,0.0059742124,0.00013720200000004283,2
99,1778488975396,-0.0047884772,0.0059742124,0.00013720200000004283,2
100,1778488975400,-0.004273677199999999,0.0073041124,0.001081001999999982,2
101,1778488975404,-0.004273677199999999,0.0073041124,0.001081001999999982,2
102,1778488975408,-0.0038992771999999997,0.007694112400000001,-0.00022939799999995188,2
103,1778488975413,-0.0038992771999999997,0.007694112400000001,-0.00022939799999995188,2
104,1778488975417,-0.0035014772,0.0081699124,0.0008743020000000889,2
105,1778488975421,-0.0035014772,0.0081699124,0.00046480199999991527,2
106,1778488975425,-0.0037276771999999996,0.0066801124,0.00046480199999991527,2
107,1778488975430,-0.0037276771999999996,0.006188712400000001,0.0007534019999998875,2
108,1778488975434,-0.004129377199999999,0.006188712400000001,0.0007534019999998875,2
109,1778488975438,-0.0044023772,0.0054828124,-2.6598000000115432e-05,2
110,1778488975442,-0.0044023772,0.0054828124,-2.6598000000115432e-05,2
111,1778488975447,-0.004796277199999999,0.006664512400000001,0.0008197019999999621,2
112,1778488975451,-0.004796277199999999,0.006664512400000001,0.0008197019999999621,2
113,1778488975455,-0.004827477199999999,0.007662912399999999,-7.729799999996352e-05,2
114,1778488975459,-0.004827477199999999,0.007662912399999999,-7.729799999996352e-05,2
115,1778488975464,-0.0045232772,0.0079398124,0.0003907019999999494,2
116,1778488975468,-0.0045232772,0.0079398124,0.0003907019999999494,2
117,1778488975472,-0.0042112772,0.0074679124,-8.119800000002016e-05,2
118,1778488975475,-0.0042112772,0.0074679124,-8.119800000002016e-05,2
119,1778488975479,-0.0043789772,0.0066840124,0.0002425020000000177,2
120,1778488975484,-0.0043789772,0.0066840124,0.0002425020000000177,2
121,1778488975488,-0.004472577199999999,0.005822112400000001,0.0005662020000000555,2
122,1778488975492,-0.004472577199999999,0.005822112400000001,0.0005662020000000555,2
123,1778488975496,-0.0046753772,0.0057597124,-0.00031909800000003326,2
124,1778488975501,-0.0046753772,0.0057597124,0.001205802000000018,2
0,1778488975575,-0.0042229772,0.007265112400000001,-0.00017089799999999052,2
1,1778488975689,-0.0043711772,0.0065514124,0.0006169019999999036,2
2,1778488975693,-0.004429677199999999,0.006333012400000001,0.0008275020000000754,2
3,1778488975697,-0.004429677199999999,0.006333012400000001,0.0008275020000000754,2
4,1778488975701,-0.004429677199999999,0.0058065124,-7.098000000054297e-06,2
5,1778488975705,-0.0046870772,0.0058065124,-7.098000000054297e-06,2
6,1778488975709,-0.0046870772,0.006586512400000001,0.0011902020000000135,2
7,1778488975714,-0.0043906772,0.006586512400000001,0.0011902020000000135,2
8,1778488975718,-0.0039928772,0.007623912400000002,-0.0005842979999999987,2
9,1778488975722,-0.0039928772,0.007623912400000002,-0.0005842979999999987,2
10,1778488975726,-0.0040123772,0.008396112399999999,0.0013462020000000584,2
11,1778488975731,-0.0040123772,0.008396112399999999,0.0013462020000000584,2
12,1778488975735,-0.004207377199999999,0.0077019124,-0.001204398000000011,2
13,1778488975739,-0.004207377199999999,0.0077019124,-0.001204398000000011,2
14,1778488975744,-0.0046987771999999995,0.006843912400000001,0.0009952020000000682,2
15,1778488975748,-0.0046987771999999995,0.006843912400000001,0.0009952020000000682,2
16,1778488975752,-0.0050926771999999995,0.0058845124,-0.0003151979999999766,2
17,1778488975756,-0.0050926771999999995,0.0058845124,-0.0003151979999999766,2
18,1778488975760,-0.0051355772,0.0055374124,0.0003907019999999494,2
19,1778488975765,-0.0051355772,0.0055374124,0.0005389019999998811,2
20,1778488975769,-0.004250277199999999,0.007779912400000002,0.0005389019999998811,2
21,1778488975772,-0.004250277199999999,0.007779912400000002,7.09019999999682e-05,2
22,1778488975776,-0.0038836771999999995,0.0069570124,7.09019999999682e-05,2
23,1778488975780,-0.0038836771999999995,0.0069570124,7.09019999999682e-05,2
24,1778488975784,-0.0036418771999999996,0.008166012399999999,0.0011668019999998957,2
25,1778488975789,-0.0036418771999999996,0.008166012399999999,-0.000248898000000013,2
26,1778488975793,-0.0037315772,0.007830612399999999,-0.000248898000000013,2
27,1778488975797,-0.0037315772,0.0058299124,0.0006013019999998991,2
28,1778488975802,-0.0045310772,0.0058299124,0.0006013019999998991,2
29,1778488975806,-0.0047455772,0.0052878123999999995,-0.00025279800000006965,2
30,1778488975810,-0.0047455772,0.0052878123999999995,-0.00025279800000006965,2
31,1778488975815,-0.0046909772,0.0066606124,0.0004960019999999243,2
32,1778488975819,-0.0046909772,0.0066606124,0.0004960019999999243,2
33,1778488975823,-0.004507677199999999,0.006875112400000001,-0.0003580980000000445,2
34,1778488975827,-0.004507677199999999,0.006875112400000001,-0.0003580980000000445,2
35,1778488975832,-0.0043867772,0.008138712400000001,0.001412501999999911,2
36,1778488975836,-0.0043867772,0.008138712400000001,0.001412501999999911,2
37,1778488975840,-0.0040201772,0.008173812400000001,-0.0006037980000000599,2
38,1778488975844,-0.0040201772,0.008173812400000001,-0.0006037980000000599,2
39,1778488975849,-0.0044374772,0.006687912400000001,0.0013345019999998885,2
40,1778488975854,-0.0043477772,0.0063291124,2.8002000000011337e-05,2
41,1778488975857,-0.0043477772,0.0063291124,2.8002000000011337e-05,2
42,1778488975861,-0.0046987771999999995,0.005389212400000001,0.00025420199999996555,2
43,1778488975866,-0.0046987771999999995,0.005389212400000001,0.00025420199999996555,2
44,1778488975870,-0.004394577199999999,0.006586512400000001,0.0006910020000000915,2
45,1778488975874,-0.004394577199999999,0.006586512400000001,0.0006910020000000915,2
46,1778488975879,-0.0044491771999999995,0.0071559124000000005,3.190200000006797e-05,2
47,1778488975883,-0.0044491771999999995,0.0071559124000000005,3.190200000006797e-05,2
48,1778488975887,-0.0038758772,0.008489712400000002,0.0004297020000000717,2
49,1778488975892,-0.0038758772,0.008489712400000002,0.0004297020000000717,2
50,1778488975896,-0.0037588771999999995,0.007362612400000001,0.0003127019999999269,2
51,1778488975900,-0.0037588771999999995,0.007362612400000001,0.0003127019999999269,2
52,1778488975904,-0.004051377199999999,0.007066212400000001,0.0008275020000000754,2
53,1778488975909,-0.004051377199999999,0.007066212400000001,-0.0005686979999999942,2
54,1778488975913,-0.004117677199999999,0.005833812400000001,-0.0005686979999999942,2
55,1778488975917,-0.004117677199999999,0.0058533123999999995,0.0011824019999999002,2
56,1778488975922,-0.004827477199999999,0.0058533123999999995,0.0011824019999999002,2
57,1778488975926,-0.004683177199999999,0.0065046124,-0.0010327980000000726,2
58,1778488975930,-0.004683177199999999,0.0065046124,-0.0010327980000000726,2
59,1778488975934,-0.0042697772,0.0076902124,0.001486601999999877,2
60,1778488975939,-0.0042697772,0.0076902124,0.001486601999999877,2
61,1778488975943,-0.0043360772,0.0084000124,-0.00013579799999992488,2
62,1778488975947,-0.0043360772,0.0084000124,-0.00013579799999992488,2
63,1778488975951,-0.0042268772,0.0072612124,0.0007222019999998785,2
64,1778488975956,-0.0042268772,0.0072612124,0.0007222019999998785,2
65,1778488975960,-0.0040903772,0.0066684124000000004,0.0007300019999999918,2
66,1778488975964,-0.0040903772,0.0066684124000000004,0.0007300019999999918,2
67,1778488975968,-0.0043789772,0.0052176124,0.0002113020000000087,2
68,1778488975973,-0.0043789772,0.0052176124,0.0007144019999999873,2
69,1778488975977,-0.0048079772,0.006442212400000001,0.0007144019999999873,2
70,1778488975981,-0.0048079772,0.0070935124,6.310200000007697e-05,2
71,1778488975985,-0.0046012772,0.0070935124,6.310200000007697e-05,2
72,1778488975990,-0.0043321772,0.007994412400000001,0.0006793019999999216,2
73,1778488975994,-0.0043321772,0.007994412400000001,0.0006793019999999216,2
74,1778488975998,-0.0043009772,0.007850112400000001,-0.00012019799999992038,2
75,1778488976002,-0.0043009772,0.007850112400000001,-0.00012019799999992038,2
76,1778488976007,-0.004063077199999999,0.0074289123999999995,0.0006247020000000169,2
77,1778488976011,-0.004063077199999999,0.0074289123999999995,0.0006247020000000169,2
78,1778488976015,-0.0043594772,0.0056856124,-0.0001942980000001083,2
79,1778488976019,-0.0043594772,0.0056856124,-0.0001942980000001083,2
80,1778488976024,-0.0044374772,0.005865012400000001,0.0011473020000000566,2
81,1778488976028,-0.0044374772,0.005865012400000001,0.0011473020000000566,2
82,1778488976032,-0.0044101772,0.0066294124,-0.00021379799999994738,2
83,1778488976036,-0.0044101772,0.0066294124,-0.00021379799999994738,2
84,1778488976041,-0.0045583772,0.007362612400000001,0.0009991019999999028,2
85,1778488976045,-0.0045583772,0.007362612400000001,-6.169799999995902e-05,2
86,1778488976049,-0.0043906772,0.008333712400000002,-6.169799999995902e-05,2
87,1778488976053,-0.0044491771999999995,0.007198812400000001,0.0009133019999999891,2
88,1778488976058,-0.0044491771999999995,0.007198812400000001,0.0009133019999999891,2
89,1778488976062,-0.0045310772,0.0071832124,0.0002503019999999089,2
90,1778488976066,-0.0045310772,0.0071832124,0.0002503019999999089,2
91,1778488976070,-0.0043672772,0.0057636124,-5.3898000000067794e-05,2
92,1778488976075,-0.0043672772,0.0057636124,-5.3898000000067794e-05,2
93,1778488976079,-0.0043711772,0.005954712400000001,0.0008119020000000709,2
94,1778488976084,-0.0043711772,0.005954712400000001,0.0008119020000000709,2
95,1778488976088,-0.0044257772,0.0064305123999999995,0.0005701019999998901,2
96,1778488976093,-0.0044257772,0.0064305123999999995,0.0004141020000000672,2
97,1778488976097,-0.0042931772,0.008236212400000002,0.0004141020000000672,2
98,1778488976101,-0.0042931772,0.007768212400000002,-0.0001786980000001038,2
99,1778488976107,-0.004297077199999999,0.007768212400000002,-0.0001786980000001038,2
100,1778488976112,-0.0043438771999999995,0.0074952123999999995,0.0007573019999999441,2
101,1778488976115,-0.0043438771999999995,0.0074952123999999995,0.0007573019999999441,2
102,1778488976119,-0.004285377199999999,0.0061575124000000005,-0.0005413980000000419,2
103,1778488976124,-0.004285377199999999,0.0061575124000000005,-0.0005413980000000419,2
104,1778488976128,-0.0042814772,0.005810412400000001,0.0011551019999999478,2
105,1778488976135,-0.0042814772,0.005810412400000001,0.0011551019999999478,2
106,1778488976140,-0.0040201772,0.0060483124,-0.00044389800000006925,2
107,1778488976145,-0.0041215772,0.007042812400000001,0.0007183020000000439,2
108,1778488976149,-0.0041215772,0.008201112400000002,9.040200000002933e-05,2
109,1778488976153,-0.0039265772,0.008201112400000002,9.040200000002933e-05,2
110,1778488976157,-0.0039265772,0.007487412400000001,0.0005467019999999944,2
111,1778488976161,-0.0043087772,0.007487412400000001,0.0005467019999999944,2
112,1778488976165,-0.0045856772,0.0067035124,5.9202000000020336e-05,2
113,1778488976170,-0.0045856772,0.0067035124,5.9202000000020336e-05,2
114,1778488976174,-0.0045427772,0.0058182124,0.00030100199999997905,2
115,1778488976178,-0.0045427772,0.0058182124,0.00030100199999997905,2
116,1778488976182,-0.0044764772,0.0060366124,0.00015670199999988192,2
117,1778488976187,-0.0044764772,0.0060366124,0.00015670199999988192,2
118,1778488976191,-0.0045856772,0.0063408124,-7.098000000054297e-06,2
119,1778488976195,-0.0045856772,0.0063408124,-7.098000000054297e-06,2
120,1778488976200,-0.004351677199999999,0.008119212399999999,0.0009679019999998938,2
121,1778488976204,-0.004351677199999999,0.008119212399999999,0.0009679019999998938,2
122,1778488976208,-0.0042268772,0.0078189124,3.5801999999902565e-05,2
123,1778488976212,-0.0042268772,0.0078189124,3.5801999999902565e-05,2
124,1778488976216,-0.0044608771999999994,0.007506912400000001,0.0006871020000000349,2
0,1778488976278,-0.0041800772,0.0069180123999999996,0.0006871020000000349,2
1,1778488976295,-0.0044764772,0.0063252124,0.0001333019999999862,2
2,1778488976318,-0.004008477199999999,0.007791612400000002,-0.0004087980000000036,2
3,1778488976429,-0.0038602771999999997,0.008068512400000002,0.0004765020000000852,2
4,1778488976433,-0.003918777199999999,0.0068361124,0.0004765020000000852,2
5,1778488976437,-0.0039811772,0.0062043124,-0.0002644980000000175,2
6,1778488976442,-0.0039811772,0.0062043124,-0.0002644980000000175,2
7,1778488976446,-0.0043126772,0.0057285124,0.0002893020000000312,2
8,1778488976450,-0.0043126772,0.0057285124,0.0002893020000000312,2
9,1778488976454,-0.004772877199999999,0.0062745124,0.0003361020000000447,2
10,1778488976459,-0.004772877199999999,0.0062745124,0.0003361020000000447,2
11,1778488976463,-0.004718277199999999,0.0074835124,0.00020350199999989542,2
12,1778488976467,-0.004718277199999999,0.0074835124,0.00020350199999989542,2
13,1778488976471,-0.004261977199999999,0.0081465124,0.00042580200000001504,2
14,1778488976476,-0.004261977199999999,0.0081465124,0.00042580200000001504,2
15,1778488976480,-0.0042424772,0.0076707124000000015,0.00023860199999996105,2
16,1778488976484,-0.0042424772,0.0076707124000000015,0.00023860199999996105,2
17,1778488976488,-0.0040162772,0.006645012400000001,0.0003049020000000357,2
18,1778488976493,-0.0040162772,0.005978112400000001,0.000800201999999901,2
19,1778488976497,-0.0045856772,0.005978112400000001,0.000800201999999901,2
20,1778488976501,-0.004862577199999999,0.005978112400000001,-3.197999999997661e-06,2
21,1778488976506,-0.004862577199999999,0.005978112400000001,-3.197999999997661e-06,2
22,1778488976510,-0.0048118772,0.006586512400000001,0.00023860199999996105,2
23,1778488976514,-0.0048118772,0.006586512400000001,0.00023860199999996105,2
24,1778488976518,-0.0042229772,0.007842312399999999,0.00047260200000002854,2
25,1778488976523,-0.0042229772,0.007842312399999999,0.00047260200000002854,2
26,1778488976527,-0.0042268772,0.007865712399999999,-4.219800000011993e-05,2
27,1778488976531,-0.0042268772,0.007865712399999999,-4.219800000011993e-05,2
28,1778488976535,-0.0038290772,0.0072339124000000005,0.000800201999999901,2
29,1778488976540,-0.0038290772,0.0072339124000000005,0.000800201999999901,2
30,1778488976544,-0.0041800772,0.006134112400000001,0.0002776020000000833,2
31,1778488976548,-0.0041800772,0.006134112400000001,0.0002776020000000833,2
32,1778488976552,-0.0043750772,0.0057090123999999996,0.00034780199999999255,2
33,1778488976557,-0.0043750772,0.0057090123999999996,0.0004219019999999584,2
34,1778488976561,-0.0042931772,0.006153612400000001,0.0004219019999999584,2
35,1778488976565,-0.0042931772,0.0070740123999999995,0.0003712019999998883,2
36,1778488976569,-0.0045661771999999995,0.0070740123999999995,0.0003712019999998883,2
37,1778488976574,-0.0042775771999999995,0.0078696124,-0.0003268980000000355,2
38,1778488976578,-0.0042775771999999995,0.0078696124,-0.0003268980000000355,2
39,1778488976582,-0.0043048771999999996,0.0076278124,0.00023860199999996105,2
40,1778488976586,-0.0043048771999999996,0.0076278124,0.00023860199999996105,2
41,1778488976591,-0.0043789772,0.0068049124,0.00018400200000005633,2
42,1778488976595,-0.0043789772,0.0068049124,0.00018400200000005633,2
43,1778488976599,-0.004429677199999999,0.005966412400000001,0.0005155019999999854,2
44,1778488976603,-0.004429677199999999,0.005966412400000001,0.0005155019999999854,2
45,1778488976608,-0.0043048771999999996,0.006110712400000001,0.00041020200000001054,2
46,1778488976612,-0.0043048771999999996,0.006110712400000001,0.00041020200000001054,2
47,1778488976616,-0.0046597771999999996,0.0061692124000000004,-6.559800000001566e-05,2
48,1778488976621,-0.0046597771999999996,0.0080139124,0.00083140199999991,2
49,1778488976625,-0.004538877199999999,0.0080139124,0.00083140199999991,2
50,1778488976629,-0.0042892772,0.007889112399999999,-0.00035419799999998787,2
51,1778488976633,-0.0042892772,0.007889112399999999,-0.00035419799999998787,2
52,1778488976638,-0.0042112772,0.007265112400000001,0.0008392020000000232,2
53,1778488976642,-0.0042112772,0.007265112400000001,0.0008392020000000232,2
54,1778488976646,-0.0042931772,0.0064812124,0.0004141020000000672,2
55,1778488976650,-0.0042931772,0.0064812124,0.0004141020000000672,2
56,1778488976655,-0.0040708772,0.0058923124,0.0002737020000000267,2
57,1778488976659,-0.0040708772,0.0058923124,0.0002737020000000267,2
58,1778488976663,-0.004074777199999999,0.005790912400000001,0.0005740019999999468,2
59,1778488976667,-0.004074777199999999,0.005790912400000001,0.0005740019999999468,2
60,1778488976672,-0.003973377199999999,0.0069297123999999995,0.0007339020000000484,2
61,1778488976676,-0.003973377199999999,0.0069297123999999995,0.0007339020000000484,2
62,1778488976680,-0.0039226771999999995,0.007694112400000001,5.9202000000020336e-05,2
63,1778488976684,-0.0039226771999999995,0.007694112400000001,0.00058180200000006,2
64,1778488976689,-0.0041566772,0.007487412400000001,0.00058180200000006,2
65,1778488976693,-0.0041566772,0.0067620124,-3.8298000000063295e-05,2
66,1778488976697,-0.0040045772,0.0067620124,-3.8298000000063295e-05,2
67,1778488976701,-0.004484277199999999,0.0060366124,0.0003127019999999269,2
68,1778488976706,-0.004484277199999999,0.0060366124,0.0003127019999999269,2
69,1778488976710,-0.0044374772,0.0064032124,0.0009952020000000682,2
70,1778488976714,-0.0044374772,0.0064032124,0.0009952020000000682,2
71,1778488976719,-0.0047104772,0.0063603124,-0.00030349800000002876,2
72,1778488976723,-0.0047104772,0.0063603124,-0.00030349800000002876,2
73,1778488976727,-0.0045115772,0.007308012400000001,0.0011590020000000045,2
74,1778488976731,-0.0045115772,0.007308012400000001,0.0011590020000000045,2
75,1778488976736,-0.0044881771999999995,0.0076161124,-0.0002605979999999609,2
76,1778488976740,-0.0044881771999999995,0.0076161124,-0.0002605979999999609,2
77,1778488976744,-0.0045271771999999995,0.007924212400000002,0.0008548020000000277,2
78,1778488976748,-0.0045271771999999995,0.007924212400000002,0.0008548020000000277,2
79,1778488976753,-0.004484277199999999,0.006364212400000001,9.040200000002933e-05,2
80,1778488976757,-0.004484277199999999,0.006122412400000001,0.0006871020000000349,2
81,1778488976761,-0.0045544771999999996,0.006122412400000001,0.0006871020000000349,2
82,1778488976766,-0.004297077199999999,0.0060054124,-0.0005335980000000396,2
83,1778488976770,-0.004297077199999999,0.0060054124,-0.0005335980000000396,2
84,1778488976774,-0.004129377199999999,0.006988212400000001,0.000956201999999946,2
85,1778488976779,-0.004129377199999999,0.006988212400000001,0.000956201999999946,2
86,1778488976783,-0.0039031771999999995,0.0072378124,-3.439800000000666e-05,2
87,1778488976787,-0.0039031771999999995,0.0072378124,-3.439800000000666e-05,2
88,1778488976791,-0.0040006772,0.007935912400000002,0.0005857019999998946,2
89,1778488976796,-0.0040006772,0.007935912400000002,0.0005857019999998946,2
90,1778488976800,-0.0042268772,0.0070896124000000005,0.00042580200000001504,2
91,1778488976804,-0.0042268772,0.0070896124000000005,0.00042580200000001504,2
92,1778488976809,-0.0044608771999999994,0.0059586124,0.0003829020000000582,2
93,1778488976813,-0.0044608771999999994,0.0063018124000000005,0.0005389019999998811,2
94,1778488976817,-0.0044023772,0.0063018124000000005,0.0005389019999998811,2
95,1778488976822,-0.0045817772,0.0062394124,0.0002893020000000312,2
96,1778488976826,-0.0045817772,0.0062394124,0.0002893020000000312,2
97,1778488976830,-0.0043243772,0.007440612400000001,0.0006520019999999693,2
98,1778488976834,-0.0043243772,0.007440612400000001,0.0006520019999999693,2
99,1778488976839,-0.0041722771999999995,0.0076785124,-0.0001474980000000948,2
100,1778488976843,-0.0041722771999999995,0.0076785124,-0.0001474980000000948,2
101,1778488976847,-0.0042931772,0.007994412400000001,0.0006676019999999738,2
102,1778488976851,-0.0042931772,0.007994412400000001,0.0006676019999999738,2
103,1778488976856,-0.004351677199999999,0.0064305123999999995,-0.00038539799999999687,2
104,1778488976860,-0.004351677199999999,0.0064305123999999995,-0.00038539799999999687,2
105,1778488976864,-0.004550577199999999,0.0060756123999999995,0.0011083019999999343,2
106,1778488976868,-0.004550577199999999,0.0060756123999999995,-0.0007636980000000505,2
107,1778488976872,-0.004495977199999999,0.0056856124,-0.0007636980000000505,2
108,1778488976877,-0.004495977199999999,0.006699612400000001,0.000925001999999937,2
109,1778488976881,-0.0043750772,0.006699612400000001,0.000925001999999937,2
110,1778488976885,-0.0039343772,0.0074679124,0.0001801019999999997,2
111,1778488976890,-0.0039343772,0.0074679124,0.0001801019999999997,2
112,1778488976894,-0.0040903772,0.0079164124,0.000893801999999928,2
113,1778488976898,-0.0040903772,0.0079164124,0.000893801999999928,2
114,1778488976902,-0.0039577772,0.0078579124,0.0005896019999999513,2
115,1778488976907,-0.0039577772,0.0078579124,0.0005896019999999513,2
116,1778488976911,-0.0043789772,0.0065397124,0.0005350020000000465,2
117,1778488976915,-0.0043789772,0.0065397124,0.0005350020000000465,2
118,1778488976919,-0.0046324771999999995,0.0056388124,0.0007846019999998965,2
119,1778488976923,-0.0046324771999999995,0.0056388124,0.0007846019999998965,2
120,1778488976928,-0.004562277199999999,0.0059391124,0.0001645019999999952,2
121,1778488976932,-0.004562277199999999,0.0059391124,0.0001645019999999952,2
122,1778488976936,-0.0043984772,0.006910212400000001,0.000925001999999937,2
123,1778488976940,-0.0043984772,0.006910212400000001,-0.00022939799999995188,2
124,1778488976945,-0.004129377199999999,0.0074718124,-0.00022939799999995188,2
0,1778488977020,-0.0041644772,0.0067152124,0.0004219019999999584,2
1,1778488977108,-0.0043165771999999995,0.007530312400000001,-0.00010849799999997252,2
2,1778488977139,-0.004394577199999999,0.005822112400000001,0.0005038020000000375,2
3,1778488977143,-0.004250277199999999,0.0064149124,0.0003127019999999269,2
4,1778488977147,-0.004250277199999999,0.0064149124,0.0003127019999999269,2
5,1778488977151,-0.0044257772,0.0072183123999999994,-0.00033469800000003776,2
6,1778488977155,-0.0044257772,0.0072183123999999994,-0.00033469800000003776,2
7,1778488977160,-0.0042151772,0.008138712400000001,0.0010342019999999685,2
8,1778488977164,-0.0042151772,0.008138712400000001,0.0010342019999999685,2
9,1778488977168,-0.0043048771999999996,0.0074484124,-0.0005374979999999852,2
10,1778488977173,-0.0043048771999999996,0.006742512400000001,0.0006637019999999171,2
11,1778488977177,-0.0044218771999999995,0.006742512400000001,0.0006637019999999171,2
12,1778488977181,-0.0044023772,0.0061263124,0.00017230199999988642,2
13,1778488977185,-0.0044023772,0.0061263124,0.00017230199999988642,2
14,1778488977190,-0.0046441772,0.005923512400000001,0.0006208019999999603,2
15,1778488977194,-0.0046441772,0.005923512400000001,0.0006208019999999603,2
16,1778488977198,-0.0043009772,0.0067269124,0.00014110199999987742,2
17,1778488977202,-0.0043009772,0.0067269124,0.00014110199999987742,2
18,1778488977206,-0.0043243772,0.0075927124,0.0006403020000000214,2
19,1778488977211,-0.0043243772,0.0075927124,0.0006403020000000214,2
20,1778488977215,-0.004207377199999999,0.0076707124000000015,-0.0002332980000000085,2
21,1778488977219,-0.004207377199999999,0.0076707124000000015,-0.0002332980000000085,2
22,1778488977223,-0.0044881771999999995,0.0072144124,0.0004960019999999243,2
23,1778488977228,-0.0044881771999999995,0.0072144124,0.0004960019999999243,2
24,1778488977232,-0.0044374772,0.0065943124,0.00021910199999989992,2
25,1778488977236,-0.0044374772,0.0065943124,0.0003283019999999314,2
26,1778488977240,-0.004495977199999999,0.005790912400000001,0.0003283019999999314,2
27,1778488977245,-0.004495977199999999,0.0066372124,0.001038102000000025,2
28,1778488977249,-0.0040318772,0.0066372124,0.001038102000000025,2
29,1778488977253,-0.0038251771999999996,0.006964812400000001,0.0003712019999998883,2
30,1778488977257,-0.0038251771999999996,0.006964812400000001,0.0003712019999998883,2
31,1778488977262,-0.0037900772,0.0079047124,0.000956201999999946,2
32,1778488977266,-0.0037900772,0.0079047124,0.000956201999999946,2
33,1778488977270,-0.0041449772,0.007651212399999999,-0.000467297999999965,2
34,1778488977274,-0.0041449772,0.007651212399999999,-0.000467297999999965,2
35,1778488977279,-0.0045271771999999995,0.006465612400000001,0.0005428019999999378,2
36,1778488977283,-0.0045271771999999995,0.006465612400000001,0.0005428019999999378,2
37,1778488977287,-0.0045115772,0.005935212400000001,-0.00017479800000004715,2
38,1778488977292,-0.0045115772,0.005935212400000001,-0.00017479800000004715,2
39,1778488977296,-0.0046597771999999996,0.0061146124,0.0006520019999999693,2
40,1778488977300,-0.0046597771999999996,0.006808812400000001,0.00014110199999987742,2
41,1778488977304,-0.0044764772,0.006808812400000001,0.00014110199999987742,2
42,1778488977308,-0.0044764772,0.007803312400000002,0.0006637019999999171,2
43,1778488977312,-0.0043711772,0.007803312400000002,0.0006637019999999171,2
44,1778488977317,-0.0043711772,0.008450712400000001,-0.00027229799999990874,2
45,1778488977321,-0.0040474772,0.008450712400000001,-0.00027229799999990874,2
46,1778488977325,-0.0044374772,0.0071793124,0.0009640020000000592,2
47,1778488977329,-0.0044374772,0.0071793124,0.0009640020000000592,2
48,1778488977334,-0.004484277199999999,0.0066294124,0.000644202000000078,2
49,1778488977338,-0.004484277199999999,0.0066294124,0.000644202000000078,2
50,1778488977342,-0.0047572772,0.005377512400000001,1.2402000000006838e-05,2
51,1778488977346,-0.0047572772,0.005377512400000001,1.2402000000006838e-05,2
52,1778488977350,-0.0046480772,0.0060600124,0.0010888019999998732,2
53,1778488977354,-0.0046480772,0.0060600124,0.0010888019999998732,2
54,1778488977358,-0.0043984772,0.0070038124,0.0003712019999998883,2
55,1778488977362,-0.0043984772,0.0070038124,0.0003712019999998883,2
56,1778488977367,-0.0038056771999999996,0.007854012399999999,0.0003049020000000357,2
57,1778488977371,-0.0038056771999999996,0.007854012399999999,0.0003049020000000357,2
58,1778488977375,-0.0036730771999999995,0.007877412399999999,0.0004843019999999764,2
59,1778488977379,-0.0036730771999999995,0.007877412399999999,0.0004843019999999764,2
60,1778488977383,-0.0040006772,0.0072456124,0.0001957020000000042,2
61,1778488977388,-0.0040006772,0.0072456124,0.0001957020000000042,2
62,1778488977392,-0.0045271771999999995,0.0059937124,0.00010990200000009047,2
63,1778488977396,-0.0045271771999999995,0.0059937124,0.00042580200000001504,2
64,1778488977400,-0.004827477199999999,0.005412612400000001,0.00042580200000001504,2
65,1778488977405,-0.0050107772,0.0065124124000000005,-0.0002566980000001263,2
66,1778488977409,-0.0050107772,0.0065124124000000005,-0.0002566980000001263,2
67,1778488977413,-0.0048781772,0.0070584124,0.0009211019999998803,2
68,1778488977417,-0.0048781772,0.0070584124,0.0009211019999998803,2
69,1778488977422,-0.0044803772,0.008462412400000001,0.0004453020000000762,2
70,1778488977426,-0.0044803772,0.008462412400000001,0.0004453020000000762,2
71,1778488977430,-0.004285377199999999,0.007826712400000001,0.0003751019999999449,2
72,1778488977435,-0.004285377199999999,0.007826712400000001,0.0003751019999999449,2
73,1778488977439,-0.0044023772,0.006687912400000001,0.0006325019999999081,2
74,1778488977443,-0.0044023772,0.006687912400000001,0.0006325019999999081,2
75,1778488977447,-0.0045583772,0.005810412400000001,-0.0001630980000000993,2
76,1778488977452,-0.0045583772,0.005810412400000001,-0.0001630980000000993,2
77,1778488977456,-0.0044569772,0.0064071124,0.0003049020000000357,2
78,1778488977460,-0.0044569772,0.0064071124,0.00046480199999991527,2
79,1778488977464,-0.0044530772,0.006387612400000001,0.00046480199999991527,2
80,1778488977469,-0.0044530772,0.007659012400000002,0.0003439019999999359,2
81,1778488977473,-0.004417977199999999,0.007659012400000002,0.0003439019999999359,2
82,1778488977477,-0.0038290772,0.0083025124,6.700199999991156e-05,2
83,1778488977481,-0.0038290772,0.0083025124,6.700199999991156e-05,2
84,1778488977486,-0.0035911771999999997,0.007152012400000001,0.0005077019999998721,2
85,1778488977490,-0.0035911771999999997,0.007152012400000001,0.0005077019999998721,2
86,1778488977494,-0.0036652772,0.0062823124,-9.679800000002466e-05,2
87,1778488977498,-0.0036652772,0.0062823124,-9.679800000002466e-05,2
88,1778488977503,-0.0039694772,0.0058377124,0.0009640020000000592,2
89,1778488977507,-0.0039694772,0.0058377124,0.0009640020000000592,2
90,1778488977511,-0.0044608771999999994,0.0063408124,0.00015670199999988192,2
91,1778488977515,-0.0044608771999999994,0.0063408124,0.00015670199999988192,2
92,1778488977520,-0.0046987771999999995,0.0066567124000000005,0.0007456019999999963,2
93,1778488977524,-0.0046987771999999995,0.0066567124000000005,0.0002971019999999224,2
94,1778488977528,-0.004628577199999999,0.007877412399999999,0.0002971019999999224,2
95,1778488977532,-0.004628577199999999,0.0076005124,-0.00011239800000002916,2
96,1778488977536,-0.0045817772,0.0076005124,-0.00011239800000002916,2
97,1778488977541,-0.0042697772,0.0075147124,0.0004687019999999719,2
98,1778488977545,-0.0042697772,0.0075147124,0.0004687019999999719,2
99,1778488977549,-0.0040591772,0.0062706124,2.0201999999898065e-05,2
100,1778488977554,-0.0040591772,0.0062706124,2.0201999999898065e-05,2
101,1778488977558,-0.0044569772,0.0061029124,3.190200000006797e-05,2
102,1778488977562,-0.0044569772,0.0061029124,3.190200000006797e-05,2
103,1778488977566,-0.0045817772,0.006333012400000001,0.0008899019999998713,2
104,1778488977571,-0.0045817772,0.006333012400000001,0.0008899019999998713,2
105,1778488977575,-0.004495977199999999,0.0072495124,0.0005584019999999423,2
106,1778488977579,-0.004495977199999999,0.0072495124,0.0005584019999999423,2
107,1778488977584,-0.0043594772,0.007308012400000001,-3.8298000000063295e-05,2
108,1778488977588,-0.0043594772,0.007308012400000001,0.0008080020000000143,2
109,1778488977592,-0.0041449772,0.007842312399999999,0.0008080020000000143,2
110,1778488977596,-0.0041449772,0.006754212400000001,-0.00014359800000003815,2
111,1778488977601,-0.0038485772,0.006754212400000001,-0.00014359800000003815,2
112,1778488977605,-0.0039226771999999995,0.005646612400000001,0.000644202000000078,2
113,1778488977609,-0.0039226771999999995,0.005646612400000001,0.000644202000000078,2
114,1778488977614,-0.003996777199999999,0.006243312400000001,0.00021910199999989992,2
115,1778488977618,-0.003996777199999999,0.006243312400000001,0.00021910199999989992,2
116,1778488977622,-0.0044374772,0.006621612400000001,0.00046480199999991527,2
117,1778488977627,-0.0044374772,0.006621612400000001,0.00046480199999991527,2
118,1778488977631,-0.0045700772,0.007409412400000001,0.0004063019999999539,2
119,1778488977635,-0.0045700772,0.007409412400000001,0.0004063019999999539,2
120,1778488977639,-0.0047026772,0.007787712400000001,0.0003829020000000582,2
121,1778488977644,-0.0047026772,0.007787712400000001,0.0003829020000000582,2
122,1778488977648,-0.0045583772,0.007647312400000002,0.00023080200000006983,2
123,1778488977652,-0.0045583772,0.006676212400000001,0.0002971019999999224,2
124,1778488977656,-0.0045232772,0.006676212400000001,0.0002971019999999224,2
0,1778488977726,-0.0040435772,0.0059742124,0.0006247020000000169,2
1,1778488977738,-0.0040981772,0.0076785124,0.0005038020000000375,2
2,1778488977768,-0.0045895772,0.007623912400000002,0.0003127019999999269,2
3,1778488977800,-0.0041332771999999995,0.0078462124,0.00037900200000000155,2
4,1778488977803,-0.0041332771999999995,0.0078462124,-0.00020209799999999951,2
5,1778488977806,-0.0042346772,0.007308012400000001,-0.00020209799999999951,2
6,1778488977809,-0.0042346772,0.007308012400000001,-0.00020209799999999951,2
7,1778488977811,-0.0042346772,0.006500712400000001,7.480200000002483e-05,2
8,1778488977814,-0.0041722771999999995,0.006500712400000001,7.480200000002483e-05,2
9,1778488977817,-0.0041722771999999995,0.006500712400000001,7.480200000002483e-05,2
10,1778488977819,-0.0041722771999999995,0.0057402124,0.0003361020000000447,2
11,1778488977822,-0.0043867772,0.0057402124,0.0003361020000000447,2
12,1778488977825,-0.0043867772,0.0057402124,0.0003361020000000447,2
13,1778488977828,-0.0043243772,0.006122412400000001,0.0005623019999999989,2
14,1778488977830,-0.0043243772,0.006122412400000001,0.0005623019999999989,2
15,1778488977833,-0.0043243772,0.006122412400000001,0.0005623019999999989,2
16,1778488977836,-0.0039616771999999995,0.0073275124,7.09019999999682e-05,2
17,1778488977838,-0.0039616771999999995,0.0073275124,7.09019999999682e-05,2
18,1778488977841,-0.0039616771999999995,0.0073275124,7.09019999999682e-05,2
19,1778488977844,-0.004195677199999999,0.007889112399999999,0.0009523019999998893,2
20,1778488977847,-0.004195677199999999,0.007889112399999999,0.0009523019999998893,2
21,1778488977849,-0.004195677199999999,0.007889112399999999,0.0009523019999998893,2
22,1778488977852,-0.004183977199999999,0.0077253124,-0.00015919800000004265,2
23,1778488977855,-0.004183977199999999,0.0077253124,-0.00015919800000004265,2
24,1778488977858,-0.004183977199999999,0.0077253124,-0.00015919800000004265,2
25,1778488977862,-0.004538877199999999,0.0069258124,0.00033220199999998805,2
26,1778488977866,-0.004538877199999999,0.0069258124,0.00033220199999998805,2
27,1778488977870,-0.0050770772,0.006231612400000001,0.0003829020000000582,2
28,1778488977874,-0.0050770772,0.006231612400000001,0.0003829020000000582,2
29,1778488977879,-0.0049093771999999996,0.0059313123999999995,0.00014500199999993406,2
30,1778488977883,-0.0049093771999999996,0.0059313123999999995,0.00014500199999993406,2
31,1778488977887,-0.0045661771999999995,0.0068907124,0.00041020200000001054,2
32,1778488977891,-0.0045661771999999995,0.0068907124,0.00041020200000001054,2
33,1778488977896,-0.004507677199999999,0.0074445124000000005,0.0005038020000000375,2
34,1778488977900,-0.004507677199999999,0.0074445124000000005,0.00018790199999989092,2
35,1778488977904,-0.0038836771999999995,0.0080646124,0.00018790199999989092,2
36,1778488977909,-0.0038836771999999995,0.007744812399999999,0.0007729019999999486,2
37,1778488977913,-0.0039499771999999995,0.007744812399999999,0.0007729019999999486,2
38,1778488977917,-0.0043087772,0.006278412400000001,0.0004063019999999539,2
39,1778488977921,-0.0043087772,0.006278412400000001,0.0004063019999999539,2
40,1778488977926,-0.0043672772,0.0055920124000000005,3.97019999999592e-05,2
41,1778488977930,-0.0043672772,0.0055920124000000005,3.97019999999592e-05,2
42,1778488977934,-0.0041059771999999994,0.0059586124,0.0008470019999999145,2
43,1778488977938,-0.0041059771999999994,0.0059586124,0.0008470019999999145,2
44,1778488977943,-0.0043009772,0.0064929124,0.0002581020000000222,2
45,1778488977947,-0.0043009772,0.0064929124,0.0002581020000000222,2
46,1778488977951,-0.0038758772,0.0080724124,0.0003712019999998883,2
47,1778488977955,-0.0038758772,0.0080724124,0.0003712019999998883,2
48,1778488977960,-0.0039694772,0.007971012400000001,-0.00016699799999993388,2
49,1778488977964,-0.0039694772,0.007971012400000001,0.00028540199999997455,2
50,1778488977968,-0.0043672772,0.0074289123999999995,0.00028540199999997455,2
51,1778488977973,-0.0046012772,0.006465612400000001,0.0002503019999999089,2
52,1778488977977,-0.0046012772,0.006465612400000001,0.0002503019999999089,2
53,1778488977981,-0.0047533772,0.0058299124,0.0005389019999998811,2
54,1778488977986,-0.0047533772,0.0058299124,0.0005389019999998811,2
55,1778488977990,-0.0049093771999999996,0.006122412400000001,0.00039460200000000605,2
56,1778488977994,-0.0049093771999999996,0.006122412400000001,0.00039460200000000605,2
57,1778488977998,-0.0047689772,0.0074952123999999995,0.0012292019999999137,2
58,1778488978003,-0.0047689772,0.0074952123999999995,0.0012292019999999137,2
59,1778488978007,-0.0043048771999999996,0.0077370124,0.00023470199999990442,2
60,1778488978011,-0.0043048771999999996,0.0077370124,0.00023470199999990442,2
61,1778488978015,-0.0040123772,0.0074913124,0.0010225020000000206,2
62,1778488978020,-0.0040123772,0.0074913124,-4.219800000011993e-05,2
63,1778488978024,-0.0036067772,0.0068673124000000006,-4.219800000011993e-05,2
64,1778488978028,-0.0036067772,0.0055374124,-0.00017089799999999052,2
65,1778488978032,-0.0042892772,0.0055374124,-0.00017089799999999052,2
66,1778488978037,-0.0043789772,0.0059391124,0.0006676019999999738,2
67,1778488978041,-0.0043789772,0.0059391124,0.0006676019999999738,2
68,1778488978045,-0.0044920772,0.0063486124,-0.0005101980000000329,2
69,1778488978050,-0.0044920772,0.0063486124,-0.0005101980000000329,2
70,1778488978054,-0.0044101772,0.007776012400000001,0.0005389019999998811,2
71,1778488978058,-0.0044101772,0.007776012400000001,0.0005389019999998811,2
72,1778488978062,-0.0040006772,0.008006112400000001,-0.0005569980000000464,2
73,1778488978066,-0.0040006772,0.008006112400000001,-0.0005569980000000464,2
74,1778488978071,-0.0040786772,0.0078228124,0.0005935020000000079,2
75,1778488978075,-0.0040786772,0.0078228124,0.0005935020000000079,2
76,1778488978079,-0.0041371772,0.006375912400000001,7.480200000002483e-05,2
77,1778488978083,-0.0041371772,0.006375912400000001,0.0013033019999998795,2
78,1778488978088,-0.0043360772,0.006021012400000001,0.0013033019999998795,2
79,1778488978092,-0.0043360772,0.0055257124000000005,-5.779800000012443e-05,2
80,1778488978096,-0.0046870772,0.0055257124000000005,-5.779800000012443e-05,2
81,1778488978100,-0.004983477199999999,0.007144212400000001,0.0010927019999999298,2
82,1778488978105,-0.004983477199999999,0.007144212400000001,0.0010927019999999298,2
83,1778488978109,-0.0045037772,0.007830612399999999,-0.0006154980000000077,2
84,1778488978113,-0.0045037772,0.007830612399999999,-0.0006154980000000077,2
85,1778488978117,-0.0044803772,0.007779912400000002,0.0008041019999999576,2
86,1778488978122,-0.0044803772,0.007779912400000002,0.0008041019999999576,2
87,1778488978127,-0.0040318772,0.0072846123999999995,0.00020740199999995206,2
88,1778488978132,-0.0040318772,0.0072846123999999995,0.00020740199999995206,2
89,1778488978136,-0.0040669771999999995,0.0062277124,2.8002000000011337e-05,2
90,1778488978141,-0.004141077199999999,0.005833812400000001,0.0003751019999999449,2
91,1778488978145,-0.004141077199999999,0.005833812400000001,0.0003751019999999449,2
92,1778488978149,-0.0044530772,0.006001512400000001,1.6302000000063474e-05,2
93,1778488978153,-0.0044530772,0.006001512400000001,1.6302000000063474e-05,2
94,1778488978157,-0.0043321772,0.007752612400000001,0.0004765020000000852,2
95,1778488978162,-0.0043321772,0.007752612400000001,0.0004765020000000852,2
96,1778488978166,-0.0042541772,0.0075888124000000005,9.820199999992056e-05,2
97,1778488978170,-0.0042541772,0.0075888124000000005,9.820199999992056e-05,2
98,1778488978175,-0.0038446771999999995,0.007994412400000001,0.0009133019999999891,2
99,1778488978179,-0.0038446771999999995,0.007994412400000001,0.0009133019999999891,2
100,1778488978183,-0.0040552771999999996,0.0063798124000000005,-0.0003151979999999766,2
101,1778488978187,-0.0040552771999999996,0.0063798124000000005,-0.0003151979999999766,2
102,1778488978191,-0.004051377199999999,0.006531912400000001,0.0016816020000000442,2
103,1778488978196,-0.004051377199999999,0.006531912400000001,-0.0006388980000000145,2
104,1778488978200,-0.0043594772,0.0055647124,-0.0006388980000000145,2
105,1778488978204,-0.0043594772,0.0067737124,0.0016972020000000487,2
106,1778488978209,-0.004495977199999999,0.0067737124,0.0016972020000000487,2
107,1778488978213,-0.0044023772,0.0074133124,-0.0006700980000000235,2
108,1778488978217,-0.0044023772,0.0074133124,-0.0006700980000000235,2
109,1778488978221,-0.004406277199999999,0.007861812400000001,0.0006910020000000915,2
110,1778488978226,-0.004406277199999999,0.007861812400000001,0.0006910020000000915,2
111,1778488978230,-0.0044140772,0.0074601124,-0.0006349980000000689,2
112,1778488978234,-0.0044140772,0.0074601124,-0.0006349980000000689,2
113,1778488978238,-0.0044920772,0.0064617124,0.0002893020000000312,2
114,1778488978243,-0.0044920772,0.0064617124,0.0002893020000000312,2
115,1778488978247,-0.0043165771999999995,0.0058806124000000005,0.0001801019999999997,2
116,1778488978251,-0.0043165771999999995,0.0058806124000000005,0.0001801019999999997,2
117,1778488978255,-0.0043243772,0.005876712400000001,0.0005350020000000465,2
118,1778488978260,-0.0043243772,0.005876712400000001,0.0005350020000000465,2
119,1778488978264,-0.0041254772,0.0074484124,0.0006793019999999216,2
120,1778488978268,-0.0041254772,0.0071832124,-0.0001318980000000903,2
121,1778488978272,-0.0041761772,0.0071832124,-0.0001318980000000903,2
122,1778488978277,-0.0039421772,0.0082089124,0.0012331019999999703,2
123,1778488978281,-0.0039421772,0.0082089124,0.0012331019999999703,2
124,1778488978285,-0.0041917772,0.006290112400000001,-0.0009781980000000568,2
0,1778488978379,-0.004039677199999999,0.0071052124,0.0009640020000000592,2
1,1778488978475,-0.0042580772,0.006531912400000001,0.001256502000000088,2
2,1778488978479,-0.0041098772,0.0070272124,-0.0007324980000000415,2
3,1778488978483,-0.0041098772,0.0070272124,-0.0007324980000000415,2
4,1778488978487,-0.0036886771999999996,0.008419512399999999,0.0012136019999999092,2
5,1778488978491,-0.0036886771999999996,0.008419512399999999,0.0012136019999999092,2
6,1778488978495,-0.0038758772,0.0069609124,-0.0008923980000000321,2
7,1778488978500,-0.0038758772,0.0069609124,0.0017908020000000757,2
8,1778488978504,-0.0038758772,0.0067347124000000005,0.0017908020000000757,2
9,1778488978508,-0.0038758772,0.0051864124,-0.0008845980000000298,2
10,1778488978513,-0.0040669771999999995,0.0051864124,-0.0008845980000000298,2
11,1778488978517,-0.0043438771999999995,0.0061302124,0.0011902020000000135,2
12,1778488978521,-0.0043438771999999995,0.0061302124,0.0011902020000000135,2
13,1778488978525,-0.0043828771999999995,0.006723012400000001,-0.0007402980000000437,2
14,1778488978529,-0.0043828771999999995,0.006723012400000001,-0.0007402980000000437,2
15,1778488978534,-0.0045895772,0.0078813124,0.0015217019999999425,2
16,1778488978538,-0.0045895772,0.0078813124,0.0015217019999999425,2
17,1778488978542,-0.0044764772,0.0079047124,-0.0006622980000000212,2
18,1778488978547,-0.0044764772,0.0079047124,-0.0006622980000000212,2
19,1778488978551,-0.0046129772,0.0070818124,0.001549001999999895,2
20,1778488978555,-0.0046129772,0.0070818124,0.001549001999999895,2
21,1778488978559,-0.0042775771999999995,0.006765912400000001,7.020000000589749e-07,2
22,1778488978564,-0.0042775771999999995,0.006765912400000001,0.0005467019999999944,2
23,1778488978568,-0.0049678772,0.005533512400000001,0.0005467019999999944,2
24,1778488978572,-0.0049678772,0.0069024124,0.00058180200000006,2
25,1778488978576,-0.0045895772,0.0069024124,0.00058180200000006,2
26,1778488978581,-0.0048703772,0.006976512400000001,0.0001957020000000042,2
27,1778488978585,-0.0048703772,0.006976512400000001,0.0001957020000000042,2
28,1778488978589,-0.0042307772,0.0081933124,0.0008158019999999055,2
29,1778488978593,-0.0042307772,0.0081933124,0.0008158019999999055,2
30,1778488978598,-0.0038992771999999997,0.0075264124,-0.00016699799999993388,2
31,1778488978602,-0.0038992771999999997,0.0075264124,-0.00016699799999993388,2
32,1778488978606,-0.0038251771999999996,0.006742512400000001,0.0009952020000000682,2
33,1778488978610,-0.0038251771999999996,0.006742512400000001,0.0009952020000000682,2
34,1778488978615,-0.0037432772,0.0055725124,-0.0006505980000000734,2
35,1778488978619,-0.0037432772,0.0055725124,-0.0006505980000000734,2
36,1778488978623,-0.0039265772,0.0060132124000000006,0.0013111019999999928,2
37,1778488978627,-0.0039265772,0.0060132124000000006,-0.0007051979999999781,2
38,1778488978632,-0.0040669771999999995,0.0066021124,-0.0007051979999999781,2
39,1778488978636,-0.0040669771999999995,0.0073938124,0.001330602000000054,2
40,1778488978640,-0.0043672772,0.0073938124,0.001330602000000054,2
41,1778488978644,-0.0043360772,0.007998312399999999,-0.0003580980000000445,2
42,1778488978649,-0.0043360772,0.007998312399999999,-0.0003580980000000445,2
43,1778488978653,-0.004562277199999999,0.0074952123999999995,0.0008470019999999145,2
44,1778488978657,-0.004562277199999999,0.0074952123999999995,0.0008470019999999145,2
45,1778488978662,-0.0043048771999999996,0.0067620124,0.00015280200000004733,2
46,1778488978666,-0.0043048771999999996,0.0067620124,0.00015280200000004733,2
47,1778488978670,-0.0047026772,0.0057753124,0.0007495020000000529,2
48,1778488978674,-0.0047026772,0.0057753124,0.0007495020000000529,2
49,1778488978679,-0.0045232772,0.0067386124,0.0008743020000000889,2
50,1778488978683,-0.0045232772,0.0067386124,0.0008743020000000889,2
51,1778488978687,-0.004839177199999999,0.006964812400000001,0.00023080200000006983,2
52,1778488978691,-0.004839177199999999,0.006964812400000001,0.0006052019999999558,2
53,1778488978696,-0.0044491771999999995,0.007935912400000002,0.0006052019999999558,2
54,1778488978700,-0.0044491771999999995,0.0074133124,-0.00020209799999999951,2
55,1778488978704,-0.0045115772,0.0074133124,-0.00020209799999999951,2
56,1778488978709,-0.0040240772,0.0072807124,0.0007183020000000439,2
57,1778488978713,-0.0040240772,0.0072807124,0.0007183020000000439,2
58,1778488978717,-0.004219077199999999,0.0058494124,-0.0004555980000000171,2
59,1778488978721,-0.004219077199999999,0.0058494124,-0.0004555980000000171,2
60,1778488978726,-0.0039694772,0.0062355124000000005,0.0015607020000000648,2
61,1778488978730,-0.0039694772,0.0062355124000000005,0.0015607020000000648,2
62,1778488978734,-0.0037978771999999995,0.006165312400000001,-0.0006076980000000055,2
63,1778488978738,-0.0037978771999999995,0.006165312400000001,-0.0006076980000000055,2
64,1778488978743,-0.0042892772,0.0071832124,0.0016543020000000918,2
65,1778488978747,-0.0042892772,0.0071832124,0.0016543020000000918,2
66,1778488978751,-0.004183977199999999,0.0080412124,-0.0007207979999999826,2
67,1778488978755,-0.004183977199999999,0.0080412124,0.0010771019999999253,2
68,1778488978760,-0.0047143772,0.0072495124,0.0010771019999999253,2
69,1778488978764,-0.0047143772,0.0068595124,0.00016840200000005183,2
70,1778488978769,-0.0044374772,0.0068595124,0.00016840200000005183,2
71,1778488978773,-0.004640277199999999,0.006021012400000001,0.0002464020000000743,2
72,1778488978777,-0.004640277199999999,0.006021012400000001,0.0002464020000000743,2
73,1778488978782,-0.004628577199999999,0.0061497124,0.0002113020000000087,2
74,1778488978786,-0.004628577199999999,0.0061497124,0.0002113020000000087,2
75,1778488978790,-0.0046090772,0.0067503124,0.0007846019999998965,2
76,1778488978794,-0.0046090772,0.0067503124,0.0007846019999998965,2
77,1778488978799,-0.0044608771999999994,0.0079164124,0.0005116019999999288,2
78,1778488978803,-0.0044608771999999994,0.0079164124,0.0005116019999999288,2
79,1778488978807,-0.0045427772,0.007787712400000001,-4.609799999995452e-05,2
80,1778488978812,-0.0045427772,0.007787712400000001,0.0008899019999998713,2
81,1778488978816,-0.0043126772,0.0070506124,0.0008899019999998713,2
82,1778488978820,-0.0043126772,0.0063798124000000005,-0.000248898000000013,2
83,1778488978824,-0.0043906772,0.0063798124000000005,-0.000248898000000013,2
84,1778488978829,-0.0040240772,0.0060483124,0.0009640020000000592,2
85,1778488978832,-0.0040240772,0.0060483124,0.0009640020000000592,2
86,1778488978836,-0.0038017771999999997,0.0063252124,-8.509800000007679e-05,2
87,1778488978840,-0.0038017771999999997,0.0063252124,-8.509800000007679e-05,2
88,1778488978844,-0.0034741772,0.0069180123999999996,0.00040240199999989727,2
89,1778488978849,-0.0034741772,0.0069180123999999996,0.00040240199999989727,2
90,1778488978853,-0.0035365771999999996,0.0078813124,0.00020740199999995206,2
91,1778488978857,-0.0035365771999999996,0.0078813124,0.00020740199999995206,2
92,1778488978862,-0.0038095772,0.007530312400000001,0.0003088020000000923,2
93,1778488978866,-0.0038095772,0.007530312400000001,0.0003088020000000923,2
94,1778488978870,-0.004328277199999999,0.0068907124,4.601999999893566e-06,2
95,1778488978874,-0.004328277199999999,0.0068907124,4.601999999893566e-06,2
96,1778488978879,-0.005006877199999999,0.005911812400000001,0.0003751019999999449,2
97,1778488978883,-0.005006877199999999,0.005911812400000001,0.0003751019999999449,2
98,1778488978887,-0.0050926771999999995,0.006223812400000001,-3.197999999997661e-06,2
99,1778488978891,-0.0050926771999999995,0.006223812400000001,0.0003556019999998838,2
100,1778488978896,-0.0048196772,0.0067269124,0.0003556019999998838,2
101,1778488978900,-0.0048196772,0.0078228124,0.0005740019999999468,2
102,1778488978904,-0.0045232772,0.0078228124,0.0005740019999999468,2
103,1778488978908,-0.004250277199999999,0.008006112400000001,-7.729799999996352e-05,2
104,1778488978913,-0.004250277199999999,0.008006112400000001,-7.729799999996352e-05,2
105,1778488978917,-0.004339977199999999,0.007659012400000002,0.0005779020000000034,2
106,1778488978921,-0.004339977199999999,0.007659012400000002,0.0005779020000000034,2
107,1778488978925,-0.0045856772,0.0066918124,-0.00030349800000002876,2
108,1778488978930,-0.0045856772,0.0066918124,-0.00030349800000002876,2
109,1778488978934,-0.0047689772,0.005334612400000001,0.0005272019999999333,2
110,1778488978938,-0.0047689772,0.005334612400000001,0.0005272019999999333,2
111,1778488978942,-0.0042931772,0.0060132124000000006,-3.8298000000063295e-05,2
112,1778488978947,-0.0042931772,0.0060132124000000006,-3.8298000000063295e-05,2
113,1778488978951,-0.0039538772,0.0066021124,0.0003712019999998883,2
114,1778488978955,-0.0039538772,0.0066021124,-3.8298000000063295e-05,2
115,1778488978959,-0.0036145771999999995,0.0078228124,-3.8298000000063295e-05,2
116,1778488978964,-0.0036145771999999995,0.007982712400000001,0.0001489019999999907,2
117,1778488978968,-0.0031465771999999994,0.007982712400000001,0.0001489019999999907,2
118,1778488978972,-0.0037159771999999997,0.0072261124,0.00013720200000004283,2
119,1778488978977,-0.0037159771999999997,0.0072261124,0.00013720200000004283,2
120,1778488978981,-0.004141077199999999,0.0060834124,0.0006637019999999171,2
121,1778488978985,-0.004141077199999999,0.0060834124,0.0006637019999999171,2
122,1778488978989,-0.004761177199999999,0.005666112400000001,-4.999800000001116e-05,2
123,1778488978994,-0.004761177199999999,0.005666112400000001,-4.999800000001116e-05,2
124,1778488978998,-0.0050341772,0.006309612400000001,0.0002737020000000267,2
0,1778488979070,-0.0044218771999999995,0.0070740123999999995,0.00041800199999990177,2
1,1778488979131,-0.0037081771999999996,0.0079632124,0.0007144019999999873,2
2,1778488979171,-0.0046363772,0.0072378124,0.0002893020000000312,2
3,1778488979191,-0.0041800772,0.0077994124000000005,0.0002893020000000312,2
4,1778488979199,-0.0039382772,0.0057831124,0.0005662020000000555,2
5,1778488979204,-0.0040162772,0.005720712400000001,0.0003127019999999269,2
6,1778488979208,-0.0040162772,0.005720712400000001,0.0003127019999999269,2
7,1778488979212,-0.0039616771999999995,0.006531912400000001,0.00037900200000000155,2
8,1778488979215,-0.0039616771999999995,0.006531912400000001,0.00037900200000000155,2
9,1778488979219,-0.0039616771999999995,0.007854012399999999,0.00083140199999991,2
10,1778488979223,-0.0040981772,0.007854012399999999,0.00083140199999991,2
11,1778488979227,-0.0040981772,0.007854012399999999,-0.000311298000000031,2
12,1778488979231,-0.0043828771999999995,0.008010012399999999,-0.000311298000000031,2
13,1778488979234,-0.0043828771999999995,0.008010012399999999,-0.000311298000000031,2
14,1778488979238,-0.004417977199999999,0.0076044124,0.0010654019999999775,2
15,1778488979242,-0.004417977199999999,0.0076044124,0.0010654019999999775,2
16,1778488979246,-0.0045778772,0.0065046124,-7.729799999996352e-05,2
17,1778488979249,-0.0045778772,0.0065046124,-7.729799999996352e-05,2
18,1778488979253,-0.0047689772,0.0058728124,0.0005584019999999423,2
19,1778488979257,-0.0047689772,0.0058728124,0.0005584019999999423,2
20,1778488979261,-0.0042697772,0.0060483124,0.00017230199999988642,2
21,1778488979265,-0.0042697772,0.0060483124,0.00017230199999988642,2
22,1778488979269,-0.0044257772,0.006988212400000001,0.0007963020000000664,2
23,1778488979272,-0.0044257772,0.006988212400000001,0.0007963020000000664,2
24,1778488979276,-0.0045154772,0.0079047124,2.0201999999898065e-05,2
25,1778488979281,-0.0045154772,0.0079047124,2.0201999999898065e-05,2
26,1778488979285,-0.0046558772,0.008033412399999999,0.0004063019999999539,2
27,1778488979289,-0.0046558772,0.008033412399999999,0.0004063019999999539,2
28,1778488979293,-0.004429677199999999,0.0069804124,-0.00026839800000007415,2
29,1778488979297,-0.004429677199999999,0.0069804124,-0.00026839800000007415,2
30,1778488979300,-0.0045232772,0.0058416124,0.00016840200000005183,2
31,1778488979304,-0.0045232772,0.0058416124,0.00016840200000005183,2
32,1778488979308,-0.0041605772,0.005989812400000001,0.00034780199999999255,2
33,1778488979312,-0.0041605772,0.005989812400000001,0.00034780199999999255,2
34,1778488979316,-0.0042307772,0.006177012400000001,7.09019999999682e-05,2
35,1778488979319,-0.0042307772,0.006177012400000001,7.09019999999682e-05,2
36,1778488979323,-0.0042307772,0.007643412400000001,0.0012214020000000225,2
37,1778488979327,-0.0040552771999999996,0.007643412400000001,0.0012214020000000225,2
38,1778488979331,-0.0040552771999999996,0.007643412400000001,-6.169799999995902e-05,2
39,1778488979335,-0.003996777199999999,0.007861812400000001,-6.169799999995902e-05,2
40,1778488979338,-0.003996777199999999,0.007861812400000001,-6.169799999995902e-05,2
41,1778488979342,-0.0043204772,0.007842312399999999,0.001018601999999964,2
42,1778488979346,-0.0043204772,0.007842312399999999,0.001018601999999964,2
43,1778488979350,-0.0044218771999999995,0.0064266124,-0.0005764979999999965,2
44,1778488979354,-0.0044218771999999995,0.0064266124,-0.0005764979999999965,2
45,1778488979358,-0.0047299772,0.0058416124,0.0008743020000000889,2
46,1778488979361,-0.0047299772,0.0058416124,0.0008743020000000889,2
47,1778488979365,-0.0043984772,0.0059859124,-0.0005062979999999762,2
48,1778488979369,-0.0043984772,0.0059859124,-0.0005062979999999762,2
49,1778488979373,-0.0046792772,0.006910212400000001,0.00083140199999991,2
50,1778488979377,-0.0046792772,0.006910212400000001,0.00083140199999991,2
51,1778488979380,-0.0040552771999999996,0.0080997124,-0.0002566980000001263,2
52,1778488979384,-0.0040552771999999996,0.0080997124,-0.0002566980000001263,2
53,1778488979388,-0.0042892772,0.0079281124,0.0009016020000000412,2
54,1778488979392,-0.0042892772,0.0079281124,0.0009016020000000412,2
55,1778488979396,-0.0040825772,0.0074484124,0.0002776020000000833,2
56,1778488979400,-0.0040825772,0.0074484124,0.0002776020000000833,2
57,1778488979403,-0.004363377199999999,0.006044412400000001,0.0002971019999999224,2
58,1778488979407,-0.004363377199999999,0.006044412400000001,0.0002971019999999224,2
59,1778488979411,-0.004363377199999999,0.005744112400000001,0.000675402000000087,2
60,1778488979415,-0.0045544771999999996,0.005744112400000001,0.000675402000000087,2
61,1778488979419,-0.0045544771999999996,0.005744112400000001,-0.00040099800000000137,2
62,1778488979422,-0.0046324771999999995,0.005744112400000001,-0.00040099800000000137,2
63,1778488979426,-0.0046324771999999995,0.005744112400000001,-0.00040099800000000137,2
64,1778488979430,-0.0042346772,0.0075342124,0.0012955019999999883,2
65,1778488979434,-0.0042346772,0.0075342124,0.0012955019999999883,2
66,1778488979438,-0.0040045772,0.007776012400000001,-1.879800000000216e-05,2
67,1778488979442,-0.0040045772,0.007776012400000001,-1.879800000000216e-05,2
68,1778488979445,-0.0039538772,0.0079671124,0.000956201999999946,2
69,1778488979449,-0.0039538772,0.0079671124,0.000956201999999946,2
70,1778488979453,-0.0038992771999999997,0.0067386124,-0.0001474980000000948,2
71,1778488979457,-0.0038992771999999997,0.0067386124,-0.0001474980000000948,2
72,1778488979461,-0.0041917772,0.006021012400000001,0.0006637019999999171,2
73,1778488979465,-0.0041917772,0.006021012400000001,0.0006637019999999171,2
74,1778488979469,-0.004394577199999999,0.0057051124,-0.00034249800000004,2
75,1778488979472,-0.004394577199999999,0.0057051124,-0.00034249800000004,2
76,1778488979476,-0.0047884772,0.0066138124,0.0009913020000000116,2
77,1778488979480,-0.0047884772,0.0066138124,0.0009913020000000116,2
78,1778488979484,-0.0045583772,0.007694112400000001,-4.609799999995452e-05,2
79,1778488979488,-0.0045583772,0.007694112400000001,-4.609799999995452e-05,2
80,1778488979491,-0.0044764772,0.007861812400000001,0.0006052019999999558,2
81,1778488979495,-0.0044764772,0.007861812400000001,0.0006052019999999558,2
82,1778488979499,-0.0044764772,0.007826712400000001,0.000519402000000042,2
83,1778488979503,-0.003985077199999999,0.007826712400000001,0.000519402000000042,2
84,1778488979506,-0.003985077199999999,0.007826712400000001,0.00019180199999994756,2
85,1778488979510,-0.0046090772,0.0063291124,0.00019180199999994756,2
86,1778488979514,-0.0046090772,0.0063291124,0.00019180199999994756,2
87,1778488979518,-0.0043165771999999995,0.006297912400000001,0.0006559020000000259,2
88,1778488979522,-0.0043165771999999995,0.006297912400000001,0.0006559020000000259,2
89,1778488979526,-0.0045310772,0.0056622124,-0.00012409799999997702,2
90,1778488979530,-0.0045310772,0.0056622124,-0.00012409799999997702,2
91,1778488979533,-0.004394577199999999,0.0071403123999999995,0.00046480199999991527,2
92,1778488979537,-0.004394577199999999,0.0071403123999999995,0.00046480199999991527,2
93,1778488979541,-0.0043126772,0.007506912400000001,-0.0005374979999999852,2
94,1778488979545,-0.0043126772,0.007506912400000001,-0.0005374979999999852,2
95,1778488979548,-0.0043711772,0.008115312400000001,0.0009484020000000547,2
96,1778488979552,-0.0043711772,0.008115312400000001,0.0009484020000000547,2
97,1778488979556,-0.0039928772,0.006777612400000001,-0.00036589800000004676,2
98,1778488979560,-0.0039928772,0.006777612400000001,-0.00036589800000004676,2
99,1778488979564,-0.004328277199999999,0.0063603124,0.0015100019999999947,2
100,1778488979567,-0.004328277199999999,0.0063603124,0.0015100019999999947,2
101,1778488979571,-0.0041995771999999995,0.005455512400000001,-0.0007324980000000415,2
102,1778488979575,-0.0041995771999999995,0.005455512400000001,-0.0007324980000000415,2
103,1778488979579,-0.0041995771999999995,0.005455512400000001,0.0011044019999998777,2
104,1778488979582,-0.004784577199999999,0.0063369124,0.0011044019999998777,2
105,1778488979586,-0.004784577199999999,0.0063369124,-0.0002449979999999564,2
106,1778488979590,-0.0042580772,0.0075459124,-0.0002449979999999564,2
107,1778488979594,-0.0042580772,0.0075459124,-0.0002449979999999564,2
108,1778488979598,-0.0044686772,0.0078189124,0.0004453020000000762,2
109,1778488979602,-0.0044686772,0.0078189124,0.0004453020000000762,2
110,1778488979605,-0.0039772772,0.007900812400000002,0.0005779020000000034,2
111,1778488979609,-0.0039772772,0.007900812400000002,0.0005779020000000034,2
112,1778488979613,-0.0042424772,0.006442212400000001,-0.00022159800000006065,2
113,1778488979617,-0.0042424772,0.006442212400000001,-0.00022159800000006065,2
114,1778488979620,-0.004183977199999999,0.0060054124,0.0007339020000000484,2
115,1778488979624,-0.004183977199999999,0.0060054124,0.0007339020000000484,2
116,1778488979628,-0.004195677199999999,0.0056076124,-0.0001786980000001038,2
117,1778488979632,-0.004195677199999999,0.0056076124,-0.0001786980000001038,2
118,1778488979636,-0.0043204772,0.0069492124,0.0010147019999999073,2
119,1778488979640,-0.0043204772,0.0069492124,0.0010147019999999073,2
120,1778488979644,-0.004484277199999999,0.0072495124,-0.0001630980000000993,2
121,1778488979647,-0.004484277199999999,0.0072495124,-0.0001630980000000993,2
122,1778488979651,-0.004484277199999999,0.0083025124,0.000737801999999883,2
123,1778488979655,-0.0041878772,0.0083025124,0.000737801999999883,2
124,1778488979659,-0.0041878772,0.0070038124,-0.0006271980000000666,2
0,1778488979724,-0.004129377199999999,0.0060717124,0.00034780199999999255,2
1,1778488979728,-0.004129377199999999,0.0060717124,0.00034780199999999255,2
2,1778488979748,-0.004219077199999999,0.0070701124,-6.94980000000723e-05,2
3,1778488979788,-0.0043321772,0.0081231124,0.0013228019999999407,2
4,1778488979863,-0.003985077199999999,0.0080841124,0.0017167019999998877,2
5,1778488979867,-0.003985077199999999,0.007386012400000001,-0.0009703980000000546,2
6,1778488979871,-0.004207377199999999,0.007386012400000001,-0.0009703980000000546,2
7,1778488979874,-0.004207377199999999,0.007386012400000001,0.0013111019999999928,2
8,1778488979878,-0.0044335772,0.007276812400000001,0.0013111019999999928,2
9,1778488979882,-0.0044335772,0.007276812400000001,0.0013111019999999928,2
10,1778488979886,-0.0043321772,0.005865012400000001,-0.0005140979999999785,2
11,1778488979890,-0.0043321772,0.005865012400000001,-0.0005140979999999785,2
12,1778488979893,-0.0046012772,0.005646612400000001,0.0006910020000000915,2
13,1778488979897,-0.0046012772,0.005646612400000001,0.0006910020000000915,2
14,1778488979901,-0.0042892772,0.0069453124000000005,-0.0002761979999999654,2
15,1778488979906,-0.0042892772,0.0069453124000000005,-0.0002761979999999654,2
16,1778488979910,-0.0042385771999999995,0.0076824124000000014,0.0012643019999999793,2
17,1778488979914,-0.0042385771999999995,0.0076824124000000014,0.0012643019999999793,2
18,1778488979918,-0.003930477199999999,0.007900812400000002,0.00012550199999987292,2
19,1778488979922,-0.003930477199999999,0.007900812400000002,0.00012550199999987292,2
20,1778488979926,-0.0044413772,0.007253412400000001,0.000706601999999874,2
21,1778488979929,-0.0044413772,0.007253412400000001,0.000706601999999874,2
22,1778488979933,-0.004363377199999999,0.006723012400000001,0.00046480199999991527,2
23,1778488979937,-0.004363377199999999,0.006723012400000001,0.00046480199999991527,2
24,1778488979941,-0.0046909772,0.0053502124,-0.0006388980000000145,2
25,1778488979945,-0.0046909772,0.0053502124,-0.0006388980000000145,2
26,1778488979948,-0.0045427772,0.006500712400000001,0.0007027020000000394,2
27,1778488979952,-0.0045427772,0.006500712400000001,0.0007027020000000394,2
28,1778488979956,-0.0044491771999999995,0.0070818124,-0.00025279800000006965,2
29,1778488979960,-0.0044491771999999995,0.0070818124,-0.00025279800000006965,2
30,1778488979963,-0.0042034772,0.0079632124,0.0011785020000000656,2
31,1778488979967,-0.0042034772,0.0079632124,0.0011785020000000656,2
32,1778488979971,-0.0042034772,0.007791612400000002,-2.6598000000115432e-05,2
33,1778488979975,-0.0039109772,0.007791612400000002,-2.6598000000115432e-05,2
34,1778488979979,-0.0039109772,0.007187112400000001,0.0008704020000000322,2
35,1778488979983,-0.0041449772,0.007187112400000001,0.0008704020000000322,2
36,1778488979987,-0.0041449772,0.007187112400000001,-1.879800000000216e-05,2
37,1778488979990,-0.0041761772,0.0059469124000000005,-1.879800000000216e-05,2
38,1778488979994,-0.0041761772,0.0059469124000000005,0.0009601020000000026,2
39,1778488979998,-0.0047377771999999995,0.0056388124,0.0009601020000000026,2
40,1778488980002,-0.0047377771999999995,0.0056388124,0.0009601020000000026,2
41,1778488980006,-0.0046714771999999995,0.0064734124,0.0002737020000000267,2
42,1778488980010,-0.0046714771999999995,0.0064734124,0.0004843019999999764,2
43,1778488980015,-0.0048859772,0.0071793124,0.0004843019999999764,2
44,1778488980019,-0.0048859772,0.008322012399999999,0.00031660199999998355,2
45,1778488980023,-0.0042346772,0.008322012399999999,0.00031660199999998355,2
46,1778488980026,-0.0042346772,0.008322012399999999,8.65019999999727e-05,2
47,1778488980030,-0.0041020772,0.007791612400000002,8.65019999999727e-05,2
48,1778488980034,-0.0041020772,0.007791612400000002,8.65019999999727e-05,2
49,1778488980038,-0.0040279771999999995,0.007109112400000001,0.0007144019999999873,2
50,1778488980042,-0.0040279771999999995,0.007109112400000001,0.0007144019999999873,2
51,1778488980046,-0.0043672772,0.0057363124000000005,-3.439800000000666e-05,2
52,1778488980049,-0.0043672772,0.0057363124000000005,-3.439800000000666e-05,2
53,1778488980053,-0.0046987771999999995,0.0056622124,0.000800201999999901,2
54,1778488980057,-0.0046987771999999995,0.0056622124,0.000800201999999901,2
55,1778488980061,-0.004749477199999999,0.0062940124,-7.729799999996352e-05,2
56,1778488980065,-0.004749477199999999,0.0062940124,-7.729799999996352e-05,2
57,1778488980068,-0.0044257772,0.0075030124,0.000519402000000042,2
58,1778488980072,-0.0044257772,0.0075030124,0.000519402000000042,2
59,1778488980076,-0.0042034772,0.008045112400000002,-0.00012019799999992038,2
60,1778488980080,-0.0042034772,0.008045112400000002,-0.00012019799999992038,2
61,1778488980083,-0.0037783771999999995,0.007565412400000001,0.0004843019999999764,2
62,1778488980087,-0.0037783771999999995,0.007565412400000001,0.0004843019999999764,2
63,1778488980091,-0.0039655772,0.006555312400000001,-0.00017089799999999052,2
64,1778488980095,-0.0039655772,0.006555312400000001,-0.00017089799999999052,2
65,1778488980099,-0.0039655772,0.0058182124,0.0006793019999999216,2
66,1778488980105,-0.0042424772,0.0058182124,0.0006793019999999216,2
67,1778488980109,-0.0046441772,0.0062199123999999995,-0.0002644980000000175,2
68,1778488980115,-0.0046441772,0.0062199123999999995,-0.0002644980000000175,2
69,1778488980118,-0.0048079772,0.0068361124,0.00036340199999999705,2
70,1778488980122,-0.0048079772,0.0068361124,0.0007222019999998785,2
71,1778488980126,-0.0044803772,0.007947612400000002,0.0007222019999998785,2
72,1778488980130,-0.0044803772,0.007947612400000002,0.0007222019999998785,2
73,1778488980134,-0.0043984772,0.0080022124,0.0004531019999999674,2
74,1778488980137,-0.0043984772,0.0080022124,0.0004531019999999674,2
75,1778488980141,-0.0042151772,0.007198812400000001,0.001237002000000027,2
76,1778488980145,-0.0042151772,0.007198812400000001,0.001237002000000027,2
77,1778488980149,-0.0040903772,0.0061965124,0.0003049020000000357,2
78,1778488980153,-0.0040903772,0.0061965124,0.0003049020000000357,2
79,1778488980157,-0.0041722771999999995,0.0057480124,0.0008977019999999846,2
80,1778488980165,-0.0041722771999999995,0.0057480124,0.0008977019999999846,2
81,1778488980170,-0.0043165771999999995,0.0062589124,4.601999999893566e-06,2
82,1778488980173,-0.0043789772,0.0073158124,0.0004063019999999539,2
83,1778488980177,-0.0043789772,0.0073158124,0.0004063019999999539,2
84,1778488980181,-0.0044140772,0.008056812400000002,-4.999800000001116e-05,2
85,1778488980185,-0.0044140772,0.008056812400000002,-4.999800000001116e-05,2
86,1778488980189,-0.0041020772,0.0077253124,-1.0998000000110933e-05,2
87,1778488980192,-0.0041020772,0.0077253124,-1.0998000000110933e-05,2
88,1778488980196,-0.0040201772,0.006820512400000001,-0.0001942980000001083,2
89,1778488980201,-0.0040201772,0.006820512400000001,-0.0001942980000001083,2
90,1778488980205,-0.004183977199999999,0.0059079124,0.0007612020000000008,2
91,1778488980209,-0.004183977199999999,0.0059079124,0.0007612020000000008,2
92,1778488980213,-0.0042541772,0.006153612400000001,0.0006832019999999783,2
93,1778488980217,-0.0042541772,0.006153612400000001,0.0006832019999999783,2
94,1778488980221,-0.0044023772,0.006477312400000001,0.0005155019999999854,2
95,1778488980225,-0.0044023772,0.006477312400000001,0.0005155019999999854,2
96,1778488980228,-0.004394577199999999,0.007787712400000001,0.001393002000000072,2
97,1778488980232,-0.004394577199999999,0.007787712400000001,0.001393002000000072,2
98,1778488980236,-0.0045349772,0.007608312400000001,-5.779800000012443e-05,2
99,1778488980240,-0.0045349772,0.007608312400000001,-5.779800000012443e-05,2
100,1778488980243,-0.0046324771999999995,0.0072729124,0.0006364019999999648,2
101,1778488980247,-0.0046324771999999995,0.0072729124,0.0006364019999999648,2
102,1778488980251,-0.0043321772,0.006621612400000001,0.0003049020000000357,2
103,1778488980255,-0.0043321772,0.006621612400000001,0.0003049020000000357,2
104,1778488980259,-0.0043321772,0.0056505124,-6.94980000000723e-05,2
105,1778488980263,-0.004472577199999999,0.0056505124,-6.94980000000723e-05,2
106,1778488980267,-0.004472577199999999,0.0063408124,-0.0001630980000000993,2
107,1778488980272,-0.004285377199999999,0.0063408124,-0.0001630980000000993,2
108,1778488980276,-0.004183977199999999,0.0071247124,-1.4897999999945524e-05,2
109,1778488980279,-0.004183977199999999,0.0071247124,-1.4897999999945524e-05,2
110,1778488980283,-0.004219077199999999,0.0080139124,0.0003205020000000402,2
111,1778488980287,-0.004219077199999999,0.0080139124,0.0003205020000000402,2
112,1778488980291,-0.004219077199999999,0.007744812399999999,0.0008041019999999576,2
113,1778488980295,-0.004183977199999999,0.007744812399999999,0.0008041019999999576,2
114,1778488980303,-0.0043867772,0.007054512400000001,0.0004921020000000897,2
115,1778488980307,-0.0043165771999999995,0.0059703124,0.0006052019999999558,2
116,1778488980311,-0.0043165771999999995,0.0059703124,0.0006052019999999558,2
117,1778488980316,-0.0043165771999999995,0.0060834124,0.0008509019999999711,2
118,1778488980320,-0.004351677199999999,0.0060834124,0.0008509019999999711,2
119,1778488980323,-0.0040591772,0.0061419123999999995,0.0001333019999999862,2
120,1778488980327,-0.0040591772,0.0061419123999999995,0.0001333019999999862,2
121,1778488980331,-0.004129377199999999,0.0075732123999999994,0.0011551019999999478,2
122,1778488980335,-0.004129377199999999,0.0075732123999999994,0.0011551019999999478,2
123,1778488980339,-0.004129377199999999,0.0079554124,-0.0002917979999999699,2
124,1778488980342,-0.004117677199999999,0.0079554124,-0.0002917979999999699,2
0,1778488980408,-0.0041371772,0.0073002124000000005,0.0006910020000000915,2
1,1778488980427,-0.004406277199999999,0.0055257124000000005,-4.609799999995452e-05,2
2,1778488980498,-0.0044374772,0.005810412400000001,-0.0005881980000000554,2
3,1778488980545,-0.0046870772,0.006875112400000001,0.0005389019999998811,2
4,1778488980549,-0.004207377199999999,0.007854012399999999,9.040200000002933e-05,2
5,1778488980553,-0.004207377199999999,0.007854012399999999,9.040200000002933e-05,2
6,1778488980557,-0.0042814772,0.007924212400000002,0.0003673020000000537,2
7,1778488980561,-0.0042814772,0.007924212400000002,0.0003673020000000537,2
8,1778488980565,-0.0041800772,0.0073041124,0.0003907019999999494,2
9,1778488980569,-0.0041800772,0.0073041124,0.0003907019999999494,2
10,1778488980572,-0.0043360772,0.0063837124,0.0005467019999999944,2
11,1778488980576,-0.0043360772,0.0063837124,0.0005467019999999944,2
12,1778488980580,-0.0048079772,0.005599812400000001,0.0006325019999999081,2
13,1778488980584,-0.0048079772,0.005599812400000001,0.0006325019999999081,2
14,1778488980589,-0.004839177199999999,0.005911812400000001,0.0001177019999999817,2
15,1778488980595,-0.0045895772,0.0073899124,0.0008977019999999846,2
16,1778488980601,-0.0045895772,0.0073899124,0.0008977019999999846,2
17,1778488980608,-0.0043048771999999996,0.007807212399999999,-0.000498497999999974,2
18,1778488980611,-0.0039694772,0.0079086124,0.0006910020000000915,2
19,1778488980615,-0.0039694772,0.0079086124,0.0006910020000000915,2
20,1778488980619,-0.0041059771999999994,0.0068127124,-0.0001786980000001038,2
21,1778488980623,-0.0041059771999999994,0.0068127124,-0.0001786980000001038,2
22,1778488980627,-0.0040279771999999995,0.0060951124,0.0006793019999999216,2
23,1778488980631,-0.0040279771999999995,0.0060951124,0.0006793019999999216,2
24,1778488980634,-0.0040279771999999995,0.0058065124,0.0006208019999999603,2
25,1778488980638,-0.004074777199999999,0.0058065124,0.0006208019999999603,2
26,1778488980642,-0.004074777199999999,0.0063954124,0.0006208019999999603,2
27,1778488980646,-0.0046090772,0.0063954124,0.0006208019999999603,2
28,1778488980650,-0.0046090772,0.0063954124,0.00021910199999989992,2
29,1778488980654,-0.004285377199999999,0.007647312400000002,0.00021910199999989992,2
30,1778488980658,-0.004285377199999999,0.007647312400000002,0.00021910199999989992,2
31,1778488980662,-0.0043594772,0.007838412400000001,-4.219800000011993e-05,2
32,1778488980666,-0.0043594772,0.007838412400000001,-4.219800000011993e-05,2
33,1778488980669,-0.0041722771999999995,0.0078579124,0.00020350199999989542,2
34,1778488980673,-0.0041722771999999995,0.0078579124,0.00020350199999989542,2
35,1778488980677,-0.004219077199999999,0.0061965124,0.0003088020000000923,2
36,1778488980684,-0.0044335772,0.0062472124,0.0007534019999998875,2
37,1778488980688,-0.0044335772,0.0062472124,0.0007534019999998875,2
38,1778488980692,-0.0044491771999999995,0.005989812400000001,-6.169799999995902e-05,2
39,1778488980698,-0.0044491771999999995,0.005989812400000001,-6.169799999995902e-05,2
40,1778488980702,-0.004507677199999999,0.007331412400000001,0.001174602000000009,2
41,1778488980705,-0.004507677199999999,0.007331412400000001,0.001174602000000009,2
42,1778488980709,-0.0045349772,0.0077370124,-0.0005023980000000306,2
43,1778488980713,-0.0045349772,0.0077370124,-0.0005023980000000306,2
44,1778488980717,-0.0046597771999999996,0.008029512400000001,0.0013111019999999928,2
45,1778488980721,-0.0046597771999999996,0.008029512400000001,0.0013111019999999928,2
46,1778488980724,-0.0041098772,0.0074289123999999995,6.310200000007697e-05,2
47,1778488980728,-0.0041098772,0.0074289123999999995,6.310200000007697e-05,2
48,1778488980732,-0.0042307772,0.0057753124,0.0005077019999998721,2
49,1778488980736,-0.0042307772,0.0057753124,0.0005077019999998721,2
50,1778488980740,-0.0038602771999999997,0.006134112400000001,0.0006832019999999783,2
51,1778488980744,-0.0038602771999999997,0.006134112400000001,0.0006832019999999783,2
52,1778488980748,-0.0042268772,0.0061692124000000004,0.00030100199999997905,2
53,1778488980752,-0.0042268772,0.0061692124000000004,0.00030100199999997905,2
54,1778488980755,-0.0040201772,0.0073665124000000005,-1.4897999999945524e-05,2
55,1778488980759,-0.0040201772,0.0073665124000000005,-1.4897999999945524e-05,2
56,1778488980763,-0.0041605772,0.007499112400000001,-0.0003463979999999856,2
57,1778488980767,-0.0041605772,0.007499112400000001,-0.0003463979999999856,2
58,1778488980773,-0.0042697772,0.007740912400000001,0.00044140200000001954,2
59,1778488980778,-0.0042697772,0.007740912400000001,0.00044140200000001954,2
60,1778488980782,-0.004605177199999999,0.006212112400000001,-0.000311298000000031,2
61,1778488980788,-0.0044881771999999995,0.0065046124,0.001517801999999886,2
62,1778488980791,-0.0044881771999999995,0.0065046124,0.001517801999999886,2
63,1778488980795,-0.004616877199999999,0.005989812400000001,-0.00020209799999999951,2
64,1778488980799,-0.004616877199999999,0.005989812400000001,-0.00020209799999999951,2
65,1778488980803,-0.0044374772,0.0070116124000000005,0.0013267019999999973,2
66,1778488980807,-0.0044374772,0.0070116124000000005,0.0013267019999999973,2
67,1778488980811,-0.004429677199999999,0.007885212400000001,-0.0004204980000000625,2
68,1778488980814,-0.004429677199999999,0.007885212400000001,-0.0004204980000000625,2
69,1778488980818,-0.004429677199999999,0.0079320124,0.000893801999999928,2
70,1778488980822,-0.0047260772,0.0079320124,0.000893801999999928,2
71,1778488980826,-0.0047260772,0.0079320124,0.00023470199999990442,2
72,1778488980830,-0.0044569772,0.0073782124000000004,0.00023470199999990442,2
73,1778488980834,-0.0044569772,0.0073782124000000004,0.0003205020000000402,2
74,1778488980838,-0.0045817772,0.005900112400000001,0.0003205020000000402,2
75,1778488980842,-0.0045817772,0.005900112400000001,0.00018400200000005633,2
76,1778488980846,-0.0042424772,0.006153612400000001,0.00018400200000005633,2
77,1778488980850,-0.0042424772,0.006153612400000001,0.00018400200000005633,2
78,1778488980853,-0.0041800772,0.0059937124,0.0006169019999999036,2
79,1778488980857,-0.0041800772,0.0059937124,0.0006169019999999036,2
80,1778488980861,-0.0037003771999999996,0.007608312400000001,0.00021910199999989992,2
81,1778488980865,-0.0037003771999999996,0.007608312400000001,0.00021910199999989992,2
82,1778488980869,-0.0038290772,0.007464012400000001,0.0004063019999999539,2
83,1778488980875,-0.0042307772,0.008115312400000001,0.0009211019999998803,2
84,1778488980882,-0.0042307772,0.008115312400000001,-0.0008806979999999732,2
85,1778488980888,-0.004507677199999999,0.006321312400000001,-0.0008806979999999732,2
86,1778488980892,-0.0045778772,0.0063486124,0.001225302000000079,2
87,1778488980895,-0.0045778772,0.0063486124,0.001225302000000079,2
88,1778488980899,-0.0045037772,0.0059937124,-0.0007675979999999961,2
89,1778488980903,-0.0045037772,0.0059937124,-0.0007675979999999961,2
90,1778488980907,-0.0046987771999999995,0.006921912400000001,0.0010732020000000907,2
91,1778488980911,-0.0046987771999999995,0.006921912400000001,0.0010732020000000907,2
92,1778488980915,-0.0043438771999999995,0.0076278124,4.601999999893566e-06,2
93,1778488980919,-0.0043438771999999995,0.0076278124,4.601999999893566e-06,2
94,1778488980923,-0.0042775771999999995,0.007998312399999999,0.0004297020000000717,2
95,1778488980927,-0.0042775771999999995,0.007998312399999999,0.0004297020000000717,2
96,1778488980931,-0.0041449772,0.007659012400000002,0.0001021019999999772,2
97,1778488980935,-0.0041449772,0.007659012400000002,0.0001021019999999772,2
98,1778488980939,-0.0041449772,0.006333012400000001,0.0004141020000000672,2
99,1778488980942,-0.0045310772,0.006333012400000001,0.0004141020000000672,2
100,1778488980946,-0.0045310772,0.0059157124,-2.2698000000058796e-05,2
101,1778488980950,-0.0046441772,0.0059157124,-2.2698000000058796e-05,2
102,1778488980954,-0.0046441772,0.0059157124,6.310200000007697e-05,2
103,1778488980959,-0.0048157771999999995,0.005666112400000001,6.310200000007697e-05,2
104,1778488980967,-0.0042307772,0.0074679124,0.0008509019999999711,2
105,1778488980973,-0.0038602771999999997,0.0071910124,-0.0003463979999999856,2
106,1778488980980,-0.0036496771999999997,0.008610612400000002,0.0015841019999999605,2
107,1778488980984,-0.0036496771999999997,0.008610612400000002,0.0015841019999999605,2
108,1778488980987,-0.003918777199999999,0.0064149124,-0.0008845980000000298,2
109,1778488980991,-0.003918777199999999,0.0064149124,-0.0008845980000000298,2
110,1778488980995,-0.004273677199999999,0.006508512400000001,0.0013384019999999452,2
111,1778488980999,-0.004273677199999999,0.006508512400000001,0.0013384019999999452,2
112,1778488981003,-0.0044491771999999995,0.005634912400000001,-0.0005803980000000531,2
113,1778488981007,-0.0044491771999999995,0.005634912400000001,-0.0005803980000000531,2
114,1778488981011,-0.0044491771999999995,0.0063720124,0.0009640020000000592,2
115,1778488981014,-0.0049561772,0.0063720124,0.0009640020000000592,2
116,1778488981018,-0.0049561772,0.007265112400000001,-0.00036589800000004676,2
117,1778488981022,-0.0045934771999999995,0.007265112400000001,-0.00036589800000004676,2
118,1778488981026,-0.0045934771999999995,0.007265112400000001,0.0005233019999998766,2
119,1778488981030,-0.0044881771999999995,0.0079554124,0.0005233019999998766,2
120,1778488981033,-0.0044881771999999995,0.0079554124,0.0005233019999998766,2
121,1778488981037,-0.0043360772,0.007947612400000002,0.0001333019999999862,2
122,1778488981041,-0.0043360772,0.007947612400000002,0.0001333019999999862,2
123,1778488981045,-0.0043009772,0.0070272124,0.0007183020000000439,2
124,1778488981048,-0.0043009772,0.0070272124,0.0007183020000000439,2
0,1778488981214,-0.0039265772,0.005833812400000001,7.480200000002483e-05,2
1,1778488981217,-0.0039265772,0.005833812400000001,7.480200000002483e-05,2
2,1778488981220,-0.0042658772,0.0058533123999999995,0.0007261019999999351,2
3,1778488981223,-0.0042658772,0.0058533123999999995,0.0007261019999999351,2
4,1778488981225,-0.0042658772,0.0058533123999999995,2.0201999999898065e-05,2
5,1778488981228,-0.0042346772,0.0066957124,2.0201999999898065e-05,2
6,1778488981231,-0.0042346772,0.0066957124,2.0201999999898065e-05,2
7,1778488981233,-0.0042346772,0.0066957124,0.001069302000000034,2
8,1778488981236,-0.0045544771999999996,0.0072456124,0.001069302000000034,2
9,1778488981239,-0.0045544771999999996,0.0072456124,0.001069302000000034,2
10,1778488981242,-0.0045544771999999996,0.007889112399999999,0.00022300199999995655,2
11,1778488981244,-0.0042463772,0.007889112399999999,0.00022300199999995655,2
12,1778488981247,-0.0042463772,0.007889112399999999,0.00022300199999995655,2
13,1778488981250,-0.0042463772,0.0072690124,0.00025420199999996555,2
14,1778488981253,-0.0044374772,0.0072690124,0.00025420199999996555,2
15,1778488981256,-0.0044374772,0.0072690124,0.00025420199999996555,2
16,1778488981258,-0.004297077199999999,0.006820512400000001,0.0006247020000000169,2
17,1778488981261,-0.004297077199999999,0.006820512400000001,0.0006247020000000169,2
18,1778488981264,-0.004297077199999999,0.006820512400000001,0.0006247020000000169,2
19,1778488981266,-0.0044335772,0.0059274124,-0.00018649799999999501,2
20,1778488981269,-0.0044335772,0.0059274124,-0.00018649799999999501,2
21,1778488981272,-0.0044335772,0.0059274124,-0.00018649799999999501,2
22,1778488981274,-0.0043555772,0.0062706124,0.0010615019999999208,2
23,1778488981277,-0.0043555772,0.0062706124,0.0010615019999999208,2
24,1778488981280,-0.0043555772,0.0062706124,0.0010615019999999208,2
25,1778488981283,-0.004273677199999999,0.006999912400000001,-0.00035419799999998787,2
26,1778488981286,-0.004273677199999999,0.006999912400000001,-0.00035419799999998787,2
27,1778488981290,-0.004273677199999999,0.006999912400000001,0.0009601020000000026,2
28,1778488981293,-0.0041332771999999995,0.007889112399999999,0.0009601020000000026,2
29,1778488981297,-0.0041332771999999995,0.007889112399999999,0.0009601020000000026,2
30,1778488981301,-0.0041644772,0.0075615123999999995,-0.00028399800000007865,2
31,1778488981305,-0.0041644772,0.0075615123999999995,-0.00028399800000007865,2
32,1778488981308,-0.0042112772,0.0067854123999999995,0.0008899019999998713,2
33,1778488981312,-0.0042112772,0.0067854123999999995,0.0008899019999998713,2
34,1778488981316,-0.0040864772,0.0062706124,6.310200000007697e-05,2
35,1778488981320,-0.0040864772,0.0062706124,6.310200000007697e-05,2
36,1778488981323,-0.0042151772,0.005646612400000001,0.0008275020000000754,2
37,1778488981327,-0.0042151772,0.005646612400000001,0.0008275020000000754,2
38,1778488981331,-0.0039811772,0.0062940124,6.310200000007697e-05,2
39,1778488981335,-0.0039811772,0.0062940124,6.310200000007697e-05,2
40,1778488981338,-0.004152777199999999,0.0070896124000000005,0.0003907019999999494,2
41,1778488981342,-0.004152777199999999,0.0070896124000000005,0.0003907019999999494,2
42,1778488981346,-0.004152777199999999,0.008045112400000002,0.0004921020000000897,2
43,1778488981350,-0.0042424772,0.008045112400000002,0.0004921020000000897,2
44,1778488981354,-0.0042424772,0.008045112400000002,0.00023860199999996105,2
45,1778488981357,-0.0044530772,0.007343112400000001,0.00023860199999996105,2
46,1778488981361,-0.0044530772,0.007343112400000001,0.00023860199999996105,2
47,1778488981365,-0.004605177199999999,0.0069804124,0.0007456019999999963,2
48,1778488981369,-0.004605177199999999,0.0069804124,0.0007456019999999963,2
49,1778488981373,-0.0046246772,0.0063486124,-0.0005959980000000576,2
50,1778488981376,-0.0046246772,0.0063486124,-0.0005959980000000576,2
51,1778488981380,-0.004694877199999999,0.0060600124,0.0004960019999999243,2
52,1778488981384,-0.004694877199999999,0.0060600124,0.0004960019999999243,2
53,1778488981388,-0.0044998772,0.007054512400000001,5.9202000000020336e-05,2
54,1778488981391,-0.0044998772,0.007054512400000001,5.9202000000020336e-05,2
55,1778488981395,-0.004207377199999999,0.0074367124,0.0004375019999999629,2
56,1778488981399,-0.004207377199999999,0.0074367124,0.0004375019999999629,2
57,1778488981403,-0.0043165771999999995,0.0079203124,0.00011380199999992506,2
58,1778488981406,-0.0043165771999999995,0.0079203124,0.00011380199999992506,2
59,1778488981410,-0.0043165771999999995,0.0071286124,0.0006403020000000214,2
60,1778488981414,-0.0041098772,0.0071286124,0.0006403020000000214,2
61,1778488981418,-0.0041098772,0.0071286124,-0.00024109800000012178,2
62,1778488981421,-0.0043126772,0.0063798124000000005,-0.00024109800000012178,2
63,1778488981425,-0.0043126772,0.0063798124000000005,-0.00024109800000012178,2
64,1778488981429,-0.004651977199999999,0.0056622124,0.0004765020000000852,2
65,1778488981433,-0.004651977199999999,0.0056622124,0.0004765020000000852,2
66,1778488981437,-0.0037432772,0.006664512400000001,0.0003205020000000402,2
67,1778488981441,-0.0037432772,0.006664512400000001,0.0003205020000000402,2
68,1778488981444,-0.0042814772,0.0065397124,0.00026980199999997005,2
69,1778488981448,-0.0042814772,0.0065397124,0.00026980199999997005,2
70,1778488981452,-0.0040474772,0.008080212400000002,0.0008470019999999145,2
71,1778488981456,-0.0040474772,0.008080212400000002,0.0008470019999999145,2
72,1778488981459,-0.0041878772,0.007752612400000001,-5.3898000000067794e-05,2
73,1778488981463,-0.0041878772,0.007752612400000001,-5.3898000000067794e-05,2
74,1778488981467,-0.0043789772,0.007210512400000001,0.001517801999999886,2
75,1778488981471,-0.0043789772,0.007210512400000001,0.001517801999999886,2
76,1778488981474,-0.0043789772,0.006578712400000001,-0.00026839800000007415,2
77,1778488981478,-0.0043243772,0.006578712400000001,-0.00026839800000007415,2
78,1778488981482,-0.0043243772,0.006578712400000001,0.0008665019999999756,2
79,1778488981485,-0.0047689772,0.0055959124,0.0008665019999999756,2
80,1778488981489,-0.0047689772,0.0055959124,0.0008665019999999756,2
81,1778488981493,-0.004850877199999999,0.006477312400000001,-0.0001942980000001083,2
82,1778488981497,-0.004850877199999999,0.006477312400000001,-0.0001942980000001083,2
83,1778488981500,-0.0046012772,0.007842312399999999,0.0005779020000000034,2
84,1778488981504,-0.0046012772,0.007842312399999999,0.0005779020000000034,2
85,1778488981508,-0.0046441772,0.0079437124,-0.00011239800000002916,2
86,1778488981512,-0.0046441772,0.0079437124,-0.00011239800000002916,2
87,1778488981515,-0.004273677199999999,0.0073119124,0.0008548020000000277,2
88,1778488981519,-0.004273677199999999,0.0073119124,0.0008548020000000277,2
89,1778488981523,-0.004328277199999999,0.0072339124000000005,0.0002503019999999089,2
90,1778488981527,-0.004328277199999999,0.0072339124000000005,0.0002503019999999089,2
91,1778488981530,-0.0045700772,0.0056271124,0.0003595019999999404,2
92,1778488981534,-0.0045700772,0.0056271124,0.0003595019999999404,2
93,1778488981538,-0.0045700772,0.0056271124,0.0008977019999999846,2
94,1778488981542,-0.0043243772,0.006212112400000001,0.0008977019999999846,2
95,1778488981545,-0.0043243772,0.006212112400000001,0.0008977019999999846,2
96,1778488981549,-0.0042463772,0.006543612400000001,-6.559800000001566e-05,2
97,1778488981553,-0.0042463772,0.006543612400000001,-6.559800000001566e-05,2
98,1778488981556,-0.0039889771999999995,0.007709712399999999,0.0008080020000000143,2
99,1778488981560,-0.0039889771999999995,0.007709712399999999,0.0008080020000000143,2
100,1778488981564,-0.0039343772,0.0075264124,-4.219800000011993e-05,2
101,1778488981568,-0.0039343772,0.0075264124,-4.219800000011993e-05,2
102,1778488981571,-0.0036964771999999997,0.0072456124,0.0007573019999999441,2
103,1778488981575,-0.0036964771999999997,0.0072456124,0.0007573019999999441,2
104,1778488981579,-0.0045544771999999996,0.0063369124,-0.00040099800000000137,2
105,1778488981583,-0.0045544771999999996,0.0063369124,-0.00040099800000000137,2
106,1778488981587,-0.0048352772,0.006145812400000001,0.0005935020000000079,2
107,1778488981591,-0.0048352772,0.006145812400000001,0.0005935020000000079,2
108,1778488981595,-0.004683177199999999,0.0057948124,0.00010990200000009047,2
109,1778488981598,-0.004683177199999999,0.0057948124,0.00010990200000009047,2
110,1778488981602,-0.004328277199999999,0.0071130124,0.0004960019999999243,2
111,1778488981606,-0.004328277199999999,0.0071130124,0.0004960019999999243,2
112,1778488981610,-0.004328277199999999,0.0071130124,0.00012940199999992956,2
113,1778488981613,-0.0041995771999999995,0.0082089124,0.00012940199999992956,2
114,1778488981617,-0.0041995771999999995,0.0082089124,0.00012940199999992956,2
115,1778488981621,-0.0047260772,0.0077838123999999995,0.0006013019999998991,2
116,1778488981625,-0.0047260772,0.0077838123999999995,0.0006013019999998991,2
117,1778488981628,-0.0046129772,0.0072729124,0.000737801999999883,2
118,1778488981632,-0.0046129772,0.0072729124,0.000737801999999883,2
119,1778488981636,-0.004573977199999999,0.0062628124,-0.00033859799999998337,2
120,1778488981640,-0.004573977199999999,0.0062628124,-0.00033859799999998337,2
121,1778488981643,-0.0037432772,0.005966412400000001,0.0012409020000000836,2
122,1778488981647,-0.0037432772,0.005966412400000001,0.0012409020000000836,2
123,1778488981651,-0.0036730771999999995,0.0058923124,-0.00043219800000001037,2
124,1778488981655,-0.0036730771999999995,0.0058923124,-0.00043219800000001037,2
0,1778488981845,-0.004562277199999999,0.0060912124000000005,7.09019999999682e-05,2
1,1778488981848,-0.004562277199999999,0.0060912124000000005,7.09019999999682e-05,2
2,1778488981852,-0.0050965772,0.0057948124,0.0008782019999999235,2
3,1778488981856,-0.0050965772,0.0057948124,0.0008782019999999235,2
4,1778488981860,-0.0048664772,0.0060249124000000005,0.00011380199999992506,2
5,1778488981863,-0.0048664772,0.0060249124000000005,0.00011380199999992506,2
6,1778488981867,-0.0043906772,0.007354812400000001,0.0010771019999999253,2
7,1778488981871,-0.0043906772,0.007354812400000001,0.0010771019999999253,2
8,1778488981875,-0.0024874771999999993,0.0078462124,0.0002815019999999179,2
9,1778488981878,-0.0024874771999999993,0.0078462124,0.0002815019999999179,2
10,1778488981882,-0.0033532771999999996,0.008286912399999999,0.00016840200000005183,2
11,1778488981886,-0.0033532771999999996,0.008286912399999999,0.00016840200000005183,2
12,1778488981890,-0.0033532771999999996,0.0061614124,0.000644202000000078,2
13,1778488981894,-0.0053032771999999995,0.0061614124,0.000644202000000078,2
14,1778488981897,-0.0053032771999999995,0.0061614124,0.000644202000000078,2
15,1778488981901,-0.0057985772,0.0058065124,-7.098000000054297e-06,2
16,1778488981905,-0.0057985772,0.0058065124,-7.098000000054297e-06,2
17,1778488981908,-0.0037081771999999996,0.005588112400000001,-0.00034249800000004,2
18,1778488981912,-0.0037081771999999996,0.005588112400000001,-0.00034249800000004,2
19,1778488981916,-0.0029749771999999994,0.0061419123999999995,0.000800201999999901,2
20,1778488981920,-0.0029749771999999994,0.0061419123999999995,0.000800201999999901,2
21,1778488981923,-0.004195677199999999,0.0095778124,0.00037900200000000155,2
22,1778488981927,-0.004195677199999999,0.0095778124,0.00037900200000000155,2
23,1778488981931,-0.0041761772,0.006177012400000001,-0.0003463979999999856,2
24,1778488981935,-0.0041761772,0.006177012400000001,-0.0003463979999999856,2
25,1778488981938,-0.0061222772,0.0079788124,0.0016036020000000217,2
26,1778488981942,-0.0061222772,0.0079788124,0.0016036020000000217,2
27,1778488981946,-0.0061222772,0.007288512400000001,-0.0010444980000000204,2
28,1778488981950,-0.0048742772,0.007288512400000001,-0.0010444980000000204,2
29,1778488981953,-0.0048742772,0.007288512400000001,0.0010576020000000862,2
30,1778488981957,-0.005638677199999999,0.0054204124,0.0010576020000000862,2
31,1778488981961,-0.005638677199999999,0.0054204124,0.0010576020000000862,2
32,1778488981964,-0.0043009772,0.0052215123999999995,-0.00015529799999998602,2
33,1778488981968,-0.0043009772,0.0052215123999999995,-0.00015529799999998602,2
34,1778488981972,-0.0036847772,0.009176112399999999,0.0006910020000000915,2
35,1778488981976,-0.0036847772,0.009176112399999999,0.0006910020000000915,2
36,1778488981980,-0.0030802771999999994,0.007744812399999999,-0.00020209799999999951,2
37,1778488981983,-0.0030802771999999994,0.007744812399999999,-0.00020209799999999951,2
38,1778488981987,-0.0034546772,0.007132512400000001,0.0007729019999999486,2
39,1778488981991,-0.0034546772,0.007132512400000001,0.0007729019999999486,2
40,1778488981994,-0.004129377199999999,0.005732412400000001,0.00010600200000003383,2
41,1778488981998,-0.004129377199999999,0.005732412400000001,0.00010600200000003383,2
42,1778488982002,-0.004129377199999999,0.0064734124,0.0005077019999998721,2
43,1778488982006,-0.0049522772,0.0064734124,0.0005077019999998721,2
44,1778488982009,-0.0049522772,0.0064734124,9.820199999992056e-05,2
45,1778488982013,-0.0048976772,0.0062472124,9.820199999992056e-05,2
46,1778488982017,-0.0048976772,0.0062472124,9.820199999992056e-05,2
47,1778488982021,-0.0050146772,0.005989812400000001,0.0006793019999999216,2
48,1778488982024,-0.0050146772,0.005989812400000001,0.0006793019999999216,2
49,1778488982028,-0.0038875771999999998,0.0081231124,0.0002932020000000878,2
50,1778488982032,-0.0038875771999999998,0.0081231124,0.0002932020000000878,2
51,1778488982036,-0.0034117771999999996,0.0086418124,0.00023080200000006983,2
52,1778488982039,-0.0034117771999999996,0.0086418124,0.00023080200000006983,2
53,1778488982043,-0.0040474772,0.0074172123999999996,0.0007963020000000664,2
54,1778488982047,-0.0040474772,0.0074172123999999996,0.0007963020000000664,2
55,1778488982050,-0.0046870772,0.006500712400000001,-0.00013969799999998152,2
56,1778488982054,-0.0046870772,0.006500712400000001,-0.00013969799999998152,2
57,1778488982058,-0.0046870772,0.0063291124,0.000644202000000078,2
58,1778488982062,-0.0058765772,0.0063291124,0.000644202000000078,2
59,1778488982065,-0.0058765772,0.0063291124,-5.3898000000067794e-05,2
60,1778488982069,-0.0056659772,0.0055257124000000005,-5.3898000000067794e-05,2
61,1778488982073,-0.0056659772,0.0055257124000000005,-5.3898000000067794e-05,2
62,1778488982077,-0.0047104772,0.006543612400000001,0.00041800199999990177,2
63,1778488982080,-0.0047104772,0.006543612400000001,0.00041800199999990177,2
64,1778488982084,-0.0037393771999999995,0.007374312400000001,-2.2698000000058796e-05,2
65,1778488982089,-0.0037393771999999995,0.007374312400000001,-2.2698000000058796e-05,2
66,1778488982093,-0.0032557771999999997,0.007865712399999999,0.00039460200000000605,2
67,1778488982097,-0.0032557771999999997,0.007865712399999999,0.00039460200000000605,2
68,1778488982101,-0.0034078771999999998,0.008150412400000001,0.0003595019999999404,2
69,1778488982105,-0.0034078771999999998,0.008150412400000001,0.0003595019999999404,2
70,1778488982108,-0.0043126772,0.0066957124,0.00013720200000004283,2
71,1778488982112,-0.0043126772,0.0066957124,0.00013720200000004283,2
72,1778488982116,-0.0048664772,0.0054204124,0.0006286020000000735,2
73,1778488982120,-0.0048664772,0.0054204124,0.0006286020000000735,2
74,1778488982123,-0.0050848772,0.0061731124,0.0002425020000000177,2
75,1778488982127,-0.0050848772,0.0061731124,0.0002425020000000177,2
76,1778488982131,-0.0048664772,0.006765912400000001,-0.00012409799999997702,2
77,1778488982135,-0.0048664772,0.006765912400000001,-0.00012409799999997702,2
78,1778488982139,-0.0040240772,0.0074718124,0.0004687019999999719,2
79,1778488982143,-0.0040240772,0.0074718124,0.0004687019999999719,2
80,1778488982146,-0.0037627771999999998,0.007854012399999999,-5.779800000012443e-05,2
81,1778488982150,-0.0037627771999999998,0.007854012399999999,-5.779800000012443e-05,2
82,1778488982154,-0.0035053771999999997,0.007553712400000001,1.2402000000006838e-05,2
83,1778488982158,-0.0035053771999999997,0.007553712400000001,1.2402000000006838e-05,2
84,1778488982162,-0.0035053771999999997,0.0060054124,0.0005623019999999989,2
85,1778488982165,-0.0042697772,0.0060054124,0.0005623019999999989,2
86,1778488982169,-0.0042697772,0.0060054124,0.0005623019999999989,2
87,1778488982173,-0.0046870772,0.0058260124,0.0004843019999999764,2
88,1778488982177,-0.0046870772,0.0058260124,0.0004843019999999764,2
89,1778488982180,-0.0053578772,0.0058962124,0.0004999019999999809,2
90,1778488982184,-0.0053578772,0.0058962124,0.0004999019999999809,2
91,1778488982188,-0.0050185772,0.007779912400000002,0.0003361020000000447,2
92,1778488982192,-0.0050185772,0.007779912400000002,0.0003361020000000447,2
93,1778488982195,-0.0044764772,0.007842312399999999,0.00011380199999992506,2
94,1778488982199,-0.0044764772,0.007842312399999999,0.00011380199999992506,2
95,1778488982203,-0.0037393771999999995,0.0077136124,0.0008782019999999235,2
96,1778488982207,-0.0037393771999999995,0.0077136124,0.0008782019999999235,2
97,1778488982210,-0.0036301771999999997,0.0070467124,0.0002620020000000788,2
98,1778488982214,-0.0036301771999999997,0.0070467124,0.0002620020000000788,2
99,1778488982218,-0.0038836771999999995,0.0064929124,0.0007885019999999531,2
100,1778488982227,-0.0044491771999999995,0.0056622124,0.00020740199999995206,2
101,1778488982231,-0.0044491771999999995,0.0056622124,0.00020740199999995206,2
102,1778488982235,-0.0052525772,0.006122412400000001,0.0004765020000000852,2
103,1778488982239,-0.0052525772,0.006122412400000001,0.0004765020000000852,2
104,1778488982243,-0.0050107772,0.007584912400000001,5.53019999999637e-05,2
105,1778488982247,-0.0050107772,0.007584912400000001,5.53019999999637e-05,2
106,1778488982250,-0.0044140772,0.007698012399999999,0.00021910199999989992,2
107,1778488982255,-0.0044140772,0.007698012399999999,0.00021910199999989992,2
108,1778488982259,-0.0038953772,0.0070740123999999995,-1.879800000000216e-05,2
109,1778488982263,-0.0038953772,0.0070740123999999995,-1.879800000000216e-05,2
110,1778488982266,-0.0040045772,0.0067698124,0.0006052019999999558,2
111,1778488982270,-0.0040045772,0.0067698124,0.0006052019999999558,2
112,1778488982274,-0.0040045772,0.007007712400000001,6.700199999991156e-05,2
113,1778488982278,-0.0040123772,0.007007712400000001,6.700199999991156e-05,2
114,1778488982281,-0.0040123772,0.007007712400000001,0.0005974020000000645,2
115,1778488982285,-0.004694877199999999,0.0059742124,0.0005974020000000645,2
116,1778488982289,-0.004694877199999999,0.0059742124,0.0005974020000000645,2
117,1778488982293,-0.0045115772,0.0068829124,0.0004063019999999539,2
118,1778488982296,-0.0045115772,0.0068829124,0.0004063019999999539,2
119,1778488982300,-0.0045115772,0.0073353124,-0.0001318980000000903,2
120,1778488982304,-0.0045115772,0.0073353124,-0.0001318980000000903,2
121,1778488982308,-0.0043048771999999996,0.0078462124,0.0005974020000000645,2
122,1778488982311,-0.0043048771999999996,0.0078462124,0.0005974020000000645,2
123,1778488982315,-0.0041098772,0.006719112400000001,-0.0002917979999999699,2
124,1778488982319,-0.0041098772,0.006719112400000001,-0.0002917979999999699,2
0,1778488982408,-0.0040006772,0.0071247124,-0.0007363979999999871,2
1,1778488982448,-0.0046363772,0.0076785124,0.0016465019999999785,2
2,1778488982515,-0.0038524771999999996,0.0077838123999999995,0.0011590020000000045,2
3,1778488982519,-0.0038524771999999996,0.0077838123999999995,0.0011590020000000045,2
4,1778488982523,-0.0040318772,0.007620012400000001,0.0003439019999999359,2
5,1778488982527,-0.0040318772,0.007620012400000001,0.0003439019999999359,2
6,1778488982531,-0.0042268772,0.0070623123999999995,0.001018601999999964,2
7,1778488982534,-0.0042268772,0.0070623123999999995,0.001018601999999964,2
8,1778488982538,-0.0041722771999999995,0.005935212400000001,2.41019999999547e-05,2
9,1778488982542,-0.0041722771999999995,0.005935212400000001,2.41019999999547e-05,2
10,1778488982546,-0.0041137772,0.005689512400000001,0.001081001999999982,2
11,1778488982550,-0.0041137772,0.005689512400000001,0.001081001999999982,2
12,1778488982554,-0.0041137772,0.006586512400000001,-0.0005335980000000396,2
13,1778488982558,-0.0041449772,0.006586512400000001,-0.0005335980000000396,2
14,1778488982561,-0.0041449772,0.007795512399999999,0.0007846019999998965,2
15,1778488982565,-0.0041137772,0.007795512399999999,0.0007846019999998965,2
16,1778488982569,-0.0041137772,0.007795512399999999,0.0007846019999998965,2
17,1778488982573,-0.0040357772,0.0079671124,-0.00039709800000005575,2
18,1778488982576,-0.0040357772,0.0079671124,-0.00039709800000005575,2
19,1778488982580,-0.0043594772,0.007397712400000001,0.0007105019999999306,2
20,1778488982584,-0.0043594772,0.007397712400000001,0.0007105019999999306,2
21,1778488982588,-0.0041605772,0.0068283124,4.3602000000015836e-05,2
22,1778488982592,-0.0041605772,0.0068283124,4.3602000000015836e-05,2
23,1778488982595,-0.004706577199999999,0.0052293124,2.8002000000011337e-05,2
24,1778488982599,-0.004706577199999999,0.0052293124,2.8002000000011337e-05,2
25,1778488982603,-0.0050107772,0.0060366124,0.0006988019999999828,2
26,1778488982607,-0.0050107772,0.0060366124,0.0006988019999999828,2
27,1778488982611,-0.0046909772,0.0070896124000000005,-0.00017479800000004715,2
28,1778488982615,-0.0046909772,0.0070896124000000005,-0.00017479800000004715,2
29,1778488982618,-0.004651977199999999,0.008173812400000001,0.0008158019999999055,2
30,1778488982622,-0.004651977199999999,0.008173812400000001,0.0008158019999999055,2
31,1778488982626,-0.0043711772,0.007947612400000002,-0.0002605979999999609,2
32,1778488982630,-0.0043711772,0.007947612400000002,-0.0002605979999999609,2
33,1778488982633,-0.0043711772,0.0075225124,0.0008158019999999055,2
34,1778488982637,-0.0039343772,0.0075225124,0.0008158019999999055,2
35,1778488982642,-0.0039343772,0.0075225124,-0.00028399800000007865,2
36,1778488982645,-0.004195677199999999,0.006079512400000001,-0.00028399800000007865,2
37,1778488982649,-0.004195677199999999,0.006079512400000001,0.0010303019999999118,2
38,1778488982653,-0.0040162772,0.006122412400000001,0.0010303019999999118,2
39,1778488982657,-0.0040162772,0.006122412400000001,-0.0004243980000000081,2
40,1778488982661,-0.0040981772,0.0062511124,-0.0004243980000000081,2
41,1778488982665,-0.0040981772,0.0062511124,-0.0004243980000000081,2
42,1778488982668,-0.0041098772,0.0069960123999999995,0.0007495020000000529,2
43,1778488982672,-0.0041098772,0.0069960123999999995,0.0007495020000000529,2
44,1778488982676,-0.0041449772,0.007838412400000001,-0.0001630980000000993,2
45,1778488982680,-0.0041449772,0.007838412400000001,-0.0001630980000000993,2
46,1778488982684,-0.0043711772,0.0073470124,0.00013720200000004283,2
47,1778488982687,-0.0043711772,0.0073470124,0.00013720200000004283,2
48,1778488982691,-0.0045817772,0.006921912400000001,0.0005974020000000645,2
49,1778488982695,-0.0045817772,0.006921912400000001,0.0005974020000000645,2
50,1778488982699,-0.0048040771999999995,0.0058962124,0.0005350020000000465,2
51,1778488982702,-0.0048040771999999995,0.0058962124,0.0005350020000000465,2
52,1778488982706,-0.0050107772,0.006500712400000001,0.0006286020000000735,2
53,1778488982710,-0.0050107772,0.006500712400000001,0.0006286020000000735,2
54,1778488982714,-0.0046909772,0.0069804124,0.0003400019999998793,2
55,1778488982718,-0.0046909772,0.0069804124,0.0003400019999998793,2
56,1778488982722,-0.0046909772,0.0079398124,0.0004687019999999719,2
57,1778488982725,-0.0043204772,0.0079398124,0.0004687019999999719,2
58,1778488982729,-0.0043204772,0.0079398124,-0.00044779800000001486,2
59,1778488982733,-0.0043165771999999995,0.0077721123999999996,-0.00044779800000001486,2
60,1778488982737,-0.0043165771999999995,0.0077721123999999996,-0.00044779800000001486,2
61,1778488982740,-0.0045310772,0.0076551124000000005,0.0006403020000000214,2
62,1778488982744,-0.0045310772,0.0076551124000000005,0.0006403020000000214,2
63,1778488982748,-0.004472577199999999,0.006508512400000001,-0.0005023980000000306,2
64,1778488982752,-0.004472577199999999,0.006508512400000001,-0.0005023980000000306,2
65,1778488982756,-0.0044452772,0.0057636124,0.0013969019999999065,2
66,1778488982760,-0.0044452772,0.0057636124,0.0013969019999999065,2
67,1778488982763,-0.004063077199999999,0.0058728124,6.700199999991156e-05,2
68,1778488982767,-0.004063077199999999,0.0058728124,6.700199999991156e-05,2
69,1778488982771,-0.0039031771999999995,0.0067815124,0.0007807020000000619,2
70,1778488982775,-0.0039031771999999995,0.0067815124,0.0007807020000000619,2
71,1778488982779,-0.0037861771999999996,0.0078813124,0.0003595019999999404,2
72,1778488982783,-0.0037861771999999996,0.0078813124,0.0003595019999999404,2
73,1778488982786,-0.0039031771999999995,0.007752612400000001,0.0006286020000000735,2
74,1778488982790,-0.0039031771999999995,0.007752612400000001,0.0006286020000000735,2
75,1778488982794,-0.0044452772,0.0068673124000000006,5.53019999999637e-05,2
76,1778488982798,-0.0044452772,0.0068673124000000006,5.53019999999637e-05,2
77,1778488982802,-0.004616877199999999,0.0061692124000000004,0.00034780199999999255,2
78,1778488982806,-0.004616877199999999,0.0061692124000000004,0.00034780199999999255,2
79,1778488982810,-0.004616877199999999,0.0060834124,0.0003127019999999269,2
80,1778488982813,-0.004616877199999999,0.0060834124,0.0003127019999999269,2
81,1778488982817,-0.004616877199999999,0.0060834124,0.00010600200000003383,2
82,1778488982822,-0.004706577199999999,0.006567012400000001,0.00010600200000003383,2
83,1778488982825,-0.004706577199999999,0.008138712400000001,0.0009523019999998893,2
84,1778488982829,-0.004417977199999999,0.008138712400000001,0.0009523019999998893,2
85,1778488982833,-0.004417977199999999,0.008138712400000001,-2.6598000000115432e-05,2
86,1778488982837,-0.0044335772,0.0078111124,-2.6598000000115432e-05,2
87,1778488982841,-0.0044335772,0.0078111124,-2.6598000000115432e-05,2
88,1778488982845,-0.0041761772,0.007499112400000001,0.0010927019999999298,2
89,1778488982848,-0.0041761772,0.007499112400000001,0.0010927019999999298,2
90,1778488982852,-0.004074777199999999,0.0064617124,-0.00014359800000003815,2
91,1778488982856,-0.004074777199999999,0.0064617124,-0.00014359800000003815,2
92,1778488982860,-0.0044374772,0.0053541123999999995,0.0008548020000000277,2
93,1778488982864,-0.0044374772,0.0053541123999999995,0.0008548020000000277,2
94,1778488982867,-0.0044452772,0.0059742124,0.00018790199999989092,2
95,1778488982871,-0.0044452772,0.0059742124,0.00018790199999989092,2
96,1778488982875,-0.004562277199999999,0.006567012400000001,0.0005935020000000079,2
97,1778488982879,-0.004562277199999999,0.006567012400000001,0.0005935020000000079,2
98,1778488982883,-0.004008477199999999,0.0082089124,0.00041020200000001054,2
99,1778488982886,-0.004008477199999999,0.0082089124,0.00041020200000001054,2
100,1778488982890,-0.0037315772,0.0081114124,0.00045700200000002404,2
101,1778488982894,-0.0037315772,0.0081114124,0.00045700200000002404,2
102,1778488982898,-0.0038485772,0.0072846123999999995,0.00014110199999987742,2
103,1778488982902,-0.0038485772,0.0072846123999999995,0.00014110199999987742,2
104,1778488982905,-0.0038485772,0.005865012400000001,0.00039460200000000605,2
105,1778488982909,-0.0040279771999999995,0.005865012400000001,0.00039460200000000605,2
106,1778488982913,-0.0040279771999999995,0.005865012400000001,0.0005857019999998946,2
107,1778488982917,-0.004538877199999999,0.005989812400000001,0.0005857019999998946,2
108,1778488982921,-0.004538877199999999,0.005989812400000001,0.0005857019999998946,2
109,1778488982925,-0.0047143772,0.005724612400000001,-0.0003463979999999856,2
110,1778488982928,-0.0047143772,0.005724612400000001,-0.0003463979999999856,2
111,1778488982932,-0.0046597771999999996,0.0071559124000000005,0.0012487019999999748,2
112,1778488982936,-0.0046597771999999996,0.0071559124000000005,0.0012487019999999748,2
113,1778488982940,-0.0040357772,0.0075381124,-0.0005569980000000464,2
114,1778488982943,-0.0040357772,0.0075381124,-0.0005569980000000464,2
115,1778488982947,-0.0041254772,0.007506912400000001,0.001112201999999991,2
116,1778488982951,-0.0041254772,0.007506912400000001,0.001112201999999991,2
117,1778488982955,-0.0041683772,0.0070896124000000005,5.53019999999637e-05,2
118,1778488982958,-0.0041683772,0.0070896124000000005,5.53019999999637e-05,2
119,1778488982962,-0.0044101772,0.0060522124,0.0005662020000000555,2
120,1778488982966,-0.0044101772,0.0060522124,0.0005662020000000555,2
121,1778488982970,-0.0045661771999999995,0.0061263124,0.0003439019999999359,2
122,1778488982974,-0.0045661771999999995,0.0061263124,0.0003439019999999359,2
123,1778488982978,-0.0045661771999999995,0.006843912400000001,0.0006286020000000735,2
124,1778488982981,-0.0046558772,0.006843912400000001,0.0006286020000000735,2
0,1778488983167,-0.0042346772,0.0078813124,-2.6598000000115432e-05,2
1,1778488983171,-0.004605177199999999,0.005810412400000001,0.0006520019999999693,2
2,1778488983175,-0.004605177199999999,0.005810412400000001,0.0006520019999999693,2
3,1778488983178,-0.0044335772,0.0060171124,-7.098000000054297e-06,2
4,1778488983182,-0.0044335772,0.0060171124,-7.098000000054297e-06,2
5,1778488983186,-0.0044257772,0.005057712400000001,0.0005857019999998946,2
6,1778488983190,-0.0044257772,0.005057712400000001,0.0005857019999998946,2
7,1778488983193,-0.0044257772,0.006044412400000001,0.0006910020000000915,2
8,1778488983197,-0.0043750772,0.006044412400000001,0.0006910020000000915,2
9,1778488983201,-0.0043750772,0.006044412400000001,-5.779800000012443e-05,2
10,1778488983205,-0.0042307772,0.007729212400000001,-5.779800000012443e-05,2
11,1778488983208,-0.0042307772,0.007729212400000001,-5.779800000012443e-05,2
12,1778488983212,-0.004406277199999999,0.0093594124,0.0007612020000000008,2
13,1778488983216,-0.004406277199999999,0.0093594124,0.0007612020000000008,2
14,1778488983220,-0.004839177199999999,0.0069453124000000005,-0.00041269800000006025,2
15,1778488983223,-0.004839177199999999,0.0069453124000000005,-0.00041269800000006025,2
16,1778488983227,-0.004905477199999999,0.0062511124,0.0010225020000000206,2
17,1778488983231,-0.004905477199999999,0.0062511124,0.0010225020000000206,2
18,1778488983235,-0.004605177199999999,0.0060366124,-7.729799999996352e-05,2
19,1778488983242,-0.004605177199999999,0.0060366124,-7.729799999996352e-05,2
20,1778488983250,-0.004394577199999999,0.0072066123999999995,0.00013720200000004283,2
21,1778488983254,-0.004394577199999999,0.0072066123999999995,0.00013720200000004283,2
22,1778488983258,-0.0042580772,0.0080724124,0.0002581020000000222,2
23,1778488983261,-0.0042580772,0.0080724124,0.0002581020000000222,2
24,1778488983265,-0.0042580772,0.007807212399999999,0.00015670199999988192,2
25,1778488983269,-0.0039538772,0.007807212399999999,0.00015670199999988192,2
26,1778488983273,-0.0039538772,0.007807212399999999,0.00030100199999997905,2
27,1778488983276,-0.0038329771999999996,0.0062511124,0.00030100199999997905,2
28,1778488983280,-0.0038329771999999996,0.0062511124,0.00030100199999997905,2
29,1778488983284,-0.0040435772,0.0049758124,-3.0497999999950023e-05,2
30,1778488983288,-0.0040435772,0.0049758124,-3.0497999999950023e-05,2
31,1778488983292,-0.0041800772,0.004800312400000001,0.0004960019999999243,2
32,1778488983296,-0.0041800772,0.004800312400000001,0.0004960019999999243,2
33,1778488983300,-0.004250277199999999,0.0069453124000000005,0.00019960200000006083,2
34,1778488983303,-0.004250277199999999,0.0069453124000000005,0.00019960200000006083,2
35,1778488983307,-0.0042931772,0.007752612400000001,0.00018400200000005633,2
36,1778488983311,-0.0042931772,0.007752612400000001,0.00018400200000005633,2
37,1778488983315,-0.0037081771999999996,0.0084702124,0.000800201999999901,2
38,1778488983319,-0.0037081771999999996,0.0084702124,0.000800201999999901,2
39,1778488983322,-0.0041098772,0.007530312400000001,-0.0002332980000000085,2
40,1778488983326,-0.0041098772,0.007530312400000001,-0.0002332980000000085,2
41,1778488983330,-0.0046558772,0.0065397124,0.00044140200000001954,2
42,1778488983334,-0.0046558772,0.0065397124,0.00044140200000001954,2
43,1778488983337,-0.0050419772,0.0057714124,0.0004687019999999719,2
44,1778488983341,-0.0050419772,0.0057714124,0.0004687019999999719,2
45,1778488983345,-0.0050419772,0.0060288124,0.0007807020000000619,2
46,1778488983349,-0.0050458772,0.0060288124,0.0007807020000000619,2
47,1778488983353,-0.0050458772,0.0060288124,0.0007807020000000619,2
48,1778488983357,-0.004651977199999999,0.0070272124,0.00031660199999998355,2
49,1778488983361,-0.004651977199999999,0.007986612399999999,0.0005740019999999468,2
50,1778488983365,-0.0040240772,0.007986612399999999,0.0005740019999999468,2
51,1778488983369,-0.0040240772,0.007986612399999999,0.0005740019999999468,2
52,1778488983373,-0.0037588771999999995,0.0079281124,0.00020740199999995206,2
53,1778488983376,-0.0037588771999999995,0.0079281124,0.00020740199999995206,2
54,1778488983380,-0.003996777199999999,0.006964812400000001,0.0005701019999998901,2
55,1778488983384,-0.003996777199999999,0.006964812400000001,0.0005701019999998901,2
56,1778488983388,-0.0044530772,0.0061146124,0.00030100199999997905,2
57,1778488983392,-0.0044530772,0.0061146124,0.00030100199999997905,2
58,1778488983396,-0.004538877199999999,0.0053424124,0.00014110199999987742,2
59,1778488983399,-0.004538877199999999,0.0053424124,0.00014110199999987742,2
60,1778488983403,-0.0044608771999999994,0.006344712400000001,0.0007300019999999918,2
61,1778488983407,-0.0044608771999999994,0.006344712400000001,0.0007300019999999918,2
62,1778488983411,-0.004129377199999999,0.0075108124000000005,0.00046480199999991527,2
63,1778488983415,-0.004129377199999999,0.0075108124000000005,0.00046480199999991527,2
64,1778488983419,-0.0038680771999999998,0.0087354124,0.0005233019999998766,2
65,1778488983422,-0.0038680771999999998,0.0087354124,0.0005233019999998766,2
66,1778488983426,-0.0038329771999999996,0.008150412400000001,0.0002464020000000743,2
67,1778488983430,-0.0038329771999999996,0.008150412400000001,0.0002464020000000743,2
68,1778488983434,-0.0041215772,0.0065514124,0.0003127019999999269,2
69,1778488983438,-0.0041215772,0.0065514124,0.0003127019999999269,2
70,1778488983442,-0.0047572772,0.0052956124,0.0004687019999999719,2
71,1778488983446,-0.0047572772,0.0052956124,0.0004687019999999719,2
72,1778488983449,-0.0047884772,0.0055413124,6.310200000007697e-05,2
73,1778488983453,-0.0047884772,0.0055413124,6.310200000007697e-05,2
74,1778488983457,-0.0047884772,0.006500712400000001,0.00015670199999988192,2
75,1778488983461,-0.0048157771999999995,0.006500712400000001,0.00015670199999988192,2
76,1778488983465,-0.0048157771999999995,0.006500712400000001,0.0002932020000000878,2
77,1778488983468,-0.0042268772,0.007877412399999999,0.0002932020000000878,2
78,1778488983472,-0.0042268772,0.007877412399999999,0.0002932020000000878,2
79,1778488983476,-0.0040864772,0.008548212400000001,0.00016060199999993856,2
80,1778488983480,-0.0040864772,0.008548212400000001,0.00016060199999993856,2
81,1778488983484,-0.0043048771999999996,0.0077721123999999996,0.0005974020000000645,2
82,1778488983487,-0.0043048771999999996,0.0077721123999999996,0.0005974020000000645,2
83,1778488983491,-0.0042034772,0.0064929124,0.0008665019999999756,2
84,1778488983495,-0.0042034772,0.0064929124,0.0008665019999999756,2
85,1778488983499,-0.0045271771999999995,0.0054048124,0.0006169019999999036,2
86,1778488983503,-0.0045271771999999995,0.0054048124,0.0006169019999999036,2
87,1778488983506,-0.0048196772,0.005779212400000001,0.0006286020000000735,2
88,1778488983510,-0.0048196772,0.005779212400000001,0.0006286020000000735,2
89,1778488983514,-0.0045427772,0.007662912399999999,0.0005779020000000034,2
90,1778488983518,-0.0045427772,0.007662912399999999,0.0005779020000000034,2
91,1778488983522,-0.004273677199999999,0.0081231124,0.0001333019999999862,2
92,1778488983525,-0.004273677199999999,0.0081231124,0.0001333019999999862,2
93,1778488983529,-0.004273677199999999,0.008017812400000001,0.0005584019999999423,2
94,1778488983533,-0.0039538772,0.008017812400000001,0.0005584019999999423,2
95,1778488983537,-0.0039538772,0.0065397124,-0.0005023980000000306,2
96,1778488983541,-0.003973377199999999,0.0065397124,-0.0005023980000000306,2
97,1778488983545,-0.003973377199999999,0.0065397124,-0.0005023980000000306,2
98,1778488983548,-0.0043360772,0.006044412400000001,0.0002659019999999134,2
99,1778488983552,-0.0043360772,0.006044412400000001,0.0002659019999999134,2
100,1778488983556,-0.004495977199999999,0.0055374124,0.00030100199999997905,2
101,1778488983560,-0.004495977199999999,0.0055374124,0.00030100199999997905,2
102,1778488983564,-0.0047143772,0.006375912400000001,0.0005467019999999944,2
103,1778488983568,-0.0047143772,0.006375912400000001,0.0005467019999999944,2
104,1778488983572,-0.0045466772,0.007631712400000001,9.820199999992056e-05,2
105,1778488983575,-0.0045466772,0.007631712400000001,9.820199999992056e-05,2
106,1778488983579,-0.0043477772,0.0086301124,0.0011551019999999478,2
107,1778488983583,-0.0043477772,0.0086301124,0.0011551019999999478,2
108,1778488983587,-0.0041683772,0.0076122124,0.0001177019999999817,2
109,1778488983591,-0.0041683772,0.0076122124,0.0001177019999999817,2
110,1778488983595,-0.0043906772,0.0065124124000000005,0.0010225020000000206,2
111,1778488983599,-0.0043906772,0.0065124124000000005,0.0010225020000000206,2
112,1778488983603,-0.004562277199999999,0.005779212400000001,0.00044920199999991077,2
113,1778488983606,-0.004562277199999999,0.005779212400000001,0.00044920199999991077,2
114,1778488983610,-0.0045193772,0.0055179124,0.00017620199999994306,2
115,1778488983614,-0.0045193772,0.0055179124,0.00017620199999994306,2
116,1778488983618,-0.004129377199999999,0.0071169124,0.0004843019999999764,2
117,1778488983622,-0.004129377199999999,0.0071169124,0.0004843019999999764,2
118,1778488983625,-0.0041917772,0.0076668124,-0.00040099800000000137,2
119,1778488983629,-0.0041917772,0.0076668124,-0.00040099800000000137,2
120,1778488983633,-0.0041917772,0.008298612399999999,0.00020740199999995206,2
121,1778488983637,-0.0040864772,0.008298612399999999,0.00020740199999995206,2
122,1778488983641,-0.0040864772,0.008298612399999999,-0.000467297999999965,2
123,1778488983644,-0.0042775771999999995,0.007085712400000001,-0.000467297999999965,2
124,1778488983648,-0.0042775771999999995,0.007085712400000001,-0.000467297999999965,2
0,1778488983826,-0.0040123772,0.0073665124000000005,-0.00024109800000012178,2
1,1778488983830,-0.0046324771999999995,0.0067152124,0.0005350020000000465,2
2,1778488983834,-0.004394577199999999,0.007542012400000001,8.260199999991606e-05,2
3,1778488983838,-0.004394577199999999,0.007542012400000001,8.260199999991606e-05,2
4,1778488983842,-0.0037159771999999997,0.008489712400000002,0.0010147019999999073,2
5,1778488983846,-0.0037159771999999997,0.008489712400000002,0.0010147019999999073,2
6,1778488983849,-0.0040786772,0.007308012400000001,6.700199999991156e-05,2
7,1778488983853,-0.0040786772,0.007308012400000001,6.700199999991156e-05,2
8,1778488983857,-0.0040786772,0.006676212400000001,0.0010927019999999298,2
9,1778488983861,-0.0041995771999999995,0.006676212400000001,0.0010927019999999298,2
10,1778488983865,-0.0041995771999999995,0.005256612400000001,-0.0007090980000000347,2
11,1778488983869,-0.0045115772,0.005256612400000001,-0.0007090980000000347,2
12,1778488983872,-0.0045115772,0.005256612400000001,0.001299402000000045,2
13,1778488983876,-0.0045271771999999995,0.0059469124000000005,0.001299402000000045,2
14,1778488983880,-0.0045271771999999995,0.0059469124000000005,0.001299402000000045,2
15,1778488983884,-0.0041488772,0.0068400124,-0.0005842979999999987,2
16,1778488983888,-0.0041488772,0.0068400124,-0.0005842979999999987,2
17,1778488983893,-0.004063077199999999,0.007662912399999999,0.0009991019999999028,2
18,1778488983897,-0.004063077199999999,0.008439012400000001,-0.00020599800000005615,2
19,1778488983901,-0.0037588771999999995,0.008439012400000001,-0.00020599800000005615,2
20,1778488983904,-0.0037588771999999995,0.008439012400000001,0.0009016020000000412,2
21,1778488983908,-0.004351677199999999,0.007253412400000001,0.0009016020000000412,2
22,1778488983912,-0.004351677199999999,0.007253412400000001,0.0009016020000000412,2
23,1778488983916,-0.0044140772,0.0064383124,0.00016840200000005183,2
24,1778488983920,-0.0044140772,0.0064383124,0.00016840200000005183,2
25,1778488983923,-0.0049093771999999996,0.005720712400000001,0.00042580200000001504,2
26,1778488983927,-0.0049093771999999996,0.005720712400000001,0.00042580200000001504,2
27,1778488983931,-0.0048469772,0.006508512400000001,0.0004687019999999719,2
28,1778488983935,-0.0048469772,0.006508512400000001,0.0004687019999999719,2
29,1778488983939,-0.004495977199999999,0.007331412400000001,0.0002893020000000312,2
30,1778488983942,-0.004495977199999999,0.007331412400000001,0.0002893020000000312,2
31,1778488983946,-0.004074777199999999,0.0081465124,0.0006013019999998991,2
32,1778488983950,-0.004074777199999999,0.0081465124,0.0006013019999998991,2
33,1778488983954,-0.0041917772,0.007826712400000001,-6.169799999995902e-05,2
34,1778488983958,-0.0041917772,0.007826712400000001,-6.169799999995902e-05,2
35,1778488983962,-0.003918777199999999,0.0068673124000000006,0.0010654019999999775,2
36,1778488983966,-0.003918777199999999,0.0068673124000000006,0.0010654019999999775,2
37,1778488983969,-0.0043867772,0.0055413124,-0.0004243980000000081,2
38,1778488983973,-0.0043867772,0.0055413124,-0.0004243980000000081,2
39,1778488983977,-0.0043867772,0.0054984123999999995,0.0014008019999999632,2
40,1778488983981,-0.0044218771999999995,0.0054984123999999995,0.0014008019999999632,2
41,1778488983985,-0.0044218771999999995,0.0064929124,-0.00038539799999999687,2
42,1778488983989,-0.0043009772,0.0064929124,-0.00038539799999999687,2
43,1778488983993,-0.0043009772,0.0064929124,0.000675402000000087,2
44,1778488983996,-0.0041566772,0.0075108124000000005,0.000675402000000087,2
45,1778488984000,-0.0041566772,0.0075108124000000005,4.3602000000015836e-05,2
46,1778488984004,-0.0038212771999999997,0.008595012400000001,4.3602000000015836e-05,2
47,1778488984008,-0.0038212771999999997,0.008595012400000001,4.3602000000015836e-05,2
48,1778488984012,-0.004195677199999999,0.007487412400000001,0.00045700200000002404,2
49,1778488984016,-0.004195677199999999,0.007487412400000001,0.00045700200000002404,2
50,1778488984019,-0.0040357772,0.0064071124,-0.0003151979999999766,2
51,1778488984023,-0.0040357772,0.0064071124,-0.0003151979999999766,2
52,1778488984027,-0.0047104772,0.005865012400000001,0.0005701019999998901,2
53,1778488984031,-0.0047104772,0.005865012400000001,0.0005701019999998901,2
54,1778488984035,-0.004772877199999999,0.006387612400000001,0.0005935020000000079,2
55,1778488984038,-0.004772877199999999,0.006387612400000001,0.0005935020000000079,2
56,1778488984042,-0.0047923772,0.0066411123999999995,-9.289799999996802e-05,2
57,1778488984046,-0.0047923772,0.0066411123999999995,-9.289799999996802e-05,2
58,1778488984050,-0.004183977199999999,0.008263512399999999,0.00039460200000000605,2
59,1778488984054,-0.004183977199999999,0.008263512399999999,0.00039460200000000605,2
60,1778488984058,-0.0044257772,0.007709712399999999,-0.0002332980000000085,2
61,1778488984062,-0.0044257772,0.007709712399999999,-0.0002332980000000085,2
62,1778488984066,-0.0040435772,0.0071364124,0.0010147019999999073,2
63,1778488984070,-0.0040435772,0.0071364124,0.0010147019999999073,2
64,1778488984073,-0.0043594772,0.005712912400000001,-0.0008767980000000276,2
65,1778488984077,-0.0043594772,0.005712912400000001,-0.0008767980000000276,2
66,1778488984081,-0.0043594772,0.0056856124,0.0012292019999999137,2
67,1778488984085,-0.0046090772,0.0056856124,0.0012292019999999137,2
68,1778488984088,-0.0046090772,0.0056856124,-0.00030739799999997437,2
69,1778488984092,-0.0046480772,0.006508512400000001,-0.00030739799999997437,2
70,1778488984096,-0.0046480772,0.006508512400000001,-0.00030739799999997437,2
71,1778488984100,-0.0044608771999999994,0.0073002124000000005,0.001330602000000054,2
72,1778488984104,-0.0044608771999999994,0.0073002124000000005,0.001330602000000054,2
73,1778488984108,-0.0042034772,0.0084858124,0.00015670199999988192,2
74,1778488984112,-0.0042034772,0.0084858124,0.00015670199999988192,2
75,1778488984115,-0.004250277199999999,0.0077604124,0.0005662020000000555,2
76,1778488984119,-0.004250277199999999,0.0077604124,0.0005662020000000555,2
77,1778488984123,-0.0041722771999999995,0.006699612400000001,-0.0005140979999999785,2
78,1778488984127,-0.0041722771999999995,0.006699612400000001,-0.0005140979999999785,2
79,1778488984131,-0.004605177199999999,0.005876712400000001,0.0011551019999999478,2
80,1778488984135,-0.004605177199999999,0.005876712400000001,0.0011551019999999478,2
81,1778488984138,-0.0044920772,0.006188712400000001,0.000769001999999892,2
82,1778488984142,-0.0044920772,0.006188712400000001,0.000769001999999892,2
83,1778488984146,-0.0048001772,0.0062745124,-0.00015529799999998602,2
84,1778488984150,-0.0048001772,0.0062745124,-0.00015529799999998602,2
85,1778488984154,-0.0041683772,0.007912512400000002,0.0005545019999998856,2
86,1778488984157,-0.0041683772,0.007912512400000002,0.0005545019999998856,2
87,1778488984161,-0.0044491771999999995,0.0079437124,-0.00014359800000003815,2
88,1778488984165,-0.0044491771999999995,0.0079437124,-0.00014359800000003815,2
89,1778488984169,-0.0044491771999999995,0.0073002124000000005,0.0007924020000000098,2
90,1778488984173,-0.004273677199999999,0.0073002124000000005,0.0007924020000000098,2
91,1778488984176,-0.004273677199999999,0.0073002124000000005,-0.0001942980000001083,2
92,1778488984181,-0.0042658772,0.0065904124000000005,-0.0001942980000001083,2
93,1778488984185,-0.0042658772,0.0058494124,0.0009757020000000071,2
94,1778488984189,-0.004285377199999999,0.0058494124,0.0009757020000000071,2
95,1778488984193,-0.004285377199999999,0.0060600124,-0.00045949799999996273,2
96,1778488984196,-0.0042931772,0.0060600124,-0.00045949799999996273,2
97,1778488984200,-0.0042931772,0.0060600124,0.0010888019999998732,2
98,1778488984204,-0.0041722771999999995,0.0072846123999999995,0.0010888019999998732,2
99,1778488984210,-0.0041722771999999995,0.0072846123999999995,0.0010888019999998732,2
100,1778488984216,-0.0040123772,0.0079905124,0.0009952020000000682,2
101,1778488984221,-0.0041098772,0.007584912400000001,0.0009952020000000682,2
102,1778488984225,-0.0041098772,0.0068829124,-4.609799999995452e-05,2
103,1778488984229,-0.0040474772,0.0068829124,-4.609799999995452e-05,2
104,1778488984234,-0.0040474772,0.0055842124,0.0002425020000000177,2
105,1778488984238,-0.0044101772,0.0055842124,0.0002425020000000177,2
106,1778488984242,-0.0042346772,0.0057753124,0.0003712019999998883,2
107,1778488984245,-0.0042346772,0.0057753124,0.0003712019999998883,2
108,1778488984249,-0.0043789772,0.0063681124000000006,0.0003400019999998793,2
109,1778488984253,-0.0043789772,0.0063681124000000006,0.0003400019999998793,2
110,1778488984259,-0.0041917772,0.007729212400000001,0.0005116019999999288,2
111,1778488984263,-0.0041917772,0.007729212400000001,0.0005116019999999288,2
112,1778488984267,-0.0042307772,0.0082323124,-0.00019039800000005165,2
113,1778488984271,-0.0042307772,0.0082323124,-0.00019039800000005165,2
114,1778488984275,-0.0043321772,0.007705812400000001,0.0006988019999999828,2
115,1778488984280,-0.0043321772,0.007705812400000001,0.0006988019999999828,2
116,1778488984283,-0.0045310772,0.006465612400000001,-0.00020989800000011279,2
117,1778488984287,-0.0045310772,0.006465612400000001,-0.00020989800000011279,2
118,1778488984291,-0.0046714771999999995,0.005989812400000001,0.0009211019999998803,2
119,1778488984295,-0.0046714771999999995,0.005989812400000001,0.0009211019999998803,2
120,1778488984299,-0.0044803772,0.006009312400000001,-0.00012019799999992038,2
121,1778488984302,-0.0044803772,0.006009312400000001,-0.00012019799999992038,2
122,1778488984306,-0.0044101772,0.0067464124,0.001299402000000045,2
123,1778488984310,-0.0044101772,0.0067464124,0.001299402000000045,2
124,1778488984314,-0.0039538772,0.007815012400000002,-0.00031909800000003326,2
0,1778488984502,-0.0040708772,0.0051396124,0.0014047020000000198,2
1,1778488984506,-0.0049561772,0.0075732123999999994,-0.00011629800000008579,2
2,1778488984510,-0.0049561772,0.0075732123999999994,-0.00011629800000008579,2
3,1778488984514,-0.005295477199999999,0.005888412400000001,0.00043360199999990627,2
4,1778488984518,-0.005295477199999999,0.005888412400000001,0.00043360199999990627,2
5,1778488984522,-0.0050458772,0.006531912400000001,-7.098000000054297e-06,2
6,1778488984525,-0.0050458772,0.006531912400000001,-7.098000000054297e-06,2
7,1778488984529,-0.0039811772,0.0069492124,-0.0005725980000000509,2
8,1778488984533,-0.0039811772,0.0069492124,-0.0005725980000000509,2
9,1778488984537,-0.0039811772,0.0092658124,0.0004960019999999243,2
10,1778488984540,-0.0035053771999999997,0.0092658124,0.0004960019999999243,2
11,1778488984544,-0.0035053771999999997,0.0092658124,6.700199999991156e-05,2
12,1778488984548,-0.0038641771999999995,0.0086535124,6.700199999991156e-05,2
13,1778488984552,-0.0038641771999999995,0.0086535124,6.700199999991156e-05,2
14,1778488984555,-0.0047377771999999995,0.0059469124000000005,0.00026980199999997005,2
15,1778488984559,-0.0047377771999999995,0.0059469124000000005,0.00026980199999997005,2
16,1778488984563,-0.0052291772,0.0047379124000000005,0.000737801999999883,2
17,1778488984567,-0.0052291772,0.0047379124000000005,0.000737801999999883,2
18,1778488984570,-0.0047923772,0.006711312400000001,0.0004453020000000762,2
19,1778488984575,-0.0047923772,0.006711312400000001,0.0004453020000000762,2
20,1778488984579,-0.0044569772,0.006434412400000001,0.0005779020000000034,2
21,1778488984582,-0.0044569772,0.006434412400000001,0.0005779020000000034,2
22,1778488984586,-0.004417977199999999,0.0072027124,0.0007300019999999918,2
23,1778488984590,-0.004417977199999999,0.0072027124,0.0007300019999999918,2
24,1778488984594,-0.0041449772,0.0086184124,-0.0002917979999999699,2
25,1778488984598,-0.0041449772,0.0086184124,-0.0002917979999999699,2
26,1778488984601,-0.0041995771999999995,0.008033412399999999,0.0008782019999999235,2
27,1778488984605,-0.0041995771999999995,0.008033412399999999,0.0008782019999999235,2
28,1778488984609,-0.0043867772,0.005845512400000001,2.8002000000011337e-05,2
29,1778488984613,-0.0043867772,0.005845512400000001,2.8002000000011337e-05,2
30,1778488984616,-0.0043867772,0.005845512400000001,2.8002000000011337e-05,2
31,1778488984618,-0.0046675772,0.0053541123999999995,0.0005233019999998766,2
32,1778488984621,-0.0046675772,0.0053541123999999995,0.0005233019999998766,2
33,1778488984624,-0.0046675772,0.0053541123999999995,0.0005896019999999513,2
34,1778488984627,-0.0046870772,0.0068907124,0.0005896019999999513,2
35,1778488984629,-0.0046870772,0.0068907124,0.0005896019999999513,2
36,1778488984632,-0.0046870772,0.0068907124,0.0007222019999998785,2
37,1778488984635,-0.0048976772,0.007709712399999999,0.0007222019999998785,2
38,1778488984637,-0.0048976772,0.007709712399999999,0.0007222019999998785,2
39,1778488984640,-0.0048976772,0.0081933124,6.310200000007697e-05,2
40,1778488984643,-0.0045778772,0.0081933124,6.310200000007697e-05,2
41,1778488984645,-0.0045778772,0.0081933124,6.310200000007697e-05,2
42,1778488984648,-0.0045778772,0.0074679124,0.0007027020000000394,2
43,1778488984651,-0.0039655772,0.0074679124,0.0007027020000000394,2
44,1778488984653,-0.0039655772,0.0074679124,0.0007027020000000394,2
45,1778488984656,-0.0039655772,0.006477312400000001,0.0002815019999999179,2
46,1778488984659,-0.0037900772,0.006477312400000001,0.0002815019999999179,2
47,1778488984661,-0.0037900772,0.006477312400000001,0.0002815019999999179,2
48,1778488984664,-0.0037900772,0.005088912400000001,0.0007807020000000619,2
49,1778488984667,-0.0038719771999999996,0.005088912400000001,0.0007807020000000619,2
50,1778488984670,-0.0038719771999999996,0.005088912400000001,0.0007807020000000619,2
51,1778488984672,-0.0043594772,0.0052527124,0.0008275020000000754,2
52,1778488984675,-0.0043594772,0.0052527124,0.0008275020000000754,2
53,1778488984678,-0.0043594772,0.0052527124,0.0008275020000000754,2
54,1778488984681,-0.0043009772,0.0067269124,0.00048040199999991977,2
55,1778488984683,-0.0043009772,0.0067269124,0.00048040199999991977,2
56,1778488984686,-0.0043009772,0.0067269124,0.00048040199999991977,2
57,1778488984689,-0.0042151772,0.008259612400000001,0.0003829020000000582,2
58,1778488984692,-0.0042151772,0.008259612400000001,0.0003829020000000582,2
59,1778488984694,-0.0042151772,0.008259612400000001,0.0003829020000000582,2
60,1778488984697,-0.0038992771999999997,0.008091912400000002,0.00025420199999996555,2
61,1778488984700,-0.0038992771999999997,0.008091912400000002,0.00025420199999996555,2
62,1778488984703,-0.0038992771999999997,0.008091912400000002,0.00025420199999996555,2
63,1778488984705,-0.0037822771999999998,0.0070272124,9.430200000008597e-05,2
64,1778488984708,-0.0037822771999999998,0.0070272124,9.430200000008597e-05,2
65,1778488984711,-0.0037822771999999998,0.0070272124,9.430200000008597e-05,2
66,1778488984714,-0.0041215772,0.006434412400000001,0.0001489019999999907,2
67,1778488984717,-0.0041215772,0.006434412400000001,0.0001489019999999907,2
68,1778488984719,-0.0041215772,0.006434412400000001,0.0001489019999999907,2
69,1778488984722,-0.004394577199999999,0.0061965124,0.00012550199999987292,2
70,1778488984725,-0.004394577199999999,0.0061965124,0.00012550199999987292,2
71,1778488984728,-0.004394577199999999,0.0061965124,0.0003361020000000447,2
72,1778488984731,-0.0046558772,0.0061614124,0.0003361020000000447,2
73,1778488984733,-0.0046558772,0.0061614124,0.0003361020000000447,2
74,1778488984736,-0.0046558772,0.0061614124,0.0005662020000000555,2
75,1778488984739,-0.0043906772,0.007542012400000001,0.0005662020000000555,2
76,1778488984742,-0.0043906772,0.007542012400000001,0.0005662020000000555,2
77,1778488984744,-0.0041878772,0.0080529124,0.0002113020000000087,2
78,1778488984747,-0.0041878772,0.0080529124,0.0002113020000000087,2
79,1778488984750,-0.0041878772,0.0080529124,0.0002113020000000087,2
80,1778488984753,-0.0043477772,0.0073899124,0.00023860199999996105,2
81,1778488984755,-0.0043477772,0.0073899124,0.00023860199999996105,2
82,1778488984758,-0.0043477772,0.0073899124,0.00023860199999996105,2
83,1778488984761,-0.0044647772,0.006645012400000001,0.00042580200000001504,2
84,1778488984764,-0.0044647772,0.006645012400000001,0.00042580200000001504,2
85,1778488984766,-0.0044647772,0.006645012400000001,0.00042580200000001504,2
86,1778488984769,-0.0045154772,0.005798712400000001,0.00028540199999997455,2
87,1778488984772,-0.0045154772,0.005798712400000001,0.00028540199999997455,2
88,1778488984775,-0.0045154772,0.005798712400000001,0.00028540199999997455,2
89,1778488984777,-0.0047806772,0.0059391124,0.0003985020000000627,2
90,1778488984780,-0.0047806772,0.0059391124,0.0003985020000000627,2
91,1778488984786,-0.0030529771999999993,0.0096636124,-0.00038149800000005125,2
92,1778488984789,-0.0030529771999999993,0.0096636124,-0.00038149800000005125,2
93,1778488984791,-0.0030529771999999993,0.0096636124,-0.00038149800000005125,2
94,1778488984794,-0.0043477772,0.0059391124,0.0010927019999999298,2
95,1778488984797,-0.0043477772,0.0059391124,0.0010927019999999298,2
96,1778488984800,-0.0043477772,0.0059391124,0.0008431020000000799,2
97,1778488984803,-0.0047260772,0.005455512400000001,0.0008431020000000799,2
98,1778488984805,-0.0047260772,0.005455512400000001,0.0008431020000000799,2
99,1778488984808,-0.0047260772,0.0093750124,0.00016060199999993856,2
100,1778488984811,-0.003918777199999999,0.0093750124,0.00016060199999993856,2
101,1778488984814,-0.003918777199999999,0.0093750124,0.00016060199999993856,2
102,1778488984816,-0.0027877772,0.0066177124,0.0008353019999999666,2
103,1778488984819,-0.0027877772,0.0066177124,0.0008353019999999666,2
104,1778488984822,-0.0027877772,0.0066177124,0.0008353019999999666,2
105,1778488984825,-0.0032479772,0.0018714124000000013,-0.00045949799999996273,2
106,1778488984827,-0.0032479772,0.0018714124000000013,-0.00045949799999996273,2
107,1778488984830,-0.0032479772,0.0018714124000000013,-0.00045949799999996273,2
108,1778488984833,-0.004261977199999999,0.0061731124,0.00018400200000005633,2
109,1778488984836,-0.004261977199999999,0.0061731124,0.00018400200000005633,2
110,1778488984838,-0.004261977199999999,0.0061731124,0.00018400200000005633,2
111,1778488984841,-0.0051979771999999995,0.0096870124,0.0006169019999999036,2
112,1778488984844,-0.0051979771999999995,0.0096870124,0.0006169019999999036,2
113,1778488984847,-0.0051979771999999995,0.0096870124,0.0006169019999999036,2
114,1778488984849,-0.005205777199999999,0.0071598124,0.0003400019999998793,2
115,1778488984852,-0.005205777199999999,0.0071598124,0.0003400019999998793,2
116,1778488984855,-0.005205777199999999,0.0071598124,0.0003400019999998793,2
117,1778488984858,-0.0043594772,0.0078228124,0.0006988019999999828,2
118,1778488984861,-0.0043594772,0.0078228124,0.0006988019999999828,2
119,1778488984863,-0.0043594772,0.0078228124,0.0006988019999999828,2
120,1778488984866,-0.0041917772,0.005966412400000001,0.0001489019999999907,2
121,1778488984869,-0.0041917772,0.005966412400000001,0.0001489019999999907,2
122,1778488984872,-0.0041917772,0.005966412400000001,0.0001489019999999907,2
123,1778488984874,-0.004339977199999999,0.0074172123999999996,0.0004765020000000852,2
124,1778488984877,-0.004339977199999999,0.0074172123999999996,0.0004765020000000852,2
0,1778488984963,-0.003918777199999999,0.007374312400000001,-0.0003268980000000355,2
1,1778488984968,-0.0041917772,0.0074445124000000005,0.0004921020000000897,2
2,1778488984971,-0.0041917772,0.0074445124000000005,0.0004921020000000897,2
3,1778488984974,-0.0041917772,0.0074445124000000005,0.0004921020000000897,2
4,1778488984976,-0.004351677199999999,0.0068946124,0.0002776020000000833,2
5,1778488984979,-0.004351677199999999,0.0068946124,0.0002776020000000833,2
6,1778488984982,-0.004351677199999999,0.0068946124,0.0002776020000000833,2
7,1778488984985,-0.0044764772,0.004979712400000001,0.0004375019999999629,2
8,1778488984988,-0.0044764772,0.004979712400000001,0.0004375019999999629,2
9,1778488984990,-0.0044764772,0.004979712400000001,0.0004375019999999629,2
10,1778488984993,-0.004183977199999999,0.005978112400000001,0.0007456019999999963,2
11,1778488984996,-0.004183977199999999,0.005978112400000001,0.0007456019999999963,2
12,1778488984999,-0.004183977199999999,0.005978112400000001,0.0007456019999999963,2
13,1778488985002,-0.0042229772,0.0067152124,-0.0002644980000000175,2
14,1778488985004,-0.0042229772,0.0067152124,-0.0002644980000000175,2
15,1778488985007,-0.0042229772,0.0067152124,-0.0002644980000000175,2
16,1778488985010,-0.004183977199999999,0.007596612400000001,0.0012643019999999793,2
17,1778488985013,-0.004183977199999999,0.007596612400000001,0.0012643019999999793,2
18,1778488985016,-0.004183977199999999,0.007596612400000001,0.0012643019999999793,2
19,1778488985019,-0.0042346772,0.0072846123999999995,-0.00036979799999999237,2
20,1778488985023,-0.0042346772,0.0072846123999999995,-0.00036979799999999237,2
21,1778488985027,-0.004472577199999999,0.007861812400000001,0.000737801999999883,2
22,1778488985031,-0.004472577199999999,0.007861812400000001,0.000737801999999883,2
23,1778488985034,-0.0044452772,0.006309612400000001,-0.00012019799999992038,2
24,1778488985038,-0.0044452772,0.006309612400000001,-0.00012019799999992038,2
25,1778488985042,-0.0043360772,0.006021012400000001,0.0010459019999999163,2
26,1778488985046,-0.0043360772,0.006021012400000001,0.0010459019999999163,2
27,1778488985049,-0.0039616771999999995,0.006832212400000001,-0.00040099800000000137,2
28,1778488985053,-0.0039616771999999995,0.006832212400000001,-0.00040099800000000137,2
29,1778488985057,-0.0045583772,0.0082440124,0.001474901999999929,2
30,1778488985061,-0.0045583772,0.0082440124,0.001474901999999929,2
31,1778488985064,-0.0045583772,0.010724412400000001,-0.0008065980000000073,2
32,1778488985068,-0.0043165771999999995,0.010724412400000001,-0.0008065980000000073,2
33,1778488985072,-0.0043165771999999995,0.010724412400000001,0.0006052019999999558,2
34,1778488985076,-0.0043906772,0.0056427123999999995,0.0006052019999999558,2
35,1778488985080,-0.0043906772,0.0056427123999999995,0.0006052019999999558,2
36,1778488985083,-0.0043126772,0.0012279123999999995,3.190200000006797e-05,1
37,1778488985087,-0.0043126772,0.0012279123999999995,3.190200000006797e-05,1
38,1778488985091,-0.0040669771999999995,0.008345412400000002,0.0013072019999999362,2
39,1778488985095,-0.0040669771999999995,0.008345412400000002,0.0013072019999999362,2
40,1778488985099,-0.0021754771999999995,0.0081582124,0.00016060199999993856,2
41,1778488985102,-0.0021754771999999995,0.0081582124,0.00016060199999993856,2
42,1778488985106,-0.0038368772,0.0022653124000000004,0.0005038020000000375,2
43,1778488985110,-0.0038368772,0.0022653124000000004,0.0005038020000000375,2
44,1778488985114,-0.0046558772,0.008743212399999999,0.000956201999999946,2
45,1778488985118,-0.0046558772,0.008743212399999999,0.000956201999999946,2
46,1778488985121,-0.005404677199999999,0.010291512400000001,-0.00030349800000002876,2
47,1778488985125,-0.005404677199999999,0.010291512400000001,-0.00030349800000002876,2
48,1778488985129,-0.0055996772,0.0061575124000000005,0.0011356019999998867,2
49,1778488985133,-0.0055996772,0.0061575124000000005,0.0011356019999998867,2
50,1778488985136,-0.0055996772,0.0057870123999999995,-0.0005686979999999942,2
51,1778488985140,-0.0036886771999999996,0.0057870123999999995,-0.0005686979999999942,2
52,1778488985144,-0.0036886771999999996,0.0057870123999999995,0.0003049020000000357,2
53,1778488985148,-0.0030568771999999996,0.005412612400000001,0.0003049020000000357,2
54,1778488985151,-0.0030568771999999996,0.005412612400000001,0.0003049020000000357,2
55,1778488985155,-0.0041683772,0.0079398124,0.00023470199999990442,2
56,1778488985159,-0.0041683772,0.0079398124,0.00023470199999990442,2
57,1778488985163,-0.0050146772,0.012362412400000002,0.001049801999999973,2
58,1778488985166,-0.0050146772,0.012362412400000002,0.001049801999999973,2
59,1778488985170,-0.005681577199999999,0.0076044124,-0.00032299799999997887,2
60,1778488985174,-0.005681577199999999,0.0076044124,-0.00032299799999997887,2
61,1778488985178,-0.006391377199999999,0.0009003124000000005,0.0004219019999999584,1
62,1778488985188,-0.006391377199999999,0.0009003124000000005,0.0004219019999999584,1
63,1778488985192,-0.005151177199999999,0.0080412124,-2.6598000000115432e-05,2
64,1778488985196,-0.0043321772,0.0080412124,-2.6598000000115432e-05,2
65,1778488985200,-0.0043321772,0.0080412124,0.0008197019999999621,2
66,1778488985204,-0.0042580772,0.0037629124000000003,0.0008197019999999621,2
67,1778488985218,-0.0042580772,0.0037629124000000003,0.0008197019999999621,2
68,1778488985224,-0.0037042772,0.011547312399999999,0.000644202000000078,2
69,1778488985227,-0.003973377199999999,0.0078579124,-0.00035419799999998787,2
70,1778488985231,-0.003973377199999999,0.0078579124,-0.00035419799999998787,2
71,1778488985235,-0.0042268772,0.005790912400000001,0.0008899019999998713,2
72,1778488985239,-0.0042268772,0.005790912400000001,0.0008899019999998713,2
73,1778488985242,-0.0044023772,0.0058923124,-0.0008533980000000208,2
74,1778488985246,-0.0044023772,0.0058923124,-0.0008533980000000208,2
75,1778488985250,-0.004850877199999999,0.006356412400000001,0.0012409020000000836,2
76,1778488985254,-0.004850877199999999,0.006356412400000001,0.0012409020000000836,2
77,1778488985257,-0.0041137772,0.0070740123999999995,-0.00021379799999994738,2
78,1778488985261,-0.0041137772,0.0070740123999999995,-0.00021379799999994738,2
79,1778488985265,-0.0035287771999999995,0.0068127124,0.0012604019999999227,2
80,1778488985269,-0.0035287771999999995,0.0068127124,0.0012604019999999227,2
81,1778488985272,-0.0035287771999999995,0.007198812400000001,5.1401999999907064e-05,2
82,1778488985277,-0.0032635771999999993,0.007198812400000001,5.1401999999907064e-05,2
83,1778488985281,-0.0043711772,0.0073119124,0.0003283019999999314,2
84,1778488985285,-0.0043711772,0.0073119124,0.0003283019999999314,2
85,1778488985290,-0.0050263771999999995,0.006434412400000001,0.0005077019999998721,2
86,1778488985294,-0.0050263771999999995,0.006434412400000001,0.0005077019999998721,2
87,1778488985299,-0.0057751771999999995,0.0054087124,0.00010990200000009047,2
88,1778488985303,-0.0057751771999999995,0.0054087124,0.00010990200000009047,2
89,1778488985307,-0.005272077199999999,0.0069687124,7.09019999999682e-05,2
90,1778488985311,-0.005272077199999999,0.0069687124,7.09019999999682e-05,2
91,1778488985314,-0.004351677199999999,0.0079905124,0.0005233019999998766,2
92,1778488985318,-0.004351677199999999,0.0079905124,0.0005233019999998766,2
93,1778488985323,-0.0033376772,0.008333712400000002,0.0005935020000000079,2
94,1778488985327,-0.0033376772,0.008333712400000002,0.0005935020000000079,2
95,1778488985330,-0.0031777771999999998,0.0079086124,-0.00021379799999994738,2
96,1778488985334,-0.0031777771999999998,0.0079086124,-0.00021379799999994738,2
97,1778488985338,-0.0038134771999999996,0.0077994124000000005,0.0010303019999999118,2
98,1778488985342,-0.0038134771999999996,0.0077994124000000005,0.0010303019999999118,2
99,1778488985345,-0.004616877199999999,0.0054828124,-0.0005959980000000576,2
100,1778488985349,-0.004616877199999999,0.0054828124,-0.0005959980000000576,2
101,1778488985353,-0.0050302772,0.0043830124000000005,0.0009640020000000592,2
102,1778488985357,-0.0050302772,0.0043830124000000005,0.0009640020000000592,2
103,1778488985361,-0.0043750772,0.0054321123999999995,-0.000248898000000013,2
104,1778488985364,-0.0043750772,0.0054321123999999995,-0.000248898000000013,2
105,1778488985368,-0.0043750772,0.007253412400000001,0.001006902000000016,2
106,1778488985372,-0.0041020772,0.007253412400000001,0.001006902000000016,2
107,1778488985376,-0.0041020772,0.007253412400000001,-0.00022939799999995188,2
108,1778488985380,-0.0034078771999999998,0.008403912400000001,-0.00022939799999995188,2
109,1778488985384,-0.0034078771999999998,0.008403912400000001,0.0005272019999999333,2
110,1778488985387,-0.0039694772,0.008138712400000001,0.0005272019999999333,2
111,1778488985391,-0.0039694772,0.008138712400000001,0.0005272019999999333,2
112,1778488985395,-0.0040279771999999995,0.007374312400000001,0.0002659019999999134,2
113,1778488985399,-0.0040279771999999995,0.007374312400000001,0.0002659019999999134,2
114,1778488985402,-0.004839177199999999,0.005989812400000001,5.53019999999637e-05,2
115,1778488985406,-0.004839177199999999,0.005989812400000001,5.53019999999637e-05,2
116,1778488985410,-0.0050809772,0.0057948124,0.0003673020000000537,2
117,1778488985414,-0.0050809772,0.0057948124,0.0003673020000000537,2
118,1778488985417,-0.0051082772,0.006598212400000001,0.0001489019999999907,2
119,1778488985421,-0.0051082772,0.006598212400000001,0.0001489019999999907,2
120,1778488985425,-0.0044452772,0.008294712400000001,0.000675402000000087,2
121,1778488985429,-0.0044452772,0.008294712400000001,0.000675402000000087,2
122,1778488985433,-0.0039655772,0.008286912399999999,-0.00027229799999990874,2
123,1778488985437,-0.0039655772,0.008286912399999999,-0.00027229799999990874,2
124,1778488985441,-0.0039655772,0.0070467124,0.0013033019999998795,2
0,1778488985626,-0.0044218771999999995,0.0058494124,5.53019999999637e-05,2
1,1778488985629,-0.0044218771999999995,0.0058494124,5.53019999999637e-05,2
2,1778488985633,-0.0044374772,0.006711312400000001,0.0006949019999999261,2
3,1778488985637,-0.0044374772,0.006711312400000001,0.0006949019999999261,2
4,1778488985641,-0.0044257772,0.007651212399999999,0.0003127019999999269,2
5,1778488985646,-0.0044257772,0.007651212399999999,0.0003127019999999269,2
6,1778488985649,-0.0042541772,0.0077019124,0.00043360199999990627,2
7,1778488985653,-0.0042541772,0.0077019124,0.00043360199999990627,2
8,1778488985657,-0.0045310772,0.007386012400000001,0.00039460200000000605,2
9,1778488985661,-0.0045310772,0.007386012400000001,0.00039460200000000605,2
10,1778488985664,-0.0045310772,0.0061380124,0.0002971019999999224,2
11,1778488985668,-0.004152777199999999,0.0061380124,0.0002971019999999224,2
12,1778488985672,-0.004152777199999999,0.0061380124,0.0005974020000000645,2
13,1778488985676,-0.0039460772,0.0059820124,0.0005974020000000645,2
14,1778488985680,-0.0039460772,0.0059820124,0.0005974020000000645,2
15,1778488985684,-0.0038524771999999996,0.0062394124,0.00022300199999995655,2
16,1778488985688,-0.0038524771999999996,0.0062394124,0.0006949019999999261,2
17,1778488985691,-0.004039677199999999,0.0073353124,0.0006949019999999261,2
18,1778488985695,-0.004039677199999999,0.0073353124,0.0006949019999999261,2
19,1778488985699,-0.0041059771999999994,0.007608312400000001,0.00012550199999987292,2
20,1778488985703,-0.0041059771999999994,0.007608312400000001,0.00012550199999987292,2
21,1778488985707,-0.004328277199999999,0.007779912400000002,0.0003361020000000447,2
22,1778488985710,-0.004328277199999999,0.007779912400000002,0.0003361020000000447,2
23,1778488985714,-0.004495977199999999,0.0069024124,4.750200000007247e-05,2
24,1778488985718,-0.004495977199999999,0.0069024124,4.750200000007247e-05,2
25,1778488985722,-0.004616877199999999,0.006145812400000001,0.0008080020000000143,2
26,1778488985725,-0.004616877199999999,0.006145812400000001,0.0008080020000000143,2
27,1778488985729,-0.0047455772,0.0059859124,8.65019999999727e-05,2
28,1778488985733,-0.0047455772,0.0059859124,8.65019999999727e-05,2
29,1778488985737,-0.0046597771999999996,0.0065631123999999996,0.0005116019999999288,2
30,1778488985740,-0.0046597771999999996,0.0065631123999999996,0.0005116019999999288,2
31,1778488985744,-0.0046597771999999996,0.0080529124,8.65019999999727e-05,2
32,1778488985748,-0.0042892772,0.0080529124,8.65019999999727e-05,2
33,1778488985752,-0.0042892772,0.0080529124,0.0003244019999998748,2
34,1778488985755,-0.0042112772,0.007912512400000002,0.0003244019999998748,2
35,1778488985759,-0.0042112772,0.007912512400000002,0.0003244019999998748,2
36,1778488985763,-0.004285377199999999,0.0075810124,0.0002737020000000267,2
37,1778488985767,-0.004285377199999999,0.0075810124,0.0002737020000000267,2
38,1778488985770,-0.0044569772,0.006056112400000001,0.0001489019999999907,2
39,1778488985774,-0.0044569772,0.006056112400000001,0.0001489019999999907,2
40,1778488985778,-0.004429677199999999,0.005833812400000001,0.0003595019999999404,2
41,1778488985782,-0.004429677199999999,0.005833812400000001,0.0003595019999999404,2
42,1778488985786,-0.004351677199999999,0.0058533123999999995,0.0002113020000000087,2
43,1778488985789,-0.004351677199999999,0.0058533123999999995,0.0002113020000000087,2
44,1778488985793,-0.004285377199999999,0.007163712400000001,0.0007105019999999306,2
45,1778488985797,-0.004285377199999999,0.007163712400000001,0.0007105019999999306,2
46,1778488985801,-0.0040474772,0.0078462124,-0.00015139799999992938,2
47,1778488985804,-0.0040474772,0.0078462124,-0.00015139799999992938,2
48,1778488985808,-0.0040357772,0.008080212400000002,0.0003088020000000923,2
49,1778488985812,-0.0040357772,0.008080212400000002,0.0003088020000000923,2
50,1778488985816,-0.0040357772,0.006941412400000001,-0.000311298000000031,2
51,1778488985820,-0.004406277199999999,0.006941412400000001,-0.000311298000000031,2
52,1778488985824,-0.004406277199999999,0.006941412400000001,0.000644202000000078,2
53,1778488985827,-0.0048040771999999995,0.005900112400000001,0.000644202000000078,2
54,1778488985831,-0.0048040771999999995,0.005900112400000001,0.000644202000000078,2
55,1778488985835,-0.0050887772,0.0058962124,0.0005155019999999854,2
56,1778488985839,-0.0050887772,0.0058962124,0.0005155019999999854,2
57,1778488985843,-0.0050263771999999995,0.006364212400000001,0.0004453020000000762,2
58,1778488985847,-0.0050263771999999995,0.006364212400000001,0.0004453020000000762,2
59,1778488985850,-0.0045193772,0.007865712399999999,0.0010108020000000727,2
60,1778488985854,-0.0045193772,0.007865712399999999,0.0010108020000000727,2
61,1778488985858,-0.0040357772,0.0079047124,6.310200000007697e-05,2
62,1778488985862,-0.0040357772,0.0079047124,6.310200000007697e-05,2
63,1778488985865,-0.0038914771999999996,0.008130912399999999,0.0007495020000000529,2
64,1778488985869,-0.0038914771999999996,0.008130912399999999,0.0007495020000000529,2
65,1778488985873,-0.0041644772,0.006212112400000001,-1.4897999999945524e-05,2
66,1778488985877,-0.0041644772,0.006212112400000001,-1.4897999999945524e-05,2
67,1778488985880,-0.004562277199999999,0.005732412400000001,-8.899799999991138e-05,2
68,1778488985884,-0.004562277199999999,0.005732412400000001,-8.899799999991138e-05,2
69,1778488985888,-0.004562277199999999,0.0055530124,0.00017620199999994306,2
70,1778488985892,-0.0046129772,0.0055530124,0.00017620199999994306,2
71,1778488985895,-0.0046129772,0.0055530124,0.00046480199999991527,2
72,1778488985899,-0.0045232772,0.0069297123999999995,0.00046480199999991527,2
73,1778488985903,-0.0045232772,0.0069297123999999995,0.00046480199999991527,2
74,1778488985907,-0.004195677199999999,0.0078969124,2.8002000000011337e-05,2
75,1778488985910,-0.004195677199999999,0.0078969124,2.8002000000011337e-05,2
76,1778488985914,-0.0038446771999999995,0.008368812400000002,0.000519402000000042,2
77,1778488985918,-0.0038446771999999995,0.008368812400000002,0.000519402000000042,2
78,1778488985922,-0.0033220771999999997,0.007175412400000001,0.00018400200000005633,2
79,1778488985925,-0.0033220771999999997,0.007175412400000001,0.00018400200000005633,2
80,1778488985929,-0.0044413772,0.006165312400000001,0.0003829020000000582,2
81,1778488985933,-0.0044413772,0.006165312400000001,0.0003829020000000582,2
82,1778488985937,-0.0049327772,0.0059157124,0.0009952020000000682,2
83,1778488985941,-0.0049327772,0.0059157124,0.0009952020000000682,2
84,1778488985944,-0.005295477199999999,0.0060483124,0.00010600200000003383,2
85,1778488985948,-0.005295477199999999,0.0060483124,0.00010600200000003383,2
86,1778488985952,-0.005295477199999999,0.0070038124,0.00047260200000002854,2
87,1778488985956,-0.0049015772,0.0070038124,0.00047260200000002854,2
88,1778488985959,-0.0049015772,0.0070038124,0.0004453020000000762,2
89,1778488985963,-0.0041995771999999995,0.008899212400000002,0.0004453020000000762,2
90,1778488985967,-0.0041995771999999995,0.008899212400000002,0.0004453020000000762,2
91,1778488985971,-0.0040669771999999995,0.0084117124,-3.8298000000063295e-05,2
92,1778488985975,-0.0040669771999999995,0.0084117124,-3.8298000000063295e-05,2
93,1778488985978,-0.003985077199999999,0.0066957124,4.3602000000015836e-05,2
94,1778488985982,-0.003985077199999999,0.0066957124,4.3602000000015836e-05,2
95,1778488985993,-0.0045427772,0.005521812400000001,-0.0005413980000000419,2
96,1778488985996,-0.0045427772,0.005521812400000001,-0.0005413980000000419,2
97,1778488986000,-0.0045427772,0.006711312400000001,0.0007768020000000053,2
98,1778488986004,-0.0045583772,0.006711312400000001,0.0007768020000000053,2
99,1778488986008,-0.0045583772,0.006711312400000001,-0.0001942980000001083,2
100,1778488986011,-0.004285377199999999,0.007265112400000001,-0.0001942980000001083,2
101,1778488986015,-0.004285377199999999,0.007265112400000001,-0.0001942980000001083,2
102,1778488986019,-0.0039694772,0.0074055124,0.0009172020000000457,2
103,1778488986023,-0.0039694772,0.0074055124,0.0009172020000000457,2
104,1778488986027,-0.0035638771999999997,0.0071013124,0.00036340199999999705,2
105,1778488986030,-0.0035638771999999997,0.0071013124,0.00036340199999999705,2
106,1778488986034,-0.0035755771999999996,0.0062199123999999995,0.0003712019999998883,2
107,1778488986038,-0.0035755771999999996,0.0062199123999999995,0.0003712019999998883,2
108,1778488986042,-0.0041566772,0.0060834124,0.0012175019999999658,2
109,1778488986045,-0.0041566772,0.0060834124,0.0012175019999999658,2
110,1778488986049,-0.0045856772,0.0059391124,-0.00012409799999997702,2
111,1778488986053,-0.0045856772,0.0059391124,-0.00012409799999997702,2
112,1778488986057,-0.0050926771999999995,0.0073041124,0.00047260200000002854,2
113,1778488986061,-0.0050926771999999995,0.0073041124,0.00047260200000002854,2
114,1778488986064,-0.0050926771999999995,0.008298612399999999,5.9202000000020336e-05,2
115,1778488986068,-0.0050926771999999995,0.008298612399999999,5.9202000000020336e-05,2
116,1778488986072,-0.0050926771999999995,0.008540412399999999,-5.779800000012443e-05,2
117,1778488986076,-0.0047026772,0.008540412399999999,-5.779800000012443e-05,2
118,1778488986080,-0.0047026772,0.0073236124,-0.00015139799999992938,2
119,1778488986084,-0.0044608771999999994,0.0073236124,-0.00015139799999992938,2
120,1778488986087,-0.0044608771999999994,0.0073236124,0.0006910020000000915,2
121,1778488986091,-0.004183977199999999,0.0069258124,0.0006910020000000915,2
122,1778488986095,-0.004183977199999999,0.0069258124,0.0006910020000000915,2
123,1778488986099,-0.0041059771999999994,0.0057636124,7.09019999999682e-05,2
124,1778488986102,-0.0041059771999999994,0.0057636124,7.09019999999682e-05,2
0,1778488986213,-0.0044608771999999994,0.0081699124,0.0006832019999999783,2
1,1778488986246,-0.0040786772,0.006910212400000001,-0.000654498000000019,2
2,1778488986252,-0.004363377199999999,0.0062745124,0.0008665019999999756,2
3,1778488986296,-0.004273677199999999,0.007506912400000001,-0.00015529799999998602,2
4,1778488986323,-0.0045856772,0.0075147124,0.0008665019999999756,2
5,1778488986329,-0.0043828771999999995,0.0077019124,-0.00028399800000007865,2
6,1778488986333,-0.0043828771999999995,0.0077019124,-0.00028399800000007865,2
7,1778488986337,-0.0040240772,0.008583312400000001,0.0011551019999999478,2
8,1778488986341,-0.0040240772,0.008583312400000001,0.0011551019999999478,2
9,1778488986345,-0.0039928772,0.0071598124,-0.0005413980000000419,2
10,1778488986350,-0.0039928772,0.0071598124,-0.0005413980000000419,2
11,1778488986354,-0.0043009772,0.0058962124,0.0012916019999999317,2
12,1778488986358,-0.0043009772,0.0058962124,0.0012916019999999317,2
13,1778488986362,-0.0046714771999999995,0.005100612400000001,-0.0002605979999999609,2
14,1778488986366,-0.0046714771999999995,0.005100612400000001,-0.0002605979999999609,2
15,1778488986370,-0.0047806772,0.0057714124,0.0009289019999999936,2
16,1778488986375,-0.0047806772,0.0057714124,0.0009289019999999936,2
17,1778488986379,-0.004051377199999999,0.006976512400000001,-0.0007675979999999961,2
18,1778488986383,-0.004051377199999999,0.006976512400000001,-0.0007675979999999961,2
19,1778488986387,-0.0038290772,0.008006112400000001,0.0009016020000000412,2
20,1778488986392,-0.0038290772,0.008006112400000001,-0.00019039800000005165,2
21,1778488986396,-0.0035638771999999997,0.0083025124,-0.00019039800000005165,2
22,1778488986400,-0.0035638771999999997,0.0066060124,0.00046480199999991527,2
23,1778488986404,-0.0043165771999999995,0.0066060124,0.00046480199999991527,2
24,1778488986409,-0.0043165771999999995,0.0064149124,0.00023470199999990442,2
25,1778488986413,-0.0047143772,0.0064149124,0.00023470199999990442,2
26,1778488986417,-0.0052213772,0.005599812400000001,1.2402000000006838e-05,2
27,1778488986421,-0.0052213772,0.005599812400000001,1.2402000000006838e-05,2
28,1778488986425,-0.0049210771999999995,0.0069180123999999996,0.000925001999999937,2
29,1778488986429,-0.0049210771999999995,0.0069180123999999996,0.000925001999999937,2
30,1778488986434,-0.0046792772,0.0074484124,-8.119800000002016e-05,2
31,1778488986438,-0.0046792772,0.0074484124,-8.119800000002016e-05,2
32,1778488986442,-0.004328277199999999,0.0083415124,0.0013384019999999452,2
33,1778488986446,-0.004328277199999999,0.0083415124,0.0013384019999999452,2
34,1778488986450,-0.004063077199999999,0.0074484124,-0.00019819799999994288,2
35,1778488986454,-0.004063077199999999,0.0074484124,-0.00019819799999994288,2
36,1778488986459,-0.0042892772,0.0067152124,0.0013852019999999587,2
37,1778488986463,-0.0042892772,0.0067152124,0.0013852019999999587,2
38,1778488986467,-0.0044140772,0.0052176124,-0.0005101980000000329,2
39,1778488986471,-0.0044140772,0.0052176124,-0.0005101980000000329,2
40,1778488986475,-0.0043555772,0.0059859124,0.0012643019999999793,2
41,1778488986479,-0.0043555772,0.0059859124,-0.00046339800000001936,2
42,1778488986484,-0.0040552771999999996,0.0067152124,-0.00046339800000001936,2
43,1778488986488,-0.0040552771999999996,0.0067152124,0.001018601999999964,2
44,1778488986492,-0.0040591772,0.007584912400000001,0.001018601999999964,2
45,1778488986496,-0.0040591772,0.0081075124,-0.0001474980000000948,2
46,1778488986500,-0.0036535771999999995,0.0081075124,-0.0001474980000000948,2
47,1778488986504,-0.0036535771999999995,0.007054512400000001,0.0003829020000000582,2
48,1778488986507,-0.0037588771999999995,0.007054512400000001,0.0003829020000000582,2
49,1778488986512,-0.0037588771999999995,0.007054512400000001,0.0005545019999998856,2
50,1778488986516,-0.0042268772,0.0065826124,0.0005545019999998856,2
51,1778488986520,-0.0042268772,0.0056076124,0.00041020200000001054,2
52,1778488986524,-0.004640277199999999,0.0056076124,0.00041020200000001054,2
53,1778488986528,-0.004640277199999999,0.006309612400000001,0.00041020200000001054,2
54,1778488986532,-0.004772877199999999,0.006309612400000001,0.00041020200000001054,2
55,1778488986537,-0.0049210771999999995,0.0069609124,4.601999999893566e-06,2
56,1778488986541,-0.0049210771999999995,0.0069609124,4.601999999893566e-06,2
57,1778488986545,-0.004651977199999999,0.008501412400000002,0.0008158019999999055,2
58,1778488986549,-0.004651977199999999,0.008501412400000002,0.0008158019999999055,2
59,1778488986553,-0.0044686772,0.007815012400000002,-0.00025279800000006965,2
60,1778488986558,-0.0044686772,0.007815012400000002,-0.00025279800000006965,2
61,1778488986562,-0.0043867772,0.007354812400000001,0.0011980019999999047,2
62,1778488986566,-0.0043867772,0.007354812400000001,0.0011980019999999047,2
63,1778488986570,-0.0043204772,0.006177012400000001,-0.0008299980000000141,2
64,1778488986574,-0.0043204772,0.006177012400000001,-0.0008299980000000141,2
65,1778488986578,-0.0045973772,0.005857212400000001,0.0009016020000000412,2
66,1778488986582,-0.0045973772,0.005857212400000001,0.0009016020000000412,2
67,1778488986587,-0.0045193772,0.0065826124,-0.00035029800000004226,2
68,1778488986591,-0.0045193772,0.0065826124,-0.00035029800000004226,2
69,1778488986595,-0.0044140772,0.0071949124,0.0007651020000000574,2
70,1778488986599,-0.0044140772,0.0071949124,0.0007651020000000574,2
71,1778488986604,-0.004063077199999999,0.008306412400000001,9.040200000002933e-05,2
72,1778488986608,-0.004063077199999999,0.008306412400000001,0.00046480199999991527,2
73,1778488986612,-0.003907077199999999,0.0074367124,0.00046480199999991527,2
74,1778488986616,-0.003907077199999999,0.006543612400000001,0.0003751019999999449,2
75,1778488986620,-0.0038992771999999997,0.006543612400000001,0.0003751019999999449,2
76,1778488986624,-0.0041683772,0.0054477124000000005,0.00048820200000003304,2
77,1778488986629,-0.0041683772,0.0054477124000000005,0.00048820200000003304,2
78,1778488986633,-0.0044920772,0.0060366124,0.00048040199999991977,2
79,1778488986637,-0.0044920772,0.0060366124,0.00048040199999991977,2
80,1778488986641,-0.0047806772,0.0066372124,2.0201999999898065e-05,2
81,1778488986645,-0.0047806772,0.0066372124,2.0201999999898065e-05,2
82,1778488986649,-0.004562277199999999,0.0081114124,0.0004999019999999809,2
83,1778488986654,-0.004562277199999999,0.0081114124,0.0004999019999999809,2
84,1778488986658,-0.0045973772,0.0077136124,-0.00035419799999998787,2
85,1778488986662,-0.0045973772,0.0077136124,-0.00035419799999998787,2
86,1778488986666,-0.0044257772,0.007900812400000002,0.0013345019999998885,2
87,1778488986671,-0.0044257772,0.007900812400000002,0.0013345019999998885,2
88,1778488986675,-0.004484277199999999,0.0065397124,-0.0005569980000000464,2
89,1778488986679,-0.004484277199999999,0.0065397124,-0.0005569980000000464,2
90,1778488986683,-0.0044998772,0.0061146124,0.0014359020000000288,2
91,1778488986687,-0.0044998772,0.0061146124,0.0014359020000000288,2
92,1778488986691,-0.004063077199999999,0.0062628124,-0.00010849799999997252,2
93,1778488986695,-0.004063077199999999,0.0062628124,0.0005389019999998811,2
94,1778488986700,-0.0043165771999999995,0.0067698124,0.0005389019999998811,2
95,1778488986704,-0.0043165771999999995,0.0078345124,-0.00021379799999994738,2
96,1778488986708,-0.004051377199999999,0.0078345124,-0.00021379799999994738,2
97,1778488986713,-0.004363377199999999,0.0074172123999999996,0.00046480199999991527,2
98,1778488986717,-0.004363377199999999,0.0074172123999999996,0.00046480199999991527,2
99,1778488986721,-0.0040552771999999996,0.0066567124000000005,-0.00015919800000004265,2
100,1778488986725,-0.0040552771999999996,0.0066567124000000005,-0.00015919800000004265,2
101,1778488986729,-0.0042658772,0.0057948124,0.0006247020000000169,2
102,1778488986733,-0.0042658772,0.0057948124,0.0006247020000000169,2
103,1778488986738,-0.0040864772,0.0060132124000000006,-0.0001630980000000993,2
104,1778488986742,-0.0040864772,0.0060132124000000006,-0.0001630980000000993,2
105,1778488986746,-0.0043594772,0.0063369124,1.2402000000006838e-05,2
106,1778488986750,-0.0043594772,0.0063369124,1.2402000000006838e-05,2
107,1778488986754,-0.004472577199999999,0.007861812400000001,0.0009133019999999891,2
108,1778488986759,-0.004472577199999999,0.007861812400000001,0.0009133019999999891,2
109,1778488986763,-0.0043672772,0.007935912400000002,-0.00030349800000002876,2
110,1778488986767,-0.0043672772,0.007935912400000002,-0.00030349800000002876,2
111,1778488986771,-0.004363377199999999,0.0077838123999999995,0.0015958019999999084,2
112,1778488986775,-0.004363377199999999,0.0077838123999999995,0.0015958019999999084,2
113,1778488986779,-0.0044686772,0.0064695124,-0.00010849799999997252,2
114,1778488986783,-0.0044686772,0.0064695124,0.0010537020000000296,2
115,1778488986788,-0.004538877199999999,0.005900112400000001,0.0010537020000000296,2
116,1778488986792,-0.004538877199999999,0.005900112400000001,0.0006247020000000169,2
117,1778488986796,-0.0043087772,0.006243312400000001,0.0006247020000000169,2
118,1778488986800,-0.0043087772,0.0071793124,0.0005389019999998811,2
119,1778488986804,-0.0040942771999999995,0.0071793124,0.0005389019999998811,2
120,1778488986809,-0.0040279771999999995,0.0077370124,0.0003517020000000492,2
121,1778488986813,-0.0040279771999999995,0.0077370124,0.0003517020000000492,2
122,1778488986817,-0.0041761772,0.007518612400000001,0.00016060199999993856,2
123,1778488986821,-0.0041761772,0.007518612400000001,0.00016060199999993856,2
124,1778488986825,-0.0040435772,0.006820512400000001,-0.0005881980000000554,2
0,1778488986899,-0.004285377199999999,0.007842312399999999,0.0009055019999998758,2
1,1778488986988,-0.0044491771999999995,0.0068712124,6.310200000007697e-05,2
2,1778488986993,-0.0046246772,0.006134112400000001,0.0003907019999999494,2
3,1778488986997,-0.0046246772,0.006134112400000001,0.0003907019999999494,2
4,1778488987024,-0.004363377199999999,0.007744812399999999,0.0004297020000000717,2
5,1778488987028,-0.004152777199999999,0.008021712399999999,0.0005389019999998811,2
6,1778488987032,-0.004152777199999999,0.007623912400000002,0.00083140199999991,2
7,1778488987036,-0.0041020772,0.007623912400000002,0.00083140199999991,2
8,1778488987040,-0.0041020772,0.0065124124000000005,0.0007105019999999306,2
9,1778488987044,-0.0041605772,0.0065124124000000005,0.0007105019999999306,2
10,1778488987048,-0.004351677199999999,0.0057948124,0.0007846019999998965,2
11,1778488987052,-0.004351677199999999,0.0057948124,0.0007846019999998965,2
12,1778488987057,-0.0043789772,0.0060951124,0.0003556019999998838,2
13,1778488987061,-0.0043789772,0.0060951124,0.0003556019999998838,2
14,1778488987065,-0.0045817772,0.006789312400000001,0.00048040199999991977,2
15,1778488987069,-0.0045817772,0.006789312400000001,0.00048040199999991977,2
16,1778488987073,-0.0043477772,0.007729212400000001,-5.779800000012443e-05,2
17,1778488987077,-0.0043477772,0.007729212400000001,-5.779800000012443e-05,2
18,1778488987081,-0.0042307772,0.0078969124,0.00015280200000004733,2
19,1778488987086,-0.0042307772,0.0078969124,0.00015280200000004733,2
20,1778488987090,-0.0041371772,0.0074952123999999995,0.0005038020000000375,2
21,1778488987094,-0.0041371772,0.0074952123999999995,0.0005038020000000375,2
22,1778488987099,-0.004273677199999999,0.0063486124,0.00010600200000003383,2
23,1778488987103,-0.004273677199999999,0.0063486124,0.00018790199999989092,2
24,1778488987107,-0.0042151772,0.0061575124000000005,0.00018790199999989092,2
25,1778488987111,-0.0042151772,0.0061575124000000005,0.00018790199999989092,2
26,1778488987114,-0.0043555772,0.0061146124,0.0002425020000000177,2
27,1778488987119,-0.0043555772,0.0061146124,0.0002425020000000177,2
28,1778488987123,-0.0043126772,0.0071715124,0.0002269020000000132,2
29,1778488987127,-0.0043126772,0.0071715124,0.0002269020000000132,2
30,1778488987131,-0.0043321772,0.0077994124000000005,-8.899799999991138e-05,2
31,1778488987135,-0.0043321772,0.0077994124000000005,0.0006052019999999558,2
32,1778488987139,-0.0040279771999999995,0.0078930124,0.0006052019999999558,2
33,1778488987144,-0.0040279771999999995,0.006754212400000001,-8.899799999991138e-05,2
34,1778488987148,-0.0042541772,0.006754212400000001,-8.899799999991138e-05,2
35,1778488987152,-0.0042541772,0.006134112400000001,0.0006364019999999648,2
36,1778488987156,-0.004250277199999999,0.006134112400000001,0.0006364019999999648,2
37,1778488987160,-0.0042424772,0.0060522124,0.00037900200000000155,2
38,1778488987164,-0.0042424772,0.0060522124,0.00037900200000000155,2
39,1778488987169,-0.0045856772,0.006290112400000001,0.0007339020000000484,2
40,1778488987173,-0.0045856772,0.006290112400000001,0.0007339020000000484,2
41,1778488987177,-0.004417977199999999,0.0079515124,0.0004219019999999584,2
42,1778488987182,-0.004417977199999999,0.0079515124,0.0004219019999999584,2
43,1778488987186,-0.0043321772,0.007885212400000001,0.00026980199999997005,2
44,1778488987190,-0.0043321772,0.007885212400000001,0.00026980199999997005,2
45,1778488987195,-0.0045271771999999995,0.0077487124,0.0004960019999999243,2
46,1778488987200,-0.0045271771999999995,0.0065241124000000005,0.00045700200000002404,2
47,1778488987204,-0.0045115772,0.0065241124000000005,0.00045700200000002404,2
48,1778488987208,-0.0044647772,0.0061263124,0.0006013019999998991,2
49,1778488987212,-0.0044647772,0.0061263124,0.0006013019999998991,2
50,1778488987217,-0.0043906772,0.005868912400000001,0.0003127019999999269,2
51,1778488987221,-0.0043906772,0.005868912400000001,0.0003127019999999269,2
52,1778488987225,-0.0042385771999999995,0.007308012400000001,0.0006091020000000124,2
53,1778488987229,-0.0042385771999999995,0.007308012400000001,0.0006091020000000124,2
54,1778488987233,-0.0039382772,0.007662912399999999,-0.0001786980000001038,2
55,1778488987237,-0.0039382772,0.007662912399999999,-0.0001786980000001038,2
56,1778488987241,-0.0039226771999999995,0.0079437124,0.0008158019999999055,2
57,1778488987246,-0.0039226771999999995,0.0079437124,0.0008158019999999055,2
58,1778488987250,-0.0041098772,0.0068673124000000006,-6.94980000000723e-05,2
59,1778488987254,-0.0041098772,0.0068673124000000006,-6.94980000000723e-05,2
60,1778488987258,-0.0045895772,0.0061692124000000004,0.000925001999999937,2
61,1778488987262,-0.0045895772,0.0061692124000000004,0.000925001999999937,2
62,1778488987266,-0.0044413772,0.0058806124000000005,0.0006052019999999558,2
63,1778488987271,-0.0044413772,0.0058806124000000005,0.0006052019999999558,2
64,1778488987275,-0.0047104772,0.0064617124,0.0006286020000000735,2
65,1778488987279,-0.0047104772,0.0064617124,0.0006286020000000735,2
66,1778488987283,-0.004472577199999999,0.0080763124,0.0005701019999998901,2
67,1778488987287,-0.004472577199999999,0.0080763124,0.00036340199999999705,2
68,1778488987291,-0.0044764772,0.007756512400000002,0.00036340199999999705,2
69,1778488987296,-0.0044764772,0.007756512400000002,0.00023860199999996105,2
70,1778488987300,-0.0044608771999999994,0.007815012400000002,0.00023860199999996105,2
71,1778488987304,-0.0044608771999999994,0.0064149124,0.0001333019999999862,2
72,1778488987308,-0.0043672772,0.0064149124,0.0001333019999999862,2
73,1778488987312,-0.0045193772,0.006099012400000001,0.0002815019999999179,2
74,1778488987317,-0.0045193772,0.006099012400000001,0.0002815019999999179,2
75,1778488987321,-0.0044140772,0.0057402124,-3.197999999997661e-06,2
76,1778488987325,-0.0044140772,0.0057402124,-3.197999999997661e-06,2
77,1778488987329,-0.0042307772,0.0071559124000000005,0.0012175019999999658,2
78,1778488987334,-0.0042307772,0.0071559124000000005,0.0012175019999999658,2
79,1778488987338,-0.0038953772,0.0074952123999999995,-0.00020989800000011279,2
80,1778488987343,-0.0038953772,0.0074952123999999995,-0.00020989800000011279,2
81,1778488987347,-0.0037276771999999996,0.0080724124,0.0005428019999999378,2
82,1778488987351,-0.0037276771999999996,0.0080724124,2.0201999999898065e-05,2
83,1778488987355,-0.0036067772,0.0070623123999999995,2.0201999999898065e-05,2
84,1778488987359,-0.0036067772,0.0070623123999999995,0.00044920199999991077,2
85,1778488987363,-0.004219077199999999,0.0063291124,0.00044920199999991077,2
86,1778488987366,-0.004219077199999999,0.0063291124,0.00044920199999991077,2
87,1778488987371,-0.0045271771999999995,0.0060600124,0.00033220199999998805,2
88,1778488987375,-0.0045271771999999995,0.0060600124,0.00033220199999998805,2
89,1778488987379,-0.0047221772,0.0062706124,0.0003712019999998883,2
90,1778488987383,-0.0047221772,0.0062706124,0.0001177019999999817,2
91,1778488987387,-0.0046441772,0.0072222124000000006,0.0001177019999999817,2
92,1778488987391,-0.0046441772,0.0072222124000000006,0.0005467019999999944,2
93,1778488987395,-0.0045154772,0.007877412399999999,0.0005467019999999944,2
94,1778488987400,-0.0045154772,0.008080212400000002,0.000550602000000051,2
95,1778488987404,-0.0042541772,0.008080212400000002,0.000550602000000051,2
96,1778488987408,-0.0042931772,0.0065709124,-0.00012409799999997702,2
97,1778488987412,-0.0042931772,0.0065709124,-0.00012409799999997702,2
98,1778488987416,-0.0044335772,0.0065046124,0.0006052019999999558,2
99,1778488987420,-0.0044335772,0.0065046124,0.0006052019999999558,2
100,1778488987425,-0.0044101772,0.0055608124,-0.0005686979999999942,2
101,1778488987429,-0.0044101772,0.0055608124,-0.0005686979999999942,2
102,1778488987433,-0.0044530772,0.006699612400000001,0.0009133019999999891,2
103,1778488987437,-0.0044530772,0.006699612400000001,0.0009133019999999891,2
104,1778488987441,-0.0040123772,0.0074055124,-0.00022549800000011729,2
105,1778488987445,-0.0040123772,0.0074055124,-0.00022549800000011729,2
106,1778488987450,-0.0039460772,0.0081855124,0.00083140199999991,2
107,1778488987454,-0.0039460772,0.0081855124,0.00083140199999991,2
108,1778488987458,-0.0035950771999999995,0.0074835124,0.0003439019999999359,2
109,1778488987462,-0.0035950771999999995,0.0074835124,0.0003439019999999359,2
110,1778488987466,-0.0040552771999999996,0.0063954124,0.00034780199999999255,2
111,1778488987470,-0.0040552771999999996,0.0063954124,0.00034780199999999255,2
112,1778488987475,-0.0041605772,0.0057831124,6.700199999991156e-05,2
113,1778488987479,-0.0041605772,0.0057831124,6.700199999991156e-05,2
114,1778488987483,-0.004417977199999999,0.006079512400000001,0.00047260200000002854,2
115,1778488987487,-0.004417977199999999,0.006079512400000001,0.00020350199999989542,2
116,1778488987491,-0.0045934771999999995,0.006875112400000001,0.00020350199999989542,2
117,1778488987496,-0.0045934771999999995,0.006875112400000001,0.000644202000000078,2
118,1778488987500,-0.004640277199999999,0.0076044124,0.000644202000000078,2
119,1778488987504,-0.0042229772,0.008236212400000002,0.0004219019999999584,2
120,1778488987508,-0.0042229772,0.008236212400000002,0.0004219019999999584,2
121,1778488987512,-0.0041605772,0.0073002124000000005,7.020000000589749e-07,2
122,1778488987516,-0.0041605772,0.0073002124000000005,7.020000000589749e-07,2
123,1778488987521,-0.0044686772,0.006855612400000001,0.0010927019999999298,2
124,1778488987525,-0.0044686772,0.006855612400000001,0.0010927019999999298,2
0,1778488987586,-0.0040357772,0.0058026124000000005,0.0002932020000000878,2
1,1778488987591,-0.0045817772,0.0055647124,0.0004843019999999764,2
2,1778488987595,-0.004796277199999999,0.0062862123999999995,0.00034780199999999255,2
3,1778488987599,-0.004796277199999999,0.0062862123999999995,0.00034780199999999255,2
4,1778488987604,-0.0046012772,0.0073353124,0.0002269020000000132,2
5,1778488987624,-0.0042268772,0.0084351124,0.0006793019999999216,2
6,1778488987628,-0.004250277199999999,0.007031112400000001,0.0008704020000000322,2
7,1778488987632,-0.004406277199999999,0.0060483124,-0.0003307979999999811,2
8,1778488987636,-0.004406277199999999,0.0060483124,-0.0003307979999999811,2
9,1778488987640,-0.0046870772,0.006200412400000001,0.0004063019999999539,2
10,1778488987645,-0.0046870772,0.006200412400000001,0.0004063019999999539,2
11,1778488987649,-0.004219077199999999,0.0069570124,0.0001645019999999952,2
12,1778488987653,-0.004219077199999999,0.0069570124,0.0001645019999999952,2
13,1778488987657,-0.0043984772,0.007421112400000001,0.0006871020000000349,2
14,1778488987755,-0.0040708772,0.0052488124,0.0007105019999999306,2
15,1778488987759,-0.004605177199999999,0.0077370124,0.0006481019999999126,2
16,1778488987763,-0.0043711772,0.0077370124,0.0006481019999999126,2
17,1778488987767,-0.0043711772,0.0077370124,0.0005584019999999423,2
18,1778488987771,-0.0042931772,0.0080958124,0.0005584019999999423,2
19,1778488987775,-0.0042931772,0.0080958124,0.0006052019999999558,2
20,1778488987780,-0.0046090772,0.0071598124,0.0006052019999999558,2
21,1778488987784,-0.004363377199999999,0.0064032124,0.0004063019999999539,2
22,1778488987788,-0.004363377199999999,0.0064032124,0.0004063019999999539,2
23,1778488987792,-0.004605177199999999,0.0055530124,0.0003595019999999404,2
24,1778488987795,-0.004605177199999999,0.0055530124,0.0003595019999999404,2
25,1778488987800,-0.004605177199999999,0.0062511124,0.0005467019999999944,2
26,1778488987804,-0.0041995771999999995,0.0062511124,0.0005467019999999944,2
27,1778488987808,-0.0040864772,0.0070506124,-0.00016699799999993388,2
28,1778488987813,-0.0040864772,0.0070506124,-0.00016699799999993388,2
29,1778488987817,-0.004117677199999999,0.0077721123999999996,0.0004687019999999719,2
30,1778488987821,-0.004117677199999999,0.0077721123999999996,0.0004687019999999719,2
31,1778488987825,-0.004472577199999999,0.007776012400000001,3.5801999999902565e-05,2
32,1778488987830,-0.004472577199999999,0.007776012400000001,3.5801999999902565e-05,2
33,1778488987834,-0.0046246772,0.0069609124,0.0003907019999999494,2
34,1778488987838,-0.0046246772,0.0069609124,0.0003907019999999494,2
35,1778488987842,-0.0046324771999999995,0.006087312400000001,-0.00043219800000001037,2
36,1778488987847,-0.0046324771999999995,0.006087312400000001,-0.00043219800000001037,2
37,1778488987851,-0.0048079772,0.005580312400000001,0.0009484020000000547,2
38,1778488987855,-0.0048079772,0.006364212400000001,0.00044920199999991077,2
39,1778488987860,-0.0044140772,0.006364212400000001,0.00044920199999991077,2
40,1778488987864,-0.0041605772,0.007343112400000001,0.0009055019999998758,2
41,1778488987868,-0.0041605772,0.007343112400000001,0.0009055019999998758,2
42,1778488987872,-0.0038914771999999996,0.0080256124,0.0006013019999998991,2
43,1778488987877,-0.0038914771999999996,0.0080256124,0.0006013019999998991,2
44,1778488987881,-0.003996777199999999,0.007577112400000001,-0.000217698000000004,2
45,1778488987884,-0.003996777199999999,0.007577112400000001,-0.000217698000000004,2
46,1778488987888,-0.0041605772,0.006797112400000001,0.00039460200000000605,2
47,1778488987893,-0.0041605772,0.006797112400000001,0.00039460200000000605,2
48,1778488987897,-0.0043672772,0.0059508124,-0.00033859799999998337,2
49,1778488987901,-0.0043672772,0.0059508124,-0.00033859799999998337,2
50,1778488987905,-0.0041059771999999994,0.0058923124,0.0003127019999999269,2
51,1778488987910,-0.0041059771999999994,0.0058923124,0.0003127019999999269,2
52,1778488987914,-0.004074777199999999,0.0065358124,3.190200000006797e-05,2
53,1778488987918,-0.004074777199999999,0.0065358124,3.190200000006797e-05,2
54,1778488987923,-0.0036769771999999997,0.007861812400000001,0.0003712019999998883,2
55,1778488987927,-0.0036769771999999997,0.007861812400000001,0.0003400019999998793,2
56,1778488987931,-0.0038056771999999996,0.007885212400000001,0.0003400019999998793,2
57,1778488987935,-0.0038056771999999996,0.007354812400000001,0.0012721020000000926,2
58,1778488987940,-0.003973377199999999,0.007354812400000001,0.0012721020000000926,2
59,1778488987944,-0.004339977199999999,0.006309612400000001,0.0003985020000000627,2
60,1778488987948,-0.004339977199999999,0.006309612400000001,0.0003985020000000627,2
61,1778488987953,-0.005073177199999999,0.0054399124,0.0008041019999999576,2
62,1778488987957,-0.005073177199999999,0.0054399124,0.0008041019999999576,2
63,1778488987961,-0.0050653771999999994,0.0061692124000000004,2.41019999999547e-05,2
64,1778488987965,-0.0050653771999999994,0.0061692124000000004,2.41019999999547e-05,2
65,1778488987970,-0.0046870772,0.007031112400000001,2.41019999999547e-05,2
66,1778488987974,-0.0046870772,0.007031112400000001,2.41019999999547e-05,2
67,1778488987978,-0.0041332771999999995,0.008357112400000002,0.0002659019999999134,2
68,1778488987983,-0.0041332771999999995,0.008357112400000002,0.0002659019999999134,2
69,1778488987987,-0.0039499771999999995,0.0081114124,-0.0003580980000000445,2
70,1778488987991,-0.0039499771999999995,0.0081114124,0.00058180200000006,2
71,1778488987995,-0.0040591772,0.0073704124,0.00058180200000006,2
72,1778488987999,-0.0040591772,0.0060717124,-0.00022939799999995188,2
73,1778488988004,-0.0041995771999999995,0.0060717124,-0.00022939799999995188,2
74,1778488988008,-0.0046129772,0.005510112400000001,0.00012940199999992956,2
75,1778488988012,-0.0046129772,0.005510112400000001,0.00012940199999992956,2
76,1778488988016,-0.0045934771999999995,0.006333012400000001,0.0005155019999999854,2
77,1778488988021,-0.0045934771999999995,0.006333012400000001,0.0005155019999999854,2
78,1778488988025,-0.0042931772,0.0072378124,0.000862601999999919,2
79,1778488988029,-0.0042931772,0.0072378124,0.000862601999999919,2
80,1778488988033,-0.0042229772,0.007709712399999999,0.00041020200000001054,2
81,1778488988038,-0.0042229772,0.007709712399999999,0.00041020200000001054,2
82,1778488988042,-0.0041605772,0.0073782124000000004,0.0006208019999999603,2
83,1778488988046,-0.0041605772,0.0073782124000000004,0.0006208019999999603,2
84,1778488988050,-0.004039677199999999,0.0068010124000000005,8.65019999999727e-05,2
85,1778488988055,-0.004039677199999999,0.0068010124000000005,8.65019999999727e-05,2
86,1778488988059,-0.004640277199999999,0.0055920124000000005,0.00047260200000002854,2
87,1778488988063,-0.004640277199999999,0.0062394124,0.00040240199999989727,2
88,1778488988067,-0.004995177199999999,0.0062394124,0.00040240199999989727,2
89,1778488988072,-0.004995177199999999,0.0067581124,-0.00028399800000007865,2
90,1778488988076,-0.005205777199999999,0.0067581124,-0.00028399800000007865,2
91,1778488988080,-0.004839177199999999,0.0081816124,0.0005155019999999854,2
92,1778488988084,-0.004839177199999999,0.0081816124,0.0005155019999999854,2
93,1778488988089,-0.0045232772,0.008119212399999999,-0.00043219800000001037,2
94,1778488988093,-0.0045232772,0.008119212399999999,-0.00043219800000001037,2
95,1778488988097,-0.0042346772,0.0073002124000000005,0.0004297020000000717,2
96,1778488988101,-0.0042346772,0.0073002124000000005,0.0004297020000000717,2
97,1778488988106,-0.0039655772,0.006177012400000001,0.0002815019999999179,2
98,1778488988110,-0.0039655772,0.006177012400000001,0.0002815019999999179,2
99,1778488988114,-0.004183977199999999,0.0054750124,0.0005857019999998946,2
100,1778488988118,-0.004183977199999999,0.0054750124,0.0005857019999998946,2
101,1778488988123,-0.0045973772,0.0058182124,0.0009289019999999936,2
102,1778488988127,-0.0045973772,0.0058182124,0.0007612020000000008,2
103,1778488988131,-0.0043555772,0.0069375124,0.0007612020000000008,2
104,1778488988135,-0.0043555772,0.007826712400000001,3.190200000006797e-05,2
105,1778488988140,-0.0041371772,0.007826712400000001,3.190200000006797e-05,2
106,1778488988144,-0.0038914771999999996,0.007506912400000001,0.0004297020000000717,2
107,1778488988148,-0.0038914771999999996,0.007506912400000001,0.0004297020000000717,2
108,1778488988152,-0.0039499771999999995,0.007265112400000001,-6.169799999995902e-05,2
109,1778488988157,-0.0039499771999999995,0.007265112400000001,-6.169799999995902e-05,2
110,1778488988161,-0.003973377199999999,0.0061926124,-0.0004750979999999672,2
111,1778488988165,-0.003973377199999999,0.0061926124,-0.0004750979999999672,2
112,1778488988169,-0.004297077199999999,0.0062940124,0.0004921020000000897,2
113,1778488988174,-0.004297077199999999,0.0062940124,0.0004921020000000897,2
114,1778488988178,-0.0046129772,0.006321312400000001,-4.609799999995452e-05,2
115,1778488988183,-0.0046129772,0.006321312400000001,-4.609799999995452e-05,2
116,1778488988187,-0.0046441772,0.007686312399999999,0.0009133019999999891,2
117,1778488988193,-0.0046441772,0.007912512400000002,9.430200000008597e-05,2
118,1778488988197,-0.0046090772,0.007912512400000002,9.430200000008597e-05,2
119,1778488988201,-0.0045037772,0.007705812400000001,0.0005857019999998946,2
120,1778488988205,-0.0045037772,0.007705812400000001,0.0005857019999998946,2
121,1778488988210,-0.0042931772,0.0063681124000000006,0.00023080200000006983,2
122,1778488988214,-0.0042931772,0.0063681124000000006,0.00023080200000006983,2
123,1778488988218,-0.0037978771999999995,0.0059313123999999995,0.001112201999999991,2
124,1778488988223,-0.0037978771999999995,0.0059313123999999995,0.001112201999999991,2
0,1778488988318,-0.0045115772,0.007815012400000002,0.00023080200000006983,2
1,1778488988383,-0.0046012772,0.005580312400000001,-0.00015139799999992938,2
2,1778488988386,-0.0046012772,0.005580312400000001,-0.00015139799999992938,2
3,1778488988388,-0.0046012772,0.005580312400000001,-0.00015139799999992938,2
4,1778488988391,-0.004472577199999999,0.0074055124,0.0009796020000000637,2
5,1778488988394,-0.004472577199999999,0.0074055124,0.0009796020000000637,2
6,1778488988397,-0.004472577199999999,0.0074055124,0.0009796020000000637,2
7,1778488988399,-0.0041566772,0.0079320124,0.00018400200000005633,2
8,1778488988402,-0.0041566772,0.0079320124,0.00018400200000005633,2
9,1778488988405,-0.0041566772,0.0079320124,0.00018400200000005633,2
10,1778488988408,-0.004207377199999999,0.008247912400000001,0.0006169019999999036,2
11,1778488988411,-0.004207377199999999,0.008247912400000001,0.0006169019999999036,2
12,1778488988413,-0.004207377199999999,0.008247912400000001,0.0006169019999999036,2
13,1778488988416,-0.0043438771999999995,0.0071169124,-0.0006349980000000689,2
14,1778488988419,-0.0043438771999999995,0.0071169124,-0.0006349980000000689,2
15,1778488988421,-0.0043438771999999995,0.0071169124,-0.0006349980000000689,2
16,1778488988424,-0.0048703772,0.0062940124,0.0007417019999999396,2
17,1778488988427,-0.0048703772,0.0062940124,0.0007417019999999396,2
18,1778488988429,-0.0048703772,0.0062940124,0.0007417019999999396,2
19,1778488988432,-0.0049990772,0.005888412400000001,0.00023470199999990442,2
20,1778488988435,-0.0049990772,0.005888412400000001,0.00023470199999990442,2
21,1778488988437,-0.0049990772,0.005888412400000001,0.00023470199999990442,2
22,1778488988440,-0.0047767771999999995,0.006165312400000001,0.0006988019999999828,2
23,1778488988443,-0.0047767771999999995,0.006165312400000001,0.0006988019999999828,2
24,1778488988447,-0.0047767771999999995,0.006165312400000001,0.0006325019999999081,2
25,1778488988451,-0.0041644772,0.007518612400000001,0.0006325019999999081,2
26,1778488988455,-0.0041644772,0.007729212400000001,0.0002503019999999089,2
27,1778488988459,-0.0038407771999999997,0.007729212400000001,0.0002503019999999089,2
28,1778488988464,-0.0037003771999999996,0.0076005124,0.00047260200000002854,2
29,1778488988468,-0.0037003771999999996,0.0076005124,0.00047260200000002854,2
30,1778488988472,-0.0038056771999999996,0.0066255124,-3.439800000000666e-05,2
31,1778488988475,-0.0038056771999999996,0.0066255124,-3.439800000000666e-05,2
32,1778488988479,-0.0047806772,0.005556912400000001,0.0005038020000000375,2
33,1778488988484,-0.0047806772,0.005556912400000001,0.0005038020000000375,2
34,1778488988488,-0.0049678772,0.0058494124,0.0001177019999999817,2
35,1778488988492,-0.0049678772,0.0058494124,0.0001177019999999817,2
36,1778488988496,-0.004971777199999999,0.0071559124000000005,0.0006559020000000259,2
37,1778488988501,-0.004971777199999999,0.0071559124000000005,0.0006559020000000259,2
38,1778488988505,-0.0044413772,0.0078189124,-0.00015529799999998602,2
39,1778488988509,-0.0044413772,0.0078189124,-0.00015529799999998602,2
40,1778488988513,-0.004261977199999999,0.008166012399999999,0.0007573019999999441,2
41,1778488988518,-0.004261977199999999,0.008166012399999999,0.0007573019999999441,2
42,1778488988522,-0.003985077199999999,0.0077994124000000005,-7.729799999996352e-05,2
43,1778488988526,-0.003985077199999999,0.0077994124000000005,-7.729799999996352e-05,2
44,1778488988530,-0.0044101772,0.006489012400000001,0.00033220199999998805,2
45,1778488988535,-0.0044101772,0.006489012400000001,0.00018790199999989092,2
46,1778488988539,-0.004495977199999999,0.005935212400000001,0.00018790199999989092,2
47,1778488988543,-0.004495977199999999,0.0057597124,-2.2698000000058796e-05,2
48,1778488988547,-0.0047806772,0.0057597124,-2.2698000000058796e-05,2
49,1778488988552,-0.0044569772,0.007331412400000001,0.0003829020000000582,2
50,1778488988556,-0.0044569772,0.007331412400000001,0.0003829020000000582,2
51,1778488988560,-0.0041917772,0.0077604124,0.0003751019999999449,2
52,1778488988564,-0.0041917772,0.0077604124,0.0003751019999999449,2
53,1778488988569,-0.0038290772,0.007826712400000001,0.0008275020000000754,2
54,1778488988573,-0.0038290772,0.007826712400000001,0.0008275020000000754,2
55,1778488988577,-0.0037822771999999998,0.006789312400000001,0.0006832019999999783,2
56,1778488988581,-0.0037822771999999998,0.006789312400000001,0.0006832019999999783,2
57,1778488988586,-0.0039265772,0.0061809124,0.0006325019999999081,2
58,1778488988590,-0.0039265772,0.0061809124,0.0006325019999999081,2
59,1778488988594,-0.0043321772,0.005634912400000001,0.0003829020000000582,2
60,1778488988599,-0.0043321772,0.005634912400000001,0.0003829020000000582,2
61,1778488988603,-0.0047143772,0.0064383124,0.00048040199999991977,2
62,1778488988607,-0.0047143772,0.0075381124,0.0002113020000000087,2
63,1778488988611,-0.0046207772,0.0075381124,0.0002113020000000087,2
64,1778488988616,-0.0044491771999999995,0.008091912400000002,0.0006091020000000124,2
65,1778488988620,-0.0044491771999999995,0.008091912400000002,0.0006091020000000124,2
66,1778488988624,-0.0031699772,0.0075576124,-0.0002761979999999654,2
67,1778488988628,-0.0031699772,0.0075576124,-0.0002761979999999654,2
68,1778488988633,-0.0036418771999999996,0.006056112400000001,-9.679800000002466e-05,2
69,1778488988637,-0.0036418771999999996,0.006056112400000001,-9.679800000002466e-05,2
70,1778488988641,-0.004507677199999999,0.0056700124000000005,0.0009289019999999936,2
71,1778488988646,-0.004507677199999999,0.0056700124000000005,0.0009289019999999936,2
72,1778488988650,-0.005260377199999999,0.0064149124,3.5801999999902565e-05,2
73,1778488988654,-0.005260377199999999,0.0064149124,3.5801999999902565e-05,2
74,1778488988658,-0.005182377199999999,0.0066138124,0.00033220199999998805,2
75,1778488988663,-0.005182377199999999,0.0066138124,0.00045700200000002404,2
76,1778488988667,-0.0047221772,0.008575512399999999,0.00045700200000002404,2
77,1778488988671,-0.0047221772,0.008934312400000002,0.0003439019999999359,2
78,1778488988675,-0.0044335772,0.008934312400000002,0.0003439019999999359,2
79,1778488988680,-0.004152777199999999,0.0073275124,0.0005428019999999378,2
80,1778488988684,-0.004152777199999999,0.0073275124,0.0005428019999999378,2
81,1778488988688,-0.0043126772,0.0063603124,0.0008704020000000322,2
82,1778488988692,-0.0043126772,0.0063603124,0.0008704020000000322,2
83,1778488988697,-0.0045661771999999995,0.0053073124,0.00016840200000005183,2
84,1778488988701,-0.0045661771999999995,0.0053073124,0.00016840200000005183,2
85,1778488988705,-0.0050263771999999995,0.006153612400000001,0.0007729019999999486,2
86,1778488988709,-0.0050263771999999995,0.006153612400000001,0.0007729019999999486,2
87,1778488988714,-0.0043789772,0.007042812400000001,0.0002815019999999179,2
88,1778488988718,-0.0043789772,0.007042812400000001,0.0002815019999999179,2
89,1778488988722,-0.0034507771999999996,0.0075264124,0.00014110199999987742,2
90,1778488988726,-0.0034507771999999996,0.0075264124,0.00014110199999987742,2
91,1778488988732,-0.0035521771999999997,0.0079047124,0.0003907019999999494,2
92,1778488988736,-0.0034078771999999998,0.0070740123999999995,-0.00028789799999991324,2
93,1778488988740,-0.0034078771999999998,0.0070740123999999995,-0.00028789799999991324,2
94,1778488988744,-0.0036028771999999996,0.005779212400000001,0.0008236020000000187,2
95,1778488988749,-0.0036028771999999996,0.005779212400000001,0.0008236020000000187,2
96,1778488988753,-0.0043438771999999995,0.005424312400000001,0.0004063019999999539,2
97,1778488988757,-0.0043438771999999995,0.005424312400000001,0.0004063019999999539,2
98,1778488988761,-0.0044530772,0.0068478124,0.0006247020000000169,2
99,1778488988766,-0.0044530772,0.0068478124,0.0006247020000000169,2
100,1778488988770,-0.0047299772,0.0071247124,0.0009055019999998758,2
101,1778488988774,-0.0047299772,0.0071247124,0.0009055019999998758,2
102,1778488988778,-0.0045427772,0.0077721123999999996,-0.00010069800000008129,2
103,1778488988783,-0.0045427772,0.0077721123999999996,4.3602000000015836e-05,2
104,1778488988787,-0.0043594772,0.007733112399999999,4.3602000000015836e-05,2
105,1778488988791,-0.0043594772,0.0070350124,0.0003829020000000582,2
106,1778488988795,-0.0046753772,0.0070350124,0.0003829020000000582,2
107,1778488988800,-0.004827477199999999,0.0059157124,-4.609799999995452e-05,2
108,1778488988804,-0.004827477199999999,0.0059157124,-4.609799999995452e-05,2
109,1778488988809,-0.0052252772,0.006067812400000001,0.0007183020000000439,2
110,1778488988813,-0.0052252772,0.006067812400000001,0.0007183020000000439,2
111,1778488988817,-0.0048898772,0.007518612400000001,0.0004219019999999584,2
112,1778488988822,-0.0048898772,0.007518612400000001,0.0004219019999999584,2
113,1778488988826,-0.0046558772,0.007662912399999999,-0.00011629800000008579,2
114,1778488988830,-0.0046558772,0.007662912399999999,-0.00011629800000008579,2
115,1778488988835,-0.0039928772,0.007861812400000001,0.0008158019999999055,2
116,1778488988839,-0.0039928772,0.007861812400000001,-0.000248898000000013,2
117,1778488988843,-0.0035950771999999995,0.0067815124,-0.000248898000000013,2
118,1778488988847,-0.0029944772,0.005989812400000001,0.0006325019999999081,2
119,1778488988852,-0.0029944772,0.005989812400000001,0.0006325019999999081,2
120,1778488988856,-0.0028813771999999993,0.004679412400000001,-0.00012019799999992038,2
121,1778488988860,-0.0028813771999999993,0.004679412400000001,-0.00012019799999992038,2
122,1778488988864,-0.0039148772,0.0059469124000000005,0.0004531019999999674,2
123,1778488988869,-0.0039148772,0.0059469124000000005,0.0004531019999999674,2
124,1778488988873,-0.004394577199999999,0.0069960123999999995,0.0002581020000000222,2
0,1778488988946,-0.005006877199999999,0.0068595124,0.00039460200000000605,2
1,1778488989060,-0.004761177199999999,0.0066411123999999995,0.0004921020000000897,2
2,1778488989064,-0.004651977199999999,0.0052878123999999995,7.020000000589749e-07,2
3,1778488989068,-0.004651977199999999,0.0052878123999999995,7.020000000589749e-07,2
4,1778488989073,-0.003985077199999999,0.0056037124,0.00058180200000006,2
5,1778488989077,-0.003985077199999999,0.0056037124,0.00058180200000006,2
6,1778488989081,-0.0031699772,0.0062277124,0.0001021019999999772,2
7,1778488989085,-0.0031699772,0.0062277124,0.0001021019999999772,2
8,1778488989090,-0.0029320772,0.007386012400000001,0.0013228019999999407,2
9,1778488989094,-0.0029320772,0.007386012400000001,0.0013228019999999407,2
10,1778488989098,-0.0031309772,0.008029512400000001,6.310200000007697e-05,2
11,1778488989102,-0.0031309772,0.008029512400000001,0.0006286020000000735,2
12,1778488989107,-0.0035053771999999997,0.0071013124,0.0006286020000000735,2
13,1778488989111,-0.0035053771999999997,0.0060639123999999996,0.00016840200000005183,2
14,1778488989115,-0.0043477772,0.0060639123999999996,0.00016840200000005183,2
15,1778488989120,-0.0058063772,0.005100612400000001,-1.4897999999945524e-05,2
16,1778488989124,-0.0058063772,0.005100612400000001,-1.4897999999945524e-05,2
17,1778488989128,-0.005892177199999999,0.0068907124,0.001174602000000009,2
18,1778488989132,-0.005892177199999999,0.0068907124,0.001174602000000009,2
19,1778488989137,-0.005353977199999999,0.0076278124,-0.0001786980000001038,2
20,1778488989141,-0.005353977199999999,0.0076278124,-0.0001786980000001038,2
21,1778488989145,-0.005061477199999999,0.0088953124,0.0008587020000000844,2
22,1778488989149,-0.005061477199999999,0.0088953124,0.0008587020000000844,2
23,1778488989154,-0.0045037772,0.008883612400000001,-0.0006388980000000145,2
24,1778488989158,-0.0045037772,0.008883612400000001,-0.0006388980000000145,2
25,1778488989162,-0.0044491771999999995,0.0082089124,0.0006832019999999783,2
26,1778488989167,-0.0044491771999999995,0.0082089124,3.97019999999592e-05,2
27,1778488989171,-0.0047260772,0.005280012400000001,3.97019999999592e-05,2
28,1778488989175,-0.0047299772,0.005112312400000001,0.0009211019999998803,2
29,1778488989180,-0.0047299772,0.005112312400000001,0.0009211019999998803,2
30,1778488989184,-0.0045037772,0.005666112400000001,-0.00044389800000006925,2
31,1778488989188,-0.0045037772,0.005666112400000001,-0.00044389800000006925,2
32,1778488989192,-0.0040708772,0.007308012400000001,0.0009679019999998938,2
33,1778488989196,-0.0040708772,0.007308012400000001,0.0009679019999998938,2
34,1778488989201,-0.0030568771999999996,0.0076668124,0.0002971019999999224,2
35,1778488989205,-0.0030568771999999996,0.0076668124,0.0002971019999999224,2
36,1778488989209,-0.0026395772,0.007553712400000001,0.0005077019999998721,2
37,1778488989213,-0.0026395772,0.007553712400000001,0.0005077019999998721,2
38,1778488989218,-0.0025849771999999997,0.0069141124,0.00048040199999991977,2
39,1778488989222,-0.0025849771999999997,0.0069141124,0.00048040199999991977,2
40,1778488989226,-0.0036769771999999997,0.0051708124000000005,0.0002581020000000222,2
41,1778488989230,-0.0036769771999999997,0.0051708124000000005,9.820199999992056e-05,2
42,1778488989235,-0.0047143772,0.0053736124,9.820199999992056e-05,2
43,1778488989239,-0.0047143772,0.006886812400000001,8.260199999991606e-05,2
44,1778488989243,-0.0052681772,0.006886812400000001,8.260199999991606e-05,2
45,1778488989248,-0.0053032771999999995,0.0080256124,0.0006286020000000735,2
46,1778488989254,-0.0053032771999999995,0.0080256124,0.0006286020000000735,2
47,1778488989259,-0.004893777199999999,0.008033412399999999,-0.0005218979999999807,2
48,1778488989263,-0.0046987771999999995,0.0080841124,0.001069302000000034,2
49,1778488989267,-0.0046987771999999995,0.0080841124,0.001069302000000034,2
50,1778488989272,-0.0044686772,0.006723012400000001,-0.0003268980000000355,2
51,1778488989276,-0.0044686772,0.006723012400000001,-0.0003268980000000355,2
52,1778488989280,-0.004796277199999999,0.0061497124,0.001112201999999991,2
53,1778488989284,-0.004796277199999999,0.0061497124,0.001112201999999991,2
54,1778488989289,-0.004917177199999999,0.0061575124000000005,-0.00036979799999999237,2
55,1778488989293,-0.004917177199999999,0.0061575124000000005,-0.00036979799999999237,2
56,1778488989297,-0.0050575772,0.007198812400000001,0.0010615019999999208,2
57,1778488989301,-0.0050575772,0.007198812400000001,0.0010615019999999208,2
58,1778488989306,-0.004297077199999999,0.0079203124,1.6302000000063474e-05,2
59,1778488989310,-0.004297077199999999,0.0079203124,1.6302000000063474e-05,2
60,1778488989314,-0.0037276771999999996,0.0076278124,0.0005233019999998766,2
61,1778488989318,-0.0037276771999999996,0.0076278124,0.0005038020000000375,2
62,1778488989323,-0.0032362771999999993,0.0068127124,0.0005038020000000375,2
63,1778488989327,-0.0032362771999999993,0.005822112400000001,0.0005116019999999288,2
64,1778488989331,-0.0032401771999999995,0.005822112400000001,0.0005116019999999288,2
65,1778488989335,-0.0034702771999999995,0.0057870123999999995,0.00014500199999993406,2
66,1778488989339,-0.0034702771999999995,0.0057870123999999995,0.00014500199999993406,2
67,1778488989344,-0.0043360772,0.006200412400000001,0.00010600200000003383,2
68,1778488989348,-0.0043360772,0.006200412400000001,0.00010600200000003383,2
69,1778488989352,-0.0047377771999999995,0.007674612399999999,0.0010030019999999595,2
70,1778488989355,-0.0047377771999999995,0.007674612399999999,0.0010030019999999595,2
71,1778488989359,-0.005116077199999999,0.007768212400000002,-0.00019819799999994288,2
72,1778488989364,-0.005116077199999999,0.007768212400000002,-0.00019819799999994288,2
73,1778488989368,-0.0040318772,0.007776012400000001,0.001256502000000088,2
74,1778488989372,-0.0040318772,0.007776012400000001,0.001256502000000088,2
75,1778488989376,-0.0044803772,0.005634912400000001,-0.000529697999999983,2
76,1778488989381,-0.0044803772,0.005634912400000001,-0.000529697999999983,2
77,1778488989385,-0.0053305772,0.006453912400000001,0.0009055019999998758,2
78,1778488989389,-0.0053305772,0.006453912400000001,0.0009055019999998758,2
79,1778488989394,-0.0038758772,0.0065748123999999995,-0.00040099800000000137,2
80,1778488989398,-0.0038758772,0.0065748123999999995,-0.00040099800000000137,2
81,1778488989402,-0.0045154772,0.005556912400000001,0.0009055019999998758,2
82,1778488989406,-0.0045154772,0.005556912400000001,-0.000280098000000022,2
83,1778488989411,-0.0046090772,0.0089538124,-0.000280098000000022,2
84,1778488989415,-0.0043594772,0.0086379124,0.0002581020000000222,2
85,1778488989419,-0.0043594772,0.0086379124,0.0002581020000000222,2
86,1778488989423,-0.0046597771999999996,0.007109112400000001,0.0008236020000000187,2
87,1778488989428,-0.0046597771999999996,0.007109112400000001,0.0008236020000000187,2
88,1778488989432,-0.0044803772,0.006021012400000001,-0.0002917979999999699,2
89,1778488989436,-0.0044803772,0.006021012400000001,-0.0002917979999999699,2
90,1778488989440,-0.004297077199999999,0.0061302124,0.0004375019999999629,2
91,1778488989445,-0.004297077199999999,0.0061302124,0.0004375019999999629,2
92,1778488989449,-0.0043789772,0.0057753124,0.0002464020000000743,2
93,1778488989453,-0.0043789772,0.0057753124,0.0002464020000000743,2
94,1778488989457,-0.0038446771999999995,0.0073158124,0.0016036020000000217,2
95,1778488989462,-0.0038446771999999995,0.0073158124,0.0016036020000000217,2
96,1778488989466,-0.0040552771999999996,0.0077370124,-0.0006817979999999713,2
97,1778488989470,-0.0040552771999999996,0.0077370124,0.0006169019999999036,2
98,1778488989474,-0.0041683772,0.0074796124,0.0006169019999999036,2
99,1778488989479,-0.0041683772,0.0063174124,-0.0003580980000000445,2
100,1778488989483,-0.0037471771999999996,0.0063174124,-0.0003580980000000445,2
101,1778488989487,-0.004417977199999999,0.005377512400000001,0.0008860020000000367,2
102,1778488989491,-0.004417977199999999,0.005377512400000001,0.0008860020000000367,2
103,1778488989496,-0.0043243772,0.0056856124,-0.000311298000000031,2
104,1778488989500,-0.0043243772,0.0056856124,-0.000311298000000031,2
105,1778488989504,-0.0044335772,0.0065358124,0.0007105019999999306,2
106,1778488989508,-0.0044335772,0.0065358124,0.0007105019999999306,2
107,1778488989513,-0.0042814772,0.0082440124,0.0005233019999998766,2
108,1778488989517,-0.0042814772,0.0082440124,0.0005233019999998766,2
109,1778488989521,-0.004339977199999999,0.0084468124,0.00023080200000006983,2
110,1778488989525,-0.004339977199999999,0.0084468124,0.00023080200000006983,2
111,1778488989530,-0.0042541772,0.008017812400000001,0.0008236020000000187,2
112,1778488989534,-0.0042541772,0.008017812400000001,0.0008236020000000187,2
113,1778488989538,-0.0046246772,0.0060288124,0.0004375019999999629,2
114,1778488989543,-0.0046246772,0.0060288124,0.0005779020000000034,2
115,1778488989547,-0.004616877199999999,0.005989812400000001,0.0005779020000000034,2
116,1778488989551,-0.004749477199999999,0.005634912400000001,-0.0004243980000000081,2
117,1778488989555,-0.004749477199999999,0.005634912400000001,-0.0004243980000000081,2
118,1778488989559,-0.0035014772,0.0067152124,0.0013540019999999497,2
119,1778488989564,-0.0035014772,0.0067152124,0.0013540019999999497,2
120,1778488989568,-0.0032635771999999993,0.0071130124,-0.000560897999999992,2
121,1778488989572,-0.0032635771999999993,0.0071130124,-0.000560897999999992,2
122,1778488989576,-0.0044257772,0.0074601124,0.0016192020000000262,2
123,1778488989581,-0.0044257772,0.0074601124,0.0016192020000000262,2
124,1778488989585,-0.0045895772,0.0079281124,-0.00010069800000008129,2
0,1778488989652,-0.0042580772,0.007787712400000001,-0.00030739799999997437,2
1,1778488989668,-0.0042892772,0.0045312124,-0.0007324980000000415,2
2,1778488989714,-0.0048898772,0.005556912400000001,0.0005584019999999423,2
3,1778488989753,-0.0052018772,0.0060834124,0.0012838020000000405,2
4,1778488989777,-0.0040552771999999996,0.007475712400000001,-0.000404898000000058,2
5,1778488989781,-0.0040552771999999996,0.007475712400000001,-0.000404898000000058,2
6,1778488989784,-0.0033220771999999997,0.008864112399999999,0.0013384019999999452,2
7,1778488989788,-0.0033220771999999997,0.008864112399999999,0.0013384019999999452,2
8,1778488989792,-0.0030880772,0.0079398124,-0.00041659800000000587,2
9,1778488989796,-0.0030880772,0.0079398124,-0.00041659800000000587,2
10,1778488989799,-0.0036067772,0.006278412400000001,0.0007846019999998965,2
11,1778488989803,-0.0036067772,0.006278412400000001,0.0007846019999998965,2
12,1778488989807,-0.0044374772,0.0053619124,-0.0004750979999999672,2
13,1778488989811,-0.0044374772,0.0053619124,-0.0004750979999999672,2
14,1778488989815,-0.004905477199999999,0.0051279124,0.00031660199999998355,2
15,1778488989819,-0.004905477199999999,0.0051279124,0.00031660199999998355,2
16,1778488989822,-0.004905477199999999,0.0065241124000000005,0.0008158019999999055,2
17,1778488989826,-0.0046714771999999995,0.0065241124000000005,0.0008158019999999055,2
18,1778488989830,-0.0046714771999999995,0.0065241124000000005,-1.879800000000216e-05,2
19,1778488989834,-0.0041215772,0.007265112400000001,-1.879800000000216e-05,2
20,1778488989838,-0.0041215772,0.007265112400000001,0.0008587020000000844,2
21,1778488989841,-0.0035209772,0.008407812399999999,0.0008587020000000844,2
22,1778488989845,-0.0035209772,0.008407812399999999,0.0008587020000000844,2
23,1778488989849,-0.0036340771999999995,0.007674612399999999,-0.00018259799999993838,2
24,1778488989853,-0.0036340771999999995,0.007674612399999999,-0.00018259799999993838,2
25,1778488989857,-0.0044647772,0.0069960123999999995,0.0012799019999999838,2
26,1778488989861,-0.0044647772,0.0069960123999999995,0.0012799019999999838,2
27,1778488989864,-0.005127777199999999,0.005767512400000001,-3.439800000000666e-05,2
28,1778488989868,-0.005127777199999999,0.005767512400000001,-3.439800000000666e-05,2
29,1778488989872,-0.0053344772,0.0064383124,0.0009679019999998938,2
30,1778488989876,-0.0053344772,0.0064383124,0.0009679019999998938,2
31,1778488989880,-0.0046597771999999996,0.0072690124,-0.0005764979999999965,2
32,1778488989883,-0.0046597771999999996,0.0072690124,-0.0005764979999999965,2
33,1778488989887,-0.0037159771999999997,0.007885212400000001,0.0011824019999999002,2
34,1778488989891,-0.0037159771999999997,0.007885212400000001,0.0011824019999999002,2
35,1778488989895,-0.0032830771999999998,0.007721412399999999,-0.0008455980000000186,2
36,1778488989899,-0.0032830771999999998,0.007721412399999999,-0.0008455980000000186,2
37,1778488989903,-0.0035833771999999996,0.0069141124,0.0008899019999998713,2
38,1778488989906,-0.0035833771999999996,0.0069141124,0.0008899019999998713,2
39,1778488989910,-0.0040435772,0.0056973124,0.00010990200000009047,2
40,1778488989914,-0.0040435772,0.0056973124,0.00010990200000009047,2
41,1778488989918,-0.0040435772,0.0048939124,0.0007339020000000484,2
42,1778488989922,-0.004394577199999999,0.0048939124,0.0007339020000000484,2
43,1778488989926,-0.004394577199999999,0.0048939124,5.53019999999637e-05,2
44,1778488989930,-0.0045466772,0.006921912400000001,5.53019999999637e-05,2
45,1778488989934,-0.0045466772,0.006921912400000001,5.53019999999637e-05,2
46,1778488989937,-0.0047689772,0.007230012400000001,0.00014500199999993406,2
47,1778488989941,-0.0047689772,0.007230012400000001,0.00014500199999993406,2
48,1778488989945,-0.0046363772,0.0081699124,0.0012760019999999272,2
49,1778488989949,-0.0046363772,0.0081699124,0.0012760019999999272,2
50,1778488989953,-0.0040825772,0.0082791124,-0.0001786980000001038,2
51,1778488989956,-0.0040825772,0.0082791124,-0.0001786980000001038,2
52,1778488989960,-0.004339977199999999,0.006921912400000001,0.0006091020000000124,2
53,1778488989964,-0.004339977199999999,0.006921912400000001,0.0006091020000000124,2
54,1778488989968,-0.0045661771999999995,0.0057597124,-0.00031909800000003326,2
55,1778488989972,-0.0045661771999999995,0.0057597124,-0.00031909800000003326,2
56,1778488989975,-0.004507677199999999,0.005810412400000001,0.0006169019999999036,2
57,1778488989979,-0.004507677199999999,0.005810412400000001,0.0006169019999999036,2
58,1778488989983,-0.004472577199999999,0.006855612400000001,-0.00047899800000002386,2
59,1778488989987,-0.004472577199999999,0.006855612400000001,-0.00047899800000002386,2
60,1778488989991,-0.004550577199999999,0.007421112400000001,0.0011590020000000045,2
61,1778488989995,-0.004550577199999999,0.007421112400000001,0.0011590020000000045,2
62,1778488989998,-0.0041215772,0.007815012400000002,0.0004297020000000717,2
63,1778488990002,-0.0041215772,0.007815012400000002,0.0004297020000000717,2
64,1778488990012,-0.0041215772,0.0071793124,0.00021910199999989992,2
65,1778488990016,-0.0040006772,0.0062862123999999995,0.0007534019999998875,2
66,1778488990020,-0.0040006772,0.0062862123999999995,0.0007534019999998875,2
67,1778488990024,-0.004152777199999999,0.0054204124,0.0008119020000000709,2
68,1778488990028,-0.004152777199999999,0.0054204124,0.0008119020000000709,2
69,1778488990031,-0.0044920772,0.006645012400000001,0.00016840200000005183,2
70,1778488990036,-0.0044920772,0.006645012400000001,0.00016840200000005183,2
71,1778488990040,-0.0047689772,0.0073782124000000004,0.0006559020000000259,2
72,1778488990044,-0.0047689772,0.0073782124000000004,0.0006559020000000259,2
73,1778488990047,-0.0046363772,0.008115312400000001,6.310200000007697e-05,2
74,1778488990051,-0.0046363772,0.008115312400000001,6.310200000007697e-05,2
75,1778488990055,-0.004429677199999999,0.008021712399999999,-0.00028399800000007865,2
76,1778488990059,-0.004429677199999999,0.008021712399999999,-0.00028399800000007865,2
77,1778488990063,-0.004363377199999999,0.0072846123999999995,0.0003556019999998838,2
78,1778488990066,-0.004363377199999999,0.0072846123999999995,0.0003556019999998838,2
79,1778488990070,-0.0043828771999999995,0.005369712400000001,-0.0003892980000000535,2
80,1778488990074,-0.0043828771999999995,0.005369712400000001,-0.0003892980000000535,2
81,1778488990078,-0.0043828771999999995,0.005369712400000001,0.0006286020000000735,2
82,1778488990082,-0.0044569772,0.0054867124,0.0006286020000000735,2
83,1778488990086,-0.0044569772,0.0054867124,-0.00040099800000000137,2
84,1778488990089,-0.0045154772,0.0067269124,-0.00040099800000000137,2
85,1778488990093,-0.0045154772,0.0067269124,-0.00040099800000000137,2
86,1778488990097,-0.0042463772,0.0075615123999999995,0.0007027020000000394,2
87,1778488990101,-0.0042463772,0.0075615123999999995,0.0007027020000000394,2
88,1778488990105,-0.0042112772,0.0084468124,0.00046480199999991527,2
89,1778488990109,-0.0042112772,0.0084468124,0.00046480199999991527,2
90,1778488990112,-0.004261977199999999,0.006886812400000001,0.0007846019999998965,2
91,1778488990116,-0.004261977199999999,0.006886812400000001,0.0007846019999998965,2
92,1778488990120,-0.0045271771999999995,0.0070155124,0.0012526020000000315,2
93,1778488990124,-0.0045271771999999995,0.0070155124,0.0012526020000000315,2
94,1778488990128,-0.0046324771999999995,0.0059508124,0.00012160200000003833,2
95,1778488990132,-0.0046324771999999995,0.0059508124,0.00012160200000003833,2
96,1778488990135,-0.0042307772,0.0051747124,-0.00010459799999991588,2
97,1778488990139,-0.0042307772,0.0051747124,-0.00010459799999991588,2
98,1778488990143,-0.004273677199999999,0.006910212400000001,0.0003985020000000627,2
99,1778488990147,-0.004273677199999999,0.006910212400000001,0.0003985020000000627,2
100,1778488990150,-0.0044140772,0.008478012400000002,-6.559800000001566e-05,2
101,1778488990154,-0.0044140772,0.008478012400000002,-6.559800000001566e-05,2
102,1778488990173,-0.0044140772,0.008021712399999999,-8.899799999991138e-05,2
103,1778488990177,-0.0045271771999999995,0.0063915124,0.0002425020000000177,2
104,1778488990180,-0.0045271771999999995,0.0063915124,0.0002425020000000177,2
105,1778488990184,-0.0044569772,0.005911812400000001,0.0006559020000000259,2
106,1778488990188,-0.0044569772,0.005911812400000001,0.0006559020000000259,2
107,1778488990192,-0.0044413772,0.0064968123999999995,0.0013423020000000018,2
108,1778488990196,-0.0044413772,0.0064968123999999995,0.0013423020000000018,2
109,1778488990200,-0.0041683772,0.0073236124,-1.0998000000110933e-05,2
110,1778488990204,-0.0041683772,0.0073236124,-1.0998000000110933e-05,2
111,1778488990207,-0.004063077199999999,0.008294712400000001,0.0006325019999999081,2
112,1778488990211,-0.004063077199999999,0.008294712400000001,0.0006325019999999081,2
113,1778488990215,-0.0039226771999999995,0.0079788124,-0.0001942980000001083,2
114,1778488990219,-0.0039226771999999995,0.0079788124,-0.0001942980000001083,2
115,1778488990223,-0.0037198771999999995,0.0065163124,0.0003127019999999269,2
116,1778488990226,-0.0037198771999999995,0.0065163124,0.0003127019999999269,2
117,1778488990230,-0.0039694772,0.0048198124,0.0008392020000000232,2
118,1778488990234,-0.0039694772,0.0048198124,0.0008392020000000232,2
119,1778488990238,-0.0039694772,0.0048198124,-0.00012409799999997702,2
120,1778488990242,-0.0044335772,0.0065631123999999996,-0.00012409799999997702,2
121,1778488990245,-0.0044335772,0.0065631123999999996,-0.00012409799999997702,2
122,1778488990249,-0.0036457772,0.0065241124000000005,0.0004531019999999674,2
123,1778488990253,-0.0036457772,0.0065241124000000005,0.0004531019999999674,2
124,1778488990257,-0.004683177199999999,0.007432812400000001,0.0007495020000000529,2
0,1778488990334,-0.0042229772,0.0056973124,-4.999800000001116e-05,2
1,1778488990403,-0.0042229772,0.0056973124,-4.999800000001116e-05,2
2,1778488990457,-0.004339977199999999,0.0065397124,0.0008041019999999576,2
3,1778488990462,-0.004339977199999999,0.0065397124,0.0005545019999998856,2
4,1778488990466,-0.004417977199999999,0.0071364124,0.0005545019999998856,2
5,1778488990470,-0.004417977199999999,0.008985012399999999,0.0009757020000000071,2
6,1778488990475,-0.0031660772,0.008985012399999999,0.0009757020000000071,2
7,1778488990479,-0.0040006772,0.0063525123999999995,0.0002581020000000222,2
8,1778488990483,-0.0040006772,0.0063525123999999995,0.0002581020000000222,2
9,1778488990487,-0.0046597771999999996,0.007054512400000001,0.0012643019999999793,2
10,1778488990491,-0.0046597771999999996,0.007054512400000001,0.0012643019999999793,2
11,1778488990496,-0.005038077199999999,0.0061029124,-0.001091298000000034,2
12,1778488990500,-0.005038077199999999,0.0061029124,-0.001091298000000034,2
13,1778488990504,-0.0049795772,0.0054828124,0.0014515020000000333,2
14,1778488990509,-0.0049795772,0.0054828124,0.0014515020000000333,2
15,1778488990513,-0.0040825772,0.0059040124,-0.0013720980000000039,2
16,1778488990517,-0.0040825772,0.0059040124,-0.0013720980000000039,2
17,1778488990521,-0.0039382772,0.008259612400000001,0.0016036020000000217,2
18,1778488990525,-0.0039382772,0.008259612400000001,0.0016036020000000217,2
19,1778488990530,-0.0036106771999999997,0.0090123124,-0.0010327980000000726,2
20,1778488990534,-0.0036106771999999997,0.0090123124,0.0012838020000000405,2
21,1778488990538,-0.0039382772,0.0074835124,0.0012838020000000405,2
22,1778488990542,-0.0039382772,0.0065475124,-0.0005647980000000486,2
23,1778488990546,-0.0042424772,0.0065475124,-0.0005647980000000486,2
24,1778488990551,-0.0048079772,0.0050187124,0.0012916019999999317,2
25,1778488990555,-0.0048079772,0.0050187124,0.0012916019999999317,2
26,1778488990559,-0.0045544771999999996,0.0064734124,2.0201999999898065e-05,2
27,1778488990564,-0.0045544771999999996,0.0064734124,2.0201999999898065e-05,2
28,1778488990568,-0.0044686772,0.0063018124000000005,0.0001489019999999907,2
29,1778488990572,-0.0044686772,0.0063018124000000005,0.0001489019999999907,2
30,1778488990576,-0.004152777199999999,0.008439012400000001,0.0008587020000000844,2
31,1778488990581,-0.004152777199999999,0.008439012400000001,0.0008587020000000844,2
32,1778488990585,-0.0040942771999999995,0.0084936124,-0.00046339800000001936,2
33,1778488990589,-0.0040942771999999995,0.0084936124,-0.00046339800000001936,2
34,1778488990594,-0.0041917772,0.007042812400000001,0.0013891020000000153,2
35,1778488990598,-0.0041917772,0.007042812400000001,-0.0011653979999999998,2
36,1778488990602,-0.0047299772,0.0055530124,-0.0011653979999999998,2
37,1778488990606,-0.0047299772,0.0061926124,0.0010888019999998732,2
38,1778488990610,-0.0049015772,0.0061926124,0.0010888019999998732,2
39,1778488990615,-0.005837577199999999,0.005521812400000001,-0.0007363979999999871,2
40,1778488990619,-0.005837577199999999,0.005521812400000001,-0.0007363979999999871,2
41,1778488990623,-0.0049795772,0.008501412400000002,0.0007456019999999963,2
42,1778488990627,-0.0049795772,0.008501412400000002,0.0007456019999999963,2
43,1778488990632,-0.0038251771999999996,0.008283012400000001,-0.0005335980000000396,2
44,1778488990636,-0.0038251771999999996,0.008283012400000001,-0.0005335980000000396,2
45,1778488990640,-0.0038641771999999995,0.0072183123999999994,0.0024967019999998907,2
46,1778488990645,-0.0038641771999999995,0.0072183123999999994,0.0024967019999998907,2
47,1778488990649,-0.0038407771999999997,0.007674612399999999,-0.00034249800000004,2
48,1778488990653,-0.0038407771999999997,0.007674612399999999,-0.00034249800000004,2
49,1778488990657,-0.0038719771999999996,0.0051942124,0.0009328020000000502,2
50,1778488990662,-0.0038719771999999996,0.0051942124,0.0005233019999998766,2
51,1778488990666,-0.0044335772,0.0055179124,0.0005233019999998766,2
52,1778488990670,-0.0044335772,0.0064305123999999995,-9.679800000002466e-05,2
53,1778488990674,-0.0044335772,0.0064305123999999995,-9.679800000002466e-05,2
54,1778488990679,-0.004183977199999999,0.0073041124,0.0009445019999999981,2
55,1778488990683,-0.004183977199999999,0.0073041124,0.0009445019999999981,2
56,1778488990687,-0.0039694772,0.0075498124,-0.000592098000000001,2
57,1778488990691,-0.0039694772,0.0075498124,-0.000592098000000001,2
58,1778488990696,-0.0037510772,0.0080256124,0.0009601020000000026,2
59,1778488990700,-0.0037510772,0.0080256124,0.0009601020000000026,2
60,1778488990704,-0.0043984772,0.006079512400000001,-0.0008221980000000118,2
61,1778488990709,-0.0043984772,0.006079512400000001,-0.0008221980000000118,2
62,1778488990713,-0.0046636772,0.006212112400000001,0.0011200019999998822,2
63,1778488990717,-0.0046636772,0.006212112400000001,0.0011200019999998822,2
64,1778488990721,-0.0048079772,0.0061029124,-0.0006310980000000122,2
65,1778488990726,-0.0048079772,0.0061029124,0.0019078019999999984,2
66,1778488990730,-0.0051004772,0.0071598124,0.0019078019999999984,2
67,1778488990734,-0.0051004772,0.008306412400000001,-0.0008767980000000276,2
68,1778488990738,-0.0045193772,0.008306412400000001,-0.0008767980000000276,2
69,1778488990743,-0.0046792772,0.008173812400000001,0.0016270019999999174,2
70,1778488990747,-0.0046792772,0.008173812400000001,0.0016270019999999174,2
71,1778488990751,-0.0043204772,0.0071949124,-0.0003892980000000535,2
72,1778488990755,-0.0043204772,0.0071949124,-0.0003892980000000535,2
73,1778488990759,-0.0041917772,0.005865012400000001,0.0007729019999999486,2
74,1778488990763,-0.0041917772,0.005865012400000001,0.0007729019999999486,2
75,1778488990767,-0.0041605772,0.0056817124,0.0003595019999999404,2
76,1778488990771,-0.0041605772,0.0056817124,0.0003595019999999404,2
77,1778488990775,-0.0041098772,0.0057597124,0.00022300199999995655,2
78,1778488990780,-0.0041098772,0.0057597124,0.00022300199999995655,2
79,1778488990784,-0.0040162772,0.0079398124,0.0007885019999999531,2
80,1778488990788,-0.0040162772,0.0079398124,0.0007885019999999531,2
81,1778488990792,-0.0041995771999999995,0.007830612399999999,0.0004843019999999764,2
82,1778488990797,-0.0041995771999999995,0.007830612399999999,0.0004843019999999764,2
83,1778488990801,-0.0041254772,0.007768212400000002,0.0017089019999999965,2
84,1778488990805,-0.0041254772,0.007768212400000002,0.0017089019999999965,2
85,1778488990810,-0.0046870772,0.0060834124,-0.00121609800000007,2
86,1778488990814,-0.0046870772,0.007019412400000001,0.0001333019999999862,2
87,1778488990819,-0.0038056771999999996,0.007019412400000001,0.0001333019999999862,2
88,1778488990823,-0.0043789772,0.004336212400000001,0.0016855019999998787,2
89,1778488990827,-0.0043789772,0.004336212400000001,0.0016855019999998787,2
90,1778488990832,-0.0047299772,0.0073704124,0.00036340199999999705,2
91,1778488990836,-0.0047299772,0.0073704124,0.00036340199999999705,2
92,1778488990840,-0.0033961772,0.0093126124,-0.0008728979999999709,2
93,1778488990845,-0.0033961772,0.0093126124,-0.0008728979999999709,2
94,1778488990849,-0.0048469772,0.0070155124,0.0015451020000000603,2
95,1778488990853,-0.0048469772,0.0070155124,0.0015451020000000603,2
96,1778488990857,-0.0043672772,0.007097412400000001,-0.0010756980000000294,2
97,1778488990862,-0.0043672772,0.007097412400000001,0.0015529019999999515,2
98,1778488990866,-0.004839177199999999,0.006165312400000001,0.0015529019999999515,2
99,1778488990870,-0.004839177199999999,0.0060600124,0.0008587020000000844,2
100,1778488990874,-0.0046207772,0.0060600124,0.0008587020000000844,2
101,1778488990879,-0.0043165771999999995,0.0054945124,-0.0010951979999999795,2
102,1778488990883,-0.0043165771999999995,0.0054945124,-0.0010951979999999795,2
103,1778488990887,-0.0038914771999999996,0.0072027124,0.0015412020000000037,2
104,1778488990891,-0.0038914771999999996,0.0072027124,0.0015412020000000037,2
105,1778488990896,-0.0040006772,0.007854012399999999,0.000550602000000051,2
106,1778488990900,-0.0040006772,0.007854012399999999,0.000550602000000051,2
107,1778488990904,-0.0038563772,0.008680812400000001,0.0005896019999999513,2
108,1778488990908,-0.0038563772,0.008680812400000001,0.0005896019999999513,2
109,1778488990913,-0.0045466772,0.006531912400000001,-7.339800000012893e-05,2
110,1778488990917,-0.0045466772,0.006531912400000001,-7.339800000012893e-05,2
111,1778488990921,-0.0049483771999999995,0.0059274124,0.000675402000000087,2
112,1778488990925,-0.0049483771999999995,0.0059274124,0.000675402000000087,2
113,1778488990930,-0.0046012772,0.0062823124,-0.00062329800000001,2
114,1778488990934,-0.0046012772,0.0063486124,0.0016426019999999219,2
115,1778488990938,-0.0046246772,0.0063486124,0.0016426019999999219,2
116,1778488990942,-0.0042541772,0.0073236124,-0.0010639979999999705,2
117,1778488990947,-0.0042541772,0.0073236124,-0.0010639979999999705,2
118,1778488990951,-0.0039031771999999995,0.008606712400000001,0.0006052019999999558,2
119,1778488990955,-0.0039031771999999995,0.008606712400000001,0.0006052019999999558,2
120,1778488990960,-0.004219077199999999,0.0073704124,-1.879800000000216e-05,2
121,1778488990964,-0.004219077199999999,0.0073704124,-1.879800000000216e-05,2
122,1778488990968,-0.0047767771999999995,0.0066294124,0.0006013019999998991,2
123,1778488990972,-0.0047767771999999995,0.0066294124,0.0006013019999998991,2
124,1778488990977,-0.004749477199999999,0.006122412400000001,0.00012550199999987292,2
0,1778488991048,-0.0037393771999999995,0.0083844124,0.0006520019999999693,2
1,1778488991053,-0.0045583772,0.007432812400000001,-0.0001474980000000948,2
2,1778488991158,-0.004297077199999999,0.006633312400000001,0.0007495020000000529,2
3,1778488991163,-0.0047572772,0.007935912400000002,0.0005740019999999468,2
4,1778488991168,-0.0042775771999999995,0.0079320124,9.430200000008597e-05,2
5,1778488991172,-0.0042775771999999995,0.0079320124,9.430200000008597e-05,2
6,1778488991176,-0.0041332771999999995,0.0073236124,0.0009016020000000412,2
7,1778488991180,-0.0041332771999999995,0.0073236124,0.0009016020000000412,2
8,1778488991184,-0.0045037772,0.0059820124,0.00011380199999992506,2
9,1778488991187,-0.0045037772,0.0059820124,0.00011380199999992506,2
10,1778488991191,-0.0044452772,0.0056817124,0.00046480199999991527,2
11,1778488991195,-0.0044452772,0.0056817124,0.00046480199999991527,2
12,1778488991199,-0.0044608771999999994,0.006278412400000001,-0.00013579799999992488,2
13,1778488991202,-0.0044608771999999994,0.006278412400000001,-0.00013579799999992488,2
14,1778488991206,-0.0043672772,0.007077912400000001,0.00015280200000004733,2
15,1778488991210,-0.0043672772,0.007077912400000001,0.00015280200000004733,2
16,1778488991214,-0.0043672772,0.0079281124,-0.00012019799999992038,2
17,1778488991220,-0.0040942771999999995,0.0079281124,-0.00012019799999992038,2
18,1778488991224,-0.0040123772,0.0074835124,8.501999999950202e-06,2
19,1778488991230,-0.0039148772,0.0066411123999999995,0.0006871020000000349,2
20,1778488991233,-0.0039148772,0.0066411123999999995,0.0006871020000000349,2
21,1778488991237,-0.0039148772,0.0060132124000000006,0.0007300019999999918,2
22,1778488991241,-0.0044374772,0.0060132124000000006,0.0007300019999999918,2
23,1778488991246,-0.0044374772,0.0060132124000000006,0.0005740019999999468,2
24,1778488991250,-0.0043789772,0.0062277124,0.0005740019999999468,2
25,1778488991256,-0.0044335772,0.006820512400000001,0.0008509019999999711,2
26,1778488991260,-0.0044335772,0.006820512400000001,0.0008509019999999711,2
27,1778488991264,-0.0043243772,0.0082674124,0.00048820200000003304,2
28,1778488991268,-0.0043243772,0.0082674124,0.00048820200000003304,2
29,1778488991271,-0.004406277199999999,0.0078930124,8.65019999999727e-05,2
30,1778488991275,-0.004406277199999999,0.0078930124,8.65019999999727e-05,2
31,1778488991279,-0.0045427772,0.0072144124,0.0003127019999999269,2
32,1778488991283,-0.0045427772,0.0072144124,0.0003127019999999269,2
33,1778488991286,-0.0042463772,0.006344712400000001,-0.00020599800000005615,2
34,1778488991290,-0.0042463772,0.006344712400000001,-0.00020599800000005615,2
35,1778488991294,-0.0043477772,0.0056817124,0.00022300199999995655,2
36,1778488991298,-0.0043477772,0.0056817124,0.00022300199999995655,2
37,1778488991301,-0.0043477772,0.0063720124,0.0003673020000000537,2
38,1778488991305,-0.0045154772,0.0063720124,0.0003673020000000537,2
39,1778488991309,-0.0045154772,0.0063720124,0.0002971019999999224,2
40,1778488991313,-0.004195677199999999,0.0073470124,0.0002971019999999224,2
41,1778488991316,-0.004195677199999999,0.0073470124,0.0002971019999999224,2
42,1778488991320,-0.004363377199999999,0.0076395123999999995,0.0007924020000000098,2
43,1778488991329,-0.0042307772,0.0077019124,0.00037900200000000155,2
44,1778488991332,-0.0042307772,0.0077019124,0.00037900200000000155,2
45,1778488991336,-0.004417977199999999,0.0068244124,0.0003439019999999359,2
46,1778488991340,-0.004417977199999999,0.0068244124,0.0003439019999999359,2
47,1778488991344,-0.0044257772,0.0058260124,0.0005623019999999989,2
48,1778488991347,-0.0044257772,0.0058260124,0.0005623019999999989,2
49,1778488991351,-0.0044920772,0.0059157124,-0.00011629800000008579,2
50,1778488991355,-0.0044920772,0.0059157124,-0.00011629800000008579,2
51,1778488991358,-0.0042775771999999995,0.0066138124,0.0003283019999999314,2
52,1778488991362,-0.0042775771999999995,0.0066138124,0.0003283019999999314,2
53,1778488991366,-0.0040435772,0.0076902124,-3.8298000000063295e-05,2
54,1778488991370,-0.0040435772,0.0076902124,-3.8298000000063295e-05,2
55,1778488991374,-0.0040942771999999995,0.0073665124000000005,7.020000000589749e-07,2
56,1778488991377,-0.0040942771999999995,0.0073665124000000005,7.020000000589749e-07,2
57,1778488991381,-0.0040942771999999995,0.0073665124000000005,0.0005623019999999989,2
58,1778488991385,-0.0042229772,0.0075459124,0.0005623019999999989,2
59,1778488991389,-0.0042229772,0.0075459124,0.0005623019999999989,2
60,1778488991392,-0.004363377199999999,0.0065514124,-4.219800000011993e-05,2
61,1778488991396,-0.004363377199999999,0.0065514124,-4.219800000011993e-05,2
62,1778488991400,-0.004784577199999999,0.0059469124000000005,0.0003829020000000582,2
63,1778488991404,-0.004784577199999999,0.0059469124000000005,0.0003829020000000582,2
64,1778488991408,-0.0045856772,0.0061380124,0.0004063019999999539,2
65,1778488991412,-0.0045856772,0.0061380124,0.0004063019999999539,2
66,1778488991416,-0.0042307772,0.007109112400000001,0.0007573019999999441,2
67,1778488991420,-0.0042307772,0.007109112400000001,0.0007573019999999441,2
68,1778488991424,-0.0040474772,0.007362612400000001,0.00023470199999990442,2
69,1778488991428,-0.0040474772,0.007362612400000001,0.00023470199999990442,2
70,1778488991432,-0.0039928772,0.0080256124,0.000613002000000069,2
71,1778488991435,-0.0039928772,0.0080256124,0.000613002000000069,2
72,1778488991439,-0.0042346772,0.0067074123999999995,-0.00027229799999990874,2
73,1778488991443,-0.0042346772,0.0067074123999999995,-0.00027229799999990874,2
74,1778488991447,-0.0044998772,0.006145812400000001,0.0004453020000000762,2
75,1778488991450,-0.0044998772,0.006145812400000001,0.0004453020000000762,2
76,1778488991454,-0.0047377771999999995,0.0059586124,-0.00027229799999990874,2
77,1778488991458,-0.0047377771999999995,0.0059586124,-0.00027229799999990874,2
78,1778488991462,-0.0047533772,0.006309612400000001,0.00023470199999990442,2
79,1778488991465,-0.0047533772,0.006309612400000001,0.00023470199999990442,2
80,1778488991469,-0.0047533772,0.0075888124000000005,0.00018790199999989092,2
81,1778488991473,-0.0043828771999999995,0.0075888124000000005,0.00018790199999989092,2
82,1778488991477,-0.0043828771999999995,0.0075888124000000005,0.00018790199999989092,2
83,1778488991480,-0.0041020772,0.0080490124,0.0003205020000000402,2
84,1778488991484,-0.0041020772,0.0080490124,0.0003205020000000402,2
85,1778488991488,-0.0040201772,0.0079203124,0.0003283019999999314,2
86,1778488991492,-0.0040201772,0.0079203124,0.0003283019999999314,2
87,1778488991495,-0.0044335772,0.0068673124000000006,0.0007300019999999918,2
88,1778488991499,-0.0044335772,0.0068673124000000006,0.0007300019999999918,2
89,1778488991503,-0.0046246772,0.0058182124,0.0005116019999999288,2
90,1778488991506,-0.0046246772,0.0058182124,0.0005116019999999288,2
91,1778488991510,-0.004917177199999999,0.005556912400000001,0.0001645019999999952,2
92,1778488991514,-0.004917177199999999,0.005556912400000001,0.0001645019999999952,2
93,1778488991518,-0.0045778772,0.0070233124000000004,0.0005389019999998811,2
94,1778488991522,-0.0045778772,0.0070233124000000004,0.0005389019999998811,2
95,1778488991525,-0.0045778772,0.0073899124,-0.00014359800000003815,2
96,1778488991529,-0.004285377199999999,0.0073899124,-0.00014359800000003815,2
97,1778488991533,-0.004285377199999999,0.0073899124,0.0009796020000000637,2
98,1778488991536,-0.0039226771999999995,0.007885212400000001,0.0009796020000000637,2
99,1778488991540,-0.0039226771999999995,0.007885212400000001,0.0009796020000000637,2
100,1778488991544,-0.0038992771999999997,0.0074367124,-0.0005452979999999875,2
101,1778488991548,-0.0038992771999999997,0.0074367124,-0.0005452979999999875,2
102,1778488991551,-0.0042229772,0.006489012400000001,0.0010459019999999163,2
103,1778488991555,-0.0042229772,0.006489012400000001,0.0010459019999999163,2
104,1778488991559,-0.004351677199999999,0.0059391124,-0.0001942980000001083,2
105,1778488991563,-0.004351677199999999,0.0059391124,-0.0001942980000001083,2
106,1778488991567,-0.004827477199999999,0.006434412400000001,0.0009523019999998893,2
107,1778488991570,-0.004827477199999999,0.006434412400000001,0.0009523019999998893,2
108,1778488991574,-0.0045310772,0.0071910124,7.020000000589749e-07,2
109,1778488991578,-0.0045310772,0.0071910124,7.020000000589749e-07,2
110,1778488991582,-0.0042424772,0.007924212400000002,0.0006637019999999171,2
111,1778488991586,-0.0042424772,0.007924212400000002,0.0006637019999999171,2
112,1778488991589,-0.0042424772,0.0075030124,0.00021910199999989992,2
113,1778488991593,-0.0042034772,0.0075030124,0.00021910199999989992,2
114,1778488991597,-0.0042034772,0.0075030124,0.0008431020000000799,2
115,1778488991600,-0.0041800772,0.0069843124,0.0008431020000000799,2
116,1778488991604,-0.0041800772,0.0069843124,0.0008431020000000799,2
117,1778488991608,-0.0040669771999999995,0.0066021124,0.00048820200000003304,2
118,1778488991612,-0.0040669771999999995,0.0066021124,0.00048820200000003304,2
119,1778488991615,-0.0044647772,0.0053853124,-8.899799999991138e-05,2
120,1778488991619,-0.0044647772,0.0053853124,-8.899799999991138e-05,2
121,1778488991623,-0.004219077199999999,0.0065358124,0.0006013019999998991,2
122,1778488991627,-0.004219077199999999,0.0065358124,0.0006013019999998991,2
123,1778488991630,-0.0044686772,0.007132512400000001,-0.000467297999999965,2
124,1778488991634,-0.0044686772,0.007132512400000001,-0.000467297999999965,2
