0,1771402752960,-0.004028271,0.0037468703999999995,0.0004980728999999232,2
1,1771402752963,-0.004028271,0.0037468703999999995,0.0004980728999999232,2
2,1771402752965,-0.004028271,0.0037468703999999995,0.0004980728999999232,2
3,1771402752968,-0.004067271000000001,0.0040432704,0.00026017290000002115,2
4,1771402752970,-0.004067271000000001,0.0040432704,0.00026017290000002115,2
5,1771402752972,-0.004067271000000001,0.0040432704,0.00026017290000002115,2
6,1771402752975,-0.004067271000000001,0.0040432704,0.00026017290000002115,2
7,1771402752977,-0.004149171,0.0039379704,0.0006033728999998981,2
8,1771402752979,-0.004149171,0.0039379704,0.0006033728999998981,2
9,1771402752982,-0.004149171,0.0039379704,0.0006033728999998981,2
10,1771402752984,-0.004195971,0.0039496704,0.00021727289999995327,2
11,1771402752986,-0.004195971,0.0039496704,0.00021727289999995327,2
12,1771402752989,-0.004195971,0.0039496704,0.00021727289999995327,2
13,1771402752991,-0.004195971,0.0036883704,0.0007554728999998864,2
14,1771402752993,-0.0040360710000000004,0.0036883704,0.0007554728999998864,2
15,1771402752996,-0.0040360710000000004,0.0036883704,0.0007554728999998864,2
16,1771402752998,-0.0040360710000000004,0.0036883704,0.0007554728999998864,2
17,1771402753001,-0.004293471,0.0039652704,-8.30270999999668e-05,2
18,1771402753003,-0.004293471,0.0039652704,-8.30270999999668e-05,2
19,1771402753005,-0.004293471,0.0039652704,-8.30270999999668e-05,2
20,1771402753008,-0.0037903710000000003,0.0036844703999999997,0.0006696728999999727,2
21,1771402753010,-0.0037903710000000003,0.0036844703999999997,0.0006696728999999727,2
22,1771402753012,-0.0037903710000000003,0.0036844703999999997,0.0006696728999999727,2
23,1771402753015,-0.004367571000000001,0.0039769704,0.00019387289999994652,2
24,1771402753017,-0.004367571000000001,0.0039769704,0.00019387289999994652,2
25,1771402753020,-0.004367571000000001,0.0039769704,0.00019387289999994652,2
26,1771402753022,-0.004367571000000001,0.0039769704,0.00019387289999994652,2
27,1771402753024,-0.003591471,0.0037702703999999993,0.0008373728999999656,2
28,1771402753027,-0.003591471,0.0037702703999999993,0.0008373728999999656,2
29,1771402753029,-0.003591471,0.0037702703999999993,0.0008373728999999656,2
30,1771402753031,-0.004578171000000001,0.0040354703999999995,-0.00022732710000006393,2
31,1771402753034,-0.004578171000000001,0.0040354703999999995,-0.00022732710000006393,2
32,1771402753036,-0.004578171000000001,0.0040354703999999995,-0.00022732710000006393,2
33,1771402753039,-0.003696771,0.0036805703999999995,0.00045517289999996637,2
34,1771402753041,-0.003696771,0.0036805703999999995,0.00045517289999996637,2
35,1771402753043,-0.003696771,0.0036805703999999995,0.00045517289999996637,2
36,1771402753046,-0.003696771,0.0036805703999999995,0.00045517289999996637,2
37,1771402753048,-0.004741971000000001,0.0039925704,0.0003498728999999915,2
38,1771402753050,-0.004741971000000001,0.0039925704,0.0003498728999999915,2
39,1771402753053,-0.004741971000000001,0.0039925704,0.0003498728999999915,2
40,1771402753055,-0.0038956710000000003,0.0037195703999999994,0.0007047729000000384,2
41,1771402753058,-0.0038956710000000003,0.0037195703999999994,0.0007047729000000384,2
42,1771402753060,-0.0038956710000000003,0.0037195703999999994,0.0007047729000000384,2
43,1771402753062,-0.004519670999999999,0.0039379704,1.0572899999949166e-05,2
44,1771402753065,-0.004519670999999999,0.0039379704,1.0572899999949166e-05,2
45,1771402753067,-0.004519670999999999,0.0039379704,1.0572899999949166e-05,2
46,1771402753069,-0.004519670999999999,0.0039379704,1.0572899999949166e-05,2
47,1771402753072,-0.003837171,0.0036961703999999996,0.00047077289999997087,2
48,1771402753074,-0.003837171,0.0036961703999999996,0.00047077289999997087,2
49,1771402753076,-0.003837171,0.0036961703999999996,0.00047077289999997087,2
50,1771402753079,-0.004141371,0.0038989704,0.00046297290000007964,2
51,1771402753081,-0.004141371,0.0038989704,0.00046297290000007964,2
52,1771402753084,-0.004141371,0.0038989704,0.00046297290000007964,2
53,1771402753086,-0.003989271000000001,0.0038638703999999994,0.0006228728999999592,2
54,1771402753095,-0.003989271000000001,0.0038638703999999994,0.0006228728999999592,2
55,1771402753098,-0.004215471,0.0039067704,0.0007242728999998774,2
56,1771402753100,-0.004215471,0.0039067704,0.0007242728999998774,2
57,1771402753103,-0.004519670999999999,0.0040042704,0.00021727289999995327,2
58,1771402753105,-0.004519670999999999,0.0040042704,0.00021727289999995327,2
59,1771402753108,-0.004519670999999999,0.0040042704,0.00021727289999995327,2
60,1771402753110,-0.003891771,0.0038833704,0.0005019728999999799,2
61,1771402753113,-0.003891771,0.0038833704,0.0005019728999999799,2
62,1771402753115,-0.003891771,0.0038833704,0.0005019728999999799,2
63,1771402753117,-0.003891771,0.0039652704,8.467290000002605e-05,2
64,1771402753120,-0.004258371,0.0039652704,8.467290000002605e-05,2
65,1771402753122,-0.004258371,0.0039652704,8.467290000002605e-05,2
66,1771402753124,-0.004258371,0.0039652704,8.467290000002605e-05,2
67,1771402753127,-0.003837171,0.0037546704,0.0006384728999999637,2
68,1771402753129,-0.003837171,0.0037546704,0.0006384728999999637,2
69,1771402753131,-0.003837171,0.0037546704,0.0006384728999999637,2
70,1771402753134,-0.004324671,0.0039964703999999995,0.00034207289999987824,2
71,1771402753136,-0.004324671,0.0039964703999999995,0.00034207289999987824,2
72,1771402753138,-0.004324671,0.0039964703999999995,0.00034207289999987824,2
73,1771402753141,-0.004324671,0.0039964703999999995,0.000459072900000023,2
74,1771402753143,-0.003848871,0.0039847704,0.000459072900000023,2
75,1771402753146,-0.003848871,0.0039847704,0.000459072900000023,2
76,1771402753148,-0.003848871,0.0039847704,0.000459072900000023,2
77,1771402753150,-0.004332470999999999,0.0040042704,-1.2827100000057583e-05,2
78,1771402753153,-0.004332470999999999,0.0040042704,-1.2827100000057583e-05,2
79,1771402753155,-0.004332470999999999,0.0040042704,-1.2827100000057583e-05,2
80,1771402753157,-0.003903471,0.0037819704,0.00042397289999995737,2
81,1771402753160,-0.003903471,0.0037819704,0.00042397289999995737,2
82,1771402753162,-0.003903471,0.0037819704,0.00042397289999995737,2
83,1771402753164,-0.003903471,0.0037819704,0.00027967289999997127,2
84,1771402753167,-0.004340271,0.0038365703999999994,0.00027967289999997127,2
85,1771402753169,-0.004340271,0.0038365703999999994,0.00027967289999997127,2
86,1771402753172,-0.004340271,0.0038365703999999994,0.00027967289999997127,2
87,1771402753174,-0.003950271,0.0037468703999999995,0.00047077289999997087,2
88,1771402753176,-0.003950271,0.0037468703999999995,0.00047077289999997087,2
89,1771402753179,-0.003950271,0.0037468703999999995,0.00047077289999997087,2
90,1771402753181,-0.004125771,0.0038950703999999997,0.00030697290000003465,2
91,1771402753183,-0.004125771,0.0038950703999999997,0.00030697290000003465,2
92,1771402753186,-0.004125771,0.0038950703999999997,0.00030697290000003465,2
93,1771402753188,-0.004125771,0.0038950703999999997,8.857289999997166e-05,2
94,1771402753191,-0.0041023710000000005,0.0038950703999999997,8.857289999997166e-05,2
95,1771402753193,-0.0041023710000000005,0.0038950703999999997,8.857289999997166e-05,2
96,1771402753195,-0.0041023710000000005,0.0038950703999999997,8.857289999997166e-05,2
97,1771402753198,-0.004215471,0.0038014703999999996,0.000521472900000041,2
98,1771402753200,-0.004215471,0.0038014703999999996,0.000521472900000041,2
99,1771402753214,-0.004215471,0.0038014703999999996,0.000521472900000041,2
100,1771402753217,-0.004004871,0.0037897703999999997,0.000708672899999873,2
101,1771402753219,-0.004004871,0.0037897703999999997,0.000708672899999873,2
102,1771402753221,-0.004410470999999999,0.0041953704,0.00021727289999995327,2
103,1771402753224,-0.004410470999999999,0.0041953704,0.00021727289999995327,2
104,1771402753226,-0.004410470999999999,0.0041953704,0.00021727289999995327,2
105,1771402753228,-0.003981471,0.0038989704,0.0007476728999999952,2
106,1771402753231,-0.003981471,0.0038989704,0.0007476728999999952,2
107,1771402753233,-0.003981471,0.0038989704,0.0007476728999999952,2
108,1771402753236,-0.003981471,0.0038989704,-5.182710000006883e-05,2
109,1771402753238,-0.004449471,0.0040120704,-5.182710000006883e-05,2
110,1771402753240,-0.004449471,0.0040120704,-5.182710000006883e-05,2
111,1771402753243,-0.004449471,0.0040120704,-5.182710000006883e-05,2
112,1771402753245,-0.003880071,0.0037702703999999993,0.0006618729000000815,2
113,1771402753247,-0.003880071,0.0037702703999999993,0.0006618729000000815,2
114,1771402753250,-0.003880071,0.0037702703999999993,0.0006618729000000815,2
115,1771402753252,-0.004414371,0.0038872704,0.0001236729000000373,2
116,1771402753254,-0.004414371,0.0038872704,0.0001236729000000373,2
117,1771402753257,-0.004414371,0.0038872704,0.0001236729000000373,2
118,1771402753259,-0.004414371,0.0038872704,0.0008412729000000222,2
119,1771402753262,-0.003798171,0.0037156704,0.0008412729000000222,2
120,1771402753264,-0.003798171,0.0037156704,0.0008412729000000222,2
121,1771402753266,-0.003798171,0.0037156704,0.0008412729000000222,2
122,1771402753269,-0.004387070999999999,0.0040432704,0.00022897290000001215,2
123,1771402753271,-0.004387070999999999,0.0040432704,0.00022897290000001215,2
124,1771402753273,-0.004387070999999999,0.0040432704,0.00022897290000001215,2
0,1771402753285,-0.004301271000000001,0.0039262704,0.0002874728999999735,2
1,1771402753287,-0.004301271000000001,0.0039262704,0.0002874728999999735,2
2,1771402753289,-0.004301271000000001,0.0039262704,0.0002874728999999735,2
3,1771402753292,-0.0037162709999999997,0.0037234703999999997,0.00032647289999987374,2
4,1771402753294,-0.0037162709999999997,0.0037234703999999997,0.00032647289999987374,2
5,1771402753296,-0.0037162709999999997,0.0037234703999999997,0.00032647289999987374,2
6,1771402753299,-0.0037162709999999997,0.0037234703999999997,0.0006306729000000725,2
7,1771402753301,-0.004262271,0.0037702703999999993,0.0006306729000000725,2
8,1771402753303,-0.004262271,0.0037702703999999993,0.0006306729000000725,2
9,1771402753306,-0.004262271,0.0037702703999999993,0.0006306729000000725,2
10,1771402753308,-0.004145271000000001,0.0039184703999999996,0.00020167289999994877,2
11,1771402753311,-0.004145271000000001,0.0039184703999999996,0.00020167289999994877,2
12,1771402753313,-0.004145271000000001,0.0039184703999999996,0.00020167289999994877,2
13,1771402753315,-0.003981471,0.0040042704,0.0007437728999999386,2
14,1771402753318,-0.003981471,0.0040042704,0.0007437728999999386,2
15,1771402753320,-0.003981471,0.0040042704,0.0007437728999999386,2
16,1771402753322,-0.003981471,0.0040042704,2.6172899999953665e-05,2
17,1771402753325,-0.004359771,0.003969170399999999,2.6172899999953665e-05,2
18,1771402753327,-0.004359771,0.003969170399999999,2.6172899999953665e-05,2
19,1771402753330,-0.004359771,0.003969170399999999,2.6172899999953665e-05,2
20,1771402753332,-0.0038332709999999996,0.0037468703999999995,0.0003498728999999915,2
21,1771402753334,-0.0038332709999999996,0.0037468703999999995,0.0003498728999999915,2
22,1771402753337,-0.0038332709999999996,0.0037468703999999995,0.0003498728999999915,2
23,1771402753339,-0.004558671,0.0037156704,0.00017047289999993977,2
24,1771402753341,-0.004558671,0.0037156704,0.00017047289999993977,2
25,1771402753344,-0.004558671,0.0037156704,0.00017047289999993977,2
26,1771402753346,-0.004558671,0.0037156704,0.0006969728999999251,2
27,1771402753348,-0.003969771,0.0037039704,0.0006969728999999251,2
28,1771402753351,-0.003969771,0.0037039704,0.0006969728999999251,2
29,1771402753353,-0.003969771,0.0037039704,0.0006969728999999251,2
30,1771402753355,-0.004320770999999999,0.0039145704,0.00016657289999999416,2
31,1771402753358,-0.004320770999999999,0.0039145704,0.00016657289999999416,2
32,1771402753360,-0.004320770999999999,0.0039145704,0.00016657289999999416,2
33,1771402753363,-0.003946371000000001,0.0037702703999999993,0.000646272900000077,2
34,1771402753365,-0.003946371000000001,0.0037702703999999993,0.000646272900000077,2
35,1771402753367,-0.003946371000000001,0.0037702703999999993,0.000646272900000077,2
36,1771402753370,-0.003946371000000001,0.0037702703999999993,0.00016657289999999416,2
37,1771402753372,-0.0042310709999999994,0.0038560703999999998,0.00016657289999999416,2
38,1771402753374,-0.0042310709999999994,0.0038560703999999998,0.00016657289999999416,2
39,1771402753377,-0.0042310709999999994,0.0038560703999999998,0.00016657289999999416,2
40,1771402753379,-0.0037903710000000003,0.0038560703999999998,0.0007749728999999476,2
41,1771402753381,-0.0037903710000000003,0.0038560703999999998,0.0007749728999999476,2
42,1771402753384,-0.0037903710000000003,0.0038560703999999998,0.0007749728999999476,2
43,1771402753386,-0.004375370999999999,0.0038989704,0.00022897290000001215,2
44,1771402753389,-0.004375370999999999,0.0038989704,0.00022897290000001215,2
45,1771402753391,-0.004375370999999999,0.0038989704,0.00022897290000001215,2
46,1771402753393,-0.004375370999999999,0.0038989704,0.00022897290000001215,2
47,1771402753396,-0.0038059709999999996,0.0038482704,0.00038497290000005715,2
48,1771402753398,-0.0038059709999999996,0.0038482704,0.00038497290000005715,2
49,1771402753401,-0.0038059709999999996,0.0038482704,0.00038497290000005715,2
50,1771402753403,-0.0040750709999999996,0.0040666704,0.0005292728999999322,2
51,1771402753406,-0.0040750709999999996,0.0040666704,0.0005292728999999322,2
52,1771402753418,-0.004078971000000001,0.0038521703999999995,0.00018607289999994427,2
53,1771402753421,-0.004078971000000001,0.0038521703999999995,0.00018607289999994427,2
54,1771402753423,-0.004078971000000001,0.0038521703999999995,0.00018607289999994427,2
55,1771402753426,-0.004348071,0.0039379704,0.00026017290000002115,2
56,1771402753428,-0.004348071,0.0039379704,0.00026017290000002115,2
57,1771402753430,-0.004348071,0.0039379704,0.00026017290000002115,2
58,1771402753433,-0.004348071,0.0039379704,0.00026017290000002115,2
59,1771402753435,-0.003981471,0.0037975703999999994,0.000708672899999873,2
60,1771402753437,-0.003981471,0.0037975703999999994,0.000708672899999873,2
61,1771402753440,-0.003981471,0.0037975703999999994,0.000708672899999873,2
62,1771402753442,-0.0042193709999999995,0.0039730704,0.00013927289999993077,2
63,1771402753444,-0.0042193709999999995,0.0039730704,0.00013927289999993077,2
64,1771402753447,-0.0042193709999999995,0.0039730704,0.00013927289999993077,2
65,1771402753449,-0.0038449710000000004,0.0038443704,0.0006501728999999116,2
66,1771402753452,-0.0038449710000000004,0.0038443704,0.0006501728999999116,2
67,1771402753454,-0.0038449710000000004,0.0038443704,0.0006501728999999116,2
68,1771402753456,-0.0038449710000000004,0.0038443704,0.0006501728999999116,2
69,1771402753459,-0.0044572710000000005,0.0039028703999999994,0.00022897290000001215,2
70,1771402753461,-0.0044572710000000005,0.0039028703999999994,0.00022897290000001215,2
71,1771402753463,-0.0044572710000000005,0.0039028703999999994,0.00022897290000001215,2
72,1771402753466,-0.0038215709999999997,0.0036844703999999997,0.00055267290000005,2
73,1771402753468,-0.0038215709999999997,0.0036844703999999997,0.00055267290000005,2
74,1771402753471,-0.0038215709999999997,0.0036844703999999997,0.00055267290000005,2
75,1771402753473,-0.004355871000000001,0.004008170399999999,0.00013537289999998516,2
76,1771402753475,-0.004355871000000001,0.004008170399999999,0.00013537289999998516,2
77,1771402753478,-0.004355871000000001,0.004008170399999999,0.00013537289999998516,2
78,1771402753480,-0.004355871000000001,0.004008170399999999,0.00013537289999998516,2
79,1771402753482,-0.003848871,0.0038482704,0.0006930729000000905,2
80,1771402753485,-0.003848871,0.0038482704,0.0006930729000000905,2
81,1771402753487,-0.003848871,0.0038482704,0.0006930729000000905,2
82,1771402753489,-0.004449471,0.0039028703999999994,0.0005760728999999457,2
83,1771402753492,-0.004449471,0.0039028703999999994,0.0005760728999999457,2
84,1771402753494,-0.004449471,0.0039028703999999994,0.0005760728999999457,2
85,1771402753497,-0.0038878709999999998,0.0037351703999999996,0.00035377290000004815,2
86,1771402753499,-0.0038878709999999998,0.0037351703999999996,0.00035377290000004815,2
87,1771402753501,-0.0038878709999999998,0.0037351703999999996,0.00035377290000004815,2
88,1771402753504,-0.0038878709999999998,0.0037351703999999996,0.00035377290000004815,2
89,1771402753506,-0.004324671,0.0039340704,0.00022897290000001215,2
90,1771402753509,-0.004324671,0.0039340704,0.00022897290000001215,2
91,1771402753511,-0.004324671,0.0039340704,0.00022897290000001215,2
92,1771402753513,-0.004020470999999999,0.0038989704,0.00038497290000005715,2
93,1771402753516,-0.004020470999999999,0.0038989704,0.00038497290000005715,2
94,1771402753518,-0.004020470999999999,0.0038989704,0.00038497290000005715,2
95,1771402753520,-0.003965870999999999,0.0037273704,0.0006618729000000815,2
96,1771402753523,-0.003965870999999999,0.0037273704,0.0006618729000000815,2
97,1771402753525,-0.003965870999999999,0.0037273704,0.0006618729000000815,2
98,1771402753527,-0.003965870999999999,0.0037273704,0.0006618729000000815,2
99,1771402753530,-0.004351971,0.0040939704,0.0004122729000000095,2
100,1771402753532,-0.004351971,0.0040939704,0.0004122729000000095,2
101,1771402753535,-0.004351971,0.0040939704,0.0004122729000000095,2
102,1771402753537,-0.003825471,0.0039769704,0.0006267729000000159,2
103,1771402753539,-0.003825471,0.0039769704,0.0006267729000000159,2
104,1771402753542,-0.003825471,0.0039769704,0.0006267729000000159,2
105,1771402753544,-0.004098470999999999,0.0042772704,0.0002874728999999735,2
106,1771402753546,-0.004098470999999999,0.0042772704,0.0002874728999999735,2
107,1771402753549,-0.004098470999999999,0.0042772704,0.0002874728999999735,2
108,1771402753551,-0.004098470999999999,0.0042772704,0.0002874728999999735,2
109,1771402753553,-0.003880071,0.0038443704,0.0005565728999998846,2
110,1771402753556,-0.003880071,0.0038443704,0.0005565728999998846,2
111,1771402753558,-0.003880071,0.0038443704,0.0005565728999998846,2
112,1771402753561,-0.004328571,0.003969170399999999,-5.027100000055333e-06,2
113,1771402753563,-0.004328571,0.003969170399999999,-5.027100000055333e-06,2
114,1771402753565,-0.004328571,0.003969170399999999,-5.027100000055333e-06,2
115,1771402753568,-0.003770871,0.0039925704,0.0006228728999999592,2
116,1771402753570,-0.003770871,0.0039925704,0.0006228728999999592,2
117,1771402753572,-0.003770871,0.0039925704,0.0006228728999999592,2
118,1771402753575,-0.003770871,0.0039925704,0.0006228728999999592,2
119,1771402753577,-0.004047771,0.0038443704,-8.927100000000947e-06,2
120,1771402753579,-0.004047771,0.0038443704,-8.927100000000947e-06,2
121,1771402753582,-0.004047771,0.0038443704,-8.927100000000947e-06,2
122,1771402753584,-0.003915171,0.0038404703999999996,0.0005175728999999844,2
123,1771402753587,-0.003915171,0.0038404703999999996,0.0005175728999999844,2
124,1771402753589,-0.003915171,0.0038404703999999996,0.0005175728999999844,2
0,1771402753601,-0.003891771,0.0039769704,0.000459072900000023,2
1,1771402753603,-0.003891771,0.0039769704,0.000459072900000023,2
2,1771402753605,-0.003891771,0.0039769704,0.000459072900000023,2
3,1771402753608,-0.004133571000000001,0.0040276704,0.00010027290000003055,2
4,1771402753610,-0.004133571000000001,0.0040276704,0.00010027290000003055,2
5,1771402753612,-0.004133571000000001,0.0040276704,0.00010027290000003055,2
6,1771402753615,-0.004133571000000001,0.0039925704,0.0002211729000000099,2
7,1771402753617,-0.003837171,0.0039925704,0.0002211729000000099,2
8,1771402753619,-0.003837171,0.0039925704,0.0002211729000000099,2
9,1771402753622,-0.003837171,0.0039925704,0.0002211729000000099,2
10,1771402753624,-0.004043870999999999,0.0038872704,0.0005877728999998936,2
11,1771402753627,-0.004043870999999999,0.0038872704,0.0005877728999998936,2
12,1771402753629,-0.004043870999999999,0.0038872704,0.0005877728999998936,2
13,1771402753631,-0.004106271,0.0039457704,0.0004746729000000275,2
14,1771402753634,-0.004106271,0.0039457704,0.0004746729000000275,2
15,1771402753636,-0.004106271,0.0039457704,0.0004746729000000275,2
16,1771402753638,-0.004106271,0.0039457704,0.00040837289999995287,2
17,1771402753641,-0.0042310709999999994,0.0038131703999999995,0.00040837289999995287,2
18,1771402753643,-0.0042310709999999994,0.0038131703999999995,0.00040837289999995287,2
19,1771402753646,-0.0042310709999999994,0.0038131703999999995,0.00040837289999995287,2
20,1771402753648,-0.004293471,0.0038872704,0.00011977289999998066,2
21,1771402753650,-0.004293471,0.0038872704,0.00011977289999998066,2
22,1771402753653,-0.004293471,0.0038872704,0.00011977289999998066,2
23,1771402753655,-0.004164770999999999,0.0038209704,0.0006696728999999727,2
24,1771402753657,-0.004164770999999999,0.0038209704,0.0006696728999999727,2
25,1771402753660,-0.004164770999999999,0.0038209704,0.0006696728999999727,2
26,1771402753662,-0.004164770999999999,0.0039769704,0.00011977289999998066,2
27,1771402753664,-0.003989271000000001,0.0039769704,0.00011977289999998066,2
28,1771402753667,-0.003989271000000001,0.0039769704,0.00011977289999998066,2
29,1771402753669,-0.003989271000000001,0.0039769704,0.00011977289999998066,2
30,1771402753672,-0.0038176710000000003,0.0038677703999999997,0.0009192729000000447,2
31,1771402753674,-0.0038176710000000003,0.0038677703999999997,0.0009192729000000447,2
32,1771402753677,-0.0038176710000000003,0.0038677703999999997,0.0009192729000000447,2
33,1771402753679,-0.0045079709999999995,0.0039028703999999994,0.00022897290000001215,2
34,1771402753697,-0.004449471,0.0039106704,0.00035767289999988274,2
35,1771402753699,-0.004449471,0.0039106704,0.00035767289999988274,2
36,1771402753702,-0.004449471,0.0040393704,0.0007047729000000384,2
37,1771402753704,-0.004055570999999999,0.0040393704,0.0007047729000000384,2
38,1771402753706,-0.004055570999999999,0.0040393704,0.0007047729000000384,2
39,1771402753709,-0.004055570999999999,0.0040393704,0.0007047729000000384,2
40,1771402753711,-0.004063371,0.0038404703999999996,-0.00021172710000005944,2
41,1771402753714,-0.004063371,0.0038404703999999996,-0.00021172710000005944,2
42,1771402753716,-0.004063371,0.0038404703999999996,-0.00021172710000005944,2
43,1771402753723,-0.0039424709999999995,0.0039613704,0.0006696728999999727,2
44,1771402753726,-0.004223271000000001,0.0039496704,0.0005682729000000545,2
45,1771402753728,-0.004223271000000001,0.0039496704,0.0005682729000000545,2
46,1771402753731,-0.004223271000000001,0.0039496704,0.0005682729000000545,2
47,1771402753733,-0.004223271000000001,0.0039496704,5.7372899999962664e-05,2
48,1771402753735,-0.004012671000000001,0.0038755703999999993,5.7372899999962664e-05,2
49,1771402753738,-0.004012671000000001,0.0038755703999999993,5.7372899999962664e-05,2
50,1771402753740,-0.004012671000000001,0.0038755703999999993,5.7372899999962664e-05,2
51,1771402753742,-0.004063371,0.0036766704,0.0008100729000000132,2
52,1771402753745,-0.004063371,0.0036766704,0.0008100729000000132,2
53,1771402753747,-0.004063371,0.0036766704,0.0008100729000000132,2
54,1771402753749,-0.004211571000000001,0.0041329704,0.00037327289999988724,2
55,1771402753752,-0.004211571000000001,0.0041329704,0.00037327289999988724,2
56,1771402753754,-0.004211571000000001,0.0041329704,0.00037327289999988724,2
57,1771402753757,-0.004211571000000001,0.0041329704,0.00024847289999996227,2
58,1771402753759,-0.003852771,0.0037195703999999994,0.00024847289999996227,2
59,1771402753761,-0.003852771,0.0037195703999999994,0.00024847289999996227,2
60,1771402753764,-0.003852771,0.0037195703999999994,0.00024847289999996227,2
61,1771402753766,-0.004422171000000001,0.0037663704,0.0001899729000000009,2
62,1771402753768,-0.004422171000000001,0.0037663704,0.0001899729000000009,2
63,1771402753771,-0.004422171000000001,0.0037663704,0.0001899729000000009,2
64,1771402753773,-0.004012671000000001,0.0039613704,0.0007983729000000654,2
65,1771402753775,-0.004012671000000001,0.0039613704,0.0007983729000000654,2
66,1771402753778,-0.004012671000000001,0.0039613704,0.0007983729000000654,2
67,1771402753780,-0.004012671000000001,0.0039613704,0.0007983729000000654,2
68,1771402753783,-0.004301271000000001,0.0041212704,0.00015097289999998966,2
69,1771402753785,-0.004301271000000001,0.0041212704,0.00015097289999998966,2
70,1771402753787,-0.004301271000000001,0.0041212704,0.00015097289999998966,2
71,1771402753790,-0.004043870999999999,0.0036805703999999995,0.0006891729000000339,2
72,1771402753792,-0.004043870999999999,0.0036805703999999995,0.0006891729000000339,2
73,1771402753794,-0.004043870999999999,0.0036805703999999995,0.0006891729000000339,2
74,1771402753797,-0.004383171,0.0040900704,0.00037327289999988724,2
75,1771402753799,-0.004383171,0.0040900704,0.00037327289999988724,2
76,1771402753802,-0.004383171,0.0040900704,0.00037327289999988724,2
77,1771402753804,-0.004383171,0.0040900704,0.0002874728999999735,2
78,1771402753807,-0.0040243710000000005,0.0039301703999999995,0.0002874728999999735,2
79,1771402753812,-0.0040243710000000005,0.0037351703999999996,0.00048247289999991873,2
80,1771402753815,-0.004156971000000001,0.0037351703999999996,0.00048247289999991873,2
81,1771402753817,-0.004156971000000001,0.0037351703999999996,0.00048247289999991873,2
82,1771402753819,-0.004156971000000001,0.0037351703999999996,0.00048247289999991873,2
83,1771402753822,-0.0041686710000000005,0.0038365703999999994,0.00036937290000005265,2
84,1771402753824,-0.0041686710000000005,0.0038365703999999994,0.00036937290000005265,2
85,1771402753826,-0.0041686710000000005,0.0038365703999999994,0.00036937290000005265,2
86,1771402753829,-0.004141371,0.0038989704,0.00020947289999995102,2
87,1771402753831,-0.004141371,0.0038989704,0.00020947289999995102,2
88,1771402753834,-0.004141371,0.0038989704,0.00020947289999995102,2
89,1771402753836,-0.004141371,0.0040003704,0.0003108729000000913,2
90,1771402753838,-0.003880071,0.0040003704,0.0003108729000000913,2
91,1771402753841,-0.003880071,0.0040003704,0.0003108729000000913,2
92,1771402753843,-0.003880071,0.0040003704,0.0003108729000000913,2
93,1771402753845,-0.004184271,0.0038443704,0.0006267729000000159,2
94,1771402753848,-0.004184271,0.0038443704,0.0006267729000000159,2
95,1771402753850,-0.004184271,0.0038443704,0.0006267729000000159,2
96,1771402753853,-0.004078971000000001,0.0040120704,0.00046297290000007964,2
97,1771402753855,-0.004078971000000001,0.0040120704,0.00046297290000007964,2
98,1771402753857,-0.004078971000000001,0.0040120704,0.00046297290000007964,2
99,1771402753860,-0.004305171,0.0039730704,0.0005175728999999844,2
100,1771402753862,-0.004305171,0.0039730704,0.0005175728999999844,2
101,1771402753865,-0.004305171,0.0039730704,0.0005175728999999844,2
102,1771402753867,-0.004305171,0.0039730704,0.0005175728999999844,2
103,1771402753869,-0.0040750709999999996,0.0039145704,0.0001275728999999829,2
104,1771402753872,-0.0040750709999999996,0.0039145704,0.0001275728999999829,2
105,1771402753874,-0.0040750709999999996,0.0039145704,0.0001275728999999829,2
106,1771402753876,-0.004071171,0.0038911703999999995,0.0007593728999999431,2
107,1771402753879,-0.004071171,0.0038911703999999995,0.0007593728999999431,2
108,1771402753881,-0.004071171,0.0038911703999999995,0.0007593728999999431,2
109,1771402753883,-0.004071171,0.0040627703999999995,-4.7927100000012194e-05,2
110,1771402753886,-0.004324671,0.0040627703999999995,-4.7927100000012194e-05,2
111,1771402753888,-0.004324671,0.0040627703999999995,-4.7927100000012194e-05,2
112,1771402753890,-0.004324671,0.0040627703999999995,-4.7927100000012194e-05,2
113,1771402753893,-0.0038215709999999997,0.0036376704,0.000521472900000041,2
114,1771402753895,-0.0038215709999999997,0.0036376704,0.000521472900000041,2
115,1771402753898,-0.0038215709999999997,0.0036376704,0.000521472900000041,2
116,1771402753900,-0.0043636709999999995,0.003980870399999999,1.0572899999949166e-05,2
117,1771402753902,-0.0043636709999999995,0.003980870399999999,1.0572899999949166e-05,2
118,1771402753905,-0.0043636709999999995,0.003980870399999999,1.0572899999949166e-05,2
119,1771402753907,-0.0043636709999999995,0.0040120704,0.0005760728999999457,2
120,1771402753910,-0.0038176710000000003,0.0040120704,0.0005760728999999457,2
121,1771402753912,-0.0038176710000000003,0.0040120704,0.0005760728999999457,2
122,1771402753914,-0.0038176710000000003,0.0040120704,0.0005760728999999457,2
123,1771402753917,-0.004305171,0.0039535704,0.00035767289999988274,2
124,1771402753919,-0.004305171,0.0039535704,0.00035767289999988274,2
0,1771402753930,-0.004129671,0.0040237704,0.00034207289999987824,2
1,1771402753933,-0.004258371,0.0039535704,0.0006033728999998981,2
2,1771402753935,-0.004258371,0.0039535704,0.0006033728999998981,2
3,1771402753937,-0.004258371,0.0039535704,0.0006033728999998981,2
4,1771402753940,-0.004110170999999999,0.0038404703999999996,0.0006423729000000204,2
5,1771402753942,-0.004110170999999999,0.0038404703999999996,0.0006423729000000204,2
6,1771402753944,-0.004110170999999999,0.0038404703999999996,0.0006423729000000204,2
7,1771402753947,-0.004273971,0.0039262704,0.0003771728999999439,2
8,1771402753949,-0.004273971,0.0039262704,0.0003771728999999439,2
9,1771402753951,-0.004273971,0.0039262704,0.0003771728999999439,2
10,1771402753954,-0.004273971,0.0039262704,0.0003771728999999439,2
11,1771402753956,-0.004055570999999999,0.0037741703999999996,0.00035767289999988274,2
12,1771402753959,-0.004055570999999999,0.0037741703999999996,0.00035767289999988274,2
13,1771402753961,-0.004055570999999999,0.0037741703999999996,0.00035767289999988274,2
14,1771402753963,-0.004004871,0.0038482704,0.0008529728999999701,2
15,1771402753966,-0.004004871,0.0038482704,0.0008529728999999701,2
16,1771402753968,-0.004004871,0.0038482704,0.0008529728999999701,2
17,1771402753970,-0.0041530709999999995,0.0039457704,0.00043567289999990523,2
18,1771402753973,-0.0041530709999999995,0.0039457704,0.00043567289999990523,2
19,1771402753975,-0.0041530709999999995,0.0039457704,0.00043567289999990523,2
20,1771402753978,-0.0041530709999999995,0.0039457704,0.00043567289999990523,2
21,1771402753980,-0.003993171,0.0036571703999999997,0.00036937290000005265,2
22,1771402753982,-0.003993171,0.0036571703999999997,0.00036937290000005265,2
23,1771402753985,-0.003993171,0.0036571703999999997,0.00036937290000005265,2
24,1771402753987,-0.0037903710000000003,0.0038911703999999995,4.1772899999958165e-05,2
25,1771402753989,-0.0037903710000000003,0.0038911703999999995,4.1772899999958165e-05,2
26,1771402753992,-0.0037903710000000003,0.0038911703999999995,4.1772899999958165e-05,2
27,1771402753994,-0.004660071,0.0039457704,0.0006735729000000294,2
28,1771402753996,-0.004660071,0.0039457704,0.0006735729000000294,2
29,1771402753999,-0.004660071,0.0039457704,0.0006735729000000294,2
30,1771402754001,-0.004660071,0.0039457704,0.0006735729000000294,2
31,1771402754003,-0.0035446709999999997,0.0033919703999999995,0.0003303728999999304,2
32,1771402754006,-0.0035446709999999997,0.0033919703999999995,0.0003303728999999304,2
33,1771402754008,-0.0035446709999999997,0.0033919703999999995,0.0003303728999999304,2
34,1771402754011,-0.004515771,0.0042226704,0.00013147289999992852,2
35,1771402754013,-0.004515771,0.0042226704,0.00013147289999992852,2
36,1771402754015,-0.004515771,0.0042226704,0.00013147289999992852,2
37,1771402754018,-0.003934671000000001,0.0038755703999999993,0.0008139729000000699,2
38,1771402754020,-0.003934671000000001,0.0038755703999999993,0.0008139729000000699,2
39,1771402754022,-0.003934671000000001,0.0038755703999999993,0.0008139729000000699,2
40,1771402754025,-0.003934671000000001,0.0038755703999999993,0.0008139729000000699,2
41,1771402754033,-0.004028271,0.0040900704,0.000490272900000032,2
42,1771402754036,-0.004172571,0.0040900704,0.000490272900000032,2
43,1771402754038,-0.004172571,0.0040900704,0.000490272900000032,2
44,1771402754041,-0.004172571,0.0040900704,0.000490272900000032,2
45,1771402754043,-0.004110170999999999,0.0039457704,0.00045517289999996637,2
46,1771402754045,-0.004110170999999999,0.0039457704,0.00045517289999996637,2
47,1771402754048,-0.004110170999999999,0.0039457704,0.00045517289999996637,2
48,1771402754050,-0.004125771,0.0038599704,0.0001236729000000373,2
49,1771402754052,-0.004125771,0.0038599704,0.0001236729000000373,2
50,1771402754055,-0.004125771,0.0038599704,0.0001236729000000373,2
51,1771402754057,-0.004133571000000001,0.0038833704,0.0006618729000000815,2
52,1771402754060,-0.004133571000000001,0.0038833704,0.0006618729000000815,2
53,1771402754062,-0.004133571000000001,0.0038833704,0.0006618729000000815,2
54,1771402754064,-0.004133571000000001,0.0038833704,0.0006618729000000815,2
55,1771402754067,-0.004324671,0.0039340704,0.00046297290000007964,2
56,1771402754069,-0.004324671,0.0039340704,0.00046297290000007964,2
57,1771402754071,-0.004324671,0.0039340704,0.00046297290000007964,2
58,1771402754074,-0.003774771,0.004113470399999999,8.857289999997166e-05,2
59,1771402754076,-0.003774771,0.004113470399999999,8.857289999997166e-05,2
60,1771402754078,-0.003774771,0.004113470399999999,8.857289999997166e-05,2
61,1771402754081,-0.003774771,0.0041758704,0.0005604728999999412,2
62,1771402754083,-0.004558671,0.0041758704,0.0005604728999999412,2
63,1771402754086,-0.004558671,0.0041758704,0.0005604728999999412,2
64,1771402754088,-0.004558671,0.0041758704,0.0005604728999999412,2
65,1771402754090,-0.004043870999999999,0.0036259703999999993,0.000583872900000059,2
66,1771402754093,-0.004043870999999999,0.0036259703999999993,0.000583872900000059,2
67,1771402754095,-0.004043870999999999,0.0036259703999999993,0.000583872900000059,2
68,1771402754097,-0.004114071,0.0038677703999999997,0.0002523729000000189,2
69,1771402754100,-0.004114071,0.0038677703999999997,0.0002523729000000189,2
70,1771402754102,-0.004114071,0.0038677703999999997,0.0002523729000000189,2
71,1771402754104,-0.004114071,0.0039145704,0.0008763729000000878,2
72,1771402754107,-0.004324671,0.0039145704,0.0008763729000000878,2
73,1771402754109,-0.004324671,0.0039145704,0.0008763729000000878,2
74,1771402754112,-0.004324671,0.0039145704,0.0008763729000000878,2
75,1771402754114,-0.0039424709999999995,0.0036415703999999995,0.00014707289999993302,2
76,1771402754116,-0.0039424709999999995,0.0036415703999999995,0.00014707289999993302,2
77,1771402754119,-0.0039424709999999995,0.0036415703999999995,0.00014707289999993302,2
78,1771402754121,-0.0041530709999999995,0.0038599704,0.0001899729000000009,2
79,1771402754123,-0.0041530709999999995,0.0038599704,0.0001899729000000009,2
80,1771402754126,-0.0041530709999999995,0.0038599704,0.0001899729000000009,2
81,1771402754128,-0.0041530709999999995,0.0038482704,0.0003108729000000913,2
82,1771402754131,-0.004133571000000001,0.0038482704,0.0003108729000000913,2
83,1771402754133,-0.004133571000000001,0.0038482704,0.0003108729000000913,2
84,1771402754135,-0.004133571000000001,0.0038482704,0.0003108729000000913,2
85,1771402754138,-0.004117971,0.0039535704,0.0001743728999999964,2
86,1771402754140,-0.004117971,0.0039535704,0.0001743728999999964,2
87,1771402754142,-0.004117971,0.0039535704,0.0001743728999999964,2
88,1771402754145,-0.004164770999999999,0.0039067704,0.00042007289999990074,2
89,1771402754147,-0.004164770999999999,0.0039067704,0.00042007289999990074,2
90,1771402754150,-0.004164770999999999,0.0039067704,0.00042007289999990074,2
91,1771402754152,-0.004164770999999999,0.0039340704,0.00014707289999993302,2
92,1771402754154,-0.004285671,0.0039340704,0.00014707289999993302,2
93,1771402754157,-0.004285671,0.0039340704,0.00014707289999993302,2
94,1771402754159,-0.004285671,0.0039340704,0.00014707289999993302,2
95,1771402754161,-0.003907371,0.0038677703999999997,3.00729000000103e-05,2
96,1771402754164,-0.003907371,0.0038677703999999997,3.00729000000103e-05,2
97,1771402754166,-0.003907371,0.0038677703999999997,3.00729000000103e-05,2
98,1771402754168,-0.003946371000000001,0.0038716704,0.0007320728999999907,2
99,1771402754171,-0.003946371000000001,0.0038716704,0.0007320728999999907,2
100,1771402754173,-0.003946371000000001,0.0038716704,0.0007320728999999907,2
101,1771402754176,-0.003946371000000001,0.0039457704,0.00018607289999994427,2
102,1771402754178,-0.004020470999999999,0.0039457704,0.00018607289999994427,2
103,1771402754180,-0.004020470999999999,0.0039457704,0.00018607289999994427,2
104,1771402754183,-0.004020470999999999,0.0039457704,0.00018607289999994427,2
105,1771402754185,-0.003946371000000001,0.0036454703999999997,0.0002211729000000099,2
106,1771402754187,-0.003946371000000001,0.0036454703999999997,0.0002211729000000099,2
107,1771402754190,-0.003946371000000001,0.0036454703999999997,0.0002211729000000099,2
108,1771402754192,-0.004293471,0.0040120704,9.637289999997391e-05,2
109,1771402754205,-0.003922971000000001,0.0039145704,0.00037327289999988724,2
110,1771402754208,-0.004125771,0.0040627703999999995,0.0005058729000000365,2
111,1771402754210,-0.004125771,0.0040627703999999995,0.0005058729000000365,2
112,1771402754212,-0.004125771,0.0040627703999999995,0.0005058729000000365,2
113,1771402754215,-0.004125771,0.0040627703999999995,0.0005682729000000545,2
114,1771402754217,-0.004137471,0.0039925704,0.0005682729000000545,2
115,1771402754219,-0.004137471,0.0039925704,0.0005682729000000545,2
116,1771402754222,-0.004137471,0.0039925704,0.0005682729000000545,2
117,1771402754224,-0.004234971000000001,0.0038716704,0.00013147289999992852,2
118,1771402754226,-0.004234971000000001,0.0038716704,0.00013147289999992852,2
119,1771402754229,-0.004234971000000001,0.0038716704,0.00013147289999992852,2
120,1771402754231,-0.003981471,0.0038482704,0.0005370729000000455,2
121,1771402754234,-0.003981471,0.0038482704,0.0005370729000000455,2
122,1771402754236,-0.003981471,0.0038482704,0.0005370729000000455,2
123,1771402754238,-0.003981471,0.0038482704,0.00017047289999993977,2
124,1771402754241,-0.004562571,0.0039379704,0.00017047289999993977,2
0,1771402754252,-0.0040087709999999995,0.0038794703999999996,0.0004980728999999232,2
1,1771402754254,-0.0040087709999999995,0.0038794703999999996,0.0002055729000000054,2
2,1771402754257,-0.004234971000000001,0.0039028703999999994,0.0002055729000000054,2
3,1771402754259,-0.004234971000000001,0.0039028703999999994,0.0002055729000000054,2
4,1771402754261,-0.004234971000000001,0.0039028703999999994,0.0002055729000000054,2
5,1771402754264,-0.003922971000000001,0.0037975703999999994,0.00043567289999990523,2
6,1771402754266,-0.003922971000000001,0.0037975703999999994,0.00043567289999990523,2
7,1771402754268,-0.003922971000000001,0.0037975703999999994,0.00043567289999990523,2
8,1771402754271,-0.004266170999999999,0.004008170399999999,0.0005643728999999979,2
9,1771402754273,-0.004266170999999999,0.004008170399999999,0.0005643728999999979,2
10,1771402754275,-0.004266170999999999,0.004008170399999999,0.0005643728999999979,2
11,1771402754278,-0.004266170999999999,0.004008170399999999,0.00038887289999989174,2
12,1771402754280,-0.004004871,0.0038911703999999995,0.00038887289999989174,2
13,1771402754283,-0.004004871,0.0038911703999999995,0.00038887289999989174,2
14,1771402754285,-0.004004871,0.0038911703999999995,0.00038887289999989174,2
15,1771402754287,-0.0042310709999999994,0.0038482704,0.0003108729000000913,2
16,1771402754290,-0.0042310709999999994,0.0038482704,0.0003108729000000913,2
17,1771402754292,-0.0042310709999999994,0.0038482704,0.0003108729000000913,2
18,1771402754294,-0.004059471,0.0036493704,0.0007905728999999521,2
19,1771402754297,-0.004059471,0.0036493704,0.0007905728999999521,2
20,1771402754299,-0.004059471,0.0036493704,0.0007905728999999521,2
21,1771402754301,-0.004059471,0.0036493704,0.0001899729000000009,2
22,1771402754304,-0.004242770999999999,0.0038365703999999994,0.0001899729000000009,2
23,1771402754306,-0.004242770999999999,0.0038365703999999994,0.0001899729000000009,2
24,1771402754309,-0.004242770999999999,0.0038365703999999994,0.0001899729000000009,2
25,1771402754311,-0.004125771,0.0039457704,0.00040057290000006165,2
26,1771402754313,-0.004125771,0.0039457704,0.00040057290000006165,2
27,1771402754316,-0.004125771,0.0039457704,0.00040057290000006165,2
28,1771402754318,-0.0041803710000000004,0.0040432704,0.0005565728999998846,2
29,1771402754320,-0.0041803710000000004,0.0040432704,0.0005565728999998846,2
30,1771402754323,-0.0041803710000000004,0.0040432704,0.0005565728999998846,2
31,1771402754325,-0.0041803710000000004,0.0040432704,0.0005565728999998846,2
32,1771402754327,-0.0041023710000000005,0.004008170399999999,1.0572899999949166e-05,2
33,1771402754330,-0.0041023710000000005,0.004008170399999999,1.0572899999949166e-05,2
34,1771402754332,-0.0041023710000000005,0.004008170399999999,1.0572899999949166e-05,2
35,1771402754335,-0.004117971,0.0038014703999999996,0.0006072728999999547,2
36,1771402754337,-0.004117971,0.0038014703999999996,0.0006072728999999547,2
37,1771402754339,-0.004117971,0.0038014703999999996,0.0006072728999999547,2
38,1771402754342,-0.004254470999999999,0.0039340704,0.00019387289999994652,2
39,1771402754344,-0.004254470999999999,0.0039340704,0.00019387289999994652,2
40,1771402754353,-0.003802071,0.0037858703999999995,0.0003459728999999349,2
41,1771402754355,-0.003802071,0.0037858703999999995,0.0003459728999999349,2
42,1771402754357,-0.004203771,0.0037975703999999994,0.0006267729000000159,2
43,1771402754360,-0.004203771,0.0037975703999999994,0.0006267729000000159,2
44,1771402754362,-0.004203771,0.0037975703999999994,0.0006267729000000159,2
45,1771402754364,-0.004203771,0.0037975703999999994,0.0006267729000000159,2
46,1771402754367,-0.003930771,0.0034621704,0.0006540728999999682,2
47,1771402754369,-0.003930771,0.0034621704,0.0006540728999999682,2
48,1771402754372,-0.003930771,0.0034621704,0.0006540728999999682,2
49,1771402754374,-0.004184271,0.0037819704,0.00015487289999993527,2
50,1771402754376,-0.004184271,0.0037819704,0.00015487289999993527,2
51,1771402754379,-0.004184271,0.0037819704,0.00015487289999993527,2
52,1771402754381,-0.0040243710000000005,0.0040744703999999994,0.0007749728999999476,2
53,1771402754383,-0.0040243710000000005,0.0040744703999999994,0.0007749728999999476,2
54,1771402754386,-0.0040243710000000005,0.0040744703999999994,0.0007749728999999476,2
55,1771402754388,-0.0040243710000000005,0.0040744703999999994,0.0007749728999999476,2
56,1771402754390,-0.004090671000000001,0.0039886704,4.9572899999960414e-05,2
57,1771402754393,-0.004090671000000001,0.0039886704,4.9572899999960414e-05,2
58,1771402754395,-0.004090671000000001,0.0039886704,4.9572899999960414e-05,2
59,1771402754397,-0.0040750709999999996,0.0038950703999999997,0.0002055729000000054,2
60,1771402754400,-0.0040750709999999996,0.0038950703999999997,0.0002055729000000054,2
61,1771402754402,-0.0040750709999999996,0.0038950703999999997,0.0002055729000000054,2
62,1771402754405,-0.0040750709999999996,0.0039652704,0.00040837289999995287,2
63,1771402754407,-0.004270071,0.0039652704,0.00040837289999995287,2
64,1771402754409,-0.004270071,0.0039652704,0.00040837289999995287,2
65,1771402754412,-0.004270071,0.0039652704,0.00040837289999995287,2
66,1771402754414,-0.004125771,0.0040549704,0.00042007289999990074,2
67,1771402754417,-0.004125771,0.0040549704,0.00042007289999990074,2
68,1771402754419,-0.004125771,0.0040549704,0.00042007289999990074,2
69,1771402754422,-0.004059471,0.0038326704,0.00043177290000007064,2
70,1771402754424,-0.004059471,0.0038326704,0.00043177290000007064,2
71,1771402754427,-0.004059471,0.0038326704,0.00043177290000007064,2
72,1771402754429,-0.004289571000000001,0.0038911703999999995,0.0001431728999999874,2
73,1771402754432,-0.004289571000000001,0.0038911703999999995,0.0001431728999999874,2
74,1771402754434,-0.004289571000000001,0.0038911703999999995,0.0001431728999999874,2
75,1771402754437,-0.004004871,0.0038482704,0.0005136728999999277,2
76,1771402754439,-0.004004871,0.0038482704,0.0005136728999999277,2
77,1771402754441,-0.004004871,0.0038482704,0.0005136728999999277,2
78,1771402754444,-0.004004871,0.0038482704,0.00010027290000003055,2
79,1771402754446,-0.0043792710000000006,0.0041017703999999995,0.00010027290000003055,2
80,1771402754448,-0.0043792710000000006,0.0041017703999999995,0.00010027290000003055,2
81,1771402754451,-0.0043792710000000006,0.0041017703999999995,0.00010027290000003055,2
82,1771402754453,-0.0039580710000000005,0.0037390704,0.0003771728999999439,2
83,1771402754455,-0.0039580710000000005,0.0037390704,0.0003771728999999439,2
84,1771402754458,-0.0039580710000000005,0.0037390704,0.0003771728999999439,2
85,1771402754460,-0.004355871000000001,0.0040354703999999995,0.00026017290000002115,2
86,1771402754463,-0.004355871000000001,0.0040354703999999995,0.00026017290000002115,2
87,1771402754465,-0.004355871000000001,0.0040354703999999995,0.00026017290000002115,2
88,1771402754467,-0.004355871000000001,0.0040354703999999995,0.0005799729000000024,2
89,1771402754470,-0.0041023710000000005,0.003941870399999999,0.0005799729000000024,2
90,1771402754472,-0.0041023710000000005,0.003941870399999999,0.0005799729000000024,2
91,1771402754474,-0.0041023710000000005,0.003941870399999999,0.0005799729000000024,2
92,1771402754477,-0.004340271,0.003980870399999999,4.9572899999960414e-05,2
93,1771402754479,-0.004340271,0.003980870399999999,4.9572899999960414e-05,2
94,1771402754481,-0.004340271,0.003980870399999999,4.9572899999960414e-05,2
95,1771402754484,-0.004016571,0.0038755703999999993,0.0010323728999999107,2
96,1771402754486,-0.004016571,0.0038755703999999993,0.0010323728999999107,2
97,1771402754489,-0.004016571,0.0038755703999999993,0.0010323728999999107,2
98,1771402754491,-0.004016571,0.0038755703999999993,0.0010323728999999107,2
99,1771402754493,-0.004285671,0.0041680703999999996,0.00024457290000001665,2
100,1771402754496,-0.004285671,0.0041680703999999996,0.00024457290000001665,2
101,1771402754498,-0.004285671,0.0041680703999999996,0.00024457290000001665,2
102,1771402754500,-0.003731871,0.0039574703999999995,0.00040447289999989624,2
103,1771402754503,-0.003731871,0.0039574703999999995,0.00040447289999989624,2
104,1771402754505,-0.003731871,0.0039574703999999995,0.00040447289999989624,2
105,1771402754507,-0.004359771,0.0040003704,0.0003771728999999439,2
106,1771402754510,-0.004359771,0.0040003704,0.0003771728999999439,2
107,1771402754512,-0.004359771,0.0040003704,0.0003771728999999439,2
108,1771402754515,-0.004359771,0.0040003704,0.0003771728999999439,2
109,1771402754517,-0.0040087709999999995,0.0038716704,0.00048247289999991873,2
110,1771402754519,-0.0040087709999999995,0.0038716704,0.00048247289999991873,2
111,1771402754522,-0.0040087709999999995,0.0038716704,0.00048247289999991873,2
112,1771402754524,-0.004082871,0.0038638703999999994,0.0003771728999999439,2
113,1771402754526,-0.004082871,0.0038638703999999994,0.0003771728999999439,2
114,1771402754529,-0.004082871,0.0038638703999999994,0.0003771728999999439,2
115,1771402754531,-0.004055570999999999,0.0036922703999999994,0.0004122729000000095,2
116,1771402754533,-0.004055570999999999,0.0036922703999999994,0.0004122729000000095,2
117,1771402754536,-0.004055570999999999,0.0036922703999999994,0.0004122729000000095,2
118,1771402754538,-0.004055570999999999,0.0036922703999999994,0.0007749728999999476,2
119,1771402754541,-0.004039971,0.0036610704,0.0007749728999999476,2
120,1771402754543,-0.004039971,0.0036610704,0.0007749728999999476,2
121,1771402754545,-0.004039971,0.0036610704,0.0007749728999999476,2
122,1771402754548,-0.0043792710000000006,0.0040120704,-1.2827100000057583e-05,2
123,1771402754550,-0.0043792710000000006,0.0040120704,-1.2827100000057583e-05,2
124,1771402754553,-0.0043792710000000006,0.0040120704,-1.2827100000057583e-05,2
0,1771402754619,-0.004028271,0.0038833704,0.00027577290000002565,2
1,1771402754621,-0.004028271,0.0038833704,0.00027577290000002565,2
2,1771402754624,-0.004028271,0.0038833704,0.00027577290000002565,2
3,1771402754626,-0.003997071,0.0038794703999999996,0.0006813728999999206,2
4,1771402754629,-0.003997071,0.0038794703999999996,0.0006813728999999206,2
5,1771402754631,-0.003997071,0.0038794703999999996,0.0006813728999999206,2
6,1771402754633,-0.003997071,0.0038794703999999996,0.00011977289999998066,2
7,1771402754636,-0.004270071,0.0037819704,0.00011977289999998066,2
8,1771402754638,-0.004270071,0.0037819704,0.00011977289999998066,2
9,1771402754640,-0.004270071,0.0037819704,0.00011977289999998066,2
10,1771402754643,-0.004145271000000001,0.0038521703999999995,0.0008061728999999566,2
11,1771402754645,-0.004145271000000001,0.0038521703999999995,0.0008061728999999566,2
12,1771402754647,-0.004145271000000001,0.0038521703999999995,0.0008061728999999566,2
13,1771402754650,-0.004445571000000001,0.0038794703999999996,1.8372899999951416e-05,2
14,1771402754659,-0.0038293710000000003,0.0037975703999999994,0.0006657728999999161,2
15,1771402754662,-0.0038293710000000003,0.0037975703999999994,0.0006657728999999161,2
16,1771402754664,-0.0038293710000000003,0.0037975703999999994,0.0006657728999999161,2
17,1771402754666,-0.004309070999999999,0.0041446704,0.00038887289999989174,2
18,1771402754669,-0.004309070999999999,0.0041446704,0.00038887289999989174,2
19,1771402754671,-0.004309070999999999,0.0041446704,0.00038887289999989174,2
20,1771402754674,-0.0037942709999999997,0.0038014703999999996,0.0006813728999999206,2
21,1771402754676,-0.0037942709999999997,0.0038014703999999996,0.0006813728999999206,2
22,1771402754678,-0.0037942709999999997,0.0038014703999999996,0.0006813728999999206,2
23,1771402754681,-0.0037942709999999997,0.0038014703999999996,0.00038887289999989174,2
24,1771402754683,-0.003946371000000001,0.0039340704,0.00038887289999989174,2
25,1771402754685,-0.003946371000000001,0.0039340704,0.00038887289999989174,2
26,1771402754688,-0.003946371000000001,0.0039340704,0.00038887289999989174,2
27,1771402754690,-0.003891771,0.0039106704,0.0006345728999999071,2
28,1771402754693,-0.003891771,0.0039106704,0.0006345728999999071,2
29,1771402754695,-0.003891771,0.0039106704,0.0006345728999999071,2
30,1771402754697,-0.0041023710000000005,0.0038014703999999996,0.00021337290000000766,2
31,1771402754700,-0.0041023710000000005,0.0038014703999999996,0.00021337290000000766,2
32,1771402754702,-0.0041023710000000005,0.0038014703999999996,0.00021337290000000766,2
33,1771402754704,-0.0041023710000000005,0.0038014703999999996,0.0004746729000000275,2
34,1771402754707,-0.003989271000000001,0.0037507703999999998,0.0004746729000000275,2
35,1771402754709,-0.003989271000000001,0.0037507703999999998,0.0004746729000000275,2
36,1771402754711,-0.003989271000000001,0.0037507703999999998,0.0004746729000000275,2
37,1771402754714,-0.004340271,0.0039223704,0.0011103728999999332,2
38,1771402754717,-0.004340271,0.0039223704,0.0011103728999999332,2
39,1771402754719,-0.004340271,0.0039223704,0.0011103728999999332,2
40,1771402754721,-0.004227171,0.003969170399999999,0.0002562728999999645,2
41,1771402754724,-0.004227171,0.003969170399999999,0.0002562728999999645,2
42,1771402754726,-0.004227171,0.003969170399999999,0.0002562728999999645,2
43,1771402754728,-0.003969771,0.0038560703999999998,0.0009153728999999881,2
44,1771402754731,-0.003969771,0.0038560703999999998,0.0009153728999999881,2
45,1771402754734,-0.003969771,0.0038560703999999998,0.0009153728999999881,2
46,1771402754736,-0.003969771,0.0038989704,-2.4527100000005446e-05,2
47,1771402754738,-0.004336371,0.0038989704,-2.4527100000005446e-05,2
48,1771402754741,-0.004336371,0.0038989704,-2.4527100000005446e-05,2
49,1771402754743,-0.004336371,0.0038989704,-2.4527100000005446e-05,2
50,1771402754746,-0.0036850710000000003,0.0037741703999999996,0.0007164728999999862,2
51,1771402754748,-0.0036850710000000003,0.0037741703999999996,0.0007164728999999862,2
52,1771402754750,-0.0036850710000000003,0.0037741703999999996,0.0007164728999999862,2
53,1771402754753,-0.004480671,0.003980870399999999,9.24729000000283e-05,2
54,1771402754755,-0.004480671,0.003980870399999999,9.24729000000283e-05,2
55,1771402754757,-0.004480671,0.003980870399999999,9.24729000000283e-05,2
56,1771402754760,-0.004480671,0.0038248703999999994,0.0008685728999999746,2
57,1771402754762,-0.003880071,0.0038248703999999994,0.0008685728999999746,2
58,1771402754764,-0.003880071,0.0038248703999999994,0.0008685728999999746,2
59,1771402754767,-0.003880071,0.0038248703999999994,0.0008685728999999746,2
60,1771402754769,-0.004461171,0.0041407703999999995,-0.0001454270999999848,2
61,1771402754772,-0.004461171,0.0041407703999999995,-0.0001454270999999848,2
62,1771402754774,-0.004461171,0.0041407703999999995,-0.0001454270999999848,2
63,1771402754776,-0.0038605709999999997,0.0037468703999999995,0.0005058729000000365,2
64,1771402754779,-0.0038605709999999997,0.0037468703999999995,0.0005058729000000365,2
65,1771402754781,-0.0038605709999999997,0.0037468703999999995,0.0005058729000000365,2
66,1771402754783,-0.0038605709999999997,0.0038326704,0.00011977289999998066,2
67,1771402754786,-0.004273971,0.0038326704,0.00011977289999998066,2
68,1771402754788,-0.004273971,0.0038326704,0.00011977289999998066,2
69,1771402754791,-0.004273971,0.0038326704,0.00011977289999998066,2
70,1771402754793,-0.0038059709999999996,0.0038638703999999994,0.0008022728999998999,2
71,1771402754795,-0.0038059709999999996,0.0038638703999999994,0.0008022728999998999,2
72,1771402754798,-0.0038059709999999996,0.0038638703999999994,0.0008022728999998999,2
73,1771402754800,-0.004133571000000001,0.0039340704,0.000615072900000068,2
74,1771402754802,-0.004133571000000001,0.0039340704,0.000615072900000068,2
75,1771402754805,-0.004133571000000001,0.0039340704,0.000615072900000068,2
76,1771402754807,-0.004133571000000001,0.0039340704,0.00046687289999991423,2
77,1771402754809,-0.0038956710000000003,0.0040237704,0.00046687289999991423,2
78,1771402754812,-0.0038956710000000003,0.0040237704,0.00046687289999991423,2
79,1771402754814,-0.0038956710000000003,0.0040237704,0.00046687289999991423,2
80,1771402754816,-0.004270071,0.0039028703999999994,0.0007866728999998954,2
81,1771402754819,-0.004270071,0.0039028703999999994,0.0007866728999998954,2
82,1771402754821,-0.004270071,0.0039028703999999994,0.0007866728999998954,2
83,1771402754824,-0.004117971,0.0040666704,-7.132710000001894e-05,2
84,1771402754826,-0.004117971,0.0040666704,-7.132710000001894e-05,2
85,1771402754828,-0.004117971,0.0040666704,-7.132710000001894e-05,2
86,1771402754831,-0.004117971,0.0040666704,0.0005136728999999277,2
87,1771402754833,-0.0038605709999999997,0.0039379704,0.0005136728999999277,2
88,1771402754835,-0.0038605709999999997,0.0039379704,0.0005136728999999277,2
89,1771402754838,-0.0038605709999999997,0.0039379704,0.0005136728999999277,2
90,1771402754840,-0.0045859709999999995,0.0040432704,0.00027577290000002565,2
91,1771402754842,-0.0045859709999999995,0.0040432704,0.00027577290000002565,2
92,1771402754845,-0.0045859709999999995,0.0040432704,0.00027577290000002565,2
93,1771402754847,-0.0038215709999999997,0.0036571703999999997,0.0007047729000000384,2
94,1771402754850,-0.0038215709999999997,0.0036571703999999997,0.0007047729000000384,2
95,1771402754852,-0.0038215709999999997,0.0036571703999999997,0.0007047729000000384,2
96,1771402754854,-0.0038215709999999997,0.0036571703999999997,0.00024457290000001665,2
97,1771402754857,-0.004215471,0.0039652704,0.00024457290000001665,2
98,1771402754859,-0.004215471,0.0039652704,0.00024457290000001665,2
99,1771402754861,-0.004215471,0.0039652704,0.00024457290000001665,2
100,1771402754864,-0.003993171,0.0038287703999999997,0.0006267729000000159,2
101,1771402754866,-0.003993171,0.0038287703999999997,0.0006267729000000159,2
102,1771402754869,-0.003993171,0.0038287703999999997,0.0006267729000000159,2
103,1771402754871,-0.004250571,0.0039106704,0.00035767289999988274,2
104,1771402754873,-0.004250571,0.0039106704,0.00035767289999988274,2
105,1771402754876,-0.004250571,0.0039106704,0.00035767289999988274,2
106,1771402754878,-0.004250571,0.0039106704,0.0005721728999998891,2
107,1771402754880,-0.003946371000000001,0.0039262704,0.0005721728999998891,2
108,1771402754883,-0.003946371000000001,0.0039262704,0.0005721728999998891,2
109,1771402754885,-0.003946371000000001,0.0039262704,0.0005721728999998891,2
110,1771402754887,-0.004098470999999999,0.0040276704,0.000427872900000014,2
111,1771402754890,-0.004098470999999999,0.0040276704,0.000427872900000014,2
112,1771402754892,-0.004098470999999999,0.0040276704,0.000427872900000014,2
113,1771402754895,-0.004063371,0.0038794703999999996,0.0006930729000000905,2
114,1771402754897,-0.004063371,0.0038794703999999996,0.0006930729000000905,2
115,1771402754899,-0.004063371,0.0038794703999999996,0.0006930729000000905,2
116,1771402754902,-0.004063371,0.0038794703999999996,0.0004980728999999232,2
117,1771402754904,-0.003977570999999999,0.0036883704,0.0004980728999999232,2
118,1771402754907,-0.003977570999999999,0.0036883704,0.0004980728999999232,2
119,1771402754909,-0.003977570999999999,0.0036883704,0.0004980728999999232,2
120,1771402754911,-0.004293471,0.0037312703999999993,0.0001431728999999874,2
121,1771402754914,-0.004293471,0.0037312703999999993,0.0001431728999999874,2
122,1771402754916,-0.004293471,0.0037312703999999993,0.0001431728999999874,2
123,1771402754918,-0.004137471,0.0038443704,0.0007281728999999341,2
124,1771402754921,-0.004137471,0.0038443704,0.0007281728999999341,2
0,1771402754932,-0.004254470999999999,0.0037897703999999997,0.00011587290000003505,2
1,1771402754934,-0.0040087709999999995,0.0038170704,0.0008529728999999701,2
2,1771402754937,-0.0040087709999999995,0.0038170704,0.0008529728999999701,2
3,1771402754939,-0.0040087709999999995,0.0038170704,0.0008529728999999701,2
4,1771402754942,-0.0040087709999999995,0.0040744703999999994,0.00016657289999999416,2
5,1771402754944,-0.004336371,0.0040744703999999994,0.00016657289999999416,2
6,1771402754946,-0.004336371,0.0040744703999999994,0.00016657289999999416,2
7,1771402754949,-0.004336371,0.0040744703999999994,0.00016657289999999416,2
8,1771402754951,-0.0037279709999999996,0.0038638703999999994,0.0005877728999998936,2
9,1771402754953,-0.0037279709999999996,0.0038638703999999994,0.0005877728999998936,2
10,1771402754956,-0.0037279709999999996,0.0038638703999999994,0.0005877728999998936,2
11,1771402754965,-0.004242770999999999,0.0040900704,0.0002211729000000099,2
12,1771402754967,-0.004004871,0.0038053704,0.0004746729000000275,2
13,1771402754970,-0.004004871,0.0038053704,0.0004746729000000275,2
14,1771402754972,-0.004004871,0.0038053704,0.0004746729000000275,2
15,1771402754974,-0.004262271,0.0041017703999999995,0.00024847289999996227,2
16,1771402754977,-0.004262271,0.0041017703999999995,0.00024847289999996227,2
17,1771402754979,-0.004262271,0.0041017703999999995,0.00024847289999996227,2
18,1771402754981,-0.003993171,0.0039925704,0.00034207289999987824,2
19,1771402754984,-0.003993171,0.0039925704,0.00034207289999987824,2
20,1771402754986,-0.003993171,0.0039925704,0.00034207289999987824,2
21,1771402754989,-0.003993171,0.0039925704,0.00024067289999996002,2
22,1771402754991,-0.004199871000000001,0.0038365703999999994,0.00024067289999996002,2
23,1771402754993,-0.004199871000000001,0.0038365703999999994,0.00024067289999996002,2
24,1771402754996,-0.004199871000000001,0.0038365703999999994,0.00024067289999996002,2
25,1771402754998,-0.0042466710000000005,0.0038443704,3.787290000001255e-05,2
26,1771402755000,-0.0042466710000000005,0.0038443704,3.787290000001255e-05,2
27,1771402755003,-0.0042466710000000005,0.0038443704,3.787290000001255e-05,2
28,1771402755005,-0.003961971,0.0040159704,0.0005253728999998756,2
29,1771402755007,-0.003961971,0.0040159704,0.0005253728999998756,2
30,1771402755010,-0.003961971,0.0040159704,0.0005253728999998756,2
31,1771402755015,-0.004215471,0.0039769704,1.8372899999951416e-05,2
32,1771402755018,-0.004215471,0.0039769704,1.8372899999951416e-05,2
33,1771402755020,-0.004215471,0.0039769704,1.8372899999951416e-05,2
34,1771402755022,-0.003977570999999999,0.0039574703999999995,0.001028472900000076,2
35,1771402755025,-0.003977570999999999,0.0039574703999999995,0.001028472900000076,2
36,1771402755027,-0.003977570999999999,0.0039574703999999995,0.001028472900000076,2
37,1771402755029,-0.004351971,0.0040900704,0.0001236729000000373,2
38,1771402755032,-0.004351971,0.0040900704,0.0001236729000000373,2
39,1771402755034,-0.004351971,0.0040900704,0.0001236729000000373,2
40,1771402755036,-0.003922971000000001,0.0037702703999999993,0.000977772900000006,2
41,1771402755039,-0.003922971000000001,0.0037702703999999993,0.000977772900000006,2
42,1771402755042,-0.003922971000000001,0.0037702703999999993,0.000977772900000006,2
43,1771402755044,-0.003922971000000001,0.0038911703999999995,-5.5727100000014444e-05,2
44,1771402755046,-0.004449471,0.0038911703999999995,-5.5727100000014444e-05,2
45,1771402755049,-0.004449471,0.0038911703999999995,-5.5727100000014444e-05,2
46,1771402755051,-0.004449471,0.0038911703999999995,-5.5727100000014444e-05,2
47,1771402755054,-0.003630471,0.0038989704,0.0008100729000000132,2
48,1771402755056,-0.003630471,0.0038989704,0.0008100729000000132,2
49,1771402755058,-0.003630471,0.0038989704,0.0008100729000000132,2
50,1771402755061,-0.004406571,0.0042343704,0.0002874728999999735,2
51,1771402755063,-0.004406571,0.0042343704,0.0002874728999999735,2
52,1771402755065,-0.004406571,0.0042343704,0.0002874728999999735,2
53,1771402755068,-0.004406571,0.0038365703999999994,0.0006735729000000294,2
54,1771402755070,-0.003965870999999999,0.0038365703999999994,0.0006735729000000294,2
55,1771402755072,-0.003965870999999999,0.0038365703999999994,0.0006735729000000294,2
56,1771402755075,-0.003965870999999999,0.0038365703999999994,0.0006735729000000294,2
57,1771402755077,-0.004184271,0.0040159704,0.0002523729000000189,2
58,1771402755080,-0.004184271,0.0040159704,0.0002523729000000189,2
59,1771402755082,-0.004184271,0.0040159704,0.0002523729000000189,2
60,1771402755084,-0.004223271000000001,0.0038053704,0.0010479728999999152,2
61,1771402755087,-0.004223271000000001,0.0038053704,0.0010479728999999152,2
62,1771402755089,-0.004223271000000001,0.0038053704,0.0010479728999999152,2
63,1771402755091,-0.004223271000000001,0.0038560703999999998,-0.00021562710000000505,2
64,1771402755094,-0.004114071,0.0038560703999999998,-0.00021562710000000505,2
65,1771402755096,-0.004114071,0.0038560703999999998,-0.00021562710000000505,2
66,1771402755098,-0.004114071,0.0038560703999999998,-0.00021562710000000505,2
67,1771402755101,-0.004067271000000001,0.0035830704,0.00045517289999996637,2
68,1771402755103,-0.004067271000000001,0.0035830704,0.00045517289999996637,2
69,1771402755106,-0.004067271000000001,0.0035830704,0.00045517289999996637,2
70,1771402755108,-0.0046015710000000005,0.0038833704,0.0004746729000000275,2
71,1771402755110,-0.0046015710000000005,0.0038833704,0.0004746729000000275,2
72,1771402755113,-0.0046015710000000005,0.0038833704,0.0004746729000000275,2
73,1771402755123,-0.0046015710000000005,0.0038560703999999998,-7.132710000001894e-05,2
74,1771402755126,-0.004117971,0.0039262704,0.00021337290000000766,2
75,1771402755128,-0.004117971,0.0039262704,0.00021337290000000766,2
76,1771402755131,-0.004117971,0.0039262704,0.00021337290000000766,2
77,1771402755133,-0.004234971000000001,0.0038638703999999994,0.00020167289999994877,2
78,1771402755135,-0.004234971000000001,0.0038638703999999994,0.00020167289999994877,2
79,1771402755138,-0.004234971000000001,0.0038638703999999994,0.00020167289999994877,2
80,1771402755140,-0.003704571,0.0038326704,0.00047857290000008414,2
81,1771402755142,-0.003704571,0.0038326704,0.00047857290000008414,2
82,1771402755145,-0.003704571,0.0038326704,0.00047857290000008414,2
83,1771402755147,-0.004340271,0.0041680703999999996,0.00026017290000002115,2
84,1771402755149,-0.004340271,0.0041680703999999996,0.00026017290000002115,2
85,1771402755152,-0.004340271,0.0041680703999999996,0.00026017290000002115,2
86,1771402755154,-0.004340271,0.0041680703999999996,0.00026017290000002115,2
87,1771402755157,-0.004149171,0.0039145704,0.000583872900000059,2
88,1771402755159,-0.004149171,0.0039145704,0.000583872900000059,2
89,1771402755161,-0.004149171,0.0039145704,0.000583872900000059,2
90,1771402755164,-0.004203771,0.0038950703999999997,0.0002523729000000189,2
91,1771402755166,-0.004203771,0.0038950703999999997,0.0002523729000000189,2
92,1771402755168,-0.004203771,0.0038950703999999997,0.0002523729000000189,2
93,1771402755171,-0.004215471,0.0039535704,0.0007008728999999817,2
94,1771402755173,-0.004215471,0.0039535704,0.0007008728999999817,2
95,1771402755175,-0.004215471,0.0039535704,0.0007008728999999817,2
96,1771402755178,-0.004215471,0.0039535704,0.0007008728999999817,2
97,1771402755180,-0.004016571,0.0041641704,0.0006111729000000114,2
98,1771402755182,-0.004016571,0.0041641704,0.0006111729000000114,2
99,1771402755193,-0.004000971000000001,0.0040276704,0.00015097289999998966,2
100,1771402755196,-0.004301271000000001,0.0040276704,0.0002952729000000868,2
101,1771402755198,-0.004301271000000001,0.0040276704,0.0002952729000000868,2
102,1771402755201,-0.004301271000000001,0.0040276704,0.0002952729000000868,2
103,1771402755203,-0.0037786710000000004,0.0037195703999999994,0.0011883728999999557,2
104,1771402755205,-0.0037786710000000004,0.0037195703999999994,0.0011883728999999557,2
105,1771402755208,-0.0037786710000000004,0.0037195703999999994,0.0011883728999999557,2
106,1771402755210,-0.0037786710000000004,0.0037975703999999994,0.0003771728999999439,2
107,1771402755212,-0.004121870999999999,0.0037975703999999994,0.0003771728999999439,2
108,1771402755215,-0.004121870999999999,0.0037975703999999994,0.0003771728999999439,2
109,1771402755217,-0.004121870999999999,0.0037975703999999994,0.0003771728999999439,2
110,1771402755219,-0.0041803710000000004,0.0042499704,-7.132710000001894e-05,2
111,1771402755222,-0.0041803710000000004,0.0042499704,-7.132710000001894e-05,2
112,1771402755224,-0.0041803710000000004,0.0042499704,-7.132710000001894e-05,2
113,1771402755227,-0.003743571,0.0037117704,0.0002367729000000144,2
114,1771402755229,-0.003743571,0.0037117704,0.0002367729000000144,2
115,1771402755231,-0.003743571,0.0037117704,0.0002367729000000144,2
116,1771402755234,-0.003743571,0.0036298703999999996,0.0004122729000000095,2
117,1771402755236,-0.004320770999999999,0.0036298703999999996,0.0004122729000000095,2
118,1771402755238,-0.004320770999999999,0.0036298703999999996,0.0004122729000000095,2
119,1771402755241,-0.004320770999999999,0.0036298703999999996,0.0004122729000000095,2
120,1771402755243,-0.003271671,0.0043201704,0.000490272900000032,2
121,1771402755245,-0.003271671,0.0043201704,0.000490272900000032,2
122,1771402755248,-0.003271671,0.0043201704,0.000490272900000032,2
123,1771402755250,-0.004617171,0.0043084704,-2.0627100000059832e-05,2
124,1771402755253,-0.004617171,0.0043084704,-2.0627100000059832e-05,2
0,1771402755264,-0.003341871,0.0032515703999999998,0.000977772900000006,2
1,1771402755266,-0.004141371,0.0043123703999999995,-0.0004769271000000249,2
2,1771402755268,-0.004141371,0.0043123703999999995,-0.0004769271000000249,2
3,1771402755271,-0.004141371,0.0043123703999999995,-0.0004769271000000249,2
4,1771402755273,-0.004141371,0.0044215704,0.0015432729000000025,2
5,1771402755282,-0.003704571,0.0036688703999999996,0.00010417289999997616,2
6,1771402755285,-0.003704571,0.0036688703999999996,0.00010417289999997616,2
7,1771402755287,-0.003704571,0.0036688703999999996,0.00010417289999997616,2
8,1771402755289,-0.005007171000000001,0.0033880704,-0.0005198270999999818,2
9,1771402755292,-0.005007171000000001,0.0033880704,-0.0005198270999999818,2
10,1771402755294,-0.005007171000000001,0.0033880704,-0.0005198270999999818,2
11,1771402755296,-0.005007171000000001,0.0033880704,0.001090872899999872,2
12,1771402755299,-0.0016921709999999997,0.0045112704,0.001090872899999872,2
13,1771402755301,-0.0016921709999999997,0.0045112704,0.001090872899999872,2
14,1771402755303,-0.0016921709999999997,0.0045112704,0.001090872899999872,2
15,1771402755306,-0.008302671000000001,0.0042070703999999995,0.0022296728999999784,2
16,1771402755308,-0.008302671000000001,0.0042070703999999995,0.0022296728999999784,2
17,1771402755311,-0.008302671000000001,0.0042070703999999995,0.0022296728999999784,2
18,1771402755313,-0.00025697099999999994,0.0018436703999999996,-0.002867627099999993,2
19,1771402755315,-0.00025697099999999994,0.0018436703999999996,-0.002867627099999993,2
20,1771402755318,-0.00025697099999999994,0.0018436703999999996,-0.002867627099999993,2
21,1771402755320,-0.00025697099999999994,0.0018436703999999996,-0.002867627099999993,2
22,1771402755322,-0.007011771,0.0054511704,0.0025416729000000684,2
23,1771402755325,-0.007011771,0.0054511704,0.0025416729000000684,2
24,1771402755327,-0.007011771,0.0054511704,0.0025416729000000684,2
25,1771402755329,-0.003131271,0.0037702703999999993,0.002295972900000053,2
26,1771402755332,-0.003131271,0.0037702703999999993,0.002295972900000053,2
27,1771402755334,-0.003131271,0.0037702703999999993,0.002295972900000053,2
28,1771402755337,-0.0036772709999999998,0.0029668704,-0.0027701271000000202,2
29,1771402755339,-0.0036772709999999998,0.0029668704,-0.0027701271000000202,2
30,1771402755341,-0.0036772709999999998,0.0029668704,-0.0027701271000000202,2
31,1771402755344,-0.0036772709999999998,0.0029668704,-0.0027701271000000202,2
32,1771402755346,-0.004710771000000001,0.0038833704,0.0018552729000000925,2
33,1771402755348,-0.004710771000000001,0.0038833704,0.0018552729000000925,2
34,1771402755351,-0.004710771000000001,0.0038833704,0.0018552729000000925,2
35,1771402755353,-0.004398770999999999,0.004624370399999999,0.0015003729000000457,2
36,1771402755356,-0.004398770999999999,0.004624370399999999,0.0015003729000000457,2
37,1771402755358,-0.004398770999999999,0.004624370399999999,0.0015003729000000457,2
38,1771402755360,-0.0027841709999999998,0.0039652704,-0.0019082271000000492,2
39,1771402755363,-0.0027841709999999998,0.0039652704,-0.0019082271000000492,2
40,1771402755365,-0.0027841709999999998,0.0039652704,-0.0019082271000000492,2
41,1771402755367,-0.0027841709999999998,0.0039652704,0.0033528729000000803,2
42,1771402755370,-0.005584371000000001,0.0034582703999999995,0.0033528729000000803,2
43,1771402755372,-0.005584371000000001,0.0034582703999999995,0.0033528729000000803,2
44,1771402755375,-0.005584371000000001,0.0034582703999999995,0.0033528729000000803,2
45,1771402755377,-0.002561871,0.0037273704,-0.0034643270999999984,2
46,1771402755379,-0.002561871,0.0037273704,-0.0034643270999999984,2
47,1771402755382,-0.002561871,0.0037273704,-0.0034643270999999984,2
48,1771402755384,-0.0041686710000000005,0.0041836704,0.0019800728999999065,2
49,1771402755386,-0.0041686710000000005,0.0041836704,0.0019800728999999065,2
50,1771402755389,-0.0041686710000000005,0.0041836704,0.0019800728999999065,2
51,1771402755391,-0.0041686710000000005,0.0041836704,0.0022920728999999964,2
52,1771402755393,-0.005752071000000001,0.0041095704,0.0022920728999999964,2
53,1771402755396,-0.005752071000000001,0.0041095704,0.0022920728999999964,2
54,1771402755398,-0.005752071000000001,0.0041095704,0.0022920728999999964,2
55,1771402755401,-0.0019183709999999999,0.0030409703999999997,-0.003011927099999979,2
56,1771402755403,-0.0019183709999999999,0.0030409703999999997,-0.003011927099999979,2
57,1771402755405,-0.0019183709999999999,0.0030409703999999997,-0.003011927099999979,2
58,1771402755408,-0.005467371,0.0042733703999999996,0.001434072899999971,2
59,1771402755410,-0.005467371,0.0042733703999999996,0.001434072899999971,2
60,1771402755412,-0.005467371,0.0042733703999999996,0.001434072899999971,2
61,1771402755415,-0.005467371,0.0042733703999999996,0.001434072899999971,2
62,1771402755417,-0.004336371,0.0038443704,0.002100972899999886,2
63,1771402755420,-0.004336371,0.0038443704,0.002100972899999886,2
64,1771402755422,-0.004336371,0.0038443704,0.002100972899999886,2
65,1771402755425,-0.0031117709999999997,0.0037858703999999995,-0.0023411271000000075,2
66,1771402755427,-0.0031117709999999997,0.0037858703999999995,-0.0023411271000000075,2
67,1771402755430,-0.0031117709999999997,0.0037858703999999995,-0.0023411271000000075,2
68,1771402755432,-0.004539171,0.0040198704,0.0019059728999999406,2
69,1771402755434,-0.004539171,0.0040198704,0.0019059728999999406,2
70,1771402755437,-0.004539171,0.0040198704,0.0019059728999999406,2
71,1771402755439,-0.004515771,0.0037975703999999994,0.0005370729000000455,2
72,1771402755442,-0.004515771,0.0037975703999999994,0.0005370729000000455,2
73,1771402755444,-0.004515771,0.0037975703999999994,0.0005370729000000455,2
74,1771402755446,-0.004515771,0.0037975703999999994,0.0005370729000000455,2
75,1771402755449,-0.003326271,0.0037546704,-0.000527627099999984,2
76,1771402755451,-0.003326271,0.0037546704,-0.000527627099999984,2
77,1771402755453,-0.003326271,0.0037546704,-0.000527627099999984,2
78,1771402755456,-0.004539171,0.0042070703999999995,0.0007749728999999476,2
79,1771402755464,-0.004539171,0.0042070703999999995,0.0007749728999999476,2
80,1771402755466,-0.003977570999999999,0.0038365703999999994,0.0007437728999999386,2
81,1771402755469,-0.003977570999999999,0.0038365703999999994,0.0007437728999999386,2
82,1771402755471,-0.003841071,0.0039223704,-0.00018442709999999605,2
83,1771402755473,-0.003841071,0.0039223704,-0.00018442709999999605,2
84,1771402755476,-0.003841071,0.0039223704,-0.00018442709999999605,2
85,1771402755478,-0.003841071,0.0039223704,0.0007437728999999386,2
86,1771402755480,-0.004176470999999999,0.0040120704,0.0007437728999999386,2
87,1771402755483,-0.004176470999999999,0.0040120704,0.0007437728999999386,2
88,1771402755485,-0.004176470999999999,0.0040120704,0.0007437728999999386,2
89,1771402755487,-0.004223271000000001,0.0037780704,4.1772899999958165e-05,2
90,1771402755490,-0.004223271000000001,0.0037780704,4.1772899999958165e-05,2
91,1771402755492,-0.004223271000000001,0.0037780704,4.1772899999958165e-05,2
92,1771402755494,-0.0040867709999999995,0.0039574703999999995,0.0006033728999998981,2
93,1771402755497,-0.0040867709999999995,0.0039574703999999995,0.0006033728999998981,2
94,1771402755499,-0.0040867709999999995,0.0039574703999999995,0.0006033728999998981,2
95,1771402755502,-0.0040867709999999995,0.0039574703999999995,0.0006033728999998981,2
96,1771402755504,-0.004426071,0.0042109704,0.000615072900000068,2
97,1771402755506,-0.004426071,0.0042109704,0.000615072900000068,2
98,1771402755509,-0.004426071,0.0042109704,0.000615072900000068,2
99,1771402755511,-0.003876171,0.0037000704,0.00043957289999996187,2
100,1771402755513,-0.003876171,0.0037000704,0.00043957289999996187,2
101,1771402755516,-0.003876171,0.0037000704,0.00043957289999996187,2
102,1771402755518,-0.003965870999999999,0.0037702703999999993,0.0002835728999999169,2
103,1771402755520,-0.003965870999999999,0.0037702703999999993,0.0002835728999999169,2
104,1771402755523,-0.003965870999999999,0.0037702703999999993,0.0002835728999999169,2
105,1771402755525,-0.003965870999999999,0.0037702703999999993,0.0002835728999999169,2
106,1771402755528,-0.004375370999999999,0.0038989704,0.0002562728999999645,2
107,1771402755530,-0.004375370999999999,0.0038989704,0.0002562728999999645,2
108,1771402755532,-0.004375370999999999,0.0038989704,0.0002562728999999645,2
109,1771402755535,-0.004125771,0.0037585703999999994,0.00021727289999995327,2
110,1771402755537,-0.004125771,0.0037585703999999994,0.00021727289999995327,2
111,1771402755539,-0.004125771,0.0037585703999999994,0.00021727289999995327,2
112,1771402755542,-0.004426071,0.0040003704,0.00041617290000006614,2
113,1771402755544,-0.004426071,0.0040003704,0.00041617290000006614,2
114,1771402755546,-0.004426071,0.0040003704,0.00041617290000006614,2
115,1771402755549,-0.004426071,0.0040003704,0.00041617290000006614,2
116,1771402755551,-0.0038995709999999997,0.0039964703999999995,0.0007593728999999431,2
117,1771402755554,-0.0038995709999999997,0.0039964703999999995,0.0007593728999999431,2
118,1771402755556,-0.0038995709999999997,0.0039964703999999995,0.0007593728999999431,2
119,1771402755558,-0.004254470999999999,0.0038599704,0.0002055729000000054,2
120,1771402755561,-0.004254470999999999,0.0038599704,0.0002055729000000054,2
121,1771402755563,-0.004254470999999999,0.0038599704,0.0002055729000000054,2
122,1771402755565,-0.004071171,0.0038911703999999995,0.000739872899999882,2
123,1771402755568,-0.004071171,0.0038911703999999995,0.000739872899999882,2
124,1771402755570,-0.004071171,0.0038911703999999995,0.000739872899999882,2
0,1771402755588,-0.004117971,0.0037936704,0.0004941729000000886,2
1,1771402755590,-0.0041803710000000004,0.0038989704,0.0005877728999998936,2
2,1771402755593,-0.0041803710000000004,0.0038989704,0.0005877728999998936,2
3,1771402755595,-0.0041803710000000004,0.0038989704,0.0005877728999998936,2
4,1771402755597,-0.0040360710000000004,0.0038404703999999996,0.0006423729000000204,2
5,1771402755600,-0.0040360710000000004,0.0038404703999999996,0.0006423729000000204,2
6,1771402755602,-0.0040360710000000004,0.0038404703999999996,0.0006423729000000204,2
7,1771402755604,-0.0040360710000000004,0.0038404703999999996,0.00024847289999996227,2
8,1771402755607,-0.004164770999999999,0.0040042704,0.00024847289999996227,2
9,1771402755609,-0.004164770999999999,0.0040042704,0.00024847289999996227,2
10,1771402755611,-0.004164770999999999,0.0040042704,0.00024847289999996227,2
11,1771402755614,-0.0038956710000000003,0.0038560703999999998,0.00020947289999995102,2
12,1771402755616,-0.0038956710000000003,0.0038560703999999998,0.00020947289999995102,2
13,1771402755619,-0.0038956710000000003,0.0038560703999999998,0.00020947289999995102,2
14,1771402755621,-0.004020470999999999,0.0037897703999999997,0.000427872900000014,2
15,1771402755623,-0.004020470999999999,0.0037897703999999997,0.000427872900000014,2
16,1771402755626,-0.004020470999999999,0.0037897703999999997,0.000427872900000014,2
17,1771402755628,-0.004020470999999999,0.0037897703999999997,0.000427872900000014,2
18,1771402755630,-0.004156971000000001,0.0040666704,0.000459072900000023,2
19,1771402755633,-0.004156971000000001,0.0040666704,0.000459072900000023,2
20,1771402755635,-0.004156971000000001,0.0040666704,0.000459072900000023,2
21,1771402755637,-0.003965870999999999,0.0040627703999999995,0.0002835728999999169,2
22,1771402755640,-0.003965870999999999,0.0040627703999999995,0.0002835728999999169,2
23,1771402755642,-0.003965870999999999,0.0040627703999999995,0.0002835728999999169,2
24,1771402755644,-0.0041023710000000005,0.0039223704,0.0002835728999999169,2
25,1771402755647,-0.0041023710000000005,0.0039223704,0.0002835728999999169,2
26,1771402755649,-0.0041023710000000005,0.0039223704,0.0002835728999999169,2
27,1771402755652,-0.0041023710000000005,0.0039223704,0.0002835728999999169,2
28,1771402755654,-0.004309070999999999,0.0039028703999999994,0.00018217289999999866,2
29,1771402755656,-0.004309070999999999,0.0039028703999999994,0.00018217289999999866,2
30,1771402755659,-0.004309070999999999,0.0039028703999999994,0.00018217289999999866,2
31,1771402755662,-0.0039580710000000005,0.0039067704,0.00021337290000000766,2
32,1771402755664,-0.0039580710000000005,0.0039067704,0.00021337290000000766,2
33,1771402755666,-0.0039580710000000005,0.0039067704,0.00021337290000000766,2
34,1771402755669,-0.0041530709999999995,0.0037312703999999993,0.00035767289999988274,2
35,1771402755671,-0.0041530709999999995,0.0037312703999999993,0.00035767289999988274,2
36,1771402755673,-0.0041530709999999995,0.0037312703999999993,0.00035767289999988274,2
37,1771402755676,-0.0041530709999999995,0.0039379704,-5.962710000007108e-05,2
38,1771402755678,-0.004164770999999999,0.0039379704,-5.962710000007108e-05,2
39,1771402755681,-0.004164770999999999,0.0039379704,-5.962710000007108e-05,2
40,1771402755683,-0.004164770999999999,0.0039379704,-5.962710000007108e-05,2
41,1771402755685,-0.004137471,0.0038521703999999995,0.0002835728999999169,2
42,1771402755688,-0.004137471,0.0038521703999999995,0.0002835728999999169,2
43,1771402755704,-0.004137471,0.0038521703999999995,0.0002835728999999169,2
44,1771402755707,-0.003989271000000001,0.0038443704,0.000615072900000068,2
45,1771402755709,-0.004188170999999999,0.0040510704,0.0002523729000000189,2
46,1771402755711,-0.004188170999999999,0.0040510704,0.0002523729000000189,2
47,1771402755714,-0.004188170999999999,0.0040510704,0.0002523729000000189,2
48,1771402755716,-0.004090671000000001,0.0038755703999999993,0.0002055729000000054,2
49,1771402755718,-0.004090671000000001,0.0038755703999999993,0.0002055729000000054,2
50,1771402755721,-0.004090671000000001,0.0038755703999999993,0.0002055729000000054,2
51,1771402755723,-0.004090671000000001,0.0038248703999999994,0.00020947289999995102,2
52,1771402755726,-0.004106271,0.0038248703999999994,0.00020947289999995102,2
53,1771402755728,-0.004106271,0.0038248703999999994,0.00020947289999995102,2
54,1771402755730,-0.004106271,0.0038248703999999994,0.00020947289999995102,2
55,1771402755733,-0.0040360710000000004,0.0038638703999999994,0.00036937290000005265,2
56,1771402755735,-0.0040360710000000004,0.0038638703999999994,0.00036937290000005265,2
57,1771402755737,-0.0040360710000000004,0.0038638703999999994,0.00036937290000005265,2
58,1771402755740,-0.003997071,0.0040120704,0.0006033728999998981,2
59,1771402755742,-0.003997071,0.0040120704,0.0006033728999998981,2
60,1771402755744,-0.003997071,0.0040120704,0.0006033728999998981,2
61,1771402755747,-0.003997071,0.0039184703999999996,0.0006228728999999592,2
62,1771402755749,-0.004145271000000001,0.0039184703999999996,0.0006228728999999592,2
63,1771402755752,-0.004145271000000001,0.0039184703999999996,0.0006228728999999592,2
64,1771402755754,-0.004145271000000001,0.0039184703999999996,0.0006228728999999592,2
65,1771402755756,-0.0042466710000000005,0.0037351703999999996,0.00035377290000004815,2
66,1771402755759,-0.0042466710000000005,0.0037351703999999996,0.00035377290000004815,2
67,1771402755761,-0.0042466710000000005,0.0037351703999999996,0.00035377290000004815,2
68,1771402755763,-0.004114071,0.0038560703999999998,0.00048637289999997537,2
69,1771402755766,-0.004114071,0.0038560703999999998,0.00048637289999997537,2
70,1771402755768,-0.004114071,0.0038560703999999998,0.00048637289999997537,2
71,1771402755770,-0.004114071,0.0037468703999999995,0.00027577290000002565,2
72,1771402755773,-0.004145271000000001,0.0037468703999999995,0.00027577290000002565,2
73,1771402755775,-0.004145271000000001,0.0037468703999999995,0.00027577290000002565,2
74,1771402755778,-0.004145271000000001,0.0037468703999999995,0.00027577290000002565,2
75,1771402755780,-0.004098470999999999,0.0038365703999999994,0.0002367729000000144,2
76,1771402755782,-0.004098470999999999,0.0038365703999999994,0.0002367729000000144,2
77,1771402755785,-0.004098470999999999,0.0038365703999999994,0.0002367729000000144,2
78,1771402755787,-0.003919071,0.0037741703999999996,0.00015097289999998966,2
79,1771402755789,-0.003919071,0.0037741703999999996,0.00015097289999998966,2
80,1771402755792,-0.003919071,0.0037741703999999996,0.00015097289999998966,2
81,1771402755794,-0.003919071,0.0037741703999999996,0.0001236729000000373,2
82,1771402755796,-0.004063371,0.0038911703999999995,0.0001236729000000373,2
83,1771402755799,-0.004063371,0.0038911703999999995,0.0001236729000000373,2
84,1771402755801,-0.004063371,0.0038911703999999995,0.0001236729000000373,2
85,1771402755803,-0.003965870999999999,0.0038950703999999997,0.0005136728999999277,2
86,1771402755806,-0.003965870999999999,0.0038950703999999997,0.0005136728999999277,2
87,1771402755808,-0.003965870999999999,0.0038950703999999997,0.0005136728999999277,2
88,1771402755811,-0.004016571,0.0038248703999999994,0.00043957289999996187,2
89,1771402755816,-0.004016571,0.0038248703999999994,0.00043957289999996187,2
90,1771402755819,-0.004000971000000001,0.003969170399999999,0.00019777290000000316,2
91,1771402755821,-0.004000971000000001,0.003969170399999999,0.00019777290000000316,2
92,1771402755823,-0.004000971000000001,0.003969170399999999,0.00019777290000000316,2
93,1771402755826,-0.004000971000000001,0.0039496704,0.00026407289999996677,2
94,1771402755828,-0.004160871,0.0039496704,0.00026407289999996677,2
95,1771402755831,-0.004160871,0.0039496704,0.00026407289999996677,2
96,1771402755833,-0.004160871,0.0039496704,0.00026407289999996677,2
97,1771402755835,-0.004098470999999999,0.0037819704,0.00024457290000001665,2
98,1771402755838,-0.004098470999999999,0.0037819704,0.00024457290000001665,2
99,1771402755840,-0.004098470999999999,0.0037819704,0.00024457290000001665,2
100,1771402755842,-0.004114071,0.0038833704,0.00042007289999990074,2
101,1771402755845,-0.004114071,0.0038833704,0.00042007289999990074,2
102,1771402755847,-0.004114071,0.0038833704,0.00042007289999990074,2
103,1771402755850,-0.004114071,0.0038287703999999997,0.00040447289999989624,2
104,1771402755852,-0.0040750709999999996,0.0038287703999999997,0.00040447289999989624,2
105,1771402755854,-0.0040750709999999996,0.0038287703999999997,0.00040447289999989624,2
106,1771402755857,-0.0040750709999999996,0.0038287703999999997,0.00040447289999989624,2
107,1771402755859,-0.004133571000000001,0.0038404703999999996,0.00022507289999995552,2
108,1771402755861,-0.004133571000000001,0.0038404703999999996,0.00022507289999995552,2
109,1771402755864,-0.004133571000000001,0.0038404703999999996,0.00022507289999995552,2
110,1771402755866,-0.004188170999999999,0.0038989704,0.000303072899999978,2
111,1771402755868,-0.004188170999999999,0.0038989704,0.000303072899999978,2
112,1771402755871,-0.004188170999999999,0.0038989704,0.000303072899999978,2
113,1771402755873,-0.004188170999999999,0.0040276704,0.0006930729000000905,2
114,1771402755875,-0.004195971,0.0040276704,0.0006930729000000905,2
115,1771402755878,-0.004195971,0.0040276704,0.0006930729000000905,2
116,1771402755880,-0.004195971,0.0040276704,0.0006930729000000905,2
117,1771402755883,-0.004188170999999999,0.0038092704,0.0004434729000000185,2
118,1771402755885,-0.004188170999999999,0.0038092704,0.0004434729000000185,2
119,1771402755897,-0.004188170999999999,0.0038092704,0.0004434729000000185,2
120,1771402755900,-0.004387070999999999,0.0038248703999999994,-8.927100000000947e-06,2
121,1771402755902,-0.004387070999999999,0.0038248703999999994,-8.927100000000947e-06,2
122,1771402755905,-0.004387070999999999,0.0038248703999999994,0.00040837289999995287,2
123,1771402755907,-0.004156971000000001,0.0037234703999999997,0.00040837289999995287,2
124,1771402755909,-0.004156971000000001,0.0037234703999999997,0.00040837289999995287,2
0,1771402755921,-0.004465070999999999,0.003969170399999999,-2.0627100000059832e-05,2
1,1771402755923,-0.004465070999999999,0.003969170399999999,-2.0627100000059832e-05,2
2,1771402755926,-0.004465070999999999,0.003969170399999999,-2.0627100000059832e-05,2
3,1771402755928,-0.004465070999999999,0.003969170399999999,-2.0627100000059832e-05,2
4,1771402755930,-0.0038449710000000004,0.0036883704,0.0005487728999999934,2
5,1771402755933,-0.0038449710000000004,0.0036883704,0.0005487728999999934,2
6,1771402755935,-0.0038449710000000004,0.0036883704,0.0005487728999999934,2
7,1771402755937,-0.0040360710000000004,0.0040237704,-0.0002507271000000707,2
8,1771402755940,-0.0040360710000000004,0.0040237704,-0.0002507271000000707,2
9,1771402755942,-0.0040360710000000004,0.0040237704,-0.0002507271000000707,2
10,1771402755945,-0.004628871,0.0037819704,0.0012663728999999782,2
11,1771402755947,-0.004628871,0.0037819704,0.0012663728999999782,2
12,1771402755949,-0.004628871,0.0037819704,0.0012663728999999782,2
13,1771402755952,-0.004628871,0.0037819704,0.0012663728999999782,2
14,1771402755954,-0.0039580710000000005,0.0037546704,-0.00010252710000002794,2
15,1771402755956,-0.0039580710000000005,0.0037546704,-0.00010252710000002794,2
16,1771402755959,-0.0039580710000000005,0.0037546704,-0.00010252710000002794,2
17,1771402755961,-0.0037279709999999996,0.003980870399999999,-7.132710000001894e-05,2
18,1771402755963,-0.0037279709999999996,0.003980870399999999,-7.132710000001894e-05,2
19,1771402755966,-0.0037279709999999996,0.003980870399999999,-7.132710000001894e-05,2
20,1771402755968,-0.0045859709999999995,0.0038755703999999993,0.0007905728999999521,2
21,1771402755971,-0.0045859709999999995,0.0038755703999999993,0.0007905728999999521,2
22,1771402755973,-0.0045859709999999995,0.0038755703999999993,0.0007905728999999521,2
23,1771402755975,-0.0045859709999999995,0.0038755703999999993,0.0007905728999999521,2
24,1771402755978,-0.0038956710000000003,0.0036064703999999998,0.00035767289999988274,2
25,1771402755980,-0.0038956710000000003,0.0036064703999999998,0.00035767289999988274,2
26,1771402755982,-0.0038956710000000003,0.0036064703999999998,0.00035767289999988274,2
27,1771402755985,-0.003977570999999999,0.0041212704,0.0001587728999999919,2
28,1771402755987,-0.003977570999999999,0.0041212704,0.0001587728999999919,2
29,1771402755990,-0.003977570999999999,0.0041212704,0.0001587728999999919,2
30,1771402755992,-0.004110170999999999,0.0039613704,0.00047077289999997087,2
31,1771402755994,-0.004110170999999999,0.0039613704,0.00047077289999997087,2
32,1771402755997,-0.004110170999999999,0.0039613704,0.00047077289999997087,2
33,1771402755999,-0.004110170999999999,0.0039613704,0.00047077289999997087,2
34,1771402756001,-0.004215471,0.0037468703999999995,0.00046297290000007964,2
35,1771402756004,-0.004215471,0.0037468703999999995,0.00046297290000007964,2
36,1771402756006,-0.004215471,0.0037468703999999995,0.00046297290000007964,2
37,1771402756008,-0.003973671,0.0040315704,0.0003810729000000005,2
38,1771402756011,-0.003973671,0.0040315704,0.0003810729000000005,2
39,1771402756013,-0.003973671,0.0040315704,0.0003810729000000005,2
40,1771402756016,-0.004160871,0.0041992704,0.0005448728999999367,2
41,1771402756018,-0.004160871,0.0041992704,0.0005448728999999367,2
42,1771402756020,-0.004160871,0.0041992704,0.0005448728999999367,2
43,1771402756023,-0.004160871,0.0041992704,0.0005448728999999367,2
44,1771402756025,-0.003922971000000001,0.0037429704,0.00035767289999988274,2
45,1771402756027,-0.003922971000000001,0.0037429704,0.00035767289999988274,2
46,1771402756030,-0.003922971000000001,0.0037429704,0.00035767289999988274,2
47,1771402756032,-0.004242770999999999,0.0039769704,0.0004980728999999232,2
48,1771402756034,-0.004242770999999999,0.0039769704,0.0004980728999999232,2
49,1771402756037,-0.004242770999999999,0.0039769704,0.0004980728999999232,2
50,1771402756039,-0.004176470999999999,0.0042421704,0.00047077289999997087,2
51,1771402756042,-0.004176470999999999,0.0042421704,0.00047077289999997087,2
52,1771402756044,-0.004176470999999999,0.0042421704,0.00047077289999997087,2
53,1771402756046,-0.004176470999999999,0.0042421704,0.00047077289999997087,2
54,1771402756049,-0.0042193709999999995,0.0039574703999999995,0.00044737290000007514,2
55,1771402756051,-0.0042193709999999995,0.0039574703999999995,0.00044737290000007514,2
56,1771402756053,-0.0042193709999999995,0.0039574703999999995,0.00044737290000007514,2
57,1771402756056,-0.004398770999999999,0.0037273704,0.0005370729000000455,2
58,1771402756058,-0.004398770999999999,0.0037273704,0.0005370729000000455,2
59,1771402756060,-0.004398770999999999,0.0037273704,0.0005370729000000455,2
60,1771402756063,-0.003981471,0.0038560703999999998,0.0005994729000000635,2
61,1771402756065,-0.003981471,0.0038560703999999998,0.0005994729000000635,2
62,1771402756068,-0.003981471,0.0038560703999999998,0.0005994729000000635,2
63,1771402756070,-0.003981471,0.0038560703999999998,0.0005994729000000635,2
64,1771402756072,-0.003919071,0.0039067704,0.00010417289999997616,2
65,1771402756075,-0.003919071,0.0039067704,0.00010417289999997616,2
66,1771402756077,-0.003919071,0.0039067704,0.00010417289999997616,2
67,1771402756079,-0.004234971000000001,0.0037507703999999998,0.0008412729000000222,2
68,1771402756082,-0.004234971000000001,0.0037507703999999998,0.0008412729000000222,2
69,1771402756084,-0.004234971000000001,0.0037507703999999998,0.0008412729000000222,2
70,1771402756086,-0.004234971000000001,0.0038521703999999995,0.00037327289999988724,2
71,1771402756089,-0.004137471,0.0038521703999999995,0.00037327289999988724,2
72,1771402756091,-0.004137471,0.0038521703999999995,0.00037327289999988724,2
73,1771402756094,-0.004137471,0.0038521703999999995,0.00037327289999988724,2
74,1771402756096,-0.003965870999999999,0.0039223704,0.00037327289999988724,2
75,1771402756098,-0.003965870999999999,0.0039223704,0.00037327289999988724,2
76,1771402756101,-0.003965870999999999,0.0039223704,0.00037327289999988724,2
77,1771402756103,-0.004461171,0.0039379704,0.0003303728999999304,2
78,1771402756105,-0.004461171,0.0039379704,0.0003303728999999304,2
79,1771402756108,-0.004461171,0.0039379704,0.0003303728999999304,2
80,1771402756110,-0.004461171,0.0035947704,0.0007515729000000519,2
81,1771402756112,-0.004059471,0.0035947704,0.0007515729000000519,2
82,1771402756115,-0.004059471,0.0035947704,0.0007515729000000519,2
83,1771402756117,-0.004059471,0.0035947704,0.0007515729000000519,2
84,1771402756120,-0.004199871000000001,0.004008170399999999,-1.127099999998697e-06,2
85,1771402756122,-0.004199871000000001,0.004008170399999999,-1.127099999998697e-06,2
86,1771402756124,-0.004199871000000001,0.004008170399999999,-1.127099999998697e-06,2
87,1771402756127,-0.003954170999999999,0.0037780704,0.000615072900000068,2
88,1771402756129,-0.003954170999999999,0.0037780704,0.000615072900000068,2
89,1771402756131,-0.003954170999999999,0.0037780704,0.000615072900000068,2
90,1771402756134,-0.003954170999999999,0.0037390704,0.0001431728999999874,2
91,1771402756136,-0.0042466710000000005,0.0037390704,0.0001431728999999874,2
92,1771402756138,-0.0042466710000000005,0.0037390704,0.0001431728999999874,2
93,1771402756141,-0.0042466710000000005,0.0037390704,0.0001431728999999874,2
94,1771402756143,-0.0038215709999999997,0.0037897703999999997,0.0005175728999999844,2
95,1771402756146,-0.0038215709999999997,0.0037897703999999997,0.0005175728999999844,2
96,1771402756148,-0.0038215709999999997,0.0037897703999999997,0.0005175728999999844,2
97,1771402756150,-0.004348071,0.0040393704,9.637289999997391e-05,2
98,1771402756153,-0.004348071,0.0040393704,9.637289999997391e-05,2
99,1771402756155,-0.004348071,0.0040393704,9.637289999997391e-05,2
100,1771402756157,-0.004348071,0.0039184703999999996,0.000708672899999873,2
101,1771402756160,-0.0038605709999999997,0.0039184703999999996,0.000708672899999873,2
102,1771402756162,-0.0038605709999999997,0.0039184703999999996,0.000708672899999873,2
103,1771402756165,-0.0038605709999999997,0.0039184703999999996,0.000708672899999873,2
104,1771402756167,-0.0043636709999999995,0.0039769704,0.00022507289999995552,2
105,1771402756169,-0.0043636709999999995,0.0039769704,0.00022507289999995552,2
106,1771402756172,-0.0043636709999999995,0.0039769704,0.00022507289999995552,2
107,1771402756182,-0.0038839710000000004,0.004008170399999999,0.0005370729000000455,2
108,1771402756184,-0.004211571000000001,0.0040666704,0.00045517289999996637,2
109,1771402756187,-0.004211571000000001,0.0040666704,0.00045517289999996637,2
110,1771402756189,-0.004211571000000001,0.0040666704,0.00026017290000002115,2
111,1771402756191,-0.004106271,0.0038638703999999994,0.00026017290000002115,2
112,1771402756194,-0.004106271,0.0038638703999999994,0.00026017290000002115,2
113,1771402756196,-0.004106271,0.0038638703999999994,0.00026017290000002115,2
114,1771402756198,-0.003938571,0.0038521703999999995,0.0005721728999998891,2
115,1771402756201,-0.003938571,0.0038521703999999995,0.0005721728999998891,2
116,1771402756203,-0.003938571,0.0038521703999999995,0.0005721728999998891,2
117,1771402756205,-0.004145271000000001,0.0041485704,0.00032257290000003915,2
118,1771402756217,-0.003993171,0.0039925704,0.0004746729000000275,2
119,1771402756220,-0.003993171,0.0039925704,0.0004746729000000275,2
120,1771402756222,-0.004266170999999999,0.0040510704,2.7728999999469166e-06,2
121,1771402756225,-0.004266170999999999,0.0040510704,2.7728999999469166e-06,2
122,1771402756227,-0.004266170999999999,0.0040510704,2.7728999999469166e-06,2
123,1771402756229,-0.003919071,0.0038443704,0.0005448728999999367,2
124,1771402756232,-0.003919071,0.0038443704,0.0005448728999999367,2
0,1771402756243,-0.004277871000000001,0.0040783704,0.00016267289999993752,2
1,1771402756245,-0.004094571,0.0038521703999999995,0.00042007289999990074,2
2,1771402756248,-0.004094571,0.0038521703999999995,0.00042007289999990074,2
3,1771402756250,-0.004094571,0.0038521703999999995,0.00042007289999990074,2
4,1771402756252,-0.004398770999999999,0.0040432704,0.00035767289999988274,2
5,1771402756255,-0.004398770999999999,0.0040432704,0.00035767289999988274,2
6,1771402756257,-0.004398770999999999,0.0040432704,0.00035767289999988274,2
7,1771402756260,-0.004398770999999999,0.0040432704,0.00035767289999988274,2
8,1771402756262,-0.004039971,0.0039067704,0.0004746729000000275,2
9,1771402756264,-0.004039971,0.0039067704,0.0004746729000000275,2
10,1771402756267,-0.004039971,0.0039067704,0.0004746729000000275,2
11,1771402756269,-0.004129671,0.0040510704,0.00040447289999989624,2
12,1771402756271,-0.004129671,0.0040510704,0.00040447289999989624,2
13,1771402756274,-0.004129671,0.0040510704,0.00040447289999989624,2
14,1771402756276,-0.004078971000000001,0.0039847704,0.0001743728999999964,2
15,1771402756278,-0.004078971000000001,0.0039847704,0.0001743728999999964,2
16,1771402756281,-0.004078971000000001,0.0039847704,0.0001743728999999964,2
17,1771402756283,-0.004078971000000001,0.0039847704,0.0001743728999999964,2
18,1771402756286,-0.004129671,0.0038794703999999996,0.00016267289999993752,2
19,1771402756288,-0.004129671,0.0038794703999999996,0.00016267289999993752,2
20,1771402756291,-0.004129671,0.0038794703999999996,0.00016267289999993752,2
21,1771402756293,-0.0043129710000000005,0.003969170399999999,0.0003498728999999915,2
22,1771402756296,-0.0043129710000000005,0.003969170399999999,0.0003498728999999915,2
23,1771402756298,-0.0043129710000000005,0.003969170399999999,0.0003498728999999915,2
24,1771402756300,-0.004145271000000001,0.0037936704,0.0005175728999999844,2
25,1771402756303,-0.004145271000000001,0.0037936704,0.0005175728999999844,2
26,1771402756305,-0.004145271000000001,0.0037936704,0.0005175728999999844,2
27,1771402756307,-0.004145271000000001,0.0039340704,0.0006033728999998981,2
28,1771402756310,-0.004129671,0.0039340704,0.0006033728999998981,2
29,1771402756312,-0.004129671,0.0039340704,0.0006033728999998981,2
30,1771402756314,-0.004129671,0.0039340704,0.0006033728999998981,2
31,1771402756317,-0.004078971000000001,0.0038209704,0.0003615728999999394,2
32,1771402756319,-0.004078971000000001,0.0038209704,0.0003615728999999394,2
33,1771402756322,-0.004078971000000001,0.0038209704,0.0003615728999999394,2
34,1771402756324,-0.003997071,0.0039223704,0.000459072900000023,2
35,1771402756326,-0.003997071,0.0039223704,0.000459072900000023,2
36,1771402756329,-0.003997071,0.0039223704,0.000459072900000023,2
37,1771402756331,-0.003997071,0.0038326704,0.00043567289999990523,2
38,1771402756333,-0.004016571,0.0038326704,0.00043567289999990523,2
39,1771402756336,-0.004016571,0.0038326704,0.00043567289999990523,2
40,1771402756338,-0.004016571,0.0038326704,0.00043567289999990523,2
41,1771402756340,-0.003997071,0.0038170704,0.0005370729000000455,2
42,1771402756343,-0.003997071,0.0038170704,0.0005370729000000455,2
43,1771402756345,-0.003997071,0.0038170704,0.0005370729000000455,2
44,1771402756348,-0.004098470999999999,0.0039379704,0.0006072728999999547,2
45,1771402756350,-0.004098470999999999,0.0039379704,0.0006072728999999547,2
46,1771402756352,-0.004098470999999999,0.0039379704,0.0006072728999999547,2
47,1771402756355,-0.004098470999999999,0.0039379704,0.0003303728999999304,2
48,1771402756357,-0.004039971,0.0039613704,0.0003303728999999304,2
49,1771402756359,-0.004039971,0.0039613704,0.0003303728999999304,2
50,1771402756362,-0.004039971,0.0039613704,0.0003303728999999304,2
51,1771402756364,-0.003993171,0.0038287703999999997,0.00046297290000007964,2
52,1771402756366,-0.003993171,0.0038287703999999997,0.00046297290000007964,2
53,1771402756369,-0.003993171,0.0038287703999999997,0.00046297290000007964,2
54,1771402756371,-0.004227171,0.0039496704,0.00047077289999997087,2
55,1771402756374,-0.004227171,0.0039496704,0.00047077289999997087,2
56,1771402756376,-0.004227171,0.0039496704,0.00047077289999997087,2
57,1771402756378,-0.004227171,0.0039496704,-1.6727100000003196e-05,2
58,1771402756381,-0.004129671,0.0038209704,-1.6727100000003196e-05,2
59,1771402756383,-0.004129671,0.0038209704,-1.6727100000003196e-05,2
60,1771402756385,-0.004129671,0.0038209704,-1.6727100000003196e-05,2
61,1771402756388,-0.004137471,0.0038326704,0.0002835728999999169,2
62,1771402756390,-0.004137471,0.0038326704,0.0002835728999999169,2
63,1771402756392,-0.004137471,0.0038326704,0.0002835728999999169,2
64,1771402756395,-0.004262271,0.0039613704,0.0001275728999999829,2
65,1771402756397,-0.004262271,0.0039613704,0.0001275728999999829,2
66,1771402756400,-0.004262271,0.0039613704,0.0001275728999999829,2
67,1771402756402,-0.004262271,0.0039613704,0.0004434729000000185,2
68,1771402756404,-0.004117971,0.0037819704,0.0004434729000000185,2
69,1771402756407,-0.004117971,0.0037819704,0.0004434729000000185,2
70,1771402756409,-0.004117971,0.0037819704,0.0004434729000000185,2
71,1771402756411,-0.004227171,0.0039184703999999996,0.0003108729000000913,2
72,1771402756414,-0.004227171,0.0039184703999999996,0.0003108729000000913,2
73,1771402756416,-0.004227171,0.0039184703999999996,0.0003108729000000913,2
74,1771402756418,-0.003985371,0.0036844703999999997,0.00045517289999996637,2
75,1771402756421,-0.003985371,0.0036844703999999997,0.00045517289999996637,2
76,1771402756423,-0.003985371,0.0036844703999999997,0.00045517289999996637,2
77,1771402756426,-0.003985371,0.0036844703999999997,0.00029137290000003015,2
78,1771402756428,-0.004238871,0.0039457704,0.00029137290000003015,2
79,1771402756430,-0.004238871,0.0039457704,0.00029137290000003015,2
80,1771402756433,-0.004238871,0.0039457704,0.00029137290000003015,2
81,1771402756435,-0.003961971,0.0039340704,0.0006930729000000905,2
82,1771402756438,-0.003961971,0.0039340704,0.0006930729000000905,2
83,1771402756440,-0.003961971,0.0039340704,0.0006930729000000905,2
84,1771402756443,-0.004223271000000001,0.0040120704,0.0001899729000000009,2
85,1771402756445,-0.004223271000000001,0.0040120704,0.0001899729000000009,2
86,1771402756448,-0.004223271000000001,0.0040120704,0.0001899729000000009,2
87,1771402756450,-0.003961971,0.0039067704,0.0003810729000000005,2
88,1771402756452,-0.003961971,0.0039067704,0.0003810729000000005,2
89,1771402756455,-0.003961971,0.0039067704,0.0003810729000000005,2
90,1771402756457,-0.003961971,0.0039067704,0.0003810729000000005,2
91,1771402756459,-0.004250571,0.0038443704,0.0003147728999999259,2
92,1771402756462,-0.004250571,0.0038443704,0.0003147728999999259,2
93,1771402756464,-0.004250571,0.0038443704,0.0003147728999999259,2
94,1771402756467,-0.004028271,0.0037936704,0.00021727289999995327,2
95,1771402756469,-0.004028271,0.0037936704,0.00021727289999995327,2
96,1771402756471,-0.004028271,0.0037936704,0.00021727289999995327,2
97,1771402756474,-0.004328571,0.0039730704,0.0005799729000000024,2
98,1771402756476,-0.004328571,0.0039730704,0.0005799729000000024,2
99,1771402756478,-0.004328571,0.0039730704,0.0005799729000000024,2
100,1771402756481,-0.004328571,0.0039730704,0.0005799729000000024,2
101,1771402756483,-0.004176470999999999,0.003969170399999999,0.000334272899999987,2
102,1771402756485,-0.004176470999999999,0.003969170399999999,0.000334272899999987,2
103,1771402756488,-0.004176470999999999,0.003969170399999999,0.000334272899999987,2
104,1771402756490,-0.004164770999999999,0.0037858703999999995,0.00038887289999989174,2
105,1771402756493,-0.004164770999999999,0.0037858703999999995,0.00038887289999989174,2
106,1771402756495,-0.004164770999999999,0.0037858703999999995,0.00038887289999989174,2
107,1771402756497,-0.004106271,0.0037819704,0.00015487289999993527,2
108,1771402756500,-0.004106271,0.0037819704,0.00015487289999993527,2
109,1771402756502,-0.004106271,0.0037819704,0.00015487289999993527,2
110,1771402756504,-0.004106271,0.0037819704,0.00015487289999993527,2
111,1771402756507,-0.004067271000000001,0.0036883704,0.0001236729000000373,2
112,1771402756509,-0.004067271000000001,0.0036883704,0.0001236729000000373,2
113,1771402756511,-0.004067271000000001,0.0036883704,0.0001236729000000373,2
114,1771402756520,-0.004156971000000001,0.0038170704,0.00045517289999996637,2
115,1771402756523,-0.004172571,0.0037546704,0.00042007289999990074,2
116,1771402756525,-0.004172571,0.0037546704,0.00042007289999990074,2
117,1771402756527,-0.004172571,0.0037546704,0.00042007289999990074,2
118,1771402756530,-0.004137471,0.0038092704,0.00055267290000005,2
119,1771402756532,-0.004137471,0.0038092704,0.00055267290000005,2
120,1771402756534,-0.004137471,0.0038092704,0.00055267290000005,2
121,1771402756537,-0.004309070999999999,0.0038638703999999994,0.0001899729000000009,2
122,1771402756539,-0.004309070999999999,0.0038638703999999994,0.0001899729000000009,2
123,1771402756542,-0.004309070999999999,0.0038638703999999994,0.0001899729000000009,2
124,1771402756544,-0.004309070999999999,0.0038638703999999994,0.0001899729000000009,2
0,1771402756555,-0.004258371,0.0039145704,0.00033817290000004365,2
1,1771402756557,-0.004258371,0.0039145704,0.00033817290000004365,2
2,1771402756560,-0.004258371,0.0039145704,0.00033817290000004365,2
3,1771402756562,-0.0040750709999999996,0.0039379704,0.0006267729000000159,2
4,1771402756564,-0.0040750709999999996,0.0039379704,0.0006267729000000159,2
5,1771402756567,-0.0040750709999999996,0.0039379704,0.0006267729000000159,2
6,1771402756569,-0.004192071,0.003941870399999999,7.68729000000238e-05,2
7,1771402756571,-0.004192071,0.003941870399999999,7.68729000000238e-05,2
8,1771402756574,-0.004192071,0.003941870399999999,7.68729000000238e-05,2
9,1771402756576,-0.0044416709999999995,0.0037195703999999994,0.000521472900000041,2
10,1771402756578,-0.0044416709999999995,0.0037195703999999994,0.000521472900000041,2
11,1771402756581,-0.0044416709999999995,0.0037195703999999994,0.000521472900000041,2
12,1771402756583,-0.0044416709999999995,0.0037195703999999994,0.000521472900000041,2
13,1771402756586,-0.004207671,0.0037780704,0.00011977289999998066,2
14,1771402756588,-0.004207671,0.0037780704,0.00011977289999998066,2
15,1771402756590,-0.004207671,0.0037780704,0.00011977289999998066,2
16,1771402756593,-0.004293471,0.0038443704,0.0002562728999999645,2
17,1771402756595,-0.004293471,0.0038443704,0.0002562728999999645,2
18,1771402756597,-0.004293471,0.0038443704,0.0002562728999999645,2
19,1771402756600,-0.0040243710000000005,0.0039925704,0.00045517289999996637,2
20,1771402756602,-0.0040243710000000005,0.0039925704,0.00045517289999996637,2
21,1771402756605,-0.0040243710000000005,0.0039925704,0.00045517289999996637,2
22,1771402756607,-0.0040243710000000005,0.0039925704,0.00045517289999996637,2
23,1771402756609,-0.004184271,0.0039223704,0.00040447289999989624,2
24,1771402756612,-0.004184271,0.0039223704,0.00040447289999989624,2
25,1771402756614,-0.004184271,0.0039223704,0.00040447289999989624,2
26,1771402756616,-0.004238871,0.0038131703999999995,0.0004941729000000886,2
27,1771402756619,-0.004238871,0.0038131703999999995,0.0004941729000000886,2
28,1771402756621,-0.004238871,0.0038131703999999995,0.0004941729000000886,2
29,1771402756623,-0.003997071,0.0038560703999999998,0.0004746729000000275,2
30,1771402756626,-0.003997071,0.0038560703999999998,0.0004746729000000275,2
31,1771402756628,-0.003997071,0.0038560703999999998,0.0004746729000000275,2
32,1771402756631,-0.003997071,0.0038560703999999998,0.0004746729000000275,2
33,1771402756633,-0.003938571,0.0040744703999999994,0.00043957289999996187,2
34,1771402756635,-0.003938571,0.0040744703999999994,0.00043957289999996187,2
35,1771402756638,-0.003938571,0.0040744703999999994,0.00043957289999996187,2
36,1771402756640,-0.004078971000000001,0.0037390704,0.000521472900000041,2
37,1771402756642,-0.004078971000000001,0.0037390704,0.000521472900000041,2
38,1771402756645,-0.004078971000000001,0.0037390704,0.000521472900000041,2
39,1771402756647,-0.004211571000000001,0.0037819704,0.0005760728999999457,2
40,1771402756650,-0.004211571000000001,0.0037819704,0.0005760728999999457,2
41,1771402756652,-0.004211571000000001,0.0037819704,0.0005760728999999457,2
42,1771402756654,-0.004211571000000001,0.0037819704,0.0005760728999999457,2
43,1771402756657,-0.0040360710000000004,0.0038521703999999995,0.0006228728999999592,2
44,1771402756659,-0.0040360710000000004,0.0038521703999999995,0.0006228728999999592,2
45,1771402756661,-0.0040360710000000004,0.0038521703999999995,0.0006228728999999592,2
46,1771402756664,-0.004156971000000001,0.0040627703999999995,0.00040447289999989624,2
47,1771402756666,-0.004156971000000001,0.0040627703999999995,0.00040447289999989624,2
48,1771402756668,-0.004156971000000001,0.0040627703999999995,0.00040447289999989624,2
49,1771402756671,-0.004156971000000001,0.0036259703999999993,0.00035377290000004815,2
50,1771402756673,-0.003997071,0.0036259703999999993,0.00035377290000004815,2
51,1771402756676,-0.003997071,0.0036259703999999993,0.00035377290000004815,2
52,1771402756678,-0.003997071,0.0036259703999999993,0.00035377290000004815,2
53,1771402756680,-0.004367571000000001,0.0036220704,0.0005370729000000455,2
54,1771402756683,-0.004367571000000001,0.0036220704,0.0005370729000000455,2
55,1771402756685,-0.004367571000000001,0.0036220704,0.0005370729000000455,2
56,1771402756687,-0.0041686710000000005,0.0039496704,0.00043177290000007064,2
57,1771402756690,-0.0041686710000000005,0.0039496704,0.00043177290000007064,2
58,1771402756692,-0.0041686710000000005,0.0039496704,0.00043177290000007064,2
59,1771402756694,-0.0041686710000000005,0.0040393704,0.00037327289999988724,2
60,1771402756697,-0.004254470999999999,0.0040393704,0.00037327289999988724,2
61,1771402756699,-0.004254470999999999,0.0040393704,0.00037327289999988724,2
62,1771402756702,-0.004254470999999999,0.0040393704,0.00037327289999988724,2
63,1771402756704,-0.004043870999999999,0.0037390704,0.0006033728999998981,2
64,1771402756706,-0.004043870999999999,0.0037390704,0.0006033728999998981,2
65,1771402756709,-0.004043870999999999,0.0037390704,0.0006033728999998981,2
66,1771402756711,-0.004098470999999999,0.0036415703999999995,0.0005565728999998846,2
67,1771402756713,-0.004098470999999999,0.0036415703999999995,0.0005565728999998846,2
68,1771402756716,-0.004098470999999999,0.0036415703999999995,0.0005565728999998846,2
69,1771402756718,-0.004098470999999999,0.0039067704,0.00045517289999996637,2
70,1771402756720,-0.004067271000000001,0.0039067704,0.00045517289999996637,2
71,1771402756723,-0.004067271000000001,0.0039067704,0.00045517289999996637,2
72,1771402756725,-0.004067271000000001,0.0039067704,0.00045517289999996637,2
73,1771402756728,-0.0042193709999999995,0.0038950703999999997,0.0001431728999999874,2
74,1771402756730,-0.0042193709999999995,0.0038950703999999997,0.0001431728999999874,2
75,1771402756732,-0.0042193709999999995,0.0038950703999999997,0.0001431728999999874,2
76,1771402756735,-0.003837171,0.0037351703999999996,0.0005799729000000024,2
77,1771402756737,-0.003837171,0.0037351703999999996,0.0005799729000000024,2
78,1771402756739,-0.003837171,0.0037351703999999996,0.0005799729000000024,2
79,1771402756742,-0.003837171,0.0038794703999999996,0.000615072900000068,2
80,1771402756744,-0.004188170999999999,0.0038794703999999996,0.000615072900000068,2
81,1771402756746,-0.004188170999999999,0.0038794703999999996,0.000615072900000068,2
82,1771402756749,-0.004188170999999999,0.0038794703999999996,0.000615072900000068,2
83,1771402756751,-0.003954170999999999,0.0037390704,0.0006813728999999206,2
84,1771402756753,-0.003954170999999999,0.0037390704,0.0006813728999999206,2
85,1771402756756,-0.003954170999999999,0.0037390704,0.0006813728999999206,2
86,1771402756758,-0.0042310709999999994,0.0037429704,0.0006813728999999206,2
87,1771402756761,-0.0042310709999999994,0.0037429704,0.0006813728999999206,2
88,1771402756763,-0.0042310709999999994,0.0037429704,0.0006813728999999206,2
89,1771402756765,-0.0042310709999999994,0.0037429704,0.00035377290000004815,2
90,1771402756768,-0.004110170999999999,0.0037195703999999994,0.00035377290000004815,2
91,1771402756770,-0.004110170999999999,0.0037195703999999994,0.00035377290000004815,2
92,1771402756772,-0.004110170999999999,0.0037195703999999994,0.00035377290000004815,2
93,1771402756775,-0.003993171,0.0038599704,0.0007476728999999952,2
94,1771402756777,-0.003993171,0.0038599704,0.0007476728999999952,2
95,1771402756780,-0.003993171,0.0038599704,0.0007476728999999952,2
96,1771402756782,-0.004340271,0.0040783704,0.0002562728999999645,2
97,1771402756784,-0.004340271,0.0040783704,0.0002562728999999645,2
98,1771402756787,-0.004340271,0.0040783704,0.0002562728999999645,2
99,1771402756789,-0.004340271,0.0040783704,0.00047857290000008414,2
100,1771402756791,-0.0038839710000000004,0.0039262704,0.00047857290000008414,2
101,1771402756794,-0.0038839710000000004,0.0039262704,0.00047857290000008414,2
102,1771402756796,-0.0038839710000000004,0.0039262704,0.00047857290000008414,2
103,1771402756798,-0.004266170999999999,0.0038716704,9.24729000000283e-05,2
104,1771402756801,-0.004266170999999999,0.0038716704,9.24729000000283e-05,2
105,1771402756803,-0.004266170999999999,0.0038716704,9.24729000000283e-05,2
106,1771402756806,-0.0038332709999999996,0.0039301703999999995,0.0007788729000000042,2
107,1771402756808,-0.0038332709999999996,0.0039301703999999995,0.0007788729000000042,2
108,1771402756810,-0.0038332709999999996,0.0039301703999999995,0.0007788729000000042,2
109,1771402756813,-0.0038332709999999996,0.0039301703999999995,0.00016657289999999416,2
110,1771402756815,-0.0044416709999999995,0.004008170399999999,0.00016657289999999416,2
111,1771402756817,-0.0044416709999999995,0.004008170399999999,0.00016657289999999416,2
112,1771402756827,-0.0044416709999999995,0.004008170399999999,0.00016657289999999416,2
113,1771402756829,-0.004320770999999999,0.003969170399999999,5.7372899999962664e-05,2
114,1771402756831,-0.004320770999999999,0.003969170399999999,5.7372899999962664e-05,2
115,1771402756834,-0.004320770999999999,0.003969170399999999,5.7372899999962664e-05,2
116,1771402756836,-0.004320770999999999,0.003969170399999999,5.7372899999962664e-05,2
117,1771402756838,-0.003770871,0.0040120704,0.0007125728999999296,2
118,1771402756841,-0.003770871,0.0040120704,0.0007125728999999296,2
119,1771402756843,-0.003770871,0.0040120704,0.0007125728999999296,2
120,1771402756846,-0.004192071,0.0038872704,0.00047857290000008414,2
121,1771402756848,-0.004192071,0.0038872704,0.00047857290000008414,2
122,1771402756850,-0.004192071,0.0038872704,0.00047857290000008414,2
123,1771402756853,-0.0038839710000000004,0.0037663704,0.0006969728999999251,2
124,1771402756855,-0.0038839710000000004,0.0037663704,0.0006969728999999251,2
0,1771402756866,-0.0041686710000000005,0.003941870399999999,0.0005370729000000455,2
1,1771402756869,-0.0040750709999999996,0.0039574703999999995,0.00048247289999991873,2
2,1771402756871,-0.0040750709999999996,0.0039574703999999995,0.00048247289999991873,2
3,1771402756873,-0.0040750709999999996,0.0039574703999999995,0.00048247289999991873,2
4,1771402756876,-0.0040750709999999996,0.0039574703999999995,0.000365472899999996,2
5,1771402756878,-0.004016571,0.0038638703999999994,0.000365472899999996,2
6,1771402756880,-0.004016571,0.0038638703999999994,0.000365472899999996,2
7,1771402756883,-0.004016571,0.0038638703999999994,0.000365472899999996,2
8,1771402756885,-0.004301271000000001,0.0038638703999999994,0.0002874728999999735,2
9,1771402756888,-0.004301271000000001,0.0038638703999999994,0.0002874728999999735,2
10,1771402756890,-0.004301271000000001,0.0038638703999999994,0.0002874728999999735,2
11,1771402756892,-0.003965870999999999,0.0039028703999999994,0.0006735729000000294,2
12,1771402756895,-0.003965870999999999,0.0039028703999999994,0.0006735729000000294,2
13,1771402756897,-0.003965870999999999,0.0039028703999999994,0.0006735729000000294,2
14,1771402756899,-0.003965870999999999,0.0039028703999999994,0.00026407289999996677,2
15,1771402756902,-0.004137471,0.0040510704,0.00026407289999996677,2
16,1771402756904,-0.004137471,0.0040510704,0.00026407289999996677,2
17,1771402756907,-0.004137471,0.0040510704,0.00026407289999996677,2
18,1771402756909,-0.003954170999999999,0.0038404703999999996,0.0009582728999999449,2
19,1771402756911,-0.003954170999999999,0.0038404703999999996,0.0009582728999999449,2
20,1771402756914,-0.003954170999999999,0.0038404703999999996,0.0009582728999999449,2
21,1771402756916,-0.004316871,0.0038989704,0.00035767289999988274,2
22,1771402756919,-0.004316871,0.0038989704,0.00035767289999988274,2
23,1771402756921,-0.004316871,0.0038989704,0.00035767289999988274,2
24,1771402756923,-0.004316871,0.0038287703999999997,0.000490272900000032,2
25,1771402756926,-0.003938571,0.0038287703999999997,0.000490272900000032,2
26,1771402756928,-0.003938571,0.0038287703999999997,0.000490272900000032,2
27,1771402756930,-0.003938571,0.0038287703999999997,0.000490272900000032,2
28,1771402756933,-0.004406571,0.0040393704,0.00024457290000001665,2
29,1771402756935,-0.004406571,0.0040393704,0.00024457290000001665,2
30,1771402756938,-0.004406571,0.0040393704,0.00024457290000001665,2
31,1771402756940,-0.004078971000000001,0.0039925704,0.0008022728999998999,2
32,1771402756942,-0.004078971000000001,0.0039925704,0.0008022728999998999,2
33,1771402756945,-0.004078971000000001,0.0039925704,0.0008022728999998999,2
34,1771402756947,-0.004078971000000001,0.0039925704,0.00043957289999996187,2
35,1771402756949,-0.0042973709999999995,0.0039925704,0.00043957289999996187,2
36,1771402756952,-0.0042973709999999995,0.0039925704,0.00043957289999996187,2
37,1771402756954,-0.0042973709999999995,0.0039925704,0.00043957289999996187,2
38,1771402756956,-0.0038059709999999996,0.0038716704,0.00045517289999996637,2
39,1771402756959,-0.0038059709999999996,0.0038716704,0.00045517289999996637,2
40,1771402756961,-0.0038059709999999996,0.0038716704,0.00045517289999996637,2
41,1771402756964,-0.004188170999999999,0.0037780704,0.000334272899999987,2
42,1771402756966,-0.004188170999999999,0.0037780704,0.000334272899999987,2
43,1771402756968,-0.004188170999999999,0.0037780704,0.000334272899999987,2
44,1771402756971,-0.004188170999999999,0.0038014703999999996,0.00041617290000006614,2
45,1771402756973,-0.003950271,0.0038014703999999996,0.00041617290000006614,2
46,1771402756975,-0.003950271,0.0038014703999999996,0.00041617290000006614,2
47,1771402756978,-0.003950271,0.0038014703999999996,0.00041617290000006614,2
48,1771402756980,-0.004192071,0.0038872704,0.00043567289999990523,2
49,1771402756982,-0.004192071,0.0038872704,0.00043567289999990523,2
50,1771402756985,-0.004192071,0.0038872704,0.00043567289999990523,2
51,1771402756987,-0.004277871000000001,0.0038599704,0.0003498728999999915,2
52,1771402756990,-0.004277871000000001,0.0038599704,0.0003498728999999915,2
53,1771402756992,-0.004277871000000001,0.0038599704,0.0003498728999999915,2
54,1771402756994,-0.004277871000000001,0.0038599704,0.0006072728999999547,2
55,1771402756997,-0.0039580710000000005,0.0037780704,0.0006072728999999547,2
56,1771402756999,-0.0039580710000000005,0.0037780704,0.0006072728999999547,2
57,1771402757001,-0.0039580710000000005,0.0037780704,0.0006072728999999547,2
58,1771402757004,-0.004387070999999999,0.0039925704,-0.0001766270999999938,2
59,1771402757006,-0.004387070999999999,0.0039925704,-0.0001766270999999938,2
60,1771402757009,-0.004387070999999999,0.0039925704,-0.0001766270999999938,2
61,1771402757011,-0.003642171,0.0038248703999999994,0.0007593728999999431,2
62,1771402757013,-0.003642171,0.0038248703999999994,0.0007593728999999431,2
63,1771402757019,-0.004324671,0.0041056704,-4.402710000006658e-05,2
64,1771402757021,-0.004324671,0.0041056704,-4.402710000006658e-05,2
65,1771402757024,-0.004324671,0.0041056704,-4.402710000006658e-05,2
66,1771402757026,-0.004324671,0.0037585703999999994,0.0006930729000000905,2
67,1771402757028,-0.003587571,0.0037585703999999994,0.0006930729000000905,2
68,1771402757031,-0.003587571,0.0037585703999999994,0.0006930729000000905,2
69,1771402757033,-0.003587571,0.0037585703999999994,0.0006930729000000905,2
70,1771402757035,-0.0045235710000000005,0.004047170399999999,0.00013147289999992852,2
71,1771402757038,-0.0045235710000000005,0.004047170399999999,0.00013147289999992852,2
72,1771402757040,-0.0045235710000000005,0.004047170399999999,0.00013147289999992852,2
73,1771402757042,-0.003837171,0.0037000704,0.0007749728999999476,2
74,1771402757045,-0.003837171,0.0037000704,0.0007749728999999476,2
75,1771402757047,-0.003837171,0.0037000704,0.0007749728999999476,2
76,1771402757050,-0.003837171,0.0037000704,0.00017047289999993977,2
77,1771402757052,-0.004394871,0.0038209704,0.00017047289999993977,2
78,1771402757054,-0.004394871,0.0038209704,0.00017047289999993977,2
79,1771402757057,-0.004394871,0.0038209704,0.00017047289999993977,2
80,1771402757059,-0.003852771,0.0037273704,0.00029137290000003015,2
81,1771402757061,-0.003852771,0.0037273704,0.00029137290000003015,2
82,1771402757064,-0.003852771,0.0037273704,0.00029137290000003015,2
83,1771402757066,-0.004371471,0.0039379704,0.00027577290000002565,2
84,1771402757069,-0.004371471,0.0039379704,0.00027577290000002565,2
85,1771402757071,-0.004371471,0.0039379704,0.00027577290000002565,2
86,1771402757073,-0.004371471,0.0039379704,0.0002952729000000868,2
87,1771402757076,-0.0041686710000000005,0.0038287703999999997,0.0002952729000000868,2
88,1771402757078,-0.0041686710000000005,0.0038287703999999997,0.0002952729000000868,2
89,1771402757080,-0.0041686710000000005,0.0038287703999999997,0.0002952729000000868,2
90,1771402757083,-0.004184271,0.0038482704,0.0003927728999999484,2
91,1771402757085,-0.004184271,0.0038482704,0.0003927728999999484,2
92,1771402757087,-0.004184271,0.0038482704,0.0003927728999999484,2
93,1771402757090,-0.004227171,0.0040354703999999995,0.00014707289999993302,2
94,1771402757092,-0.004227171,0.0040354703999999995,0.00014707289999993302,2
95,1771402757095,-0.004227171,0.0040354703999999995,0.00014707289999993302,2
96,1771402757097,-0.004227171,0.0040354703999999995,0.0005370729000000455,2
97,1771402757099,-0.0038722709999999996,0.0039301703999999995,0.0005370729000000455,2
98,1771402757102,-0.0038722709999999996,0.0039301703999999995,0.0005370729000000455,2
99,1771402757104,-0.0038722709999999996,0.0039301703999999995,0.0005370729000000455,2
100,1771402757106,-0.004316871,0.0040822704,2.2272900000008052e-05,2
101,1771402757109,-0.004316871,0.0040822704,2.2272900000008052e-05,2
102,1771402757111,-0.004316871,0.0040822704,2.2272900000008052e-05,2
103,1771402757113,-0.0037825709999999998,0.0039184703999999996,0.0009582728999999449,2
104,1771402757116,-0.0037825709999999998,0.0039184703999999996,0.0009582728999999449,2
105,1771402757118,-0.0037825709999999998,0.0039184703999999996,0.0009582728999999449,2
106,1771402757121,-0.0037825709999999998,0.0039184703999999996,6.6729000000035526e-06,2
107,1771402757123,-0.004402671,0.0040744703999999994,6.6729000000035526e-06,2
108,1771402757125,-0.004402671,0.0040744703999999994,6.6729000000035526e-06,2
109,1771402757135,-0.0038722709999999996,0.0038170704,0.0003771728999999439,2
110,1771402757137,-0.004367571000000001,0.0040042704,3.787290000001255e-05,2
111,1771402757139,-0.004367571000000001,0.0040042704,3.787290000001255e-05,2
112,1771402757142,-0.004367571000000001,0.0040042704,3.787290000001255e-05,2
113,1771402757144,-0.004367571000000001,0.0040042704,3.787290000001255e-05,2
114,1771402757146,-0.003735771,0.0038170704,0.0011805729000000644,2
115,1771402757149,-0.003735771,0.0038170704,0.0011805729000000644,2
116,1771402757151,-0.003735771,0.0038170704,0.0011805729000000644,2
117,1771402757153,-0.004164770999999999,0.003941870399999999,6.12729000000193e-05,2
118,1771402757156,-0.004164770999999999,0.003941870399999999,6.12729000000193e-05,2
119,1771402757158,-0.004164770999999999,0.003941870399999999,6.12729000000193e-05,2
120,1771402757161,-0.003825471,0.0037312703999999993,0.000646272900000077,2
121,1771402757163,-0.003825471,0.0037312703999999993,0.000646272900000077,2
122,1771402757176,-0.004383171,0.0039067704,0.0003186728999999825,2
123,1771402757179,-0.004125771,0.0039067704,0.0003186728999999825,2
124,1771402757181,-0.004125771,0.0039067704,0.0003186728999999825,2
0,1771402757193,-0.004215471,0.0037585703999999994,0.0001587728999999919,2
1,1771402757195,-0.004215471,0.0037585703999999994,0.0001587728999999919,2
2,1771402757197,-0.004215471,0.0037585703999999994,0.0001587728999999919,2
3,1771402757200,-0.004215471,0.0037663704,0.0007320728999999907,2
4,1771402757202,-0.003989271000000001,0.0037663704,0.0007320728999999907,2
5,1771402757205,-0.003989271000000001,0.0037663704,0.0007320728999999907,2
6,1771402757207,-0.003989271000000001,0.0037663704,0.0007320728999999907,2
7,1771402757209,-0.004316871,0.0040315704,0.00027967289999997127,2
8,1771402757212,-0.004316871,0.0040315704,0.00027967289999997127,2
9,1771402757214,-0.004316871,0.0040315704,0.00027967289999997127,2
10,1771402757216,-0.0039580710000000005,0.0037156704,0.0007788729000000042,2
11,1771402757219,-0.0039580710000000005,0.0037156704,0.0007788729000000042,2
12,1771402757221,-0.0039580710000000005,0.0037156704,0.0007788729000000042,2
13,1771402757224,-0.0039580710000000005,0.0039496704,-7.132710000001894e-05,2
14,1771402757226,-0.004398770999999999,0.0039496704,-7.132710000001894e-05,2
15,1771402757228,-0.004398770999999999,0.0039496704,-7.132710000001894e-05,2
16,1771402757231,-0.004398770999999999,0.0039496704,-7.132710000001894e-05,2
17,1771402757233,-0.0037903710000000003,0.0036298703999999996,0.0009309728999999926,2
18,1771402757235,-0.0037903710000000003,0.0036298703999999996,0.0009309728999999926,2
19,1771402757238,-0.0037903710000000003,0.0036298703999999996,0.0009309728999999926,2
20,1771402757240,-0.004648371,0.003941870399999999,-5.5727100000014444e-05,2
21,1771402757242,-0.004648371,0.003941870399999999,-5.5727100000014444e-05,2
22,1771402757245,-0.004648371,0.003941870399999999,-5.5727100000014444e-05,2
23,1771402757247,-0.004648371,0.0035791703999999997,0.0005019728999999799,2
24,1771402757250,-0.003809871,0.0035791703999999997,0.0005019728999999799,2
25,1771402757252,-0.003809871,0.0035791703999999997,0.0005019728999999799,2
26,1771402757254,-0.003809871,0.0035791703999999997,0.0005019728999999799,2
27,1771402757257,-0.0045079709999999995,0.004008170399999999,0.0001743728999999964,2
28,1771402757259,-0.0045079709999999995,0.004008170399999999,0.0001743728999999964,2
29,1771402757261,-0.0045079709999999995,0.004008170399999999,0.0001743728999999964,2
30,1771402757264,-0.003786471,0.0038326704,0.0002211729000000099,2
31,1771402757266,-0.003786471,0.0038326704,0.0002211729000000099,2
32,1771402757268,-0.003786471,0.0038326704,0.0002211729000000099,2
33,1771402757271,-0.003786471,0.0039262704,0.0006267729000000159,2
34,1771402757273,-0.004270071,0.0039262704,0.0006267729000000159,2
35,1771402757276,-0.004270071,0.0039262704,0.0006267729000000159,2
36,1771402757278,-0.004270071,0.0039262704,0.0006267729000000159,2
37,1771402757280,-0.004188170999999999,0.0037702703999999993,5.347290000001705e-05,2
38,1771402757283,-0.004188170999999999,0.0037702703999999993,5.347290000001705e-05,2
39,1771402757285,-0.004188170999999999,0.0037702703999999993,5.347290000001705e-05,2
40,1771402757287,-0.003969771,0.0036493704,0.0008490728999999134,2
41,1771402757290,-0.003969771,0.0036493704,0.0008490728999999134,2
42,1771402757292,-0.003969771,0.0036493704,0.0008490728999999134,2
43,1771402757294,-0.003969771,0.0039301703999999995,-9.472710000002569e-05,2
44,1771402757297,-0.004383171,0.0039301703999999995,-9.472710000002569e-05,2
45,1771402757299,-0.004383171,0.0039301703999999995,-9.472710000002569e-05,2
46,1771402757302,-0.004383171,0.0039301703999999995,-9.472710000002569e-05,2
47,1771402757304,-0.003743571,0.0037273704,0.0010947728999999287,2
48,1771402757306,-0.003743571,0.0037273704,0.0010947728999999287,2
49,1771402757309,-0.003743571,0.0037273704,0.0010947728999999287,2
50,1771402757311,-0.004511871000000001,0.0040276704,-0.0001142270999999758,2
51,1771402757313,-0.004511871000000001,0.0040276704,-0.0001142270999999758,2
52,1771402757316,-0.004511871000000001,0.0040276704,-0.0001142270999999758,2
53,1771402757318,-0.004511871000000001,0.0040276704,0.0005916728999999502,2
54,1771402757320,-0.003747471,0.0037351703999999996,0.0005916728999999502,2
55,1771402757323,-0.003747471,0.0037351703999999996,0.0005916728999999502,2
56,1771402757325,-0.003747471,0.0037351703999999996,0.0005916728999999502,2
57,1771402757327,-0.004488471000000001,0.0040783704,-5.5727100000014444e-05,2
58,1771402757330,-0.004488471000000001,0.0040783704,-5.5727100000014444e-05,2
59,1771402757332,-0.004488471000000001,0.0040783704,-5.5727100000014444e-05,2
60,1771402757335,-0.0036109709999999997,0.0037897703999999997,0.0008412729000000222,2
61,1771402757337,-0.0036109709999999997,0.0037897703999999997,0.0008412729000000222,2
62,1771402757339,-0.0036109709999999997,0.0037897703999999997,0.0008412729000000222,2
63,1771402757342,-0.0036109709999999997,0.0037897703999999997,-1.2827100000057583e-05,2
64,1771402757344,-0.004320770999999999,0.004113470399999999,-1.2827100000057583e-05,2
65,1771402757346,-0.004320770999999999,0.004113470399999999,-1.2827100000057583e-05,2
66,1771402757349,-0.004320770999999999,0.004113470399999999,-1.2827100000057583e-05,2
67,1771402757351,-0.003626571,0.0037936704,0.0006579729000000249,2
68,1771402757353,-0.003626571,0.0037936704,0.0006579729000000249,2
69,1771402757356,-0.003626571,0.0037936704,0.0006579729000000249,2
70,1771402757358,-0.0044416709999999995,0.0039769704,0.00016267289999993752,2
71,1771402757361,-0.0044416709999999995,0.0039769704,0.00016267289999993752,2
72,1771402757363,-0.0044416709999999995,0.0039769704,0.00016267289999993752,2
73,1771402757365,-0.0044416709999999995,0.0039769704,0.0006579729000000249,2
74,1771402757368,-0.003774771,0.0038170704,0.0006579729000000249,2
75,1771402757370,-0.003774771,0.0038170704,0.0006579729000000249,2
76,1771402757372,-0.003774771,0.0038170704,0.0006579729000000249,2
77,1771402757375,-0.004344171000000001,0.0040354703999999995,0.0004122729000000095,2
78,1771402757377,-0.004344171000000001,0.0040354703999999995,0.0004122729000000095,2
79,1771402757380,-0.004344171000000001,0.0040354703999999995,0.0004122729000000095,2
80,1771402757382,-0.0038956710000000003,0.0038599704,0.00036937290000005265,2
81,1771402757384,-0.0038956710000000003,0.0038599704,0.00036937290000005265,2
82,1771402757387,-0.0038956710000000003,0.0038599704,0.00036937290000005265,2
83,1771402757389,-0.0038956710000000003,0.0038599704,0.0005760728999999457,2
84,1771402757391,-0.004106271,0.0040666704,0.0005760728999999457,2
85,1771402757394,-0.004106271,0.0040666704,0.0005760728999999457,2
86,1771402757396,-0.004106271,0.0040666704,0.0005760728999999457,2
87,1771402757398,-0.004215471,0.0040432704,9.24729000000283e-05,2
88,1771402757401,-0.004215471,0.0040432704,9.24729000000283e-05,2
89,1771402757403,-0.004215471,0.0040432704,9.24729000000283e-05,2
90,1771402757406,-0.003891771,0.0037507703999999998,0.0006189728999999026,2
91,1771402757408,-0.003891771,0.0037507703999999998,0.0006189728999999026,2
92,1771402757410,-0.003891771,0.0037507703999999998,0.0006189728999999026,2
93,1771402757413,-0.003891771,0.0037507703999999998,-0.0001766270999999938,2
94,1771402757419,-0.004406571,0.0039535704,-0.0001766270999999938,2
95,1771402757421,-0.0038878709999999998,0.0036922703999999994,0.0006189728999999026,2
96,1771402757423,-0.0038878709999999998,0.0036922703999999994,0.0006189728999999026,2
97,1771402757426,-0.0038878709999999998,0.0036922703999999994,0.0006189728999999026,2
98,1771402757428,-0.0038878709999999998,0.0036922703999999994,0.0006189728999999026,2
99,1771402757430,-0.004418271,0.0039964703999999995,0.0001431728999999874,2
100,1771402757433,-0.004418271,0.0039964703999999995,0.0001431728999999874,2
101,1771402757442,-0.003930771,0.0037702703999999993,0.0006228728999999592,2
102,1771402757444,-0.003930771,0.0037702703999999993,-6.35271000000167e-05,2
103,1771402757447,-0.004351971,0.0042031704,-6.35271000000167e-05,2
104,1771402757449,-0.004351971,0.0042031704,-6.35271000000167e-05,2
105,1771402757452,-0.004351971,0.0042031704,-6.35271000000167e-05,2
106,1771402757454,-0.0037162709999999997,0.0037429704,0.00043567289999990523,2
107,1771402757457,-0.0037162709999999997,0.0037429704,0.00043567289999990523,2
108,1771402757459,-0.0037162709999999997,0.0037429704,0.00043567289999990523,2
109,1771402757462,-0.004476770999999999,0.0039184703999999996,0.00035767289999988274,2
110,1771402757464,-0.004476770999999999,0.0039184703999999996,0.00035767289999988274,2
111,1771402757466,-0.004476770999999999,0.0039184703999999996,0.00035767289999988274,2
112,1771402757469,-0.003915171,0.0037195703999999994,0.0005682729000000545,2
113,1771402757471,-0.003915171,0.0037195703999999994,0.0005682729000000545,2
114,1771402757473,-0.003915171,0.0037195703999999994,0.0005682729000000545,2
115,1771402757476,-0.003915171,0.0037195703999999994,0.00046687289999991423,2
116,1771402757478,-0.004492371,0.0038677703999999997,0.00046687289999991423,2
117,1771402757480,-0.004492371,0.0038677703999999997,0.00046687289999991423,2
118,1771402757483,-0.004492371,0.0038677703999999997,0.00046687289999991423,2
119,1771402757485,-0.003903471,0.0039301703999999995,0.00044737290000007514,2
120,1771402757488,-0.003903471,0.0039301703999999995,0.00044737290000007514,2
121,1771402757490,-0.003903471,0.0039301703999999995,0.00044737290000007514,2
122,1771402757492,-0.004207671,0.0038950703999999997,0.0005721728999998891,2
123,1771402757495,-0.004207671,0.0038950703999999997,0.0005721728999998891,2
124,1771402757497,-0.004207671,0.0038950703999999997,0.0005721728999998891,2
0,1771402757536,-0.004387070999999999,0.0040705704,0.00027967289999997127,2
1,1771402757539,-0.004387070999999999,0.0040705704,0.00027967289999997127,2
2,1771402757541,-0.003708471,0.0038872704,0.0006267729000000159,2
3,1771402757544,-0.003708471,0.0038872704,0.0006267729000000159,2
4,1771402757546,-0.003708471,0.0038872704,0.0006267729000000159,2
5,1771402757548,-0.004398770999999999,0.0040276704,3.3972899999955915e-05,2
6,1771402757551,-0.004398770999999999,0.0040276704,3.3972899999955915e-05,2
7,1771402757553,-0.004398770999999999,0.0040276704,3.3972899999955915e-05,2
8,1771402757555,-0.0038995709999999997,0.0038092704,0.00045517289999996637,2
9,1771402757558,-0.0038995709999999997,0.0038092704,0.00045517289999996637,2
10,1771402757560,-0.0038995709999999997,0.0038092704,0.00045517289999996637,2
11,1771402757562,-0.0038995709999999997,0.0038092704,0.00045517289999996637,2
12,1771402757565,-0.004199871000000001,0.0038755703999999993,2.6172899999953665e-05,2
13,1771402757567,-0.004199871000000001,0.0038755703999999993,2.6172899999953665e-05,2
14,1771402757570,-0.004199871000000001,0.0038755703999999993,2.6172899999953665e-05,2
15,1771402757572,-0.003642171,0.0038677703999999997,0.0008724729000000312,2
16,1771402757574,-0.003642171,0.0038677703999999997,0.0008724729000000312,2
17,1771402757577,-0.003642171,0.0038677703999999997,0.0008724729000000312,2
18,1771402757579,-0.004476770999999999,0.0040588704,0.00021727289999995327,2
19,1771402757581,-0.004476770999999999,0.0040588704,0.00021727289999995327,2
20,1771402757584,-0.004476770999999999,0.0040588704,0.00021727289999995327,2
21,1771402757586,-0.004476770999999999,0.0040588704,0.00021727289999995327,2
22,1771402757588,-0.0039424709999999995,0.0037468703999999995,0.00036937290000005265,2
23,1771402757591,-0.0039424709999999995,0.0037468703999999995,0.00036937290000005265,2
24,1771402757593,-0.0039424709999999995,0.0037468703999999995,0.00036937290000005265,2
25,1771402757596,-0.004137471,0.0038170704,0.00055267290000005,2
26,1771402757598,-0.004137471,0.0038170704,0.00055267290000005,2
27,1771402757600,-0.004137471,0.0038170704,0.00055267290000005,2
28,1771402757603,-0.0040243710000000005,0.0037936704,0.0005253728999998756,2
29,1771402757605,-0.0040243710000000005,0.0037936704,0.0005253728999998756,2
30,1771402757607,-0.0040243710000000005,0.0037936704,0.0005253728999998756,2
31,1771402757610,-0.0040243710000000005,0.0037936704,0.0005253728999998756,2
32,1771402757612,-0.004266170999999999,0.0038911703999999995,0.000583872900000059,2
33,1771402757614,-0.004266170999999999,0.0038911703999999995,0.000583872900000059,2
34,1771402757617,-0.004266170999999999,0.0038911703999999995,0.000583872900000059,2
35,1771402757619,-0.0040867709999999995,0.0038950703999999997,0.00018607289999994427,2
36,1771402757622,-0.0040867709999999995,0.0038950703999999997,0.00018607289999994427,2
37,1771402757624,-0.0040867709999999995,0.0038950703999999997,0.00018607289999994427,2
38,1771402757626,-0.0040867709999999995,0.0036220704,0.0005721728999998891,2
39,1771402757629,-0.004110170999999999,0.0036220704,0.0005721728999998891,2
40,1771402757631,-0.004110170999999999,0.0036220704,0.0005721728999998891,2
41,1771402757633,-0.004110170999999999,0.0036220704,0.0005721728999998891,2
42,1771402757636,-0.0042973709999999995,0.0040783704,0.00015487289999993527,2
43,1771402757638,-0.0042973709999999995,0.0040783704,0.00015487289999993527,2
44,1771402757640,-0.0042973709999999995,0.0040783704,0.00015487289999993527,2
45,1771402757643,-0.003922971000000001,0.0037624703999999997,0.00044737290000007514,2
46,1771402757645,-0.003922971000000001,0.0037624703999999997,0.00044737290000007514,2
47,1771402757648,-0.003922971000000001,0.0037624703999999997,0.00044737290000007514,2
48,1771402757650,-0.003922971000000001,0.0038443704,-6.35271000000167e-05,2
49,1771402757652,-0.004371471,0.0038443704,-6.35271000000167e-05,2
50,1771402757655,-0.004371471,0.0038443704,-6.35271000000167e-05,2
51,1771402757657,-0.004371471,0.0038443704,-6.35271000000167e-05,2
52,1771402757660,-0.0040087709999999995,0.0037936704,0.0009621729000000016,2
53,1771402757662,-0.0040087709999999995,0.0037936704,0.0009621729000000016,2
54,1771402757664,-0.0040087709999999995,0.0037936704,0.0009621729000000016,2
55,1771402757667,-0.004472871,0.0041875704,-5.027100000055333e-06,2
56,1771402757669,-0.004472871,0.0041875704,-5.027100000055333e-06,2
57,1771402757672,-0.004472871,0.0041875704,-5.027100000055333e-06,2
58,1771402757674,-0.003786471,0.0036220704,0.00047077289999997087,2
59,1771402757676,-0.003786471,0.0036220704,0.00047077289999997087,2
60,1771402757679,-0.003786471,0.0036220704,0.00047077289999997087,2
61,1771402757681,-0.003786471,0.0036220704,0.00047077289999997087,2
62,1771402757683,-0.004492371,0.0040003704,0.0003459728999999349,2
63,1771402757686,-0.004492371,0.0040003704,0.0003459728999999349,2
64,1771402757688,-0.004492371,0.0040003704,0.0003459728999999349,2
65,1771402757690,-0.0038605709999999997,0.0037468703999999995,0.0005916728999999502,2
66,1771402757693,-0.0038605709999999997,0.0037468703999999995,0.0005916728999999502,2
67,1771402757695,-0.0038605709999999997,0.0037468703999999995,0.0005916728999999502,2
68,1771402757698,-0.004328571,0.0039535704,0.00034207289999987824,2
69,1771402757714,-0.004215471,0.0038794703999999996,0.0003186728999999825,2
70,1771402757717,-0.004215471,0.0038794703999999996,0.0003186728999999825,2
71,1771402757719,-0.004215471,0.0038794703999999996,0.0003186728999999825,2
72,1771402757722,-0.004121870999999999,0.0040198704,0.0006345728999999071,2
73,1771402757725,-0.004121870999999999,0.0040198704,0.0006345728999999071,2
74,1771402757727,-0.004121870999999999,0.0040198704,0.0006345728999999071,2
75,1771402757730,-0.0041530709999999995,0.0037741703999999996,0.00042397289999995737,2
76,1771402757732,-0.0041530709999999995,0.0037741703999999996,0.00042397289999995737,2
77,1771402757735,-0.0041530709999999995,0.0037741703999999996,0.00042397289999995737,2
78,1771402757737,-0.004383171,0.0037819704,6.907290000002155e-05,2
79,1771402757740,-0.004383171,0.0037819704,6.907290000002155e-05,2
80,1771402757745,-0.004172571,0.0038248703999999994,0.0006501728999999116,2
81,1771402757747,-0.004172571,0.0038248703999999994,0.0006501728999999116,2
82,1771402757750,-0.004172571,0.0038248703999999994,0.0006501728999999116,2
83,1771402757753,-0.004172571,0.0041173704,0.00024457290000001665,2
84,1771402757755,-0.004262271,0.0041173704,0.00024457290000001665,2
85,1771402757757,-0.004262271,0.0041173704,0.00024457290000001665,2
86,1771402757760,-0.004262271,0.0041173704,0.00024457290000001665,2
87,1771402757762,-0.004020470999999999,0.0036688703999999996,0.0003771728999999439,2
88,1771402757764,-0.004020470999999999,0.0036688703999999996,0.0003771728999999439,2
89,1771402757767,-0.004020470999999999,0.0036688703999999996,0.0003771728999999439,2
90,1771402757769,-0.0044572710000000005,0.0040588704,0.0003459728999999349,2
91,1771402757771,-0.0044572710000000005,0.0040588704,0.0003459728999999349,2
92,1771402757774,-0.0044572710000000005,0.0040588704,0.0003459728999999349,2
93,1771402757776,-0.0044572710000000005,0.0038716704,0.0001431728999999874,2
94,1771402757779,-0.003919071,0.0038716704,0.0001431728999999874,2
95,1771402757781,-0.003919071,0.0038716704,0.0001431728999999874,2
96,1771402757783,-0.003919071,0.0038716704,0.0001431728999999874,2
97,1771402757786,-0.004082871,0.0038326704,0.00046687289999991423,2
98,1771402757788,-0.004082871,0.0038326704,0.00046687289999991423,2
99,1771402757790,-0.004082871,0.0038326704,0.00046687289999991423,2
100,1771402757793,-0.004270071,0.0038989704,0.0005682729000000545,2
101,1771402757795,-0.004270071,0.0038989704,0.0005682729000000545,2
102,1771402757797,-0.004270071,0.0038989704,0.0005682729000000545,2
103,1771402757800,-0.004270071,0.0037312703999999993,0.0006501728999999116,2
104,1771402757802,-0.004195971,0.0037312703999999993,0.0006501728999999116,2
105,1771402757805,-0.004195971,0.0037312703999999993,0.0006501728999999116,2
106,1771402757807,-0.004195971,0.0037312703999999993,0.0006501728999999116,2
107,1771402757809,-0.0038995709999999997,0.0038404703999999996,0.0006735729000000294,2
108,1771402757812,-0.0038995709999999997,0.0038404703999999996,0.0006735729000000294,2
109,1771402757814,-0.0038995709999999997,0.0038404703999999996,0.0006735729000000294,2
110,1771402757816,-0.004117971,0.0039886704,0.0005409728999998801,2
111,1771402757819,-0.004117971,0.0039886704,0.0005409728999998801,2
112,1771402757821,-0.004117971,0.0039886704,0.0005409728999998801,2
113,1771402757823,-0.004117971,0.0039886704,0.0001275728999999829,2
114,1771402757826,-0.0040243710000000005,0.0038482704,0.0001275728999999829,2
115,1771402757828,-0.0040243710000000005,0.0038482704,0.0001275728999999829,2
116,1771402757831,-0.0040243710000000005,0.0038482704,0.0001275728999999829,2
117,1771402757833,-0.004223271000000001,0.0039379704,0.0005604728999999412,2
118,1771402757835,-0.004223271000000001,0.0039379704,0.0005604728999999412,2
119,1771402757838,-0.004223271000000001,0.0039379704,0.0005604728999999412,2
120,1771402757840,-0.0038605709999999997,0.0039106704,3.00729000000103e-05,2
121,1771402757842,-0.0038605709999999997,0.0039106704,3.00729000000103e-05,2
122,1771402757845,-0.0038605709999999997,0.0039106704,3.00729000000103e-05,2
123,1771402757847,-0.0038605709999999997,0.0037897703999999997,0.00044737290000007514,2
124,1771402757850,-0.004192071,0.0037897703999999997,0.00044737290000007514,2
0,1771402757861,-0.004125771,0.0038794703999999996,0.00024847289999996227,2
1,1771402757863,-0.0040867709999999995,0.0038950703999999997,0.0005643728999999979,2
2,1771402757866,-0.0040867709999999995,0.0038950703999999997,0.0005643728999999979,2
3,1771402757868,-0.0040867709999999995,0.0038950703999999997,0.0005643728999999979,2
4,1771402757871,-0.0040867709999999995,0.0038950703999999997,0.00020947289999995102,2
5,1771402757873,-0.004285671,0.0039769704,0.00020947289999995102,2
6,1771402757875,-0.004285671,0.0039769704,0.00020947289999995102,2
7,1771402757878,-0.004285671,0.0039769704,0.00020947289999995102,2
8,1771402757880,-0.004098470999999999,0.0036220704,0.0005721728999998891,2
9,1771402757882,-0.004098470999999999,0.0036220704,0.0005721728999998891,2
10,1771402757885,-0.004098470999999999,0.0036220704,0.0005721728999998891,2
11,1771402757887,-0.004402671,0.0037702703999999993,0.0002952729000000868,2
12,1771402757889,-0.004402671,0.0037702703999999993,0.0002952729000000868,2
13,1771402757892,-0.004402671,0.0037702703999999993,0.0002952729000000868,2
14,1771402757894,-0.004402671,0.0037702703999999993,0.0002952729000000868,2
15,1771402757897,-0.0036109709999999997,0.0037312703999999993,0.0006501728999999116,2
16,1771402757899,-0.0036109709999999997,0.0037312703999999993,0.0006501728999999116,2
17,1771402757901,-0.0036109709999999997,0.0037312703999999993,0.0006501728999999116,2
18,1771402757904,-0.004301271000000001,0.004125170399999999,0.0001899729000000009,2
19,1771402757906,-0.004301271000000001,0.004125170399999999,0.0001899729000000009,2
20,1771402757909,-0.004301271000000001,0.004125170399999999,0.0001899729000000009,2
21,1771402757911,-0.003926871,0.0038911703999999995,0.0007320728999999907,2
22,1771402757913,-0.003926871,0.0038911703999999995,0.0007320728999999907,2
23,1771402757916,-0.003926871,0.0038911703999999995,0.0007320728999999907,2
24,1771402757918,-0.003926871,0.0038911703999999995,0.00043957289999996187,2
25,1771402757920,-0.004351971,0.0039964703999999995,0.00043957289999996187,2
26,1771402757923,-0.004351971,0.0039964703999999995,0.00043957289999996187,2
27,1771402757925,-0.004351971,0.0039964703999999995,0.00043957289999996187,2
28,1771402757927,-0.0038293710000000003,0.0040393704,0.0001899729000000009,2
29,1771402757930,-0.0038293710000000003,0.0040393704,0.0001899729000000009,2
30,1771402757932,-0.0038293710000000003,0.0040393704,0.0001899729000000009,2
31,1771402757935,-0.004277871000000001,0.0041173704,0.0003615728999999394,2
32,1771402757937,-0.004277871000000001,0.0041173704,0.0003615728999999394,2
33,1771402757939,-0.004277871000000001,0.0041173704,0.0003615728999999394,2
34,1771402757942,-0.004277871000000001,0.0041173704,0.0005331728999999889,2
35,1771402757944,-0.0040867709999999995,0.0039145704,0.0005331728999999889,2
36,1771402757946,-0.0040867709999999995,0.0039145704,0.0005331728999999889,2
37,1771402757949,-0.0040867709999999995,0.0039145704,0.0005331728999999889,2
38,1771402757951,-0.0041803710000000004,0.0038755703999999993,0.0006111729000000114,2
39,1771402757953,-0.0041803710000000004,0.0038755703999999993,0.0006111729000000114,2
40,1771402757956,-0.0041803710000000004,0.0038755703999999993,0.0006111729000000114,2
41,1771402757958,-0.004164770999999999,0.0039964703999999995,-0.00023122710000000955,2
42,1771402757961,-0.004164770999999999,0.0039964703999999995,-0.00023122710000000955,2
43,1771402757963,-0.004164770999999999,0.0039964703999999995,-0.00023122710000000955,2
44,1771402757965,-0.004164770999999999,0.0039964703999999995,0.0006618729000000815,2
45,1771402757968,-0.0037942709999999997,0.0036727704,0.0006618729000000815,2
46,1771402757970,-0.0037942709999999997,0.0036727704,0.0006618729000000815,2
47,1771402757972,-0.0037942709999999997,0.0036727704,0.0006618729000000815,2
48,1771402757975,-0.0042973709999999995,0.0038560703999999998,2.7728999999469166e-06,2
49,1771402757977,-0.0042973709999999995,0.0038560703999999998,2.7728999999469166e-06,2
50,1771402757979,-0.0042973709999999995,0.0038560703999999998,2.7728999999469166e-06,2
51,1771402757982,-0.0038566710000000003,0.0037780704,0.000583872900000059,2
52,1771402757984,-0.0038566710000000003,0.0037780704,0.000583872900000059,2
53,1771402757987,-0.0038566710000000003,0.0037780704,0.000583872900000059,2
54,1771402757989,-0.0038566710000000003,0.0037780704,0.000583872900000059,2
55,1771402757991,-0.004394871,0.0041056704,0.0001587728999999919,2
56,1771402757994,-0.004394871,0.0041056704,0.0001587728999999919,2
57,1771402757996,-0.004394871,0.0041056704,0.0001587728999999919,2
58,1771402757998,-0.003985371,0.0036649704,0.0008178728999999044,2
59,1771402758001,-0.003985371,0.0036649704,0.0008178728999999044,2
60,1771402758003,-0.003985371,0.0036649704,0.0008178728999999044,2
61,1771402758006,-0.004468971,0.0040627703999999995,0.00015487289999993527,2
62,1771402758008,-0.004468971,0.0040627703999999995,0.00015487289999993527,2
63,1771402758010,-0.004468971,0.0040627703999999995,0.00015487289999993527,2
64,1771402758013,-0.004468971,0.0040627703999999995,0.00015487289999993527,2
65,1771402758015,-0.0038722709999999996,0.0037117704,0.0010362728999999673,2
66,1771402758017,-0.0038722709999999996,0.0037117704,0.0010362728999999673,2
67,1771402758020,-0.0038722709999999996,0.0037117704,0.0010362728999999673,2
68,1771402758022,-0.004531370999999999,0.0040315704,-7.132710000001894e-05,2
69,1771402758024,-0.004531370999999999,0.0040315704,-7.132710000001894e-05,2
70,1771402758027,-0.004531370999999999,0.0040315704,-7.132710000001894e-05,2
71,1771402758029,-0.003809871,0.0038248703999999994,0.00043177290000007064,2
72,1771402758031,-0.003809871,0.0038248703999999994,0.00043177290000007064,2
73,1771402758034,-0.003809871,0.0038248703999999994,0.00043177290000007064,2
74,1771402758036,-0.003809871,0.0038248703999999994,0.00043177290000007064,2
75,1771402758039,-0.004472871,0.0038716704,0.000303072899999978,2
76,1771402758041,-0.004472871,0.0038716704,0.000303072899999978,2
77,1771402758043,-0.004472871,0.0038716704,0.000303072899999978,2
78,1771402758046,-0.0037825709999999998,0.0036493704,0.0005136728999999277,2
79,1771402758048,-0.0037825709999999998,0.0036493704,0.0005136728999999277,2
80,1771402758057,-0.0037825709999999998,0.0036493704,0.0005136728999999277,2
81,1771402758059,-0.0042973709999999995,0.0038287703999999997,0.00040837289999995287,2
82,1771402758061,-0.004094571,0.0039067704,0.00033817290000004365,2
83,1771402758064,-0.004094571,0.0039067704,0.00033817290000004365,2
84,1771402758066,-0.004094571,0.0039067704,0.00033817290000004365,2
85,1771402758069,-0.004055570999999999,0.0036727704,0.0003498728999999915,2
86,1771402758071,-0.004055570999999999,0.0036727704,0.0003498728999999915,2
87,1771402758073,-0.004055570999999999,0.0036727704,0.0003498728999999915,2
88,1771402758076,-0.004055570999999999,0.0036727704,0.0003498728999999915,2
89,1771402758078,-0.003965870999999999,0.0037936704,0.00014707289999993302,2
90,1771402758080,-0.003965870999999999,0.0037936704,0.00014707289999993302,2
91,1771402758083,-0.003965870999999999,0.0037936704,0.00014707289999993302,2
92,1771402758085,-0.004063371,0.0038716704,0.0007359729000000474,2
93,1771402758087,-0.004063371,0.0038716704,0.0007359729000000474,2
94,1771402758090,-0.004063371,0.0038716704,0.0007359729000000474,2
95,1771402758092,-0.004063371,0.003969170399999999,-0.0002507271000000707,2
96,1771402758094,-0.004203771,0.003969170399999999,-0.0002507271000000707,2
97,1771402758097,-0.004203771,0.003969170399999999,-0.0002507271000000707,2
98,1771402758099,-0.004203771,0.003969170399999999,-0.0002507271000000707,2
99,1771402758102,-0.003938571,0.0035791703999999997,0.0008256729000000177,2
100,1771402758104,-0.003938571,0.0035791703999999997,0.0008256729000000177,2
101,1771402758106,-0.003938571,0.0035791703999999997,0.0008256729000000177,2
102,1771402758109,-0.004336371,0.0039379704,-5.182710000006883e-05,2
103,1771402758111,-0.004336371,0.0039379704,-5.182710000006883e-05,2
104,1771402758113,-0.004336371,0.0039379704,-5.182710000006883e-05,2
105,1771402758116,-0.004336371,0.0036415703999999995,0.0010362728999999673,2
106,1771402758118,-0.003603171,0.0036415703999999995,0.0010362728999999673,2
107,1771402758120,-0.003603171,0.0036415703999999995,0.0010362728999999673,2
108,1771402758123,-0.003603171,0.0036415703999999995,0.0010362728999999673,2
109,1771402758125,-0.004741971000000001,0.0038521703999999995,0.00020167289999994877,2
110,1771402758128,-0.004741971000000001,0.0038521703999999995,0.00020167289999994877,2
111,1771402758130,-0.004741971000000001,0.0038521703999999995,0.00020167289999994877,2
112,1771402758133,-0.003809871,0.0035986704,0.0006423729000000204,2
113,1771402758135,-0.003809871,0.0035986704,0.0006423729000000204,2
114,1771402758138,-0.003809871,0.0035986704,0.0006423729000000204,2
115,1771402758140,-0.0043909710000000005,0.0041368704,0.00041617290000006614,2
116,1771402758142,-0.0043909710000000005,0.0041368704,0.00041617290000006614,2
117,1771402758145,-0.0043909710000000005,0.0041368704,0.00041617290000006614,2
118,1771402758147,-0.0043909710000000005,0.0041368704,0.0005799729000000024,2
119,1771402758149,-0.0039424709999999995,0.0038638703999999994,0.0005799729000000024,2
120,1771402758152,-0.0039424709999999995,0.0038638703999999994,0.0005799729000000024,2
121,1771402758162,-0.0039424709999999995,0.0038638703999999994,0.0005799729000000024,2
122,1771402758164,-0.004055570999999999,0.0038053704,0.0004434729000000185,2
123,1771402758167,-0.004055570999999999,0.0038053704,0.0004434729000000185,2
124,1771402758169,-0.004055570999999999,0.0038053704,0.0004434729000000185,2
0,1771402758180,-0.004106271,0.0040432704,0.00032257290000003915,2
1,1771402758183,-0.004106271,0.0040432704,0.00032257290000003915,2
2,1771402758185,-0.004106271,0.0040432704,0.00032257290000003915,2
3,1771402758188,-0.004004871,0.0038014703999999996,0.0006501728999999116,2
4,1771402758190,-0.004004871,0.0038014703999999996,0.0006501728999999116,2
5,1771402758192,-0.004004871,0.0038014703999999996,0.0006501728999999116,2
6,1771402758195,-0.004004871,0.0039301703999999995,0.0001275728999999829,2
7,1771402758197,-0.004281771,0.0039301703999999995,0.0001275728999999829,2
8,1771402758199,-0.004281771,0.0039301703999999995,0.0001275728999999829,2
9,1771402758202,-0.004281771,0.0039301703999999995,0.0001275728999999829,2
10,1771402758204,-0.004207671,0.0039106704,0.0008334728999999089,2
11,1771402758206,-0.004207671,0.0039106704,0.0008334728999999089,2
12,1771402758209,-0.004207671,0.0039106704,0.0008334728999999089,2
13,1771402758211,-0.004293471,0.0039145704,-6.742710000007333e-05,2
14,1771402758214,-0.004293471,0.0039145704,-6.742710000007333e-05,2
15,1771402758216,-0.004293471,0.0039145704,-6.742710000007333e-05,2
16,1771402758221,-0.0038722709999999996,0.0037663704,0.0009114728999999314,2
17,1771402758224,-0.0038722709999999996,0.0037663704,0.0009114728999999314,2
18,1771402758226,-0.0038722709999999996,0.0041563704,-0.00015322709999998705,2
19,1771402758228,-0.004359771,0.0041563704,-0.00015322709999998705,2
20,1771402758231,-0.004359771,0.0041563704,-0.00015322709999998705,2
21,1771402758233,-0.004359771,0.0041563704,-0.00015322709999998705,2
22,1771402758236,-0.003743571,0.0037624703999999997,0.0009660729000000582,2
23,1771402758238,-0.003743571,0.0037624703999999997,0.0009660729000000582,2
24,1771402758240,-0.003743571,0.0037624703999999997,0.0009660729000000582,2
25,1771402758243,-0.004519670999999999,0.0039925704,0.0001275728999999829,2
26,1771402758245,-0.004519670999999999,0.0039925704,0.0001275728999999829,2
27,1771402758247,-0.004519670999999999,0.0039925704,0.0001275728999999829,2
28,1771402758250,-0.004519670999999999,0.0039925704,0.0006384728999999637,2
29,1771402758252,-0.0036772709999999998,0.0036844703999999997,0.0006384728999999637,2
30,1771402758254,-0.0036772709999999998,0.0036844703999999997,0.0006384728999999637,2
31,1771402758257,-0.0036772709999999998,0.0036844703999999997,0.0006384728999999637,2
32,1771402758259,-0.004375370999999999,0.0039145704,0.0003303728999999304,2
33,1771402758262,-0.004375370999999999,0.0039145704,0.0003303728999999304,2
34,1771402758264,-0.004375370999999999,0.0039145704,0.0003303728999999304,2
35,1771402758266,-0.003922971000000001,0.0038482704,0.0003303728999999304,2
36,1771402758269,-0.003922971000000001,0.0038482704,0.0003303728999999304,2
37,1771402758271,-0.003922971000000001,0.0038482704,0.0003303728999999304,2
38,1771402758273,-0.003922971000000001,0.0038482704,0.00040057290000006165,2
39,1771402758276,-0.004254470999999999,0.0038560703999999998,0.00040057290000006165,2
40,1771402758278,-0.004254470999999999,0.0038560703999999998,0.00040057290000006165,2
41,1771402758280,-0.004254470999999999,0.0038560703999999998,0.00040057290000006165,2
42,1771402758283,-0.0039424709999999995,0.0037897703999999997,0.00044737290000007514,2
43,1771402758285,-0.0039424709999999995,0.0037897703999999997,0.00044737290000007514,2
44,1771402758288,-0.0039424709999999995,0.0037897703999999997,0.00044737290000007514,2
45,1771402758290,-0.004328571,0.0039457704,0.0005565728999998846,2
46,1771402758292,-0.004328571,0.0039457704,0.0005565728999998846,2
47,1771402758295,-0.004328571,0.0039457704,0.0005565728999998846,2
48,1771402758297,-0.004328571,0.0039457704,0.00026407289999996677,2
49,1771402758299,-0.004121870999999999,0.0037273704,0.00026407289999996677,2
50,1771402758302,-0.004121870999999999,0.0037273704,0.00026407289999996677,2
51,1771402758304,-0.004121870999999999,0.0037273704,0.00026407289999996677,2
52,1771402758306,-0.004071171,0.0036766704,0.0009582728999999449,2
53,1771402758309,-0.004071171,0.0036766704,0.0009582728999999449,2
54,1771402758311,-0.004071171,0.0036766704,0.0009582728999999449,2
55,1771402758314,-0.004281771,0.0040705704,0.0001236729000000373,2
56,1771402758316,-0.004281771,0.0040705704,0.0001236729000000373,2
57,1771402758318,-0.004281771,0.0040705704,0.0001236729000000373,2
58,1771402758321,-0.004281771,0.0040705704,0.0008919729000000923,2
59,1771402758323,-0.004071171,0.0036883704,0.0008919729000000923,2
60,1771402758325,-0.004071171,0.0036883704,0.0008919729000000923,2
61,1771402758328,-0.004071171,0.0036883704,0.0008919729000000923,2
62,1771402758330,-0.004609370999999999,0.0038716704,-0.0002078271000000028,2
63,1771402758332,-0.004609370999999999,0.0038716704,-0.0002078271000000028,2
64,1771402758335,-0.004609370999999999,0.0038716704,-0.0002078271000000028,2
65,1771402758337,-0.0036616709999999996,0.0036454703999999997,0.0006072728999999547,2
66,1771402758340,-0.0036616709999999996,0.0036454703999999997,0.0006072728999999547,2
67,1771402758342,-0.0036616709999999996,0.0036454703999999997,0.0006072728999999547,2
68,1771402758344,-0.0036616709999999996,0.0036454703999999997,-8.692710000002344e-05,2
69,1771402758347,-0.004558671,0.0040042704,-8.692710000002344e-05,2
70,1771402758349,-0.004558671,0.0040042704,-8.692710000002344e-05,2
71,1771402758351,-0.004558671,0.0040042704,-8.692710000002344e-05,2
72,1771402758354,-0.0037669709999999996,0.0038326704,0.0005877728999998936,2
73,1771402758356,-0.0037669709999999996,0.0038326704,0.0005877728999998936,2
74,1771402758358,-0.0037669709999999996,0.0038326704,0.0005877728999998936,2
75,1771402758361,-0.004426071,0.0040237704,0.00024457290000001665,2
76,1771402758363,-0.004426071,0.0040237704,0.00024457290000001665,2
77,1771402758372,-0.004426071,0.0040237704,0.00024457290000001665,2
78,1771402758374,-0.0039424709999999995,0.0039106704,0.000365472899999996,2
79,1771402758377,-0.004207671,0.0038287703999999997,0.0003108729000000913,2
80,1771402758379,-0.004207671,0.0038287703999999997,0.0003108729000000913,2
81,1771402758381,-0.004207671,0.0038287703999999997,0.0003108729000000913,2
82,1771402758384,-0.004207671,0.0038287703999999997,0.00046687289999991423,2
83,1771402758386,-0.004098470999999999,0.0038092704,0.00046687289999991423,2
84,1771402758389,-0.004098470999999999,0.0038092704,0.00046687289999991423,2
85,1771402758391,-0.004098470999999999,0.0038092704,0.00046687289999991423,2
86,1771402758393,-0.004199871000000001,0.0037663704,0.0005019728999999799,2
87,1771402758396,-0.004199871000000001,0.0037663704,0.0005019728999999799,2
88,1771402758398,-0.004199871000000001,0.0037663704,0.0005019728999999799,2
89,1771402758400,-0.004004871,0.0038209704,6.907290000002155e-05,2
90,1771402758403,-0.004004871,0.0038209704,6.907290000002155e-05,2
91,1771402758405,-0.004004871,0.0038209704,6.907290000002155e-05,2
92,1771402758407,-0.004004871,0.0038209704,0.0005331728999999889,2
93,1771402758410,-0.0040360710000000004,0.0038443704,0.0005331728999999889,2
94,1771402758412,-0.0040360710000000004,0.0038443704,0.0005331728999999889,2
95,1771402758415,-0.0040360710000000004,0.0038443704,0.0005331728999999889,2
96,1771402758417,-0.004129671,0.0038443704,8.857289999997166e-05,2
97,1771402758419,-0.004129671,0.0038443704,8.857289999997166e-05,2
98,1771402758422,-0.004129671,0.0038443704,8.857289999997166e-05,2
99,1771402758424,-0.0038449710000000004,0.0037624703999999997,0.0008022728999998999,2
100,1771402758426,-0.0038449710000000004,0.0037624703999999997,0.0008022728999998999,2
101,1771402758429,-0.0038449710000000004,0.0037624703999999997,0.0008022728999998999,2
102,1771402758431,-0.0038449710000000004,0.0037624703999999997,0.0008022728999998999,2
103,1771402758433,-0.004281771,0.004008170399999999,0.00023287289999995777,2
104,1771402758436,-0.004281771,0.004008170399999999,0.00023287289999995777,2
105,1771402758438,-0.004281771,0.004008170399999999,0.00023287289999995777,2
106,1771402758441,-0.003926871,0.0037312703999999993,0.0006696728999999727,2
107,1771402758443,-0.003926871,0.0037312703999999993,0.0006696728999999727,2
108,1771402758445,-0.003926871,0.0037312703999999993,0.0006696728999999727,2
109,1771402758448,-0.0042310709999999994,0.0040237704,6.517289999996491e-05,2
110,1771402758450,-0.0042310709999999994,0.0040237704,6.517289999996491e-05,2
111,1771402758452,-0.0042310709999999994,0.0040237704,6.517289999996491e-05,2
112,1771402758455,-0.0042310709999999994,0.0040237704,0.000677472900000086,2
113,1771402758457,-0.0037396710000000004,0.0037273704,0.000677472900000086,2
114,1771402758460,-0.0037396710000000004,0.0037273704,0.000677472900000086,2
115,1771402758463,-0.0037396710000000004,0.0037273704,0.000677472900000086,2
116,1771402758465,-0.004192071,0.0039457704,-4.7927100000012194e-05,2
117,1771402758467,-0.004192071,0.0039457704,-4.7927100000012194e-05,2
118,1771402758470,-0.004192071,0.0039457704,-4.7927100000012194e-05,2
119,1771402758472,-0.003708471,0.0038326704,0.0005136728999999277,2
120,1771402758474,-0.003708471,0.0038326704,0.0005136728999999277,2
121,1771402758477,-0.003708471,0.0038326704,0.0005136728999999277,2
122,1771402758479,-0.004121870999999999,0.0040432704,0.0003498728999999915,2
123,1771402758482,-0.004121870999999999,0.0040432704,0.0003498728999999915,2
124,1771402758484,-0.004121870999999999,0.0040432704,0.0003498728999999915,2
0,1771402758495,-0.004383171,0.003969170399999999,0.0003303728999999304,2
1,1771402758497,-0.004383171,0.003969170399999999,0.0003303728999999304,2
2,1771402758500,-0.004383171,0.003969170399999999,0.0003303728999999304,2
3,1771402758502,-0.004383171,0.003969170399999999,0.0003303728999999304,2
4,1771402758505,-0.004078971000000001,0.0038560703999999998,7.68729000000238e-05,2
5,1771402758507,-0.004078971000000001,0.0038560703999999998,7.68729000000238e-05,2
6,1771402758509,-0.004078971000000001,0.0038560703999999998,7.68729000000238e-05,2
7,1771402758512,-0.004141371,0.0037624703999999997,0.0005721728999998891,2
8,1771402758514,-0.004141371,0.0037624703999999997,0.0005721728999998891,2
9,1771402758516,-0.004141371,0.0037624703999999997,0.0005721728999998891,2
10,1771402758519,-0.004188170999999999,0.0039535704,-0.00023122710000000955,2
11,1771402758521,-0.004188170999999999,0.0039535704,-0.00023122710000000955,2
12,1771402758523,-0.004188170999999999,0.0039535704,-0.00023122710000000955,2
13,1771402758526,-0.004188170999999999,0.0039535704,-0.00023122710000000955,2
14,1771402758528,-0.003950271,0.0038677703999999997,0.0008178728999999044,2
15,1771402758530,-0.003950271,0.0038677703999999997,0.0008178728999999044,2
16,1771402758533,-0.003950271,0.0038677703999999997,0.0008178728999999044,2
17,1771402758535,-0.0043129710000000005,0.0039964703999999995,-2.8427100000062082e-05,2
18,1771402758538,-0.0043129710000000005,0.0039964703999999995,-2.8427100000062082e-05,2
19,1771402758540,-0.0043129710000000005,0.0039964703999999995,-2.8427100000062082e-05,2
20,1771402758542,-0.003747471,0.0036493704,0.0007554728999998864,2
21,1771402758545,-0.003747471,0.0036493704,0.0007554728999998864,2
22,1771402758547,-0.003747471,0.0036493704,0.0007554728999998864,2
23,1771402758549,-0.003747471,0.0036493704,0.0007554728999998864,2
24,1771402758552,-0.004340271,0.0038404703999999996,0.00038497290000005715,2
25,1771402758554,-0.004340271,0.0038404703999999996,0.00038497290000005715,2
26,1771402758556,-0.004340271,0.0038404703999999996,0.00038497290000005715,2
27,1771402758559,-0.0038059709999999996,0.0036688703999999996,0.0007905728999999521,2
28,1771402758561,-0.0038059709999999996,0.0036688703999999996,0.0007905728999999521,2
29,1771402758564,-0.0038059709999999996,0.0036688703999999996,0.0007905728999999521,2
30,1771402758566,-0.004227171,0.0038482704,-7.912710000002119e-05,2
31,1771402758568,-0.004227171,0.0038482704,-7.912710000002119e-05,2
32,1771402758571,-0.004227171,0.0038482704,-7.912710000002119e-05,2
33,1771402758573,-0.004227171,0.0038482704,-7.912710000002119e-05,2
34,1771402758575,-0.003848871,0.0037312703999999993,0.0005760728999999457,2
35,1771402758578,-0.003848871,0.0037312703999999993,0.0005760728999999457,2
36,1771402758580,-0.003848871,0.0037312703999999993,0.0005760728999999457,2
37,1771402758582,-0.004433871000000001,0.004008170399999999,0.00011587290000003505,2
38,1771402758585,-0.004433871000000001,0.004008170399999999,0.00011587290000003505,2
39,1771402758587,-0.004433871000000001,0.004008170399999999,0.00011587290000003505,2
40,1771402758590,-0.004433871000000001,0.0037468703999999995,0.0004434729000000185,2
41,1771402758592,-0.003907371,0.0037468703999999995,0.0004434729000000185,2
42,1771402758594,-0.003907371,0.0037468703999999995,0.0004434729000000185,2
43,1771402758597,-0.003907371,0.0037468703999999995,0.0004434729000000185,2
44,1771402758599,-0.004192071,0.0039496704,0.0007281728999999341,2
45,1771402758601,-0.004192071,0.0039496704,0.0007281728999999341,2
46,1771402758604,-0.004192071,0.0039496704,0.0007281728999999341,2
47,1771402758606,-0.004067271000000001,0.0040237704,0.00024457290000001665,2
48,1771402758609,-0.004067271000000001,0.0040237704,0.00024457290000001665,2
49,1771402758611,-0.004067271000000001,0.0040237704,0.00024457290000001665,2
50,1771402758614,-0.003915171,0.0038287703999999997,0.0006228728999999592,2
51,1771402758616,-0.003915171,0.0038287703999999997,0.0006228728999999592,2
52,1771402758622,-0.004289571000000001,0.0039184703999999996,-7.522709999996456e-05,2
53,1771402758624,-0.004289571000000001,0.0039184703999999996,-7.522709999996456e-05,2
54,1771402758627,-0.004289571000000001,0.0039184703999999996,-7.522709999996456e-05,2
55,1771402758629,-0.0038878709999999998,0.0038326704,0.000521472900000041,2
56,1771402758632,-0.0038878709999999998,0.0038326704,0.000521472900000041,2
57,1771402758634,-0.0038878709999999998,0.0038326704,0.000521472900000041,2
58,1771402758636,-0.0038878709999999998,0.0038326704,0.000521472900000041,2
59,1771402758639,-0.004184271,0.0040042704,0.0005370729000000455,2
60,1771402758641,-0.004184271,0.0040042704,0.0005370729000000455,2
61,1771402758643,-0.004184271,0.0040042704,0.0005370729000000455,2
62,1771402758646,-0.004176470999999999,0.0039301703999999995,0.0006813728999999206,2
63,1771402758648,-0.004176470999999999,0.0039301703999999995,0.0006813728999999206,2
64,1771402758651,-0.004176470999999999,0.0039301703999999995,0.0006813728999999206,2
65,1771402758653,-0.003954170999999999,0.0039067704,0.00021727289999995327,2
66,1771402758655,-0.003954170999999999,0.0039067704,0.00021727289999995327,2
67,1771402758658,-0.003954170999999999,0.0039067704,0.00021727289999995327,2
68,1771402758660,-0.003954170999999999,0.0039067704,0.00021727289999995327,2
69,1771402758662,-0.0039424709999999995,0.0039106704,0.0005448728999999367,2
70,1771402758665,-0.0039424709999999995,0.0039106704,0.0005448728999999367,2
71,1771402758667,-0.0039424709999999995,0.0039106704,0.0005448728999999367,2
72,1771402758669,-0.004078971000000001,0.0039028703999999994,0.00024457290000001665,2
73,1771402758672,-0.004078971000000001,0.0039028703999999994,0.00024457290000001665,2
74,1771402758683,-0.004094571,0.0039145704,0.0006540728999999682,2
75,1771402758686,-0.004199871000000001,0.0039730704,0.00040837289999995287,2
76,1771402758688,-0.004199871000000001,0.0039730704,0.00040837289999995287,2
77,1771402758690,-0.004199871000000001,0.0039730704,0.00040837289999995287,2
78,1771402758693,-0.0038215709999999997,0.0036532703999999994,0.0006072728999999547,2
79,1771402758695,-0.0038215709999999997,0.0036532703999999994,0.0006072728999999547,2
80,1771402758697,-0.0038215709999999997,0.0036532703999999994,0.0006072728999999547,2
81,1771402758700,-0.0038215709999999997,0.0036532703999999994,0.0005370729000000455,2
82,1771402758702,-0.004410470999999999,0.0039145704,0.0005370729000000455,2
83,1771402758705,-0.004410470999999999,0.0039145704,0.0005370729000000455,2
84,1771402758707,-0.004410470999999999,0.0039145704,0.0005370729000000455,2
85,1771402758709,-0.003926871,0.0039457704,0.0003186728999999825,2
86,1771402758712,-0.003926871,0.0039457704,0.0003186728999999825,2
87,1771402758714,-0.003926871,0.0039457704,0.0003186728999999825,2
88,1771402758716,-0.004114071,0.0038638703999999994,0.0005253728999998756,2
89,1771402758719,-0.004114071,0.0038638703999999994,0.0005253728999998756,2
90,1771402758721,-0.004114071,0.0038638703999999994,0.0005253728999998756,2
91,1771402758723,-0.004114071,0.0038638703999999994,0.0001236729000000373,2
92,1771402758726,-0.003969771,0.0038833704,0.0001236729000000373,2
93,1771402758728,-0.003969771,0.0038833704,0.0001236729000000373,2
94,1771402758731,-0.003969771,0.0038833704,0.0001236729000000373,2
95,1771402758733,-0.004055570999999999,0.0037936704,0.0007242728999998774,2
96,1771402758735,-0.004055570999999999,0.0037936704,0.0007242728999998774,2
97,1771402758738,-0.004055570999999999,0.0037936704,0.0007242728999998774,2
98,1771402758740,-0.004227171,0.0037780704,0.0006033728999998981,2
99,1771402758742,-0.004227171,0.0037780704,0.0006033728999998981,2
100,1771402758745,-0.004227171,0.0037780704,0.0006033728999998981,2
101,1771402758747,-0.004227171,0.0037780704,0.0005370729000000455,2
102,1771402758749,-0.003911270999999999,0.0036376704,0.0005370729000000455,2
103,1771402758752,-0.003911270999999999,0.0036376704,0.0005370729000000455,2
104,1771402758754,-0.003911270999999999,0.0036376704,0.0005370729000000455,2
105,1771402758757,-0.004211571000000001,0.0037858703999999995,0.0001080729000000328,2
106,1771402758759,-0.004211571000000001,0.0037858703999999995,0.0001080729000000328,2
107,1771402758761,-0.004211571000000001,0.0037858703999999995,0.0001080729000000328,2
108,1771402758764,-0.004129671,0.0036103704,0.00040837289999995287,2
109,1771402758766,-0.004129671,0.0036103704,0.00040837289999995287,2
110,1771402758768,-0.004129671,0.0036103704,0.00040837289999995287,2
111,1771402758771,-0.004129671,0.0036103704,0.0001899729000000009,2
112,1771402758773,-0.004262271,0.0039496704,0.0001899729000000009,2
113,1771402758776,-0.004262271,0.0039496704,0.0001899729000000009,2
114,1771402758778,-0.004262271,0.0039496704,0.0001899729000000009,2
115,1771402758780,-0.003938571,0.0038833704,0.0005799729000000024,2
116,1771402758783,-0.003938571,0.0038833704,0.0005799729000000024,2
117,1771402758785,-0.003938571,0.0038833704,0.0005799729000000024,2
118,1771402758788,-0.004348071,0.0039457704,0.00015487289999993527,2
119,1771402758790,-0.004348071,0.0039457704,0.00015487289999993527,2
120,1771402758792,-0.004348071,0.0039457704,0.00015487289999993527,2
121,1771402758795,-0.004348071,0.0039457704,0.00023287289999995777,2
122,1771402758797,-0.003802071,0.0036961703999999996,0.00023287289999995777,2
123,1771402758799,-0.003802071,0.0036961703999999996,0.00023287289999995777,2
124,1771402758802,-0.003802071,0.0036961703999999996,0.00023287289999995777,2
0,1771402758813,-0.004125771,0.0039457704,0.0003927728999999484,2
1,1771402758815,-0.004125771,0.0039457704,0.0003927728999999484,2
2,1771402758818,-0.004125771,0.0039457704,0.0003927728999999484,2
3,1771402758820,-0.0041023710000000005,0.0038131703999999995,0.0006189728999999026,2
4,1771402758822,-0.0041023710000000005,0.0038131703999999995,0.0006189728999999026,2
5,1771402758825,-0.0041023710000000005,0.0038131703999999995,0.0006189728999999026,2
6,1771402758827,-0.004192071,0.003980870399999999,0.00042397289999995737,2
7,1771402758829,-0.004192071,0.003980870399999999,0.00042397289999995737,2
8,1771402758832,-0.004192071,0.003980870399999999,0.00042397289999995737,2
9,1771402758834,-0.004192071,0.0037078703999999995,0.0006969728999999251,2
10,1771402758837,-0.0040867709999999995,0.0037078703999999995,0.0006969728999999251,2
11,1771402758839,-0.0040867709999999995,0.0037078703999999995,0.0006969728999999251,2
12,1771402758841,-0.0040867709999999995,0.0037078703999999995,0.0006969728999999251,2
13,1771402758844,-0.0041530709999999995,0.0038326704,0.00030697290000003465,2
14,1771402758846,-0.0041530709999999995,0.0038326704,0.00030697290000003465,2
15,1771402758848,-0.0041530709999999995,0.0038326704,0.00030697290000003465,2
16,1771402758851,-0.0041803710000000004,0.0036844703999999997,0.00021337290000000766,2
17,1771402758853,-0.0041803710000000004,0.0036844703999999997,0.00021337290000000766,2
18,1771402758856,-0.0041803710000000004,0.0036844703999999997,0.00021337290000000766,2
19,1771402758858,-0.0041803710000000004,0.0037507703999999998,0.0002562728999999645,2
20,1771402758860,-0.003950271,0.0037507703999999998,0.0002562728999999645,2
21,1771402758863,-0.003950271,0.0037507703999999998,0.0002562728999999645,2
22,1771402758865,-0.003950271,0.0037507703999999998,0.0002562728999999645,2
23,1771402758867,-0.004215471,0.0039730704,0.0002367729000000144,2
24,1771402758870,-0.004215471,0.0039730704,0.0002367729000000144,2
25,1771402758872,-0.004215471,0.0039730704,0.0002367729000000144,2
26,1771402758874,-0.004129671,0.0039028703999999994,0.00018607289999994427,2
27,1771402758877,-0.004129671,0.0039028703999999994,0.00018607289999994427,2
28,1771402758879,-0.004129671,0.0039028703999999994,0.00018607289999994427,2
29,1771402758882,-0.004129671,0.0038248703999999994,0.0006501728999999116,2
30,1771402758884,-0.004137471,0.0038248703999999994,0.0006501728999999116,2
31,1771402758886,-0.004137471,0.0038248703999999994,0.0006501728999999116,2
32,1771402758889,-0.004137471,0.0038248703999999994,0.0006501728999999116,2
33,1771402758891,-0.0042310709999999994,0.0040003704,5.7372899999962664e-05,2
34,1771402758893,-0.0042310709999999994,0.0040003704,5.7372899999962664e-05,2
35,1771402758896,-0.0042310709999999994,0.0040003704,5.7372899999962664e-05,2
36,1771402758898,-0.004125771,0.0039028703999999994,0.0007905728999999521,2
37,1771402758901,-0.004125771,0.0039028703999999994,0.0007905728999999521,2
38,1771402758903,-0.004125771,0.0039028703999999994,0.0007905728999999521,2
39,1771402758905,-0.004437771,0.0039496704,0.00045517289999996637,2
40,1771402758908,-0.004437771,0.0039496704,0.00045517289999996637,2
41,1771402758910,-0.004437771,0.0039496704,0.00045517289999996637,2
42,1771402758913,-0.004437771,0.0039496704,0.00045517289999996637,2
43,1771402758915,-0.0041023710000000005,0.0036766704,0.0006384728999999637,2
44,1771402758917,-0.0041023710000000005,0.0036766704,0.0006384728999999637,2
45,1771402758920,-0.0041023710000000005,0.0036766704,0.0006384728999999637,2
46,1771402758922,-0.004258371,0.0038092704,0.00019777290000000316,2
47,1771402758924,-0.004258371,0.0038092704,0.00019777290000000316,2
48,1771402758927,-0.004258371,0.0038092704,0.00019777290000000316,2
49,1771402758929,-0.003938571,0.0039613704,0.0003927728999999484,2
50,1771402758932,-0.003938571,0.0039613704,0.0003927728999999484,2
51,1771402758934,-0.003938571,0.0039613704,0.0003927728999999484,2
52,1771402758936,-0.003938571,0.0039613704,0.0003927728999999484,2
53,1771402758939,-0.004133571000000001,0.0039925704,0.00013537289999998516,2
54,1771402758941,-0.004133571000000001,0.0039925704,0.00013537289999998516,2
55,1771402758943,-0.004133571000000001,0.0039925704,0.00013537289999998516,2
56,1771402758946,-0.003903471,0.0037585703999999994,0.0002562728999999645,2
57,1771402758948,-0.003903471,0.0037585703999999994,0.0002562728999999645,2
58,1771402758950,-0.003903471,0.0037585703999999994,0.0002562728999999645,2
59,1771402758953,-0.003903471,0.0038287703999999997,0.00041617290000006614,2
60,1771402758955,-0.004129671,0.0038287703999999997,0.00041617290000006614,2
61,1771402758958,-0.004129671,0.0038287703999999997,0.00041617290000006614,2
62,1771402758960,-0.004129671,0.0038287703999999997,0.00041617290000006614,2
63,1771402758962,-0.003993171,0.0039730704,0.00022507289999995552,2
64,1771402758965,-0.003993171,0.0039730704,0.00022507289999995552,2
65,1771402758967,-0.003993171,0.0039730704,0.00022507289999995552,2
66,1771402758969,-0.004078971000000001,0.0038209704,0.0003810729000000005,2
67,1771402758972,-0.004078971000000001,0.0038209704,0.0003810729000000005,2
68,1771402758974,-0.004078971000000001,0.0038209704,0.0003810729000000005,2
69,1771402758976,-0.004078971000000001,0.0039223704,6.517289999996491e-05,2
70,1771402758979,-0.0040867709999999995,0.0039223704,6.517289999996491e-05,2
71,1771402758991,-0.0040867709999999995,0.0039223704,6.517289999996491e-05,2
72,1771402758994,-0.004192071,0.0038911703999999995,0.0002679729000000234,2
73,1771402758996,-0.004192071,0.0038911703999999995,0.0002679729000000234,2
74,1771402758999,-0.004192071,0.0038911703999999995,0.0002679729000000234,2
75,1771402759001,-0.004082871,0.0039535704,0.00041617290000006614,2
76,1771402759003,-0.004082871,0.0039535704,0.00041617290000006614,2
77,1771402759006,-0.004082871,0.0039535704,0.00041617290000006614,2
78,1771402759008,-0.004082871,0.0039028703999999994,0.0005292728999999322,2
79,1771402759010,-0.004184271,0.0039028703999999994,0.0005292728999999322,2
80,1771402759013,-0.004184271,0.0039028703999999994,0.0005292728999999322,2
81,1771402759015,-0.004184271,0.0039028703999999994,0.0005292728999999322,2
82,1771402759018,-0.0041530709999999995,0.0039847704,0.00019387289999994652,2
83,1771402759020,-0.0041530709999999995,0.0039847704,0.00019387289999994652,2
84,1771402759022,-0.0041530709999999995,0.0039847704,0.00019387289999994652,2
85,1771402759025,-0.003841071,0.0039730704,0.0005331728999999889,2
86,1771402759027,-0.003841071,0.0039730704,0.0005331728999999889,2
87,1771402759029,-0.003841071,0.0039730704,0.0005331728999999889,2
88,1771402759032,-0.003841071,0.0039964703999999995,0.0001899729000000009,2
89,1771402759034,-0.004156971000000001,0.0039964703999999995,0.0001899729000000009,2
90,1771402759036,-0.004156971000000001,0.0039964703999999995,0.0001899729000000009,2
91,1771402759039,-0.004156971000000001,0.0039964703999999995,0.0001899729000000009,2
92,1771402759041,-0.004164770999999999,0.0039535704,0.000490272900000032,2
93,1771402759044,-0.004164770999999999,0.0039535704,0.000490272900000032,2
94,1771402759046,-0.004164770999999999,0.0039535704,0.000490272900000032,2
95,1771402759048,-0.004262271,0.003980870399999999,0.0003147728999999259,2
96,1771402759051,-0.004262271,0.003980870399999999,0.0003147728999999259,2
97,1771402759053,-0.004262271,0.003980870399999999,0.0003147728999999259,2
98,1771402759055,-0.004262271,0.0037585703999999994,0.0006033728999998981,2
99,1771402759058,-0.004262271,0.0037585703999999994,0.0006033728999998981,2
100,1771402759060,-0.004262271,0.0037585703999999994,0.0006033728999998981,2
101,1771402759063,-0.004262271,0.0037585703999999994,0.0006033728999998981,2
102,1771402759065,-0.004270071,0.0038365703999999994,0.0002679729000000234,2
103,1771402759067,-0.004270071,0.0038365703999999994,0.0002679729000000234,2
104,1771402759070,-0.004270071,0.0038365703999999994,0.0002679729000000234,2
105,1771402759072,-0.0042466710000000005,0.0039379704,0.0007359729000000474,2
106,1771402759074,-0.0042466710000000005,0.0039379704,0.0007359729000000474,2
107,1771402759077,-0.0042466710000000005,0.0039379704,0.0007359729000000474,2
108,1771402759079,-0.003985371,0.0037585703999999994,0.000271872899999969,2
109,1771402759082,-0.003985371,0.0037585703999999994,0.000271872899999969,2
110,1771402759084,-0.003985371,0.0037585703999999994,0.000271872899999969,2
111,1771402759086,-0.003985371,0.0037585703999999994,0.000271872899999969,2
112,1771402759089,-0.004067271000000001,0.0038092704,0.0005565728999998846,2
113,1771402759091,-0.004067271000000001,0.0038092704,0.0005565728999998846,2
114,1771402759093,-0.004067271000000001,0.0038092704,0.0005565728999998846,2
115,1771402759096,-0.004137471,0.004008170399999999,9.24729000000283e-05,2
116,1771402759098,-0.004137471,0.004008170399999999,9.24729000000283e-05,2
117,1771402759101,-0.004137471,0.004008170399999999,9.24729000000283e-05,2
118,1771402759103,-0.004067271000000001,0.0037546704,0.0005370729000000455,2
119,1771402759105,-0.004067271000000001,0.0037546704,0.0005370729000000455,2
120,1771402759108,-0.004067271000000001,0.0037546704,0.0005370729000000455,2
121,1771402759110,-0.004067271000000001,0.0037546704,0.0005370729000000455,2
122,1771402759112,-0.0042193709999999995,0.0040159704,0.00022897290000001215,2
123,1771402759115,-0.0042193709999999995,0.0040159704,0.00022897290000001215,2
124,1771402759117,-0.0042193709999999995,0.0040159704,0.00022897290000001215,2
0,1771402759128,-0.004137471,0.0037819704,0.000427872900000014,2
1,1771402759131,-0.004137471,0.0037819704,0.000427872900000014,2
2,1771402759133,-0.004137471,0.0037819704,0.000427872900000014,2
3,1771402759136,-0.003837171,0.0039730704,0.0003615728999999394,2
4,1771402759138,-0.003837171,0.0039730704,0.0003615728999999394,2
5,1771402759140,-0.003837171,0.0039730704,0.0003615728999999394,2
6,1771402759143,-0.004141371,0.0039301703999999995,0.0002874728999999735,2
7,1771402759153,-0.004055570999999999,0.0038131703999999995,0.0004746729000000275,2
8,1771402759155,-0.004055570999999999,0.0038131703999999995,0.0004746729000000275,2
9,1771402759158,-0.004055570999999999,0.0038131703999999995,0.00030697290000003465,2
10,1771402759160,-0.004227171,0.0037507703999999998,0.00030697290000003465,2
11,1771402759162,-0.004227171,0.0037507703999999998,0.00030697290000003465,2
12,1771402759165,-0.004227171,0.0037507703999999998,0.00030697290000003465,2
13,1771402759167,-0.003981471,0.0038716704,0.00027577290000002565,2
14,1771402759170,-0.003981471,0.0038716704,0.00027577290000002565,2
15,1771402759172,-0.003981471,0.0038716704,0.00027577290000002565,2
16,1771402759174,-0.004195971,0.004047170399999999,0.0006111729000000114,2
17,1771402759177,-0.004195971,0.004047170399999999,0.0006111729000000114,2
18,1771402759179,-0.004195971,0.004047170399999999,0.0006111729000000114,2
19,1771402759181,-0.004195971,0.004047170399999999,0.0001431728999999874,2
20,1771402759184,-0.004110170999999999,0.0041017703999999995,0.0001431728999999874,2
21,1771402759186,-0.004110170999999999,0.0041017703999999995,0.0001431728999999874,2
22,1771402759188,-0.004110170999999999,0.0041017703999999995,0.0001431728999999874,2
23,1771402759191,-0.004188170999999999,0.0037741703999999996,0.000646272900000077,2
24,1771402759193,-0.004188170999999999,0.0037741703999999996,0.000646272900000077,2
25,1771402759196,-0.004188170999999999,0.0037741703999999996,0.000646272900000077,2
26,1771402759198,-0.004203771,0.0039223704,0.00030697290000003465,2
27,1771402759200,-0.004203771,0.0039223704,0.00030697290000003465,2
28,1771402759203,-0.004203771,0.0039223704,0.00030697290000003465,2
29,1771402759205,-0.004203771,0.0039223704,0.00037327289999988724,2
30,1771402759207,-0.003919071,0.0037975703999999994,0.00037327289999988724,2
31,1771402759210,-0.003919071,0.0037975703999999994,0.00037327289999988724,2
32,1771402759212,-0.003919071,0.0037975703999999994,0.00037327289999988724,2
33,1771402759214,-0.004328571,0.0038560703999999998,0.0003147728999999259,2
34,1771402759217,-0.004328571,0.0038560703999999998,0.0003147728999999259,2
35,1771402759219,-0.004328571,0.0038560703999999998,0.0003147728999999259,2
36,1771402759222,-0.0041686710000000005,0.0036337704,3.3972899999955915e-05,2
37,1771402759224,-0.0041686710000000005,0.0036337704,3.3972899999955915e-05,2
38,1771402759226,-0.0041686710000000005,0.0036337704,3.3972899999955915e-05,2
39,1771402759229,-0.0041686710000000005,0.0036337704,0.00019387289999994652,2
40,1771402759231,-0.0042310709999999994,0.0038287703999999997,0.00019387289999994652,2
41,1771402759233,-0.0042310709999999994,0.0038287703999999997,0.00019387289999994652,2
42,1771402759236,-0.0042310709999999994,0.0038287703999999997,0.00019387289999994652,2
43,1771402759238,-0.004129671,0.0038326704,0.0005799729000000024,2
44,1771402759240,-0.004129671,0.0038326704,0.0005799729000000024,2
45,1771402759243,-0.004129671,0.0038326704,0.0005799729000000024,2
46,1771402759245,-0.004149171,0.0038755703999999993,0.00029137290000003015,2
47,1771402759248,-0.004149171,0.0038755703999999993,0.00029137290000003015,2
48,1771402759250,-0.004149171,0.0038755703999999993,0.00029137290000003015,2
49,1771402759252,-0.004149171,0.0038755703999999993,0.00029137290000003015,2
50,1771402759255,-0.004137471,0.0039847704,0.0005565728999998846,2
51,1771402759257,-0.004137471,0.0039847704,0.0005565728999998846,2
52,1771402759259,-0.004137471,0.0039847704,0.0005565728999998846,2
53,1771402759262,-0.0042193709999999995,0.0040978704,0.0005799729000000024,2
54,1771402759264,-0.0042193709999999995,0.0040978704,0.0005799729000000024,2
55,1771402759267,-0.0042193709999999995,0.0040978704,0.0005799729000000024,2
56,1771402759269,-0.004160871,0.0039262704,0.0001431728999999874,2
57,1771402759271,-0.004160871,0.0039262704,0.0001431728999999874,2
58,1771402759274,-0.004160871,0.0039262704,0.0001431728999999874,2
59,1771402759276,-0.004160871,0.0039262704,0.0006540728999999682,2
60,1771402759278,-0.0040360710000000004,0.0039769704,0.0006540728999999682,2
61,1771402759281,-0.0040360710000000004,0.0039769704,0.0006540728999999682,2
62,1771402759283,-0.0040360710000000004,0.0039769704,0.0006540728999999682,2
63,1771402759286,-0.004270071,0.0039184703999999996,0.00014707289999993302,2
64,1771402759288,-0.004270071,0.0039184703999999996,0.00014707289999993302,2
65,1771402759290,-0.004270071,0.0039184703999999996,0.00014707289999993302,2
66,1771402759293,-0.004090671000000001,0.0038092704,0.0005136728999999277,2
67,1771402759295,-0.004090671000000001,0.0038092704,0.0005136728999999277,2
68,1771402759297,-0.004090671000000001,0.0038092704,0.0005136728999999277,2
69,1771402759300,-0.004090671000000001,0.0038092704,0.0005136728999999277,2
70,1771402759309,-0.0041530709999999995,0.0038638703999999994,0.00043177290000007064,2
71,1771402759311,-0.0041530709999999995,0.0038638703999999994,0.00043177290000007064,2
72,1771402759314,-0.0041530709999999995,0.0038638703999999994,0.00043177290000007064,2
73,1771402759316,-0.0041530709999999995,0.004008170399999999,0.0005448728999999367,2
74,1771402759318,-0.004039971,0.004008170399999999,0.0005448728999999367,2
75,1771402759321,-0.004039971,0.004008170399999999,0.0005448728999999367,2
76,1771402759323,-0.004039971,0.004008170399999999,0.0005448728999999367,2
77,1771402759325,-0.0040087709999999995,0.0038716704,0.0005916728999999502,2
78,1771402759328,-0.0040087709999999995,0.0038716704,0.0005916728999999502,2
79,1771402759330,-0.0040087709999999995,0.0038716704,0.0005916728999999502,2
80,1771402759333,-0.003954170999999999,0.0039106704,0.0005448728999999367,2
81,1771402759335,-0.003954170999999999,0.0039106704,0.0005448728999999367,2
82,1771402759337,-0.003954170999999999,0.0039106704,0.0005448728999999367,2
83,1771402759340,-0.003954170999999999,0.0039847704,0.0004746729000000275,2
84,1771402759342,-0.003891771,0.0039847704,0.0004746729000000275,2
85,1771402759344,-0.003891771,0.0039847704,0.0004746729000000275,2
86,1771402759347,-0.003891771,0.0039847704,0.0004746729000000275,2
87,1771402759349,-0.004211571000000001,0.0039457704,0.00033817290000004365,2
88,1771402759351,-0.004211571000000001,0.0039457704,0.00033817290000004365,2
89,1771402759354,-0.004211571000000001,0.0039457704,0.00033817290000004365,2
90,1771402759356,-0.0040087709999999995,0.0039730704,0.000459072900000023,2
91,1771402759359,-0.0040087709999999995,0.0039730704,0.000459072900000023,2
92,1771402759361,-0.0040087709999999995,0.0039730704,0.000459072900000023,2
93,1771402759363,-0.0040087709999999995,0.0038833704,0.0006189728999999026,2
94,1771402759366,-0.004238871,0.0038833704,0.0006189728999999026,2
95,1771402759368,-0.004238871,0.0038833704,0.0006189728999999026,2
96,1771402759370,-0.004238871,0.0038833704,0.0006189728999999026,2
97,1771402759373,-0.004242770999999999,0.0038677703999999997,0.00024067289999996002,2
98,1771402759375,-0.004242770999999999,0.0038677703999999997,0.00024067289999996002,2
99,1771402759378,-0.004242770999999999,0.0038677703999999997,0.00024067289999996002,2
100,1771402759380,-0.004110170999999999,0.0038014703999999996,0.0004746729000000275,2
101,1771402759382,-0.004110170999999999,0.0038014703999999996,0.0004746729000000275,2
102,1771402759385,-0.004110170999999999,0.0038014703999999996,0.0004746729000000275,2
103,1771402759387,-0.004223271000000001,0.0040003704,-4.402710000006658e-05,2
104,1771402759389,-0.004223271000000001,0.0040003704,-4.402710000006658e-05,2
105,1771402759392,-0.004223271000000001,0.0040003704,-4.402710000006658e-05,2
106,1771402759394,-0.004223271000000001,0.0040003704,-4.402710000006658e-05,2
107,1771402759397,-0.003969771,0.0038014703999999996,0.000334272899999987,2
108,1771402759399,-0.003969771,0.0038014703999999996,0.000334272899999987,2
109,1771402759401,-0.003969771,0.0038014703999999996,0.000334272899999987,2
110,1771402759404,-0.004258371,0.0040588704,6.907290000002155e-05,2
111,1771402759406,-0.004258371,0.0040588704,6.907290000002155e-05,2
112,1771402759408,-0.004258371,0.0040588704,6.907290000002155e-05,2
113,1771402759411,-0.004258371,0.0038131703999999995,0.000521472900000041,2
114,1771402759413,-0.0038839710000000004,0.0038131703999999995,0.000521472900000041,2
115,1771402759415,-0.0038839710000000004,0.0038131703999999995,0.000521472900000041,2
116,1771402759418,-0.0038839710000000004,0.0038131703999999995,0.000521472900000041,2
117,1771402759424,-0.004262271,0.0039340704,-1.2827100000057583e-05,2
118,1771402759426,-0.004262271,0.0039340704,-1.2827100000057583e-05,2
119,1771402759428,-0.004129671,0.0037585703999999994,0.0008256729000000177,2
120,1771402759431,-0.004129671,0.0037585703999999994,0.0008256729000000177,2
121,1771402759433,-0.004129671,0.0037585703999999994,0.0008256729000000177,2
122,1771402759435,-0.004410470999999999,0.0039457704,0.00015097289999998966,2
123,1771402759438,-0.004410470999999999,0.0039457704,0.00015097289999998966,2
124,1771402759440,-0.004410470999999999,0.0039457704,0.00015097289999998966,2
0,1771402759451,-0.004266170999999999,0.0040198704,0.00043957289999996187,2
1,1771402759454,-0.004266170999999999,0.0040198704,0.00043957289999996187,2
2,1771402759456,-0.004266170999999999,0.0040198704,0.00043957289999996187,2
3,1771402759459,-0.004164770999999999,0.0039925704,0.00021337290000000766,2
4,1771402759461,-0.004164770999999999,0.0039925704,0.00021337290000000766,2
5,1771402759463,-0.004164770999999999,0.0039925704,0.00021337290000000766,2
6,1771402759466,-0.004164770999999999,0.0038482704,0.00033817290000004365,2
7,1771402759468,-0.0038839710000000004,0.0038482704,0.00033817290000004365,2
8,1771402759471,-0.0038839710000000004,0.0038482704,0.00033817290000004365,2
9,1771402759473,-0.0038839710000000004,0.0038482704,0.00033817290000004365,2
10,1771402759476,-0.004394871,0.0041173704,0.00013927289999993077,2
11,1771402759478,-0.004394871,0.0041173704,0.00013927289999993077,2
12,1771402759481,-0.004394871,0.0041173704,0.00013927289999993077,2
13,1771402759483,-0.003993171,0.0037741703999999996,0.00040057290000006165,2
14,1771402759486,-0.003993171,0.0037741703999999996,0.00040057290000006165,2
15,1771402759488,-0.003993171,0.0037741703999999996,0.00040057290000006165,2
16,1771402759490,-0.004242770999999999,0.0038872704,5.347290000001705e-05,2
17,1771402759493,-0.004242770999999999,0.0038872704,5.347290000001705e-05,2
18,1771402759495,-0.004242770999999999,0.0038872704,5.347290000001705e-05,2
19,1771402759497,-0.004242770999999999,0.0038560703999999998,0.0005331728999999889,2
20,1771402759500,-0.003950271,0.0038560703999999998,0.0005331728999999889,2
21,1771402759502,-0.003950271,0.0038560703999999998,0.0005331728999999889,2
22,1771402759504,-0.003950271,0.0038560703999999998,0.0005331728999999889,2
23,1771402759507,-0.004234971000000001,0.0040939704,0.00016267289999993752,2
24,1771402759509,-0.004234971000000001,0.0040939704,0.00016267289999993752,2
25,1771402759512,-0.004234971000000001,0.0040939704,0.00016267289999993752,2
26,1771402759514,-0.003969771,0.0037975703999999994,0.00044737290000007514,2
27,1771402759516,-0.003969771,0.0037975703999999994,0.00044737290000007514,2
28,1771402759519,-0.003969771,0.0037975703999999994,0.00044737290000007514,2
29,1771402759521,-0.003969771,0.0037975703999999994,0.00027577290000002565,2
30,1771402759523,-0.0041530709999999995,0.0038092704,0.00027577290000002565,2
31,1771402759526,-0.0041530709999999995,0.0038092704,0.00027577290000002565,2
32,1771402759528,-0.0041530709999999995,0.0038092704,0.00027577290000002565,2
33,1771402759531,-0.004043870999999999,0.0039652704,0.0006852728999999772,2
34,1771402759533,-0.004043870999999999,0.0039652704,0.0006852728999999772,2
35,1771402759535,-0.004043870999999999,0.0039652704,0.0006852728999999772,2
36,1771402759538,-0.003977570999999999,0.0037468703999999995,0.0005097728999998711,2
37,1771402759540,-0.003977570999999999,0.0037468703999999995,0.0005097728999998711,2
38,1771402759542,-0.003977570999999999,0.0037468703999999995,0.0005097728999998711,2
39,1771402759545,-0.003977570999999999,0.0037468703999999995,0.00020167289999994877,2
40,1771402759547,-0.0042466710000000005,0.0036805703999999995,0.00020167289999994877,2
41,1771402759549,-0.0042466710000000005,0.0036805703999999995,0.00020167289999994877,2
42,1771402759552,-0.0042466710000000005,0.0036805703999999995,0.00020167289999994877,2
43,1771402759554,-0.003977570999999999,0.0037936704,0.0006930729000000905,2
44,1771402759557,-0.003977570999999999,0.0037936704,0.0006930729000000905,2
45,1771402759559,-0.003977570999999999,0.0037936704,0.0006930729000000905,2
46,1771402759561,-0.004270071,0.0038911703999999995,0.00040057290000006165,2
47,1771402759564,-0.004270071,0.0038911703999999995,0.00040057290000006165,2
48,1771402759566,-0.004270071,0.0038911703999999995,0.00040057290000006165,2
49,1771402759568,-0.004270071,0.0038911703999999995,0.0008373728999999656,2
50,1771402759571,-0.003930771,0.0038638703999999994,0.0008373728999999656,2
51,1771402759573,-0.003930771,0.0038638703999999994,0.0008373728999999656,2
52,1771402759576,-0.003930771,0.0038638703999999994,0.0008373728999999656,2
53,1771402759578,-0.004285671,0.0038482704,-1.2827100000057583e-05,2
54,1771402759580,-0.004285671,0.0038482704,-1.2827100000057583e-05,2
55,1771402759583,-0.004285671,0.0038482704,-1.2827100000057583e-05,2
56,1771402759585,-0.003911270999999999,0.0037819704,0.000997272900000067,2
57,1771402759587,-0.003911270999999999,0.0037819704,0.000997272900000067,2
58,1771402759590,-0.003911270999999999,0.0037819704,0.000997272900000067,2
59,1771402759592,-0.003911270999999999,0.0037819704,0.0003498728999999915,2
60,1771402759594,-0.004504071,0.0040939704,0.0003498728999999915,2
61,1771402759597,-0.004504071,0.0040939704,0.0003498728999999915,2
62,1771402759599,-0.004504071,0.0040939704,0.0003498728999999915,2
63,1771402759602,-0.003864471,0.0038755703999999993,0.000708672899999873,2
64,1771402759604,-0.003864471,0.0038755703999999993,0.000708672899999873,2
65,1771402759606,-0.003864471,0.0038755703999999993,0.000708672899999873,2
66,1771402759616,-0.004328571,0.0039379704,0.0005682729000000545,2
67,1771402759618,-0.004094571,0.0038755703999999993,0.0005682729000000545,2
68,1771402759620,-0.004094571,0.0038755703999999993,0.0005682729000000545,2
69,1771402759623,-0.004094571,0.0038755703999999993,0.0005682729000000545,2
70,1771402759625,-0.004227171,0.0037858703999999995,0.0003147728999999259,2
71,1771402759628,-0.004227171,0.0037858703999999995,0.0003147728999999259,2
72,1771402759630,-0.004227171,0.0037858703999999995,0.0003147728999999259,2
73,1771402759632,-0.004121870999999999,0.0038326704,0.0002679729000000234,2
74,1771402759635,-0.004121870999999999,0.0038326704,0.0002679729000000234,2
75,1771402759637,-0.004121870999999999,0.0038326704,0.0002679729000000234,2
76,1771402759639,-0.004121870999999999,0.0038326704,0.00013537289999998516,2
77,1771402759642,-0.004043870999999999,0.0038131703999999995,0.00013537289999998516,2
78,1771402759644,-0.004043870999999999,0.0038131703999999995,0.00013537289999998516,2
79,1771402759646,-0.004043870999999999,0.0038131703999999995,0.00013537289999998516,2
80,1771402759649,-0.0041023710000000005,0.0039262704,0.00026407289999996677,2
81,1771402759651,-0.0041023710000000005,0.0039262704,0.00026407289999996677,2
82,1771402759653,-0.0041023710000000005,0.0039262704,0.00026407289999996677,2
83,1771402759656,-0.004051671,0.0037702703999999993,0.000708672899999873,2
84,1771402759658,-0.004051671,0.0037702703999999993,0.000708672899999873,2
85,1771402759661,-0.004051671,0.0037702703999999993,0.000708672899999873,2
86,1771402759663,-0.004051671,0.0037702703999999993,0.000708672899999873,2
87,1771402759665,-0.004121870999999999,0.0039652704,5.7372899999962664e-05,2
88,1771402759668,-0.004121870999999999,0.0039652704,5.7372899999962664e-05,2
89,1771402759670,-0.004121870999999999,0.0039652704,5.7372899999962664e-05,2
90,1771402759673,-0.0037123710000000003,0.0038170704,0.0008529728999999701,2
91,1771402759675,-0.0037123710000000003,0.0038170704,0.0008529728999999701,2
92,1771402759677,-0.0037123710000000003,0.0038170704,0.0008529728999999701,2
93,1771402759680,-0.004406571,0.0039925704,9.24729000000283e-05,2
94,1771402759682,-0.004406571,0.0039925704,9.24729000000283e-05,2
95,1771402759685,-0.004406571,0.0039925704,9.24729000000283e-05,2
96,1771402759687,-0.004406571,0.0037507703999999998,0.0007593728999999431,2
97,1771402759689,-0.003681171,0.0037507703999999998,0.0007593728999999431,2
98,1771402759692,-0.003681171,0.0037507703999999998,0.0007593728999999431,2
99,1771402759694,-0.003681171,0.0037507703999999998,0.0007593728999999431,2
100,1771402759696,-0.004492371,0.0041095704,0.00020947289999995102,2
101,1771402759699,-0.004492371,0.0041095704,0.00020947289999995102,2
102,1771402759701,-0.004492371,0.0041095704,0.00020947289999995102,2
103,1771402759704,-0.003759171,0.0036766704,0.0006618729000000815,2
104,1771402759706,-0.003759171,0.0036766704,0.0006618729000000815,2
105,1771402759708,-0.003759171,0.0036766704,0.0006618729000000815,2
106,1771402759711,-0.003759171,0.0038677703999999997,0.00022897290000001215,2
107,1771402759713,-0.004515771,0.0038677703999999997,0.00022897290000001215,2
108,1771402759730,-0.004160871,0.0039652704,0.000271872899999969,2
109,1771402759732,-0.004160871,0.0039652704,0.000271872899999969,2
110,1771402759734,-0.004160871,0.0038326704,0.000396672900000005,2
111,1771402759737,-0.004121870999999999,0.0038326704,0.000396672900000005,2
112,1771402759739,-0.004121870999999999,0.0038326704,0.000396672900000005,2
113,1771402759742,-0.004121870999999999,0.0038326704,0.000396672900000005,2
114,1771402759744,-0.004098470999999999,0.0037546704,0.0006267729000000159,2
115,1771402759746,-0.004098470999999999,0.0037546704,0.0006267729000000159,2
116,1771402759749,-0.004098470999999999,0.0037546704,0.0006267729000000159,2
117,1771402759751,-0.004121870999999999,0.0037234703999999997,0.00020167289999994877,2
118,1771402759753,-0.004121870999999999,0.0037234703999999997,0.00020167289999994877,2
119,1771402759756,-0.004121870999999999,0.0037234703999999997,0.00020167289999994877,2
120,1771402759758,-0.004121870999999999,0.0036103704,0.0006306729000000725,2
121,1771402759760,-0.003985371,0.0036103704,0.0006306729000000725,2
122,1771402759763,-0.003985371,0.0036103704,0.0006306729000000725,2
123,1771402759765,-0.003985371,0.0036103704,0.0006306729000000725,2
124,1771402759768,-0.004402671,0.0039184703999999996,-5.027100000055333e-06,2
0,1771402759779,-0.003813771,0.0039028703999999994,0.0007437728999999386,2
1,1771402759781,-0.003813771,0.0039028703999999994,1.8372899999951416e-05,2
2,1771402759784,-0.004445571000000001,0.004086170399999999,1.8372899999951416e-05,2
3,1771402759786,-0.004445571000000001,0.004086170399999999,1.8372899999951416e-05,2
4,1771402759788,-0.004445571000000001,0.004086170399999999,1.8372899999951416e-05,2
5,1771402759791,-0.003825471,0.0037039704,0.00044737290000007514,2
6,1771402759793,-0.003825471,0.0037039704,0.00044737290000007514,2
7,1771402759796,-0.003825471,0.0037039704,0.00044737290000007514,2
8,1771402759798,-0.004273971,0.0041836704,-0.0001922270999999983,2
9,1771402759800,-0.004273971,0.0041836704,-0.0001922270999999983,2
10,1771402759803,-0.004273971,0.0041836704,-0.0001922270999999983,2
11,1771402759805,-0.004273971,0.0041836704,-0.0001922270999999983,2
12,1771402759807,-0.0035719709999999997,0.0037039704,0.0007320728999999907,2
13,1771402759810,-0.0035719709999999997,0.0037039704,0.0007320728999999907,2
14,1771402759812,-0.0035719709999999997,0.0037039704,0.0007320728999999907,2
15,1771402759814,-0.004344171000000001,0.0040198704,-2.8427100000062082e-05,2
16,1771402759817,-0.004344171000000001,0.0040198704,-2.8427100000062082e-05,2
17,1771402759819,-0.004344171000000001,0.0040198704,-2.8427100000062082e-05,2
18,1771402759825,-0.003798171,0.0036025703999999995,0.00055267290000005,2
19,1771402759827,-0.003798171,0.0036025703999999995,0.00055267290000005,2
20,1771402759829,-0.0043909710000000005,0.0038833704,0.0007242728999998774,2
21,1771402759832,-0.0043909710000000005,0.0038833704,0.0007242728999998774,2
22,1771402759834,-0.0043909710000000005,0.0038833704,0.0007242728999998774,2
23,1771402759837,-0.0043909710000000005,0.0038833704,0.0007242728999998774,2
24,1771402759839,-0.003977570999999999,0.0038872704,0.00043957289999996187,2
25,1771402759841,-0.003977570999999999,0.0038872704,0.00043957289999996187,2
26,1771402759844,-0.003977570999999999,0.0038872704,0.00043957289999996187,2
27,1771402759846,-0.0041023710000000005,0.0038872704,0.00024067289999996002,2
28,1771402759848,-0.0041023710000000005,0.0038872704,0.00024067289999996002,2
29,1771402759851,-0.0041023710000000005,0.0038872704,0.00024067289999996002,2
30,1771402759853,-0.003973671,0.0036454703999999997,0.00018217289999999866,2
31,1771402759855,-0.003973671,0.0036454703999999997,0.00018217289999999866,2
32,1771402759858,-0.003973671,0.0036454703999999997,0.00018217289999999866,2
33,1771402759860,-0.003973671,0.0036454703999999997,0.00018217289999999866,2
34,1771402759863,-0.004129671,0.0038911703999999995,0.00045517289999996637,2
35,1771402759865,-0.004129671,0.0038911703999999995,0.00045517289999996637,2
36,1771402759867,-0.004129671,0.0038911703999999995,0.00045517289999996637,2
37,1771402759870,-0.004078971000000001,0.0040393704,4.9572899999960414e-05,2
38,1771402759872,-0.004078971000000001,0.0040393704,4.9572899999960414e-05,2
39,1771402759874,-0.004078971000000001,0.0040393704,4.9572899999960414e-05,2
40,1771402759877,-0.003880071,0.0038053704,0.0009933729000000105,2
41,1771402759879,-0.003880071,0.0038053704,0.0009933729000000105,2
42,1771402759882,-0.003880071,0.0038053704,0.0009933729000000105,2
43,1771402759884,-0.003880071,0.0038053704,0.0009933729000000105,2
44,1771402759886,-0.004445571000000001,0.0040003704,-0.0001142270999999758,2
45,1771402759889,-0.004445571000000001,0.0040003704,-0.0001142270999999758,2
46,1771402759891,-0.004445571000000001,0.0040003704,-0.0001142270999999758,2
47,1771402759893,-0.003708471,0.0036961703999999996,0.0007437728999999386,2
48,1771402759896,-0.003708471,0.0036961703999999996,0.0007437728999999386,2
49,1771402759898,-0.003708471,0.0036961703999999996,0.0007437728999999386,2
50,1771402759900,-0.004558671,0.0041407703999999995,-7.132710000001894e-05,2
51,1771402759903,-0.004558671,0.0041407703999999995,-7.132710000001894e-05,2
52,1771402759905,-0.004558671,0.0041407703999999995,-7.132710000001894e-05,2
53,1771402759908,-0.004558671,0.0041407703999999995,-7.132710000001894e-05,2
54,1771402759910,-0.0037006710000000004,0.0034894704,0.000583872900000059,2
55,1771402759912,-0.0037006710000000004,0.0034894704,0.000583872900000059,2
56,1771402759921,-0.0037006710000000004,0.0034894704,0.000583872900000059,2
57,1771402759923,-0.0045079709999999995,0.003941870399999999,8.857289999997166e-05,2
58,1771402759926,-0.003825471,0.0037546704,0.0007359729000000474,2
59,1771402759928,-0.003825471,0.0037546704,0.0007359729000000474,2
60,1771402759930,-0.003825471,0.0037546704,0.0007359729000000474,2
61,1771402759933,-0.0042310709999999994,0.0040705704,-0.00013762709999998255,2
62,1771402759935,-0.0042310709999999994,0.0040705704,-0.00013762709999998255,2
63,1771402759938,-0.0042310709999999994,0.0040705704,-0.00013762709999998255,2
64,1771402759940,-0.004176470999999999,0.0039145704,0.000459072900000023,2
65,1771402759942,-0.004176470999999999,0.0039145704,0.000459072900000023,2
66,1771402759945,-0.004176470999999999,0.0039145704,0.000459072900000023,2
67,1771402759947,-0.004176470999999999,0.0039145704,0.000459072900000023,2
68,1771402759949,-0.004141371,0.0041173704,0.00035767289999988274,2
69,1771402759952,-0.004141371,0.0041173704,0.00035767289999988274,2
70,1771402759954,-0.004141371,0.0041173704,0.00035767289999988274,2
71,1771402759956,-0.004055570999999999,0.0037702703999999993,0.0004746729000000275,2
72,1771402759959,-0.004055570999999999,0.0037702703999999993,0.0004746729000000275,2
73,1771402759961,-0.004055570999999999,0.0037702703999999993,0.0004746729000000275,2
74,1771402759964,-0.004055570999999999,0.0037702703999999993,0.000646272900000077,2
75,1771402759966,-0.004094571,0.0037702703999999993,0.000646272900000077,2
76,1771402759968,-0.004094571,0.0037702703999999993,0.000646272900000077,2
77,1771402759971,-0.004094571,0.0037702703999999993,0.000646272900000077,2
78,1771402759973,-0.004207671,0.0038326704,0.00013927289999993077,2
79,1771402759976,-0.004207671,0.0038326704,0.00013927289999993077,2
80,1771402759978,-0.004207671,0.0038326704,0.00013927289999993077,2
81,1771402759980,-0.003876171,0.0036571703999999997,0.000646272900000077,2
82,1771402759983,-0.003876171,0.0036571703999999997,0.000646272900000077,2
83,1771402759985,-0.003876171,0.0036571703999999997,0.000646272900000077,2
84,1771402759987,-0.004305171,0.004113470399999999,-2.4527100000005446e-05,2
85,1771402759990,-0.004305171,0.004113470399999999,-2.4527100000005446e-05,2
86,1771402759992,-0.004305171,0.004113470399999999,-2.4527100000005446e-05,2
87,1771402759995,-0.004305171,0.004113470399999999,-2.4527100000005446e-05,2
88,1771402759997,-0.0037279709999999996,0.0038872704,0.000739872899999882,2
89,1771402760000,-0.0037279709999999996,0.0038872704,0.000739872899999882,2
90,1771402760002,-0.0037279709999999996,0.0038872704,0.000739872899999882,2
91,1771402760004,-0.004426071,0.0039457704,0.0004434729000000185,2
92,1771402760007,-0.004426071,0.0039457704,0.0004434729000000185,2
93,1771402760009,-0.004426071,0.0039457704,0.0004434729000000185,2
94,1771402760012,-0.003813771,0.0038404703999999996,0.0005175728999999844,2
95,1771402760014,-0.003813771,0.0038404703999999996,0.0005175728999999844,2
96,1771402760016,-0.003813771,0.0038404703999999996,0.0005175728999999844,2
97,1771402760019,-0.003813771,0.0038599704,0.00019777290000000316,2
98,1771402760021,-0.004192071,0.0038599704,0.00019777290000000316,2
99,1771402760023,-0.004192071,0.0038599704,0.00019777290000000316,2
100,1771402760026,-0.004192071,0.0038599704,0.00019777290000000316,2
101,1771402760028,-0.003891771,0.0037156704,0.0004434729000000185,2
102,1771402760030,-0.003891771,0.0037156704,0.0004434729000000185,2
103,1771402760033,-0.003891771,0.0037156704,0.0004434729000000185,2
104,1771402760035,-0.004203771,0.0039613704,-8.692710000002344e-05,2
105,1771402760038,-0.004203771,0.0039613704,-8.692710000002344e-05,2
106,1771402760040,-0.004203771,0.0039613704,-8.692710000002344e-05,2
107,1771402760042,-0.004203771,0.0037936704,0.00034207289999987824,2
108,1771402760045,-0.004129671,0.0037936704,0.00034207289999987824,2
109,1771402760047,-0.004129671,0.0037936704,0.00034207289999987824,2
110,1771402760049,-0.004129671,0.0037936704,0.00034207289999987824,2
111,1771402760052,-0.004305171,0.0039925704,0.00029137290000003015,2
112,1771402760054,-0.004305171,0.0039925704,0.00029137290000003015,2
113,1771402760056,-0.004305171,0.0039925704,0.00029137290000003015,2
114,1771402760059,-0.004071171,0.0038053704,0.000490272900000032,2
115,1771402760061,-0.004071171,0.0038053704,0.000490272900000032,2
116,1771402760064,-0.004071171,0.0038053704,0.000490272900000032,2
117,1771402760066,-0.004071171,0.003969170399999999,0.0007320728999999907,2
118,1771402760068,-0.004262271,0.003969170399999999,0.0007320728999999907,2
119,1771402760071,-0.004262271,0.003969170399999999,0.0007320728999999907,2
120,1771402760073,-0.004262271,0.003969170399999999,0.0007320728999999907,2
121,1771402760075,-0.004238871,0.0039535704,0.00011587290000003505,2
122,1771402760078,-0.004238871,0.0039535704,0.00011587290000003505,2
123,1771402760080,-0.004238871,0.0039535704,0.00011587290000003505,2
124,1771402760082,-0.003774771,0.0038989704,0.0009504729000000537,2
0,1771402760101,-0.0042310709999999994,0.0040705704,0.0001899729000000009,2
1,1771402760104,-0.003911270999999999,0.0038053704,0.0005994729000000635,2
2,1771402760106,-0.004484571,0.0040744703999999994,-3.622710000006433e-05,2
3,1771402760109,-0.004484571,0.0040744703999999994,-3.622710000006433e-05,2
4,1771402760111,-0.004484571,0.0040744703999999994,-3.622710000006433e-05,2
5,1771402760113,-0.004484571,0.0037975703999999994,0.0007476728999999952,2
6,1771402760116,-0.0038449710000000004,0.0037975703999999994,0.0007476728999999952,2
7,1771402760118,-0.0038449710000000004,0.0037975703999999994,0.0007476728999999952,2
8,1771402760120,-0.0038449710000000004,0.0037975703999999994,0.0007476728999999952,2
9,1771402760123,-0.0043909710000000005,0.0039496704,0.0002874728999999735,2
10,1771402760125,-0.0043909710000000005,0.0039496704,0.0002874728999999735,2
11,1771402760128,-0.0043909710000000005,0.0039496704,0.0002874728999999735,2
12,1771402760130,-0.003708471,0.0037351703999999996,0.00035377290000004815,2
13,1771402760132,-0.003708471,0.0037351703999999996,0.00035377290000004815,2
14,1771402760146,-0.005182671,0.0026509704,0.0016290728999999162,2
15,1771402760148,-0.002838771,0.0026509704,0.0016290728999999162,2
16,1771402760150,-0.002838771,0.0026509704,0.0016290728999999162,2
17,1771402760153,-0.002838771,0.004979270399999999,-0.0017912271000000155,2
18,1771402760155,-0.005198271000000001,0.004979270399999999,-0.0017912271000000155,2
19,1771402760158,-0.005198271000000001,0.004979270399999999,-0.0017912271000000155,2
20,1771402760160,-0.005198271000000001,0.004979270399999999,-0.0017912271000000155,2
21,1771402760162,-0.0025696710000000004,0.0041992704,0.0031968729000000353,2
22,1771402760165,-0.0025696710000000004,0.0041992704,0.0031968729000000353,2
23,1771402760167,-0.0025696710000000004,0.0041992704,0.0031968729000000353,2
24,1771402760169,-0.007978971,0.0031891704,-0.005383127099999997,2
25,1771402760172,-0.007978971,0.0031891704,-0.005383127099999997,2
26,1771402760174,-0.007978971,0.0031891704,-0.005383127099999997,2
27,1771402760177,-0.007978971,0.0101077704,-0.011689427099999983,2
28,1771402760179,-0.004851171,0.0101077704,-0.011689427099999983,2
29,1771402760181,-0.004851171,0.0101077704,-0.011689427099999983,2
30,1771402760184,-0.004851171,0.0101077704,-0.011689427099999983,2
31,1771402760186,-0.010627071,0.0241087704,-0.0003989271000000024,4
32,1771402760189,-0.010627071,0.0241087704,-0.0003989271000000024,4
33,1771402760192,-0.010627071,0.0241087704,0.0232857729,4
34,1771402760195,0.015198729,-0.0228784296,0.0232857729,4
35,1771402760198,0.015198729,-0.0228784296,0.0232857729,4
36,1771402760201,-0.018641571,-0.0098602296,-0.013456127099999993,2
37,1771402760204,-0.018641571,-0.0098602296,-0.013456127099999993,2
38,1771402760206,-0.018641571,-0.0098602296,-0.013456127099999993,2
39,1771402760209,0.004711629,0.0159733704,0.012880572899999887,4
40,1771402760211,0.004711629,0.0159733704,0.012880572899999887,4
41,1771402760214,0.004711629,0.0159733704,0.012880572899999887,4
42,1771402760217,-0.005958771,0.0156028704,-0.008054627100000045,4
43,1771402760220,-0.005958771,0.0156028704,-0.008054627100000045,4
44,1771402760223,-0.005958771,0.0156028704,-0.008054627100000045,4
45,1771402760226,-0.0032911710000000003,-0.011829729599999998,0.005486172899999974,2
46,1771402760229,-0.0032911710000000003,-0.011829729599999998,0.005486172899999974,2
47,1771402760231,-0.0032911710000000003,-0.011829729599999998,0.005486172899999974,2
48,1771402760234,-0.008142771,-0.0012607295999999997,-0.0015923271000000136,1
49,1771402760242,0.0012445289999999999,0.0122293704,0.0027990729000000316,2
50,1771402760245,0.0012445289999999999,0.0122293704,0.0027990729000000316,2
51,1771402760247,0.0012445289999999999,0.0122293704,-0.0011555270999999987,2
52,1771402760250,-0.0044416709999999995,0.0050416704,-0.0011555270999999987,2
53,1771402760253,-0.0044416709999999995,0.0050416704,-0.0011555270999999987,2
54,1771402760255,-0.0044416709999999995,0.0050416704,-0.0011555270999999987,2
55,1771402760258,-0.003864471,-0.004037529600000001,0.003645372899999887,2
56,1771402760260,-0.003864471,-0.004037529600000001,0.003645372899999887,2
57,1771402760263,-0.003864471,-0.004037529600000001,0.003645372899999887,2
58,1771402760265,-0.0025150710000000002,0.0027796704,-0.0012725271000000324,2
59,1771402760268,-0.0025150710000000002,0.0027796704,-0.0012725271000000324,2
60,1771402760270,-0.0025150710000000002,0.0027796704,-0.0012725271000000324,2
61,1771402760273,-0.0075850710000000005,0.011160770399999999,-0.0029105271000000607,2
62,1771402760276,-0.0075850710000000005,0.011160770399999999,-0.0029105271000000607,2
63,1771402760278,-0.0075850710000000005,0.011160770399999999,-0.0029105271000000607,2
64,1771402760281,-0.003154671,0.0029707703999999995,0.003189072899999922,2
65,1771402760283,-0.003154671,0.0029707703999999995,0.003189072899999922,2
66,1771402760286,-0.003154671,0.0029707703999999995,0.003189072899999922,2
67,1771402760288,-0.005365971000000001,-0.0003754295999999994,-0.0021422271000000057,1
68,1771402760291,-0.005365971000000001,-0.0003754295999999994,-0.0021422271000000057,1
69,1771402760293,-0.005365971000000001,-0.0003754295999999994,-0.0021422271000000057,1
70,1771402760296,-0.003337971,0.004717970399999999,0.0015198728999998848,2
71,1771402760298,-0.003337971,0.004717970399999999,0.0015198728999998848,2
72,1771402760301,-0.003337971,0.004717970399999999,0.0015198728999998848,2
73,1771402760304,-0.004613271,0.006211670399999999,6.907290000002155e-05,2
74,1771402760306,-0.004613271,0.006211670399999999,6.907290000002155e-05,2
75,1771402760309,-0.004613271,0.006211670399999999,6.907290000002155e-05,2
76,1771402760311,-0.0038215709999999997,0.0018670703999999995,6.6729000000035526e-06,2
77,1771402760314,-0.0038215709999999997,0.0018670703999999995,6.6729000000035526e-06,2
78,1771402760317,-0.0038215709999999997,0.0018670703999999995,6.6729000000035526e-06,2
79,1771402760319,-0.004644471000000001,0.0025339704,0.000490272900000032,2
80,1771402760322,-0.004644471000000001,0.0025339704,0.000490272900000032,2
81,1771402760325,-0.004644471000000001,0.0025339704,0.000490272900000032,2
82,1771402760327,-0.0040750709999999996,0.0049597704,0.0007593728999999431,2
83,1771402760330,-0.0040750709999999996,0.0049597704,0.0007593728999999431,2
84,1771402760332,-0.0040750709999999996,0.0049597704,0.0007593728999999431,2
85,1771402760335,-0.003837171,0.0039535704,0.00020167289999994877,2
86,1771402760337,-0.003837171,0.0039535704,0.00020167289999994877,2
87,1771402760340,-0.003837171,0.0039535704,0.00020167289999994877,2
88,1771402760342,-0.003837171,0.0027523703999999998,0.00032257290000003915,2
89,1771402760345,-0.0046015710000000005,0.0027523703999999998,0.00032257290000003915,2
90,1771402760347,-0.0046015710000000005,0.0027523703999999998,0.00032257290000003915,2
91,1771402760350,-0.0046015710000000005,0.0027523703999999998,0.0002835728999999169,2
92,1771402760353,-0.003997071,0.0036844703999999997,0.0002835728999999169,2
93,1771402760355,-0.003997071,0.0036844703999999997,0.0002835728999999169,2
94,1771402760358,-0.003997071,0.0036844703999999997,0.0002835728999999169,2
95,1771402760360,-0.0040087709999999995,0.0044956703999999995,0.00018217289999999866,2
96,1771402760363,-0.0040087709999999995,0.0044956703999999995,0.00018217289999999866,2
97,1771402760365,-0.0040087709999999995,0.0044956703999999995,0.00018217289999999866,2
98,1771402760368,-0.0039424709999999995,0.0033724704,0.0005175728999999844,2
99,1771402760370,-0.0039424709999999995,0.0033724704,0.0005175728999999844,2
100,1771402760373,-0.0039424709999999995,0.0033724704,0.0005175728999999844,2
101,1771402760375,-0.004285671,0.0030916703999999996,0.00040837289999995287,2
102,1771402760378,-0.004285671,0.0030916703999999996,0.00040837289999995287,2
103,1771402760381,-0.004285671,0.0030916703999999996,0.00040837289999995287,2
104,1771402760383,-0.0038956710000000003,0.0039184703999999996,0.0001587728999999919,2
105,1771402760386,-0.0038956710000000003,0.0039184703999999996,0.0001587728999999919,2
106,1771402760388,-0.0038956710000000003,0.0039184703999999996,0.0001587728999999919,2
107,1771402760391,-0.003880071,0.0038443704,0.000334272899999987,2
108,1771402760393,-0.003880071,0.0038443704,0.000334272899999987,2
109,1771402760396,-0.003880071,0.0038443704,0.000334272899999987,2
110,1771402760398,-0.004145271000000001,0.0033178704,0.0003771728999999439,2
111,1771402760401,-0.004145271000000001,0.0033178704,0.0003771728999999439,2
112,1771402760403,-0.004145271000000001,0.0033178704,0.0003771728999999439,2
113,1771402760406,-0.004351971,0.0033724704,0.0005682729000000545,2
114,1771402760409,-0.004351971,0.0033724704,0.0005682729000000545,2
115,1771402760411,-0.004351971,0.0033724704,0.0005682729000000545,2
116,1771402760414,-0.003938571,0.0039067704,0.00019777290000000316,2
117,1771402760416,-0.003938571,0.0039067704,0.00019777290000000316,2
118,1771402760419,-0.003938571,0.0039067704,0.00019777290000000316,2
119,1771402760421,-0.003938571,0.0035518703999999996,0.000427872900000014,2
120,1771402760424,-0.003930771,0.0035518703999999996,0.000427872900000014,2
121,1771402760426,-0.003930771,0.0035518703999999996,0.000427872900000014,2
122,1771402760429,-0.003930771,0.0035518703999999996,0.000583872900000059,2
123,1771402760432,-0.004164770999999999,0.0031423703999999995,0.000583872900000059,2
124,1771402760434,-0.004164770999999999,0.0031423703999999995,0.000583872900000059,2
0,1771402760445,-0.003934671000000001,0.0037780704,-5.962710000007108e-05,2
1,1771402760448,-0.003934671000000001,0.0037780704,-5.962710000007108e-05,2
2,1771402760450,-0.003934671000000001,0.0037780704,-5.962710000007108e-05,2
3,1771402760453,-0.003934671000000001,0.0032164704,0.000708672899999873,2
4,1771402760456,-0.003985371,0.0032164704,0.000708672899999873,2
5,1771402760458,-0.003985371,0.0032164704,0.000708672899999873,2
6,1771402760461,-0.003985371,0.0032164704,0.0001743728999999964,2
7,1771402760463,-0.004082871,0.0036766704,0.0001743728999999964,2
8,1771402760466,-0.004082871,0.0036766704,0.0001743728999999964,2
9,1771402760468,-0.004082871,0.0036766704,0.0001743728999999964,2
10,1771402760471,-0.0036499709999999997,0.0035635703999999995,0.0006657728999999161,2
11,1771402760473,-0.0036499709999999997,0.0035635703999999995,0.0006657728999999161,2
12,1771402760476,-0.0036499709999999997,0.0035635703999999995,0.0006657728999999161,2
13,1771402760478,-0.0042310709999999994,0.0033880704,0.00044737290000007514,2
14,1771402760481,-0.0042310709999999994,0.0033880704,0.00044737290000007514,2
15,1771402760484,-0.0042310709999999994,0.0033880704,0.00044737290000007514,2
16,1771402760487,-0.003907371,0.0032164704,0.0006657728999999161,2
17,1771402760490,-0.003907371,0.0032164704,0.0006657728999999161,2
18,1771402760492,-0.003907371,0.0032164704,-6.742710000007333e-05,2
19,1771402760495,-0.004328571,0.0037351703999999996,-6.742710000007333e-05,2
20,1771402760497,-0.004328571,0.0037351703999999996,-6.742710000007333e-05,2
21,1771402760500,-0.004328571,0.0037351703999999996,-6.742710000007333e-05,2
22,1771402760502,-0.0038176710000000003,0.0034816703999999993,0.0005721728999998891,2
23,1771402760505,-0.0038176710000000003,0.0034816703999999993,0.0005721728999998891,2
24,1771402760508,-0.0038176710000000003,0.0034816703999999993,0.0005721728999998891,2
25,1771402760510,-0.004078971000000001,0.0034543704,0.00023287289999995777,2
26,1771402760513,-0.004078971000000001,0.0034543704,0.00023287289999995777,2
27,1771402760515,-0.004078971000000001,0.0034543704,0.00023287289999995777,2
28,1771402760518,-0.0034900710000000004,0.0035362703999999995,0.0005331728999999889,2
29,1771402760520,-0.0034900710000000004,0.0035362703999999995,0.0005331728999999889,2
30,1771402760523,-0.0034900710000000004,0.0035362703999999995,0.0005331728999999889,2
31,1771402760525,-0.004082871,0.0035674704,0.0006033728999998981,2
32,1771402760528,-0.004082871,0.0035674704,0.0006033728999998981,2
33,1771402760531,-0.004082871,0.0035674704,0.0006033728999998981,2
34,1771402760533,-0.003813771,0.0034075703999999997,0.0006306729000000725,2
35,1771402760536,-0.003813771,0.0034075703999999997,0.0006306729000000725,2
36,1771402760538,-0.003813771,0.0034075703999999997,0.0006306729000000725,2
37,1771402760548,-0.004004871,0.0035089703999999994,0.00040057290000006165,2
38,1771402760550,-0.004137471,0.0034543704,0.000396672900000005,2
39,1771402760553,-0.004137471,0.0034543704,0.000396672900000005,2
40,1771402760555,-0.004137471,0.0034543704,0.0005955729000000069,2
41,1771402760558,-0.003786471,0.0034192703999999996,0.0005955729000000069,2
42,1771402760560,-0.003786471,0.0034192703999999996,0.0005955729000000069,2
43,1771402760563,-0.003786471,0.0034192703999999996,0.0005955729000000069,2
44,1771402760566,-0.0041530709999999995,0.0035479703999999994,0.00043567289999990523,2
45,1771402760568,-0.0041530709999999995,0.0035479703999999994,0.00043567289999990523,2
46,1771402760571,-0.0041530709999999995,0.0035479703999999994,0.00043567289999990523,2
47,1771402760573,-0.0037942709999999997,0.0033490704,0.0005643728999999979,2
48,1771402760576,-0.0037942709999999997,0.0033490704,0.0005643728999999979,2
49,1771402760578,-0.0037942709999999997,0.0033490704,0.0005643728999999979,2
50,1771402760581,-0.004156971000000001,0.0034504704,0.0001080729000000328,2
51,1771402760583,-0.004156971000000001,0.0034504704,0.0001080729000000328,2
52,1771402760586,-0.004156971000000001,0.0034504704,0.0001080729000000328,2
53,1771402760588,-0.0036109709999999997,0.0033022703999999996,0.00043177290000007064,2
54,1771402760591,-0.0036109709999999997,0.0033022703999999996,0.00043177290000007064,2
55,1771402760594,-0.0036109709999999997,0.0033022703999999996,0.00043177290000007064,2
56,1771402760596,-0.004133571000000001,0.0034387704,0.00020167289999994877,2
57,1771402760599,-0.004133571000000001,0.0034387704,0.00020167289999994877,2
58,1771402760601,-0.004133571000000001,0.0034387704,0.00020167289999994877,2
59,1771402760604,-0.0038215709999999997,0.0033373703999999994,0.0006696728999999727,2
60,1771402760606,-0.0038215709999999997,0.0033373703999999994,0.0006696728999999727,2
61,1771402760609,-0.0038215709999999997,0.0033373703999999994,0.0006696728999999727,2
62,1771402760611,-0.004129671,0.0033334704,5.7372899999962664e-05,2
63,1771402760614,-0.004129671,0.0033334704,5.7372899999962664e-05,2
64,1771402760617,-0.004129671,0.0033334704,5.7372899999962664e-05,2
65,1771402760619,-0.0037279709999999996,0.0034972703999999995,0.00040447289999989624,2
66,1771402760625,-0.0037279709999999996,0.0034972703999999995,0.00040447289999989624,2
67,1771402760628,-0.004149171,0.0034465703999999996,0.0004980728999999232,2
68,1771402760631,-0.004149171,0.0034465703999999996,0.0004980728999999232,2
69,1771402760633,-0.004149171,0.0034465703999999996,0.0004980728999999232,2
70,1771402760636,-0.003973671,0.0035089703999999994,0.0002874728999999735,2
71,1771402760638,-0.003973671,0.0035089703999999994,0.0002874728999999735,2
72,1771402760641,-0.003973671,0.0035089703999999994,0.0002874728999999735,2
73,1771402760643,-0.0035719709999999997,0.0032203703999999994,0.00042007289999990074,2
74,1771402760646,-0.0035719709999999997,0.0032203703999999994,0.00042007289999990074,2
75,1771402760648,-0.0035719709999999997,0.0032203703999999994,0.00042007289999990074,2
76,1771402760651,-0.004262271,0.0034426703999999994,0.00047077289999997087,2
77,1771402760653,-0.004262271,0.0034426703999999994,0.00047077289999997087,2
78,1771402760656,-0.004262271,0.0034426703999999994,0.00047077289999997087,2
79,1771402760659,-0.004082871,0.0035323704,0.0007359729000000474,2
80,1771402760661,-0.004082871,0.0035323704,0.0007359729000000474,2
81,1771402760664,-0.004082871,0.0035323704,0.0007359729000000474,2
82,1771402760666,-0.004082871,0.0036298703999999996,-0.00011032710000003019,2
83,1771402760669,-0.004078971000000001,0.0036298703999999996,-0.00011032710000003019,2
84,1771402760671,-0.004078971000000001,0.0036298703999999996,-0.00011032710000003019,2
85,1771402760674,-0.004078971000000001,0.0036298703999999996,0.0009114728999999314,2
86,1771402760676,-0.0038566710000000003,0.0031852703999999997,0.0009114728999999314,2
87,1771402760679,-0.0038566710000000003,0.0031852703999999997,0.0009114728999999314,2
88,1771402760681,-0.0038566710000000003,0.0031852703999999997,0.0009114728999999314,2
89,1771402760684,-0.004121870999999999,0.0036766704,0.00036937290000005265,2
90,1771402760687,-0.004121870999999999,0.0036766704,0.00036937290000005265,2
91,1771402760689,-0.004121870999999999,0.0036766704,0.00036937290000005265,2
92,1771402760692,-0.0036109709999999997,0.0035752703999999995,0.0006618729000000815,2
93,1771402760694,-0.0036109709999999997,0.0035752703999999995,0.0006618729000000815,2
94,1771402760697,-0.0036109709999999997,0.0035752703999999995,0.0006618729000000815,2
95,1771402760699,-0.004254470999999999,0.0035713704,5.347290000001705e-05,2
96,1771402760702,-0.004254470999999999,0.0035713704,5.347290000001705e-05,2
97,1771402760704,-0.004254470999999999,0.0035713704,5.347290000001705e-05,2
98,1771402760707,-0.0035953710000000004,0.0032593703999999994,0.00047077289999997087,2
99,1771402760709,-0.0035953710000000004,0.0032593703999999994,0.00047077289999997087,2
100,1771402760712,-0.0035953710000000004,0.0032593703999999994,0.00047077289999997087,2
101,1771402760715,-0.0042310709999999994,0.0035674704,2.7728999999469166e-06,2
102,1771402760717,-0.0042310709999999994,0.0035674704,2.7728999999469166e-06,2
103,1771402760720,-0.0042310709999999994,0.0035674704,2.7728999999469166e-06,2
104,1771402760722,-0.0036850710000000003,0.0033412703999999996,0.0007008728999999817,2
105,1771402760725,-0.0036850710000000003,0.0033412703999999996,0.0007008728999999817,2
106,1771402760727,-0.0036850710000000003,0.0033412703999999996,0.0007008728999999817,2
107,1771402760730,-0.004106271,0.0034933704,0.00019387289999994652,2
108,1771402760732,-0.004106271,0.0034933704,0.00019387289999994652,2
109,1771402760735,-0.004106271,0.0034933704,0.00019387289999994652,2
110,1771402760738,-0.0035836709999999996,0.0033490704,0.00018607289999994427,2
111,1771402760740,-0.0035836709999999996,0.0033490704,0.00018607289999994427,2
112,1771402760743,-0.0035836709999999996,0.0033490704,0.00018607289999994427,2
113,1771402760745,-0.0035836709999999996,0.0036532703999999994,0.00040057290000006165,2
114,1771402760748,-0.004090671000000001,0.0036532703999999994,0.00040057290000006165,2
115,1771402760750,-0.004090671000000001,0.0036532703999999994,0.00040057290000006165,2
116,1771402760753,-0.004090671000000001,0.0036532703999999994,0.0002562728999999645,2
117,1771402760755,-0.003915171,0.0035479703999999994,0.0002562728999999645,2
118,1771402760758,-0.003915171,0.0035479703999999994,0.0002562728999999645,2
119,1771402760760,-0.003915171,0.0035479703999999994,0.0002562728999999645,2
120,1771402760763,-0.004059471,0.0034309703999999995,0.0005487728999999934,2
121,1771402760766,-0.004059471,0.0034309703999999995,0.0005487728999999934,2
122,1771402760768,-0.004059471,0.0034309703999999995,0.0005487728999999934,2
123,1771402760771,-0.003961971,0.0033880704,0.00027577290000002565,2
124,1771402760773,-0.003961971,0.0033880704,0.00027577290000002565,2
0,1771402760785,-0.003665571,0.0036142703999999994,0.0001743728999999964,2
1,1771402760787,-0.004227171,0.0036142703999999994,0.0001743728999999964,2
2,1771402760790,-0.004227171,0.0036142703999999994,0.0001743728999999964,2
3,1771402760792,-0.004227171,0.0036142703999999994,0.0005760728999999457,2
4,1771402760795,-0.003770871,0.0032710703999999993,0.0005760728999999457,2
5,1771402760797,-0.003770871,0.0032710703999999993,0.0005760728999999457,2
6,1771402760800,-0.003770871,0.0032710703999999993,0.0005760728999999457,2
7,1771402760803,-0.004223271000000001,0.0036493704,-3.2327100000007695e-05,2
8,1771402760805,-0.004223271000000001,0.0036493704,-3.2327100000007695e-05,2
9,1771402760808,-0.004223271000000001,0.0036493704,-3.2327100000007695e-05,2
10,1771402760810,-0.0036772709999999998,0.0031774704,0.000646272900000077,2
11,1771402760813,-0.0036772709999999998,0.0031774704,0.000646272900000077,2
12,1771402760815,-0.0036772709999999998,0.0031774704,0.000646272900000077,2
13,1771402760818,-0.004059471,0.0035245703999999996,-0.00010642709999997356,2
14,1771402760820,-0.004059471,0.0035245703999999996,-0.00010642709999997356,2
15,1771402760823,-0.004059471,0.0035245703999999996,-0.00010642709999997356,2
16,1771402760825,-0.0036070710000000003,0.0033100704,0.00027577290000002565,2
17,1771402760828,-0.0036070710000000003,0.0033100704,0.00027577290000002565,2
18,1771402760830,-0.0036070710000000003,0.0033100704,0.00027577290000002565,2
19,1771402760833,-0.003813771,0.0031033703999999995,0.00046687289999991423,2
20,1771402760836,-0.003813771,0.0031033703999999995,0.00046687289999991423,2
21,1771402760838,-0.003813771,0.0031033703999999995,0.00046687289999991423,2
22,1771402760841,-0.003774771,0.0032554704,0.0005370729000000455,2
23,1771402760843,-0.003774771,0.0032554704,0.0005370729000000455,2
24,1771402760846,-0.003774771,0.0032554704,0.0005370729000000455,2
25,1771402760855,-0.003743571,0.0032632703999999997,0.000646272900000077,2
26,1771402760857,-0.003798171,0.0032398704,0.00030697290000003465,2
27,1771402760860,-0.003798171,0.0032398704,0.00030697290000003465,2
28,1771402760862,-0.003798171,0.0032398704,0.00030697290000003465,2
29,1771402760865,-0.003669471,0.0032944704,0.0008802728999999224,2
30,1771402760867,-0.003669471,0.0032944704,0.0008802728999999224,2
31,1771402760870,-0.003669471,0.0032944704,0.0008802728999999224,2
32,1771402760873,-0.0037903710000000003,0.0031306703999999996,0.00035377290000004815,2
33,1771402760875,-0.0037903710000000003,0.0031306703999999996,0.00035377290000004815,2
34,1771402760878,-0.0037903710000000003,0.0031306703999999996,0.00035377290000004815,2
35,1771402760880,-0.0037123710000000003,0.0034348703999999997,0.0003927728999999484,2
36,1771402760883,-0.0037123710000000003,0.0034348703999999997,0.0003927728999999484,2
37,1771402760885,-0.0037123710000000003,0.0034348703999999997,0.0003927728999999484,2
38,1771402760888,-0.003591471,0.0033724704,0.000365472899999996,2
39,1771402760890,-0.003591471,0.0033724704,0.000365472899999996,2
40,1771402760893,-0.003591471,0.0033724704,0.000365472899999996,2
41,1771402760895,-0.003388671,0.0032242703999999997,0.00027577290000002565,2
42,1771402760898,-0.003388671,0.0032242703999999997,0.00027577290000002565,2
43,1771402760900,-0.003388671,0.0032242703999999997,0.00027577290000002565,2
44,1771402760903,-0.003388671,0.0030097703999999994,0.00022507289999995552,2
45,1771402760906,-0.003614871,0.0030097703999999994,0.00022507289999995552,2
46,1771402760908,-0.003614871,0.0030097703999999994,0.00022507289999995552,2
47,1771402760911,-0.003614871,0.0032710703999999993,0.00042007289999990074,2
48,1771402760914,-0.003552471,0.0032710703999999993,0.00042007289999990074,2
49,1771402760916,-0.003552471,0.0032710703999999993,0.00042007289999990074,2
50,1771402760919,-0.003552471,0.0032710703999999993,0.0003147728999999259,2
51,1771402760921,-0.003759171,0.0033022703999999996,0.0003147728999999259,2
52,1771402760924,-0.003759171,0.0033022703999999996,0.0003147728999999259,2
53,1771402760926,-0.003759171,0.0033022703999999996,0.0003147728999999259,2
54,1771402760929,-0.003493971,0.0031189703999999997,0.0007905728999999521,2
55,1771402760932,-0.003493971,0.0031189703999999997,0.0007905728999999521,2
56,1771402760934,-0.003493971,0.0031189703999999997,0.0007905728999999521,2
57,1771402760937,-0.0038332709999999996,0.0034348703999999997,0.0003615728999999394,2
58,1771402760939,-0.0038332709999999996,0.0034348703999999997,0.0003615728999999394,2
59,1771402760942,-0.0038332709999999996,0.0034348703999999997,0.0003615728999999394,2
60,1771402760944,-0.003302871,0.0032554704,0.0007944729000000087,2
61,1771402760947,-0.003302871,0.0032554704,0.0007944729000000087,2
62,1771402760949,-0.003302871,0.0032554704,0.0007944729000000087,2
63,1771402760952,-0.003275571,0.0036220704,0.0008256729000000177,2
64,1771402760954,-0.003275571,0.0036220704,0.0008256729000000177,2
65,1771402760957,-0.003275571,0.0036220704,0.0008256729000000177,2
66,1771402760960,-0.0025813710000000003,0.0042811704,0.0008568729000000267,2
67,1771402760962,-0.0025813710000000003,0.0042811704,0.0008568729000000267,2
68,1771402760965,-0.0025813710000000003,0.0042811704,0.0008568729000000267,2
69,1771402760967,-0.0024253710000000004,0.0045619703999999995,0.0006852728999999772,2
70,1771402760970,-0.0024253710000000004,0.0045619703999999995,0.0006852728999999772,2
71,1771402760972,-0.0024253710000000004,0.0045619703999999995,0.0006852728999999772,2
72,1771402760975,-0.002643771,0.0045580704,0.00038887289999989174,2
73,1771402760977,-0.002643771,0.0045580704,0.00038887289999989174,2
74,1771402760980,-0.002643771,0.0045580704,0.00038887289999989174,2
75,1771402760982,-0.003493971,0.0034387704,0.0003498728999999915,2
76,1771402760985,-0.003493971,0.0034387704,0.0003498728999999915,2
77,1771402760988,-0.003493971,0.0034387704,0.0003498728999999915,2
78,1771402760990,-0.004788771000000001,0.0024598703999999996,-4.7927100000012194e-05,2
79,1771402760993,-0.004788771000000001,0.0024598703999999996,-4.7927100000012194e-05,2
80,1771402760995,-0.004788771000000001,0.0024598703999999996,-4.7927100000012194e-05,2
81,1771402760998,-0.004788771000000001,0.0015511703999999994,0.0006852728999999772,1
82,1771402761000,-0.005069571,0.0015511703999999994,0.0006852728999999772,1
83,1771402761003,-0.005069571,0.0015511703999999994,0.0006852728999999772,1
84,1771402761005,-0.005069571,0.0015511703999999994,-5.5727100000014444e-05,1
85,1771402761008,-0.0055999710000000005,0.0022258703999999997,-5.5727100000014444e-05,2
86,1771402761010,-0.0055999710000000005,0.0022258703999999997,-5.5727100000014444e-05,2
87,1771402761013,-0.0055999710000000005,0.0022258703999999997,-5.5727100000014444e-05,2
88,1771402761016,-0.0048784710000000005,0.0026821703999999995,0.0005604728999999412,2
89,1771402761018,-0.0048784710000000005,0.0026821703999999995,0.0005604728999999412,2
90,1771402761021,-0.0048784710000000005,0.0026821703999999995,0.0005604728999999412,2
91,1771402761026,-0.004905771,0.0023623704,0.0005097728999998711,2
92,1771402761029,-0.004905771,0.0023623704,0.0005097728999998711,2
93,1771402761031,-0.004511871000000001,0.0011689704000000002,0.0005799729000000024,1
94,1771402761034,-0.004511871000000001,0.0011689704000000002,0.0005799729000000024,1
95,1771402761036,-0.004511871000000001,0.0011689704000000002,0.0005799729000000024,1
96,1771402761039,-0.004628871,0.0024208703999999996,0.00027577290000002565,2
97,1771402761041,-0.004628871,0.0024208703999999996,0.00027577290000002565,2
98,1771402761044,-0.004628871,0.0024208703999999996,0.00027577290000002565,2
99,1771402761046,-0.003813771,0.0033958703999999998,0.0004746729000000275,2
100,1771402761049,-0.003813771,0.0033958703999999998,0.0004746729000000275,2
101,1771402761052,-0.003813771,0.0033958703999999998,0.0004746729000000275,2
102,1771402761054,-0.004184271,0.0035245703999999996,6.907290000002155e-05,2
103,1771402761057,-0.004184271,0.0035245703999999996,6.907290000002155e-05,2
104,1771402761059,-0.004184271,0.0035245703999999996,6.907290000002155e-05,2
105,1771402761062,-0.003997071,0.0031111704,0.000427872900000014,2
106,1771402761064,-0.003997071,0.0031111704,0.000427872900000014,2
107,1771402761067,-0.003997071,0.0031111704,0.000427872900000014,2
108,1771402761069,-0.004094571,0.0032710703999999993,0.0006969728999999251,2
109,1771402761072,-0.004094571,0.0032710703999999993,0.0006969728999999251,2
110,1771402761075,-0.004094571,0.0032710703999999993,0.0006969728999999251,2
111,1771402761077,-0.003934671000000001,0.0035830704,0.0003147728999999259,2
112,1771402761080,-0.003934671000000001,0.0035830704,0.0003147728999999259,2
113,1771402761082,-0.003934671000000001,0.0035830704,0.0003147728999999259,2
114,1771402761085,-0.003934671000000001,0.0033217704,0.0007437728999999386,2
115,1771402761087,-0.0037162709999999997,0.0033217704,0.0007437728999999386,2
116,1771402761090,-0.0037162709999999997,0.0033217704,0.0007437728999999386,2
117,1771402761092,-0.0037162709999999997,0.0033217704,5.7372899999962664e-05,2
118,1771402761095,-0.004016571,0.0033646703999999994,5.7372899999962664e-05,2
119,1771402761098,-0.004016571,0.0033646703999999994,5.7372899999962664e-05,2
120,1771402761100,-0.004016571,0.0033646703999999994,0.000490272900000032,2
121,1771402761103,-0.0037786710000000004,0.0031540703999999994,0.000490272900000032,2
122,1771402761105,-0.0037786710000000004,0.0031540703999999994,0.000490272900000032,2
123,1771402761108,-0.0037786710000000004,0.0031540703999999994,0.000490272900000032,2
124,1771402761110,-0.004387070999999999,0.0036493704,-5.962710000007108e-05,2
0,1771402761122,-0.0038293710000000003,0.0035557704,0.0008412729000000222,2
1,1771402761133,-0.004149171,0.0034894704,0.000459072900000023,2
2,1771402761136,-0.004149171,0.0034894704,0.000459072900000023,2
3,1771402761138,-0.004149171,0.0034894704,0.000459072900000023,2
4,1771402761141,-0.004293471,0.0039223704,0.00030697290000003465,2
5,1771402761143,-0.004293471,0.0039223704,0.00030697290000003465,2
6,1771402761146,-0.004293471,0.0039223704,0.00030697290000003465,2
7,1771402761148,-0.0042310709999999994,0.0037819704,0.00036937290000005265,2
8,1771402761151,-0.0042310709999999994,0.0037819704,0.00036937290000005265,2
9,1771402761153,-0.0042310709999999994,0.0037819704,0.00036937290000005265,2
10,1771402761156,-0.0042310709999999994,0.0038092704,-0.00013762709999998255,2
11,1771402761158,-0.004367571000000001,0.0038092704,-0.00013762709999998255,2
12,1771402761161,-0.004367571000000001,0.0038092704,-0.00013762709999998255,2
13,1771402761171,-0.003915171,0.0038131703999999995,0.0003615728999999394,2
14,1771402761173,-0.004192071,0.0036961703999999996,0.000271872899999969,2
15,1771402761176,-0.004192071,0.0036961703999999996,0.000271872899999969,2
16,1771402761178,-0.004192071,0.0036961703999999996,0.000271872899999969,2
17,1771402761181,-0.003950271,0.0036649704,-0.0001727271000000482,2
18,1771402761183,-0.003950271,0.0036649704,-0.0001727271000000482,2
19,1771402761186,-0.003950271,0.0036649704,-0.0001727271000000482,2
20,1771402761188,-0.0039580710000000005,0.0039106704,0.0005097728999998711,2
21,1771402761191,-0.0039580710000000005,0.0039106704,0.0005097728999998711,2
22,1771402761194,-0.0039580710000000005,0.0039106704,0.0005097728999998711,2
23,1771402761196,-0.004184271,0.0038170704,0.00021337290000000766,2
24,1771402761199,-0.004184271,0.0038170704,0.00021337290000000766,2
25,1771402761201,-0.004184271,0.0038170704,0.00021337290000000766,2
26,1771402761204,-0.004172571,0.0032320703999999994,0.0007632728999999997,2
27,1771402761206,-0.004172571,0.0032320703999999994,0.0007632728999999997,2
28,1771402761209,-0.004172571,0.0032320703999999994,0.0007632728999999997,2
29,1771402761211,-0.004632771000000001,0.0037702703999999993,-1.6727100000003196e-05,2
30,1771402761214,-0.004632771000000001,0.0037702703999999993,-1.6727100000003196e-05,2
31,1771402761216,-0.004632771000000001,0.0037702703999999993,-1.6727100000003196e-05,2
32,1771402761219,-0.004632771000000001,0.0037429704,0.0009660729000000582,2
33,1771402761222,-0.004172571,0.0037429704,0.0009660729000000582,2
34,1771402761224,-0.004172571,0.0037429704,0.0009660729000000582,2
35,1771402761227,-0.004172571,0.0034348703999999997,0.0005604728999999412,2
36,1771402761229,-0.0045352710000000004,0.0034348703999999997,0.0005604728999999412,2
37,1771402761232,-0.0045352710000000004,0.0034348703999999997,0.0005604728999999412,2
38,1771402761234,-0.0045352710000000004,0.0034348703999999997,0.0005604728999999412,2
39,1771402761237,-0.004207671,0.0032593703999999994,0.0007554728999998864,2
40,1771402761239,-0.004207671,0.0032593703999999994,0.0007554728999998864,2
41,1771402761242,-0.004207671,0.0032593703999999994,0.0007554728999998864,2
42,1771402761244,-0.004593771,0.0038092704,-0.0003053270999999754,2
43,1771402761247,-0.004593771,0.0038092704,-0.0003053270999999754,2
44,1771402761250,-0.004593771,0.0038092704,-0.0003053270999999754,2
45,1771402761252,-0.003802071,0.0043318704,0.00011587290000003505,2
46,1771402761255,-0.003802071,0.0043318704,0.00011587290000003505,2
47,1771402761257,-0.003802071,0.0043318704,0.00011587290000003505,2
48,1771402761260,-0.0037825709999999998,0.0040120704,0.00013537289999998516,2
49,1771402761262,-0.0037825709999999998,0.0040120704,0.00013537289999998516,2
50,1771402761265,-0.0037825709999999998,0.0040120704,0.00013537289999998516,2
51,1771402761268,-0.0036109709999999997,0.0036493704,0.00020947289999995102,2
52,1771402761270,-0.0036109709999999997,0.0036493704,0.00020947289999995102,2
53,1771402761273,-0.0036109709999999997,0.0036493704,0.00020947289999995102,2
54,1771402761275,-0.003552471,0.0034933704,0.0005097728999998711,2
55,1771402761278,-0.003552471,0.0034933704,0.0005097728999998711,2
56,1771402761280,-0.003552471,0.0034933704,0.0005097728999998711,2
57,1771402761283,-0.003997071,0.0032710703999999993,9.637289999997391e-05,2
58,1771402761285,-0.003997071,0.0032710703999999993,9.637289999997391e-05,2
59,1771402761288,-0.003997071,0.0032710703999999993,9.637289999997391e-05,2
60,1771402761291,-0.003825471,0.0038989704,0.0008724729000000312,2
61,1771402761293,-0.003825471,0.0038989704,0.0008724729000000312,2
62,1771402761296,-0.003825471,0.0038989704,0.0008724729000000312,2
63,1771402761298,-0.003848871,0.0038482704,0.00022507289999995552,2
64,1771402761301,-0.003848871,0.0038482704,0.00022507289999995552,2
65,1771402761303,-0.003848871,0.0038482704,0.00022507289999995552,2
66,1771402761306,-0.003848871,0.0032593703999999994,0.0002835728999999169,2
67,1771402761308,-0.004043870999999999,0.0032593703999999994,0.0002835728999999169,2
68,1771402761311,-0.004043870999999999,0.0032593703999999994,0.0002835728999999169,2
69,1771402761313,-0.004043870999999999,0.0032593703999999994,0.00021727289999995327,2
70,1771402761316,-0.004047771,0.0038716704,0.00021727289999995327,2
71,1771402761318,-0.004047771,0.0038716704,0.00021727289999995327,2
72,1771402761321,-0.004047771,0.0038716704,0.00021727289999995327,2
73,1771402761324,-0.004098470999999999,0.0039574703999999995,0.00042007289999990074,2
74,1771402761326,-0.004098470999999999,0.0039574703999999995,0.00042007289999990074,2
75,1771402761329,-0.004098470999999999,0.0039574703999999995,0.00042007289999990074,2
76,1771402761331,-0.004449471,0.0039067704,-0.00032872709999998216,2
77,1771402761334,-0.004449471,0.0039067704,-0.00032872709999998216,2
78,1771402761336,-0.004449471,0.0039067704,-0.00032872709999998216,2
79,1771402761339,-0.004160871,0.0040276704,0.0011376728999998855,2
80,1771402761341,-0.004160871,0.0040276704,0.0011376728999998855,2
81,1771402761344,-0.004160871,0.0040276704,0.0011376728999998855,2
82,1771402761346,-0.0030571709999999996,0.0033958703999999998,1.8372899999951416e-05,2
83,1771402761349,-0.0030571709999999996,0.0033958703999999998,1.8372899999951416e-05,2
84,1771402761352,-0.0030571709999999996,0.0033958703999999998,1.8372899999951416e-05,2
85,1771402761354,-0.004133571000000001,0.0034231704,0.0005760728999999457,2
86,1771402761357,-0.004133571000000001,0.0034231704,0.0005760728999999457,2
87,1771402761359,-0.004133571000000001,0.0034231704,0.0005760728999999457,2
88,1771402761362,-0.004465070999999999,0.0035401703999999997,0.0005292728999999322,2
89,1771402761364,-0.004465070999999999,0.0035401703999999997,0.0005292728999999322,2
90,1771402761367,-0.004465070999999999,0.0035401703999999997,0.0005292728999999322,2
91,1771402761369,-0.004624971,0.0039379704,-0.0008279271000000151,2
92,1771402761372,-0.004624971,0.0039379704,-0.0008279271000000151,2
93,1771402761374,-0.004624971,0.0039379704,-0.0008279271000000151,2
94,1771402761377,-0.004624971,0.004612670399999999,0.0013326729000000528,2
95,1771402761379,-0.003404271,0.004612670399999999,0.0013326729000000528,2
96,1771402761382,-0.003404271,0.004612670399999999,0.0013326729000000528,2
97,1771402761385,-0.003404271,0.004612670399999999,-0.00043402710000006804,2
98,1771402761387,-0.003993171,0.0036220704,-0.00043402710000006804,2
99,1771402761390,-0.003993171,0.0036220704,-0.00043402710000006804,2
100,1771402761392,-0.003993171,0.0036220704,-0.00043402710000006804,2
101,1771402761395,-0.0038683710000000002,0.0026197703999999997,0.0007866728999998954,2
102,1771402761397,-0.0038683710000000002,0.0026197703999999997,0.0007866728999998954,2
103,1771402761400,-0.0038683710000000002,0.0026197703999999997,0.0007866728999998954,2
104,1771402761402,-0.004336371,0.0039964703999999995,0.00027577290000002565,2
105,1771402761405,-0.004336371,0.0039964703999999995,0.00027577290000002565,2
106,1771402761408,-0.004336371,0.0039964703999999995,0.00027577290000002565,2
107,1771402761410,-0.004948671,0.0045112704,9.637289999997391e-05,2
108,1771402761413,-0.004948671,0.0045112704,9.637289999997391e-05,2
109,1771402761415,-0.004948671,0.0045112704,9.637289999997391e-05,2
110,1771402761418,-0.0028075709999999996,0.0033997704,0.0008724729000000312,2
111,1771402761420,-0.0028075709999999996,0.0033997704,0.0008724729000000312,2
112,1771402761423,-0.0028075709999999996,0.0033997704,0.0008724729000000312,2
113,1771402761425,-0.004652271000000001,0.0032866703999999995,-0.0002741270999999664,2
114,1771402761428,-0.004652271000000001,0.0032866703999999995,-0.0002741270999999664,2
115,1771402761430,-0.004652271000000001,0.0032866703999999995,-0.0002741270999999664,2
116,1771402761433,-0.004016571,0.0041407703999999995,0.0011376728999998855,2
117,1771402761436,-0.004016571,0.0041407703999999995,0.0011376728999998855,2
118,1771402761438,-0.004016571,0.0041407703999999995,0.0011376728999998855,2
119,1771402761441,-0.0038332709999999996,0.0038833704,-0.00028192709999996866,2
120,1771402761443,-0.0038332709999999996,0.0038833704,-0.00028192709999996866,2
121,1771402761446,-0.0038332709999999996,0.0038833704,-0.00028192709999996866,2
122,1771402761448,-0.003989271000000001,0.0034387704,-8.927100000000947e-06,2
123,1771402761451,-0.003989271000000001,0.0034387704,-8.927100000000947e-06,2
124,1771402761453,-0.003989271000000001,0.0034387704,-8.927100000000947e-06,2
0,1771402761465,-0.004098470999999999,0.0040822704,-4.402710000006658e-05,2
1,1771402761467,-0.004098470999999999,0.0040822704,-4.402710000006658e-05,2
2,1771402761476,-0.004098470999999999,0.0040822704,-4.402710000006658e-05,2
3,1771402761479,-0.0036187710000000002,0.0035050704,0.00048247289999991873,2
4,1771402761481,-0.004270071,0.0038599704,0.0002211729000000099,2
5,1771402761484,-0.004270071,0.0038599704,0.0002211729000000099,2
6,1771402761486,-0.004270071,0.0038599704,0.0002211729000000099,2
7,1771402761489,-0.003587571,0.0037858703999999995,0.0009504729000000537,2
8,1771402761491,-0.003587571,0.0037858703999999995,0.0009504729000000537,2
9,1771402761494,-0.003587571,0.0037858703999999995,0.0009504729000000537,2
10,1771402761497,-0.004351971,0.0037702703999999993,0.00019387289999994652,2
11,1771402761500,-0.004351971,0.0037702703999999993,0.00019387289999994652,2
12,1771402761502,-0.004351971,0.0037702703999999993,0.00019387289999994652,2
13,1771402761505,-0.0038995709999999997,0.0036064703999999998,0.0009192729000000447,2
14,1771402761508,-0.0038995709999999997,0.0036064703999999998,0.0009192729000000447,2
15,1771402761510,-0.0038995709999999997,0.0036064703999999998,0.0009192729000000447,2
16,1771402761513,-0.004293471,0.0039067704,5.347290000001705e-05,2
17,1771402761515,-0.004293471,0.0039067704,5.347290000001705e-05,2
18,1771402761518,-0.004293471,0.0039067704,5.347290000001705e-05,2
19,1771402761520,-0.0037396710000000004,0.0037585703999999994,0.0007125728999999296,2
20,1771402761523,-0.0037396710000000004,0.0037585703999999994,0.0007125728999999296,2
21,1771402761525,-0.0037396710000000004,0.0037585703999999994,0.0007125728999999296,2
22,1771402761528,-0.004203771,0.0038443704,0.0005409728999998801,2
23,1771402761530,-0.004203771,0.0038443704,0.0005409728999998801,2
24,1771402761533,-0.004203771,0.0038443704,0.0005409728999998801,2
25,1771402761536,-0.0037396710000000004,0.0037156704,0.0007125728999999296,2
26,1771402761538,-0.0037396710000000004,0.0037156704,0.0007125728999999296,2
27,1771402761541,-0.0037396710000000004,0.0037156704,0.0007125728999999296,2
28,1771402761543,-0.0042310709999999994,0.0038092704,0.0007359729000000474,2
29,1771402761546,-0.0042310709999999994,0.0038092704,0.0007359729000000474,2
30,1771402761548,-0.0042310709999999994,0.0038092704,0.0007359729000000474,2
31,1771402761551,-0.003934671000000001,0.0036766704,0.00040837289999995287,2
32,1771402761553,-0.003934671000000001,0.0036766704,0.00040837289999995287,2
33,1771402761556,-0.003934671000000001,0.0036766704,0.00040837289999995287,2
34,1771402761559,-0.003965870999999999,0.0035869703999999994,0.0004746729000000275,2
35,1771402761561,-0.003965870999999999,0.0035869703999999994,0.0004746729000000275,2
36,1771402761564,-0.003965870999999999,0.0035869703999999994,0.0004746729000000275,2
37,1771402761566,-0.003965870999999999,0.0037156704,-0.00029752709999997316,2
38,1771402761569,-0.004332470999999999,0.0037156704,-0.00029752709999997316,2
39,1771402761571,-0.004332470999999999,0.0037156704,-0.00029752709999997316,2
40,1771402761574,-0.004332470999999999,0.0037156704,0.0008958728999999269,2
41,1771402761576,-0.003747471,0.0036415703999999995,0.0008958728999999269,2
42,1771402761579,-0.003747471,0.0036415703999999995,0.0008958728999999269,2
43,1771402761582,-0.003747471,0.0036415703999999995,0.0008958728999999269,2
44,1771402761584,-0.004277871000000001,0.0038872704,-0.00011032710000003019,2
45,1771402761587,-0.004277871000000001,0.0038872704,-0.00011032710000003019,2
46,1771402761589,-0.004277871000000001,0.0038872704,-0.00011032710000003019,2
47,1771402761592,-0.003564171,0.0037468703999999995,0.0008802728999999224,2
48,1771402761594,-0.003564171,0.0037468703999999995,0.0008802728999999224,2
49,1771402761597,-0.003564171,0.0037468703999999995,0.0008802728999999224,2
50,1771402761599,-0.004426071,0.0040159704,0.0002991728999999214,2
51,1771402761602,-0.004426071,0.0040159704,0.0002991728999999214,2
52,1771402761604,-0.004426071,0.0040159704,0.0002991728999999214,2
53,1771402761607,-0.003591471,0.0035479703999999994,0.0008802728999999224,2
54,1771402761610,-0.003591471,0.0035479703999999994,0.0008802728999999224,2
55,1771402761612,-0.003591471,0.0035479703999999994,0.0008802728999999224,2
56,1771402761615,-0.004375370999999999,0.0037468703999999995,0.00024847289999996227,2
57,1771402761617,-0.004375370999999999,0.0037468703999999995,0.00024847289999996227,2
58,1771402761620,-0.004375370999999999,0.0037468703999999995,0.00024847289999996227,2
59,1771402761622,-0.0037240710000000002,0.0035986704,0.00043957289999996187,2
60,1771402761625,-0.0037240710000000002,0.0035986704,0.00043957289999996187,2
61,1771402761627,-0.0037240710000000002,0.0035986704,0.00043957289999996187,2
62,1771402761630,-0.004461171,0.0037975703999999994,0.000334272899999987,2
63,1771402761632,-0.004461171,0.0037975703999999994,0.000334272899999987,2
64,1771402761635,-0.004461171,0.0037975703999999994,0.000334272899999987,2
65,1771402761638,-0.004000971000000001,0.0037585703999999994,8.467290000002605e-05,2
66,1771402761640,-0.004000971000000001,0.0037585703999999994,8.467290000002605e-05,2
67,1771402761643,-0.004000971000000001,0.0037585703999999994,8.467290000002605e-05,2
68,1771402761645,-0.004000971000000001,0.0037819704,0.0009075728999998748,2
69,1771402761648,-0.004004871,0.0037819704,0.0009075728999998748,2
70,1771402761650,-0.004004871,0.0037819704,0.0009075728999998748,2
71,1771402761653,-0.004004871,0.0037819704,-7.912710000002119e-05,2
72,1771402761655,-0.004067271000000001,0.0038950703999999997,-7.912710000002119e-05,2
73,1771402761658,-0.004067271000000001,0.0038950703999999997,-7.912710000002119e-05,2
74,1771402761661,-0.004067271000000001,0.0038950703999999997,-7.912710000002119e-05,2
75,1771402761663,-0.0038059709999999996,0.0036376704,0.0008334728999999089,2
76,1771402761666,-0.0038059709999999996,0.0036376704,0.0008334728999999089,2
77,1771402761668,-0.0038059709999999996,0.0036376704,0.0008334728999999089,2
78,1771402761671,-0.004402671,0.0037780704,2.2272900000008052e-05,2
79,1771402761673,-0.004402671,0.0037780704,2.2272900000008052e-05,2
80,1771402761676,-0.004402671,0.0037780704,2.2272900000008052e-05,2
81,1771402761679,-0.003603171,0.0036103704,0.0006813728999999206,2
82,1771402761681,-0.003603171,0.0036103704,0.0006813728999999206,2
83,1771402761684,-0.003603171,0.0036103704,0.0006813728999999206,2
84,1771402761686,-0.004355871000000001,0.0040120704,-0.0001298270999999803,2
85,1771402761689,-0.004355871000000001,0.0040120704,-0.0001298270999999803,2
86,1771402761691,-0.004355871000000001,0.0040120704,-0.0001298270999999803,2
87,1771402761694,-0.0036733710000000004,0.0037468703999999995,0.0009114728999999314,2
88,1771402761696,-0.0036733710000000004,0.0037468703999999995,0.0009114728999999314,2
89,1771402761699,-0.0036733710000000004,0.0037468703999999995,0.0009114728999999314,2
90,1771402761701,-0.0043909710000000005,0.0039652704,-0.00026242710000001855,2
91,1771402761704,-0.0043909710000000005,0.0039652704,-0.00026242710000001855,2
92,1771402761707,-0.0043909710000000005,0.0039652704,-0.00026242710000001855,2
93,1771402761709,-0.0037279709999999996,0.0034504704,0.0007437728999999386,2
94,1771402761712,-0.0037279709999999996,0.0034504704,0.0007437728999999386,2
95,1771402761714,-0.0037279709999999996,0.0034504704,0.0007437728999999386,2
96,1771402761717,-0.0043792710000000006,0.0036454703999999997,-3.2327100000007695e-05,2
97,1771402761719,-0.0043792710000000006,0.0036454703999999997,-3.2327100000007695e-05,2
98,1771402761722,-0.0043792710000000006,0.0036454703999999997,-3.2327100000007695e-05,2
99,1771402761738,-0.004605471,0.0038911703999999995,0.00016657289999999416,2
100,1771402761741,-0.003954170999999999,0.0036025703999999995,0.0006306729000000725,2
101,1771402761743,-0.003954170999999999,0.0036025703999999995,0.0006306729000000725,2
102,1771402761746,-0.003954170999999999,0.0036025703999999995,0.0006306729000000725,2
103,1771402761748,-0.0043792710000000006,0.0037156704,0.0005604728999999412,2
104,1771402761751,-0.0043792710000000006,0.0037156704,0.0005604728999999412,2
105,1771402761753,-0.0043792710000000006,0.0037156704,0.0005604728999999412,2
106,1771402761756,-0.0043792710000000006,0.0035830704,7.297289999996716e-05,2
107,1771402761758,-0.003969771,0.0035830704,7.297289999996716e-05,2
108,1771402761761,-0.003969771,0.0035830704,7.297289999996716e-05,2
109,1771402761763,-0.003969771,0.0035830704,0.0005253728999998756,2
110,1771402761766,-0.004133571000000001,0.0036844703999999997,0.0005253728999998756,2
111,1771402761769,-0.004133571000000001,0.0036844703999999997,0.0005253728999998756,2
112,1771402761771,-0.004133571000000001,0.0036844703999999997,0.0005253728999998756,2
113,1771402761774,-0.004114071,0.0037390704,4.56729000000148e-05,2
114,1771402761776,-0.004114071,0.0037390704,4.56729000000148e-05,2
115,1771402761788,-0.0036382709999999998,0.0035128703999999997,0.0007203729000000429,2
116,1771402761790,-0.004270071,0.0038131703999999995,-0.00018052710000005044,2
117,1771402761793,-0.004270071,0.0038131703999999995,-0.00018052710000005044,2
118,1771402761795,-0.004270071,0.0033646703999999994,0.0008217728999999611,2
119,1771402761798,-0.0036460710000000003,0.0033646703999999994,0.0008217728999999611,2
120,1771402761800,-0.0036460710000000003,0.0033646703999999994,0.0008217728999999611,2
121,1771402761803,-0.0036460710000000003,0.0033646703999999994,-0.00032482710000003654,2
122,1771402761806,-0.004597670999999999,0.0038521703999999995,-0.00032482710000003654,2
123,1771402761808,-0.004597670999999999,0.0038521703999999995,-0.00032482710000003654,2
124,1771402761811,-0.004597670999999999,0.0038521703999999995,-0.00032482710000003654,2
0,1771402761822,-0.004656171000000001,0.0040666704,-0.0002507271000000707,2
1,1771402761827,-0.004656171000000001,0.0040666704,-0.0002507271000000707,2
2,1771402761830,-0.003486171,0.0036337704,0.0006267729000000159,2
3,1771402761832,-0.003486171,0.0036337704,0.0006267729000000159,2
4,1771402761835,-0.0045742709999999995,0.004113470399999999,-3.2327100000007695e-05,2
5,1771402761838,-0.0045742709999999995,0.004113470399999999,-3.2327100000007695e-05,2
6,1771402761840,-0.0045742709999999995,0.004113470399999999,-3.2327100000007695e-05,2
7,1771402761843,-0.0045742709999999995,0.0036766704,0.0005799729000000024,2
8,1771402761845,-0.003848871,0.0036766704,0.0005799729000000024,2
9,1771402761848,-0.003848871,0.0036766704,0.0005799729000000024,2
10,1771402761850,-0.003848871,0.0036766704,0.0007008728999999817,2
11,1771402761853,-0.004367571000000001,0.0037000704,0.0007008728999999817,2
12,1771402761855,-0.004367571000000001,0.0037000704,0.0007008728999999817,2
13,1771402761858,-0.004367571000000001,0.0037000704,0.00035767289999988274,2
14,1771402761861,-0.003981471,0.0038365703999999994,0.00035767289999988274,2
15,1771402761864,-0.003981471,0.0038365703999999994,0.00035767289999988274,2
16,1771402761866,-0.003981471,0.0037234703999999997,0.0008919729000000923,2
17,1771402761869,-0.0038878709999999998,0.0037234703999999997,0.0008919729000000923,2
18,1771402761871,-0.0038878709999999998,0.0037234703999999997,0.0008919729000000923,2
19,1771402761874,-0.0038878709999999998,0.0037234703999999997,-3.622710000006433e-05,2
20,1771402761876,-0.004281771,0.0038521703999999995,-3.622710000006433e-05,2
21,1771402761879,-0.004281771,0.0038521703999999995,-3.622710000006433e-05,2
22,1771402761882,-0.004281771,0.0038521703999999995,-3.622710000006433e-05,2
23,1771402761884,-0.003763071,0.0035752703999999995,0.001040172900000024,2
24,1771402761887,-0.003763071,0.0035752703999999995,0.001040172900000024,2
25,1771402761889,-0.003763071,0.0035752703999999995,0.001040172900000024,2
26,1771402761892,-0.004289571000000001,0.0039223704,0.00010027290000003055,2
27,1771402761894,-0.004289571000000001,0.0039223704,0.00010027290000003055,2
28,1771402761897,-0.004289571000000001,0.0039223704,0.00010027290000003055,2
29,1771402761900,-0.003841071,0.0037624703999999997,0.001309272899999935,2
30,1771402761902,-0.003841071,0.0037624703999999997,0.001309272899999935,2
31,1771402761905,-0.003841071,0.0037624703999999997,0.001309272899999935,2
32,1771402761907,-0.004488471000000001,0.0038248703999999994,-3.2327100000007695e-05,2
33,1771402761910,-0.004488471000000001,0.0038248703999999994,-3.2327100000007695e-05,2
34,1771402761913,-0.004488471000000001,0.0038248703999999994,-3.2327100000007695e-05,2
35,1771402761915,-0.003704571,0.0035713704,0.001196172900000069,2
36,1771402761918,-0.003704571,0.0035713704,0.001196172900000069,2
37,1771402761920,-0.003704571,0.0035713704,0.001196172900000069,2
38,1771402761923,-0.004301271000000001,0.0039340704,2.6172899999953665e-05,2
39,1771402761925,-0.004301271000000001,0.0039340704,2.6172899999953665e-05,2
40,1771402761928,-0.004301271000000001,0.0039340704,2.6172899999953665e-05,2
41,1771402761930,-0.003630471,0.0035830704,0.0005682729000000545,2
42,1771402761933,-0.003630471,0.0035830704,0.0005682729000000545,2
43,1771402761936,-0.003630471,0.0035830704,0.0005682729000000545,2
44,1771402761938,-0.0043636709999999995,0.0038131703999999995,-1.6727100000003196e-05,2
45,1771402761941,-0.0043636709999999995,0.0038131703999999995,-1.6727100000003196e-05,2
46,1771402761943,-0.0043636709999999995,0.0038131703999999995,-1.6727100000003196e-05,2
47,1771402761946,-0.0036226709999999996,0.0035518703999999996,-1.6727100000003196e-05,2
48,1771402761948,-0.0036226709999999996,0.0035518703999999996,-1.6727100000003196e-05,2
49,1771402761951,-0.0036226709999999996,0.0035518703999999996,-1.6727100000003196e-05,2
50,1771402761953,-0.0036226709999999996,0.0038287703999999997,0.0008022728999998999,2
51,1771402761956,-0.0042193709999999995,0.0038287703999999997,0.0008022728999998999,2
52,1771402761958,-0.0042193709999999995,0.0038287703999999997,0.0008022728999998999,2
53,1771402761961,-0.0042193709999999995,0.0038287703999999997,0.0002679729000000234,2
54,1771402761964,-0.004129671,0.0038443704,0.0002679729000000234,2
55,1771402761966,-0.004129671,0.0038443704,0.0002679729000000234,2
56,1771402761969,-0.004129671,0.0038443704,0.0002679729000000234,2
57,1771402761971,-0.003903471,0.0035791703999999997,9.637289999997391e-05,2
58,1771402761974,-0.003903471,0.0035791703999999997,9.637289999997391e-05,2
59,1771402761976,-0.003903471,0.0035791703999999997,9.637289999997391e-05,2
60,1771402761979,-0.004090671000000001,0.0036493704,7.68729000000238e-05,2
61,1771402761981,-0.004090671000000001,0.0036493704,7.68729000000238e-05,2
62,1771402761984,-0.004090671000000001,0.0036493704,7.68729000000238e-05,2
63,1771402761986,-0.0040867709999999995,0.0038248703999999994,0.0005682729000000545,2
64,1771402761989,-0.0040867709999999995,0.0038248703999999994,0.0005682729000000545,2
65,1771402761992,-0.0040867709999999995,0.0038248703999999994,0.0005682729000000545,2
66,1771402761994,-0.004004871,0.0039769704,6.12729000000193e-05,2
67,1771402761997,-0.004004871,0.0039769704,6.12729000000193e-05,2
68,1771402761999,-0.004004871,0.0039769704,6.12729000000193e-05,2
69,1771402762002,-0.003961971,0.0037351703999999996,0.0009504729000000537,2
70,1771402762004,-0.003961971,0.0037351703999999996,0.0009504729000000537,2
71,1771402762007,-0.003961971,0.0037351703999999996,0.0009504729000000537,2
72,1771402762009,-0.0043909710000000005,0.0037819704,-0.0005198270999999818,2
73,1771402762012,-0.0043909710000000005,0.0037819704,-0.0005198270999999818,2
74,1771402762014,-0.0043909710000000005,0.0037819704,-0.0005198270999999818,2
75,1771402762017,-0.0038956710000000003,0.0035947704,0.0009231728999998793,2
76,1771402762020,-0.0038956710000000003,0.0035947704,0.0009231728999998793,2
77,1771402762022,-0.0038956710000000003,0.0035947704,0.0009231728999998793,2
78,1771402762025,-0.004695171,0.004008170399999999,-8.30270999999668e-05,2
79,1771402762027,-0.004695171,0.004008170399999999,-8.30270999999668e-05,2
80,1771402762030,-0.004695171,0.004008170399999999,-8.30270999999668e-05,2
81,1771402762032,-0.004695171,0.0035674704,0.0009504729000000537,2
82,1771402762035,-0.003630471,0.0035674704,0.0009504729000000537,2
83,1771402762037,-0.003630471,0.0035674704,0.0009504729000000537,2
84,1771402762040,-0.003630471,0.0035674704,6.12729000000193e-05,2
85,1771402762042,-0.004465070999999999,0.0039457704,6.12729000000193e-05,2
86,1771402762045,-0.004465070999999999,0.0039457704,6.12729000000193e-05,2
87,1771402762048,-0.004465070999999999,0.0039457704,6.12729000000193e-05,2
88,1771402762050,-0.003681171,0.0036376704,0.0006267729000000159,2
89,1771402762053,-0.003681171,0.0036376704,0.0006267729000000159,2
90,1771402762055,-0.003681171,0.0036376704,0.0006267729000000159,2
91,1771402762058,-0.004437771,0.0037429704,0.00020947289999995102,2
92,1771402762060,-0.004437771,0.0037429704,0.00020947289999995102,2
93,1771402762063,-0.004437771,0.0037429704,0.00020947289999995102,2
94,1771402762065,-0.003938571,0.0035752703999999995,0.00017827289999994202,2
95,1771402762068,-0.003938571,0.0035752703999999995,0.00017827289999994202,2
96,1771402762070,-0.003938571,0.0035752703999999995,0.00017827289999994202,2
97,1771402762073,-0.004344171000000001,0.0037975703999999994,0.0004434729000000185,2
98,1771402762076,-0.004344171000000001,0.0037975703999999994,0.0004434729000000185,2
99,1771402762078,-0.004344171000000001,0.0037975703999999994,0.0004434729000000185,2
100,1771402762081,-0.003954170999999999,0.0037702703999999993,0.00021337290000000766,2
101,1771402762083,-0.003954170999999999,0.0037702703999999993,0.00021337290000000766,2
102,1771402762086,-0.003954170999999999,0.0037702703999999993,0.00021337290000000766,2
103,1771402762094,-0.004047771,0.0036571703999999997,0.0005643728999999979,2
104,1771402762097,-0.004207671,0.0036688703999999996,0.00018217289999999866,2
105,1771402762100,-0.004207671,0.0036688703999999996,0.00018217289999999866,2
106,1771402762102,-0.004207671,0.0036688703999999996,0.00018217289999999866,2
107,1771402762105,-0.004125771,0.0037741703999999996,0.0008802728999999224,2
108,1771402762107,-0.004125771,0.0037741703999999996,0.0008802728999999224,2
109,1771402762110,-0.004125771,0.0037741703999999996,0.0008802728999999224,2
110,1771402762112,-0.004160871,0.0038872704,0.00010027290000003055,2
111,1771402762123,-0.0038878709999999998,0.0036298703999999996,0.0005877728999998936,2
112,1771402762126,-0.0038878709999999998,0.0036298703999999996,0.0005877728999998936,2
113,1771402762128,-0.004270071,0.0037858703999999995,0.000271872899999969,2
114,1771402762131,-0.004270071,0.0037858703999999995,0.000271872899999969,2
115,1771402762133,-0.004270071,0.0037858703999999995,0.000271872899999969,2
116,1771402762136,-0.0038722709999999996,0.0037039704,0.00055267290000005,2
117,1771402762138,-0.0038722709999999996,0.0037039704,0.00055267290000005,2
118,1771402762141,-0.0038722709999999996,0.0037039704,0.00055267290000005,2
119,1771402762144,-0.004172571,0.0036142703999999994,0.00055267290000005,2
120,1771402762146,-0.004172571,0.0036142703999999994,0.00055267290000005,2
121,1771402762149,-0.004172571,0.0036142703999999994,0.00055267290000005,2
122,1771402762151,-0.003950271,0.0036766704,0.0003927728999999484,2
123,1771402762154,-0.003950271,0.0036766704,0.0003927728999999484,2
124,1771402762156,-0.003950271,0.0036766704,0.0003927728999999484,2
0,1771402762168,-0.0038839710000000004,0.0038599704,0.000396672900000005,2
1,1771402762170,-0.0038839710000000004,0.0038599704,0.000396672900000005,2
2,1771402762173,-0.0038839710000000004,0.0038599704,0.000396672900000005,2
3,1771402762176,-0.004129671,0.0036805703999999995,0.0001743728999999964,2
4,1771402762179,-0.004129671,0.0036805703999999995,0.0001743728999999964,2
5,1771402762181,-0.004129671,0.0036805703999999995,0.0001743728999999964,2
6,1771402762184,-0.003973671,0.0036103704,0.00055267290000005,2
7,1771402762186,-0.003973671,0.0036103704,0.00055267290000005,2
8,1771402762189,-0.003973671,0.0036103704,0.00055267290000005,2
9,1771402762191,-0.0040087709999999995,0.0036493704,0.00042397289999995737,2
10,1771402762194,-0.0040087709999999995,0.0036493704,0.00042397289999995737,2
11,1771402762196,-0.0040087709999999995,0.0036493704,0.00042397289999995737,2
12,1771402762199,-0.003954170999999999,0.0038950703999999997,7.68729000000238e-05,2
13,1771402762201,-0.003954170999999999,0.0038950703999999997,7.68729000000238e-05,2
14,1771402762204,-0.003954170999999999,0.0038950703999999997,7.68729000000238e-05,2
15,1771402762207,-0.004141371,0.0038131703999999995,0.0005565728999998846,2
16,1771402762209,-0.004141371,0.0038131703999999995,0.0005565728999998846,2
17,1771402762212,-0.004141371,0.0038131703999999995,0.0005565728999998846,2
18,1771402762214,-0.004145271000000001,0.0037663704,6.6729000000035526e-06,2
19,1771402762217,-0.004145271000000001,0.0037663704,6.6729000000035526e-06,2
20,1771402762219,-0.004145271000000001,0.0037663704,6.6729000000035526e-06,2
21,1771402762222,-0.004145271000000001,0.0037078703999999995,0.0005643728999999979,2
22,1771402762224,-0.003954170999999999,0.0037078703999999995,0.0005643728999999979,2
23,1771402762230,-0.003954170999999999,0.0038560703999999998,2.7728999999469166e-06,2
24,1771402762232,-0.004262271,0.0038560703999999998,2.7728999999469166e-06,2
25,1771402762235,-0.004262271,0.0038560703999999998,2.7728999999469166e-06,2
26,1771402762238,-0.004262271,0.0034855703999999996,0.0006189728999999026,2
27,1771402762240,-0.003770871,0.0034855703999999996,0.0006189728999999026,2
28,1771402762243,-0.003770871,0.0034855703999999996,0.0006189728999999026,2
29,1771402762245,-0.003770871,0.0034855703999999996,0.00032647289999987374,2
30,1771402762248,-0.004289571000000001,0.0037819704,0.00032647289999987374,2
31,1771402762250,-0.004289571000000001,0.0037819704,0.00032647289999987374,2
32,1771402762253,-0.004289571000000001,0.0037819704,0.00032647289999987374,2
33,1771402762255,-0.003961971,0.0038521703999999995,0.0007125728999999296,2
34,1771402762258,-0.003961971,0.0038521703999999995,0.0007125728999999296,2
35,1771402762261,-0.003961971,0.0038521703999999995,0.0007125728999999296,2
36,1771402762263,-0.004371471,0.0039457704,0.00027967289999997127,2
37,1771402762266,-0.004371471,0.0039457704,0.00027967289999997127,2
38,1771402762268,-0.004371471,0.0039457704,0.00027967289999997127,2
39,1771402762271,-0.0037396710000000004,0.0036727704,0.0004980728999999232,2
40,1771402762273,-0.0037396710000000004,0.0036727704,0.0004980728999999232,2
41,1771402762276,-0.0037396710000000004,0.0036727704,0.0004980728999999232,2
42,1771402762278,-0.004160871,0.0037936704,0.00038497290000005715,2
43,1771402762281,-0.004160871,0.0037936704,0.00038497290000005715,2
44,1771402762283,-0.004160871,0.0037936704,0.00038497290000005715,2
45,1771402762286,-0.0037669709999999996,0.0036220704,0.000459072900000023,2
46,1771402762289,-0.0037669709999999996,0.0036220704,0.000459072900000023,2
47,1771402762291,-0.0037669709999999996,0.0036220704,0.000459072900000023,2
48,1771402762294,-0.0043129710000000005,0.0036103704,0.00024457290000001665,2
49,1771402762296,-0.0043129710000000005,0.0036103704,0.00024457290000001665,2
50,1771402762299,-0.0043129710000000005,0.0036103704,0.00024457290000001665,2
51,1771402762301,-0.003981471,0.0037273704,0.00043177290000007064,2
52,1771402762304,-0.003981471,0.0037273704,0.00043177290000007064,2
53,1771402762306,-0.003981471,0.0037273704,0.00043177290000007064,2
54,1771402762309,-0.004059471,0.0035635703999999995,0.0008841728999999791,2
55,1771402762311,-0.004059471,0.0035635703999999995,0.0008841728999999791,2
56,1771402762314,-0.004059471,0.0035635703999999995,0.0008841728999999791,2
57,1771402762317,-0.004059471,0.0037585703999999994,0.00024847289999996227,2
58,1771402762319,-0.004192071,0.0037585703999999994,0.00024847289999996227,2
59,1771402762322,-0.004192071,0.0037585703999999994,0.00024847289999996227,2
60,1771402762324,-0.004192071,0.0037585703999999994,0.0007437728999999386,2
61,1771402762327,-0.003841071,0.0036844703999999997,0.0007437728999999386,2
62,1771402762329,-0.003841071,0.0036844703999999997,0.0007437728999999386,2
63,1771402762332,-0.003841071,0.0036844703999999997,0.0007437728999999386,2
64,1771402762334,-0.004285671,0.0038404703999999996,0.00035767289999988274,2
65,1771402762337,-0.004285671,0.0038404703999999996,0.00035767289999988274,2
66,1771402762339,-0.004285671,0.0038404703999999996,0.00035767289999988274,2
67,1771402762342,-0.003954170999999999,0.0037702703999999993,0.00044737290000007514,2
68,1771402762345,-0.003954170999999999,0.0037702703999999993,0.00044737290000007514,2
69,1771402762347,-0.003954170999999999,0.0037702703999999993,0.00044737290000007514,2
70,1771402762350,-0.004094571,0.0038014703999999996,0.00026407289999996677,2
71,1771402762352,-0.004094571,0.0038014703999999996,0.00026407289999996677,2
72,1771402762355,-0.004094571,0.0038014703999999996,0.00026407289999996677,2
73,1771402762357,-0.004000971000000001,0.0038287703999999997,0.0003303728999999304,2
74,1771402762360,-0.004000971000000001,0.0038287703999999997,0.0003303728999999304,2
75,1771402762362,-0.004000971000000001,0.0038287703999999997,0.0003303728999999304,2
76,1771402762365,-0.004020470999999999,0.0038209704,0.0002679729000000234,2
77,1771402762368,-0.004020470999999999,0.0038209704,0.0002679729000000234,2
78,1771402762370,-0.004020470999999999,0.0038209704,0.0002679729000000234,2
79,1771402762373,-0.003950271,0.0038521703999999995,0.00036937290000005265,2
80,1771402762375,-0.003950271,0.0038521703999999995,0.00036937290000005265,2
81,1771402762378,-0.003950271,0.0038521703999999995,0.00036937290000005265,2
82,1771402762380,-0.003973671,0.0038248703999999994,0.00047857290000008414,2
83,1771402762383,-0.003973671,0.0038248703999999994,0.00047857290000008414,2
84,1771402762385,-0.003973671,0.0038248703999999994,0.00047857290000008414,2
85,1771402762388,-0.003961971,0.0037975703999999994,0.0005916728999999502,2
86,1771402762390,-0.003961971,0.0037975703999999994,0.0005916728999999502,2
87,1771402762393,-0.003961971,0.0037975703999999994,0.0005916728999999502,2
88,1771402762403,-0.004192071,0.0038404703999999996,0.00022507289999995552,2
89,1771402762405,-0.0037903710000000003,0.0038599704,0.0007749728999999476,2
90,1771402762408,-0.0037903710000000003,0.0038599704,0.0007749728999999476,2
91,1771402762410,-0.0037903710000000003,0.0038599704,0.0007749728999999476,2
92,1771402762413,-0.004098470999999999,0.0038482704,0.00010417289999997616,2
93,1771402762415,-0.004098470999999999,0.0038482704,0.00010417289999997616,2
94,1771402762418,-0.004098470999999999,0.0038482704,0.00010417289999997616,2
95,1771402762420,-0.003989271000000001,0.0036688703999999996,0.000459072900000023,2
96,1771402762423,-0.003989271000000001,0.0036688703999999996,0.000459072900000023,2
97,1771402762426,-0.003989271000000001,0.0036688703999999996,0.000459072900000023,2
98,1771402762428,-0.0044572710000000005,0.0036649704,0.00042397289999995737,2
99,1771402762431,-0.0044572710000000005,0.0036649704,0.00042397289999995737,2
100,1771402762433,-0.0044572710000000005,0.0036649704,0.00042397289999995737,2
101,1771402762436,-0.004110170999999999,0.0037507703999999998,0.0005175728999999844,2
102,1771402762438,-0.004110170999999999,0.0037507703999999998,0.0005175728999999844,2
103,1771402762441,-0.004110170999999999,0.0037507703999999998,0.0005175728999999844,2
104,1771402762443,-0.0039424709999999995,0.0037585703999999994,0.00024457290000001665,2
105,1771402762446,-0.0039424709999999995,0.0037585703999999994,0.00024457290000001665,2
106,1771402762448,-0.0039424709999999995,0.0037585703999999994,0.00024457290000001665,2
107,1771402762451,-0.004125771,0.0037078703999999995,0.0002874728999999735,2
108,1771402762453,-0.004125771,0.0037078703999999995,0.0002874728999999735,2
109,1771402762456,-0.004125771,0.0037078703999999995,0.0002874728999999735,2
110,1771402762459,-0.004125771,0.0036649704,0.00043957289999996187,2
111,1771402762461,-0.003973671,0.0036649704,0.00043957289999996187,2
112,1771402762464,-0.003973671,0.0036649704,0.00043957289999996187,2
113,1771402762466,-0.003973671,0.0036649704,0.00027577290000002565,2
114,1771402762469,-0.004145271000000001,0.0038053704,0.00027577290000002565,2
115,1771402762471,-0.004145271000000001,0.0038053704,0.00027577290000002565,2
116,1771402762474,-0.004145271000000001,0.0038053704,0.00027577290000002565,2
117,1771402762476,-0.003891771,0.0035752703999999995,0.0006969728999999251,2
118,1771402762479,-0.003891771,0.0035752703999999995,0.0006969728999999251,2
119,1771402762482,-0.003891771,0.0035752703999999995,0.0006969728999999251,2
120,1771402762484,-0.004320770999999999,0.0037975703999999994,0.000303072899999978,2
121,1771402762487,-0.004320770999999999,0.0037975703999999994,0.000303072899999978,2
122,1771402762489,-0.004320770999999999,0.0037975703999999994,0.000303072899999978,2
123,1771402762492,-0.0038215709999999997,0.0036337704,0.0005487728999999934,2
124,1771402762494,-0.0038215709999999997,0.0036337704,0.0005487728999999934,2
0,1771402762515,-0.0038683710000000002,0.0036337704,0.000490272900000032,2
1,1771402762518,-0.0038683710000000002,0.0036337704,0.000490272900000032,2
2,1771402762520,-0.0038683710000000002,0.0036337704,0.000490272900000032,2
3,1771402762523,-0.003915171,0.0038794703999999996,0.00043177290000007064,2
4,1771402762525,-0.003915171,0.0038794703999999996,0.00043177290000007064,2
5,1771402762528,-0.003915171,0.0038794703999999996,0.00043177290000007064,2
6,1771402762530,-0.0038605709999999997,0.0038326704,0.00048637289999997537,2
7,1771402762533,-0.0038605709999999997,0.0038326704,0.00048637289999997537,2
8,1771402762536,-0.0038605709999999997,0.0038326704,0.00048637289999997537,2
9,1771402762538,-0.003997071,0.003941870399999999,0.00022507289999995552,2
10,1771402762541,-0.003997071,0.003941870399999999,0.00022507289999995552,2
11,1771402762543,-0.003997071,0.003941870399999999,0.00022507289999995552,2
12,1771402762546,-0.003950271,0.0037039704,0.0002055729000000054,2
13,1771402762548,-0.003950271,0.0037039704,0.0002055729000000054,2
14,1771402762551,-0.003950271,0.0037039704,0.0002055729000000054,2
15,1771402762553,-0.003950271,0.0038248703999999994,0.0005097728999998711,2
16,1771402762556,-0.0041023710000000005,0.0038248703999999994,0.0005097728999998711,2
17,1771402762559,-0.0041023710000000005,0.0038248703999999994,0.0005097728999998711,2
18,1771402762561,-0.0041023710000000005,0.0038248703999999994,0.0005760728999999457,2
19,1771402762564,-0.0039424709999999995,0.0037780704,0.0005760728999999457,2
20,1771402762566,-0.0039424709999999995,0.0037780704,0.0005760728999999457,2
21,1771402762569,-0.0039424709999999995,0.0037780704,0.0005760728999999457,2
22,1771402762571,-0.0042466710000000005,0.0039886704,0.0001587728999999919,2
23,1771402762574,-0.0042466710000000005,0.0039886704,0.0001587728999999919,2
24,1771402762576,-0.0042466710000000005,0.0039886704,0.0001587728999999919,2
25,1771402762579,-0.003922971000000001,0.0039223704,0.0005058729000000365,2
26,1771402762581,-0.003922971000000001,0.0039223704,0.0005058729000000365,2
27,1771402762584,-0.003922971000000001,0.0039223704,0.0005058729000000365,2
28,1771402762587,-0.003993171,0.0037975703999999994,0.00010417289999997616,2
29,1771402762589,-0.003993171,0.0037975703999999994,0.00010417289999997616,2
30,1771402762592,-0.003993171,0.0037975703999999994,0.00010417289999997616,2
31,1771402762594,-0.003981471,0.0037585703999999994,0.0006228728999999592,2
32,1771402762597,-0.003981471,0.0037585703999999994,0.0006228728999999592,2
33,1771402762599,-0.003981471,0.0037585703999999994,0.0006228728999999592,2
34,1771402762602,-0.004137471,0.0037975703999999994,-5.027100000055333e-06,2
35,1771402762604,-0.004137471,0.0037975703999999994,-5.027100000055333e-06,2
36,1771402762607,-0.004137471,0.0037975703999999994,-5.027100000055333e-06,2
37,1771402762609,-0.0038059709999999996,0.0037936704,0.00043567289999990523,2
38,1771402762612,-0.0038059709999999996,0.0037936704,0.00043567289999990523,2
39,1771402762615,-0.0038059709999999996,0.0037936704,0.00043567289999990523,2
40,1771402762617,-0.0040360710000000004,0.0038833704,0.0003147728999999259,2
41,1771402762620,-0.0040360710000000004,0.0038833704,0.0003147728999999259,2
42,1771402762622,-0.0040360710000000004,0.0038833704,0.0003147728999999259,2
43,1771402762625,-0.003786471,0.0037741703999999996,0.0006930729000000905,2
44,1771402762627,-0.003786471,0.0037741703999999996,0.0006930729000000905,2
45,1771402762630,-0.003786471,0.0037741703999999996,0.0006930729000000905,2
46,1771402762632,-0.003786471,0.0038170704,0.0003303728999999304,2
47,1771402762635,-0.004125771,0.0038170704,0.0003303728999999304,2
48,1771402762638,-0.004125771,0.0038170704,0.0003303728999999304,2
49,1771402762640,-0.004125771,0.0038170704,0.0006072728999999547,2
50,1771402762643,-0.003977570999999999,0.0036649704,0.0006072728999999547,2
51,1771402762645,-0.003977570999999999,0.0036649704,0.0006072728999999547,2
52,1771402762648,-0.003977570999999999,0.0036649704,0.00044737290000007514,2
53,1771402762650,-0.004020470999999999,0.0037429704,0.00044737290000007514,2
54,1771402762653,-0.004020470999999999,0.0037429704,0.00044737290000007514,2
55,1771402762655,-0.004020470999999999,0.0037429704,0.00044737290000007514,2
56,1771402762658,-0.003802071,0.0036766704,0.000490272900000032,2
57,1771402762661,-0.003802071,0.0036766704,0.000490272900000032,2
58,1771402762663,-0.003802071,0.0036766704,0.000490272900000032,2
59,1771402762666,-0.004211571000000001,0.0038326704,0.000615072900000068,2
60,1771402762668,-0.004211571000000001,0.0038326704,0.000615072900000068,2
61,1771402762671,-0.004211571000000001,0.0038326704,0.000615072900000068,2
62,1771402762674,-0.004211571000000001,0.0037585703999999994,-3.2327100000007695e-05,2
63,1771402762676,-0.004211571000000001,0.0037585703999999994,-3.2327100000007695e-05,2
64,1771402762679,-0.004211571000000001,0.0037585703999999994,-3.2327100000007695e-05,2
65,1771402762681,-0.003973671,0.0036649704,0.0008139729000000699,2
66,1771402762684,-0.003973671,0.0036649704,0.0008139729000000699,2
67,1771402762686,-0.003973671,0.0036649704,0.0008139729000000699,2
68,1771402762689,-0.004316871,0.0038989704,0.0003810729000000005,2
69,1771402762691,-0.004316871,0.0038989704,0.0003810729000000005,2
70,1771402762694,-0.004316871,0.0038989704,0.0003810729000000005,2
71,1771402762696,-0.0036187710000000002,0.0036064703999999998,0.0006228728999999592,2
72,1771402762699,-0.0036187710000000002,0.0036064703999999998,0.0006228728999999592,2
73,1771402762708,-0.0036187710000000002,0.0036064703999999998,0.0006228728999999592,2
74,1771402762711,-0.004371471,0.0038170704,0.0003810729000000005,2
75,1771402762713,-0.003735771,0.0037663704,0.00045517289999996637,2
76,1771402762716,-0.003735771,0.0037663704,0.00045517289999996637,2
77,1771402762718,-0.003735771,0.0037663704,0.00045517289999996637,2
78,1771402762721,-0.0041530709999999995,0.0037741703999999996,0.00036937290000005265,2
79,1771402762723,-0.0041530709999999995,0.0037741703999999996,0.00036937290000005265,2
80,1771402762726,-0.0041530709999999995,0.0037741703999999996,0.00036937290000005265,2
81,1771402762728,-0.004071171,0.0036181703999999997,0.00055267290000005,2
82,1771402762731,-0.004071171,0.0036181703999999997,0.00055267290000005,2
83,1771402762733,-0.004071171,0.0036181703999999997,0.00055267290000005,2
84,1771402762736,-0.004172571,0.0035674704,0.00021337290000000766,2
85,1771402762739,-0.004172571,0.0035674704,0.00021337290000000766,2
86,1771402762741,-0.004172571,0.0035674704,0.00021337290000000766,2
87,1771402762744,-0.003965870999999999,0.0037312703999999993,0.0002679729000000234,2
88,1771402762746,-0.003965870999999999,0.0037312703999999993,0.0002679729000000234,2
89,1771402762749,-0.003965870999999999,0.0037312703999999993,0.0002679729000000234,2
90,1771402762751,-0.003950271,0.0036259703999999993,0.00046687289999991423,2
91,1771402762754,-0.003950271,0.0036259703999999993,0.00046687289999991423,2
92,1771402762756,-0.003950271,0.0036259703999999993,0.00046687289999991423,2
93,1771402762759,-0.004121870999999999,0.0036337704,0.0003303728999999304,2
94,1771402762761,-0.004121870999999999,0.0036337704,0.0003303728999999304,2
95,1771402762764,-0.004121870999999999,0.0036337704,0.0003303728999999304,2
96,1771402762767,-0.004121870999999999,0.0036376704,0.00047857290000008414,2
97,1771402762769,-0.004051671,0.0036376704,0.00047857290000008414,2
98,1771402762772,-0.004051671,0.0036376704,0.00047857290000008414,2
99,1771402762774,-0.004051671,0.0036376704,0.00015097289999998966,2
100,1771402762777,-0.004234971000000001,0.0036961703999999996,0.00015097289999998966,2
101,1771402762779,-0.004234971000000001,0.0036961703999999996,0.00015097289999998966,2
102,1771402762782,-0.004234971000000001,0.0036961703999999996,0.00015097289999998966,2
103,1771402762784,-0.004043870999999999,0.0037273704,0.0007554728999998864,2
104,1771402762787,-0.004043870999999999,0.0037273704,0.0007554728999998864,2
105,1771402762790,-0.004043870999999999,0.0037273704,0.0007554728999998864,2
106,1771402762792,-0.004266170999999999,0.0038248703999999994,-1.6727100000003196e-05,2
107,1771402762795,-0.004266170999999999,0.0038248703999999994,-1.6727100000003196e-05,2
108,1771402762797,-0.004266170999999999,0.0038248703999999994,-1.6727100000003196e-05,2
109,1771402762800,-0.004063371,0.0036493704,0.0005721728999998891,2
110,1771402762802,-0.004063371,0.0036493704,0.0005721728999998891,2
111,1771402762805,-0.004063371,0.0036493704,0.0005721728999998891,2
112,1771402762807,-0.004223271000000001,0.0037585703999999994,0.00021337290000000766,2
113,1771402762810,-0.004223271000000001,0.0037585703999999994,0.00021337290000000766,2
114,1771402762812,-0.004223271000000001,0.0037585703999999994,0.00021337290000000766,2
115,1771402762815,-0.003946371000000001,0.0037234703999999997,0.0005370729000000455,2
116,1771402762818,-0.003946371000000001,0.0037234703999999997,0.0005370729000000455,2
117,1771402762820,-0.003946371000000001,0.0037234703999999997,0.0005370729000000455,2
118,1771402762823,-0.004067271000000001,0.0037858703999999995,0.00040447289999989624,2
119,1771402762825,-0.004067271000000001,0.0037858703999999995,0.00040447289999989624,2
120,1771402762828,-0.004067271000000001,0.0037858703999999995,0.00040447289999989624,2
121,1771402762830,-0.0040087709999999995,0.0037351703999999996,0.00043957289999996187,2
122,1771402762833,-0.0040087709999999995,0.0037351703999999996,0.00043957289999996187,2
123,1771402762835,-0.0040087709999999995,0.0037351703999999996,0.00043957289999996187,2
124,1771402762838,-0.004114071,0.0038131703999999995,0.0003303728999999304,2
0,1771402762849,-0.004098470999999999,0.0038950703999999997,0.0005565728999998846,2
1,1771402762852,-0.004098470999999999,0.0038950703999999997,0.0005565728999998846,2
2,1771402762855,-0.004051671,0.0037780704,0.00048637289999997537,2
3,1771402762857,-0.004051671,0.0037780704,0.00048637289999997537,2
4,1771402762860,-0.004051671,0.0037780704,0.00048637289999997537,2
5,1771402762862,-0.004078971000000001,0.0038053704,0.0002835728999999169,2
6,1771402762865,-0.004078971000000001,0.0038053704,0.0002835728999999169,2
7,1771402762867,-0.004078971000000001,0.0038053704,0.0002835728999999169,2
8,1771402762870,-0.003981471,0.0038287703999999997,0.001122072899999881,2
9,1771402762872,-0.003981471,0.0038287703999999997,0.001122072899999881,2
10,1771402762875,-0.003981471,0.0038287703999999997,0.001122072899999881,2
11,1771402762878,-0.004242770999999999,0.0039223704,0.00017047289999993977,2
12,1771402762880,-0.004242770999999999,0.0039223704,0.00017047289999993977,2
13,1771402762883,-0.004242770999999999,0.0039223704,0.00017047289999993977,2
14,1771402762885,-0.004242770999999999,0.0036415703999999995,0.0010986728999999853,2
15,1771402762888,-0.0038605709999999997,0.0036415703999999995,0.0010986728999999853,2
16,1771402762890,-0.0038605709999999997,0.0036415703999999995,0.0010986728999999853,2
17,1771402762893,-0.0038605709999999997,0.0036415703999999995,0.0005448728999999367,2
18,1771402762895,-0.004340271,0.0037741703999999996,0.0005448728999999367,2
19,1771402762898,-0.004340271,0.0037741703999999996,0.0005448728999999367,2
20,1771402762900,-0.004340271,0.0037741703999999996,0.0005448728999999367,2
21,1771402762903,-0.0037513710000000003,0.0036181703999999997,0.0007671729000000564,2
22,1771402762906,-0.0037513710000000003,0.0036181703999999997,0.0007671729000000564,2
23,1771402762908,-0.0037513710000000003,0.0036181703999999997,0.0007671729000000564,2
24,1771402762911,-0.004355871000000001,0.0037195703999999994,0.00029137290000003015,2
25,1771402762913,-0.004355871000000001,0.0037195703999999994,0.00029137290000003015,2
26,1771402762916,-0.004355871000000001,0.0037195703999999994,0.00029137290000003015,2
27,1771402762918,-0.0038878709999999998,0.0037195703999999994,0.0006696728999999727,2
28,1771402762921,-0.0038878709999999998,0.0037195703999999994,0.0006696728999999727,2
29,1771402762924,-0.0038878709999999998,0.0037195703999999994,0.0006696728999999727,2
30,1771402762926,-0.004293471,0.0037936704,0.00017827289999994202,2
31,1771402762929,-0.004293471,0.0037936704,0.00017827289999994202,2
32,1771402762931,-0.004293471,0.0037936704,0.00017827289999994202,2
33,1771402762934,-0.003891771,0.0036766704,0.00032647289999987374,2
34,1771402762936,-0.003891771,0.0036766704,0.00032647289999987374,2
35,1771402762939,-0.003891771,0.0036766704,0.00032647289999987374,2
36,1771402762941,-0.004309070999999999,0.0036610704,0.0008802728999999224,2
37,1771402762944,-0.004309070999999999,0.0036610704,0.0008802728999999224,2
38,1771402762946,-0.004309070999999999,0.0036610704,0.0008802728999999224,2
39,1771402762949,-0.004133571000000001,0.0038911703999999995,4.1772899999958165e-05,2
40,1771402762952,-0.004133571000000001,0.0038911703999999995,4.1772899999958165e-05,2
41,1771402762954,-0.004133571000000001,0.0038911703999999995,4.1772899999958165e-05,2
42,1771402762957,-0.004020470999999999,0.0037078703999999995,0.0006501728999999116,2
43,1771402762959,-0.004020470999999999,0.0037078703999999995,0.0006501728999999116,2
44,1771402762962,-0.004020470999999999,0.0037078703999999995,0.0006501728999999116,2
45,1771402762964,-0.004394871,0.0038482704,7.68729000000238e-05,2
46,1771402762967,-0.004394871,0.0038482704,7.68729000000238e-05,2
47,1771402762969,-0.004394871,0.0038482704,7.68729000000238e-05,2
48,1771402762972,-0.004394871,0.0036961703999999996,0.0006384728999999637,2
49,1771402762974,-0.003774771,0.0036961703999999996,0.0006384728999999637,2
50,1771402762977,-0.003774771,0.0036961703999999996,0.0006384728999999637,2
51,1771402762979,-0.003774771,0.0036961703999999996,0.00027967289999997127,2
52,1771402762982,-0.004238871,0.0038911703999999995,0.00027967289999997127,2
53,1771402762985,-0.004238871,0.0038911703999999995,0.00027967289999997127,2
54,1771402762987,-0.004238871,0.0038911703999999995,0.00027967289999997127,2
55,1771402762990,-0.003704571,0.0036805703999999995,0.00040447289999989624,2
56,1771402762992,-0.003704571,0.0036805703999999995,0.00040447289999989624,2
57,1771402762995,-0.003704571,0.0036805703999999995,0.00040447289999989624,2
58,1771402762997,-0.004289571000000001,0.0037234703999999997,0.00015487289999993527,2
59,1771402763000,-0.004289571000000001,0.0037234703999999997,0.00015487289999993527,2
60,1771402763002,-0.004289571000000001,0.0037234703999999997,0.00015487289999993527,2
61,1771402763005,-0.0040750709999999996,0.0038638703999999994,0.0003810729000000005,2
62,1771402763008,-0.0040750709999999996,0.0038638703999999994,0.0003810729000000005,2
63,1771402763017,-0.004309070999999999,0.0037585703999999994,0.00021727289999995327,2
64,1771402763019,-0.004309070999999999,0.0037585703999999994,0.00046687289999991423,2
65,1771402763022,-0.003969771,0.0037117704,0.00046687289999991423,2
66,1771402763024,-0.003969771,0.0037117704,0.00046687289999991423,2
67,1771402763030,-0.003969771,0.0037117704,0.00046687289999991423,2
68,1771402763032,-0.003973671,0.0037234703999999997,0.0006306729000000725,2
69,1771402763035,-0.003973671,0.0038599704,0.00016657289999999416,2
70,1771402763038,-0.004149171,0.0038599704,0.00016657289999999416,2
71,1771402763040,-0.004149171,0.0038599704,0.00016657289999999416,2
72,1771402763043,-0.004149171,0.0038599704,0.0005565728999998846,2
73,1771402763045,-0.004121870999999999,0.0036298703999999996,0.0005565728999998846,2
74,1771402763048,-0.004121870999999999,0.0036298703999999996,0.0005565728999998846,2
75,1771402763050,-0.004121870999999999,0.0036298703999999996,0.0005565728999998846,2
76,1771402763053,-0.004125771,0.0037936704,0.00024067289999996002,2
77,1771402763055,-0.004125771,0.0037936704,0.00024067289999996002,2
78,1771402763058,-0.004125771,0.0037936704,0.00024067289999996002,2
79,1771402763060,-0.0038176710000000003,0.0037429704,0.0003810729000000005,2
80,1771402763063,-0.0038176710000000003,0.0037429704,0.0003810729000000005,2
81,1771402763066,-0.0038176710000000003,0.0037429704,0.0003810729000000005,2
82,1771402763068,-0.004117971,0.0038248703999999994,0.00021337290000000766,2
83,1771402763071,-0.004117971,0.0038248703999999994,0.00021337290000000766,2
84,1771402763073,-0.004117971,0.0038248703999999994,0.00021337290000000766,2
85,1771402763076,-0.0038722709999999996,0.0035752703999999995,0.0009192729000000447,2
86,1771402763078,-0.0038722709999999996,0.0035752703999999995,0.0009192729000000447,2
87,1771402763081,-0.0038722709999999996,0.0035752703999999995,0.0009192729000000447,2
88,1771402763083,-0.004320770999999999,0.0037507703999999998,-0.0002546271000000163,2
89,1771402763086,-0.004320770999999999,0.0037507703999999998,-0.0002546271000000163,2
90,1771402763088,-0.004320770999999999,0.0037507703999999998,-0.0002546271000000163,2
91,1771402763091,-0.003786471,0.0036142703999999994,0.0009738728999999494,2
92,1771402763094,-0.003786471,0.0036142703999999994,0.0009738728999999494,2
93,1771402763097,-0.003786471,0.0036142703999999994,0.0009738728999999494,2
94,1771402763099,-0.004465070999999999,0.0039730704,-0.0002507271000000707,2
95,1771402763102,-0.004465070999999999,0.0039730704,-0.0002507271000000707,2
96,1771402763115,-0.004465070999999999,0.0039730704,-0.0002507271000000707,2
97,1771402763118,-0.004472871,0.004113470399999999,4.1772899999958165e-05,2
98,1771402763120,-0.004472871,0.004113470399999999,4.1772899999958165e-05,2
99,1771402763123,-0.003759171,0.0035986704,0.0006501728999999116,2
100,1771402763125,-0.003759171,0.0035986704,0.0006501728999999116,2
101,1771402763128,-0.003759171,0.0035986704,0.0006501728999999116,2
102,1771402763130,-0.004449471,0.0038950703999999997,-2.8427100000062082e-05,2
103,1771402763133,-0.004449471,0.0038950703999999997,-2.8427100000062082e-05,2
104,1771402763136,-0.004449471,0.0038950703999999997,-2.8427100000062082e-05,2
105,1771402763138,-0.003969771,0.0036766704,0.00033817290000004365,2
106,1771402763141,-0.003969771,0.0036766704,0.00033817290000004365,2
107,1771402763143,-0.003969771,0.0036766704,0.00033817290000004365,2
108,1771402763146,-0.003969771,0.0037000704,0.00013927289999993077,2
109,1771402763148,-0.004234971000000001,0.0037000704,0.00013927289999993077,2
110,1771402763151,-0.004234971000000001,0.0037000704,0.00013927289999993077,2
111,1771402763153,-0.004234971000000001,0.0037000704,0.00029137290000003015,2
112,1771402763156,-0.004004871,0.0037351703999999996,0.00029137290000003015,2
113,1771402763158,-0.004004871,0.0037351703999999996,0.00029137290000003015,2
114,1771402763161,-0.004004871,0.0037351703999999996,0.00029137290000003015,2
115,1771402763163,-0.0040750709999999996,0.0037585703999999994,0.0007632728999999997,2
116,1771402763166,-0.0040750709999999996,0.0037585703999999994,0.0007632728999999997,2
117,1771402763169,-0.0040750709999999996,0.0037585703999999994,0.0007632728999999997,2
118,1771402763171,-0.004188170999999999,0.0036961703999999996,0.0005136728999999277,2
119,1771402763174,-0.004188170999999999,0.0036961703999999996,0.0005136728999999277,2
120,1771402763176,-0.004188170999999999,0.0036961703999999996,0.0005136728999999277,2
121,1771402763179,-0.004032170999999999,0.0035830704,0.0009348729000000492,2
122,1771402763181,-0.004032170999999999,0.0035830704,0.0009348729000000492,2
123,1771402763184,-0.004032170999999999,0.0035830704,0.0009348729000000492,2
124,1771402763186,-0.004336371,0.0038482704,-0.0001727271000000482,2
0,1771402763198,-0.0037786710000000004,0.0036922703999999994,0.0011922729000000123,2
1,1771402763201,-0.0037786710000000004,0.0036922703999999994,3.787290000001255e-05,2
2,1771402763203,-0.004617171,0.0040042704,3.787290000001255e-05,2
3,1771402763206,-0.004617171,0.0040042704,3.787290000001255e-05,2
4,1771402763208,-0.004617171,0.0040042704,3.787290000001255e-05,2
5,1771402763211,-0.0037006710000000004,0.0036298703999999996,0.0008256729000000177,2
6,1771402763213,-0.0037006710000000004,0.0036298703999999996,0.0008256729000000177,2
7,1771402763216,-0.0037006710000000004,0.0036298703999999996,0.0008256729000000177,2
8,1771402763218,-0.0042973709999999995,0.0037819704,5.347290000001705e-05,2
9,1771402763221,-0.0042973709999999995,0.0037819704,5.347290000001705e-05,2
10,1771402763223,-0.0042973709999999995,0.0037819704,5.347290000001705e-05,2
11,1771402763226,-0.0038215709999999997,0.0038092704,0.0005955729000000069,2
12,1771402763228,-0.0038215709999999997,0.0038092704,0.0005955729000000069,2
13,1771402763231,-0.0038215709999999997,0.0038092704,0.0005955729000000069,2
14,1771402763234,-0.004082871,0.0039535704,0.0002991728999999214,2
15,1771402763236,-0.004082871,0.0039535704,0.0002991728999999214,2
16,1771402763239,-0.004082871,0.0039535704,0.0002991728999999214,2
17,1771402763241,-0.003926871,0.0035362703999999995,0.0007203729000000429,2
18,1771402763244,-0.003926871,0.0035362703999999995,0.0007203729000000429,2
19,1771402763246,-0.003926871,0.0035362703999999995,0.0007203729000000429,2
20,1771402763249,-0.004059471,0.0036610704,0.0005682729000000545,2
21,1771402763251,-0.004059471,0.0036610704,0.0005682729000000545,2
22,1771402763254,-0.004059471,0.0036610704,0.0005682729000000545,2
23,1771402763257,-0.003981471,0.0038014703999999996,0.00021727289999995327,2
24,1771402763259,-0.003981471,0.0038014703999999996,0.00021727289999995327,2
25,1771402763262,-0.003981471,0.0038014703999999996,0.00021727289999995327,2
26,1771402763264,-0.003981471,0.0037312703999999993,0.0007164728999999862,2
27,1771402763267,-0.003989271000000001,0.0037312703999999993,0.0007164728999999862,2
28,1771402763269,-0.003989271000000001,0.0037312703999999993,0.0007164728999999862,2
29,1771402763272,-0.003989271000000001,0.0037312703999999993,8.467290000002605e-05,2
30,1771402763274,-0.004199871000000001,0.0035986704,8.467290000002605e-05,2
31,1771402763277,-0.004199871000000001,0.0035986704,8.467290000002605e-05,2
32,1771402763279,-0.004199871000000001,0.0035986704,8.467290000002605e-05,2
33,1771402763282,-0.0040360710000000004,0.0036805703999999995,0.0007047729000000384,2
34,1771402763284,-0.0040360710000000004,0.0036805703999999995,0.0007047729000000384,2
35,1771402763287,-0.0040360710000000004,0.0036805703999999995,0.0007047729000000384,2
36,1771402763290,-0.004145271000000001,0.0037585703999999994,0.00019387289999994652,2
37,1771402763292,-0.004145271000000001,0.0037585703999999994,0.00019387289999994652,2
38,1771402763295,-0.004145271000000001,0.0037585703999999994,0.00019387289999994652,2
39,1771402763297,-0.0039580710000000005,0.0035674704,0.0007008728999999817,2
40,1771402763300,-0.0039580710000000005,0.0035674704,0.0007008728999999817,2
41,1771402763302,-0.0039580710000000005,0.0035674704,0.0007008728999999817,2
42,1771402763305,-0.0042973709999999995,0.0038911703999999995,-1.6727100000003196e-05,2
43,1771402763307,-0.0042973709999999995,0.0038911703999999995,-1.6727100000003196e-05,2
44,1771402763310,-0.0042973709999999995,0.0038911703999999995,-1.6727100000003196e-05,2
45,1771402763312,-0.0038878709999999998,0.0037234703999999997,0.0007905728999999521,2
46,1771402763315,-0.0038878709999999998,0.0037234703999999997,0.0007905728999999521,2
47,1771402763318,-0.0038878709999999998,0.0037234703999999997,0.0007905728999999521,2
48,1771402763320,-0.004355871000000001,0.0039574703999999995,0.0004980728999999232,2
49,1771402763323,-0.004355871000000001,0.0039574703999999995,0.0004980728999999232,2
50,1771402763325,-0.004355871000000001,0.0039574703999999995,0.0004980728999999232,2
51,1771402763334,-0.003852771,0.0037858703999999995,0.0005409728999998801,2
52,1771402763337,-0.004281771,0.0038365703999999994,0.00014707289999993302,2
53,1771402763339,-0.004281771,0.0038365703999999994,0.00014707289999993302,2
54,1771402763342,-0.004281771,0.0038365703999999994,0.00014707289999993302,2
55,1771402763345,-0.0037825709999999998,0.0036025703999999995,0.0007164728999999862,2
56,1771402763347,-0.0037825709999999998,0.0036025703999999995,0.0007164728999999862,2
57,1771402763350,-0.0037825709999999998,0.0036025703999999995,0.0007164728999999862,2
58,1771402763352,-0.004270071,0.0038287703999999997,0.00010417289999997616,2
59,1771402763355,-0.004270071,0.0038287703999999997,0.00010417289999997616,2
60,1771402763357,-0.004270071,0.0038287703999999997,0.00010417289999997616,2
61,1771402763360,-0.0041686710000000005,0.0036844703999999997,0.0005058729000000365,2
62,1771402763362,-0.0041686710000000005,0.0036844703999999997,0.0005058729000000365,2
63,1771402763365,-0.0041686710000000005,0.0036844703999999997,0.0005058729000000365,2
64,1771402763368,-0.004141371,0.0037897703999999997,0.0004746729000000275,2
65,1771402763370,-0.004141371,0.0037897703999999997,0.0004746729000000275,2
66,1771402763373,-0.004141371,0.0037897703999999997,0.0004746729000000275,2
67,1771402763375,-0.003837171,0.0039028703999999994,2.2272900000008052e-05,2
68,1771402763378,-0.003837171,0.0039028703999999994,2.2272900000008052e-05,2
69,1771402763380,-0.003837171,0.0039028703999999994,2.2272900000008052e-05,2
70,1771402763383,-0.003848871,0.0038950703999999997,0.0006189728999999026,2
71,1771402763385,-0.003848871,0.0038950703999999997,0.0006189728999999026,2
72,1771402763388,-0.003848871,0.0038950703999999997,0.0006189728999999026,2
73,1771402763390,-0.003848871,0.0038755703999999993,-0.0001922270999999983,2
74,1771402763393,-0.004199871000000001,0.0038755703999999993,-0.0001922270999999983,2
75,1771402763395,-0.004199871000000001,0.0038755703999999993,-0.0001922270999999983,2
76,1771402763398,-0.004199871000000001,0.0038755703999999993,0.0005877728999998936,2
77,1771402763401,-0.003825471,0.0035245703999999996,0.0005877728999998936,2
78,1771402763403,-0.003825471,0.0035245703999999996,0.0005877728999998936,2
79,1771402763406,-0.003825471,0.0035245703999999996,0.0005877728999998936,2
80,1771402763408,-0.0042973709999999995,0.0038911703999999995,0.00040057290000006165,2
81,1771402763411,-0.0042973709999999995,0.0038911703999999995,0.00040057290000006165,2
82,1771402763413,-0.0042973709999999995,0.0038911703999999995,0.00040057290000006165,2
83,1771402763416,-0.003837171,0.0037351703999999996,0.0008139729000000699,2
84,1771402763419,-0.003837171,0.0037351703999999996,0.0008139729000000699,2
85,1771402763421,-0.003837171,0.0037351703999999996,0.0008139729000000699,2
86,1771402763424,-0.004223271000000001,0.0038209704,3.787290000001255e-05,2
87,1771402763426,-0.004223271000000001,0.0038209704,3.787290000001255e-05,2
88,1771402763432,-0.0038566710000000003,0.0037780704,0.0008178728999999044,2
89,1771402763435,-0.0038566710000000003,0.0037780704,0.0008178728999999044,2
90,1771402763438,-0.0038566710000000003,0.0037780704,0.00016267289999993752,2
91,1771402763440,-0.004195971,0.0037858703999999995,0.00016267289999993752,2
92,1771402763443,-0.004195971,0.0037858703999999995,0.00016267289999993752,2
93,1771402763445,-0.004195971,0.0037858703999999995,0.00016267289999993752,2
94,1771402763448,-0.003825471,0.0035869703999999994,0.0005877728999998936,2
95,1771402763450,-0.003825471,0.0035869703999999994,0.0005877728999998936,2
96,1771402763453,-0.003825471,0.0035869703999999994,0.0005877728999998936,2
97,1771402763455,-0.004270071,0.0038599704,0.00022507289999995552,2
98,1771402763458,-0.004270071,0.0038599704,0.00022507289999995552,2
99,1771402763460,-0.004270071,0.0038599704,0.00022507289999995552,2
100,1771402763463,-0.004156971000000001,0.0038677703999999997,0.00029137290000003015,2
101,1771402763466,-0.004156971000000001,0.0038677703999999997,0.00029137290000003015,2
102,1771402763468,-0.004156971000000001,0.0038677703999999997,0.00029137290000003015,2
103,1771402763471,-0.003973671,0.0037663704,0.0006930729000000905,2
104,1771402763473,-0.003973671,0.0037663704,0.0006930729000000905,2
105,1771402763476,-0.003973671,0.0037663704,0.0006930729000000905,2
106,1771402763478,-0.003930771,0.0036688703999999996,0.00042007289999990074,2
107,1771402763481,-0.003930771,0.0036688703999999996,0.00042007289999990074,2
108,1771402763483,-0.003930771,0.0036688703999999996,0.00042007289999990074,2
109,1771402763486,-0.004051671,0.0037351703999999996,0.0006540728999999682,2
110,1771402763488,-0.004051671,0.0037351703999999996,0.0006540728999999682,2
111,1771402763491,-0.004051671,0.0037351703999999996,0.0006540728999999682,2
112,1771402763494,-0.004149171,0.0038443704,0.00011977289999998066,2
113,1771402763496,-0.004149171,0.0038443704,0.00011977289999998066,2
114,1771402763499,-0.004149171,0.0038443704,0.00011977289999998066,2
115,1771402763501,-0.0040360710000000004,0.0038599704,0.0006891729000000339,2
116,1771402763504,-0.0040360710000000004,0.0038599704,0.0006891729000000339,2
117,1771402763506,-0.0040360710000000004,0.0038599704,0.0006891729000000339,2
118,1771402763509,-0.0040360710000000004,0.0038872704,0.00019777290000000316,2
119,1771402763511,-0.004133571000000001,0.0038872704,0.00019777290000000316,2
120,1771402763514,-0.004133571000000001,0.0038872704,0.00019777290000000316,2
121,1771402763516,-0.004133571000000001,0.0038872704,0.0002874728999999735,2
122,1771402763519,-0.004149171,0.0037273704,0.0002874728999999735,2
123,1771402763522,-0.004149171,0.0037273704,0.0002874728999999735,2
124,1771402763525,-0.004059471,0.0038755703999999993,0.0003303728999999304,2
0,1771402763537,-0.004098470999999999,0.0038131703999999995,0.000615072900000068,2
1,1771402763539,-0.004098470999999999,0.0038131703999999995,0.000615072900000068,2
2,1771402763542,-0.004164770999999999,0.0038131703999999995,0.00022507289999995552,2
3,1771402763544,-0.004164770999999999,0.0038131703999999995,0.00022507289999995552,2
4,1771402763547,-0.004164770999999999,0.0038131703999999995,0.00022507289999995552,2
5,1771402763549,-0.003961971,0.0035323704,0.0005253728999998756,2
6,1771402763552,-0.003961971,0.0035323704,0.0005253728999998756,2
7,1771402763554,-0.003961971,0.0035323704,0.0005253728999998756,2
8,1771402763557,-0.004242770999999999,0.0039067704,0.00024067289999996002,2
9,1771402763560,-0.004242770999999999,0.0039067704,0.00024067289999996002,2
10,1771402763562,-0.004242770999999999,0.0039067704,0.00024067289999996002,2
11,1771402763565,-0.003997071,0.0037039704,0.0001587728999999919,2
12,1771402763567,-0.003997071,0.0037039704,0.0001587728999999919,2
13,1771402763570,-0.003997071,0.0037039704,0.0001587728999999919,2
14,1771402763572,-0.004098470999999999,0.0039145704,0.0007710728999998909,2
15,1771402763575,-0.004098470999999999,0.0039145704,0.0007710728999998909,2
16,1771402763577,-0.004098470999999999,0.0039145704,0.0007710728999998909,2
17,1771402763580,-0.004098470999999999,0.003941870399999999,0.00021337290000000766,2
18,1771402763583,-0.004000971000000001,0.003941870399999999,0.00021337290000000766,2
19,1771402763585,-0.004000971000000001,0.003941870399999999,0.00021337290000000766,2
20,1771402763588,-0.004000971000000001,0.003941870399999999,0.0006306729000000725,2
21,1771402763590,-0.003770871,0.0037663704,0.0006306729000000725,2
22,1771402763593,-0.003770871,0.0037663704,0.0006306729000000725,2
23,1771402763595,-0.003770871,0.0037663704,0.0006306729000000725,2
24,1771402763598,-0.004094571,0.0037507703999999998,0.000303072899999978,2
25,1771402763600,-0.004094571,0.0037507703999999998,0.000303072899999978,2
26,1771402763603,-0.004094571,0.0037507703999999998,0.000303072899999978,2
27,1771402763605,-0.003907371,0.0035869703999999994,0.0008217728999999611,2
28,1771402763608,-0.003907371,0.0035869703999999994,0.0008217728999999611,2
29,1771402763610,-0.003907371,0.0035869703999999994,0.0008217728999999611,2
30,1771402763613,-0.004227171,0.0038326704,0.00024457290000001665,2
31,1771402763616,-0.004227171,0.0038326704,0.00024457290000001665,2
32,1771402763618,-0.004227171,0.0038326704,0.00024457290000001665,2
33,1771402763621,-0.003864471,0.0037546704,0.0005877728999998936,2
34,1771402763623,-0.003864471,0.0037546704,0.0005877728999998936,2
35,1771402763626,-0.003864471,0.0037546704,0.0005877728999998936,2
36,1771402763628,-0.004461171,0.0037351703999999996,0.0002055729000000054,2
37,1771402763631,-0.004461171,0.0037351703999999996,0.0002055729000000054,2
38,1771402763633,-0.004461171,0.0037351703999999996,0.0002055729000000054,2
39,1771402763643,-0.0037942709999999997,0.0034348703999999997,0.0008997728999999836,2
40,1771402763645,-0.004359771,0.0038248703999999994,0.00016267289999993752,2
41,1771402763648,-0.004359771,0.0038248703999999994,0.00016267289999993752,2
42,1771402763650,-0.004359771,0.0038248703999999994,0.00016267289999993752,2
43,1771402763653,-0.003915171,0.0035791703999999997,0.0009348729000000492,2
44,1771402763655,-0.003915171,0.0035791703999999997,0.0009348729000000492,2
45,1771402763658,-0.003915171,0.0035791703999999997,0.0009348729000000492,2
46,1771402763660,-0.004422171000000001,0.0037858703999999995,0.00040447289999989624,2
47,1771402763663,-0.004422171000000001,0.0037858703999999995,0.00040447289999989624,2
48,1771402763665,-0.004422171000000001,0.0037858703999999995,0.00040447289999989624,2
49,1771402763668,-0.003977570999999999,0.0039106704,0.0003927728999999484,2
50,1771402763671,-0.003977570999999999,0.0039106704,0.0003927728999999484,2
51,1771402763673,-0.003977570999999999,0.0039106704,0.0003927728999999484,2
52,1771402763676,-0.004195971,0.0036805703999999995,0.00045517289999996637,2
53,1771402763678,-0.004195971,0.0036805703999999995,0.00045517289999996637,2
54,1771402763681,-0.004195971,0.0036805703999999995,0.00045517289999996637,2
55,1771402763683,-0.004090671000000001,0.0034894704,0.0001275728999999829,2
56,1771402763686,-0.004090671000000001,0.0034894704,0.0001275728999999829,2
57,1771402763689,-0.004090671000000001,0.0034894704,0.0001275728999999829,2
58,1771402763691,-0.004016571,0.0035752703999999995,0.00034207289999987824,2
59,1771402763694,-0.004016571,0.0035752703999999995,0.00034207289999987824,2
60,1771402763696,-0.004016571,0.0035752703999999995,0.00034207289999987824,2
61,1771402763699,-0.0041686710000000005,0.0037975703999999994,0.0001743728999999964,2
62,1771402763701,-0.0041686710000000005,0.0037975703999999994,0.0001743728999999964,2
63,1771402763704,-0.0041686710000000005,0.0037975703999999994,0.0001743728999999964,2
64,1771402763706,-0.0041686710000000005,0.0037039704,0.0007749728999999476,2
65,1771402763709,-0.004094571,0.0037039704,0.0007749728999999476,2
66,1771402763711,-0.004094571,0.0037039704,0.0007749728999999476,2
67,1771402763714,-0.004094571,0.0037039704,0.000396672900000005,2
68,1771402763717,-0.0041530709999999995,0.0038443704,0.000396672900000005,2
69,1771402763719,-0.0041530709999999995,0.0038443704,0.000396672900000005,2
70,1771402763722,-0.0041530709999999995,0.0037624703999999997,0.0008295729000000743,2
71,1771402763725,-0.0037942709999999997,0.0037624703999999997,0.0008295729000000743,2
72,1771402763727,-0.0037942709999999997,0.0037624703999999997,0.0008295729000000743,2
73,1771402763744,-0.0037942709999999997,0.0038092704,-0.00023512710000006618,2
74,1771402763747,-0.004371471,0.0039964703999999995,0.00022507289999995552,2
75,1771402763750,-0.004371471,0.0039964703999999995,0.00022507289999995552,2
76,1771402763752,-0.004371471,0.0039964703999999995,0.00022507289999995552,2
77,1771402763755,-0.003911270999999999,0.0037195703999999994,0.0006735729000000294,2
78,1771402763757,-0.003911270999999999,0.0037195703999999994,0.0006735729000000294,2
79,1771402763760,-0.003911270999999999,0.0037195703999999994,0.0006735729000000294,2
80,1771402763762,-0.0041686710000000005,0.0039730704,-0.0001259271000000347,2
81,1771402763765,-0.0041686710000000005,0.0039730704,-0.0001259271000000347,2
82,1771402763768,-0.0041686710000000005,0.0039730704,-0.0001259271000000347,2
83,1771402763770,-0.0036772709999999998,0.0035401703999999997,0.00048247289999991873,2
84,1771402763773,-0.0036772709999999998,0.0035401703999999997,0.00048247289999991873,2
85,1771402763775,-0.0036772709999999998,0.0035401703999999997,0.00048247289999991873,2
86,1771402763778,-0.004301271000000001,0.0037390704,0.00018217289999999866,2
87,1771402763780,-0.004301271000000001,0.0037390704,0.00018217289999999866,2
88,1771402763783,-0.004301271000000001,0.0037390704,0.00018217289999999866,2
89,1771402763785,-0.0038215709999999997,0.0037429704,0.0007476728999999952,2
90,1771402763788,-0.0038215709999999997,0.0037429704,0.0007476728999999952,2
91,1771402763790,-0.0038215709999999997,0.0037429704,0.0007476728999999952,2
92,1771402763793,-0.0038215709999999997,0.0039496704,0.0001275728999999829,2
93,1771402763796,-0.004371471,0.0039496704,0.0001275728999999829,2
94,1771402763798,-0.004371471,0.0039496704,0.0001275728999999829,2
95,1771402763801,-0.004371471,0.0039496704,0.0004941729000000886,2
96,1771402763803,-0.0038956710000000003,0.0035596704,0.0004941729000000886,2
97,1771402763806,-0.0038956710000000003,0.0035596704,0.0004941729000000886,2
98,1771402763808,-0.0038956710000000003,0.0035596704,0.0004941729000000886,2
99,1771402763811,-0.004309070999999999,0.0038053704,0.0006228728999999592,2
100,1771402763813,-0.004309070999999999,0.0038053704,0.0006228728999999592,2
101,1771402763816,-0.004309070999999999,0.0038053704,0.0006228728999999592,2
102,1771402763819,-0.003825471,0.0038794703999999996,0.00020167289999994877,2
103,1771402763822,-0.003825471,0.0038794703999999996,0.00020167289999994877,2
104,1771402763824,-0.003825471,0.0038794703999999996,0.00020167289999994877,2
105,1771402763827,-0.003965870999999999,0.0035869703999999994,0.0008646728999999179,2
106,1771402763829,-0.003965870999999999,0.0035869703999999994,0.0008646728999999179,2
107,1771402763832,-0.003965870999999999,0.0035869703999999994,0.0008646728999999179,2
108,1771402763834,-0.0041803710000000004,0.0037858703999999995,-5.962710000007108e-05,2
109,1771402763837,-0.0041803710000000004,0.0037858703999999995,-5.962710000007108e-05,2
110,1771402763839,-0.0041803710000000004,0.0037858703999999995,-5.962710000007108e-05,2
111,1771402763842,-0.003954170999999999,0.0034894704,0.0005643728999999979,2
112,1771402763845,-0.003954170999999999,0.0034894704,0.0005643728999999979,2
113,1771402763847,-0.003954170999999999,0.0034894704,0.0005643728999999979,2
114,1771402763850,-0.004367571000000001,0.0037234703999999997,1.0572899999949166e-05,2
115,1771402763852,-0.004367571000000001,0.0037234703999999997,1.0572899999949166e-05,2
116,1771402763855,-0.004367571000000001,0.0037234703999999997,1.0572899999949166e-05,2
117,1771402763857,-0.0037786710000000004,0.0035518703999999996,0.0007164728999999862,2
118,1771402763860,-0.0037786710000000004,0.0035518703999999996,0.0007164728999999862,2
119,1771402763862,-0.0037786710000000004,0.0035518703999999996,0.0007164728999999862,2
120,1771402763865,-0.0043909710000000005,0.0038677703999999997,5.347290000001705e-05,2
121,1771402763868,-0.0043909710000000005,0.0038677703999999997,5.347290000001705e-05,2
122,1771402763870,-0.0043909710000000005,0.0038677703999999997,5.347290000001705e-05,2
123,1771402763873,-0.0038059709999999996,0.0036571703999999997,0.0004980728999999232,2
124,1771402763875,-0.0038059709999999996,0.0036571703999999997,0.0004980728999999232,2
0,1771402763887,-0.004215471,0.0038521703999999995,0.00023287289999995777,2
1,1771402763889,-0.003841071,0.0037195703999999994,0.0005019728999999799,2
2,1771402763892,-0.003841071,0.0037195703999999994,0.0005019728999999799,2
3,1771402763894,-0.003841071,0.0037195703999999994,0.0005019728999999799,2
4,1771402763897,-0.003954170999999999,0.0038053704,0.00027967289999997127,2
5,1771402763899,-0.003954170999999999,0.0038053704,0.00027967289999997127,2
6,1771402763902,-0.003954170999999999,0.0038053704,0.00027967289999997127,2
7,1771402763905,-0.003922971000000001,0.0038482704,0.0001080729000000328,2
8,1771402763907,-0.003922971000000001,0.0038482704,0.0001080729000000328,2
9,1771402763910,-0.003922971000000001,0.0038482704,0.0001080729000000328,2
10,1771402763912,-0.004063371,0.0038092704,0.00041617290000006614,2
11,1771402763915,-0.004063371,0.0038092704,0.00041617290000006614,2
12,1771402763918,-0.004063371,0.0038092704,0.00041617290000006614,2
13,1771402763920,-0.004004871,0.0036844703999999997,0.000459072900000023,2
14,1771402763923,-0.004004871,0.0036844703999999997,0.000459072900000023,2
15,1771402763925,-0.004004871,0.0036844703999999997,0.000459072900000023,2
16,1771402763928,-0.004016571,0.0038443704,0.0009543728999998883,2
17,1771402763930,-0.004016571,0.0038443704,0.0009543728999998883,2
18,1771402763933,-0.004016571,0.0038443704,0.0009543728999998883,2
19,1771402763935,-0.003997071,0.0040042704,-7.912710000002119e-05,2
20,1771402763938,-0.003997071,0.0040042704,-7.912710000002119e-05,2
21,1771402763940,-0.003997071,0.0040042704,-7.912710000002119e-05,2
22,1771402763949,-0.0037396710000000004,0.0035752703999999995,0.0005331728999999889,2
23,1771402763952,-0.004141371,0.0039223704,1.0572899999949166e-05,2
24,1771402763955,-0.004141371,0.0039223704,1.0572899999949166e-05,2
25,1771402763957,-0.004141371,0.0039223704,1.0572899999949166e-05,2
26,1771402763960,-0.003915171,0.0035791703999999997,0.0006969728999999251,2
27,1771402763962,-0.003915171,0.0035791703999999997,0.0006969728999999251,2
28,1771402763965,-0.003915171,0.0035791703999999997,0.0006969728999999251,2
29,1771402763967,-0.004207671,0.0039925704,0.00016657289999999416,2
30,1771402763970,-0.004207671,0.0039925704,0.00016657289999999416,2
31,1771402763972,-0.004207671,0.0039925704,0.00016657289999999416,2
32,1771402763975,-0.003926871,0.0036883704,0.0010206728999999628,2
33,1771402763978,-0.003926871,0.0036883704,0.0010206728999999628,2
34,1771402763980,-0.003926871,0.0036883704,0.0010206728999999628,2
35,1771402763983,-0.003926871,0.0037195703999999994,-5.027100000055333e-06,2
36,1771402763985,-0.004324671,0.0037195703999999994,-5.027100000055333e-06,2
37,1771402763988,-0.004324671,0.0037195703999999994,-5.027100000055333e-06,2
38,1771402763990,-0.004324671,0.0037195703999999994,0.0006813728999999206,2
39,1771402763993,-0.003848871,0.0036142703999999994,0.0006813728999999206,2
40,1771402763995,-0.003848871,0.0036142703999999994,0.0006813728999999206,2
41,1771402763998,-0.003848871,0.0036142703999999994,0.0006813728999999206,2
42,1771402764000,-0.004211571000000001,0.0038911703999999995,9.637289999997391e-05,2
43,1771402764003,-0.004211571000000001,0.0038911703999999995,9.637289999997391e-05,2
44,1771402764006,-0.004211571000000001,0.0038911703999999995,9.637289999997391e-05,2
45,1771402764008,-0.0038293710000000003,0.0037780704,0.0002523729000000189,2
46,1771402764011,-0.0038293710000000003,0.0037780704,0.0002523729000000189,2
47,1771402764013,-0.0038293710000000003,0.0037780704,0.0002523729000000189,2
48,1771402764016,-0.004270071,0.0037858703999999995,0.0001587728999999919,2
49,1771402764018,-0.004270071,0.0037858703999999995,0.0001587728999999919,2
50,1771402764021,-0.004270071,0.0037858703999999995,0.0001587728999999919,2
51,1771402764023,-0.003934671000000001,0.0037000704,0.0005994729000000635,2
52,1771402764026,-0.003934671000000001,0.0037000704,0.0005994729000000635,2
53,1771402764028,-0.003934671000000001,0.0037000704,0.0005994729000000635,2
54,1771402764031,-0.004309070999999999,0.0039457704,0.0005760728999999457,2
55,1771402764034,-0.004309070999999999,0.0039457704,0.0005760728999999457,2
56,1771402764036,-0.004309070999999999,0.0039457704,0.0005760728999999457,2
57,1771402764039,-0.003965870999999999,0.0038443704,0.0003459728999999349,2
58,1771402764041,-0.003965870999999999,0.0038443704,0.0003459728999999349,2
59,1771402764044,-0.003965870999999999,0.0038443704,0.0003459728999999349,2
60,1771402764046,-0.003973671,0.0037780704,0.000646272900000077,2
61,1771402764049,-0.003973671,0.0037780704,0.000646272900000077,2
62,1771402764052,-0.003973671,0.0037780704,0.000646272900000077,2
63,1771402764054,-0.004141371,0.0037546704,0.0001743728999999964,2
64,1771402764057,-0.004141371,0.0037546704,0.0001743728999999964,2
65,1771402764059,-0.004141371,0.0037546704,0.0001743728999999964,2
66,1771402764062,-0.004141371,0.0035869703999999994,0.0005565728999998846,2
67,1771402764064,-0.003915171,0.0035869703999999994,0.0005565728999998846,2
68,1771402764067,-0.003915171,0.0035869703999999994,0.0005565728999998846,2
69,1771402764069,-0.003915171,0.0040354703999999995,-0.0003014271000000298,2
70,1771402764072,-0.004195971,0.0040354703999999995,-0.0003014271000000298,2
71,1771402764074,-0.004195971,0.0040354703999999995,-0.0003014271000000298,2
72,1771402764077,-0.004195971,0.0040354703999999995,0.0002952729000000868,2
73,1771402764080,-0.0037279709999999996,0.0037117704,0.0002952729000000868,2
74,1771402764082,-0.0037279709999999996,0.0037117704,0.0002952729000000868,2
75,1771402764085,-0.0037279709999999996,0.0037117704,0.0002952729000000868,2
76,1771402764087,-0.004301271000000001,0.0039535704,0.0005565728999998846,2
77,1771402764090,-0.004301271000000001,0.0039535704,0.0005565728999998846,2
78,1771402764092,-0.004301271000000001,0.0039535704,0.0005565728999998846,2
79,1771402764103,-0.004328571,0.0036376704,-1.6727100000003196e-05,2
80,1771402764106,-0.004328571,0.0036376704,-1.6727100000003196e-05,2
81,1771402764108,-0.004328571,0.0036376704,-1.6727100000003196e-05,2
82,1771402764111,-0.003989271000000001,0.0037312703999999993,0.0005643728999999979,2
83,1771402764114,-0.003989271000000001,0.0037312703999999993,0.0005643728999999979,2
84,1771402764116,-0.003989271000000001,0.0037312703999999993,0.0005643728999999979,2
85,1771402764119,-0.004188170999999999,0.0038131703999999995,0.00047857290000008414,2
86,1771402764121,-0.004188170999999999,0.0038131703999999995,0.00047857290000008414,2
87,1771402764124,-0.004188170999999999,0.0038131703999999995,0.00047857290000008414,2
88,1771402764126,-0.004090671000000001,0.0037078703999999995,0.00020947289999995102,2
89,1771402764129,-0.004090671000000001,0.0037078703999999995,0.00020947289999995102,2
90,1771402764131,-0.004090671000000001,0.0037078703999999995,0.00020947289999995102,2
91,1771402764134,-0.003997071,0.0036883704,0.00043567289999990523,2
92,1771402764137,-0.003997071,0.0036883704,0.00043567289999990523,2
93,1771402764139,-0.003997071,0.0036883704,0.00043567289999990523,2
94,1771402764142,-0.004188170999999999,0.0039340704,0.0005019728999999799,2
95,1771402764144,-0.004188170999999999,0.0039340704,0.0005019728999999799,2
96,1771402764147,-0.004188170999999999,0.0039340704,0.0005019728999999799,2
97,1771402764149,-0.003997071,0.0037975703999999994,0.0005448728999999367,2
98,1771402764152,-0.003997071,0.0037975703999999994,0.0005448728999999367,2
99,1771402764154,-0.003997071,0.0037975703999999994,0.0005448728999999367,2
100,1771402764157,-0.0041803710000000004,0.0037156704,0.00022507289999995552,2
101,1771402764159,-0.0041803710000000004,0.0037156704,0.00022507289999995552,2
102,1771402764162,-0.0041803710000000004,0.0037156704,0.00022507289999995552,2
103,1771402764165,-0.003864471,0.0036103704,0.0006345728999999071,2
104,1771402764167,-0.003864471,0.0036103704,0.0006345728999999071,2
105,1771402764170,-0.003864471,0.0036103704,0.0006345728999999071,2
106,1771402764172,-0.003864471,0.0039457704,-7.912710000002119e-05,2
107,1771402764175,-0.004137471,0.0039457704,-7.912710000002119e-05,2
108,1771402764177,-0.004137471,0.0039457704,-7.912710000002119e-05,2
109,1771402764180,-0.004137471,0.0039457704,0.00045127289999990973,2
110,1771402764182,-0.0040750709999999996,0.0038092704,0.00045127289999990973,2
111,1771402764185,-0.0040750709999999996,0.0038092704,0.00045127289999990973,2
112,1771402764187,-0.0040750709999999996,0.0038092704,-4.7927100000012194e-05,2
113,1771402764190,-0.004367571000000001,0.0038560703999999998,-4.7927100000012194e-05,2
114,1771402764193,-0.004367571000000001,0.0038560703999999998,-4.7927100000012194e-05,2
115,1771402764195,-0.004367571000000001,0.0038560703999999998,-4.7927100000012194e-05,2
116,1771402764198,-0.003911270999999999,0.0038053704,0.0005253728999998756,2
117,1771402764200,-0.003911270999999999,0.0038053704,0.0005253728999998756,2
118,1771402764203,-0.003911270999999999,0.0038053704,0.0005253728999998756,2
119,1771402764205,-0.004305171,0.0039652704,0.000303072899999978,2
120,1771402764208,-0.004305171,0.0039652704,0.000303072899999978,2
121,1771402764210,-0.004305171,0.0039652704,0.000303072899999978,2
122,1771402764213,-0.0040360710000000004,0.0036064703999999998,0.00014707289999993302,2
123,1771402764216,-0.0040360710000000004,0.0036064703999999998,0.00014707289999993302,2
124,1771402764218,-0.0040360710000000004,0.0036064703999999998,0.00014707289999993302,2
0,1771402764233,-0.004238871,0.0038716704,0.0003108729000000913,2
1,1771402764236,-0.004164770999999999,0.0038638703999999994,0.000490272900000032,2
2,1771402764239,-0.004164770999999999,0.0038638703999999994,0.000490272900000032,2
3,1771402764241,-0.004164770999999999,0.0038638703999999994,0.000490272900000032,2
4,1771402764244,-0.004106271,0.0036610704,0.00044737290000007514,2
5,1771402764246,-0.004106271,0.0036610704,0.00044737290000007514,2
6,1771402764249,-0.004106271,0.0036610704,0.00044737290000007514,2
7,1771402764251,-0.0038878709999999998,0.0037936704,0.0009309728999999926,2
8,1771402764254,-0.0038878709999999998,0.0037936704,0.0009309728999999926,2
9,1771402764256,-0.0038878709999999998,0.0037936704,0.0009309728999999926,2
10,1771402764265,-0.0043129710000000005,0.0038482704,-0.00011812710000003244,2
11,1771402764268,-0.003981471,0.0035479703999999994,0.0008139729000000699,2
12,1771402764270,-0.003981471,0.0035479703999999994,0.0008139729000000699,2
13,1771402764273,-0.003981471,0.0035479703999999994,0.0008139729000000699,2
14,1771402764275,-0.004566471000000001,0.0040042704,-0.00013372710000003694,2
15,1771402764278,-0.004566471000000001,0.0040042704,-0.00013372710000003694,2
16,1771402764281,-0.004566471000000001,0.0040042704,-0.00013372710000003694,2
17,1771402764283,-0.0035719709999999997,0.0035674704,0.0008724729000000312,2
18,1771402764286,-0.0035719709999999997,0.0035674704,0.0008724729000000312,2
19,1771402764288,-0.0035719709999999997,0.0035674704,0.0008724729000000312,2
20,1771402764291,-0.004344171000000001,0.0039652704,0.00024067289999996002,2
21,1771402764293,-0.004344171000000001,0.0039652704,0.00024067289999996002,2
22,1771402764296,-0.004344171000000001,0.0039652704,0.00024067289999996002,2
23,1771402764298,-0.004344171000000001,0.0037975703999999994,0.0008490728999999134,2
24,1771402764301,-0.003813771,0.0037975703999999994,0.0008490728999999134,2
25,1771402764303,-0.003813771,0.0037975703999999994,0.0008490728999999134,2
26,1771402764306,-0.003813771,0.0037975703999999994,-5.027100000055333e-06,2
27,1771402764309,-0.004402671,0.0040237704,-5.027100000055333e-06,2
28,1771402764311,-0.004402671,0.0040237704,-5.027100000055333e-06,2
29,1771402764314,-0.004402671,0.0040237704,-5.027100000055333e-06,2
30,1771402764316,-0.003657771,0.0036649704,0.0006930729000000905,2
31,1771402764319,-0.003657771,0.0036649704,0.0006930729000000905,2
32,1771402764321,-0.003657771,0.0036649704,0.0006930729000000905,2
33,1771402764324,-0.004254470999999999,0.0038716704,0.00032257290000003915,2
34,1771402764326,-0.004254470999999999,0.0038716704,0.00032257290000003915,2
35,1771402764329,-0.004254470999999999,0.0038716704,0.00032257290000003915,2
36,1771402764331,-0.003759171,0.0037195703999999994,0.0001899729000000009,2
37,1771402764334,-0.003759171,0.0037195703999999994,0.0001899729000000009,2
38,1771402764337,-0.003759171,0.0037195703999999994,0.0001899729000000009,2
39,1771402764339,-0.004071171,0.0036688703999999996,0.0002562728999999645,2
40,1771402764342,-0.004071171,0.0036688703999999996,0.0002562728999999645,2
41,1771402764344,-0.004071171,0.0036688703999999996,0.0002562728999999645,2
42,1771402764347,-0.004114071,0.0038287703999999997,0.000303072899999978,2
43,1771402764350,-0.004114071,0.0038287703999999997,0.000303072899999978,2
44,1771402764352,-0.004114071,0.0038287703999999997,0.000303072899999978,2
45,1771402764355,-0.004032170999999999,0.0038989704,0.0003771728999999439,2
46,1771402764358,-0.004032170999999999,0.0038989704,0.0003771728999999439,2
47,1771402764360,-0.004032170999999999,0.0038989704,0.0003771728999999439,2
48,1771402764363,-0.004176470999999999,0.0038677703999999997,0.00046297290000007964,2
49,1771402764365,-0.004176470999999999,0.0038677703999999997,0.00046297290000007964,2
50,1771402764368,-0.004176470999999999,0.0038677703999999997,0.00046297290000007964,2
51,1771402764370,-0.004090671000000001,0.0035908703999999996,0.0006033728999998981,2
52,1771402764373,-0.004090671000000001,0.0035908703999999996,0.0006033728999998981,2
53,1771402764375,-0.004090671000000001,0.0035908703999999996,0.0006033728999998981,2
54,1771402764378,-0.004192071,0.0038092704,9.24729000000283e-05,2
55,1771402764380,-0.004192071,0.0038092704,9.24729000000283e-05,2
56,1771402764383,-0.004192071,0.0038092704,9.24729000000283e-05,2
57,1771402764386,-0.004047771,0.0037156704,0.0007437728999999386,2
58,1771402764388,-0.004047771,0.0037156704,0.0007437728999999386,2
59,1771402764391,-0.004047771,0.0037156704,0.0007437728999999386,2
60,1771402764393,-0.004047771,0.0037195703999999994,0.0001236729000000373,2
61,1771402764396,-0.004348071,0.0037195703999999994,0.0001236729000000373,2
62,1771402764398,-0.004348071,0.0037195703999999994,0.0001236729000000373,2
63,1771402764401,-0.004348071,0.0037195703999999994,0.0007359729000000474,2
64,1771402764403,-0.004012671000000001,0.0036259703999999993,0.0007359729000000474,2
65,1771402764406,-0.004012671000000001,0.0036259703999999993,0.0007359729000000474,2
66,1771402764409,-0.004012671000000001,0.0036259703999999993,0.0007359729000000474,2
67,1771402764411,-0.004227171,0.0039262704,-7.132710000001894e-05,2
68,1771402764414,-0.004227171,0.0039262704,-7.132710000001894e-05,2
69,1771402764416,-0.004227171,0.0039262704,-7.132710000001894e-05,2
70,1771402764419,-0.0037825709999999998,0.0037819704,0.000334272899999987,2
71,1771402764421,-0.0037825709999999998,0.0037819704,0.000334272899999987,2
72,1771402764424,-0.0037825709999999998,0.0037819704,0.000334272899999987,2
73,1771402764426,-0.004188170999999999,0.0037585703999999994,0.00010417289999997616,2
74,1771402764429,-0.004188170999999999,0.0037585703999999994,0.00010417289999997616,2
75,1771402764431,-0.004188170999999999,0.0037585703999999994,0.00010417289999997616,2
76,1771402764434,-0.003919071,0.0036298703999999996,0.000334272899999987,2
77,1771402764437,-0.003919071,0.0036298703999999996,0.000334272899999987,2
78,1771402764439,-0.003919071,0.0036298703999999996,0.000334272899999987,2
79,1771402764442,-0.003946371000000001,0.0038716704,0.0003927728999999484,2
80,1771402764444,-0.003946371000000001,0.0038716704,0.0003927728999999484,2
81,1771402764447,-0.003946371000000001,0.0038716704,0.0003927728999999484,2
82,1771402764449,-0.0039424709999999995,0.0038716704,0.00045127289999990973,2
83,1771402764452,-0.0039424709999999995,0.0038716704,0.00045127289999990973,2
84,1771402764454,-0.0039424709999999995,0.0038716704,0.00045127289999990973,2
85,1771402764457,-0.0041023710000000005,0.0036922703999999994,0.00043177290000007064,2
86,1771402764459,-0.0041023710000000005,0.0036922703999999994,0.00043177290000007064,2
87,1771402764462,-0.0041023710000000005,0.0036922703999999994,0.00043177290000007064,2
88,1771402764464,-0.004082871,0.0038404703999999996,7.297289999996716e-05,2
89,1771402764467,-0.004082871,0.0038404703999999996,7.297289999996716e-05,2
90,1771402764470,-0.004082871,0.0038404703999999996,7.297289999996716e-05,2
91,1771402764472,-0.004082871,0.0038170704,0.0008061728999999566,2
92,1771402764475,-0.0037942709999999997,0.0038170704,0.0008061728999999566,2
93,1771402764477,-0.0037942709999999997,0.0038170704,0.0008061728999999566,2
94,1771402764480,-0.0037942709999999997,0.0038170704,2.2272900000008052e-05,2
95,1771402764482,-0.004149171,0.0037702703999999993,2.2272900000008052e-05,2
96,1771402764485,-0.004149171,0.0037702703999999993,2.2272900000008052e-05,2
97,1771402764488,-0.004149171,0.0037702703999999993,2.2272900000008052e-05,2
98,1771402764490,-0.0037786710000000004,0.0035206704,0.0008724729000000312,2
99,1771402764493,-0.0037786710000000004,0.0035206704,0.0008724729000000312,2
100,1771402764495,-0.0037786710000000004,0.0035206704,0.0008724729000000312,2
101,1771402764498,-0.0043129710000000005,0.0037312703999999993,0.00017047289999993977,2
102,1771402764500,-0.0043129710000000005,0.0037312703999999993,0.00017047289999993977,2
103,1771402764503,-0.0043129710000000005,0.0037312703999999993,0.00017047289999993977,2
104,1771402764505,-0.003696771,0.0037429704,0.0006969728999999251,2
105,1771402764508,-0.003696771,0.0037429704,0.0006969728999999251,2
106,1771402764510,-0.003696771,0.0037429704,0.0006969728999999251,2
107,1771402764513,-0.004394871,0.0039457704,-0.00013372710000003694,2
108,1771402764516,-0.004394871,0.0039457704,-0.00013372710000003694,2
109,1771402764518,-0.004394871,0.0039457704,-0.00013372710000003694,2
110,1771402764521,-0.0038059709999999996,0.0035245703999999996,0.0006345728999999071,2
111,1771402764523,-0.0038059709999999996,0.0035245703999999996,0.0006345728999999071,2
112,1771402764526,-0.0038059709999999996,0.0035245703999999996,0.0006345728999999071,2
113,1771402764528,-0.004059471,0.0037897703999999997,0.00020167289999994877,2
114,1771402764531,-0.004059471,0.0037897703999999997,0.00020167289999994877,2
115,1771402764534,-0.004059471,0.0037897703999999997,0.00020167289999994877,2
116,1771402764537,-0.0037240710000000002,0.0036532703999999994,0.0007164728999999862,2
117,1771402764539,-0.0037240710000000002,0.0036532703999999994,0.0007164728999999862,2
118,1771402764542,-0.0037240710000000002,0.0036532703999999994,0.0007164728999999862,2
119,1771402764545,-0.004234971000000001,0.0038716704,0.00032647289999987374,2
120,1771402764547,-0.004234971000000001,0.0038716704,0.00032647289999987374,2
121,1771402764550,-0.004234971000000001,0.0038716704,0.00032647289999987374,2
122,1771402764552,-0.003934671000000001,0.0036376704,0.0003810729000000005,2
123,1771402764555,-0.003934671000000001,0.0036376704,0.0003810729000000005,2
124,1771402764557,-0.003934671000000001,0.0036376704,0.0003810729000000005,2
0,1771402764576,-0.004106271,0.0037039704,0.00040057290000006165,2
1,1771402764578,-0.004106271,0.0037039704,0.00040057290000006165,2
2,1771402764581,-0.004106271,0.0037039704,0.00040057290000006165,2
3,1771402764583,-0.004063371,0.0038599704,0.00030697290000003465,2
4,1771402764586,-0.004063371,0.0038599704,0.00030697290000003465,2
5,1771402764588,-0.004063371,0.0038599704,0.00030697290000003465,2
6,1771402764591,-0.0038878709999999998,0.0037819704,0.0006423729000000204,2
7,1771402764594,-0.0038878709999999998,0.0037819704,0.0006423729000000204,2
8,1771402764596,-0.0038878709999999998,0.0037819704,0.0006423729000000204,2
9,1771402764599,-0.0038878709999999998,0.0038521703999999995,-3.622710000006433e-05,2
10,1771402764601,-0.004149171,0.0038521703999999995,-3.622710000006433e-05,2
11,1771402764604,-0.004149171,0.0038521703999999995,-3.622710000006433e-05,2
12,1771402764606,-0.004149171,0.0038521703999999995,0.0002991728999999214,2
13,1771402764609,-0.0038722709999999996,0.0035362703999999995,0.0002991728999999214,2
14,1771402764611,-0.0038722709999999996,0.0035362703999999995,0.0002991728999999214,2
15,1771402764614,-0.0038722709999999996,0.0035362703999999995,0.0002991728999999214,2
16,1771402764616,-0.004238871,0.0036688703999999996,0.0001431728999999874,2
17,1771402764619,-0.004238871,0.0036688703999999996,0.0001431728999999874,2
18,1771402764621,-0.004238871,0.0036688703999999996,0.0001431728999999874,2
19,1771402764624,-0.004000971000000001,0.0036805703999999995,0.00032257290000003915,2
20,1771402764627,-0.004000971000000001,0.0036805703999999995,0.00032257290000003915,2
21,1771402764629,-0.004000971000000001,0.0036805703999999995,0.00032257290000003915,2
22,1771402764635,-0.004114071,0.0038053704,0.00029137290000003015,2
23,1771402764637,-0.004114071,0.0038053704,0.00029137290000003015,2
24,1771402764640,-0.0040243710000000005,0.0035791703999999997,0.0003186728999999825,2
25,1771402764642,-0.0040243710000000005,0.0035791703999999997,0.0003186728999999825,2
26,1771402764645,-0.0040243710000000005,0.0035791703999999997,0.0003186728999999825,2
27,1771402764648,-0.004043870999999999,0.0035128703999999997,7.297289999996716e-05,2
28,1771402764650,-0.004043870999999999,0.0035128703999999997,7.297289999996716e-05,2
29,1771402764653,-0.004043870999999999,0.0035128703999999997,7.297289999996716e-05,2
30,1771402764655,-0.004063371,0.0035674704,0.000646272900000077,2
31,1771402764658,-0.004063371,0.0035674704,0.000646272900000077,2
32,1771402764660,-0.004063371,0.0035674704,0.000646272900000077,2
33,1771402764663,-0.0043636709999999995,0.0038521703999999995,4.9572899999960414e-05,2
34,1771402764666,-0.0043636709999999995,0.0038521703999999995,4.9572899999960414e-05,2
35,1771402764668,-0.0043636709999999995,0.0038521703999999995,4.9572899999960414e-05,2
36,1771402764671,-0.003930771,0.0037663704,0.00019777290000000316,2
37,1771402764673,-0.003930771,0.0037663704,0.00019777290000000316,2
38,1771402764676,-0.003930771,0.0037663704,0.00019777290000000316,2
39,1771402764678,-0.0042466710000000005,0.0038755703999999993,0.00037327289999988724,2
40,1771402764681,-0.0042466710000000005,0.0038755703999999993,0.00037327289999988724,2
41,1771402764683,-0.0042466710000000005,0.0038755703999999993,0.00037327289999988724,2
42,1771402764686,-0.0040243710000000005,0.0039145704,0.0005097728999998711,2
43,1771402764688,-0.0040243710000000005,0.0039145704,0.0005097728999998711,2
44,1771402764691,-0.0040243710000000005,0.0039145704,0.0005097728999998711,2
45,1771402764694,-0.004016571,0.0037390704,0.0005643728999999979,2
46,1771402764696,-0.004016571,0.0037390704,0.0005643728999999979,2
47,1771402764699,-0.004016571,0.0037390704,0.0005643728999999979,2
48,1771402764701,-0.004016571,0.0037390704,0.00024847289999996227,2
49,1771402764704,-0.004445571000000001,0.0037390704,0.00024847289999996227,2
50,1771402764706,-0.004445571000000001,0.0037390704,0.00024847289999996227,2
51,1771402764709,-0.004445571000000001,0.0037390704,0.0005448728999999367,2
52,1771402764711,-0.0037942709999999997,0.0036883704,0.0005448728999999367,2
53,1771402764714,-0.0037942709999999997,0.0036883704,0.0005448728999999367,2
54,1771402764716,-0.0037942709999999997,0.0036883704,0.0005448728999999367,2
55,1771402764719,-0.004082871,0.0038794703999999996,0.00040447289999989624,2
56,1771402764722,-0.004082871,0.0038794703999999996,0.00040447289999989624,2
57,1771402764724,-0.004082871,0.0038794703999999996,0.00040447289999989624,2
58,1771402764727,-0.003919071,0.0039613704,0.0008568729000000267,2
59,1771402764729,-0.003919071,0.0039613704,0.0008568729000000267,2
60,1771402764732,-0.003919071,0.0039613704,0.0008568729000000267,2
61,1771402764734,-0.003993171,0.0037858703999999995,0.0003771728999999439,2
62,1771402764737,-0.003993171,0.0037858703999999995,0.0003771728999999439,2
63,1771402764739,-0.003993171,0.0037858703999999995,0.0003771728999999439,2
64,1771402764742,-0.0038839710000000004,0.0038482704,0.0003927728999999484,2
65,1771402764744,-0.0038839710000000004,0.0038482704,0.0003927728999999484,2
66,1771402764747,-0.0038839710000000004,0.0038482704,0.0003927728999999484,2
67,1771402764750,-0.004234971000000001,0.0040315704,0.0005019728999999799,2
68,1771402764752,-0.004234971000000001,0.0040315704,0.0005019728999999799,2
69,1771402764755,-0.004234971000000001,0.0040315704,0.0005019728999999799,2
70,1771402764757,-0.004114071,0.0036922703999999994,0.00043567289999990523,2
71,1771402764760,-0.004114071,0.0036922703999999994,0.00043567289999990523,2
72,1771402764762,-0.004114071,0.0036922703999999994,0.00043567289999990523,2
73,1771402764765,-0.004117971,0.0037507703999999998,0.0002835728999999169,2
74,1771402764767,-0.004117971,0.0037507703999999998,0.0002835728999999169,2
75,1771402764770,-0.004117971,0.0037507703999999998,0.0002835728999999169,2
76,1771402764773,-0.003961971,0.0039067704,0.00026017290000002115,2
77,1771402764775,-0.003961971,0.0039067704,0.00026017290000002115,2
78,1771402764778,-0.003961971,0.0039067704,0.00026017290000002115,2
79,1771402764780,-0.003961971,0.0036532703999999994,0.000615072900000068,2
80,1771402764783,-0.004043870999999999,0.0036532703999999994,0.000615072900000068,2
81,1771402764785,-0.004043870999999999,0.0036532703999999994,0.000615072900000068,2
82,1771402764788,-0.004043870999999999,0.0036532703999999994,0.0002055729000000054,2
83,1771402764790,-0.004063371,0.0038443704,0.0002055729000000054,2
84,1771402764793,-0.004063371,0.0038443704,0.0002055729000000054,2
85,1771402764795,-0.004063371,0.0038443704,0.0002055729000000054,2
86,1771402764798,-0.0038332709999999996,0.0037975703999999994,0.0006618729000000815,2
87,1771402764801,-0.0038332709999999996,0.0037975703999999994,0.0006618729000000815,2
88,1771402764803,-0.0038332709999999996,0.0037975703999999994,0.0006618729000000815,2
89,1771402764806,-0.004149171,0.0039457704,0.0006345728999999071,2
90,1771402764808,-0.004149171,0.0039457704,0.0006345728999999071,2
91,1771402764811,-0.004149171,0.0039457704,0.0006345728999999071,2
92,1771402764813,-0.004129671,0.0037312703999999993,0.0005448728999999367,2
93,1771402764816,-0.004129671,0.0037312703999999993,0.0005448728999999367,2
94,1771402764818,-0.004129671,0.0037312703999999993,0.0005448728999999367,2
95,1771402764821,-0.004176470999999999,0.0037000704,0.0004122729000000095,2
96,1771402764823,-0.004176470999999999,0.0037000704,0.0004122729000000095,2
97,1771402764826,-0.004176470999999999,0.0037000704,0.0004122729000000095,2
98,1771402764829,-0.0038722709999999996,0.0038248703999999994,0.0007515729000000519,2
99,1771402764831,-0.0038722709999999996,0.0038248703999999994,0.0007515729000000519,2
100,1771402764834,-0.0038722709999999996,0.0038248703999999994,0.0007515729000000519,2
101,1771402764836,-0.003993171,0.0038209704,0.00047857290000008414,2
102,1771402764839,-0.003993171,0.0038209704,0.00047857290000008414,2
103,1771402764841,-0.003993171,0.0038209704,0.00047857290000008414,2
104,1771402764844,-0.004114071,0.0036961703999999996,0.0006696728999999727,2
105,1771402764846,-0.004114071,0.0036961703999999996,0.0006696728999999727,2
106,1771402764849,-0.004114071,0.0036961703999999996,0.0006696728999999727,2
107,1771402764851,-0.0041023710000000005,0.0037000704,-3.2327100000007695e-05,2
108,1771402764854,-0.0041023710000000005,0.0037000704,-3.2327100000007695e-05,2
109,1771402764857,-0.0041023710000000005,0.0037000704,-3.2327100000007695e-05,2
110,1771402764859,-0.0041023710000000005,0.0037273704,0.00046687289999991423,2
111,1771402764862,-0.0040087709999999995,0.0037273704,0.00046687289999991423,2
112,1771402764879,-0.0040087709999999995,0.0037273704,0.00046687289999991423,2
113,1771402764882,-0.004078971000000001,0.0037312703999999993,0.00040837289999995287,2
114,1771402764884,-0.004199871000000001,0.0037429704,0.00024457290000001665,2
115,1771402764887,-0.004199871000000001,0.0037429704,0.00024457290000001665,2
116,1771402764889,-0.004199871000000001,0.0037429704,0.00024457290000001665,2
117,1771402764892,-0.004129671,0.0036220704,0.0004980728999999232,2
118,1771402764894,-0.004129671,0.0036220704,0.0004980728999999232,2
119,1771402764897,-0.004129671,0.0036220704,0.0004980728999999232,2
120,1771402764899,-0.004211571000000001,0.0038872704,0.00019777290000000316,2
121,1771402764902,-0.004211571000000001,0.0038872704,0.00019777290000000316,2
122,1771402764904,-0.004211571000000001,0.0038872704,0.00019777290000000316,2
123,1771402764907,-0.0040360710000000004,0.0036961703999999996,0.0006072728999999547,2
124,1771402764910,-0.0040360710000000004,0.0036961703999999996,0.0006072728999999547,2
0,1771402764921,-0.004094571,0.0037156704,0.000459072900000023,2
1,1771402764924,-0.004043870999999999,0.0037078703999999995,0.00042397289999995737,2
2,1771402764926,-0.004043870999999999,0.0037078703999999995,0.00042397289999995737,2
3,1771402764929,-0.004043870999999999,0.0037078703999999995,0.00042397289999995737,2
4,1771402764931,-0.004340271,0.0037780704,0.0006111729000000114,2
5,1771402764934,-0.004340271,0.0037780704,0.0006111729000000114,2
6,1771402764936,-0.004340271,0.0037780704,0.0006111729000000114,2
7,1771402764939,-0.0041023710000000005,0.0036610704,0.0002679729000000234,2
8,1771402764942,-0.0041023710000000005,0.0036610704,0.0002679729000000234,2
9,1771402764944,-0.0041023710000000005,0.0036610704,0.0002679729000000234,2
10,1771402764947,-0.004039971,0.0035713704,0.0006735729000000294,2
11,1771402764949,-0.004039971,0.0035713704,0.0006735729000000294,2
12,1771402764952,-0.004039971,0.0035713704,0.0006735729000000294,2
13,1771402764954,-0.004328571,0.0039613704,0.00013147289999992852,2
14,1771402764957,-0.004328571,0.0039613704,0.00013147289999992852,2
15,1771402764959,-0.004328571,0.0039613704,0.00013147289999992852,2
16,1771402764962,-0.0037903710000000003,0.0036766704,0.0005175728999999844,2
17,1771402764965,-0.0037903710000000003,0.0036766704,0.0005175728999999844,2
18,1771402764967,-0.0037903710000000003,0.0036766704,0.0005175728999999844,2
19,1771402764970,-0.0037903710000000003,0.0037897703999999997,0.00023287289999995777,2
20,1771402764972,-0.004156971000000001,0.0037897703999999997,0.00023287289999995777,2
21,1771402764975,-0.004156971000000001,0.0037897703999999997,0.00023287289999995777,2
22,1771402764978,-0.004156971000000001,0.0036766704,0.0005760728999999457,2
23,1771402764980,-0.003950271,0.0036766704,0.0005760728999999457,2
24,1771402764983,-0.003950271,0.0036766704,0.0005760728999999457,2
25,1771402764985,-0.003950271,0.0038443704,0.00022507289999995552,2
26,1771402764988,-0.004270071,0.0038443704,0.00022507289999995552,2
27,1771402764990,-0.004270071,0.0038443704,0.00022507289999995552,2
28,1771402764993,-0.004270071,0.0038443704,0.0005682729000000545,2
29,1771402764996,-0.0038605709999999997,0.0036454703999999997,0.0005682729000000545,2
30,1771402764998,-0.0038605709999999997,0.0036454703999999997,0.0005682729000000545,2
31,1771402765001,-0.0038605709999999997,0.0036454703999999997,0.0005682729000000545,2
32,1771402765003,-0.004047771,0.0036844703999999997,6.517289999996491e-05,2
33,1771402765006,-0.004047771,0.0036844703999999997,6.517289999996491e-05,2
34,1771402765008,-0.004047771,0.0036844703999999997,6.517289999996491e-05,2
35,1771402765011,-0.003915171,0.0037117704,0.0003771728999999439,2
36,1771402765013,-0.003915171,0.0037117704,0.0003771728999999439,2
37,1771402765016,-0.003915171,0.0037117704,0.0003771728999999439,2
38,1771402765018,-0.0043129710000000005,0.0037312703999999993,-3.2327100000007695e-05,2
39,1771402765021,-0.0043129710000000005,0.0037312703999999993,-3.2327100000007695e-05,2
40,1771402765024,-0.0043129710000000005,0.0037312703999999993,-3.2327100000007695e-05,2
41,1771402765026,-0.0039580710000000005,0.0036415703999999995,0.0003108729000000913,2
42,1771402765029,-0.0039580710000000005,0.0036415703999999995,0.0003108729000000913,2
43,1771402765031,-0.0039580710000000005,0.0036415703999999995,0.0003108729000000913,2
44,1771402765034,-0.004367571000000001,0.0038716704,0.00027967289999997127,2
45,1771402765036,-0.004367571000000001,0.0038716704,0.00027967289999997127,2
46,1771402765039,-0.004367571000000001,0.0038716704,0.00027967289999997127,2
47,1771402765041,-0.003876171,0.0037039704,0.00044737290000007514,2
48,1771402765044,-0.003876171,0.0037039704,0.00044737290000007514,2
49,1771402765047,-0.003876171,0.0037039704,0.00044737290000007514,2
50,1771402765049,-0.004043870999999999,0.0036142703999999994,0.000708672899999873,2
51,1771402765052,-0.004043870999999999,0.0036142703999999994,0.000708672899999873,2
52,1771402765054,-0.004043870999999999,0.0036142703999999994,0.000708672899999873,2
53,1771402765057,-0.004082871,0.0038443704,0.00015487289999993527,2
54,1771402765059,-0.004082871,0.0038443704,0.00015487289999993527,2
55,1771402765062,-0.004082871,0.0038443704,0.00015487289999993527,2
56,1771402765064,-0.004082871,0.0037585703999999994,0.0005292728999999322,2
57,1771402765067,-0.003934671000000001,0.0037585703999999994,0.0005292728999999322,2
58,1771402765070,-0.003934671000000001,0.0037585703999999994,0.0005292728999999322,2
59,1771402765072,-0.003934671000000001,0.0037585703999999994,2.7728999999469166e-06,2
60,1771402765075,-0.0041803710000000004,0.0039340704,2.7728999999469166e-06,2
61,1771402765077,-0.0041803710000000004,0.0039340704,2.7728999999469166e-06,2
62,1771402765080,-0.0041803710000000004,0.0039340704,0.0006540728999999682,2
63,1771402765082,-0.003681171,0.0035713704,0.0006540728999999682,2
64,1771402765096,-0.004340271,0.0037390704,0.000677472900000086,2
65,1771402765098,-0.0038566710000000003,0.0036532703999999994,0.000677472900000086,2
66,1771402765101,-0.0038566710000000003,0.0036532703999999994,0.000677472900000086,2
67,1771402765104,-0.0038566710000000003,0.0036532703999999994,3.787290000001255e-05,2
68,1771402765106,-0.004270071,0.0038950703999999997,3.787290000001255e-05,2
69,1771402765109,-0.004270071,0.0038950703999999997,3.787290000001255e-05,2
70,1771402765111,-0.004270071,0.0038950703999999997,3.787290000001255e-05,2
71,1771402765114,-0.004032170999999999,0.0037975703999999994,0.0005604728999999412,2
72,1771402765116,-0.004032170999999999,0.0037975703999999994,0.0005604728999999412,2
73,1771402765119,-0.004032170999999999,0.0037975703999999994,0.0005604728999999412,2
74,1771402765121,-0.004344171000000001,0.0038014703999999996,0.00018607289999994427,2
75,1771402765124,-0.004344171000000001,0.0038014703999999996,0.00018607289999994427,2
76,1771402765126,-0.004344171000000001,0.0038014703999999996,0.00018607289999994427,2
77,1771402765129,-0.004063371,0.0036727704,3.787290000001255e-05,2
78,1771402765132,-0.004063371,0.0036727704,3.787290000001255e-05,2
79,1771402765134,-0.004063371,0.0036727704,3.787290000001255e-05,2
80,1771402765137,-0.004012671000000001,0.0039340704,0.00035377290000004815,2
81,1771402765139,-0.004012671000000001,0.0039340704,0.00035377290000004815,2
82,1771402765142,-0.004012671000000001,0.0039340704,0.00035377290000004815,2
83,1771402765144,-0.004106271,0.0038443704,-0.00011032710000003019,2
84,1771402765147,-0.004106271,0.0038443704,-0.00011032710000003019,2
85,1771402765149,-0.004106271,0.0038443704,-0.00011032710000003019,2
86,1771402765152,-0.0037903710000000003,0.0036961703999999996,0.001059672900000085,2
87,1771402765155,-0.0037903710000000003,0.0036961703999999996,0.001059672900000085,2
88,1771402765157,-0.0037903710000000003,0.0036961703999999996,0.001059672900000085,2
89,1771402765160,-0.004305171,0.003980870399999999,-0.0001922270999999983,2
90,1771402765162,-0.004305171,0.003980870399999999,-0.0001922270999999983,2
91,1771402765165,-0.004305171,0.003980870399999999,-0.0001922270999999983,2
92,1771402765167,-0.003735771,0.0036766704,0.0007827729000000609,2
93,1771402765170,-0.003735771,0.0036766704,0.0007827729000000609,2
94,1771402765172,-0.003735771,0.0036766704,0.0007827729000000609,2
95,1771402765175,-0.004543070999999999,0.0038482704,-0.0001415271000000392,2
96,1771402765178,-0.004543070999999999,0.0038482704,-0.0001415271000000392,2
97,1771402765180,-0.004543070999999999,0.0038482704,-0.0001415271000000392,2
98,1771402765183,-0.004543070999999999,0.0035167704,0.0008802728999999224,2
99,1771402765185,-0.0037903710000000003,0.0035167704,0.0008802728999999224,2
100,1771402765188,-0.0037903710000000003,0.0035167704,0.0008802728999999224,2
101,1771402765197,-0.004527471,0.0037897703999999997,-0.00021562710000000505,2
102,1771402765200,-0.0037903710000000003,0.0036064703999999998,0.000646272900000077,2
103,1771402765202,-0.0037903710000000003,0.0036064703999999998,0.000646272900000077,2
104,1771402765205,-0.0037903710000000003,0.0036064703999999998,0.000646272900000077,2
105,1771402765208,-0.004383171,0.0036298703999999996,0.00013537289999998516,2
106,1771402765210,-0.004383171,0.0036298703999999996,0.00013537289999998516,2
107,1771402765213,-0.004383171,0.0036298703999999996,0.00013537289999998516,2
108,1771402765215,-0.003786471,0.0035869703999999994,0.00043957289999996187,2
109,1771402765218,-0.003786471,0.0035869703999999994,0.00043957289999996187,2
110,1771402765220,-0.003786471,0.0035869703999999994,0.00043957289999996187,2
111,1771402765223,-0.004336371,0.0038482704,9.637289999997391e-05,2
112,1771402765225,-0.004336371,0.0038482704,9.637289999997391e-05,2
113,1771402765228,-0.004336371,0.0038482704,9.637289999997391e-05,2
114,1771402765230,-0.003747471,0.0037390704,0.000646272900000077,2
115,1771402765233,-0.003747471,0.0037390704,0.000646272900000077,2
116,1771402765236,-0.003747471,0.0037390704,0.000646272900000077,2
117,1771402765238,-0.003747471,0.0038170704,0.0004122729000000095,2
118,1771402765241,-0.0040867709999999995,0.0038170704,0.0004122729000000095,2
119,1771402765243,-0.0040867709999999995,0.0038170704,0.0004122729000000095,2
120,1771402765246,-0.0040867709999999995,0.0038170704,0.0001587728999999919,2
121,1771402765248,-0.0039424709999999995,0.0038482704,0.0001587728999999919,2
122,1771402765251,-0.0039424709999999995,0.0038482704,0.0001587728999999919,2
123,1771402765253,-0.0039424709999999995,0.0038482704,0.0001587728999999919,2
124,1771402765256,-0.004149171,0.0037312703999999993,0.00045127289999990973,2
0,1771402765267,-0.004258371,0.0038131703999999995,0.0002055729000000054,2
1,1771402765270,-0.004020470999999999,0.0036766704,0.00048247289999991873,2
2,1771402765273,-0.004020470999999999,0.0036766704,0.00048247289999991873,2
3,1771402765275,-0.004020470999999999,0.0036766704,0.00048247289999991873,2
4,1771402765278,-0.004137471,0.0036766704,0.0001743728999999964,2
5,1771402765280,-0.004137471,0.0036766704,0.0001743728999999964,2
6,1771402765283,-0.004137471,0.0036766704,0.0001743728999999964,2
7,1771402765286,-0.003973671,0.0035986704,0.0007047729000000384,2
8,1771402765288,-0.003973671,0.0035986704,0.0007047729000000384,2
9,1771402765291,-0.003973671,0.0035986704,0.0007047729000000384,2
10,1771402765293,-0.003973671,0.0038131703999999995,-5.5727100000014444e-05,2
11,1771402765296,-0.004234971000000001,0.0038131703999999995,-5.5727100000014444e-05,2
12,1771402765298,-0.004234971000000001,0.0038131703999999995,-5.5727100000014444e-05,2
13,1771402765301,-0.004234971000000001,0.0038131703999999995,0.0008022728999998999,2
14,1771402765303,-0.003915171,0.0035440704,0.0008022728999998999,2
15,1771402765306,-0.003915171,0.0035440704,0.0008022728999998999,2
16,1771402765308,-0.003915171,0.0035440704,0.0008022728999998999,2
17,1771402765311,-0.004250571,0.0037702703999999993,0.0002679729000000234,2
18,1771402765314,-0.004250571,0.0037702703999999993,0.0002679729000000234,2
19,1771402765316,-0.004250571,0.0037702703999999993,0.0002679729000000234,2
20,1771402765319,-0.004055570999999999,0.0036766704,0.0006501728999999116,2
21,1771402765321,-0.004055570999999999,0.0036766704,0.0006501728999999116,2
22,1771402765324,-0.004055570999999999,0.0036766704,0.0006501728999999116,2
23,1771402765326,-0.004328571,0.0037156704,-1.127099999998697e-06,2
24,1771402765329,-0.004328571,0.0037156704,-1.127099999998697e-06,2
25,1771402765331,-0.004328571,0.0037156704,-1.127099999998697e-06,2
26,1771402765334,-0.0037942709999999997,0.0034660704,0.0003927728999999484,2
27,1771402765337,-0.0037942709999999997,0.0034660704,0.0003927728999999484,2
28,1771402765339,-0.0037942709999999997,0.0034660704,0.0003927728999999484,2
29,1771402765342,-0.004301271000000001,0.0036571703999999997,0.000396672900000005,2
30,1771402765344,-0.004301271000000001,0.0036571703999999997,0.000396672900000005,2
31,1771402765347,-0.004301271000000001,0.0036571703999999997,0.000396672900000005,2
32,1771402765349,-0.004270071,0.0036688703999999996,0.0001587728999999919,2
33,1771402765352,-0.004270071,0.0036688703999999996,0.0001587728999999919,2
34,1771402765354,-0.004270071,0.0036688703999999996,0.0001587728999999919,2
35,1771402765357,-0.004004871,0.0036064703999999998,0.0007164728999999862,2
36,1771402765360,-0.004004871,0.0036064703999999998,0.0007164728999999862,2
37,1771402765362,-0.004004871,0.0036064703999999998,0.0007164728999999862,2
38,1771402765365,-0.004336371,0.0037936704,0.00010417289999997616,2
39,1771402765367,-0.004336371,0.0037936704,0.00010417289999997616,2
40,1771402765370,-0.004336371,0.0037936704,0.00010417289999997616,2
41,1771402765373,-0.0037903710000000003,0.0036805703999999995,0.0007047729000000384,2
42,1771402765375,-0.0037903710000000003,0.0036805703999999995,0.0007047729000000384,2
43,1771402765378,-0.0037903710000000003,0.0036805703999999995,0.0007047729000000384,2
44,1771402765380,-0.0037903710000000003,0.0038521703999999995,5.347290000001705e-05,2
45,1771402765383,-0.004371471,0.0038521703999999995,5.347290000001705e-05,2
46,1771402765385,-0.004371471,0.0038521703999999995,5.347290000001705e-05,2
47,1771402765388,-0.004371471,0.0038521703999999995,0.000583872900000059,2
48,1771402765390,-0.0037162709999999997,0.0036142703999999994,0.000583872900000059,2
49,1771402765393,-0.0037162709999999997,0.0036142703999999994,0.000583872900000059,2
50,1771402765395,-0.0037162709999999997,0.0036142703999999994,0.000583872900000059,2
51,1771402765398,-0.004387070999999999,0.0037234703999999997,-0.0001883271000000527,2
52,1771402765400,-0.004387070999999999,0.0037234703999999997,-0.0001883271000000527,2
53,1771402765403,-0.004387070999999999,0.0037234703999999997,-0.0001883271000000527,2
54,1771402765406,-0.0038722709999999996,0.0035830704,0.0008997728999999836,2
55,1771402765408,-0.0038722709999999996,0.0035830704,0.0008997728999999836,2
56,1771402765411,-0.0038722709999999996,0.0035830704,0.0008997728999999836,2
57,1771402765413,-0.004344171000000001,0.0038755703999999993,0.0001236729000000373,2
58,1771402765416,-0.004344171000000001,0.0038755703999999993,0.0001236729000000373,2
59,1771402765418,-0.004344171000000001,0.0038755703999999993,0.0001236729000000373,2
60,1771402765421,-0.003692871,0.0036571703999999997,0.0006072728999999547,2
61,1771402765423,-0.003692871,0.0036571703999999997,0.0006072728999999547,2
62,1771402765426,-0.003692871,0.0036571703999999997,0.0006072728999999547,2
63,1771402765428,-0.004344171000000001,0.0039613704,0.00024457290000001665,2
64,1771402765435,-0.004344171000000001,0.0039613704,0.00024457290000001665,2
65,1771402765437,-0.003950271,0.0038638703999999994,0.0007437728999999386,2
66,1771402765440,-0.003950271,0.0038638703999999994,0.0007437728999999386,2
67,1771402765442,-0.003950271,0.0038638703999999994,0.0007437728999999386,2
68,1771402765445,-0.004043870999999999,0.0037429704,0.0007203729000000429,2
69,1771402765448,-0.004043870999999999,0.0037429704,0.0007203729000000429,2
70,1771402765450,-0.004043870999999999,0.0037429704,0.0007203729000000429,2
71,1771402765453,-0.0040243710000000005,0.0038170704,0.0004980728999999232,2
72,1771402765455,-0.0040243710000000005,0.0038170704,0.0004980728999999232,2
73,1771402765458,-0.0040243710000000005,0.0038170704,0.0004980728999999232,2
74,1771402765460,-0.0038683710000000002,0.0036961703999999996,0.0006891729000000339,2
75,1771402765463,-0.0038683710000000002,0.0036961703999999996,0.0006891729000000339,2
76,1771402765471,-0.004402671,0.0037780704,0.00018607289999994427,2
77,1771402765474,-0.004402671,0.0037780704,0.00018607289999994427,2
78,1771402765477,-0.0037825709999999998,0.0036727704,0.0006540728999999682,2
79,1771402765479,-0.0037825709999999998,0.0036727704,0.0006540728999999682,2
80,1771402765482,-0.0037825709999999998,0.0036727704,0.0006540728999999682,2
81,1771402765484,-0.0042973709999999995,0.0038092704,4.9572899999960414e-05,2
82,1771402765487,-0.0042973709999999995,0.0038092704,4.9572899999960414e-05,2
83,1771402765489,-0.0042973709999999995,0.0038092704,4.9572899999960414e-05,2
84,1771402765492,-0.0038566710000000003,0.0037039704,0.0008685728999999746,2
85,1771402765494,-0.0038566710000000003,0.0037039704,0.0008685728999999746,2
86,1771402765504,-0.004199871000000001,0.0038911703999999995,6.12729000000193e-05,2
87,1771402765506,-0.004199871000000001,0.0035986704,0.0009348729000000492,2
88,1771402765509,-0.003954170999999999,0.0035986704,0.0009348729000000492,2
89,1771402765512,-0.003954170999999999,0.0035986704,0.0009348729000000492,2
90,1771402765514,-0.003954170999999999,0.0035986704,2.6172899999953665e-05,2
91,1771402765517,-0.0042466710000000005,0.0039223704,2.6172899999953665e-05,2
92,1771402765519,-0.0042466710000000005,0.0039223704,2.6172899999953665e-05,2
93,1771402765522,-0.0042466710000000005,0.0039223704,2.6172899999953665e-05,2
94,1771402765524,-0.003763071,0.0036025703999999995,0.00043177290000007064,2
95,1771402765527,-0.003763071,0.0036025703999999995,0.00043177290000007064,2
96,1771402765529,-0.003763071,0.0036025703999999995,0.00043177290000007064,2
97,1771402765532,-0.004160871,0.0038443704,7.68729000000238e-05,2
98,1771402765534,-0.004160871,0.0038443704,7.68729000000238e-05,2
99,1771402765537,-0.004160871,0.0038443704,7.68729000000238e-05,2
100,1771402765540,-0.0038176710000000003,0.0036298703999999996,0.00040837289999995287,2
101,1771402765543,-0.0038176710000000003,0.0036298703999999996,0.00040837289999995287,2
102,1771402765546,-0.0038176710000000003,0.0036298703999999996,0.00040837289999995287,2
103,1771402765548,-0.004344171000000001,0.0038248703999999994,0.00047857290000008414,2
104,1771402765551,-0.004344171000000001,0.0038248703999999994,0.00047857290000008414,2
105,1771402765554,-0.004344171000000001,0.0038248703999999994,0.00023287289999995777,2
106,1771402765556,-0.004238871,0.0035791703999999997,0.00023287289999995777,2
107,1771402765559,-0.004238871,0.0035791703999999997,0.00023287289999995777,2
108,1771402765561,-0.004238871,0.0035791703999999997,0.00023287289999995777,2
109,1771402765564,-0.003946371000000001,0.0037078703999999995,0.00038887289999989174,2
110,1771402765566,-0.003946371000000001,0.0037078703999999995,0.00038887289999989174,2
111,1771402765569,-0.003946371000000001,0.0037078703999999995,0.00038887289999989174,2
112,1771402765571,-0.004227171,0.0038872704,-9.472710000002569e-05,2
113,1771402765574,-0.004227171,0.0038872704,-9.472710000002569e-05,2
114,1771402765577,-0.004227171,0.0038872704,-9.472710000002569e-05,2
115,1771402765579,-0.0037513710000000003,0.0036805703999999995,0.0005760728999999457,2
116,1771402765582,-0.0037513710000000003,0.0036805703999999995,0.0005760728999999457,2
117,1771402765584,-0.0037513710000000003,0.0036805703999999995,0.0005760728999999457,2
118,1771402765587,-0.004114071,0.0039262704,-5.182710000006883e-05,2
119,1771402765589,-0.004114071,0.0039262704,-5.182710000006883e-05,2
120,1771402765592,-0.004114071,0.0039262704,-5.182710000006883e-05,2
121,1771402765595,-0.003665571,0.0037546704,0.0010869729000000375,2
122,1771402765597,-0.003665571,0.0037546704,0.0010869729000000375,2
123,1771402765600,-0.003665571,0.0037546704,0.0010869729000000375,2
124,1771402765602,-0.004324671,0.0038443704,0.00013927289999993077,2
0,1771402765614,-0.003915171,0.0035245703999999996,0.0010011728999999017,2
1,1771402765616,-0.003915171,0.0035245703999999996,0.0010011728999999017,2
2,1771402765619,-0.004281771,0.0038326704,0.00013147289999992852,2
3,1771402765621,-0.004281771,0.0038326704,0.00013147289999992852,2
4,1771402765624,-0.004281771,0.0038326704,0.00013147289999992852,2
5,1771402765627,-0.003704571,0.0036181703999999997,0.0005916728999999502,2
6,1771402765629,-0.003704571,0.0036181703999999997,0.0005916728999999502,2
7,1771402765632,-0.003704571,0.0036181703999999997,0.0005916728999999502,2
8,1771402765634,-0.004289571000000001,0.0037273704,0.00017047289999993977,2
9,1771402765637,-0.004289571000000001,0.0037273704,0.00017047289999993977,2
10,1771402765639,-0.004289571000000001,0.0037273704,0.00017047289999993977,2
11,1771402765642,-0.003938571,0.0037156704,-1.127099999998697e-06,2
12,1771402765644,-0.003938571,0.0037156704,-1.127099999998697e-06,2
13,1771402765647,-0.003938571,0.0037156704,-1.127099999998697e-06,2
14,1771402765650,-0.004098470999999999,0.0037702703999999993,0.0005721728999998891,2
15,1771402765652,-0.004098470999999999,0.0037702703999999993,0.0005721728999998891,2
16,1771402765655,-0.004098470999999999,0.0037702703999999993,0.0005721728999998891,2
17,1771402765657,-0.004149171,0.0038638703999999994,0.0002562728999999645,2
18,1771402765660,-0.004149171,0.0038638703999999994,0.0002562728999999645,2
19,1771402765662,-0.004149171,0.0038638703999999994,0.0002562728999999645,2
20,1771402765665,-0.003841071,0.0038404703999999996,0.00044737290000007514,2
21,1771402765667,-0.003841071,0.0038404703999999996,0.00044737290000007514,2
22,1771402765670,-0.003841071,0.0038404703999999996,0.00044737290000007514,2
23,1771402765672,-0.003841071,0.0038521703999999995,0.000271872899999969,2
24,1771402765675,-0.0043792710000000006,0.0038521703999999995,0.000271872899999969,2
25,1771402765678,-0.0043792710000000006,0.0038521703999999995,0.000271872899999969,2
26,1771402765680,-0.0043792710000000006,0.0038521703999999995,0.0008295729000000743,2
27,1771402765683,-0.003922971000000001,0.0036259703999999993,0.0008295729000000743,2
28,1771402765685,-0.003922971000000001,0.0036259703999999993,0.0008295729000000743,2
29,1771402765688,-0.003922971000000001,0.0036259703999999993,0.0001236729000000373,2
30,1771402765690,-0.004309070999999999,0.0037936704,0.0001236729000000373,2
31,1771402765693,-0.004309070999999999,0.0037936704,0.0001236729000000373,2
32,1771402765696,-0.004309070999999999,0.0037936704,0.0001236729000000373,2
33,1771402765698,-0.004020470999999999,0.0036844703999999997,0.0007827729000000609,2
34,1771402765701,-0.004020470999999999,0.0036844703999999997,0.0007827729000000609,2
35,1771402765703,-0.004020470999999999,0.0036844703999999997,0.0007827729000000609,2
36,1771402765706,-0.004348071,0.0038131703999999995,-0.00011032710000003019,2
37,1771402765708,-0.004348071,0.0038131703999999995,-0.00011032710000003019,2
38,1771402765711,-0.004348071,0.0038131703999999995,-0.00011032710000003019,2
39,1771402765713,-0.003848871,0.0037000704,0.0007749728999999476,2
40,1771402765716,-0.003848871,0.0037000704,0.0007749728999999476,2
41,1771402765719,-0.003848871,0.0037000704,0.0007749728999999476,2
42,1771402765721,-0.004468971,0.0038677703999999997,-0.00016882709999999155,2
43,1771402765724,-0.004468971,0.0038677703999999997,-0.00016882709999999155,2
44,1771402765726,-0.004468971,0.0038677703999999997,-0.00016882709999999155,2
45,1771402765729,-0.0039424709999999995,0.0035830704,0.00047857290000008414,2
46,1771402765731,-0.0039424709999999995,0.0035830704,0.00047857290000008414,2
47,1771402765734,-0.0039424709999999995,0.0035830704,0.00047857290000008414,2
48,1771402765737,-0.004383171,0.0038326704,-3.2327100000007695e-05,2
49,1771402765753,-0.004383171,0.0038326704,-3.2327100000007695e-05,2
50,1771402765756,-0.004359771,0.0036961703999999996,0.0002874728999999735,2
51,1771402765758,-0.004359771,0.0036961703999999996,0.0002874728999999735,2
52,1771402765761,-0.003919071,0.0037039704,0.00026407289999996677,2
53,1771402765763,-0.003919071,0.0037039704,0.00026407289999996677,2
54,1771402765766,-0.003919071,0.0037039704,0.00026407289999996677,2
55,1771402765769,-0.004000971000000001,0.0036805703999999995,0.0006579729000000249,2
56,1771402765771,-0.004000971000000001,0.0036805703999999995,0.0006579729000000249,2
57,1771402765774,-0.004000971000000001,0.0036805703999999995,0.0006579729000000249,2
58,1771402765776,-0.003985371,0.0038014703999999996,0.00040057290000006165,2
59,1771402765779,-0.003985371,0.0038014703999999996,0.00040057290000006165,2
60,1771402765781,-0.003985371,0.0038014703999999996,0.00040057290000006165,2
61,1771402765784,-0.003973671,0.0036883704,0.0006579729000000249,2
62,1771402765786,-0.003973671,0.0036883704,0.0006579729000000249,2
63,1771402765789,-0.003973671,0.0036883704,0.0006579729000000249,2
64,1771402765791,-0.0040867709999999995,0.0036805703999999995,0.00024067289999996002,2
65,1771402765794,-0.0040867709999999995,0.0036805703999999995,0.00024067289999996002,2
66,1771402765797,-0.0040867709999999995,0.0036805703999999995,0.00024067289999996002,2
67,1771402765799,-0.003876171,0.0037780704,0.0006345728999999071,2
68,1771402765802,-0.003876171,0.0037780704,0.0006345728999999071,2
69,1771402765811,-0.004195971,0.0039574703999999995,0.00040837289999995287,2
70,1771402765813,-0.004195971,0.0039574703999999995,0.00040837289999995287,2
71,1771402765816,-0.003926871,0.0037312703999999993,0.0008139729000000699,2
72,1771402765818,-0.003926871,0.0037312703999999993,0.0008139729000000699,2
73,1771402765821,-0.003926871,0.0037312703999999993,0.0008139729000000699,2
74,1771402765824,-0.0042310709999999994,0.0038092704,-0.0004145271000000069,2
75,1771402765826,-0.0042310709999999994,0.0038092704,-0.0004145271000000069,2
76,1771402765829,-0.0042310709999999994,0.0038092704,-0.0004145271000000069,2
77,1771402765831,-0.003825471,0.0035362703999999995,0.0006540728999999682,2
78,1771402765837,-0.003825471,0.0035362703999999995,0.0006540728999999682,2
79,1771402765840,-0.004351971,0.0038560703999999998,-0.0001883271000000527,2
80,1771402765842,-0.004351971,0.0038560703999999998,-0.0001883271000000527,2
81,1771402765845,-0.004351971,0.0038560703999999998,-0.0001883271000000527,2
82,1771402765847,-0.003891771,0.0036493704,7.297289999996716e-05,2
83,1771402765850,-0.003891771,0.0036493704,7.297289999996716e-05,2
84,1771402765853,-0.003891771,0.0036493704,7.297289999996716e-05,2
85,1771402765855,-0.003985371,0.0037273704,0.00027577290000002565,2
86,1771402765858,-0.003985371,0.0037273704,0.00027577290000002565,2
87,1771402765860,-0.003985371,0.0037273704,0.00027577290000002565,2
88,1771402765863,-0.003950271,0.0038131703999999995,0.00035767289999988274,2
89,1771402765865,-0.003950271,0.0038131703999999995,0.00035767289999988274,2
90,1771402765868,-0.003950271,0.0038131703999999995,0.00035767289999988274,2
91,1771402765871,-0.003891771,0.0035713704,0.00030697290000003465,2
92,1771402765873,-0.003891771,0.0035713704,0.00030697290000003465,2
93,1771402765876,-0.003891771,0.0035713704,0.00030697290000003465,2
94,1771402765878,-0.004234971000000001,0.0037546704,0.000459072900000023,2
95,1771402765881,-0.004234971000000001,0.0037546704,0.000459072900000023,2
96,1771402765883,-0.004234971000000001,0.0037546704,0.000459072900000023,2
97,1771402765886,-0.003989271000000001,0.0037507703999999998,0.00032257290000003915,2
98,1771402765888,-0.003989271000000001,0.0037507703999999998,0.00032257290000003915,2
99,1771402765891,-0.003989271000000001,0.0037507703999999998,0.00032257290000003915,2
100,1771402765894,-0.003989271000000001,0.0037273704,0.00019777290000000316,2
101,1771402765896,-0.003997071,0.0037273704,0.00019777290000000316,2
102,1771402765899,-0.003997071,0.0037273704,0.00019777290000000316,2
103,1771402765902,-0.003997071,0.0037975703999999994,0.000334272899999987,2
104,1771402765904,-0.003997071,0.0037975703999999994,0.000334272899999987,2
105,1771402765907,-0.003997071,0.0037975703999999994,0.000334272899999987,2
106,1771402765909,-0.003997071,0.0037624703999999997,-0.00012202709999997805,2
107,1771402765912,-0.003919071,0.0037624703999999997,-0.00012202709999997805,2
108,1771402765915,-0.003919071,0.0037624703999999997,-0.00012202709999997805,2
109,1771402765917,-0.003919071,0.0035128703999999997,0.00020167289999994877,2
110,1771402765920,-0.003876171,0.0035128703999999997,0.00020167289999994877,2
111,1771402765922,-0.003876171,0.0035128703999999997,0.00020167289999994877,2
112,1771402765925,-0.003876171,0.0038482704,0.00018217289999999866,2
113,1771402765928,-0.004137471,0.0038482704,0.00018217289999999866,2
114,1771402765930,-0.004137471,0.0038482704,0.00018217289999999866,2
115,1771402765933,-0.004137471,0.0038482704,0.0005604728999999412,2
116,1771402765935,-0.003973671,0.0038599704,0.0005604728999999412,2
117,1771402765938,-0.003973671,0.0038599704,0.0005604728999999412,2
118,1771402765940,-0.003973671,0.0038599704,0.0005604728999999412,2
119,1771402765943,-0.004199871000000001,0.0036337704,0.000303072899999978,2
120,1771402765945,-0.004199871000000001,0.0036337704,0.000303072899999978,2
121,1771402765948,-0.004199871000000001,0.0036337704,0.000303072899999978,2
122,1771402765950,-0.003993171,0.0036922703999999994,0.00026017290000002115,2
123,1771402765953,-0.003993171,0.0036922703999999994,0.00026017290000002115,2
124,1771402765955,-0.003993171,0.0036922703999999994,0.00026017290000002115,2
0,1771402765967,-0.003915171,0.0037273704,0.0005409728999998801,2
1,1771402765970,-0.003915171,0.0037273704,0.0005409728999998801,2
2,1771402765973,-0.003915171,0.0038989704,0.00016267289999993752,2
3,1771402765975,-0.004137471,0.0038989704,0.00016267289999993752,2
4,1771402765978,-0.004137471,0.0038989704,0.00016267289999993752,2
5,1771402765980,-0.004137471,0.0037780704,0.00046687289999991423,2
6,1771402765983,-0.003915171,0.0037780704,0.00046687289999991423,2
7,1771402765985,-0.003915171,0.0037780704,0.00046687289999991423,2
8,1771402765988,-0.003915171,0.0037780704,0.00040057290000006165,2
9,1771402765990,-0.004320770999999999,0.0039145704,0.00040057290000006165,2
10,1771402765993,-0.004320770999999999,0.0039145704,0.00040057290000006165,2
11,1771402765995,-0.004320770999999999,0.0039145704,0.00040057290000006165,2
12,1771402765998,-0.003965870999999999,0.0037078703999999995,0.00018217289999999866,2
13,1771402766001,-0.003965870999999999,0.0037078703999999995,0.00018217289999999866,2
14,1771402766003,-0.003965870999999999,0.0037078703999999995,0.00018217289999999866,2
15,1771402766006,-0.0037240710000000002,0.0037780704,0.001196172900000069,2
16,1771402766008,-0.0037240710000000002,0.0037780704,0.001196172900000069,2
17,1771402766011,-0.0037240710000000002,0.0037780704,0.001196172900000069,2
18,1771402766013,-0.004488471000000001,0.0038092704,-0.00041842710000006354,2
19,1771402766016,-0.004488471000000001,0.0038092704,-0.00041842710000006354,2
20,1771402766018,-0.004488471000000001,0.0038092704,-0.00041842710000006354,2
21,1771402766021,-0.0035836709999999996,0.0033568703999999998,0.0011727728999999512,2
22,1771402766024,-0.0035836709999999996,0.0033568703999999998,0.0011727728999999512,2
23,1771402766026,-0.0035836709999999996,0.0033568703999999998,0.0011727728999999512,2
24,1771402766029,-0.004465070999999999,0.0039613704,-0.00021562710000000505,2
25,1771402766031,-0.004465070999999999,0.0039613704,-0.00021562710000000505,2
26,1771402766034,-0.004465070999999999,0.0039613704,-0.00021562710000000505,2
27,1771402766036,-0.003513471,0.0035401703999999997,0.0008451729000000788,2
28,1771402766039,-0.003513471,0.0035401703999999997,0.0008451729000000788,2
29,1771402766042,-0.003513471,0.0035401703999999997,0.0008451729000000788,2
30,1771402766044,-0.004383171,0.0037663704,2.6172899999953665e-05,2
31,1771402766047,-0.004383171,0.0037663704,2.6172899999953665e-05,2
32,1771402766049,-0.004383171,0.0037663704,2.6172899999953665e-05,2
33,1771402766052,-0.003876171,0.0036298703999999996,0.0008958728999999269,2
34,1771402766054,-0.003876171,0.0036298703999999996,0.0008958728999999269,2
35,1771402766057,-0.003876171,0.0036298703999999996,0.0008958728999999269,2
36,1771402766059,-0.003876171,0.0038638703999999994,-0.00016882709999999155,2
37,1771402766062,-0.004293471,0.0038638703999999994,-0.00016882709999999155,2
38,1771402766064,-0.004293471,0.0038638703999999994,-0.00016882709999999155,2
39,1771402766067,-0.004293471,0.0038638703999999994,0.0009387728999998838,2
40,1771402766070,-0.003965870999999999,0.0037117704,0.0009387728999998838,2
41,1771402766072,-0.003965870999999999,0.0037117704,0.0009387728999998838,2
42,1771402766087,-0.0037942709999999997,0.0037312703999999993,0.0008295729000000743,2
43,1771402766089,-0.0037942709999999997,0.0037312703999999993,0.0008295729000000743,2
44,1771402766092,-0.0043636709999999995,0.0039535704,6.12729000000193e-05,2
45,1771402766094,-0.0043636709999999995,0.0039535704,6.12729000000193e-05,2
46,1771402766097,-0.0043636709999999995,0.0039535704,6.12729000000193e-05,2
47,1771402766100,-0.0040243710000000005,0.0036181703999999997,0.00040837289999995287,2
48,1771402766102,-0.0040243710000000005,0.0036181703999999997,0.00040837289999995287,2
49,1771402766105,-0.0040243710000000005,0.0036181703999999997,0.00040837289999995287,2
50,1771402766107,-0.004047771,0.0038014703999999996,0.0005565728999998846,2
51,1771402766110,-0.004047771,0.0038014703999999996,0.0005565728999998846,2
52,1771402766112,-0.004047771,0.0038014703999999996,0.0005565728999998846,2
53,1771402766115,-0.004203771,0.0038248703999999994,0.0002523729000000189,2
54,1771402766118,-0.004203771,0.0038248703999999994,0.0002523729000000189,2
55,1771402766120,-0.004203771,0.0038248703999999994,0.0002523729000000189,2
56,1771402766129,-0.003786471,0.0035323704,0.0006228728999999592,2
57,1771402766132,-0.0043129710000000005,0.0037702703999999993,0.0003810729000000005,2
58,1771402766134,-0.0043129710000000005,0.0037702703999999993,0.0003810729000000005,2
59,1771402766137,-0.0043129710000000005,0.0037702703999999993,0.0003810729000000005,2
60,1771402766139,-0.003852771,0.0036844703999999997,0.0006423729000000204,2
61,1771402766142,-0.003852771,0.0036844703999999997,0.0006423729000000204,2
62,1771402766144,-0.003852771,0.0036844703999999997,0.0006423729000000204,2
63,1771402766147,-0.004433871000000001,0.0038833704,-2.4527100000005446e-05,2
64,1771402766150,-0.004433871000000001,0.0038833704,-2.4527100000005446e-05,2
65,1771402766152,-0.004433871000000001,0.0038833704,-2.4527100000005446e-05,2
66,1771402766155,-0.003934671000000001,0.0035440704,0.0009894728999999538,2
67,1771402766157,-0.003934671000000001,0.0035440704,0.0009894728999999538,2
68,1771402766160,-0.003934671000000001,0.0035440704,0.0009894728999999538,2
69,1771402766162,-0.004348071,0.0038482704,1.0572899999949166e-05,2
70,1771402766165,-0.004348071,0.0038482704,1.0572899999949166e-05,2
71,1771402766167,-0.004348071,0.0038482704,1.0572899999949166e-05,2
72,1771402766170,-0.004348071,0.0038053704,0.0005994729000000635,2
73,1771402766172,-0.003642171,0.0038053704,0.0005994729000000635,2
74,1771402766175,-0.003642171,0.0038053704,0.0005994729000000635,2
75,1771402766178,-0.003642171,0.0037663704,-9.86270999999713e-05,2
76,1771402766180,-0.004320770999999999,0.0037663704,-9.86270999999713e-05,2
77,1771402766183,-0.004320770999999999,0.0037663704,-9.86270999999713e-05,2
78,1771402766185,-0.004320770999999999,0.0037663704,0.0007008728999999817,2
79,1771402766188,-0.0038332709999999996,0.0035362703999999995,0.0007008728999999817,2
80,1771402766190,-0.0038332709999999996,0.0035362703999999995,0.0007008728999999817,2
81,1771402766193,-0.0038332709999999996,0.0035362703999999995,0.0007008728999999817,2
82,1771402766195,-0.004289571000000001,0.0038560703999999998,0.0002952729000000868,2
83,1771402766198,-0.004289571000000001,0.0038560703999999998,0.0002952729000000868,2
84,1771402766200,-0.004289571000000001,0.0038560703999999998,0.0002952729000000868,2
85,1771402766203,-0.003743571,0.0035908703999999996,0.0005292728999999322,2
86,1771402766206,-0.003743571,0.0035908703999999996,0.0005292728999999322,2
87,1771402766208,-0.003743571,0.0035908703999999996,0.0005292728999999322,2
88,1771402766211,-0.004320770999999999,0.0038170704,0.0005292728999999322,2
89,1771402766214,-0.004320770999999999,0.0038170704,0.0005292728999999322,2
90,1771402766216,-0.004320770999999999,0.0038170704,0.0005292728999999322,2
91,1771402766219,-0.004242770999999999,0.0039379704,-0.00013372710000003694,2
92,1771402766222,-0.004242770999999999,0.0039379704,-0.00013372710000003694,2
93,1771402766224,-0.004242770999999999,0.0039379704,-0.00013372710000003694,2
94,1771402766227,-0.003993171,0.0035713704,0.0009582728999999449,2
95,1771402766229,-0.003993171,0.0035713704,0.0009582728999999449,2
96,1771402766232,-0.003993171,0.0035713704,0.0009582728999999449,2
97,1771402766234,-0.004262271,0.0036766704,0.00046687289999991423,2
98,1771402766237,-0.004262271,0.0036766704,0.00046687289999991423,2
99,1771402766239,-0.004262271,0.0036766704,0.00046687289999991423,2
100,1771402766242,-0.003954170999999999,0.0036688703999999996,0.0006891729000000339,2
101,1771402766245,-0.003954170999999999,0.0036688703999999996,0.0006891729000000339,2
102,1771402766247,-0.003954170999999999,0.0036688703999999996,0.0006891729000000339,2
103,1771402766250,-0.004484571,0.0037936704,-0.0001727271000000482,2
104,1771402766252,-0.004484571,0.0037936704,-0.0001727271000000482,2
105,1771402766255,-0.004484571,0.0037936704,-0.0001727271000000482,2
106,1771402766257,-0.0038059709999999996,0.0034504704,0.0009738728999999494,2
107,1771402766260,-0.0038059709999999996,0.0034504704,0.0009738728999999494,2
108,1771402766262,-0.0038059709999999996,0.0034504704,0.0009738728999999494,2
109,1771402766265,-0.004468971,0.0036844703999999997,3.787290000001255e-05,2
110,1771402766268,-0.004468971,0.0036844703999999997,3.787290000001255e-05,2
111,1771402766270,-0.004468971,0.0036844703999999997,3.787290000001255e-05,2
112,1771402766273,-0.004468971,0.0036337704,0.0009699728999998928,2
113,1771402766275,-0.003720171,0.0036337704,0.0009699728999998928,2
114,1771402766278,-0.003720171,0.0036337704,0.0009699728999998928,2
115,1771402766280,-0.003720171,0.0039613704,-5.5727100000014444e-05,2
116,1771402766283,-0.004414371,0.0039613704,-5.5727100000014444e-05,2
117,1771402766285,-0.004414371,0.0039613704,-5.5727100000014444e-05,2
118,1771402766288,-0.004414371,0.0039613704,0.0005448728999999367,2
119,1771402766290,-0.0036382709999999998,0.0035557704,0.0005448728999999367,2
120,1771402766293,-0.0036382709999999998,0.0035557704,0.0005448728999999367,2
121,1771402766296,-0.0036382709999999998,0.0035557704,0.0005448728999999367,2
122,1771402766298,-0.004578171000000001,0.0037351703999999996,0.0001899729000000009,2
123,1771402766301,-0.004578171000000001,0.0037351703999999996,0.0001899729000000009,2
124,1771402766303,-0.004578171000000001,0.0037351703999999996,0.0001899729000000009,2
0,1771402766314,-0.004234971000000001,0.0038287703999999997,0.0006540728999999682,2
1,1771402766317,-0.004234971000000001,0.0038287703999999997,0.0006540728999999682,2
2,1771402766320,-0.004234971000000001,0.0038287703999999997,0.0006111729000000114,2
3,1771402766322,-0.004078971000000001,0.0037312703999999993,0.0006111729000000114,2
4,1771402766325,-0.004078971000000001,0.0037312703999999993,0.0006111729000000114,2
5,1771402766327,-0.004078971000000001,0.0037312703999999993,0.0006111729000000114,2
6,1771402766330,-0.004129671,0.0037312703999999993,0.000490272900000032,2
7,1771402766332,-0.004129671,0.0037312703999999993,0.000490272900000032,2
8,1771402766335,-0.004129671,0.0037312703999999993,0.000490272900000032,2
9,1771402766337,-0.004055570999999999,0.0038131703999999995,0.0003771728999999439,2
10,1771402766340,-0.004055570999999999,0.0038131703999999995,0.0003771728999999439,2
11,1771402766343,-0.004055570999999999,0.0038131703999999995,0.0003771728999999439,2
12,1771402766345,-0.004110170999999999,0.0037936704,0.000615072900000068,2
13,1771402766348,-0.004110170999999999,0.0037936704,0.000615072900000068,2
14,1771402766350,-0.004110170999999999,0.0037936704,0.000615072900000068,2
15,1771402766353,-0.004055570999999999,0.0038092704,6.12729000000193e-05,2
16,1771402766355,-0.004055570999999999,0.0038092704,6.12729000000193e-05,2
17,1771402766358,-0.004055570999999999,0.0038092704,6.12729000000193e-05,2
18,1771402766360,-0.0038995709999999997,0.0037858703999999995,0.0007476728999999952,2
19,1771402766363,-0.0038995709999999997,0.0037858703999999995,0.0007476728999999952,2
20,1771402766365,-0.0038995709999999997,0.0037858703999999995,0.0007476728999999952,2
21,1771402766368,-0.004000971000000001,0.0038482704,-1.6727100000003196e-05,2
22,1771402766371,-0.004000971000000001,0.0038482704,-1.6727100000003196e-05,2
23,1771402766373,-0.004000971000000001,0.0038482704,-1.6727100000003196e-05,2
24,1771402766376,-0.003837171,0.0037078703999999995,0.0009465728999999971,2
25,1771402766378,-0.003837171,0.0037078703999999995,0.0009465728999999971,2
26,1771402766381,-0.003837171,0.0037078703999999995,0.0009465728999999971,2
27,1771402766383,-0.004250571,0.0039184703999999996,-0.00021172710000005944,2
28,1771402766386,-0.004250571,0.0039184703999999996,-0.00021172710000005944,2
29,1771402766388,-0.004250571,0.0039184703999999996,-0.00021172710000005944,2
30,1771402766391,-0.004250571,0.0036025703999999995,0.0008802728999999224,2
31,1771402766393,-0.003521271,0.0036025703999999995,0.0008802728999999224,2
32,1771402766396,-0.003521271,0.0036025703999999995,0.0008802728999999224,2
33,1771402766399,-0.003521271,0.0036025703999999995,5.347290000001705e-05,2
34,1771402766401,-0.004371471,0.0038794703999999996,5.347290000001705e-05,2
35,1771402766404,-0.004371471,0.0038794703999999996,5.347290000001705e-05,2
36,1771402766406,-0.004371471,0.0038794703999999996,5.347290000001705e-05,2
37,1771402766409,-0.0036187710000000002,0.0036493704,0.0008958728999999269,2
38,1771402766411,-0.0036187710000000002,0.0036493704,0.0008958728999999269,2
39,1771402766414,-0.0036187710000000002,0.0036493704,0.0008958728999999269,2
40,1771402766416,-0.004242770999999999,0.0037897703999999997,0.00034207289999987824,2
41,1771402766419,-0.004242770999999999,0.0037897703999999997,0.00034207289999987824,2
42,1771402766421,-0.004242770999999999,0.0037897703999999997,0.00034207289999987824,2
43,1771402766424,-0.0040750709999999996,0.0037936704,0.000334272899999987,2
44,1771402766427,-0.0040750709999999996,0.0037936704,0.000334272899999987,2
45,1771402766429,-0.0040750709999999996,0.0037936704,0.000334272899999987,2
46,1771402766438,-0.004320770999999999,0.0037585703999999994,0.00019777290000000316,2
47,1771402766441,-0.004137471,0.0036454703999999997,0.00019777290000000316,2
48,1771402766443,-0.004137471,0.0036454703999999997,0.00019777290000000316,2
49,1771402766446,-0.004137471,0.0036454703999999997,0.0006579729000000249,2
50,1771402766448,-0.003961971,0.0036766704,0.0006579729000000249,2
51,1771402766451,-0.003961971,0.0036766704,0.0006579729000000249,2
52,1771402766453,-0.003961971,0.0036766704,0.0006579729000000249,2
53,1771402766456,-0.004082871,0.0037468703999999995,-0.00018442709999999605,2
54,1771402766459,-0.004082871,0.0037468703999999995,-0.00018442709999999605,2
55,1771402766461,-0.004082871,0.0037468703999999995,-0.00018442709999999605,2
56,1771402766464,-0.003704571,0.0036103704,0.0007554728999998864,2
57,1771402766466,-0.003704571,0.0036103704,0.0007554728999998864,2
58,1771402766469,-0.003704571,0.0036103704,0.0007554728999998864,2
59,1771402766471,-0.0044299709999999996,0.0038794703999999996,6.12729000000193e-05,2
60,1771402766474,-0.0044299709999999996,0.0038794703999999996,6.12729000000193e-05,2
61,1771402766476,-0.0044299709999999996,0.0038794703999999996,6.12729000000193e-05,2
62,1771402766479,-0.0037240710000000002,0.0035245703999999996,0.0010050728999999583,2
63,1771402766481,-0.0037240710000000002,0.0035245703999999996,0.0010050728999999583,2
64,1771402766484,-0.0037240710000000002,0.0035245703999999996,0.0010050728999999583,2
65,1771402766487,-0.004519670999999999,0.0038404703999999996,0.00015487289999993527,2
66,1771402766489,-0.004519670999999999,0.0038404703999999996,0.00015487289999993527,2
67,1771402766492,-0.004519670999999999,0.0038404703999999996,0.00015487289999993527,2
68,1771402766494,-0.003614871,0.0035713704,0.0010791728999999242,2
69,1771402766497,-0.003614871,0.0035713704,0.0010791728999999242,2
70,1771402766499,-0.003614871,0.0035713704,0.0010791728999999242,2
71,1771402766502,-0.0045079709999999995,0.003980870399999999,7.297289999996716e-05,2
72,1771402766504,-0.0045079709999999995,0.003980870399999999,7.297289999996716e-05,2
73,1771402766507,-0.0045079709999999995,0.003980870399999999,7.297289999996716e-05,2
74,1771402766509,-0.0045079709999999995,0.0037234703999999997,0.0006111729000000114,2
75,1771402766512,-0.003786471,0.0037234703999999997,0.0006111729000000114,2
76,1771402766515,-0.003786471,0.0037234703999999997,0.0006111729000000114,2
77,1771402766518,-0.004289571000000001,0.0038209704,3.00729000000103e-05,2
78,1771402766520,-0.004289571000000001,0.0038209704,3.00729000000103e-05,2
79,1771402766523,-0.004289571000000001,0.0038209704,3.00729000000103e-05,2
80,1771402766525,-0.004289571000000001,0.0038833704,0.000365472899999996,2
81,1771402766528,-0.003946371000000001,0.0038833704,0.000365472899999996,2
82,1771402766530,-0.003946371000000001,0.0038833704,0.000365472899999996,2
83,1771402766533,-0.003946371000000001,0.0038833704,0.0007515729000000519,2
84,1771402766535,-0.003993171,0.0039106704,0.0007515729000000519,2
85,1771402766538,-0.003993171,0.0039106704,0.0007515729000000519,2
86,1771402766540,-0.003993171,0.0039106704,0.0007515729000000519,2
87,1771402766543,-0.003946371000000001,0.0038989704,0.0004980728999999232,2
88,1771402766546,-0.003946371000000001,0.0038989704,0.0004980728999999232,2
89,1771402766548,-0.003946371000000001,0.0038989704,0.0004980728999999232,2
90,1771402766551,-0.004000971000000001,0.0035401703999999997,0.0007047729000000384,2
91,1771402766553,-0.004000971000000001,0.0035401703999999997,0.0007047729000000384,2
92,1771402766556,-0.004000971000000001,0.0035401703999999997,0.0007047729000000384,2
93,1771402766559,-0.003965870999999999,0.0038599704,0.0001236729000000373,2
94,1771402766562,-0.003965870999999999,0.0038599704,0.0001236729000000373,2
95,1771402766564,-0.003965870999999999,0.0038599704,0.0008997728999999836,2
96,1771402766567,-0.003880071,0.0037390704,0.0008997728999999836,2
97,1771402766570,-0.003880071,0.0037390704,0.0008997728999999836,2
98,1771402766572,-0.003880071,0.0037390704,0.0008997728999999836,2
99,1771402766575,-0.004355871000000001,0.0037858703999999995,-0.0002078271000000028,2
100,1771402766577,-0.004355871000000001,0.0037858703999999995,-0.0002078271000000028,2
101,1771402766580,-0.004355871000000001,0.0037858703999999995,-0.0002078271000000028,2
102,1771402766582,-0.003907371,0.0037234703999999997,0.0010518728999999718,2
103,1771402766585,-0.003907371,0.0037234703999999997,0.0010518728999999718,2
104,1771402766587,-0.003907371,0.0037234703999999997,0.0010518728999999718,2
105,1771402766590,-0.004492371,0.0038560703999999998,-0.00021952710000006169,2
106,1771402766592,-0.004492371,0.0038560703999999998,-0.00021952710000006169,2
107,1771402766595,-0.004492371,0.0038560703999999998,-0.00021952710000006169,2
108,1771402766598,-0.0036889709999999997,0.0036610704,0.0007866728999998954,2
109,1771402766600,-0.0036889709999999997,0.0036610704,0.0007866728999998954,2
110,1771402766603,-0.0036889709999999997,0.0036610704,0.0007866728999998954,2
111,1771402766605,-0.004465070999999999,0.0038872704,3.00729000000103e-05,2
112,1771402766608,-0.004465070999999999,0.0038872704,3.00729000000103e-05,2
113,1771402766610,-0.004465070999999999,0.0038872704,3.00729000000103e-05,2
114,1771402766613,-0.003759171,0.0035284704,0.0005682729000000545,2
115,1771402766615,-0.003759171,0.0035284704,0.0005682729000000545,2
116,1771402766618,-0.003759171,0.0035284704,0.0005682729000000545,2
117,1771402766620,-0.0045079709999999995,0.0037351703999999996,-0.0003170271000000343,2
118,1771402766623,-0.0045079709999999995,0.0037351703999999996,-0.0003170271000000343,2
119,1771402766626,-0.0045079709999999995,0.0037351703999999996,-0.0003170271000000343,2
120,1771402766628,-0.0038956710000000003,0.0036571703999999997,0.0008646728999999179,2
121,1771402766631,-0.0038956710000000003,0.0036571703999999997,0.0008646728999999179,2
122,1771402766633,-0.0038956710000000003,0.0036571703999999997,0.0008646728999999179,2
123,1771402766639,-0.004320770999999999,0.0038131703999999995,0.00047857290000008414,2
124,1771402766641,-0.004320770999999999,0.0038131703999999995,0.00047857290000008414,2
0,1771402766653,-0.004277871000000001,0.0039301703999999995,-3.622710000006433e-05,2
1,1771402766656,-0.004277871000000001,0.0039301703999999995,-3.622710000006433e-05,2
2,1771402766658,-0.004277871000000001,0.0039301703999999995,-3.622710000006433e-05,2
3,1771402766661,-0.004055570999999999,0.0038365703999999994,0.00026407289999996677,2
4,1771402766663,-0.004055570999999999,0.0038365703999999994,0.00026407289999996677,2
5,1771402766666,-0.004055570999999999,0.0038365703999999994,0.00026407289999996677,2
6,1771402766668,-0.004082871,0.0037702703999999993,0.0008958728999999269,2
7,1771402766671,-0.004082871,0.0037702703999999993,0.0008958728999999269,2
8,1771402766673,-0.004082871,0.0037702703999999993,0.0008958728999999269,2
9,1771402766676,-0.0042466710000000005,0.0038755703999999993,-3.622710000006433e-05,2
10,1771402766679,-0.0042466710000000005,0.0038755703999999993,-3.622710000006433e-05,2
11,1771402766681,-0.0042466710000000005,0.0038755703999999993,-3.622710000006433e-05,2
12,1771402766684,-0.003747471,0.0038131703999999995,0.0006852728999999772,2
13,1771402766686,-0.003747471,0.0038131703999999995,0.0006852728999999772,2
14,1771402766689,-0.003747471,0.0038131703999999995,0.0006852728999999772,2
15,1771402766691,-0.004437771,0.0039301703999999995,3.3972899999955915e-05,2
16,1771402766694,-0.004437771,0.0039301703999999995,3.3972899999955915e-05,2
17,1771402766696,-0.004437771,0.0039301703999999995,3.3972899999955915e-05,2
18,1771402766699,-0.004437771,0.0037507703999999998,0.0009816729000000626,2
19,1771402766701,-0.003603171,0.0037507703999999998,0.0009816729000000626,2
20,1771402766704,-0.003603171,0.0037507703999999998,0.0009816729000000626,2
21,1771402766707,-0.003603171,0.0037507703999999998,6.12729000000193e-05,2
22,1771402766709,-0.004445571000000001,0.0038911703999999995,6.12729000000193e-05,2
23,1771402766712,-0.004445571000000001,0.0038911703999999995,6.12729000000193e-05,2
24,1771402766714,-0.004445571000000001,0.0038911703999999995,6.12729000000193e-05,2
25,1771402766717,-0.0037240710000000002,0.0036766704,0.0007281728999999341,2
26,1771402766719,-0.0037240710000000002,0.0036766704,0.0007281728999999341,2
27,1771402766722,-0.0037240710000000002,0.0036766704,0.0007281728999999341,2
28,1771402766724,-0.004309070999999999,0.0038794703999999996,0.0002835728999999169,2
29,1771402766727,-0.004309070999999999,0.0038794703999999996,0.0002835728999999169,2
30,1771402766729,-0.004309070999999999,0.0038794703999999996,0.0002835728999999169,2
31,1771402766732,-0.004004871,0.0036766704,0.0002991728999999214,2
32,1771402766734,-0.004004871,0.0036766704,0.0002991728999999214,2
33,1771402766743,-0.004004871,0.0036766704,0.0002991728999999214,2
34,1771402766746,-0.004207671,0.0036844703999999997,0.00016657289999999416,2
35,1771402766749,-0.004004871,0.0036649704,0.00016657289999999416,2
36,1771402766751,-0.004004871,0.0036649704,0.00016657289999999416,2
37,1771402766754,-0.004004871,0.0036649704,0.00016657289999999416,2
38,1771402766756,-0.004020470999999999,0.0036376704,0.0004122729000000095,2
39,1771402766759,-0.004020470999999999,0.0036376704,0.0004122729000000095,2
40,1771402766761,-0.004020470999999999,0.0036376704,0.0004122729000000095,2
41,1771402766764,-0.004129671,0.0037624703999999997,0.000334272899999987,2
42,1771402766766,-0.004129671,0.0037624703999999997,0.000334272899999987,2
43,1771402766769,-0.004129671,0.0037624703999999997,0.000334272899999987,2
44,1771402766771,-0.004028271,0.0037000704,0.0007554728999998864,2
45,1771402766774,-0.004028271,0.0037000704,0.0007554728999998864,2
46,1771402766777,-0.004028271,0.0037000704,0.0007554728999998864,2
47,1771402766779,-0.004172571,0.0038755703999999993,-4.402710000006658e-05,2
48,1771402766782,-0.004172571,0.0038755703999999993,-4.402710000006658e-05,2
49,1771402766784,-0.004172571,0.0038755703999999993,-4.402710000006658e-05,2
50,1771402766787,-0.003802071,0.0037624703999999997,0.0007476728999999952,2
51,1771402766789,-0.003802071,0.0037624703999999997,0.0007476728999999952,2
52,1771402766792,-0.003802071,0.0037624703999999997,0.0007476728999999952,2
53,1771402766794,-0.004273971,0.0038560703999999998,6.517289999996491e-05,2
54,1771402766797,-0.004273971,0.0038560703999999998,6.517289999996491e-05,2
55,1771402766799,-0.004273971,0.0038560703999999998,6.517289999996491e-05,2
56,1771402766802,-0.0037006710000000004,0.0036961703999999996,0.0005565728999998846,2
57,1771402766804,-0.0037006710000000004,0.0036961703999999996,0.0005565728999998846,2
58,1771402766807,-0.0037006710000000004,0.0036961703999999996,0.0005565728999998846,2
59,1771402766810,-0.004344171000000001,0.0035986704,0.00020167289999994877,2
60,1771402766812,-0.004344171000000001,0.0035986704,0.00020167289999994877,2
61,1771402766815,-0.004344171000000001,0.0035986704,0.00020167289999994877,2
62,1771402766817,-0.004344171000000001,0.0036766704,0.0006501728999999116,2
63,1771402766820,-0.003911270999999999,0.0036766704,0.0006501728999999116,2
64,1771402766822,-0.003911270999999999,0.0036766704,0.0006501728999999116,2
65,1771402766825,-0.003911270999999999,0.0036766704,0.00015097289999998966,2
66,1771402766828,-0.004375370999999999,0.0038443704,0.00015097289999998966,2
67,1771402766830,-0.004375370999999999,0.0038443704,0.00015097289999998966,2
68,1771402766833,-0.004375370999999999,0.0038443704,0.00015097289999998966,2
69,1771402766835,-0.0037552709999999997,0.0037195703999999994,0.0006033728999998981,2
70,1771402766838,-0.0037552709999999997,0.0037195703999999994,0.0006033728999998981,2
71,1771402766840,-0.0037552709999999997,0.0037195703999999994,0.0006033728999998981,2
72,1771402766843,-0.004320770999999999,0.0039964703999999995,0.0005604728999999412,2
73,1771402766845,-0.004320770999999999,0.0039964703999999995,0.0005604728999999412,2
74,1771402766848,-0.004320770999999999,0.0039964703999999995,0.0005604728999999412,2
75,1771402766850,-0.003825471,0.0038014703999999996,0.000271872899999969,2
76,1771402766853,-0.003825471,0.0038014703999999996,0.000271872899999969,2
77,1771402766856,-0.003825471,0.0038014703999999996,0.000271872899999969,2
78,1771402766858,-0.004106271,0.0038560703999999998,0.00010417289999997616,2
79,1771402766861,-0.004106271,0.0038560703999999998,0.00010417289999997616,2
80,1771402766863,-0.004106271,0.0038560703999999998,0.00010417289999997616,2
81,1771402766866,-0.0038293710000000003,0.0037858703999999995,0.00017047289999993977,2
82,1771402766868,-0.0038293710000000003,0.0037858703999999995,0.00017047289999993977,2
83,1771402766871,-0.0038293710000000003,0.0037858703999999995,0.00017047289999993977,2
84,1771402766873,-0.003954170999999999,0.0038092704,0.0006813728999999206,2
85,1771402766876,-0.003954170999999999,0.0038092704,0.0006813728999999206,2
86,1771402766878,-0.003954170999999999,0.0038092704,0.0006813728999999206,2
87,1771402766881,-0.0041530709999999995,0.0037975703999999994,-0.00016492710000004594,2
88,1771402766884,-0.0041530709999999995,0.0037975703999999994,-0.00016492710000004594,2
89,1771402766886,-0.0041530709999999995,0.0037975703999999994,-0.00016492710000004594,2
90,1771402766889,-0.003930771,0.0036259703999999993,0.0008880729000000357,2
91,1771402766891,-0.003930771,0.0036259703999999993,0.0008880729000000357,2
92,1771402766894,-0.003930771,0.0036259703999999993,0.0008880729000000357,2
93,1771402766896,-0.003930771,0.0039106704,-4.7927100000012194e-05,2
94,1771402766899,-0.004340271,0.0039106704,-4.7927100000012194e-05,2
95,1771402766902,-0.004340271,0.0039106704,-4.7927100000012194e-05,2
96,1771402766904,-0.004340271,0.0035401703999999997,0.0008763729000000878,2
97,1771402766907,-0.0036382709999999998,0.0035401703999999997,0.0008763729000000878,2
98,1771402766909,-0.0036382709999999998,0.0035401703999999997,0.0008763729000000878,2
99,1771402766912,-0.0036382709999999998,0.0037741703999999996,-0.0001298270999999803,2
100,1771402766915,-0.004355871000000001,0.0037741703999999996,-0.0001298270999999803,2
101,1771402766917,-0.004355871000000001,0.0037741703999999996,-0.0001298270999999803,2
102,1771402766920,-0.004355871000000001,0.0037741703999999996,0.0008178728999999044,2
103,1771402766922,-0.0036499709999999997,0.0034699703999999994,0.0008178728999999044,2
104,1771402766925,-0.0036499709999999997,0.0034699703999999994,0.0008178728999999044,2
105,1771402766927,-0.0036499709999999997,0.0034699703999999994,0.0008178728999999044,2
106,1771402766930,-0.004367571000000001,0.0038209704,0.0001236729000000373,2
107,1771402766932,-0.004367571000000001,0.0038209704,0.0001236729000000373,2
108,1771402766935,-0.004367571000000001,0.0038209704,0.0001236729000000373,2
109,1771402766938,-0.0036070710000000003,0.0036961703999999996,0.0007047729000000384,2
110,1771402766940,-0.0036070710000000003,0.0036961703999999996,0.0007047729000000384,2
111,1771402766943,-0.0036070710000000003,0.0036961703999999996,0.0007047729000000384,2
112,1771402766945,-0.0043129710000000005,0.0040393704,-0.00019612710000005494,2
113,1771402766948,-0.0043129710000000005,0.0040393704,-0.00019612710000005494,2
114,1771402766950,-0.0043129710000000005,0.0040393704,-0.00019612710000005494,2
115,1771402766953,-0.003841071,0.0037234703999999997,0.00043567289999990523,2
116,1771402766955,-0.003841071,0.0037234703999999997,0.00043567289999990523,2
117,1771402766958,-0.003841071,0.0037234703999999997,0.00043567289999990523,2
118,1771402766960,-0.004277871000000001,0.0039184703999999996,0.00013147289999992852,2
119,1771402766963,-0.004277871000000001,0.0039184703999999996,0.00013147289999992852,2
120,1771402766966,-0.004277871000000001,0.0039184703999999996,0.00013147289999992852,2
121,1771402766968,-0.003735771,0.0035791703999999997,0.0007632728999999997,2
122,1771402766971,-0.003735771,0.0035791703999999997,0.0007632728999999997,2
123,1771402766973,-0.003735771,0.0035791703999999997,0.0007632728999999997,2
124,1771402766976,-0.0042310709999999994,0.0036961703999999996,0.0005955729000000069,2
0,1771402766987,-0.0040243710000000005,0.0037390704,0.00046297290000007964,2
1,1771402766990,-0.0040243710000000005,0.0037390704,0.00046297290000007964,2
2,1771402766993,-0.004032170999999999,0.0037117704,0.0007632728999999997,2
3,1771402766995,-0.004032170999999999,0.0037117704,0.0007632728999999997,2
4,1771402766998,-0.004032170999999999,0.0037117704,0.0007632728999999997,2
5,1771402767000,-0.004125771,0.0038755703999999993,0.00026407289999996677,2
6,1771402767003,-0.004125771,0.0038755703999999993,0.00026407289999996677,2
7,1771402767005,-0.004125771,0.0038755703999999993,0.00026407289999996677,2
8,1771402767008,-0.004133571000000001,0.0039106704,0.0005760728999999457,2
9,1771402767010,-0.004133571000000001,0.0039106704,0.0005760728999999457,2
10,1771402767013,-0.004133571000000001,0.0039106704,0.0005760728999999457,2
11,1771402767015,-0.004215471,0.0038053704,4.56729000000148e-05,2
12,1771402767018,-0.004215471,0.0038053704,4.56729000000148e-05,2
13,1771402767020,-0.004215471,0.0038053704,4.56729000000148e-05,2
14,1771402767023,-0.0038995709999999997,0.0035908703999999996,0.0008412729000000222,2
15,1771402767026,-0.0038995709999999997,0.0035908703999999996,0.0008412729000000222,2
16,1771402767028,-0.0038995709999999997,0.0035908703999999996,0.0008412729000000222,2
17,1771402767031,-0.0038995709999999997,0.0037858703999999995,-0.0002078271000000028,2
18,1771402767033,-0.004414371,0.0037858703999999995,-0.0002078271000000028,2
19,1771402767039,-0.003841071,0.0035167704,0.0006969728999999251,2
20,1771402767042,-0.003841071,0.0035167704,0.0006969728999999251,2
21,1771402767051,-0.004207671,0.0036961703999999996,0.0001587728999999919,2
22,1771402767054,-0.004207671,0.0036961703999999996,0.0006969728999999251,2
23,1771402767057,-0.003692871,0.0036376704,0.0006969728999999251,2
24,1771402767059,-0.003692871,0.0036376704,0.0006969728999999251,2
25,1771402767062,-0.003692871,0.0036376704,0.0006969728999999251,2
26,1771402767073,-0.003841071,0.0037468703999999995,0.0006345728999999071,2
27,1771402767076,-0.003841071,0.0037468703999999995,0.0006345728999999071,2
28,1771402767079,-0.004199871000000001,0.0038326704,0.00037327289999988724,2
29,1771402767081,-0.004199871000000001,0.0038326704,0.00037327289999988724,2
30,1771402767084,-0.004199871000000001,0.0038326704,0.00037327289999988724,2
31,1771402767086,-0.0038683710000000002,0.0037429704,0.0007905728999999521,2
32,1771402767089,-0.0038683710000000002,0.0037429704,0.0007905728999999521,2
33,1771402767091,-0.0038683710000000002,0.0037429704,0.0007905728999999521,2
34,1771402767094,-0.004277871000000001,0.0037195703999999994,0.00046687289999991423,2
35,1771402767097,-0.004277871000000001,0.0037195703999999994,0.00046687289999991423,2
36,1771402767099,-0.004277871000000001,0.0037195703999999994,0.00046687289999991423,2
37,1771402767102,-0.004277871000000001,0.0038365703999999994,0.00018217289999999866,2
38,1771402767104,-0.003926871,0.0038365703999999994,0.00018217289999999866,2
39,1771402767107,-0.003926871,0.0038365703999999994,0.00018217289999999866,2
40,1771402767109,-0.003926871,0.0038365703999999994,0.0005058729000000365,2
41,1771402767112,-0.004000971000000001,0.0037936704,0.0005058729000000365,2
42,1771402767114,-0.004000971000000001,0.0037936704,0.0005058729000000365,2
43,1771402767117,-0.004000971000000001,0.0037936704,0.0005058729000000365,2
44,1771402767119,-0.004082871,0.0037741703999999996,0.00020167289999994877,2
45,1771402767122,-0.004082871,0.0037741703999999996,0.00020167289999994877,2
46,1771402767125,-0.004082871,0.0037741703999999996,0.00020167289999994877,2
47,1771402767127,-0.003848871,0.0035908703999999996,0.000615072900000068,2
48,1771402767130,-0.003848871,0.0035908703999999996,0.000615072900000068,2
49,1771402767132,-0.003848871,0.0035908703999999996,0.000615072900000068,2
50,1771402767135,-0.004188170999999999,0.0037039704,0.00014707289999993302,2
51,1771402767137,-0.004188170999999999,0.0037039704,0.00014707289999993302,2
52,1771402767140,-0.004188170999999999,0.0037039704,0.00014707289999993302,2
53,1771402767143,-0.0037903710000000003,0.0037078703999999995,0.0006384728999999637,2
54,1771402767146,-0.0037903710000000003,0.0037078703999999995,0.0006384728999999637,2
55,1771402767148,-0.0037903710000000003,0.0037078703999999995,0.0006384728999999637,2
56,1771402767151,-0.0044416709999999995,0.0037975703999999994,2.6172899999953665e-05,2
57,1771402767153,-0.0044416709999999995,0.0037975703999999994,2.6172899999953665e-05,2
58,1771402767156,-0.0044416709999999995,0.0037975703999999994,2.6172899999953665e-05,2
59,1771402767158,-0.003770871,0.0036766704,0.0009192729000000447,2
60,1771402767161,-0.003770871,0.0036766704,0.0009192729000000447,2
61,1771402767163,-0.003770871,0.0036766704,0.0009192729000000447,2
62,1771402767166,-0.004289571000000001,0.0038443704,4.56729000000148e-05,2
63,1771402767169,-0.004289571000000001,0.0038443704,4.56729000000148e-05,2
64,1771402767171,-0.004289571000000001,0.0038443704,4.56729000000148e-05,2
65,1771402767174,-0.003852771,0.0039223704,0.0005370729000000455,2
66,1771402767176,-0.003852771,0.0039223704,0.0005370729000000455,2
67,1771402767179,-0.003852771,0.0039223704,0.0005370729000000455,2
68,1771402767181,-0.004203771,0.0038755703999999993,0.0002952729000000868,2
69,1771402767184,-0.004203771,0.0038755703999999993,0.0002952729000000868,2
70,1771402767186,-0.004203771,0.0038755703999999993,0.0002952729000000868,2
71,1771402767189,-0.003770871,0.0037546704,0.00043957289999996187,2
72,1771402767191,-0.003770871,0.0037546704,0.00043957289999996187,2
73,1771402767194,-0.003770871,0.0037546704,0.00043957289999996187,2
74,1771402767197,-0.004149171,0.0039145704,0.00026407289999996677,2
75,1771402767199,-0.004149171,0.0039145704,0.00026407289999996677,2
76,1771402767202,-0.004149171,0.0039145704,0.00026407289999996677,2
77,1771402767204,-0.004149171,0.0036649704,0.0005955729000000069,2
78,1771402767207,-0.0041803710000000004,0.0036649704,0.0005955729000000069,2
79,1771402767209,-0.0041803710000000004,0.0036649704,0.0005955729000000069,2
80,1771402767212,-0.0041803710000000004,0.0036649704,0.00035767289999988274,2
81,1771402767214,-0.0039424709999999995,0.0038482704,0.00035767289999988274,2
82,1771402767217,-0.0039424709999999995,0.0038482704,0.00035767289999988274,2
83,1771402767219,-0.0039424709999999995,0.0038482704,0.00035767289999988274,2
84,1771402767222,-0.003907371,0.0036805703999999995,0.00027577290000002565,2
85,1771402767225,-0.003907371,0.0036805703999999995,0.00027577290000002565,2
86,1771402767227,-0.003907371,0.0036805703999999995,0.00027577290000002565,2
87,1771402767230,-0.004000971000000001,0.0037390704,0.0005487728999999934,2
88,1771402767232,-0.004000971000000001,0.0037390704,0.0005487728999999934,2
89,1771402767235,-0.004000971000000001,0.0037390704,0.0005487728999999934,2
90,1771402767237,-0.004082871,0.0037780704,-3.622710000006433e-05,2
91,1771402767240,-0.004082871,0.0037780704,-3.622710000006433e-05,2
92,1771402767242,-0.004082871,0.0037780704,-3.622710000006433e-05,2
93,1771402767245,-0.003950271,0.0037000704,0.0006618729000000815,2
94,1771402767247,-0.003950271,0.0037000704,0.0006618729000000815,2
95,1771402767250,-0.003950271,0.0037000704,0.0006618729000000815,2
96,1771402767253,-0.004211571000000001,0.0038482704,0.00013147289999992852,2
97,1771402767255,-0.004211571000000001,0.0038482704,0.00013147289999992852,2
98,1771402767258,-0.004211571000000001,0.0038482704,0.00013147289999992852,2
99,1771402767260,-0.0037513710000000003,0.0036961703999999996,0.0008880729000000357,2
100,1771402767263,-0.0037513710000000003,0.0036961703999999996,0.0008880729000000357,2
101,1771402767265,-0.0037513710000000003,0.0036961703999999996,0.0008880729000000357,2
102,1771402767268,-0.004504071,0.0036922703999999994,3.787290000001255e-05,2
103,1771402767270,-0.004504071,0.0036922703999999994,3.787290000001255e-05,2
104,1771402767273,-0.004504071,0.0036922703999999994,3.787290000001255e-05,2
105,1771402767276,-0.0038605709999999997,0.0035908703999999996,0.0007905728999999521,2
106,1771402767278,-0.0038605709999999997,0.0035908703999999996,0.0007905728999999521,2
107,1771402767281,-0.0038605709999999997,0.0035908703999999996,0.0007905728999999521,2
108,1771402767283,-0.0038605709999999997,0.0038131703999999995,-0.00027802710000002305,2
109,1771402767286,-0.004332470999999999,0.0038131703999999995,-0.00027802710000002305,2
110,1771402767288,-0.004332470999999999,0.0038131703999999995,-0.00027802710000002305,2
111,1771402767291,-0.004332470999999999,0.0038131703999999995,0.0008256729000000177,2
112,1771402767293,-0.0037279709999999996,0.0036454703999999997,0.0008256729000000177,2
113,1771402767296,-0.0037279709999999996,0.0036454703999999997,0.0008256729000000177,2
114,1771402767298,-0.0037279709999999996,0.0036454703999999997,0.0008256729000000177,2
115,1771402767301,-0.004305171,0.003969170399999999,0.00035767289999988274,2
116,1771402767303,-0.004305171,0.003969170399999999,0.00035767289999988274,2
117,1771402767306,-0.004305171,0.003969170399999999,0.00035767289999988274,2
118,1771402767309,-0.003837171,0.0035986704,0.00040447289999989624,2
119,1771402767311,-0.003837171,0.0035986704,0.00040447289999989624,2
120,1771402767314,-0.003837171,0.0035986704,0.00040447289999989624,2
121,1771402767316,-0.004141371,0.0038911703999999995,0.0006852728999999772,2
122,1771402767319,-0.004141371,0.0038911703999999995,0.0006852728999999772,2
123,1771402767321,-0.004141371,0.0038911703999999995,0.0006852728999999772,2
124,1771402767324,-0.003993171,0.0037936704,0.0002874728999999735,2
0,1771402767335,-0.004020470999999999,0.0036298703999999996,0.00020167289999994877,2
1,1771402767338,-0.004020470999999999,0.0036298703999999996,0.00020167289999994877,2
2,1771402767340,-0.004270071,0.0038638703999999994,0.00024457290000001665,2
3,1771402767343,-0.004270071,0.0038638703999999994,0.00024457290000001665,2
4,1771402767345,-0.004270071,0.0038638703999999994,0.00024457290000001665,2
5,1771402767348,-0.003802071,0.0036064703999999998,0.0003459728999999349,2
6,1771402767357,-0.003802071,0.0036064703999999998,0.0003459728999999349,2
7,1771402767360,-0.004164770999999999,0.0038521703999999995,0.00041617290000006614,2
8,1771402767362,-0.0038605709999999997,0.0037195703999999994,0.0009348729000000492,2
9,1771402767365,-0.0038605709999999997,0.0037195703999999994,0.0009348729000000492,2
10,1771402767368,-0.0038605709999999997,0.0037195703999999994,0.0009348729000000492,2
11,1771402767370,-0.0038605709999999997,0.0036610704,0.0003615728999999394,2
12,1771402767373,-0.004114071,0.0036610704,0.0003615728999999394,2
13,1771402767375,-0.004114071,0.0036610704,0.0003615728999999394,2
14,1771402767378,-0.004114071,0.0036610704,0.0005565728999998846,2
15,1771402767380,-0.003926871,0.0037546704,0.0005565728999998846,2
16,1771402767383,-0.003926871,0.0037546704,0.0005565728999998846,2
17,1771402767385,-0.003926871,0.0037546704,0.0005565728999998846,2
18,1771402767388,-0.004270071,0.0038833704,0.00013927289999993077,2
19,1771402767390,-0.004270071,0.0038833704,0.00013927289999993077,2
20,1771402767393,-0.004270071,0.0038833704,0.00013927289999993077,2
21,1771402767396,-0.003965870999999999,0.0035128703999999997,0.0005370729000000455,2
22,1771402767398,-0.003965870999999999,0.0035128703999999997,0.0005370729000000455,2
23,1771402767401,-0.003965870999999999,0.0035128703999999997,0.0005370729000000455,2
24,1771402767403,-0.0040243710000000005,0.0037156704,0.00055267290000005,2
25,1771402767406,-0.0040243710000000005,0.0037156704,0.00055267290000005,2
26,1771402767408,-0.0040243710000000005,0.0037156704,0.00055267290000005,2
27,1771402767411,-0.004114071,0.0037390704,0.00035767289999988274,2
28,1771402767413,-0.004114071,0.0037390704,0.00035767289999988274,2
29,1771402767416,-0.004114071,0.0037390704,0.00035767289999988274,2
30,1771402767418,-0.004051671,0.0035713704,0.0002679729000000234,2
31,1771402767421,-0.004051671,0.0035713704,0.0002679729000000234,2
32,1771402767423,-0.004051671,0.0035713704,0.0002679729000000234,2
33,1771402767426,-0.004090671000000001,0.0037000704,-6.742710000007333e-05,2
34,1771402767429,-0.004090671000000001,0.0037000704,-6.742710000007333e-05,2
35,1771402767431,-0.004090671000000001,0.0037000704,-6.742710000007333e-05,2
36,1771402767434,-0.003938571,0.0037468703999999995,0.000646272900000077,2
37,1771402767436,-0.003938571,0.0037468703999999995,0.000646272900000077,2
38,1771402767439,-0.003938571,0.0037468703999999995,0.000646272900000077,2
39,1771402767442,-0.004141371,0.0038131703999999995,0.0002562728999999645,2
40,1771402767444,-0.004141371,0.0038131703999999995,0.0002562728999999645,2
41,1771402767447,-0.004141371,0.0038131703999999995,0.0002562728999999645,2
42,1771402767449,-0.004000971000000001,0.0035869703999999994,0.0005604728999999412,2
43,1771402767452,-0.004000971000000001,0.0035869703999999994,0.0005604728999999412,2
44,1771402767454,-0.004000971000000001,0.0035869703999999994,0.0005604728999999412,2
45,1771402767457,-0.004000971000000001,0.0037858703999999995,6.12729000000193e-05,2
46,1771402767460,-0.004184271,0.0037858703999999995,6.12729000000193e-05,2
47,1771402767462,-0.004184271,0.0037858703999999995,6.12729000000193e-05,2
48,1771402767465,-0.004184271,0.0037663704,0.000303072899999978,2
49,1771402767467,-0.004110170999999999,0.0037663704,0.000303072899999978,2
50,1771402767470,-0.004110170999999999,0.0037663704,0.000303072899999978,2
51,1771402767472,-0.004110170999999999,0.0037663704,0.00045517289999996637,2
52,1771402767475,-0.004207671,0.0037156704,0.00045517289999996637,2
53,1771402767477,-0.004207671,0.0037156704,0.00045517289999996637,2
54,1771402767480,-0.004207671,0.0037156704,0.00045517289999996637,2
55,1771402767483,-0.003922971000000001,0.0038053704,0.0006657728999999161,2
56,1771402767485,-0.003922971000000001,0.0038053704,0.0006657728999999161,2
57,1771402767488,-0.003922971000000001,0.0038053704,0.0006657728999999161,2
58,1771402767490,-0.004215471,0.0038950703999999997,0.0002523729000000189,2
59,1771402767493,-0.004215471,0.0038950703999999997,0.0002523729000000189,2
60,1771402767495,-0.004215471,0.0038950703999999997,0.0002523729000000189,2
61,1771402767498,-0.003841071,0.0037195703999999994,0.000427872900000014,2
62,1771402767500,-0.003841071,0.0037195703999999994,0.000427872900000014,2
63,1771402767503,-0.003841071,0.0037195703999999994,0.000427872900000014,2
64,1771402767505,-0.004141371,0.0037468703999999995,0.00046687289999991423,2
65,1771402767508,-0.004141371,0.0037468703999999995,0.00046687289999991423,2
66,1771402767510,-0.004141371,0.0037468703999999995,0.00046687289999991423,2
67,1771402767513,-0.003973671,0.0037117704,4.1772899999958165e-05,2
68,1771402767516,-0.003973671,0.0037117704,4.1772899999958165e-05,2
69,1771402767518,-0.003973671,0.0037117704,4.1772899999958165e-05,2
70,1771402767521,-0.0040867709999999995,0.0037312703999999993,0.00040447289999989624,2
71,1771402767523,-0.0040867709999999995,0.0037312703999999993,0.00040447289999989624,2
72,1771402767526,-0.0040867709999999995,0.0037312703999999993,0.00040447289999989624,2
73,1771402767528,-0.004117971,0.0038365703999999994,0.00014707289999993302,2
74,1771402767531,-0.004117971,0.0038365703999999994,0.00014707289999993302,2
75,1771402767533,-0.004117971,0.0038365703999999994,0.00014707289999993302,2
76,1771402767536,-0.004117971,0.0034231704,0.0008529728999999701,2
77,1771402767538,-0.0038293710000000003,0.0034231704,0.0008529728999999701,2
78,1771402767541,-0.0038293710000000003,0.0034231704,0.0008529728999999701,2
79,1771402767544,-0.0038293710000000003,0.0034231704,2.6172899999953665e-05,2
80,1771402767546,-0.004281771,0.0036142703999999994,2.6172899999953665e-05,2
81,1771402767549,-0.004281771,0.0036142703999999994,2.6172899999953665e-05,2
82,1771402767551,-0.004281771,0.0036142703999999994,2.6172899999953665e-05,2
83,1771402767554,-0.0038605709999999997,0.0035206704,0.0008958728999999269,2
84,1771402767556,-0.0038605709999999997,0.0035206704,0.0008958728999999269,2
85,1771402767559,-0.0038605709999999997,0.0035206704,0.0008958728999999269,2
86,1771402767561,-0.004472871,0.0037507703999999998,0.0003615728999999394,2
87,1771402767564,-0.004472871,0.0037507703999999998,0.0003615728999999394,2
88,1771402767567,-0.004472871,0.0037507703999999998,0.0003615728999999394,2
89,1771402767570,-0.003564171,0.0034153704,0.001028472900000076,2
90,1771402767572,-0.003564171,0.0034153704,0.001028472900000076,2
91,1771402767575,-0.003564171,0.0034153704,-8.927100000000947e-06,2
92,1771402767578,-0.004309070999999999,0.0040120704,-8.927100000000947e-06,2
93,1771402767580,-0.004309070999999999,0.0040120704,-8.927100000000947e-06,2
94,1771402767583,-0.004309070999999999,0.0040120704,-8.927100000000947e-06,2
95,1771402767585,-0.003665571,0.0037390704,0.0008802728999999224,2
96,1771402767588,-0.003665571,0.0037390704,0.0008802728999999224,2
97,1771402767590,-0.003665571,0.0037390704,0.0008802728999999224,2
98,1771402767593,-0.004262271,0.0039262704,-8.927100000000947e-06,2
99,1771402767595,-0.004262271,0.0039262704,-8.927100000000947e-06,2
100,1771402767598,-0.004262271,0.0039262704,-8.927100000000947e-06,2
101,1771402767601,-0.0036070710000000003,0.0034465703999999996,0.0006618729000000815,2
102,1771402767603,-0.0036070710000000003,0.0034465703999999996,0.0006618729000000815,2
103,1771402767606,-0.0036070710000000003,0.0034465703999999996,0.0006618729000000815,2
104,1771402767608,-0.0042973709999999995,0.0037429704,0.00036937290000005265,2
105,1771402767611,-0.0042973709999999995,0.0037429704,0.00036937290000005265,2
106,1771402767613,-0.0042973709999999995,0.0037429704,0.00036937290000005265,2
107,1771402767616,-0.0037825709999999998,0.0037546704,0.0005916728999999502,2
108,1771402767618,-0.0037825709999999998,0.0037546704,0.0005916728999999502,2
109,1771402767621,-0.0037825709999999998,0.0037546704,0.0005916728999999502,2
110,1771402767623,-0.004004871,0.0036181703999999997,0.00026017290000002115,2
111,1771402767626,-0.004004871,0.0036181703999999997,0.00026017290000002115,2
112,1771402767629,-0.004004871,0.0036181703999999997,0.00026017290000002115,2
113,1771402767631,-0.004164770999999999,0.0037858703999999995,0.0004122729000000095,2
114,1771402767634,-0.004164770999999999,0.0037858703999999995,0.0004122729000000095,2
115,1771402767636,-0.004164770999999999,0.0037858703999999995,0.0004122729000000095,2
116,1771402767639,-0.003954170999999999,0.0038521703999999995,0.0006072728999999547,2
117,1771402767641,-0.003954170999999999,0.0038521703999999995,0.0006072728999999547,2
118,1771402767644,-0.003954170999999999,0.0038521703999999995,0.0006072728999999547,2
119,1771402767646,-0.003954170999999999,0.0039262704,-6.742710000007333e-05,2
120,1771402767649,-0.0043792710000000006,0.0039262704,-6.742710000007333e-05,2
121,1771402767651,-0.0043792710000000006,0.0039262704,-6.742710000007333e-05,2
122,1771402767654,-0.0043792710000000006,0.0039262704,0.00047857290000008414,2
123,1771402767657,-0.004129671,0.0036844703999999997,0.00047857290000008414,2
124,1771402767665,-0.004090671000000001,0.0039106704,8.077289999996941e-05,2
0,1771402767681,-0.004121870999999999,0.0038989704,-4.402710000006658e-05,2
1,1771402767684,-0.004121870999999999,0.0038989704,-4.402710000006658e-05,2
2,1771402767687,-0.003813771,0.0037351703999999996,0.0006189728999999026,2
3,1771402767689,-0.003813771,0.0037351703999999996,0.0006189728999999026,2
4,1771402767692,-0.003813771,0.0037351703999999996,0.0006189728999999026,2
5,1771402767694,-0.004254470999999999,0.0038053704,0.000459072900000023,2
6,1771402767697,-0.004254470999999999,0.0038053704,0.000459072900000023,2
7,1771402767699,-0.004254470999999999,0.0038053704,0.000459072900000023,2
8,1771402767702,-0.003825471,0.0035830704,0.0005565728999998846,2
9,1771402767704,-0.003825471,0.0035830704,0.0005565728999998846,2
10,1771402767707,-0.003825471,0.0035830704,0.0005565728999998846,2
11,1771402767710,-0.003825471,0.0036571703999999997,0.0003615728999999394,2
12,1771402767712,-0.004121870999999999,0.0036571703999999997,0.0003615728999999394,2
13,1771402767715,-0.004121870999999999,0.0036571703999999997,0.0003615728999999394,2
14,1771402767717,-0.004121870999999999,0.0036922703999999994,0.00030697290000003465,2
15,1771402767720,-0.003915171,0.0036922703999999994,0.00030697290000003465,2
16,1771402767722,-0.003915171,0.0036922703999999994,0.00030697290000003465,2
17,1771402767725,-0.003915171,0.0036922703999999994,0.00040837289999995287,2
18,1771402767728,-0.004199871000000001,0.0039535704,0.00040837289999995287,2
19,1771402767730,-0.004199871000000001,0.0039535704,0.00040837289999995287,2
20,1771402767733,-0.004199871000000001,0.0039535704,0.00040837289999995287,2
21,1771402767735,-0.0041530709999999995,0.0038872704,-0.00013762709999998255,2
22,1771402767738,-0.0041530709999999995,0.0038872704,-0.00013762709999998255,2
23,1771402767740,-0.0041530709999999995,0.0038872704,-0.00013762709999998255,2
24,1771402767743,-0.0038956710000000003,0.0036844703999999997,0.0005370729000000455,2
25,1771402767745,-0.0038956710000000003,0.0036844703999999997,0.0005370729000000455,2
26,1771402767758,-0.0036772709999999998,0.0035596704,0.000396672900000005,2
27,1771402767766,-0.004254470999999999,0.0038677703999999997,0.00010417289999997616,2
28,1771402767768,-0.004254470999999999,0.0038677703999999997,0.00010417289999997616,2
29,1771402767771,-0.004254470999999999,0.0038677703999999997,0.00010417289999997616,2
30,1771402767773,-0.0036343710000000004,0.0036181703999999997,0.0008022728999998999,2
31,1771402767776,-0.0036343710000000004,0.0036181703999999997,0.0008022728999998999,2
32,1771402767779,-0.0036343710000000004,0.0036181703999999997,0.0008022728999998999,2
33,1771402767781,-0.0043129710000000005,0.0039496704,0.00013537289999998516,2
34,1771402767784,-0.0043129710000000005,0.0039496704,0.00013537289999998516,2
35,1771402767786,-0.0043129710000000005,0.0039496704,0.00013537289999998516,2
36,1771402767789,-0.0035797710000000003,0.0035050704,0.0007593728999999431,2
37,1771402767791,-0.0035797710000000003,0.0035050704,0.0007593728999999431,2
38,1771402767794,-0.0035797710000000003,0.0035050704,0.0007593728999999431,2
39,1771402767796,-0.0035797710000000003,0.0038716704,0.00042397289999995737,2
40,1771402767799,-0.004273971,0.0038716704,0.00042397289999995737,2
41,1771402767801,-0.004273971,0.0038716704,0.00042397289999995737,2
42,1771402767804,-0.004273971,0.0038716704,0.0005877728999998936,2
43,1771402767807,-0.0036889709999999997,0.0037819704,0.0005877728999998936,2
44,1771402767809,-0.0036889709999999997,0.0037819704,0.0005877728999998936,2
45,1771402767812,-0.0036889709999999997,0.0037819704,0.0005877728999998936,2
46,1771402767814,-0.004039971,0.0037975703999999994,0.00043567289999990523,2
47,1771402767817,-0.004039971,0.0037975703999999994,0.00043567289999990523,2
48,1771402767819,-0.004039971,0.0037975703999999994,0.00043567289999990523,2
49,1771402767822,-0.004137471,0.0037663704,0.0003303728999999304,2
50,1771402767824,-0.004137471,0.0037663704,0.0003303728999999304,2
51,1771402767827,-0.004137471,0.0037663704,0.0003303728999999304,2
52,1771402767829,-0.003977570999999999,0.0036415703999999995,0.0009348729000000492,2
53,1771402767832,-0.003977570999999999,0.0036415703999999995,0.0009348729000000492,2
54,1771402767834,-0.003977570999999999,0.0036415703999999995,0.0009348729000000492,2
55,1771402767841,-0.004137471,0.0037546704,3.00729000000103e-05,2
56,1771402767843,-0.004137471,0.0037546704,3.00729000000103e-05,2
57,1771402767846,-0.003903471,0.0035323704,0.0006267729000000159,2
58,1771402767848,-0.003903471,0.0035323704,0.0006267729000000159,2
59,1771402767851,-0.003903471,0.0035323704,0.0006267729000000159,2
60,1771402767853,-0.004289571000000001,0.0037702703999999993,0.00043177290000007064,2
61,1771402767856,-0.004289571000000001,0.0037702703999999993,0.00043177290000007064,2
62,1771402767859,-0.004289571000000001,0.0037702703999999993,0.00043177290000007064,2
63,1771402767861,-0.004063371,0.0037195703999999994,0.0005331728999999889,2
64,1771402767864,-0.004063371,0.0037195703999999994,0.0005331728999999889,2
65,1771402767866,-0.004063371,0.0037195703999999994,0.0005331728999999889,2
66,1771402767869,-0.0041530709999999995,0.0038053704,0.00038887289999989174,2
67,1771402767871,-0.0041530709999999995,0.0038053704,0.00038887289999989174,2
68,1771402767874,-0.0041530709999999995,0.0038053704,0.00038887289999989174,2
69,1771402767876,-0.0040360710000000004,0.0036727704,0.0009270728999999359,2
70,1771402767879,-0.0040360710000000004,0.0036727704,0.0009270728999999359,2
71,1771402767881,-0.0040360710000000004,0.0036727704,0.0009270728999999359,2
72,1771402767884,-0.003961971,0.0035947704,6.6729000000035526e-06,2
73,1771402767887,-0.003961971,0.0035947704,6.6729000000035526e-06,2
74,1771402767889,-0.003961971,0.0035947704,6.6729000000035526e-06,2
75,1771402767892,-0.003903471,0.0037390704,0.00043177290000007064,2
76,1771402767894,-0.003903471,0.0037390704,0.00043177290000007064,2
77,1771402767897,-0.003903471,0.0037390704,0.00043177290000007064,2
78,1771402767899,-0.004192071,0.0038482704,0.0006423729000000204,2
79,1771402767902,-0.004192071,0.0038482704,0.0006423729000000204,2
80,1771402767904,-0.004192071,0.0038482704,0.0006423729000000204,2
81,1771402767907,-0.004192071,0.0037156704,0.000521472900000041,2
82,1771402767910,-0.0038995709999999997,0.0037156704,0.000521472900000041,2
83,1771402767912,-0.0038995709999999997,0.0037156704,0.000521472900000041,2
84,1771402767915,-0.0038995709999999997,0.0038014703999999996,0.000739872899999882,2
85,1771402767917,-0.004094571,0.0038014703999999996,0.000739872899999882,2
86,1771402767920,-0.004094571,0.0038014703999999996,0.000739872899999882,2
87,1771402767922,-0.004094571,0.0038014703999999996,0.00037327289999988724,2
88,1771402767925,-0.004223271000000001,0.0037936704,0.00037327289999988724,2
89,1771402767928,-0.004223271000000001,0.0037936704,0.00037327289999988724,2
90,1771402767930,-0.004223271000000001,0.0037936704,0.00037327289999988724,2
91,1771402767933,-0.004059471,0.0037195703999999994,0.000490272900000032,2
92,1771402767935,-0.004059471,0.0037195703999999994,0.000490272900000032,2
93,1771402767938,-0.004059471,0.0037195703999999994,0.000490272900000032,2
94,1771402767940,-0.004098470999999999,0.0038638703999999994,0.00011977289999998066,2
95,1771402767943,-0.004098470999999999,0.0038638703999999994,0.00011977289999998066,2
96,1771402767945,-0.004098470999999999,0.0038638703999999994,0.00011977289999998066,2
97,1771402767948,-0.004195971,0.0035479703999999994,0.0003186728999999825,2
98,1771402767950,-0.004195971,0.0035479703999999994,0.0003186728999999825,2
99,1771402767953,-0.004195971,0.0035479703999999994,0.0003186728999999825,2
100,1771402767956,-0.004094571,0.0036649704,0.000303072899999978,2
101,1771402767958,-0.004094571,0.0036649704,0.000303072899999978,2
102,1771402767961,-0.004094571,0.0036649704,0.000303072899999978,2
103,1771402767963,-0.003852771,0.0034855703999999996,0.00115327289999989,2
104,1771402767972,-0.004273971,0.0038209704,0.00010417289999997616,2
105,1771402767975,-0.004273971,0.0038209704,0.00010417289999997616,2
106,1771402767977,-0.004273971,0.0038209704,0.00010417289999997616,2
107,1771402767980,-0.003903471,0.0035167704,0.0006345728999999071,2
108,1771402767982,-0.003903471,0.0035167704,0.0006345728999999071,2
109,1771402767985,-0.003903471,0.0035167704,0.0006345728999999071,2
110,1771402767988,-0.004320770999999999,0.0037897703999999997,0.00023287289999995777,2
111,1771402767990,-0.004320770999999999,0.0037897703999999997,0.00023287289999995777,2
112,1771402767993,-0.004320770999999999,0.0037897703999999997,0.00023287289999995777,2
113,1771402767995,-0.0037942709999999997,0.0037390704,0.0005721728999998891,2
114,1771402767998,-0.0037942709999999997,0.0037390704,0.0005721728999998891,2
115,1771402768000,-0.0037942709999999997,0.0037390704,0.0005721728999998891,2
116,1771402768003,-0.004258371,0.0038365703999999994,4.9572899999960414e-05,2
117,1771402768005,-0.004258371,0.0038365703999999994,4.9572899999960414e-05,2
118,1771402768008,-0.004258371,0.0038365703999999994,4.9572899999960414e-05,2
119,1771402768010,-0.003903471,0.0036961703999999996,0.0003147728999999259,2
120,1771402768013,-0.003903471,0.0036961703999999996,0.0003147728999999259,2
121,1771402768015,-0.003903471,0.0036961703999999996,0.0003147728999999259,2
122,1771402768018,-0.004149171,0.0037039704,0.00047077289999997087,2
123,1771402768021,-0.004149171,0.0037039704,0.00047077289999997087,2
124,1771402768023,-0.004149171,0.0037039704,0.00047077289999997087,2
0,1771402768035,-0.004078971000000001,0.0037117704,0.00040447289999989624,2
1,1771402768038,-0.004078971000000001,0.0037117704,0.00040447289999989624,2
2,1771402768040,-0.004078971000000001,0.0037117704,0.00040447289999989624,2
3,1771402768043,-0.004145271000000001,0.0039457704,0.0006111729000000114,2
4,1771402768045,-0.004145271000000001,0.0039457704,0.0006111729000000114,2
5,1771402768048,-0.004145271000000001,0.0039457704,0.0006111729000000114,2
6,1771402768050,-0.003989271000000001,0.0038092704,0.0008061728999999566,2
7,1771402768061,-0.003989271000000001,0.0038092704,0.0008061728999999566,2
8,1771402768064,-0.004063371,0.0038014703999999996,0.0002055729000000054,2
9,1771402768067,-0.0038293710000000003,0.0037741703999999996,0.0008568729000000267,2
10,1771402768069,-0.0038293710000000003,0.0037741703999999996,0.0008568729000000267,2
11,1771402768072,-0.0038293710000000003,0.0037741703999999996,0.0008568729000000267,2
12,1771402768074,-0.004156971000000001,0.0039379704,0.000365472899999996,2
13,1771402768077,-0.004156971000000001,0.0039379704,0.000365472899999996,2
14,1771402768079,-0.004156971000000001,0.0039379704,0.000365472899999996,2
15,1771402768082,-0.0037786710000000004,0.0036883704,0.00044737290000007514,2
16,1771402768084,-0.0037786710000000004,0.0036883704,0.00044737290000007514,2
17,1771402768087,-0.0037786710000000004,0.0036883704,0.00044737290000007514,2
18,1771402768090,-0.004250571,0.0035557704,0.00038887289999989174,2
19,1771402768092,-0.004250571,0.0035557704,0.00038887289999989174,2
20,1771402768095,-0.004250571,0.0035557704,0.00038887289999989174,2
21,1771402768097,-0.004055570999999999,0.0035557704,0.0008451729000000788,2
22,1771402768100,-0.004055570999999999,0.0035557704,0.0008451729000000788,2
23,1771402768102,-0.004055570999999999,0.0035557704,0.0008451729000000788,2
24,1771402768105,-0.004059471,0.0039184703999999996,0.0006189728999999026,2
25,1771402768107,-0.004059471,0.0039184703999999996,0.0006189728999999026,2
26,1771402768110,-0.004059471,0.0039184703999999996,0.0006189728999999026,2
27,1771402768113,-0.003946371000000001,0.0038170704,0.0005565728999998846,2
28,1771402768115,-0.003946371000000001,0.0038170704,0.0005565728999998846,2
29,1771402768118,-0.003946371000000001,0.0038170704,0.0005565728999998846,2
30,1771402768120,-0.003946371000000001,0.0037156704,0.0005331728999999889,2
31,1771402768123,-0.0040750709999999996,0.0037156704,0.0005331728999999889,2
32,1771402768125,-0.0040750709999999996,0.0037156704,0.0005331728999999889,2
33,1771402768128,-0.0040750709999999996,0.0037156704,0.00047857290000008414,2
34,1771402768130,-0.004032170999999999,0.0037234703999999997,0.00047857290000008414,2
35,1771402768133,-0.004032170999999999,0.0037234703999999997,0.00047857290000008414,2
36,1771402768135,-0.004032170999999999,0.0037234703999999997,0.00047857290000008414,2
37,1771402768138,-0.0038176710000000003,0.0036688703999999996,0.0006657728999999161,2
38,1771402768141,-0.0038176710000000003,0.0036688703999999996,0.0006657728999999161,2
39,1771402768143,-0.0038176710000000003,0.0036688703999999996,0.0006657728999999161,2
40,1771402768146,-0.004207671,0.0037858703999999995,0.0006969728999999251,2
41,1771402768148,-0.004207671,0.0037858703999999995,0.0006969728999999251,2
42,1771402768151,-0.004207671,0.0037858703999999995,0.0006969728999999251,2
43,1771402768153,-0.004125771,0.0037000704,0.00055267290000005,2
44,1771402768156,-0.004125771,0.0037000704,0.00055267290000005,2
45,1771402768158,-0.004125771,0.0037000704,0.00055267290000005,2
46,1771402768161,-0.004320770999999999,0.0037468703999999995,0.00023287289999995777,2
47,1771402768163,-0.004320770999999999,0.0037468703999999995,0.00023287289999995777,2
48,1771402768166,-0.004320770999999999,0.0037468703999999995,0.00023287289999995777,2
49,1771402768169,-0.0041530709999999995,0.0038170704,0.0005292728999999322,2
50,1771402768171,-0.0041530709999999995,0.0038170704,0.0005292728999999322,2
51,1771402768174,-0.0041530709999999995,0.0038170704,0.0005292728999999322,2
52,1771402768176,-0.004184271,0.0037351703999999996,0.0003498728999999915,2
53,1771402768179,-0.004184271,0.0037351703999999996,0.0003498728999999915,2
54,1771402768181,-0.004184271,0.0037351703999999996,0.0003498728999999915,2
55,1771402768184,-0.003915171,0.0037507703999999998,0.000677472900000086,2
56,1771402768186,-0.003915171,0.0037507703999999998,0.000677472900000086,2
57,1771402768189,-0.003915171,0.0037507703999999998,0.000677472900000086,2
58,1771402768191,-0.004270071,0.0038950703999999997,-5.962710000007108e-05,2
59,1771402768194,-0.004270071,0.0038950703999999997,-5.962710000007108e-05,2
60,1771402768196,-0.004270071,0.0038950703999999997,-5.962710000007108e-05,2
61,1771402768199,-0.004270071,0.0037429704,0.0004434729000000185,2
62,1771402768202,-0.003926871,0.0037429704,0.0004434729000000185,2
63,1771402768204,-0.003926871,0.0037429704,0.0004434729000000185,2
64,1771402768207,-0.003926871,0.0037429704,0.0005721728999998891,2
65,1771402768209,-0.004324671,0.0040159704,0.0005721728999998891,2
66,1771402768212,-0.004324671,0.0040159704,0.0005721728999998891,2
67,1771402768214,-0.004324671,0.0040159704,0.0005721728999998891,2
68,1771402768217,-0.003989271000000001,0.0037585703999999994,0.00048247289999991873,2
69,1771402768219,-0.003989271000000001,0.0037585703999999994,0.00048247289999991873,2
70,1771402768222,-0.003989271000000001,0.0037585703999999994,0.00048247289999991873,2
71,1771402768224,-0.004242770999999999,0.0039028703999999994,0.00038887289999989174,2
72,1771402768227,-0.004242770999999999,0.0039028703999999994,0.00038887289999989174,2
73,1771402768230,-0.004242770999999999,0.0039028703999999994,0.00038887289999989174,2
74,1771402768232,-0.003934671000000001,0.0037351703999999996,0.000677472900000086,2
75,1771402768235,-0.003934671000000001,0.0037351703999999996,0.000677472900000086,2
76,1771402768240,-0.003934671000000001,0.0037351703999999996,0.000677472900000086,2
77,1771402768243,-0.003997071,0.0036688703999999996,0.0005136728999999277,2
78,1771402768246,-0.003997071,0.0036688703999999996,0.0005136728999999277,2
79,1771402768248,-0.004067271000000001,0.0038833704,0.00045127289999990973,2
80,1771402768251,-0.004067271000000001,0.0038833704,0.00045127289999990973,2
81,1771402768253,-0.004067271000000001,0.0038833704,0.00045127289999990973,2
82,1771402768256,-0.004145271000000001,0.0038404703999999996,0.0006423729000000204,2
83,1771402768258,-0.004145271000000001,0.0038404703999999996,0.0006423729000000204,2
84,1771402768261,-0.004145271000000001,0.0038404703999999996,0.0006423729000000204,2
85,1771402768263,-0.004082871,0.0037390704,0.00029137290000003015,2
86,1771402768266,-0.004082871,0.0037390704,0.00029137290000003015,2
87,1771402768268,-0.004082871,0.0037390704,0.00029137290000003015,2
88,1771402768278,-0.003946371000000001,0.0038872704,0.00013537289999998516,2
89,1771402768281,-0.003985371,0.0038872704,0.00013537289999998516,2
90,1771402768283,-0.003985371,0.0038872704,0.00013537289999998516,2
91,1771402768286,-0.003985371,0.0038482704,0.0008724729000000312,2
92,1771402768288,-0.003848871,0.0038482704,0.0008724729000000312,2
93,1771402768291,-0.003848871,0.0038482704,0.0008724729000000312,2
94,1771402768293,-0.003848871,0.0038482704,0.00029137290000003015,2
95,1771402768296,-0.004129671,0.0039457704,0.00029137290000003015,2
96,1771402768299,-0.004129671,0.0039457704,0.00029137290000003015,2
97,1771402768301,-0.004129671,0.0039457704,0.00029137290000003015,2
98,1771402768304,-0.003864471,0.0038404703999999996,0.0008529728999999701,2
99,1771402768306,-0.003864471,0.0038404703999999996,0.0008529728999999701,2
100,1771402768309,-0.003864471,0.0038404703999999996,0.0008529728999999701,2
101,1771402768311,-0.004149171,0.0038404703999999996,0.000396672900000005,2
102,1771402768314,-0.004149171,0.0038404703999999996,0.000396672900000005,2
103,1771402768316,-0.004149171,0.0038404703999999996,0.000396672900000005,2
104,1771402768319,-0.003961971,0.0035674704,0.0005877728999998936,2
105,1771402768321,-0.003961971,0.0035674704,0.0005877728999998936,2
106,1771402768324,-0.003961971,0.0035674704,0.0005877728999998936,2
107,1771402768327,-0.003973671,0.0036805703999999995,0.0005487728999999934,2
108,1771402768329,-0.003973671,0.0036805703999999995,0.0005487728999999934,2
109,1771402768332,-0.003973671,0.0036805703999999995,0.0005487728999999934,2
110,1771402768334,-0.004039971,0.0035440704,0.00035767289999988274,2
111,1771402768337,-0.004039971,0.0035440704,0.00035767289999988274,2
112,1771402768339,-0.004039971,0.0035440704,0.00035767289999988274,2
113,1771402768342,-0.004047771,0.0037195703999999994,0.0003186728999999825,2
114,1771402768344,-0.004047771,0.0037195703999999994,0.0003186728999999825,2
115,1771402768347,-0.004047771,0.0037195703999999994,0.0003186728999999825,2
116,1771402768349,-0.004215471,0.0037624703999999997,0.00045517289999996637,2
117,1771402768352,-0.004215471,0.0037624703999999997,0.00045517289999996637,2
118,1771402768355,-0.004215471,0.0037624703999999997,0.00045517289999996637,2
119,1771402768357,-0.004215471,0.0037702703999999993,0.000396672900000005,2
120,1771402768360,-0.004133571000000001,0.0037702703999999993,0.000396672900000005,2
121,1771402768362,-0.004133571000000001,0.0037702703999999993,0.000396672900000005,2
122,1771402768365,-0.004133571000000001,0.0037702703999999993,0.00035377290000004815,2
123,1771402768367,-0.004063371,0.0037312703999999993,0.00035377290000004815,2
124,1771402768370,-0.004063371,0.0037312703999999993,0.00035377290000004815,2
0,1771402768381,-0.003993171,0.0038404703999999996,0.0006267729000000159,2
1,1771402768384,-0.003993171,0.0038404703999999996,0.0006267729000000159,2
2,1771402768386,-0.003993171,0.0038404703999999996,0.0006267729000000159,2
3,1771402768389,-0.004059471,0.0038092704,0.0005136728999999277,2
4,1771402768392,-0.004059471,0.0038092704,0.0005136728999999277,2
5,1771402768394,-0.004059471,0.0038092704,0.0005136728999999277,2
6,1771402768397,-0.004129671,0.0037078703999999995,0.0006813728999999206,2
7,1771402768399,-0.004129671,0.0037078703999999995,0.0006813728999999206,2
8,1771402768402,-0.004129671,0.0037078703999999995,0.0006813728999999206,2
9,1771402768404,-0.004129671,0.0037078703999999995,0.00032257290000003915,2
10,1771402768407,-0.003989271000000001,0.0035323704,0.00032257290000003915,2
11,1771402768409,-0.003989271000000001,0.0035323704,0.00032257290000003915,2
12,1771402768412,-0.003989271000000001,0.0035323704,0.00032257290000003915,2
13,1771402768414,-0.003938571,0.0038014703999999996,0.0005409728999998801,2
14,1771402768417,-0.003938571,0.0038014703999999996,0.0005409728999998801,2
15,1771402768420,-0.003938571,0.0038014703999999996,0.0005409728999998801,2
16,1771402768422,-0.004184271,0.0036610704,0.00013147289999992852,2
17,1771402768425,-0.004184271,0.0036610704,0.00013147289999992852,2
18,1771402768427,-0.004184271,0.0036610704,0.00013147289999992852,2
19,1771402768430,-0.003743571,0.0036103704,0.0008256729000000177,2
20,1771402768432,-0.003743571,0.0036103704,0.0008256729000000177,2
21,1771402768435,-0.003743571,0.0036103704,0.0008256729000000177,2
22,1771402768437,-0.004071171,0.0037273704,0.00038887289999989174,2
23,1771402768440,-0.004071171,0.0037273704,0.00038887289999989174,2
24,1771402768442,-0.004071171,0.0037273704,0.00038887289999989174,2
25,1771402768445,-0.003841071,0.0036727704,0.0006813728999999206,2
26,1771402768448,-0.003841071,0.0036727704,0.0006813728999999206,2
27,1771402768450,-0.003841071,0.0036727704,0.0006813728999999206,2
28,1771402768453,-0.0041023710000000005,0.0038248703999999994,0.0005448728999999367,2
29,1771402768455,-0.0041023710000000005,0.0038248703999999994,0.0005448728999999367,2
30,1771402768458,-0.0041023710000000005,0.0038248703999999994,0.0005448728999999367,2
31,1771402768460,-0.003934671000000001,0.0037741703999999996,0.000396672900000005,2
32,1771402768463,-0.003934671000000001,0.0037741703999999996,0.000396672900000005,2
33,1771402768465,-0.003934671000000001,0.0037741703999999996,0.000396672900000005,2
34,1771402768468,-0.004110170999999999,0.0038872704,0.000271872899999969,2
35,1771402768470,-0.004110170999999999,0.0038872704,0.000271872899999969,2
36,1771402768473,-0.004110170999999999,0.0038872704,0.000271872899999969,2
37,1771402768475,-0.004110170999999999,0.0037234703999999997,0.0005565728999998846,2
38,1771402768478,-0.004016571,0.0037234703999999997,0.0005565728999998846,2
39,1771402768481,-0.004016571,0.0037234703999999997,0.0005565728999998846,2
40,1771402768483,-0.004016571,0.0037234703999999997,0.0004122729000000095,2
41,1771402768486,-0.004234971000000001,0.0037312703999999993,0.0004122729000000095,2
42,1771402768488,-0.004234971000000001,0.0037312703999999993,0.0004122729000000095,2
43,1771402768491,-0.004234971000000001,0.0037312703999999993,0.0004122729000000095,2
44,1771402768493,-0.0039424709999999995,0.0036493704,0.000490272900000032,2
45,1771402768496,-0.0039424709999999995,0.0036493704,0.000490272900000032,2
46,1771402768498,-0.0039424709999999995,0.0036493704,0.000490272900000032,2
47,1771402768501,-0.004078971000000001,0.0037819704,0.0005721728999998891,2
48,1771402768503,-0.004078971000000001,0.0037819704,0.0005721728999998891,2
49,1771402768506,-0.004078971000000001,0.0037819704,0.0005721728999998891,2
50,1771402768509,-0.003973671,0.0037117704,0.0006657728999999161,2
51,1771402768511,-0.003973671,0.0037117704,0.0006657728999999161,2
52,1771402768514,-0.003973671,0.0037117704,0.0006657728999999161,2
53,1771402768516,-0.004293471,0.0037351703999999996,0.00035767289999988274,2
54,1771402768519,-0.004293471,0.0037351703999999996,0.00035767289999988274,2
55,1771402768521,-0.004293471,0.0037351703999999996,0.00035767289999988274,2
56,1771402768524,-0.004192071,0.0037897703999999997,0.00027967289999997127,2
57,1771402768526,-0.004192071,0.0037897703999999997,0.00027967289999997127,2
58,1771402768529,-0.004192071,0.0037897703999999997,0.00027967289999997127,2
59,1771402768531,-0.003907371,0.0036259703999999993,0.0007242728999998774,2
60,1771402768534,-0.003907371,0.0036259703999999993,0.0007242728999998774,2
61,1771402768537,-0.003907371,0.0036259703999999993,0.0007242728999998774,2
62,1771402768539,-0.0040360710000000004,0.0037234703999999997,0.00010417289999997616,2
63,1771402768542,-0.0040360710000000004,0.0037234703999999997,0.00010417289999997616,2
64,1771402768544,-0.0040360710000000004,0.0037234703999999997,0.00010417289999997616,2
65,1771402768547,-0.003973671,0.0036571703999999997,0.0007242728999998774,2
66,1771402768549,-0.003973671,0.0036571703999999997,0.0007242728999998774,2
67,1771402768552,-0.003973671,0.0036571703999999997,0.0007242728999998774,2
68,1771402768554,-0.003973671,0.0036571703999999997,0.000334272899999987,2
69,1771402768557,-0.004250571,0.0038404703999999996,0.000334272899999987,2
70,1771402768559,-0.004250571,0.0038404703999999996,0.000334272899999987,2
71,1771402768562,-0.004250571,0.0038404703999999996,0.000334272899999987,2
72,1771402768564,-0.003759171,0.0038599704,0.000334272899999987,2
73,1771402768567,-0.003759171,0.0038599704,0.000334272899999987,2
74,1771402768570,-0.003759171,0.0038599704,0.000334272899999987,2
75,1771402768572,-0.0040750709999999996,0.0037351703999999996,0.00010027290000003055,2
76,1771402768575,-0.0040750709999999996,0.0037351703999999996,0.00010027290000003055,2
77,1771402768585,-0.0040750709999999996,0.0037351703999999996,0.00010027290000003055,2
78,1771402768587,-0.003911270999999999,0.0036688703999999996,0.00034207289999987824,2
79,1771402768590,-0.003911270999999999,0.0036688703999999996,0.00034207289999987824,2
80,1771402768592,-0.003911270999999999,0.0036688703999999996,0.00034207289999987824,2
81,1771402768595,-0.004059471,0.0037585703999999994,0.0005721728999998891,2
82,1771402768598,-0.004059471,0.0037585703999999994,0.0005721728999998891,2
83,1771402768600,-0.004059471,0.0037585703999999994,0.0005721728999998891,2
84,1771402768603,-0.004211571000000001,0.0037780704,0.00043957289999996187,2
85,1771402768605,-0.004211571000000001,0.0037780704,0.00043957289999996187,2
86,1771402768608,-0.004211571000000001,0.0037780704,0.00043957289999996187,2
87,1771402768610,-0.003903471,0.0037078703999999995,0.00041617290000006614,2
88,1771402768613,-0.003903471,0.0037078703999999995,0.00041617290000006614,2
89,1771402768615,-0.003903471,0.0037078703999999995,0.00041617290000006614,2
90,1771402768618,-0.004188170999999999,0.0039184703999999996,0.0006540728999999682,2
91,1771402768620,-0.004188170999999999,0.0039184703999999996,0.0006540728999999682,2
92,1771402768623,-0.004188170999999999,0.0039184703999999996,0.0006540728999999682,2
93,1771402768626,-0.004188170999999999,0.0037078703999999995,0.00027967289999997127,2
94,1771402768628,-0.0040867709999999995,0.0037078703999999995,0.00027967289999997127,2
95,1771402768631,-0.0040867709999999995,0.0037078703999999995,0.00027967289999997127,2
96,1771402768633,-0.0040867709999999995,0.0037078703999999995,0.000396672900000005,2
97,1771402768636,-0.004039971,0.0038443704,0.000396672900000005,2
98,1771402768638,-0.004039971,0.0038443704,0.000396672900000005,2
99,1771402768641,-0.004039971,0.0038443704,0.000396672900000005,2
100,1771402768643,-0.004063371,0.0037195703999999994,0.0004746729000000275,2
101,1771402768646,-0.004063371,0.0037195703999999994,0.0004746729000000275,2
102,1771402768648,-0.004063371,0.0037195703999999994,0.0004746729000000275,2
103,1771402768651,-0.004176470999999999,0.0037936704,0.00018607289999994427,2
104,1771402768653,-0.004176470999999999,0.0037936704,0.00018607289999994427,2
105,1771402768656,-0.004176470999999999,0.0037936704,0.00018607289999994427,2
106,1771402768659,-0.003961971,0.0036454703999999997,0.00044737290000007514,2
107,1771402768661,-0.003961971,0.0036454703999999997,0.00044737290000007514,2
108,1771402768664,-0.003961971,0.0036454703999999997,0.00044737290000007514,2
109,1771402768666,-0.0041803710000000004,0.0038404703999999996,0.0002952729000000868,2
110,1771402768669,-0.0041803710000000004,0.0038404703999999996,0.0002952729000000868,2
111,1771402768671,-0.0041803710000000004,0.0038404703999999996,0.0002952729000000868,2
112,1771402768674,-0.0038605709999999997,0.0036103704,0.0006423729000000204,2
113,1771402768676,-0.0038605709999999997,0.0036103704,0.0006423729000000204,2
114,1771402768679,-0.0038605709999999997,0.0036103704,0.0006423729000000204,2
115,1771402768682,-0.004114071,0.0038014703999999996,0.000521472900000041,2
116,1771402768684,-0.004114071,0.0038014703999999996,0.000521472900000041,2
117,1771402768687,-0.004114071,0.0038014703999999996,0.000521472900000041,2
118,1771402768689,-0.004094571,0.0036103704,0.0005292728999999322,2
119,1771402768692,-0.004094571,0.0036103704,0.0005292728999999322,2
120,1771402768694,-0.004094571,0.0036103704,0.0005292728999999322,2
121,1771402768697,-0.004110170999999999,0.0036376704,0.000271872899999969,2
122,1771402768700,-0.004110170999999999,0.0036376704,0.000271872899999969,2
123,1771402768702,-0.004110170999999999,0.0036376704,0.000271872899999969,2
124,1771402768705,-0.004071171,0.0037741703999999996,0.0004122729000000095,2
0,1771402768717,-0.0038878709999999998,0.0037897703999999997,0.000646272900000077,2
1,1771402768719,-0.0038878709999999998,0.0037897703999999997,0.000646272900000077,2
2,1771402768722,-0.004164770999999999,0.0037858703999999995,6.907290000002155e-05,2
3,1771402768724,-0.004164770999999999,0.0037858703999999995,6.907290000002155e-05,2
4,1771402768727,-0.004164770999999999,0.0037858703999999995,6.907290000002155e-05,2
5,1771402768729,-0.004172571,0.0036181703999999997,7.297289999996716e-05,2
6,1771402768732,-0.004172571,0.0036181703999999997,7.297289999996716e-05,2
7,1771402768734,-0.004172571,0.0036181703999999997,7.297289999996716e-05,2
8,1771402768737,-0.003985371,0.0037663704,0.00036937290000005265,2
9,1771402768740,-0.003985371,0.0037663704,0.00036937290000005265,2
10,1771402768742,-0.003985371,0.0037663704,0.00036937290000005265,2
11,1771402768745,-0.0040750709999999996,0.0037468703999999995,0.000490272900000032,2
12,1771402768747,-0.0040750709999999996,0.0037468703999999995,0.000490272900000032,2
13,1771402768750,-0.0040750709999999996,0.0037468703999999995,0.000490272900000032,2
14,1771402768752,-0.004207671,0.0036883704,0.00020947289999995102,2
15,1771402768755,-0.004207671,0.0036883704,0.00020947289999995102,2
16,1771402768757,-0.004207671,0.0036883704,0.00020947289999995102,2
17,1771402768760,-0.004106271,0.0035206704,0.00048247289999991873,2
18,1771402768762,-0.004106271,0.0035206704,0.00048247289999991873,2
19,1771402768765,-0.004106271,0.0035206704,0.00048247289999991873,2
20,1771402768768,-0.004106271,0.0037624703999999997,0.0003810729000000005,2
21,1771402768770,-0.004078971000000001,0.0037624703999999997,0.0003810729000000005,2
22,1771402768773,-0.004078971000000001,0.0037624703999999997,0.0003810729000000005,2
23,1771402768775,-0.004078971000000001,0.0037624703999999997,0.0001743728999999964,2
24,1771402768778,-0.003938571,0.0035869703999999994,0.0001743728999999964,2
25,1771402768781,-0.003938571,0.0035869703999999994,0.0001743728999999964,2
26,1771402768783,-0.003938571,0.0037858703999999995,0.0006735729000000294,2
27,1771402768786,-0.004273971,0.0037858703999999995,0.0006735729000000294,2
28,1771402768789,-0.004273971,0.0037858703999999995,0.0006735729000000294,2
29,1771402768791,-0.004273971,0.0037858703999999995,0.00016267289999993752,2
30,1771402768794,-0.0040867709999999995,0.0039028703999999994,0.00016267289999993752,2
31,1771402768796,-0.0040867709999999995,0.0039028703999999994,0.00016267289999993752,2
32,1771402768799,-0.0040867709999999995,0.0039028703999999994,0.00016267289999993752,2
33,1771402768801,-0.004055570999999999,0.0038794703999999996,0.000521472900000041,2
34,1771402768804,-0.004055570999999999,0.0038794703999999996,0.000521472900000041,2
35,1771402768806,-0.004055570999999999,0.0038794703999999996,0.000521472900000041,2
36,1771402768809,-0.0040750709999999996,0.0039067704,0.00030697290000003465,2
37,1771402768812,-0.0040750709999999996,0.0039067704,0.00030697290000003465,2
38,1771402768814,-0.0040750709999999996,0.0039067704,0.00030697290000003465,2
39,1771402768817,-0.004039971,0.0036298703999999996,0.00024457290000001665,2
40,1771402768819,-0.004039971,0.0036298703999999996,0.00024457290000001665,2
41,1771402768822,-0.004039971,0.0036298703999999996,0.00024457290000001665,2
42,1771402768824,-0.0040243710000000005,0.0036688703999999996,0.00038887289999989174,2
43,1771402768827,-0.0040243710000000005,0.0036688703999999996,0.00038887289999989174,2
44,1771402768829,-0.0040243710000000005,0.0036688703999999996,0.00038887289999989174,2
45,1771402768832,-0.004016571,0.0037351703999999996,0.000677472900000086,2
46,1771402768834,-0.004016571,0.0037351703999999996,0.000677472900000086,2
47,1771402768837,-0.004016571,0.0037351703999999996,0.000677472900000086,2
48,1771402768839,-0.004059471,0.0038560703999999998,0.00042397289999995737,2
49,1771402768842,-0.004059471,0.0038560703999999998,0.00042397289999995737,2
50,1771402768845,-0.004059471,0.0038560703999999998,0.00042397289999995737,2
51,1771402768847,-0.004059471,0.0036766704,0.0007047729000000384,2
52,1771402768850,-0.004059471,0.0036766704,0.0007047729000000384,2
53,1771402768852,-0.004059471,0.0036766704,0.0007047729000000384,2
54,1771402768855,-0.004160871,0.0038131703999999995,9.637289999997391e-05,2
55,1771402768857,-0.004160871,0.0038131703999999995,9.637289999997391e-05,2
56,1771402768860,-0.004160871,0.0038131703999999995,9.637289999997391e-05,2
57,1771402768862,-0.004160871,0.0036064703999999998,0.0008529728999999701,2
58,1771402768865,-0.0038293710000000003,0.0036064703999999998,0.0008529728999999701,2
59,1771402768868,-0.0038293710000000003,0.0036064703999999998,0.0008529728999999701,2
60,1771402768870,-0.0038293710000000003,0.0036064703999999998,0.0002835728999999169,2
61,1771402768873,-0.004402671,0.0039574703999999995,0.0002835728999999169,2
62,1771402768875,-0.004402671,0.0039574703999999995,0.0002835728999999169,2
63,1771402768878,-0.004402671,0.0039574703999999995,0.0002835728999999169,2
64,1771402768880,-0.003743571,0.0036181703999999997,0.00033817290000004365,2
65,1771402768883,-0.003743571,0.0036181703999999997,0.00033817290000004365,2
66,1771402768892,-0.004348071,0.0037429704,0.000427872900000014,2
67,1771402768895,-0.003891771,0.0036493704,0.00041617290000006614,2
68,1771402768898,-0.003891771,0.0036493704,0.00041617290000006614,2
69,1771402768900,-0.003891771,0.0036493704,0.00041617290000006614,2
70,1771402768903,-0.004071171,0.0038560703999999998,0.0005721728999998891,2
71,1771402768905,-0.004071171,0.0038560703999999998,0.0005721728999998891,2
72,1771402768908,-0.004071171,0.0038560703999999998,0.0005721728999998891,2
73,1771402768911,-0.004188170999999999,0.0038365703999999994,0.0001899729000000009,2
74,1771402768913,-0.004188170999999999,0.0038365703999999994,0.0001899729000000009,2
75,1771402768916,-0.004188170999999999,0.0038365703999999994,0.0001899729000000009,2
76,1771402768918,-0.004032170999999999,0.0036961703999999996,0.00033817290000004365,2
77,1771402768921,-0.004032170999999999,0.0036961703999999996,0.00033817290000004365,2
78,1771402768923,-0.004032170999999999,0.0036961703999999996,0.00033817290000004365,2
79,1771402768926,-0.0041530709999999995,0.0038638703999999994,0.00037327289999988724,2
80,1771402768928,-0.0041530709999999995,0.0038638703999999994,0.00037327289999988724,2
81,1771402768931,-0.0041530709999999995,0.0038638703999999994,0.00037327289999988724,2
82,1771402768933,-0.0041530709999999995,0.0037351703999999996,0.0009114728999999314,2
83,1771402768936,-0.003922971000000001,0.0037351703999999996,0.0009114728999999314,2
84,1771402768939,-0.003922971000000001,0.0037351703999999996,0.0009114728999999314,2
85,1771402768941,-0.003922971000000001,0.0037351703999999996,-0.0002546271000000163,2
86,1771402768944,-0.004051671,0.0036025703999999995,-0.0002546271000000163,2
87,1771402768946,-0.004051671,0.0036025703999999995,-0.0002546271000000163,2
88,1771402768949,-0.004051671,0.0036025703999999995,-0.0002546271000000163,2
89,1771402768951,-0.003946371000000001,0.0037078703999999995,0.0008529728999999701,2
90,1771402768954,-0.003946371000000001,0.0037078703999999995,0.0008529728999999701,2
91,1771402768956,-0.003946371000000001,0.0037078703999999995,0.0008529728999999701,2
92,1771402768959,-0.0042466710000000005,0.0039067704,0.00024067289999996002,2
93,1771402768961,-0.0042466710000000005,0.0039067704,0.00024067289999996002,2
94,1771402768964,-0.0042466710000000005,0.0039067704,0.00024067289999996002,2
95,1771402768966,-0.0037786710000000004,0.0035128703999999997,0.00029137290000003015,2
96,1771402768969,-0.0037786710000000004,0.0035128703999999997,0.00029137290000003015,2
97,1771402768972,-0.0037786710000000004,0.0035128703999999997,0.00029137290000003015,2
98,1771402768974,-0.004149171,0.0037273704,0.0003147728999999259,2
99,1771402768977,-0.004149171,0.0037273704,0.0003147728999999259,2
100,1771402768979,-0.004149171,0.0037273704,0.0003147728999999259,2
101,1771402768982,-0.004028271,0.0036571703999999997,0.0005682729000000545,2
102,1771402768984,-0.004028271,0.0036571703999999997,0.0005682729000000545,2
103,1771402768987,-0.004028271,0.0036571703999999997,0.0005682729000000545,2
104,1771402768990,-0.003989271000000001,0.0037039704,0.00010417289999997616,2
105,1771402768992,-0.003989271000000001,0.0037039704,0.00010417289999997616,2
106,1771402768995,-0.003989271000000001,0.0037039704,0.00010417289999997616,2
107,1771402768997,-0.0037513710000000003,0.0036688703999999996,0.00048637289999997537,2
108,1771402769000,-0.0037513710000000003,0.0036688703999999996,0.00048637289999997537,2
109,1771402769002,-0.0037513710000000003,0.0036688703999999996,0.00048637289999997537,2
110,1771402769005,-0.0040750709999999996,0.0037078703999999995,0.00038497290000005715,2
111,1771402769007,-0.0040750709999999996,0.0037078703999999995,0.00038497290000005715,2
112,1771402769010,-0.0040750709999999996,0.0037078703999999995,0.00038497290000005715,2
113,1771402769012,-0.0040750709999999996,0.0036337704,0.00011587290000003505,2
114,1771402769015,-0.003938571,0.0036337704,0.00011587290000003505,2
115,1771402769018,-0.003938571,0.0036337704,0.00011587290000003505,2
116,1771402769020,-0.003938571,0.0036337704,0.00027967289999997127,2
117,1771402769023,-0.004137471,0.0037195703999999994,0.00027967289999997127,2
118,1771402769025,-0.004137471,0.0037195703999999994,0.00027967289999997127,2
119,1771402769028,-0.004137471,0.0037195703999999994,0.00027967289999997127,2
120,1771402769030,-0.0040087709999999995,0.0036844703999999997,0.0003498728999999915,2
121,1771402769033,-0.0040087709999999995,0.0036844703999999997,0.0003498728999999915,2
122,1771402769035,-0.0040087709999999995,0.0036844703999999997,0.0003498728999999915,2
123,1771402769038,-0.004032170999999999,0.0036454703999999997,0.00044737290000007514,2
124,1771402769055,-0.004032170999999999,0.0036454703999999997,0.00044737290000007514,2
0,1771402769066,-0.004098470999999999,0.0040432704,4.9572899999960414e-05,2
1,1771402769069,-0.003954170999999999,0.0036025703999999995,0.0005799729000000024,2
2,1771402769072,-0.003954170999999999,0.0036025703999999995,0.0005799729000000024,2
3,1771402769074,-0.003954170999999999,0.0036025703999999995,0.0005799729000000024,2
4,1771402769077,-0.004433871000000001,0.0037507703999999998,0.00017827289999994202,2
5,1771402769079,-0.004433871000000001,0.0037507703999999998,0.00017827289999994202,2
6,1771402769082,-0.004433871000000001,0.0037507703999999998,0.00017827289999994202,2
7,1771402769084,-0.003969771,0.0035011703999999998,0.0004434729000000185,2
8,1771402769087,-0.003969771,0.0035011703999999998,0.0004434729000000185,2
9,1771402769089,-0.003969771,0.0035011703999999998,0.0004434729000000185,2
10,1771402769092,-0.004114071,0.0037078703999999995,0.0001899729000000009,2
11,1771402769095,-0.004114071,0.0037078703999999995,0.0001899729000000009,2
12,1771402769097,-0.004114071,0.0037078703999999995,0.0001899729000000009,2
13,1771402769100,-0.003747471,0.0035362703999999995,0.0003459728999999349,2
14,1771402769102,-0.003747471,0.0035362703999999995,0.0003459728999999349,2
15,1771402769105,-0.003747471,0.0035362703999999995,0.0003459728999999349,2
16,1771402769107,-0.003989271000000001,0.0038872704,0.00032257290000003915,2
17,1771402769110,-0.003989271000000001,0.0038872704,0.00032257290000003915,2
18,1771402769112,-0.003989271000000001,0.0038872704,0.00032257290000003915,2
19,1771402769115,-0.003989271000000001,0.0035635703999999995,0.00034207289999987824,2
20,1771402769118,-0.0038566710000000003,0.0035635703999999995,0.00034207289999987824,2
21,1771402769120,-0.0038566710000000003,0.0035635703999999995,0.00034207289999987824,2
22,1771402769123,-0.0038566710000000003,0.0035635703999999995,0.000396672900000005,2
23,1771402769125,-0.0040867709999999995,0.0035128703999999997,0.000396672900000005,2
24,1771402769128,-0.0040867709999999995,0.0035128703999999997,0.000396672900000005,2
25,1771402769130,-0.0040867709999999995,0.0035128703999999997,0.000396672900000005,2
26,1771402769133,-0.004047771,0.0039028703999999994,0.00042397289999995737,2
27,1771402769135,-0.004047771,0.0039028703999999994,0.00042397289999995737,2
28,1771402769138,-0.004047771,0.0039028703999999994,0.00042397289999995737,2
29,1771402769140,-0.0038995709999999997,0.0039145704,0.0003459728999999349,2
30,1771402769143,-0.0038995709999999997,0.0039145704,0.0003459728999999349,2
31,1771402769146,-0.0038995709999999997,0.0039145704,0.0003459728999999349,2
32,1771402769148,-0.004090671000000001,0.0037195703999999994,6.12729000000193e-05,2
33,1771402769151,-0.004090671000000001,0.0037195703999999994,6.12729000000193e-05,2
34,1771402769153,-0.004090671000000001,0.0037195703999999994,6.12729000000193e-05,2
35,1771402769156,-0.003841071,0.0036727704,0.0011883728999999557,2
36,1771402769158,-0.003841071,0.0036727704,0.0011883728999999557,2
37,1771402769161,-0.003841071,0.0036727704,0.0011883728999999557,2
38,1771402769163,-0.004270071,0.0039145704,-0.00013372710000003694,2
39,1771402769166,-0.004270071,0.0039145704,-0.00013372710000003694,2
40,1771402769168,-0.004270071,0.0039145704,-0.00013372710000003694,2
41,1771402769171,-0.0037825709999999998,0.0036688703999999996,0.0007008728999999817,2
42,1771402769174,-0.0037825709999999998,0.0036688703999999996,0.0007008728999999817,2
43,1771402769176,-0.0037825709999999998,0.0036688703999999996,0.0007008728999999817,2
44,1771402769179,-0.004277871000000001,0.0039106704,0.00011197289999997841,2
45,1771402769181,-0.004277871000000001,0.0039106704,0.00011197289999997841,2
46,1771402769184,-0.004277871000000001,0.0039106704,0.00011197289999997841,2
47,1771402769186,-0.003915171,0.0036727704,0.00046297290000007964,2
48,1771402769189,-0.003915171,0.0036727704,0.00046297290000007964,2
49,1771402769198,-0.003915171,0.0036727704,0.00046297290000007964,2
50,1771402769201,-0.004305171,0.003941870399999999,0.00015097289999998966,2
51,1771402769203,-0.004094571,0.0038404703999999996,0.0005799729000000024,2
52,1771402769206,-0.004094571,0.0038404703999999996,0.0005799729000000024,2
53,1771402769209,-0.004094571,0.0038404703999999996,0.0005799729000000024,2
54,1771402769211,-0.004316871,0.0038131703999999995,-1.127099999998697e-06,2
55,1771402769214,-0.004316871,0.0038131703999999995,-1.127099999998697e-06,2
56,1771402769216,-0.004316871,0.0038131703999999995,-1.127099999998697e-06,2
57,1771402769219,-0.0038683710000000002,0.0038599704,0.00042397289999995737,2
58,1771402769221,-0.0038683710000000002,0.0038599704,0.00042397289999995737,2
59,1771402769224,-0.0038683710000000002,0.0038599704,0.00042397289999995737,2
60,1771402769226,-0.004203771,0.0037819704,0.0003147728999999259,2
61,1771402769229,-0.004203771,0.0037819704,0.0003147728999999259,2
62,1771402769231,-0.004203771,0.0037819704,0.0003147728999999259,2
63,1771402769234,-0.004063371,0.0036688703999999996,0.00030697290000003465,2
64,1771402769237,-0.004063371,0.0036688703999999996,0.00030697290000003465,2
65,1771402769239,-0.004063371,0.0036688703999999996,0.00030697290000003465,2
66,1771402769242,-0.004199871000000001,0.0037468703999999995,0.00036937290000005265,2
67,1771402769244,-0.004199871000000001,0.0037468703999999995,0.00036937290000005265,2
68,1771402769247,-0.004199871000000001,0.0037468703999999995,0.00036937290000005265,2
69,1771402769249,-0.004199871000000001,0.0038365703999999994,6.12729000000193e-05,2
70,1771402769252,-0.003922971000000001,0.0038365703999999994,6.12729000000193e-05,2
71,1771402769254,-0.003922971000000001,0.0038365703999999994,6.12729000000193e-05,2
72,1771402769257,-0.003922971000000001,0.0038365703999999994,0.0006189728999999026,2
73,1771402769259,-0.004043870999999999,0.0037078703999999995,0.0006189728999999026,2
74,1771402769262,-0.004043870999999999,0.0037078703999999995,0.0006189728999999026,2
75,1771402769264,-0.004043870999999999,0.0037078703999999995,0.0006189728999999026,2
76,1771402769267,-0.004020470999999999,0.0037195703999999994,0.0003927728999999484,2
77,1771402769270,-0.004020470999999999,0.0037195703999999994,0.0003927728999999484,2
78,1771402769272,-0.004020470999999999,0.0037195703999999994,0.0003927728999999484,2
79,1771402769275,-0.004016571,0.0037039704,0.0005058729000000365,2
80,1771402769277,-0.004016571,0.0037039704,0.0005058729000000365,2
81,1771402769280,-0.004016571,0.0037039704,0.0005058729000000365,2
82,1771402769282,-0.004117971,0.0038092704,0.00019387289999994652,2
83,1771402769285,-0.004117971,0.0038092704,0.00019387289999994652,2
84,1771402769287,-0.004117971,0.0038092704,0.00019387289999994652,2
85,1771402769290,-0.0038059709999999996,0.0037663704,0.00038887289999989174,2
86,1771402769292,-0.0038059709999999996,0.0037663704,0.00038887289999989174,2
87,1771402769295,-0.0038059709999999996,0.0037663704,0.00038887289999989174,2
88,1771402769298,-0.004223271000000001,0.0039262704,0.0001743728999999964,2
89,1771402769300,-0.004223271000000001,0.0039262704,0.0001743728999999964,2
90,1771402769303,-0.004223271000000001,0.0039262704,0.0001743728999999964,2
91,1771402769305,-0.0038839710000000004,0.0036766704,0.00037327289999988724,2
92,1771402769308,-0.0038839710000000004,0.0036766704,0.00037327289999988724,2
93,1771402769311,-0.0038839710000000004,0.0036766704,0.00037327289999988724,2
94,1771402769313,-0.004055570999999999,0.0038170704,0.0002952729000000868,2
95,1771402769316,-0.004055570999999999,0.0038170704,0.0002952729000000868,2
96,1771402769318,-0.004055570999999999,0.0038170704,0.0002952729000000868,2
97,1771402769321,-0.003876171,0.0037273704,0.00040447289999989624,2
98,1771402769323,-0.003876171,0.0037273704,0.00040447289999989624,2
99,1771402769326,-0.003876171,0.0037273704,0.00040447289999989624,2
100,1771402769328,-0.003876171,0.0038716704,0.00055267290000005,2
101,1771402769331,-0.004133571000000001,0.0038716704,0.00055267290000005,2
102,1771402769333,-0.004133571000000001,0.0038716704,0.00055267290000005,2
103,1771402769336,-0.004133571000000001,0.0038716704,0.00013927289999993077,2
104,1771402769338,-0.004063371,0.0037858703999999995,0.00013927289999993077,2
105,1771402769341,-0.004063371,0.0037858703999999995,0.00013927289999993077,2
106,1771402769344,-0.004063371,0.0037858703999999995,0.00013927289999993077,2
107,1771402769346,-0.004039971,0.0036181703999999997,0.00048247289999991873,2
108,1771402769349,-0.004039971,0.0036181703999999997,0.00048247289999991873,2
109,1771402769351,-0.004039971,0.0036181703999999997,0.00048247289999991873,2
110,1771402769354,-0.004192071,0.0038404703999999996,0.0003459728999999349,2
111,1771402769356,-0.004192071,0.0038404703999999996,0.0003459728999999349,2
112,1771402769359,-0.004192071,0.0038404703999999996,0.0003459728999999349,2
113,1771402769361,-0.003864471,0.0037039704,0.0007593728999999431,2
114,1771402769364,-0.003864471,0.0037039704,0.0007593728999999431,2
115,1771402769367,-0.003864471,0.0037039704,0.0007593728999999431,2
116,1771402769369,-0.004359771,0.0037741703999999996,0.0002367729000000144,2
117,1771402769372,-0.004359771,0.0037741703999999996,0.0002367729000000144,2
118,1771402769374,-0.004359771,0.0037741703999999996,0.0002367729000000144,2
119,1771402769377,-0.003993171,0.0036220704,0.0008139729000000699,2
120,1771402769379,-0.003993171,0.0036220704,0.0008139729000000699,2
121,1771402769382,-0.003993171,0.0036220704,0.0008139729000000699,2
122,1771402769384,-0.004262271,0.0038716704,0.0001899729000000009,2
123,1771402769387,-0.004262271,0.0038716704,0.0001899729000000009,2
124,1771402769389,-0.004262271,0.0038716704,0.0001899729000000009,2
0,1771402769401,-0.004242770999999999,0.0038092704,0.00030697290000003465,2
1,1771402769403,-0.004242770999999999,0.0038092704,0.00030697290000003465,2
2,1771402769406,-0.004242770999999999,0.0038092704,0.00030697290000003465,2
3,1771402769409,-0.0039580710000000005,0.0037975703999999994,0.0006228728999999592,2
4,1771402769411,-0.0039580710000000005,0.0037975703999999994,0.0006228728999999592,2
5,1771402769414,-0.0039580710000000005,0.0037975703999999994,0.0006228728999999592,2
6,1771402769416,-0.004012671000000001,0.0040120704,0.00027577290000002565,2
7,1771402769419,-0.004012671000000001,0.0040120704,0.00027577290000002565,2
8,1771402769421,-0.004012671000000001,0.0040120704,0.00027577290000002565,2
9,1771402769424,-0.003802071,0.0037897703999999997,0.00021727289999995327,2
10,1771402769426,-0.003802071,0.0037897703999999997,0.00021727289999995327,2
11,1771402769429,-0.003802071,0.0037897703999999997,0.00021727289999995327,2
12,1771402769431,-0.004106271,0.0038014703999999996,0.0006852728999999772,2
13,1771402769434,-0.004106271,0.0038014703999999996,0.0006852728999999772,2
14,1771402769436,-0.004106271,0.0038014703999999996,0.0006852728999999772,2
15,1771402769439,-0.0038878709999999998,0.0037039704,0.00035377290000004815,2
16,1771402769444,-0.0038878709999999998,0.0037039704,0.00035377290000004815,2
17,1771402769447,-0.004250571,0.0036532703999999994,0.000396672900000005,2
18,1771402769450,-0.004250571,0.0036532703999999994,0.000396672900000005,2
19,1771402769452,-0.004250571,0.0036532703999999994,0.000396672900000005,2
20,1771402769455,-0.004250571,0.0037429704,0.0001899729000000009,2
21,1771402769457,-0.0041530709999999995,0.0037429704,0.0001899729000000009,2
22,1771402769460,-0.0041530709999999995,0.0037429704,0.0001899729000000009,2
23,1771402769462,-0.0041530709999999995,0.0037429704,0.0006033728999998981,2
24,1771402769465,-0.004176470999999999,0.0036727704,0.0006033728999998981,2
25,1771402769467,-0.004176470999999999,0.0036727704,0.0006033728999998981,2
26,1771402769470,-0.004176470999999999,0.0036727704,0.0006033728999998981,2
27,1771402769472,-0.004110170999999999,0.0037780704,0.00038497290000005715,2
28,1771402769475,-0.004110170999999999,0.0037780704,0.00038497290000005715,2
29,1771402769478,-0.004110170999999999,0.0037780704,0.00038497290000005715,2
30,1771402769480,-0.0038956710000000003,0.0039457704,0.00044737290000007514,2
31,1771402769483,-0.0038956710000000003,0.0039457704,0.00044737290000007514,2
32,1771402769485,-0.0038956710000000003,0.0039457704,0.00044737290000007514,2
33,1771402769488,-0.003930771,0.0037663704,0.00023287289999995777,2
34,1771402769490,-0.003930771,0.0037663704,0.00023287289999995777,2
35,1771402769493,-0.003930771,0.0037663704,0.00023287289999995777,2
36,1771402769495,-0.004117971,0.0037195703999999994,0.0003186728999999825,2
37,1771402769505,-0.004117971,0.0037195703999999994,0.0003186728999999825,2
38,1771402769508,-0.004125771,0.0038443704,9.24729000000283e-05,2
39,1771402769510,-0.004012671000000001,0.0037507703999999998,0.0008256729000000177,2
40,1771402769513,-0.004012671000000001,0.0037507703999999998,0.0008256729000000177,2
41,1771402769515,-0.004012671000000001,0.0037507703999999998,0.0008256729000000177,2
42,1771402769518,-0.004012671000000001,0.0038404703999999996,-0.0002546271000000163,2
43,1771402769520,-0.0043129710000000005,0.0038404703999999996,-0.0002546271000000163,2
44,1771402769523,-0.0043129710000000005,0.0038404703999999996,-0.0002546271000000163,2
45,1771402769525,-0.0043129710000000005,0.0038404703999999996,0.0005487728999999934,2
46,1771402769528,-0.003763071,0.0036922703999999994,0.0005487728999999934,2
47,1771402769530,-0.003763071,0.0036922703999999994,0.0005487728999999934,2
48,1771402769533,-0.003763071,0.0036922703999999994,0.0005487728999999934,2
49,1771402769536,-0.004320770999999999,0.0040276704,0.00027577290000002565,2
50,1771402769538,-0.004320770999999999,0.0040276704,0.00027577290000002565,2
51,1771402769541,-0.004320770999999999,0.0040276704,0.00027577290000002565,2
52,1771402769543,-0.003813771,0.0037546704,0.0005175728999999844,2
53,1771402769546,-0.003813771,0.0037546704,0.0005175728999999844,2
54,1771402769548,-0.003813771,0.0037546704,0.0005175728999999844,2
55,1771402769551,-0.004145271000000001,0.0037546704,0.00033817290000004365,2
56,1771402769553,-0.004145271000000001,0.0037546704,0.00033817290000004365,2
57,1771402769556,-0.004145271000000001,0.0037546704,0.00033817290000004365,2
58,1771402769558,-0.003919071,0.0038365703999999994,0.00041617290000006614,2
59,1771402769561,-0.003919071,0.0038365703999999994,0.00041617290000006614,2
60,1771402769563,-0.003919071,0.0038365703999999994,0.00041617290000006614,2
61,1771402769566,-0.0039424709999999995,0.0037897703999999997,0.00029137290000003015,2
62,1771402769569,-0.0039424709999999995,0.0037897703999999997,0.00029137290000003015,2
63,1771402769571,-0.0039424709999999995,0.0037897703999999997,0.00029137290000003015,2
64,1771402769574,-0.003954170999999999,0.0038053704,0.00040057290000006165,2
65,1771402769576,-0.003954170999999999,0.0038053704,0.00040057290000006165,2
66,1771402769579,-0.003954170999999999,0.0038053704,0.00040057290000006165,2
67,1771402769581,-0.003989271000000001,0.0037234703999999997,0.0005721728999998891,2
68,1771402769584,-0.003989271000000001,0.0037234703999999997,0.0005721728999998891,2
69,1771402769586,-0.003989271000000001,0.0037234703999999997,0.0005721728999998891,2
70,1771402769599,-0.003989271000000001,0.0037780704,0.00017047289999993977,2
71,1771402769602,-0.004305171,0.0037858703999999995,0.00026017290000002115,2
72,1771402769604,-0.004305171,0.0037858703999999995,7.297289999996716e-05,2
73,1771402769607,-0.004059471,0.0037468703999999995,7.297289999996716e-05,2
74,1771402769609,-0.004059471,0.0037468703999999995,7.297289999996716e-05,2
75,1771402769612,-0.004059471,0.0037468703999999995,7.297289999996716e-05,2
76,1771402769615,-0.004032170999999999,0.0037078703999999995,0.0006540728999999682,2
77,1771402769617,-0.004032170999999999,0.0037078703999999995,0.0006540728999999682,2
78,1771402769620,-0.004032170999999999,0.0037078703999999995,0.0006540728999999682,2
79,1771402769622,-0.004207671,0.0038326704,0.00036937290000005265,2
80,1771402769625,-0.004207671,0.0038326704,0.00036937290000005265,2
81,1771402769627,-0.004207671,0.0038326704,0.00036937290000005265,2
82,1771402769630,-0.0038995709999999997,0.0037429704,0.0008880729000000357,2
83,1771402769632,-0.0038995709999999997,0.0037429704,0.0008880729000000357,2
84,1771402769635,-0.0038995709999999997,0.0037429704,0.0008880729000000357,2
85,1771402769638,-0.004289571000000001,0.0037663704,0.00013927289999993077,2
86,1771402769640,-0.004289571000000001,0.0037663704,0.00013927289999993077,2
87,1771402769643,-0.004289571000000001,0.0037663704,0.00013927289999993077,2
88,1771402769645,-0.0039580710000000005,0.0037195703999999994,0.0005994729000000635,2
89,1771402769648,-0.0039580710000000005,0.0037195703999999994,0.0005994729000000635,2
90,1771402769650,-0.0039580710000000005,0.0037195703999999994,0.0005994729000000635,2
91,1771402769653,-0.0042193709999999995,0.003941870399999999,0.00024457290000001665,2
92,1771402769655,-0.0042193709999999995,0.003941870399999999,0.00024457290000001665,2
93,1771402769658,-0.0042193709999999995,0.003941870399999999,0.00024457290000001665,2
94,1771402769660,-0.003954170999999999,0.0035206704,0.0005721728999998891,2
95,1771402769663,-0.003954170999999999,0.0035206704,0.0005721728999998891,2
96,1771402769666,-0.003954170999999999,0.0035206704,0.0005721728999998891,2
97,1771402769668,-0.0041023710000000005,0.0036844703999999997,0.0004434729000000185,2
98,1771402769671,-0.0041023710000000005,0.0036844703999999997,0.0004434729000000185,2
99,1771402769673,-0.0041023710000000005,0.0036844703999999997,0.0004434729000000185,2
100,1771402769676,-0.0041023710000000005,0.0037273704,0.0005448728999999367,2
101,1771402769678,-0.0038059709999999996,0.0037273704,0.0005448728999999367,2
102,1771402769681,-0.0038059709999999996,0.0037273704,0.0005448728999999367,2
103,1771402769683,-0.0038059709999999996,0.0037273704,3.3972899999955915e-05,2
104,1771402769686,-0.004145271000000001,0.0037507703999999998,3.3972899999955915e-05,2
105,1771402769688,-0.004145271000000001,0.0037507703999999998,3.3972899999955915e-05,2
106,1771402769691,-0.004145271000000001,0.0037507703999999998,3.3972899999955915e-05,2
107,1771402769694,-0.0038995709999999997,0.0035869703999999994,0.0003459728999999349,2
108,1771402769696,-0.0038995709999999997,0.0035869703999999994,0.0003459728999999349,2
109,1771402769699,-0.0038995709999999997,0.0035869703999999994,0.0003459728999999349,2
110,1771402769701,-0.004071171,0.0037195703999999994,0.0008100729000000132,2
111,1771402769704,-0.004071171,0.0037195703999999994,0.0008100729000000132,2
112,1771402769706,-0.004071171,0.0037195703999999994,0.0008100729000000132,2
113,1771402769709,-0.004000971000000001,0.0038092704,-5.182710000006883e-05,2
114,1771402769711,-0.004000971000000001,0.0038092704,-5.182710000006883e-05,2
115,1771402769714,-0.004000971000000001,0.0038092704,-5.182710000006883e-05,2
116,1771402769717,-0.003809871,0.0036766704,0.0009192729000000447,2
117,1771402769719,-0.003809871,0.0036766704,0.0009192729000000447,2
118,1771402769722,-0.003809871,0.0036766704,0.0009192729000000447,2
119,1771402769724,-0.0042310709999999994,0.0036493704,8.467290000002605e-05,2
120,1771402769727,-0.0042310709999999994,0.0036493704,8.467290000002605e-05,2
121,1771402769729,-0.0042310709999999994,0.0036493704,8.467290000002605e-05,2
122,1771402769732,-0.003626571,0.0036376704,0.0007515729000000519,2
123,1771402769735,-0.003626571,0.0036376704,0.0007515729000000519,2
124,1771402769737,-0.003626571,0.0036376704,0.0007515729000000519,2
0,1771402769803,-0.003919071,0.0037351703999999996,0.0006033728999998981,2
1,1771402769813,-0.003919071,0.0037351703999999996,0.0006033728999998981,2
2,1771402769815,-0.004094571,0.0038170704,1.0572899999949166e-05,2
3,1771402769818,-0.004094571,0.0034543704,0.0003498728999999915,2
4,1771402769821,-0.003852771,0.0034543704,0.0003498728999999915,2
5,1771402769823,-0.003852771,0.0034543704,0.0003498728999999915,2
6,1771402769826,-0.003852771,0.0036727704,-3.622710000006433e-05,2
7,1771402769828,-0.004414371,0.0036727704,-3.622710000006433e-05,2
8,1771402769831,-0.004414371,0.0036727704,-3.622710000006433e-05,2
9,1771402769833,-0.004414371,0.0036727704,0.0007749728999999476,2
10,1771402769836,-0.003813771,0.0035635703999999995,0.0007749728999999476,2
11,1771402769839,-0.003813771,0.0035635703999999995,0.0007749728999999476,2
12,1771402769841,-0.003813771,0.0035635703999999995,0.0007749728999999476,2
13,1771402769844,-0.004195971,0.0037234703999999997,4.56729000000148e-05,2
14,1771402769846,-0.004195971,0.0037234703999999997,4.56729000000148e-05,2
15,1771402769849,-0.004195971,0.0037234703999999997,4.56729000000148e-05,2
16,1771402769851,-0.003907371,0.0033607704,0.0006657728999999161,2
17,1771402769854,-0.003907371,0.0033607704,0.0006657728999999161,2
18,1771402769856,-0.003907371,0.0033607704,0.0006657728999999161,2
19,1771402769859,-0.004184271,0.0038092704,0.00019387289999994652,2
20,1771402769862,-0.004184271,0.0038092704,0.00019387289999994652,2
21,1771402769864,-0.004184271,0.0038092704,0.00019387289999994652,2
22,1771402769867,-0.003903471,0.0037000704,0.0003927728999999484,2
23,1771402769869,-0.003903471,0.0037000704,0.0003927728999999484,2
24,1771402769872,-0.003903471,0.0037000704,0.0003927728999999484,2
25,1771402769874,-0.0042466710000000005,0.0037117704,0.00030697290000003465,2
26,1771402769877,-0.0042466710000000005,0.0037117704,0.00030697290000003465,2
27,1771402769879,-0.0042466710000000005,0.0037117704,0.00030697290000003465,2
28,1771402769882,-0.0037825709999999998,0.0037078703999999995,0.00048637289999997537,2
29,1771402769885,-0.0037825709999999998,0.0037078703999999995,0.00048637289999997537,2
30,1771402769887,-0.0037825709999999998,0.0037078703999999995,0.00048637289999997537,2
31,1771402769890,-0.004141371,0.0039145704,0.00022507289999995552,2
32,1771402769892,-0.004141371,0.0039145704,0.00022507289999995552,2
33,1771402769895,-0.004141371,0.0039145704,0.00022507289999995552,2
34,1771402769897,-0.003969771,0.0037858703999999995,0.0003927728999999484,2
35,1771402769900,-0.003969771,0.0037858703999999995,0.0003927728999999484,2
36,1771402769902,-0.003969771,0.0037858703999999995,0.0003927728999999484,2
37,1771402769905,-0.004238871,0.0037234703999999997,0.0005097728999998711,2
38,1771402769908,-0.004238871,0.0037234703999999997,0.0005097728999998711,2
39,1771402769910,-0.004238871,0.0037234703999999997,0.0005097728999998711,2
40,1771402769913,-0.004133571000000001,0.0036805703999999995,-8.927100000000947e-06,2
41,1771402769915,-0.004133571000000001,0.0036805703999999995,-8.927100000000947e-06,2
42,1771402769918,-0.004133571000000001,0.0036805703999999995,-8.927100000000947e-06,2
43,1771402769921,-0.004133571000000001,0.0036610704,0.0007593728999999431,2
44,1771402769923,-0.003977570999999999,0.0036610704,0.0007593728999999431,2
45,1771402769926,-0.003977570999999999,0.0036610704,0.0007593728999999431,2
46,1771402769928,-0.003977570999999999,0.0036610704,0.00010027290000003055,2
47,1771402769931,-0.004277871000000001,0.0039769704,0.00010027290000003055,2
48,1771402769933,-0.004277871000000001,0.0039769704,0.00010027290000003055,2
49,1771402769936,-0.004277871000000001,0.0039769704,0.00010027290000003055,2
50,1771402769938,-0.003774771,0.0036610704,0.0008841728999999791,2
51,1771402769941,-0.003774771,0.0036610704,0.0008841728999999791,2
52,1771402769943,-0.003774771,0.0036610704,0.0008841728999999791,2
53,1771402769946,-0.004562571,0.0039886704,0.00019387289999994652,2
54,1771402769949,-0.004562571,0.0039886704,0.00019387289999994652,2
55,1771402769951,-0.004562571,0.0039886704,0.00019387289999994652,2
56,1771402769954,-0.0037942709999999997,0.0037039704,0.0006111729000000114,2
57,1771402769956,-0.0037942709999999997,0.0037039704,0.0006111729000000114,2
58,1771402769959,-0.0037942709999999997,0.0037039704,0.0006111729000000114,2
59,1771402769961,-0.004328571,0.0039652704,3.3972899999955915e-05,2
60,1771402769964,-0.004328571,0.0039652704,3.3972899999955915e-05,2
61,1771402769966,-0.004328571,0.0039652704,3.3972899999955915e-05,2
62,1771402769969,-0.0039580710000000005,0.0037858703999999995,0.0006345728999999071,2
63,1771402769971,-0.0039580710000000005,0.0037858703999999995,0.0006345728999999071,2
64,1771402769974,-0.0039580710000000005,0.0037858703999999995,0.0006345728999999071,2
65,1771402769977,-0.004176470999999999,0.0037234703999999997,0.0003186728999999825,2
66,1771402769979,-0.004176470999999999,0.0037234703999999997,0.0003186728999999825,2
67,1771402769982,-0.004176470999999999,0.0037234703999999997,0.0003186728999999825,2
68,1771402769984,-0.004000971000000001,0.0038248703999999994,0.00043567289999990523,2
69,1771402769987,-0.004000971000000001,0.0038248703999999994,0.00043567289999990523,2
70,1771402769989,-0.004000971000000001,0.0038248703999999994,0.00043567289999990523,2
71,1771402769992,-0.004121870999999999,0.0038560703999999998,0.0005370729000000455,2
72,1771402769994,-0.004121870999999999,0.0038560703999999998,0.0005370729000000455,2
73,1771402769997,-0.004121870999999999,0.0038560703999999998,0.0005370729000000455,2
74,1771402769999,-0.004121870999999999,0.0036415703999999995,-4.7927100000012194e-05,2
75,1771402770002,-0.003891771,0.0036415703999999995,-4.7927100000012194e-05,2
76,1771402770005,-0.003891771,0.0036415703999999995,-4.7927100000012194e-05,2
77,1771402770007,-0.003891771,0.0036415703999999995,0.0007983729000000654,2
78,1771402770010,-0.0040243710000000005,0.0036844703999999997,0.0007983729000000654,2
79,1771402770012,-0.0040243710000000005,0.0036844703999999997,0.0007983729000000654,2
80,1771402770015,-0.0040243710000000005,0.0036844703999999997,0.0007983729000000654,2
81,1771402770017,-0.004125771,0.0037078703999999995,1.4472900000005802e-05,2
82,1771402770020,-0.004125771,0.0037078703999999995,1.4472900000005802e-05,2
83,1771402770022,-0.004125771,0.0037078703999999995,1.4472900000005802e-05,2
84,1771402770025,-0.0038722709999999996,0.0038599704,0.0006657728999999161,2
85,1771402770028,-0.0038722709999999996,0.0038599704,0.0006657728999999161,2
86,1771402770030,-0.0038722709999999996,0.0038599704,0.0006657728999999161,2
87,1771402770033,-0.004410470999999999,0.0040549704,-0.00015322709999998705,2
88,1771402770043,-0.0037513710000000003,0.0036610704,0.0007554728999998864,2
89,1771402770045,-0.0037513710000000003,0.0036610704,0.0007554728999998864,2
90,1771402770048,-0.004410470999999999,0.0038521703999999995,1.8372899999951416e-05,2
91,1771402770050,-0.004410470999999999,0.0038521703999999995,1.8372899999951416e-05,2
92,1771402770053,-0.004410470999999999,0.0038521703999999995,1.8372899999951416e-05,2
93,1771402770056,-0.003798171,0.0036766704,0.0005799729000000024,2
94,1771402770058,-0.003798171,0.0036766704,0.0005799729000000024,2
95,1771402770061,-0.003798171,0.0036766704,0.0005799729000000024,2
96,1771402770063,-0.004277871000000001,0.0037156704,6.907290000002155e-05,2
97,1771402770066,-0.004277871000000001,0.0037156704,6.907290000002155e-05,2
98,1771402770068,-0.004277871000000001,0.0037156704,6.907290000002155e-05,2
99,1771402770071,-0.003841071,0.0034465703999999996,0.0008295729000000743,2
100,1771402770073,-0.003841071,0.0034465703999999996,0.0008295729000000743,2
101,1771402770076,-0.003841071,0.0034465703999999996,0.0008295729000000743,2
102,1771402770078,-0.003841071,0.0037702703999999993,0.00010027290000003055,2
103,1771402770081,-0.004238871,0.0037702703999999993,0.00010027290000003055,2
104,1771402770083,-0.004238871,0.0037702703999999993,0.00010027290000003055,2
105,1771402770086,-0.004238871,0.0037702703999999993,0.000583872900000059,2
106,1771402770089,-0.0038722709999999996,0.0035947704,0.000583872900000059,2
107,1771402770091,-0.0038722709999999996,0.0035947704,0.000583872900000059,2
108,1771402770094,-0.0038722709999999996,0.0035947704,0.000583872900000059,2
109,1771402770096,-0.004273971,0.0037351703999999996,0.0002679729000000234,2
110,1771402770099,-0.004273971,0.0037351703999999996,0.0002679729000000234,2
111,1771402770101,-0.004273971,0.0037351703999999996,0.0002679729000000234,2
112,1771402770104,-0.0037162709999999997,0.0034738703999999997,0.0005760728999999457,2
113,1771402770106,-0.0037162709999999997,0.0034738703999999997,0.0005760728999999457,2
114,1771402770109,-0.0037162709999999997,0.0034738703999999997,0.0005760728999999457,2
115,1771402770112,-0.004164770999999999,0.0036649704,0.0005604728999999412,2
116,1771402770114,-0.004164770999999999,0.0036649704,0.0005604728999999412,2
117,1771402770117,-0.004164770999999999,0.0036649704,0.0005604728999999412,2
118,1771402770119,-0.004067271000000001,0.0037195703999999994,0.0002679729000000234,2
119,1771402770129,-0.004016571,0.0035752703999999995,0.0005643728999999979,2
120,1771402770131,-0.004016571,0.0035752703999999995,0.0005643728999999979,2
121,1771402770134,-0.004016571,0.0039964703999999995,0.00026017290000002115,2
122,1771402770136,-0.004254470999999999,0.0039964703999999995,0.00026017290000002115,2
123,1771402770139,-0.004254470999999999,0.0039964703999999995,0.00026017290000002115,2
124,1771402770141,-0.004254470999999999,0.0038092704,0.0009543728999998883,2
0,1771402770153,-0.0041803710000000004,0.0038755703999999993,0.00011197289999997841,2
1,1771402770156,-0.0041803710000000004,0.0038755703999999993,0.00011197289999997841,2
2,1771402770158,-0.003891771,0.0037429704,0.0007983729000000654,2
3,1771402770161,-0.003891771,0.0037429704,0.0007983729000000654,2
4,1771402770163,-0.003891771,0.0037429704,0.0007983729000000654,2
5,1771402770166,-0.004277871000000001,0.0039730704,0.0001236729000000373,2
6,1771402770168,-0.004277871000000001,0.0039730704,0.0001236729000000373,2
7,1771402770171,-0.004277871000000001,0.0039730704,0.0001236729000000373,2
8,1771402770173,-0.0037786710000000004,0.0037156704,0.0007944729000000087,2
9,1771402770176,-0.0037786710000000004,0.0037156704,0.0007944729000000087,2
10,1771402770178,-0.0037786710000000004,0.0037156704,0.0007944729000000087,2
11,1771402770181,-0.0037786710000000004,0.0039730704,0.00018217289999999866,2
12,1771402770183,-0.0042310709999999994,0.0039730704,0.00018217289999999866,2
13,1771402770186,-0.0042310709999999994,0.0039730704,0.00018217289999999866,2
14,1771402770189,-0.0042310709999999994,0.0039730704,0.00018217289999999866,2
15,1771402770191,-0.003903471,0.0035323704,0.0007983729000000654,2
16,1771402770194,-0.003903471,0.0035323704,0.0007983729000000654,2
17,1771402770196,-0.003903471,0.0035323704,0.0007983729000000654,2
18,1771402770199,-0.004250571,0.0038482704,0.00048637289999997537,2
19,1771402770201,-0.004250571,0.0038482704,0.00048637289999997537,2
20,1771402770204,-0.004250571,0.0038482704,0.00048637289999997537,2
21,1771402770206,-0.004051671,0.0036532703999999994,0.00038887289999989174,2
22,1771402770209,-0.004051671,0.0036532703999999994,0.00038887289999989174,2
23,1771402770211,-0.004051671,0.0036532703999999994,0.00038887289999989174,2
24,1771402770214,-0.004215471,0.0036337704,0.00042007289999990074,2
25,1771402770217,-0.004215471,0.0036337704,0.00042007289999990074,2
26,1771402770219,-0.004215471,0.0036337704,0.00042007289999990074,2
27,1771402770222,-0.004020470999999999,0.0035713704,-9.082709999996906e-05,2
28,1771402770224,-0.004020470999999999,0.0035713704,-9.082709999996906e-05,2
29,1771402770227,-0.004020470999999999,0.0035713704,-9.082709999996906e-05,2
30,1771402770229,-0.0040243710000000005,0.0034309703999999995,0.0007047729000000384,2
31,1771402770232,-0.0040243710000000005,0.0034309703999999995,0.0007047729000000384,2
32,1771402770234,-0.0040243710000000005,0.0034309703999999995,0.0007047729000000384,2
33,1771402770237,-0.004223271000000001,0.0035713704,0.000334272899999987,2
34,1771402770240,-0.004223271000000001,0.0035713704,0.000334272899999987,2
35,1771402770246,-0.003915171,0.0035518703999999996,0.0008451729000000788,2
36,1771402770248,-0.003915171,0.0035518703999999996,0.0008451729000000788,2
37,1771402770251,-0.003915171,0.0035518703999999996,0.0008451729000000788,2
38,1771402770254,-0.004121870999999999,0.003941870399999999,0.0002835728999999169,2
39,1771402770256,-0.004121870999999999,0.003941870399999999,0.0002835728999999169,2
40,1771402770259,-0.004121870999999999,0.003941870399999999,0.0002835728999999169,2
41,1771402770261,-0.0038995709999999997,0.0037039704,0.0006657728999999161,2
42,1771402770264,-0.0038995709999999997,0.0037039704,0.0006657728999999161,2
43,1771402770266,-0.0038995709999999997,0.0037039704,0.0006657728999999161,2
44,1771402770269,-0.0042973709999999995,0.0035791703999999997,0.0002874728999999735,2
45,1771402770271,-0.0042973709999999995,0.0035791703999999997,0.0002874728999999735,2
46,1771402770274,-0.0042973709999999995,0.0035791703999999997,0.0002874728999999735,2
47,1771402770276,-0.003720171,0.0036298703999999996,0.0005448728999999367,2
48,1771402770279,-0.003720171,0.0036298703999999996,0.0005448728999999367,2
49,1771402770282,-0.003720171,0.0036298703999999996,0.0005448728999999367,2
50,1771402770284,-0.004125771,0.0039379704,0.00024067289999996002,2
51,1771402770287,-0.004125771,0.0039379704,0.00024067289999996002,2
52,1771402770289,-0.004125771,0.0039379704,0.00024067289999996002,2
53,1771402770292,-0.0038605709999999997,0.0035947704,0.0007593728999999431,2
54,1771402770294,-0.0038605709999999997,0.0035947704,0.0007593728999999431,2
55,1771402770297,-0.0038605709999999997,0.0035947704,0.0007593728999999431,2
56,1771402770299,-0.0038605709999999997,0.0035869703999999994,0.0006696728999999727,2
57,1771402770302,-0.004203771,0.0035869703999999994,0.0006696728999999727,2
58,1771402770304,-0.004203771,0.0035869703999999994,0.0006696728999999727,2
59,1771402770307,-0.004203771,0.0035869703999999994,0.000521472900000041,2
60,1771402770310,-0.004000971000000001,0.0036688703999999996,0.000521472900000041,2
61,1771402770312,-0.004000971000000001,0.0036688703999999996,0.000521472900000041,2
62,1771402770315,-0.004000971000000001,0.0036688703999999996,0.000521472900000041,2
63,1771402770317,-0.004098470999999999,0.0035830704,0.00034207289999987824,2
64,1771402770320,-0.004098470999999999,0.0035830704,0.00034207289999987824,2
65,1771402770322,-0.004098470999999999,0.0035830704,0.00034207289999987824,2
66,1771402770325,-0.003969771,0.0036610704,0.00044737290000007514,2
67,1771402770327,-0.003969771,0.0036610704,0.00044737290000007514,2
68,1771402770330,-0.003969771,0.0036610704,0.00044737290000007514,2
69,1771402770332,-0.004149171,0.0037624703999999997,0.00045127289999990973,2
70,1771402770335,-0.004149171,0.0037624703999999997,0.00045127289999990973,2
71,1771402770338,-0.004149171,0.0037624703999999997,0.00045127289999990973,2
72,1771402770340,-0.003915171,0.0037702703999999993,0.00046297290000007964,2
73,1771402770343,-0.003915171,0.0037702703999999993,0.00046297290000007964,2
74,1771402770345,-0.003915171,0.0037702703999999993,0.00046297290000007964,2
75,1771402770348,-0.003965870999999999,0.0035401703999999997,0.0005448728999999367,2
76,1771402770350,-0.003965870999999999,0.0035401703999999997,0.0005448728999999367,2
77,1771402770353,-0.003965870999999999,0.0035401703999999997,0.0005448728999999367,2
78,1771402770355,-0.004141371,0.0037390704,-9.082709999996906e-05,2
79,1771402770358,-0.004141371,0.0037390704,-9.082709999996906e-05,2
80,1771402770360,-0.004141371,0.0037390704,-9.082709999996906e-05,2
81,1771402770363,-0.003977570999999999,0.0037858703999999995,0.0003459728999999349,2
82,1771402770366,-0.003977570999999999,0.0037858703999999995,0.0003459728999999349,2
83,1771402770368,-0.003977570999999999,0.0037858703999999995,0.0003459728999999349,2
84,1771402770371,-0.003977570999999999,0.0039067704,0.00026407289999996677,2
85,1771402770373,-0.004227171,0.0039067704,0.00026407289999996677,2
86,1771402770376,-0.004227171,0.0039067704,0.00026407289999996677,2
87,1771402770378,-0.004227171,0.0039067704,0.0006267729000000159,2
88,1771402770381,-0.003922971000000001,0.0036454703999999997,0.0006267729000000159,2
89,1771402770383,-0.003922971000000001,0.0036454703999999997,0.0006267729000000159,2
90,1771402770386,-0.003922971000000001,0.0036454703999999997,0.0006267729000000159,2
91,1771402770388,-0.004270071,0.0038248703999999994,3.00729000000103e-05,2
92,1771402770391,-0.004270071,0.0038248703999999994,3.00729000000103e-05,2
93,1771402770394,-0.004270071,0.0038248703999999994,3.00729000000103e-05,2
94,1771402770396,-0.003989271000000001,0.0038326704,0.0005136728999999277,2
95,1771402770399,-0.003989271000000001,0.0038326704,0.0005136728999999277,2
96,1771402770401,-0.003989271000000001,0.0038326704,0.0005136728999999277,2
97,1771402770404,-0.004207671,0.0038443704,-1.6727100000003196e-05,2
98,1771402770406,-0.004207671,0.0038443704,-1.6727100000003196e-05,2
99,1771402770409,-0.004207671,0.0038443704,-1.6727100000003196e-05,2
100,1771402770411,-0.003743571,0.0037624703999999997,0.00043567289999990523,2
101,1771402770414,-0.003743571,0.0037624703999999997,0.00043567289999990523,2
102,1771402770417,-0.003743571,0.0037624703999999997,0.00043567289999990523,2
103,1771402770419,-0.0040243710000000005,0.0038365703999999994,0.00011977289999998066,2
104,1771402770422,-0.0040243710000000005,0.0038365703999999994,0.00011977289999998066,2
105,1771402770424,-0.0040243710000000005,0.0038365703999999994,0.00011977289999998066,2
106,1771402770427,-0.004145271000000001,0.0036220704,0.00047857290000008414,2
107,1771402770436,-0.004305171,0.0037546704,0.00035377290000004815,2
108,1771402770439,-0.004305171,0.0037546704,0.00035377290000004815,2
109,1771402770441,-0.004305171,0.0037546704,0.00046687289999991423,2
110,1771402770444,-0.003907371,0.0038170704,0.00046687289999991423,2
111,1771402770446,-0.003907371,0.0038170704,0.00046687289999991423,2
112,1771402770449,-0.003907371,0.0038170704,0.00046687289999991423,2
113,1771402770452,-0.004059471,0.0039184703999999996,0.00016657289999999416,2
114,1771402770454,-0.004059471,0.0039184703999999996,0.00016657289999999416,2
115,1771402770457,-0.004059471,0.0039184703999999996,0.00016657289999999416,2
116,1771402770459,-0.0040750709999999996,0.0038326704,0.00015097289999998966,2
117,1771402770462,-0.0040750709999999996,0.0038326704,0.00015097289999998966,2
118,1771402770464,-0.0040750709999999996,0.0038326704,0.00015097289999998966,2
119,1771402770467,-0.004082871,0.0037468703999999995,0.00022507289999995552,2
120,1771402770469,-0.004082871,0.0037468703999999995,0.00022507289999995552,2
121,1771402770472,-0.004082871,0.0037468703999999995,0.00022507289999995552,2
122,1771402770474,-0.004094571,0.0038482704,0.00021727289999995327,2
123,1771402770477,-0.004094571,0.0038482704,0.00021727289999995327,2
124,1771402770479,-0.004094571,0.0038482704,0.00021727289999995327,2
0,1771402770491,-0.004262271,0.0038287703999999997,0.00020167289999994877,2
1,1771402770494,-0.004262271,0.0038287703999999997,0.00020167289999994877,2
2,1771402770497,-0.004262271,0.0038287703999999997,0.00037327289999988724,2
3,1771402770499,-0.004039971,0.0037117704,0.00037327289999988724,2
4,1771402770502,-0.004039971,0.0037117704,0.00037327289999988724,2
5,1771402770504,-0.004039971,0.0037117704,0.00037327289999988724,2
6,1771402770507,-0.004032170999999999,0.0036571703999999997,0.00045127289999990973,2
7,1771402770509,-0.004032170999999999,0.0036571703999999997,0.00045127289999990973,2
8,1771402770512,-0.004032170999999999,0.0036571703999999997,0.00045127289999990973,2
9,1771402770514,-0.004121870999999999,0.0036649704,0.00038497290000005715,2
10,1771402770517,-0.004121870999999999,0.0036649704,0.00038497290000005715,2
11,1771402770519,-0.004121870999999999,0.0036649704,0.00038497290000005715,2
12,1771402770522,-0.004055570999999999,0.0037507703999999998,0.00026017290000002115,2
13,1771402770524,-0.004055570999999999,0.0037507703999999998,0.00026017290000002115,2
14,1771402770527,-0.004055570999999999,0.0037507703999999998,0.00026017290000002115,2
15,1771402770530,-0.004059471,0.0036805703999999995,0.00037327289999988724,2
16,1771402770532,-0.004059471,0.0036805703999999995,0.00037327289999988724,2
17,1771402770535,-0.004059471,0.0036805703999999995,0.00037327289999988724,2
18,1771402770537,-0.004090671000000001,0.0037039704,0.0005136728999999277,2
19,1771402770540,-0.004090671000000001,0.0037039704,0.0005136728999999277,2
20,1771402770542,-0.004090671000000001,0.0037039704,0.0005136728999999277,2
21,1771402770545,-0.0040750709999999996,0.0036922703999999994,0.0004122729000000095,2
22,1771402770548,-0.0040750709999999996,0.0036922703999999994,0.0004122729000000095,2
23,1771402770551,-0.0040750709999999996,0.0036922703999999994,0.0004122729000000095,2
24,1771402770553,-0.004110170999999999,0.0037702703999999993,0.00019777290000000316,2
25,1771402770556,-0.004110170999999999,0.0037702703999999993,0.00019777290000000316,2
26,1771402770558,-0.004110170999999999,0.0037702703999999993,0.00019777290000000316,2
27,1771402770561,-0.003973671,0.0036415703999999995,0.00041617290000006614,2
28,1771402770563,-0.003973671,0.0036415703999999995,0.00041617290000006614,2
29,1771402770566,-0.003973671,0.0036415703999999995,0.00041617290000006614,2
30,1771402770568,-0.0038995709999999997,0.0035206704,0.0005136728999999277,2
31,1771402770571,-0.0038995709999999997,0.0035206704,0.0005136728999999277,2
32,1771402770573,-0.0038995709999999997,0.0035206704,0.0005136728999999277,2
33,1771402770576,-0.0038995709999999997,0.0037507703999999998,6.12729000000193e-05,2
34,1771402770578,-0.003969771,0.0037507703999999998,6.12729000000193e-05,2
35,1771402770581,-0.003969771,0.0037507703999999998,6.12729000000193e-05,2
36,1771402770584,-0.003969771,0.0037507703999999998,0.0006423729000000204,2
37,1771402770586,-0.0037903710000000003,0.0038326704,0.0006423729000000204,2
38,1771402770589,-0.0037903710000000003,0.0038326704,0.0006423729000000204,2
39,1771402770591,-0.0037903710000000003,0.0038326704,0.0006423729000000204,2
40,1771402770594,-0.004114071,0.0038560703999999998,0.00033817290000004365,2
41,1771402770596,-0.004114071,0.0038560703999999998,0.00033817290000004365,2
42,1771402770599,-0.004114071,0.0038560703999999998,0.00033817290000004365,2
43,1771402770602,-0.0038878709999999998,0.0037234703999999997,0.0007203729000000429,2
44,1771402770605,-0.0038878709999999998,0.0037234703999999997,0.0007203729000000429,2
45,1771402770607,-0.0038878709999999998,0.0037351703999999996,-7.912710000002119e-05,2
46,1771402770610,-0.004309070999999999,0.0037351703999999996,-7.912710000002119e-05,2
47,1771402770613,-0.004309070999999999,0.0037351703999999996,-7.912710000002119e-05,2
48,1771402770615,-0.004309070999999999,0.0037039704,0.0010167728999999062,2
49,1771402770618,-0.004020470999999999,0.0037039704,0.0010167728999999062,2
50,1771402770620,-0.004020470999999999,0.0037039704,0.0010167728999999062,2
51,1771402770623,-0.004020470999999999,0.0037039704,0.00019387289999994652,2
52,1771402770625,-0.004344171000000001,0.0038209704,0.00019387289999994652,2
53,1771402770628,-0.004344171000000001,0.0038209704,0.00019387289999994652,2
54,1771402770631,-0.004344171000000001,0.0038209704,0.00019387289999994652,2
55,1771402770633,-0.003786471,0.0037078703999999995,0.0008607729000000833,2
56,1771402770636,-0.003786471,0.0037078703999999995,0.0008607729000000833,2
57,1771402770638,-0.003786471,0.0037078703999999995,0.0008607729000000833,2
58,1771402770641,-0.004195971,0.0038638703999999994,0.00026017290000002115,2
59,1771402770647,-0.004195971,0.0036493704,0.0004122729000000095,2
60,1771402770650,-0.0039424709999999995,0.0036493704,0.0004122729000000095,2
61,1771402770652,-0.0039424709999999995,0.0036493704,0.0004122729000000095,2
62,1771402770655,-0.0039424709999999995,0.0036493704,0.0003498728999999915,2
63,1771402770657,-0.004367571000000001,0.0036922703999999994,0.0003498728999999915,2
64,1771402770660,-0.004367571000000001,0.0036922703999999994,0.0003498728999999915,2
65,1771402770662,-0.004367571000000001,0.0036922703999999994,0.0003498728999999915,2
66,1771402770665,-0.003930771,0.0037585703999999994,0.0005331728999999889,2
67,1771402770667,-0.003930771,0.0037585703999999994,0.0005331728999999889,2
68,1771402770670,-0.003930771,0.0037585703999999994,0.0005331728999999889,2
69,1771402770672,-0.004234971000000001,0.0037195703999999994,0.00026017290000002115,2
70,1771402770675,-0.004234971000000001,0.0037195703999999994,0.00026017290000002115,2
71,1771402770678,-0.004234971000000001,0.0037195703999999994,0.00026017290000002115,2
72,1771402770680,-0.003961971,0.0037078703999999995,0.0002562728999999645,2
73,1771402770683,-0.003961971,0.0037078703999999995,0.0002562728999999645,2
74,1771402770685,-0.003961971,0.0037078703999999995,0.0002562728999999645,2
75,1771402770688,-0.003981471,0.0036532703999999994,0.00040057290000006165,2
76,1771402770690,-0.003981471,0.0036532703999999994,0.00040057290000006165,2
77,1771402770693,-0.003981471,0.0036532703999999994,0.00040057290000006165,2
78,1771402770695,-0.004071171,0.0037078703999999995,0.00024847289999996227,2
79,1771402770698,-0.004071171,0.0037078703999999995,0.00024847289999996227,2
80,1771402770701,-0.004071171,0.0037078703999999995,0.00024847289999996227,2
81,1771402770703,-0.003969771,0.0035674704,0.00027967289999997127,2
82,1771402770706,-0.003969771,0.0035674704,0.00027967289999997127,2
83,1771402770708,-0.003969771,0.0035674704,0.00027967289999997127,2
84,1771402770711,-0.004172571,0.0036259703999999993,0.00024067289999996002,2
85,1771402770713,-0.004172571,0.0036259703999999993,0.00024067289999996002,2
86,1771402770716,-0.004172571,0.0036259703999999993,0.00024067289999996002,2
87,1771402770718,-0.003965870999999999,0.0036298703999999996,0.0007242728999998774,2
88,1771402770721,-0.003965870999999999,0.0036298703999999996,0.0007242728999998774,2
89,1771402770723,-0.003965870999999999,0.0036298703999999996,0.0007242728999998774,2
90,1771402770726,-0.003965870999999999,0.0037312703999999993,0.00019387289999994652,2
91,1771402770729,-0.0041803710000000004,0.0037312703999999993,0.00019387289999994652,2
92,1771402770731,-0.0041803710000000004,0.0037312703999999993,0.00019387289999994652,2
93,1771402770734,-0.0041803710000000004,0.0037312703999999993,0.0005799729000000024,2
94,1771402770746,-0.004262271,0.0038209704,1.4472900000005802e-05,2
95,1771402770749,-0.004262271,0.0038209704,1.4472900000005802e-05,2
96,1771402770751,-0.0037825709999999998,0.0036766704,0.0009153728999999881,2
97,1771402770754,-0.0037825709999999998,0.0036766704,0.0009153728999999881,2
98,1771402770757,-0.0037825709999999998,0.0036766704,0.0009153728999999881,2
99,1771402770759,-0.004465070999999999,0.0037273704,2.2272900000008052e-05,2
100,1771402770762,-0.004465070999999999,0.0037273704,2.2272900000008052e-05,2
101,1771402770764,-0.004465070999999999,0.0037273704,2.2272900000008052e-05,2
102,1771402770767,-0.003825471,0.0036025703999999995,0.00040837289999995287,2
103,1771402770769,-0.003825471,0.0036025703999999995,0.00040837289999995287,2
104,1771402770772,-0.003825471,0.0036025703999999995,0.00040837289999995287,2
105,1771402770774,-0.004078971000000001,0.0038170704,0.00010417289999997616,2
106,1771402770777,-0.004078971000000001,0.0038170704,0.00010417289999997616,2
107,1771402770779,-0.004078971000000001,0.0038170704,0.00010417289999997616,2
108,1771402770782,-0.0039424709999999995,0.0036883704,0.0005292728999999322,2
109,1771402770784,-0.0039424709999999995,0.0036883704,0.0005292728999999322,2
110,1771402770787,-0.0039424709999999995,0.0036883704,0.0005292728999999322,2
111,1771402770790,-0.004141371,0.0037429704,0.00014707289999993302,2
112,1771402770792,-0.004141371,0.0037429704,0.00014707289999993302,2
113,1771402770795,-0.004141371,0.0037429704,0.00014707289999993302,2
114,1771402770797,-0.0038176710000000003,0.0036610704,0.00046297290000007964,2
115,1771402770800,-0.0038176710000000003,0.0036610704,0.00046297290000007964,2
116,1771402770802,-0.0038176710000000003,0.0036610704,0.00046297290000007964,2
117,1771402770805,-0.0038176710000000003,0.0037702703999999993,0.0006852728999999772,2
118,1771402770807,-0.004090671000000001,0.0037702703999999993,0.0006852728999999772,2
119,1771402770810,-0.004090671000000001,0.0037702703999999993,0.0006852728999999772,2
120,1771402770812,-0.004090671000000001,0.0037702703999999993,1.4472900000005802e-05,2
121,1771402770815,-0.004067271000000001,0.0036415703999999995,1.4472900000005802e-05,2
122,1771402770818,-0.004067271000000001,0.0036415703999999995,1.4472900000005802e-05,2
123,1771402770820,-0.004067271000000001,0.0036415703999999995,1.4472900000005802e-05,2
124,1771402770823,-0.003926871,0.0036766704,0.0008061728999999566,2
0,1771402770834,-0.0042310709999999994,0.0039067704,0.00042007289999990074,2
1,1771402770837,-0.003743571,0.0035830704,0.0007164728999999862,2
2,1771402770839,-0.003743571,0.0035830704,0.0007164728999999862,2
3,1771402770842,-0.003743571,0.0035830704,0.0007164728999999862,2
4,1771402770844,-0.004254470999999999,0.0036961703999999996,-4.402710000006658e-05,2
5,1771402770847,-0.004254470999999999,0.0036961703999999996,-4.402710000006658e-05,2
6,1771402770850,-0.004254470999999999,0.0036961703999999996,-4.402710000006658e-05,2
7,1771402770852,-0.004254470999999999,0.0037780704,0.0005565728999998846,2
8,1771402770855,-0.0040360710000000004,0.0037780704,0.0005565728999998846,2
9,1771402770857,-0.0040360710000000004,0.0037780704,0.0005565728999998846,2
10,1771402770860,-0.0040360710000000004,0.0037780704,0.0003615728999999394,2
11,1771402770862,-0.004195971,0.0036649704,0.0003615728999999394,2
12,1771402770865,-0.004195971,0.0036649704,0.0003615728999999394,2
13,1771402770868,-0.004195971,0.0036649704,0.0003615728999999394,2
14,1771402770870,-0.003696771,0.0036337704,0.001071372900000033,2
15,1771402770873,-0.003696771,0.0036337704,0.001071372900000033,2
16,1771402770875,-0.003696771,0.0036337704,0.001071372900000033,2
17,1771402770878,-0.004371471,0.0037858703999999995,0.0005331728999999889,2
18,1771402770880,-0.004371471,0.0037858703999999995,0.0005331728999999889,2
19,1771402770883,-0.004371471,0.0037858703999999995,0.0005331728999999889,2
20,1771402770885,-0.003907371,0.0037897703999999997,-0.00040672710000000465,2
21,1771402770888,-0.003907371,0.0037897703999999997,-0.00040672710000000465,2
22,1771402770890,-0.003907371,0.0037897703999999997,-0.00040672710000000465,2
23,1771402770893,-0.0037123710000000003,0.0036922703999999994,0.0009192729000000447,2
24,1771402770895,-0.0037123710000000003,0.0036922703999999994,0.0009192729000000447,2
25,1771402770898,-0.0037123710000000003,0.0036922703999999994,0.0009192729000000447,2
26,1771402770901,-0.004273971,0.0039730704,0.0006423729000000204,2
27,1771402770903,-0.004273971,0.0039730704,0.0006423729000000204,2
28,1771402770906,-0.004273971,0.0039730704,0.0006423729000000204,2
29,1771402770908,-0.003809871,0.0035518703999999996,0.0005136728999999277,2
30,1771402770911,-0.003809871,0.0035518703999999996,0.0005136728999999277,2
31,1771402770914,-0.003809871,0.0035518703999999996,0.0005136728999999277,2
32,1771402770916,-0.004367571000000001,0.0036571703999999997,-2.0627100000059832e-05,2
33,1771402770919,-0.004367571000000001,0.0036571703999999997,-2.0627100000059832e-05,2
34,1771402770921,-0.004367571000000001,0.0036571703999999997,-2.0627100000059832e-05,2
35,1771402770924,-0.004016571,0.0037312703999999993,0.0011181729000000465,2
36,1771402770926,-0.004016571,0.0037312703999999993,0.0011181729000000465,2
37,1771402770929,-0.004016571,0.0037312703999999993,0.0011181729000000465,2
38,1771402770932,-0.004223271000000001,0.0038209704,-0.0005393271000000429,2
39,1771402770934,-0.004223271000000001,0.0038209704,-0.0005393271000000429,2
40,1771402770937,-0.004223271000000001,0.0038209704,-0.0005393271000000429,2
41,1771402770939,-0.004223271000000001,0.0037936704,0.0007944729000000087,2
42,1771402770942,-0.0037942709999999997,0.0037936704,0.0007944729000000087,2
43,1771402770944,-0.0037942709999999997,0.0037936704,0.0007944729000000087,2
44,1771402770947,-0.0037942709999999997,0.0037936704,-0.0001610270999999893,2
45,1771402770949,-0.004468971,0.0038248703999999994,-0.0001610270999999893,2
46,1771402770952,-0.004468971,0.0038248703999999994,-0.0001610270999999893,2
47,1771402770954,-0.004468971,0.0038248703999999994,-0.0001610270999999893,2
48,1771402770957,-0.0036850710000000003,0.0035557704,0.00040837289999995287,2
49,1771402770959,-0.0036850710000000003,0.0035557704,0.00040837289999995287,2
50,1771402770962,-0.0036850710000000003,0.0035557704,0.00040837289999995287,2
51,1771402770965,-0.004309070999999999,0.0039379704,0.0001275728999999829,2
52,1771402770967,-0.004309070999999999,0.0039379704,0.0001275728999999829,2
53,1771402770970,-0.004309070999999999,0.0039379704,0.0001275728999999829,2
54,1771402770972,-0.003985371,0.0036961703999999996,0.000521472900000041,2
55,1771402770975,-0.003985371,0.0036961703999999996,0.000521472900000041,2
56,1771402770977,-0.003985371,0.0036961703999999996,0.000521472900000041,2
57,1771402770980,-0.004207671,0.0037390704,0.0005097728999998711,2
58,1771402770982,-0.004207671,0.0037390704,0.0005097728999998711,2
59,1771402770985,-0.004207671,0.0037390704,0.0005097728999998711,2
60,1771402770988,-0.004071171,0.0037468703999999995,0.0009816729000000626,2
61,1771402770990,-0.004071171,0.0037468703999999995,0.0009816729000000626,2
62,1771402770993,-0.004071171,0.0037468703999999995,0.0009816729000000626,2
63,1771402770995,-0.0044416709999999995,0.0037351703999999996,-8.927100000000947e-06,2
64,1771402770998,-0.0044416709999999995,0.0037351703999999996,-8.927100000000947e-06,2
65,1771402771000,-0.0044416709999999995,0.0037351703999999996,-8.927100000000947e-06,2
66,1771402771003,-0.0038839710000000004,0.0036883704,0.0005682729000000545,2
67,1771402771005,-0.0038839710000000004,0.0036883704,0.0005682729000000545,2
68,1771402771008,-0.0038839710000000004,0.0036883704,0.0005682729000000545,2
69,1771402771010,-0.0043129710000000005,0.0038521703999999995,0.0006072728999999547,2
70,1771402771013,-0.0043129710000000005,0.0038521703999999995,0.0006072728999999547,2
71,1771402771016,-0.0043129710000000005,0.0038521703999999995,0.0006072728999999547,2
72,1771402771018,-0.0043129710000000005,0.0036376704,-0.00013762709999998255,2
73,1771402771021,-0.0038956710000000003,0.0036376704,-0.00013762709999998255,2
74,1771402771023,-0.0038956710000000003,0.0036376704,-0.00013762709999998255,2
75,1771402771034,-0.004215471,0.0039379704,-1.127099999998697e-06,2
76,1771402771036,-0.004387070999999999,0.0038170704,-1.127099999998697e-06,2
77,1771402771039,-0.004387070999999999,0.0038170704,-1.127099999998697e-06,2
78,1771402771041,-0.004387070999999999,0.0038170704,0.0008100729000000132,2
79,1771402771044,-0.003837171,0.0036454703999999997,0.0008100729000000132,2
80,1771402771046,-0.003837171,0.0036454703999999997,0.0008100729000000132,2
81,1771402771049,-0.003837171,0.0036454703999999997,0.0008100729000000132,2
82,1771402771052,-0.004340271,0.0039106704,0.00013537289999998516,2
83,1771402771061,-0.0035953710000000004,0.0037234703999999997,0.0007983729000000654,2
84,1771402771063,-0.0035953710000000004,0.0037234703999999997,0.0007983729000000654,2
85,1771402771066,-0.0040243710000000005,0.0036961703999999996,0.00046687289999991423,2
86,1771402771068,-0.0040243710000000005,0.0036961703999999996,0.00046687289999991423,2
87,1771402771071,-0.0040243710000000005,0.0036961703999999996,0.00046687289999991423,2
88,1771402771073,-0.004047771,0.0037546704,0.0006306729000000725,2
89,1771402771076,-0.004047771,0.0037546704,0.0006306729000000725,2
90,1771402771079,-0.004047771,0.0037546704,0.0006306729000000725,2
91,1771402771081,-0.004047771,0.0037663704,-0.00010252710000002794,2
92,1771402771084,-0.004305171,0.0037663704,-0.00010252710000002794,2
93,1771402771086,-0.004305171,0.0037663704,-0.00010252710000002794,2
94,1771402771089,-0.004305171,0.0037663704,0.0007320728999999907,2
95,1771402771091,-0.003852771,0.0036103704,0.0007320728999999907,2
96,1771402771094,-0.003852771,0.0036103704,0.0007320728999999907,2
97,1771402771096,-0.003852771,0.0036103704,0.0007320728999999907,2
98,1771402771099,-0.004192071,0.0037936704,0.0002211729000000099,2
99,1771402771102,-0.004192071,0.0037936704,0.0002211729000000099,2
100,1771402771104,-0.004192071,0.0037936704,0.0002211729000000099,2
101,1771402771107,-0.003841071,0.0037780704,0.0005955729000000069,2
102,1771402771109,-0.003841071,0.0037780704,0.0005955729000000069,2
103,1771402771112,-0.003841071,0.0037780704,0.0005955729000000069,2
104,1771402771114,-0.004195971,0.0038326704,0.0005643728999999979,2
105,1771402771117,-0.004195971,0.0038326704,0.0005643728999999979,2
106,1771402771119,-0.004195971,0.0038326704,0.0005643728999999979,2
107,1771402771122,-0.004055570999999999,0.0037546704,-2.0627100000059832e-05,2
108,1771402771124,-0.004055570999999999,0.0037546704,-2.0627100000059832e-05,2
109,1771402771127,-0.004055570999999999,0.0037546704,-2.0627100000059832e-05,2
110,1771402771130,-0.0038566710000000003,0.0037000704,0.0003810729000000005,2
111,1771402771132,-0.0038566710000000003,0.0037000704,0.0003810729000000005,2
112,1771402771135,-0.0038566710000000003,0.0037000704,0.0003810729000000005,2
113,1771402771137,-0.004184271,0.0038950703999999997,0.00027577290000002565,2
114,1771402771140,-0.004184271,0.0038950703999999997,0.00027577290000002565,2
115,1771402771142,-0.004184271,0.0038950703999999997,0.00027577290000002565,2
116,1771402771145,-0.0038059709999999996,0.0035674704,0.0005097728999998711,2
117,1771402771147,-0.0038059709999999996,0.0035674704,0.0005097728999998711,2
118,1771402771150,-0.0038059709999999996,0.0035674704,0.0005097728999998711,2
119,1771402771152,-0.004351971,0.0038170704,-7.912710000002119e-05,2
120,1771402771155,-0.004351971,0.0038170704,-7.912710000002119e-05,2
121,1771402771158,-0.004351971,0.0038170704,-7.912710000002119e-05,2
122,1771402771160,-0.004351971,0.0037156704,0.000708672899999873,2
123,1771402771163,-0.003774771,0.0037156704,0.000708672899999873,2
124,1771402771166,-0.003774771,0.0037156704,0.000708672899999873,2
0,1771402771177,-0.003880071,0.0036298703999999996,0.0006072728999999547,2
1,1771402771180,-0.003880071,0.0036298703999999996,0.0006072728999999547,2
2,1771402771182,-0.003880071,0.0036298703999999996,0.0006072728999999547,2
3,1771402771185,-0.004258371,0.0037507703999999998,0.0001743728999999964,2
4,1771402771187,-0.004258371,0.0037507703999999998,0.0001743728999999964,2
5,1771402771190,-0.004258371,0.0037507703999999998,0.0001743728999999964,2
6,1771402771192,-0.0038176710000000003,0.0037117704,0.0007632728999999997,2
7,1771402771195,-0.0038176710000000003,0.0037117704,0.0007632728999999997,2
8,1771402771197,-0.0038176710000000003,0.0037117704,0.0007632728999999997,2
9,1771402771200,-0.004227171,0.0038560703999999998,0.00026407289999996677,2
10,1771402771202,-0.004227171,0.0038560703999999998,0.00026407289999996677,2
11,1771402771205,-0.004227171,0.0038560703999999998,0.00026407289999996677,2
12,1771402771208,-0.004227171,0.0037390704,0.0005565728999998846,2
13,1771402771210,-0.003997071,0.0037390704,0.0005565728999998846,2
14,1771402771213,-0.003997071,0.0037390704,0.0005565728999998846,2
15,1771402771215,-0.003997071,0.0037741703999999996,0.0008061728999999566,2
16,1771402771218,-0.003981471,0.0037741703999999996,0.0008061728999999566,2
17,1771402771221,-0.003981471,0.0037741703999999996,0.0008061728999999566,2
18,1771402771223,-0.003981471,0.0037741703999999996,-5.5727100000014444e-05,2
19,1771402771226,-0.003922971000000001,0.0039262704,-5.5727100000014444e-05,2
20,1771402771228,-0.003922971000000001,0.0039262704,-5.5727100000014444e-05,2
21,1771402771231,-0.003922971000000001,0.0039262704,-5.5727100000014444e-05,2
22,1771402771233,-0.003876171,0.0037585703999999994,0.000583872900000059,2
23,1771402771236,-0.003876171,0.0037585703999999994,0.000583872900000059,2
24,1771402771238,-0.003876171,0.0037585703999999994,0.000583872900000059,2
25,1771402771241,-0.004293471,0.0040003704,-0.0003170271000000343,2
26,1771402771244,-0.004293471,0.0040003704,-0.0003170271000000343,2
27,1771402771246,-0.004293471,0.0040003704,-0.0003170271000000343,2
28,1771402771249,-0.003575871,0.0035908703999999996,0.0009036729000000402,2
29,1771402771251,-0.003575871,0.0035908703999999996,0.0009036729000000402,2
30,1771402771254,-0.003575871,0.0035908703999999996,0.0009036729000000402,2
31,1771402771256,-0.004410470999999999,0.0039379704,-6.35271000000167e-05,2
32,1771402771259,-0.004410470999999999,0.0039379704,-6.35271000000167e-05,2
33,1771402771261,-0.004410470999999999,0.0039379704,-6.35271000000167e-05,2
34,1771402771264,-0.003681171,0.0036493704,0.001071372900000033,2
35,1771402771267,-0.003681171,0.0036493704,0.001071372900000033,2
36,1771402771269,-0.003681171,0.0036493704,0.001071372900000033,2
37,1771402771272,-0.004402671,0.0039535704,0.00022897290000001215,2
38,1771402771274,-0.004402671,0.0039535704,0.00022897290000001215,2
39,1771402771277,-0.004402671,0.0039535704,0.00022897290000001215,2
40,1771402771279,-0.0038215709999999997,0.0037741703999999996,0.0008334728999999089,2
41,1771402771282,-0.0038215709999999997,0.0037741703999999996,0.0008334728999999089,2
42,1771402771284,-0.0038215709999999997,0.0037741703999999996,0.0008334728999999089,2
43,1771402771287,-0.0041530709999999995,0.0038482704,0.00019387289999994652,2
44,1771402771289,-0.0041530709999999995,0.0038482704,0.00019387289999994652,2
45,1771402771292,-0.0041530709999999995,0.0038482704,0.00019387289999994652,2
46,1771402771294,-0.0041530709999999995,0.0036649704,0.0008217728999999611,2
47,1771402771297,-0.0037942709999999997,0.0036649704,0.0008217728999999611,2
48,1771402771300,-0.0037942709999999997,0.0036649704,0.0008217728999999611,2
49,1771402771302,-0.0037942709999999997,0.0038014703999999996,0.00047077289999997087,2
50,1771402771305,-0.004340271,0.0038014703999999996,0.00047077289999997087,2
51,1771402771307,-0.004340271,0.0038014703999999996,0.00047077289999997087,2
52,1771402771310,-0.004340271,0.0038014703999999996,0.0005175728999999844,2
53,1771402771312,-0.003848871,0.0037156704,0.0005175728999999844,2
54,1771402771315,-0.003848871,0.0037156704,0.0005175728999999844,2
55,1771402771318,-0.003848871,0.0037156704,0.0005175728999999844,2
56,1771402771320,-0.004270071,0.0037390704,0.0007008728999999817,2
57,1771402771323,-0.004270071,0.0037390704,0.0007008728999999817,2
58,1771402771325,-0.004270071,0.0037390704,0.0007008728999999817,2
59,1771402771328,-0.004055570999999999,0.0035830704,1.8372899999951416e-05,2
60,1771402771330,-0.004055570999999999,0.0035830704,1.8372899999951416e-05,2
61,1771402771333,-0.004055570999999999,0.0035830704,1.8372899999951416e-05,2
62,1771402771335,-0.0038059709999999996,0.0035635703999999995,0.0005994729000000635,2
63,1771402771338,-0.0038059709999999996,0.0035635703999999995,0.0005994729000000635,2
64,1771402771340,-0.0038059709999999996,0.0035635703999999995,0.0005994729000000635,2
65,1771402771343,-0.004184271,0.0039613704,0.00021337290000000766,2
66,1771402771346,-0.004184271,0.0039613704,0.00021337290000000766,2
67,1771402771348,-0.004184271,0.0039613704,0.00021337290000000766,2
68,1771402771351,-0.0037396710000000004,0.0037507703999999998,0.0006579729000000249,2
69,1771402771353,-0.0037396710000000004,0.0037507703999999998,0.0006579729000000249,2
70,1771402771356,-0.0037396710000000004,0.0037507703999999998,0.0006579729000000249,2
71,1771402771358,-0.004270071,0.0038677703999999997,0.00029137290000003015,2
72,1771402771367,-0.004270071,0.0038677703999999997,0.00029137290000003015,2
73,1771402771370,-0.003985371,0.0037078703999999995,0.000739872899999882,2
74,1771402771372,-0.003985371,0.0037078703999999995,0.000739872899999882,2
75,1771402771375,-0.004445571000000001,0.0040003704,0.00024457290000001665,2
76,1771402771377,-0.004445571000000001,0.0040003704,0.00024457290000001665,2
77,1771402771380,-0.004445571000000001,0.0040003704,0.00024457290000001665,2
78,1771402771382,-0.0038059709999999996,0.0037312703999999993,0.0007983729000000654,2
79,1771402771385,-0.0038059709999999996,0.0037312703999999993,0.0007983729000000654,2
80,1771402771387,-0.0038059709999999996,0.0037312703999999993,0.0007983729000000654,2
81,1771402771390,-0.0043129710000000005,0.0039964703999999995,0.0005253728999998756,2
82,1771402771393,-0.0043129710000000005,0.0039964703999999995,0.0005253728999998756,2
83,1771402771395,-0.0043129710000000005,0.0039964703999999995,0.0005253728999998756,2
84,1771402771398,-0.0036616709999999996,0.0036610704,0.0005565728999998846,2
85,1771402771400,-0.0036616709999999996,0.0036610704,0.0005565728999998846,2
86,1771402771403,-0.0036616709999999996,0.0036610704,0.0005565728999998846,2
87,1771402771405,-0.004234971000000001,0.0037273704,0.00046687289999991423,2
88,1771402771408,-0.004234971000000001,0.0037273704,0.00046687289999991423,2
89,1771402771411,-0.004234971000000001,0.0037273704,0.00046687289999991423,2
90,1771402771413,-0.004149171,0.0035713704,0.00017827289999994202,2
91,1771402771416,-0.004149171,0.0035713704,0.00017827289999994202,2
92,1771402771418,-0.004149171,0.0035713704,0.00017827289999994202,2
93,1771402771421,-0.004149171,0.0037039704,0.00040447289999989624,2
94,1771402771423,-0.003969771,0.0037039704,0.00040447289999989624,2
95,1771402771426,-0.003969771,0.0037039704,0.00040447289999989624,2
96,1771402771428,-0.003969771,0.0037039704,-0.0002702271000000208,2
97,1771402771431,-0.004137471,0.0038443704,-0.0002702271000000208,2
98,1771402771433,-0.004137471,0.0038443704,-0.0002702271000000208,2
99,1771402771436,-0.004137471,0.0038443704,-0.0002702271000000208,2
100,1771402771439,-0.003876171,0.0035752703999999995,0.0006618729000000815,2
101,1771402771441,-0.003876171,0.0035752703999999995,0.0006618729000000815,2
102,1771402771447,-0.003876171,0.0035752703999999995,0.0006618729000000815,2
103,1771402771449,-0.004336371,0.0038131703999999995,-3.2327100000007695e-05,2
104,1771402771452,-0.004336371,0.0038131703999999995,0.0007983729000000654,2
105,1771402771455,-0.003681171,0.0036376704,0.0007983729000000654,2
106,1771402771457,-0.003681171,0.0036376704,0.0007983729000000654,2
107,1771402771460,-0.003681171,0.0036376704,0.0007983729000000654,2
108,1771402771462,-0.004316871,0.0038170704,-0.00021562710000000505,2
109,1771402771465,-0.004316871,0.0038170704,-0.00021562710000000505,2
110,1771402771467,-0.004316871,0.0038170704,-0.00021562710000000505,2
111,1771402771470,-0.003743571,0.0035791703999999997,0.0006267729000000159,2
112,1771402771472,-0.003743571,0.0035791703999999997,0.0006267729000000159,2
113,1771402771475,-0.003743571,0.0035791703999999997,0.0006267729000000159,2
114,1771402771478,-0.004273971,0.0037273704,-5.182710000006883e-05,2
115,1771402771481,-0.004273971,0.0037273704,-5.182710000006883e-05,2
116,1771402771483,-0.004273971,0.0037273704,-5.182710000006883e-05,2
117,1771402771486,-0.003509571,0.0035011703999999998,0.0009543728999998883,2
118,1771402771488,-0.003509571,0.0035011703999999998,0.0009543728999998883,2
119,1771402771491,-0.003509571,0.0035011703999999998,0.0009543728999998883,2
120,1771402771493,-0.004433871000000001,0.004086170399999999,-3.2327100000007695e-05,2
121,1771402771496,-0.004433871000000001,0.004086170399999999,-3.2327100000007695e-05,2
122,1771402771499,-0.004433871000000001,0.004086170399999999,-3.2327100000007695e-05,2
123,1771402771501,-0.003696771,0.0036766704,0.0007359729000000474,2
124,1771402771504,-0.003696771,0.0036766704,0.0007359729000000474,2
0,1771402771515,-0.004492371,0.0037624703999999997,0.00018607289999994427,2
1,1771402771518,-0.003880071,0.0035947704,0.00018217289999999866,2
2,1771402771520,-0.003880071,0.0035947704,0.00018217289999999866,2
3,1771402771523,-0.003880071,0.0035947704,0.00018217289999999866,2
4,1771402771525,-0.004234971000000001,0.0036883704,0.0005136728999999277,2
5,1771402771528,-0.004234971000000001,0.0036883704,0.0005136728999999277,2
6,1771402771530,-0.004234971000000001,0.0036883704,0.0005136728999999277,2
7,1771402771533,-0.004188170999999999,0.0038326704,0.00011587290000003505,2
8,1771402771535,-0.004188170999999999,0.0038326704,0.00011587290000003505,2
9,1771402771538,-0.004188170999999999,0.0038326704,0.00011587290000003505,2
10,1771402771540,-0.004156971000000001,0.0036025703999999995,0.00035767289999988274,2
11,1771402771543,-0.004156971000000001,0.0036025703999999995,0.00035767289999988274,2
12,1771402771546,-0.004156971000000001,0.0036025703999999995,0.00035767289999988274,2
13,1771402771548,-0.004266170999999999,0.0037039704,0.00016267289999993752,2
14,1771402771551,-0.004266170999999999,0.0037039704,0.00016267289999993752,2
15,1771402771553,-0.004266170999999999,0.0037039704,0.00016267289999993752,2
16,1771402771556,-0.004047771,0.0038092704,0.0007671729000000564,2
17,1771402771558,-0.004047771,0.0038092704,0.0007671729000000564,2
18,1771402771561,-0.004047771,0.0038092704,0.0007671729000000564,2
19,1771402771563,-0.004332470999999999,0.0039067704,0.0002952729000000868,2
20,1771402771566,-0.004332470999999999,0.0039067704,0.0002952729000000868,2
21,1771402771569,-0.004332470999999999,0.0039067704,0.0002952729000000868,2
22,1771402771571,-0.0038332709999999996,0.0036883704,0.000459072900000023,2
23,1771402771574,-0.0038332709999999996,0.0036883704,0.000459072900000023,2
24,1771402771576,-0.0038332709999999996,0.0036883704,0.000459072900000023,2
25,1771402771579,-0.004285671,0.0039730704,6.6729000000035526e-06,2
26,1771402771581,-0.004285671,0.0039730704,6.6729000000035526e-06,2
27,1771402771584,-0.004285671,0.0039730704,6.6729000000035526e-06,2
28,1771402771587,-0.004285671,0.0037663704,0.00038887289999989174,2
29,1771402771589,-0.003919071,0.0037663704,0.00038887289999989174,2
30,1771402771592,-0.003919071,0.0037663704,0.00038887289999989174,2
31,1771402771594,-0.003919071,0.0037663704,0.00011197289999997841,2
32,1771402771597,-0.004293471,0.0039184703999999996,0.00011197289999997841,2
33,1771402771599,-0.004293471,0.0039184703999999996,0.00011197289999997841,2
34,1771402771602,-0.004293471,0.0039184703999999996,0.00011197289999997841,2
35,1771402771604,-0.003954170999999999,0.0037624703999999997,0.0006267729000000159,2
36,1771402771607,-0.003954170999999999,0.0037624703999999997,0.0006267729000000159,2
37,1771402771610,-0.003954170999999999,0.0037624703999999997,0.0006267729000000159,2
38,1771402771613,-0.004414371,0.0038521703999999995,0.0004122729000000095,2
39,1771402771615,-0.004414371,0.0038521703999999995,0.0004122729000000095,2
40,1771402771618,-0.004414371,0.0036298703999999996,0.0005487728999999934,2
41,1771402771621,-0.003911270999999999,0.0036298703999999996,0.0005487728999999934,2
42,1771402771623,-0.003911270999999999,0.0036298703999999996,0.0005487728999999934,2
43,1771402771626,-0.003911270999999999,0.0036298703999999996,0.0006267729000000159,2
44,1771402771628,-0.004106271,0.0036688703999999996,0.0006267729000000159,2
45,1771402771631,-0.004106271,0.0036688703999999996,0.0006267729000000159,2
46,1771402771633,-0.004106271,0.0036688703999999996,0.0006267729000000159,2
47,1771402771636,-0.004051671,0.0036883704,0.00033817290000004365,2
48,1771402771638,-0.004051671,0.0036883704,0.00033817290000004365,2
49,1771402771641,-0.004051671,0.0036883704,0.00033817290000004365,2
50,1771402771644,-0.004047771,0.0036922703999999994,0.0006618729000000815,2
51,1771402771646,-0.004047771,0.0036922703999999994,0.0006618729000000815,2
52,1771402771649,-0.004047771,0.0036922703999999994,0.0006618729000000815,2
53,1771402771651,-0.004273971,0.0036688703999999996,0.0003927728999999484,2
54,1771402771654,-0.004273971,0.0036688703999999996,0.0003927728999999484,2
55,1771402771656,-0.004273971,0.0036688703999999996,0.0003927728999999484,2
56,1771402771659,-0.003903471,0.0036337704,0.0004746729000000275,2
57,1771402771661,-0.003903471,0.0036337704,0.0004746729000000275,2
58,1771402771664,-0.003903471,0.0036337704,0.0004746729000000275,2
59,1771402771667,-0.004129671,0.0037975703999999994,5.347290000001705e-05,2
60,1771402771677,-0.0038449710000000004,0.0036610704,0.0009426728999999404,2
61,1771402771679,-0.0038449710000000004,0.0036610704,0.0009426728999999404,2
62,1771402771682,-0.004125771,0.0037858703999999995,0.00023287289999995777,2
63,1771402771684,-0.004125771,0.0037858703999999995,0.00023287289999995777,2
64,1771402771687,-0.004125771,0.0037858703999999995,0.00023287289999995777,2
65,1771402771690,-0.0037669709999999996,0.0036727704,0.0007983729000000654,2
66,1771402771692,-0.0037669709999999996,0.0036727704,0.0007983729000000654,2
67,1771402771695,-0.0037669709999999996,0.0036727704,0.0007983729000000654,2
68,1771402771697,-0.0037669709999999996,0.0041095704,0.0004434729000000185,2
69,1771402771700,-0.004383171,0.0041095704,0.0004434729000000185,2
70,1771402771702,-0.004383171,0.0041095704,0.0004434729000000185,2
71,1771402771705,-0.004383171,0.0041095704,0.0006813728999999206,2
72,1771402771707,-0.0036733710000000004,0.0036961703999999996,0.0006813728999999206,2
73,1771402771710,-0.0036733710000000004,0.0036961703999999996,0.0006813728999999206,2
74,1771402771712,-0.0036733710000000004,0.0036961703999999996,0.0006813728999999206,2
75,1771402771715,-0.0043792710000000006,0.0038053704,-8.692710000002344e-05,2
76,1771402771718,-0.0043792710000000006,0.0038053704,-8.692710000002344e-05,2
77,1771402771720,-0.0043792710000000006,0.0038053704,-8.692710000002344e-05,2
78,1771402771723,-0.004032170999999999,0.0036376704,0.00027577290000002565,2
79,1771402771725,-0.004032170999999999,0.0036376704,0.00027577290000002565,2
80,1771402771728,-0.004032170999999999,0.0036376704,0.00027577290000002565,2
81,1771402771731,-0.004277871000000001,0.0037195703999999994,0.00045127289999990973,2
82,1771402771733,-0.004277871000000001,0.0037195703999999994,0.00045127289999990973,2
83,1771402771736,-0.004277871000000001,0.0037195703999999994,0.00045127289999990973,2
84,1771402771738,-0.0038293710000000003,0.0037468703999999995,0.0001431728999999874,2
85,1771402771741,-0.0038293710000000003,0.0037468703999999995,0.0001431728999999874,2
86,1771402771743,-0.0038293710000000003,0.0037468703999999995,0.0001431728999999874,2
87,1771402771746,-0.004059471,0.0036844703999999997,0.0007203729000000429,2
88,1771402771748,-0.004059471,0.0036844703999999997,0.0007203729000000429,2
89,1771402771751,-0.004059471,0.0036844703999999997,0.0007203729000000429,2
90,1771402771754,-0.0041686710000000005,0.0037624703999999997,1.0572899999949166e-05,2
91,1771402771756,-0.0041686710000000005,0.0037624703999999997,1.0572899999949166e-05,2
92,1771402771759,-0.0041686710000000005,0.0037624703999999997,1.0572899999949166e-05,2
93,1771402771761,-0.0036226709999999996,0.0036376704,0.0006657728999999161,2
94,1771402771764,-0.0036226709999999996,0.0036376704,0.0006657728999999161,2
95,1771402771767,-0.0036226709999999996,0.0036376704,0.0006657728999999161,2
96,1771402771783,-0.003552471,0.0037546704,0.0006735729000000294,2
97,1771402771786,-0.004309070999999999,0.0038170704,-8.927100000000947e-06,2
98,1771402771788,-0.004309070999999999,0.0038170704,-8.927100000000947e-06,2
99,1771402771791,-0.004309070999999999,0.0038170704,-8.927100000000947e-06,2
100,1771402771793,-0.0036109709999999997,0.0033997704,0.0006423729000000204,2
101,1771402771796,-0.0036109709999999997,0.0033997704,0.0006423729000000204,2
102,1771402771798,-0.0036109709999999997,0.0033997704,0.0006423729000000204,2
103,1771402771801,-0.0044299709999999996,0.0036649704,0.00010417289999997616,2
104,1771402771803,-0.0044299709999999996,0.0036649704,0.00010417289999997616,2
105,1771402771806,-0.0044299709999999996,0.0036649704,0.00010417289999997616,2
106,1771402771809,-0.0038293710000000003,0.0035050704,0.0007905728999999521,2
107,1771402771811,-0.0038293710000000003,0.0035050704,0.0007905728999999521,2
108,1771402771814,-0.0038293710000000003,0.0035050704,0.0007905728999999521,2
109,1771402771816,-0.004511871000000001,0.0039769704,0.000396672900000005,2
110,1771402771819,-0.004511871000000001,0.0039769704,0.000396672900000005,2
111,1771402771821,-0.004511871000000001,0.0039769704,0.000396672900000005,2
112,1771402771824,-0.003802071,0.0036220704,0.0005019728999999799,2
113,1771402771827,-0.003802071,0.0036220704,0.0005019728999999799,2
114,1771402771829,-0.003802071,0.0036220704,0.0005019728999999799,2
115,1771402771832,-0.004192071,0.0037234703999999997,0.00016267289999993752,2
116,1771402771834,-0.004192071,0.0037234703999999997,0.00016267289999993752,2
117,1771402771837,-0.004192071,0.0037234703999999997,0.00016267289999993752,2
118,1771402771839,-0.004192071,0.0035713704,0.000365472899999996,2
119,1771402771842,-0.0038332709999999996,0.0035713704,0.000365472899999996,2
120,1771402771848,-0.0038332709999999996,0.0035713704,0.000365472899999996,2
121,1771402771851,-0.004211571000000001,0.0036649704,0.00024457290000001665,2
122,1771402771853,-0.004211571000000001,0.0036649704,0.00024457290000001665,2
123,1771402771856,-0.003965870999999999,0.0035635703999999995,0.00032647289999987374,2
124,1771402771859,-0.003965870999999999,0.0035635703999999995,0.00032647289999987374,2
0,1771402771870,-0.004028271,0.0037780704,0.000303072899999978,2
1,1771402771873,-0.0038839710000000004,0.0037429704,-7.132710000001894e-05,2
2,1771402771875,-0.0038839710000000004,0.0037429704,-7.132710000001894e-05,2
3,1771402771878,-0.0038839710000000004,0.0037429704,-7.132710000001894e-05,2
4,1771402771880,-0.003852771,0.0039106704,0.0006540728999999682,2
5,1771402771883,-0.003852771,0.0039106704,0.0006540728999999682,2
6,1771402771885,-0.003852771,0.0039106704,0.0006540728999999682,2
7,1771402771888,-0.004238871,0.0039184703999999996,-0.0002234271000000073,2
8,1771402771890,-0.004238871,0.0039184703999999996,-0.0002234271000000073,2
9,1771402771893,-0.004238871,0.0039184703999999996,-0.0002234271000000073,2
10,1771402771896,-0.0038215709999999997,0.0037429704,0.0007047729000000384,2
11,1771402771898,-0.0038215709999999997,0.0037429704,0.0007047729000000384,2
12,1771402771901,-0.0038215709999999997,0.0037429704,0.0007047729000000384,2
13,1771402771903,-0.0043792710000000006,0.0038014703999999996,0.0004746729000000275,2
14,1771402771906,-0.0043792710000000006,0.0038014703999999996,0.0004746729000000275,2
15,1771402771909,-0.0043792710000000006,0.0038014703999999996,0.0004746729000000275,2
16,1771402771911,-0.0036733710000000004,0.0034933704,0.0010440729000000806,2
17,1771402771914,-0.0036733710000000004,0.0034933704,0.0010440729000000806,2
18,1771402771916,-0.0036733710000000004,0.0034933704,0.0010440729000000806,2
19,1771402771919,-0.004465070999999999,0.0038716704,0.00021727289999995327,2
20,1771402771921,-0.004465070999999999,0.0038716704,0.00021727289999995327,2
21,1771402771924,-0.004465070999999999,0.0038716704,0.00021727289999995327,2
22,1771402771926,-0.0038878709999999998,0.0037819704,0.0005136728999999277,2
23,1771402771929,-0.0038878709999999998,0.0037819704,0.0005136728999999277,2
24,1771402771932,-0.0038878709999999998,0.0037819704,0.0005136728999999277,2
25,1771402771934,-0.0038878709999999998,0.0039223704,0.00020947289999995102,2
26,1771402771937,-0.004410470999999999,0.0039223704,0.00020947289999995102,2
27,1771402771939,-0.004410470999999999,0.0039223704,0.00020947289999995102,2
28,1771402771942,-0.004410470999999999,0.0037546704,0.0005448728999999367,2
29,1771402771944,-0.0040087709999999995,0.0037546704,0.0005448728999999367,2
30,1771402771947,-0.0040087709999999995,0.0037546704,0.0005448728999999367,2
31,1771402771950,-0.0040087709999999995,0.0037546704,0.0003498728999999915,2
32,1771402771952,-0.0041686710000000005,0.0038716704,0.0003498728999999915,2
33,1771402771955,-0.0041686710000000005,0.0038716704,0.0003498728999999915,2
34,1771402771957,-0.0041686710000000005,0.0038716704,0.0003498728999999915,2
35,1771402771960,-0.003876171,0.0038014703999999996,6.517289999996491e-05,2
36,1771402771962,-0.003876171,0.0038014703999999996,6.517289999996491e-05,2
37,1771402771965,-0.003876171,0.0038014703999999996,6.517289999996491e-05,2
38,1771402771967,-0.004082871,0.0038053704,0.0008100729000000132,2
39,1771402771970,-0.004082871,0.0038053704,0.0008100729000000132,2
40,1771402771972,-0.004082871,0.0038053704,0.0008100729000000132,2
41,1771402771975,-0.004266170999999999,0.0037819704,0.00018607289999994427,2
42,1771402771984,-0.0038878709999999998,0.0035947704,0.0008568729000000267,2
43,1771402771987,-0.0038878709999999998,0.0035947704,0.0008568729000000267,2
44,1771402771989,-0.0038878709999999998,0.0038365703999999994,-7.522709999996456e-05,2
45,1771402771992,-0.004371471,0.0038365703999999994,-7.522709999996456e-05,2
46,1771402771994,-0.004371471,0.0038365703999999994,-7.522709999996456e-05,2
47,1771402771997,-0.004371471,0.0038365703999999994,0.0006072728999999547,2
48,1771402771999,-0.003665571,0.0036454703999999997,0.0006072728999999547,2
49,1771402772002,-0.003665571,0.0036454703999999997,0.0006072728999999547,2
50,1771402772005,-0.003665571,0.0036454703999999997,0.0006072728999999547,2
51,1771402772007,-0.004402671,0.0038443704,-6.742710000007333e-05,2
52,1771402772010,-0.004402671,0.0038443704,-6.742710000007333e-05,2
53,1771402772012,-0.004402671,0.0038443704,-6.742710000007333e-05,2
54,1771402772024,-0.003880071,0.0036064703999999998,0.0008139729000000699,2
55,1771402772029,-0.004195971,0.0035284704,0.000583872900000059,2
56,1771402772031,-0.0035719709999999997,0.0035284704,0.000583872900000059,2
57,1771402772034,-0.0035719709999999997,0.0035284704,0.000583872900000059,2
58,1771402772037,-0.0035719709999999997,0.0038989704,0.000365472899999996,2
59,1771402772039,-0.004285671,0.0038989704,0.000365472899999996,2
60,1771402772042,-0.004285671,0.0038989704,0.000365472899999996,2
61,1771402772044,-0.004285671,0.0038989704,0.0005019728999999799,2
62,1771402772047,-0.003903471,0.0036727704,0.0005019728999999799,2
63,1771402772049,-0.003903471,0.0036727704,0.0005019728999999799,2
64,1771402772052,-0.003903471,0.0036727704,0.0005019728999999799,2
65,1771402772054,-0.0042973709999999995,0.0038521703999999995,-8.30270999999668e-05,2
66,1771402772057,-0.0042973709999999995,0.0038521703999999995,-8.30270999999668e-05,2
67,1771402772060,-0.0042973709999999995,0.0038521703999999995,-8.30270999999668e-05,2
68,1771402772062,-0.004028271,0.0037624703999999997,0.00035767289999988274,2
69,1771402772065,-0.004028271,0.0037624703999999997,0.00035767289999988274,2
70,1771402772067,-0.004028271,0.0037624703999999997,0.00035767289999988274,2
71,1771402772070,-0.004309070999999999,0.0037585703999999994,0.00043177290000007064,2
72,1771402772072,-0.004309070999999999,0.0037585703999999994,0.00043177290000007064,2
73,1771402772075,-0.004309070999999999,0.0037585703999999994,0.00043177290000007064,2
74,1771402772077,-0.003946371000000001,0.0037702703999999993,0.0001275728999999829,2
75,1771402772080,-0.003946371000000001,0.0037702703999999993,0.0001275728999999829,2
76,1771402772082,-0.003946371000000001,0.0037702703999999993,0.0001275728999999829,2
77,1771402772085,-0.004125771,0.0039106704,0.000615072900000068,2
78,1771402772088,-0.004125771,0.0039106704,0.000615072900000068,2
79,1771402772090,-0.004125771,0.0039106704,0.000615072900000068,2
80,1771402772093,-0.004309070999999999,0.0037273704,-1.2827100000057583e-05,2
81,1771402772095,-0.004309070999999999,0.0037273704,-1.2827100000057583e-05,2
82,1771402772098,-0.004309070999999999,0.0037273704,-1.2827100000057583e-05,2
83,1771402772100,-0.0038566710000000003,0.0036727704,0.0007632728999999997,2
84,1771402772103,-0.0038566710000000003,0.0036727704,0.0007632728999999997,2
85,1771402772106,-0.0038566710000000003,0.0036727704,0.0007632728999999997,2
86,1771402772108,-0.0042466710000000005,0.003980870399999999,-0.0001259271000000347,2
87,1771402772111,-0.0042466710000000005,0.003980870399999999,-0.0001259271000000347,2
88,1771402772114,-0.0042466710000000005,0.003980870399999999,-0.0001259271000000347,2
89,1771402772116,-0.0036343710000000004,0.0037156704,0.0007203729000000429,2
90,1771402772119,-0.0036343710000000004,0.0037156704,0.0007203729000000429,2
91,1771402772121,-0.0036343710000000004,0.0037156704,0.0007203729000000429,2
92,1771402772124,-0.004566471000000001,0.0038209704,-5.5727100000014444e-05,2
93,1771402772126,-0.004566471000000001,0.0038209704,-5.5727100000014444e-05,2
94,1771402772129,-0.004566471000000001,0.0038209704,-5.5727100000014444e-05,2
95,1771402772131,-0.004566471000000001,0.0036103704,0.0011142728999999898,2
96,1771402772134,-0.003642171,0.0036103704,0.0011142728999999898,2
97,1771402772137,-0.003642171,0.0036103704,0.0011142728999999898,2
98,1771402772139,-0.003642171,0.0036103704,-0.0001142270999999758,2
99,1771402772142,-0.004355871000000001,0.0038716704,-0.0001142270999999758,2
100,1771402772144,-0.004355871000000001,0.0038716704,-0.0001142270999999758,2
101,1771402772147,-0.004355871000000001,0.0038716704,0.0008217728999999611,2
102,1771402772149,-0.0036616709999999996,0.0036259703999999993,0.0008217728999999611,2
103,1771402772152,-0.0036616709999999996,0.0036259703999999993,0.0008217728999999611,2
104,1771402772155,-0.0036616709999999996,0.0036259703999999993,0.0008217728999999611,2
105,1771402772157,-0.004410470999999999,0.0036532703999999994,-7.522709999996456e-05,2
106,1771402772160,-0.004410470999999999,0.0036532703999999994,-7.522709999996456e-05,2
107,1771402772162,-0.004410470999999999,0.0036532703999999994,-7.522709999996456e-05,2
108,1771402772165,-0.003961971,0.0035596704,0.0003927728999999484,2
109,1771402772167,-0.003961971,0.0035596704,0.0003927728999999484,2
110,1771402772170,-0.003961971,0.0035596704,0.0003927728999999484,2
111,1771402772172,-0.004445571000000001,0.0038443704,0.0002952729000000868,2
112,1771402772175,-0.004445571000000001,0.0038443704,0.0002952729000000868,2
113,1771402772178,-0.004445571000000001,0.0038443704,0.0002952729000000868,2
114,1771402772180,-0.003934671000000001,0.0035050704,0.00027577290000002565,2
115,1771402772183,-0.003934671000000001,0.0035050704,0.00027577290000002565,2
116,1771402772185,-0.003934671000000001,0.0035050704,0.00027577290000002565,2
117,1771402772188,-0.004160871,0.0035479703999999994,0.00055267290000005,2
118,1771402772190,-0.004160871,0.0035479703999999994,0.00055267290000005,2
119,1771402772193,-0.004160871,0.0035479703999999994,0.00055267290000005,2
120,1771402772195,-0.004164770999999999,0.0038560703999999998,0.00011197289999997841,2
121,1771402772198,-0.004164770999999999,0.0038560703999999998,0.00011197289999997841,2
122,1771402772200,-0.004164770999999999,0.0038560703999999998,0.00011197289999997841,2
123,1771402772203,-0.003934671000000001,0.0038170704,0.00046687289999991423,2
124,1771402772206,-0.003934671000000001,0.0038170704,0.00046687289999991423,2
0,1771402772217,-0.004398770999999999,0.0037975703999999994,0.00010027290000003055,2
1,1771402772220,-0.003825471,0.0036220704,0.0007359729000000474,2
2,1771402772222,-0.003825471,0.0036220704,0.0007359729000000474,2
3,1771402772225,-0.003825471,0.0036220704,0.0007359729000000474,2
4,1771402772227,-0.0041530709999999995,0.0039847704,-0.0001766270999999938,2
5,1771402772230,-0.0041530709999999995,0.0039847704,-0.0001766270999999938,2
6,1771402772233,-0.0041530709999999995,0.0039847704,-0.0001766270999999938,2
7,1771402772235,-0.003802071,0.0036610704,0.0005253728999998756,2
8,1771402772238,-0.003802071,0.0036610704,0.0005253728999998756,2
9,1771402772240,-0.003802071,0.0036610704,0.0005253728999998756,2
10,1771402772243,-0.004332470999999999,0.0038482704,0.0001080729000000328,2
11,1771402772245,-0.004332470999999999,0.0038482704,0.0001080729000000328,2
12,1771402772248,-0.004332470999999999,0.0038482704,0.0001080729000000328,2
13,1771402772250,-0.0038566710000000003,0.0037078703999999995,0.0009348729000000492,2
14,1771402772253,-0.0038566710000000003,0.0037078703999999995,0.0009348729000000492,2
15,1771402772256,-0.0038566710000000003,0.0037078703999999995,0.0009348729000000492,2
16,1771402772258,-0.004289571000000001,0.0037234703999999997,4.9572899999960414e-05,2
17,1771402772261,-0.004289571000000001,0.0037234703999999997,4.9572899999960414e-05,2
18,1771402772263,-0.004289571000000001,0.0037234703999999997,4.9572899999960414e-05,2
19,1771402772266,-0.004289571000000001,0.0036688703999999996,0.0005175728999999844,2
20,1771402772268,-0.003837171,0.0036688703999999996,0.0005175728999999844,2
21,1771402772271,-0.003837171,0.0036688703999999996,0.0005175728999999844,2
22,1771402772273,-0.003837171,0.0036688703999999996,0.00036937290000005265,2
23,1771402772276,-0.004348071,0.0038209704,0.00036937290000005265,2
24,1771402772278,-0.004348071,0.0038209704,0.00036937290000005265,2
25,1771402772281,-0.004348071,0.0038209704,0.00041617290000006614,2
26,1771402772290,-0.003911270999999999,0.0037702703999999993,0.00041617290000006614,2
27,1771402772292,-0.0039424709999999995,0.0037858703999999995,0.0003147728999999259,2
28,1771402772295,-0.0039424709999999995,0.0037858703999999995,0.0003147728999999259,2
29,1771402772298,-0.004192071,0.0038131703999999995,4.1772899999958165e-05,2
30,1771402772300,-0.004192071,0.0038131703999999995,4.1772899999958165e-05,2
31,1771402772303,-0.004192071,0.0038131703999999995,4.1772899999958165e-05,2
32,1771402772305,-0.004192071,0.0035284704,0.0006267729000000159,2
33,1771402772308,-0.003891771,0.0035284704,0.0006267729000000159,2
34,1771402772310,-0.003891771,0.0035284704,0.0006267729000000159,2
35,1771402772313,-0.003891771,0.0035284704,0.00013927289999993077,2
36,1771402772315,-0.004106271,0.0037546704,0.00013927289999993077,2
37,1771402772318,-0.004106271,0.0037546704,0.00013927289999993077,2
38,1771402772320,-0.004106271,0.0037546704,0.00013927289999993077,2
39,1771402772323,-0.003774771,0.0035479703999999994,0.0007710728999998909,2
40,1771402772326,-0.003774771,0.0035479703999999994,0.0007710728999998909,2
41,1771402772328,-0.003774771,0.0035479703999999994,0.0007710728999998909,2
42,1771402772331,-0.004289571000000001,0.0039106704,6.517289999996491e-05,2
43,1771402772333,-0.004289571000000001,0.0039106704,6.517289999996491e-05,2
44,1771402772336,-0.004289571000000001,0.0039106704,6.517289999996491e-05,2
45,1771402772338,-0.003981471,0.0035908703999999996,0.0005994729000000635,2
46,1771402772341,-0.003981471,0.0035908703999999996,0.0005994729000000635,2
47,1771402772344,-0.003981471,0.0035908703999999996,0.0005994729000000635,2
48,1771402772346,-0.004328571,0.0038794703999999996,-0.00019612710000005494,2
49,1771402772349,-0.004328571,0.0038794703999999996,-0.00019612710000005494,2
50,1771402772351,-0.004328571,0.0038794703999999996,-0.00019612710000005494,2
51,1771402772354,-0.003926871,0.0036805703999999995,0.0006852728999999772,2
52,1771402772356,-0.003926871,0.0036805703999999995,0.0006852728999999772,2
53,1771402772359,-0.003926871,0.0036805703999999995,0.0006852728999999772,2
54,1771402772361,-0.004449471,0.0038794703999999996,-0.0001922270999999983,2
55,1771402772364,-0.004449471,0.0038794703999999996,-0.0001922270999999983,2
56,1771402772367,-0.004449471,0.0038794703999999996,-0.0001922270999999983,2
57,1771402772369,-0.003735771,0.0036415703999999995,0.0005760728999999457,2
58,1771402772372,-0.003735771,0.0036415703999999995,0.0005760728999999457,2
59,1771402772374,-0.003735771,0.0036415703999999995,0.0005760728999999457,2
60,1771402772377,-0.0043129710000000005,0.0040003704,6.12729000000193e-05,2
61,1771402772379,-0.0043129710000000005,0.0040003704,6.12729000000193e-05,2
62,1771402772382,-0.0043129710000000005,0.0040003704,6.12729000000193e-05,2
63,1771402772384,-0.0038449710000000004,0.0036259703999999993,0.00020947289999995102,2
64,1771402772387,-0.0038449710000000004,0.0036259703999999993,0.00020947289999995102,2
65,1771402772389,-0.0038449710000000004,0.0036259703999999993,0.00020947289999995102,2
66,1771402772392,-0.0038449710000000004,0.0038872704,0.00038887289999989174,2
67,1771402772395,-0.004188170999999999,0.0038872704,0.00038887289999989174,2
68,1771402772397,-0.004188170999999999,0.0038872704,0.00038887289999989174,2
69,1771402772400,-0.004188170999999999,0.0039964703999999995,4.56729000000148e-05,2
70,1771402772402,-0.003864471,0.0039964703999999995,4.56729000000148e-05,2
71,1771402772405,-0.003864471,0.0039964703999999995,4.56729000000148e-05,2
72,1771402772408,-0.003864471,0.0039964703999999995,0.00042397289999995737,2
73,1771402772410,-0.003981471,0.0036259703999999993,0.00042397289999995737,2
74,1771402772413,-0.003981471,0.0036259703999999993,0.00042397289999995737,2
75,1771402772415,-0.003981471,0.0036259703999999993,0.00042397289999995737,2
76,1771402772418,-0.004273971,0.0037975703999999994,0.00015097289999998966,2
77,1771402772420,-0.004273971,0.0037975703999999994,0.00015097289999998966,2
78,1771402772423,-0.004273971,0.0037975703999999994,0.00015097289999998966,2
79,1771402772425,-0.0039580710000000005,0.0036415703999999995,0.0007008728999999817,2
80,1771402772428,-0.0039580710000000005,0.0036415703999999995,0.0007008728999999817,2
81,1771402772430,-0.0039580710000000005,0.0036415703999999995,0.0007008728999999817,2
82,1771402772433,-0.004375370999999999,0.0038326704,0.00022897290000001215,2
83,1771402772436,-0.004375370999999999,0.0038326704,0.00022897290000001215,2
84,1771402772438,-0.004375370999999999,0.0038326704,0.00022897290000001215,2
85,1771402772441,-0.0038995709999999997,0.0036415703999999995,0.000427872900000014,2
86,1771402772443,-0.0038995709999999997,0.0036415703999999995,0.000427872900000014,2
87,1771402772446,-0.0038995709999999997,0.0036415703999999995,0.000427872900000014,2
88,1771402772449,-0.004250571,0.0037468703999999995,8.857289999997166e-05,2
89,1771402772451,-0.004250571,0.0037468703999999995,8.857289999997166e-05,2
90,1771402772454,-0.004250571,0.0037468703999999995,8.857289999997166e-05,2
91,1771402772456,-0.0038332709999999996,0.0037039704,0.000427872900000014,2
92,1771402772459,-0.0038332709999999996,0.0037039704,0.000427872900000014,2
93,1771402772462,-0.0038332709999999996,0.0037039704,0.000427872900000014,2
94,1771402772464,-0.004273971,0.0038248703999999994,0.00010027290000003055,2
95,1771402772467,-0.004273971,0.0038248703999999994,0.00010027290000003055,2
96,1771402772469,-0.004273971,0.0038248703999999994,0.00010027290000003055,2
97,1771402772472,-0.0038566710000000003,0.0036688703999999996,0.00046297290000007964,2
98,1771402772474,-0.0038566710000000003,0.0036688703999999996,0.00046297290000007964,2
99,1771402772477,-0.0038566710000000003,0.0036688703999999996,0.00046297290000007964,2
100,1771402772479,-0.004367571000000001,0.0038326704,0.0003810729000000005,2
101,1771402772482,-0.004367571000000001,0.0038326704,0.0003810729000000005,2
102,1771402772485,-0.004367571000000001,0.0038326704,0.0003810729000000005,2
103,1771402772487,-0.003922971000000001,0.0035986704,0.0002523729000000189,2
104,1771402772490,-0.003922971000000001,0.0035986704,0.0002523729000000189,2
105,1771402772492,-0.003922971000000001,0.0035986704,0.0002523729000000189,2
106,1771402772495,-0.003922971000000001,0.0036766704,0.0006891729000000339,2
107,1771402772497,-0.004028271,0.0036766704,0.0006891729000000339,2
108,1771402772500,-0.004028271,0.0036766704,0.0006891729000000339,2
109,1771402772502,-0.004028271,0.0038521703999999995,0.0005292728999999322,2
110,1771402772505,-0.003946371000000001,0.0038521703999999995,0.0005292728999999322,2
111,1771402772508,-0.003946371000000001,0.0038521703999999995,0.0005292728999999322,2
112,1771402772510,-0.003946371000000001,0.0038521703999999995,0.0006969728999999251,2
113,1771402772513,-0.003798171,0.0035752703999999995,0.0006969728999999251,2
114,1771402772515,-0.003798171,0.0035752703999999995,0.0006969728999999251,2
115,1771402772518,-0.003798171,0.0035752703999999995,0.0006969728999999251,2
116,1771402772520,-0.004188170999999999,0.0037780704,0.00027577290000002565,2
117,1771402772523,-0.004188170999999999,0.0037780704,0.00027577290000002565,2
118,1771402772525,-0.004188170999999999,0.0037780704,0.00027577290000002565,2
119,1771402772528,-0.003919071,0.0037780704,0.0005643728999999979,2
120,1771402772530,-0.003919071,0.0037780704,0.0005643728999999979,2
121,1771402772533,-0.003919071,0.0037780704,0.0005643728999999979,2
122,1771402772536,-0.004078971000000001,0.0037741703999999996,0.00017047289999993977,2
123,1771402772538,-0.004078971000000001,0.0037741703999999996,0.00017047289999993977,2
124,1771402772541,-0.004078971000000001,0.0037741703999999996,0.00017047289999993977,2
0,1771402772552,-0.004188170999999999,0.0038794703999999996,2.6172899999953665e-05,2
1,1771402772555,-0.004188170999999999,0.0038794703999999996,2.6172899999953665e-05,2
2,1771402772557,-0.004188170999999999,0.0038794703999999996,2.6172899999953665e-05,2
3,1771402772560,-0.004000971000000001,0.0038833704,0.00048637289999997537,2
4,1771402772562,-0.004000971000000001,0.0038833704,0.00048637289999997537,2
5,1771402772565,-0.004000971000000001,0.0038833704,0.00048637289999997537,2
6,1771402772567,-0.004215471,0.0038326704,0.00018217289999999866,2
7,1771402772570,-0.004215471,0.0038326704,0.00018217289999999866,2
8,1771402772573,-0.004215471,0.0038326704,0.00018217289999999866,2
9,1771402772575,-0.003961971,0.0035479703999999994,0.00043957289999996187,2
10,1771402772578,-0.003961971,0.0035479703999999994,0.00043957289999996187,2
11,1771402772580,-0.003961971,0.0035479703999999994,0.00043957289999996187,2
12,1771402772583,-0.0043129710000000005,0.0037546704,0.0002991728999999214,2
13,1771402772585,-0.0043129710000000005,0.0037546704,0.0002991728999999214,2
14,1771402772588,-0.0043129710000000005,0.0037546704,0.0002991728999999214,2
15,1771402772596,-0.004055570999999999,0.0037780704,0.00047077289999997087,2
16,1771402772599,-0.004082871,0.0037507703999999998,0.0007320728999999907,2
17,1771402772602,-0.004082871,0.0037507703999999998,0.0007320728999999907,2
18,1771402772604,-0.004082871,0.0037507703999999998,0.0007320728999999907,2
19,1771402772607,-0.004004871,0.0037780704,0.0001743728999999964,2
20,1771402772609,-0.004004871,0.0037780704,0.0001743728999999964,2
21,1771402772612,-0.004004871,0.0037780704,0.0001743728999999964,2
22,1771402772614,-0.003961971,0.0037780704,0.0008841728999999791,2
23,1771402772617,-0.003961971,0.0037780704,0.0008841728999999791,2
24,1771402772620,-0.003961971,0.0037780704,0.0008841728999999791,2
25,1771402772622,-0.004016571,0.0038482704,0.0002835728999999169,2
26,1771402772625,-0.004016571,0.0038482704,0.0002835728999999169,2
27,1771402772628,-0.004016571,0.0038482704,0.0002835728999999169,2
28,1771402772631,-0.003954170999999999,0.0037117704,0.0006423729000000204,2
29,1771402772633,-0.003954170999999999,0.0037117704,0.0006423729000000204,2
30,1771402772636,-0.003954170999999999,0.0037117704,0.0006423729000000204,2
31,1771402772638,-0.004020470999999999,0.0038092704,-2.0627100000059832e-05,2
32,1771402772641,-0.004020470999999999,0.0038092704,-2.0627100000059832e-05,2
33,1771402772643,-0.004020470999999999,0.0038092704,-2.0627100000059832e-05,2
34,1771402772646,-0.003903471,0.0038209704,0.0006735729000000294,2
35,1771402772651,-0.003903471,0.0038209704,0.0006735729000000294,2
36,1771402772654,-0.004110170999999999,0.0040315704,0.0003810729000000005,2
37,1771402772656,-0.004110170999999999,0.0040315704,0.0003810729000000005,2
38,1771402772659,-0.004110170999999999,0.0040315704,0.0003810729000000005,2
39,1771402772661,-0.003708471,0.0036727704,0.000646272900000077,2
40,1771402772664,-0.003708471,0.0036727704,0.000646272900000077,2
41,1771402772666,-0.003708471,0.0036727704,0.000646272900000077,2
42,1771402772669,-0.004238871,0.0038287703999999997,0.00040447289999989624,2
43,1771402772672,-0.004238871,0.0038287703999999997,0.00040447289999989624,2
44,1771402772674,-0.004238871,0.0038287703999999997,0.00040447289999989624,2
45,1771402772677,-0.0038605709999999997,0.0035947704,0.00045127289999990973,2
46,1771402772679,-0.0038605709999999997,0.0035947704,0.00045127289999990973,2
47,1771402772682,-0.0038605709999999997,0.0035947704,0.00045127289999990973,2
48,1771402772684,-0.004125771,0.0037039704,0.0003498728999999915,2
49,1771402772687,-0.004125771,0.0037039704,0.0003498728999999915,2
50,1771402772689,-0.004125771,0.0037039704,0.0003498728999999915,2
51,1771402772692,-0.004125771,0.0037663704,0.0005409728999998801,2
52,1771402772694,-0.004141371,0.0037663704,0.0005409728999998801,2
53,1771402772697,-0.004141371,0.0037663704,0.0005409728999998801,2
54,1771402772700,-0.004141371,0.0037663704,0.0005331728999999889,2
55,1771402772702,-0.0040750709999999996,0.0036805703999999995,0.0005331728999999889,2
56,1771402772705,-0.0040750709999999996,0.0036805703999999995,0.0005331728999999889,2
57,1771402772707,-0.0040750709999999996,0.0036805703999999995,0.0008022728999998999,2
58,1771402772710,-0.004043870999999999,0.0037858703999999995,0.0008022728999998999,2
59,1771402772713,-0.004043870999999999,0.0037858703999999995,0.0008022728999998999,2
60,1771402772715,-0.004043870999999999,0.0037858703999999995,0.0008022728999998999,2
61,1771402772718,-0.004043870999999999,0.0036493704,0.00040057290000006165,2
62,1771402772720,-0.004043870999999999,0.0036493704,0.00040057290000006165,2
63,1771402772723,-0.004043870999999999,0.0036493704,0.00040057290000006165,2
64,1771402772725,-0.004098470999999999,0.0037234703999999997,0.0001587728999999919,2
65,1771402772728,-0.004098470999999999,0.0037234703999999997,0.0001587728999999919,2
66,1771402772730,-0.004098470999999999,0.0037234703999999997,0.0001587728999999919,2
67,1771402772733,-0.004203771,0.0037780704,0.00042397289999995737,2
68,1771402772735,-0.004203771,0.0037780704,0.00042397289999995737,2
69,1771402772738,-0.004203771,0.0037780704,0.00042397289999995737,2
70,1771402772741,-0.003911270999999999,0.0036883704,0.00045127289999990973,2
71,1771402772743,-0.003911270999999999,0.0036883704,0.00045127289999990973,2
72,1771402772746,-0.003911270999999999,0.0036883704,0.00045127289999990973,2
73,1771402772748,-0.004145271000000001,0.0037117704,0.0003810729000000005,2
74,1771402772751,-0.004145271000000001,0.0037117704,0.0003810729000000005,2
75,1771402772753,-0.004145271000000001,0.0037117704,0.0003810729000000005,2
76,1771402772756,-0.004055570999999999,0.0036376704,0.00010417289999997616,2
77,1771402772758,-0.004055570999999999,0.0036376704,0.00010417289999997616,2
78,1771402772761,-0.004055570999999999,0.0036376704,0.00010417289999997616,2
79,1771402772763,-0.0042310709999999994,0.0036727704,0.0003927728999999484,2
80,1771402772766,-0.0042310709999999994,0.0036727704,0.0003927728999999484,2
81,1771402772769,-0.0042310709999999994,0.0036727704,0.0003927728999999484,2
82,1771402772771,-0.0042310709999999994,0.0037936704,0.0005253728999998756,2
83,1771402772774,-0.004160871,0.0037936704,0.0005253728999998756,2
84,1771402772776,-0.004160871,0.0037936704,0.0005253728999998756,2
85,1771402772779,-0.004160871,0.0037936704,0.00042007289999990074,2
86,1771402772781,-0.004012671000000001,0.0037624703999999997,0.00042007289999990074,2
87,1771402772784,-0.004012671000000001,0.0037624703999999997,0.00042007289999990074,2
88,1771402772786,-0.004012671000000001,0.0037624703999999997,0.00042007289999990074,2
89,1771402772789,-0.003915171,0.0037702703999999993,0.00048247289999991873,2
90,1771402772791,-0.003915171,0.0037702703999999993,0.00048247289999991873,2
91,1771402772794,-0.003915171,0.0037702703999999993,0.00048247289999991873,2
92,1771402772797,-0.004012671000000001,0.0040159704,0.00024847289999996227,2
93,1771402772799,-0.004012671000000001,0.0040159704,0.00024847289999996227,2
94,1771402772802,-0.004012671000000001,0.0040159704,0.00024847289999996227,2
95,1771402772804,-0.0039424709999999995,0.0038209704,0.0005058729000000365,2
96,1771402772807,-0.0039424709999999995,0.0038209704,0.0005058729000000365,2
97,1771402772809,-0.0039424709999999995,0.0038209704,0.0005058729000000365,2
98,1771402772812,-0.004028271,0.0036415703999999995,0.0007203729000000429,2
99,1771402772814,-0.004028271,0.0036415703999999995,0.0007203729000000429,2
100,1771402772817,-0.004028271,0.0036415703999999995,0.0007203729000000429,2
101,1771402772819,-0.004137471,0.0036493704,0.00026017290000002115,2
102,1771402772822,-0.004137471,0.0036493704,0.00026017290000002115,2
103,1771402772824,-0.004137471,0.0036493704,0.00026017290000002115,2
104,1771402772827,-0.0037123710000000003,0.0037780704,0.0005019728999999799,2
105,1771402772830,-0.0037123710000000003,0.0037780704,0.0005019728999999799,2
106,1771402772832,-0.0037123710000000003,0.0037780704,0.0005019728999999799,2
107,1771402772835,-0.0042973709999999995,0.0037195703999999994,0.0002835728999999169,2
108,1771402772837,-0.0042973709999999995,0.0037195703999999994,0.0002835728999999169,2
109,1771402772840,-0.0042973709999999995,0.0037195703999999994,0.0002835728999999169,2
110,1771402772842,-0.003961971,0.0035947704,0.0002562728999999645,2
111,1771402772845,-0.003961971,0.0035947704,0.0002562728999999645,2
112,1771402772847,-0.003961971,0.0035947704,0.0002562728999999645,2
113,1771402772850,-0.003961971,0.0036649704,0.00047077289999997087,2
114,1771402772852,-0.004094571,0.0036649704,0.00047077289999997087,2
115,1771402772855,-0.004094571,0.0036649704,0.00047077289999997087,2
116,1771402772858,-0.004094571,0.0036649704,9.637289999997391e-05,2
117,1771402772860,-0.004141371,0.0037429704,9.637289999997391e-05,2
118,1771402772863,-0.004141371,0.0037429704,9.637289999997391e-05,2
119,1771402772865,-0.004141371,0.0037429704,9.637289999997391e-05,2
120,1771402772868,-0.003969771,0.0038170704,0.0005955729000000069,2
121,1771402772870,-0.003969771,0.0038170704,0.0005955729000000069,2
122,1771402772873,-0.003969771,0.0038170704,0.0005955729000000069,2
123,1771402772875,-0.004164770999999999,0.0038053704,0.0002055729000000054,2
124,1771402772878,-0.004164770999999999,0.0038053704,0.0002055729000000054,2
0,1771402772907,-0.004172571,0.0037585703999999994,0.0003108729000000913,2
1,1771402772909,-0.004172571,0.0037585703999999994,0.0003108729000000913,2
2,1771402772912,-0.004172571,0.0037585703999999994,0.0003108729000000913,2
3,1771402772915,-0.004020470999999999,0.0039340704,0.0005643728999999979,2
4,1771402772917,-0.004020470999999999,0.0039340704,0.0005643728999999979,2
5,1771402772920,-0.004020470999999999,0.0039340704,0.0005643728999999979,2
6,1771402772922,-0.004238871,0.0038365703999999994,4.1772899999958165e-05,2
7,1771402772925,-0.004238871,0.0038365703999999994,4.1772899999958165e-05,2
8,1771402772927,-0.004238871,0.0038365703999999994,4.1772899999958165e-05,2
9,1771402772930,-0.0040867709999999995,0.0036376704,0.0006423729000000204,2
10,1771402772932,-0.0040867709999999995,0.0036376704,0.0006423729000000204,2
11,1771402772935,-0.0040867709999999995,0.0036376704,0.0006423729000000204,2
12,1771402772938,-0.004316871,0.0037936704,0.0002874728999999735,2
13,1771402772940,-0.004316871,0.0037936704,0.0002874728999999735,2
14,1771402772943,-0.004316871,0.0037936704,0.0002874728999999735,2
15,1771402772945,-0.003774771,0.0037975703999999994,0.0004434729000000185,2
16,1771402772948,-0.003774771,0.0037975703999999994,0.0004434729000000185,2
17,1771402772950,-0.003774771,0.0037975703999999994,0.0004434729000000185,2
18,1771402772953,-0.004305171,0.0036103704,0.00027577290000002565,2
19,1771402772955,-0.004305171,0.0036103704,0.00027577290000002565,2
20,1771402772958,-0.004305171,0.0036103704,0.00027577290000002565,2
21,1771402772960,-0.004305171,0.0036805703999999995,0.0006891729000000339,2
22,1771402772963,-0.003930771,0.0036805703999999995,0.0006891729000000339,2
23,1771402772966,-0.003930771,0.0036805703999999995,0.0006891729000000339,2
24,1771402772968,-0.003930771,0.0036805703999999995,0.00015097289999998966,2
25,1771402772971,-0.004394871,0.0037936704,0.00015097289999998966,2
26,1771402772973,-0.004394871,0.0037936704,0.00015097289999998966,2
27,1771402772976,-0.004394871,0.0037936704,0.00015097289999998966,2
28,1771402772978,-0.003946371000000001,0.0037468703999999995,0.0006306729000000725,2
29,1771402772981,-0.003946371000000001,0.0037468703999999995,0.0006306729000000725,2
30,1771402772983,-0.003946371000000001,0.0037468703999999995,0.0006306729000000725,2
31,1771402772986,-0.004188170999999999,0.0038677703999999997,0.0005604728999999412,2
32,1771402772988,-0.004188170999999999,0.0038677703999999997,0.0005604728999999412,2
33,1771402772991,-0.004188170999999999,0.0038677703999999997,0.0005604728999999412,2
34,1771402772993,-0.004020470999999999,0.0036532703999999994,0.00017827289999994202,2
35,1771402772996,-0.004020470999999999,0.0036532703999999994,0.00017827289999994202,2
36,1771402772999,-0.004020470999999999,0.0036532703999999994,0.00017827289999994202,2
37,1771402773001,-0.004067271000000001,0.0036649704,0.00033817290000004365,2
38,1771402773004,-0.004067271000000001,0.0036649704,0.00033817290000004365,2
39,1771402773014,-0.003997071,0.0037078703999999995,0.00034207289999987824,2
40,1771402773017,-0.003880071,0.0037234703999999997,0.000977772900000006,2
41,1771402773020,-0.003880071,0.0037234703999999997,0.000977772900000006,2
42,1771402773022,-0.003880071,0.0037234703999999997,0.000977772900000006,2
43,1771402773025,-0.004293471,0.0038872704,-1.127099999998697e-06,2
44,1771402773027,-0.004293471,0.0038872704,-1.127099999998697e-06,2
45,1771402773030,-0.004293471,0.0038872704,-1.127099999998697e-06,2
46,1771402773032,-0.0038293710000000003,0.0037000704,0.0007827729000000609,2
47,1771402773035,-0.0038293710000000003,0.0037000704,0.0007827729000000609,2
48,1771402773038,-0.0038293710000000003,0.0037000704,0.0007827729000000609,2
49,1771402773040,-0.004254470999999999,0.0037663704,-3.2327100000007695e-05,2
50,1771402773043,-0.004254470999999999,0.0037663704,-3.2327100000007695e-05,2
51,1771402773045,-0.004254470999999999,0.0037663704,-3.2327100000007695e-05,2
52,1771402773051,-0.003763071,0.0035401703999999997,0.0006384728999999637,2
53,1771402773053,-0.003763071,0.0035401703999999997,0.0006384728999999637,2
54,1771402773056,-0.004277871000000001,0.0036298703999999996,0.00014707289999993302,2
55,1771402773058,-0.004277871000000001,0.0036298703999999996,0.00014707289999993302,2
56,1771402773061,-0.004277871000000001,0.0036298703999999996,0.00014707289999993302,2
57,1771402773064,-0.003965870999999999,0.0036922703999999994,0.0005136728999999277,2
58,1771402773066,-0.003965870999999999,0.0036922703999999994,0.0005136728999999277,2
59,1771402773069,-0.003965870999999999,0.0036922703999999994,0.0005136728999999277,2
60,1771402773071,-0.004250571,0.0038170704,0.0003810729000000005,2
61,1771402773074,-0.004250571,0.0038170704,0.0003810729000000005,2
62,1771402773076,-0.004250571,0.0038170704,0.0003810729000000005,2
63,1771402773079,-0.004250571,0.0037624703999999997,0.000615072900000068,2
64,1771402773081,-0.003977570999999999,0.0037624703999999997,0.000615072900000068,2
65,1771402773084,-0.003977570999999999,0.0037624703999999997,0.000615072900000068,2
66,1771402773087,-0.003977570999999999,0.0037624703999999997,0.0002211729000000099,2
67,1771402773089,-0.004207671,0.0037858703999999995,0.0002211729000000099,2
68,1771402773092,-0.004207671,0.0037858703999999995,0.0002211729000000099,2
69,1771402773094,-0.004207671,0.0037858703999999995,0.0002211729000000099,2
70,1771402773097,-0.004055570999999999,0.0038053704,0.0005604728999999412,2
71,1771402773099,-0.004055570999999999,0.0038053704,0.0005604728999999412,2
72,1771402773102,-0.004055570999999999,0.0038053704,0.0005604728999999412,2
73,1771402773104,-0.0042310709999999994,0.0038872704,0.0003186728999999825,2
74,1771402773107,-0.0042310709999999994,0.0038872704,0.0003186728999999825,2
75,1771402773110,-0.0042310709999999994,0.0038872704,0.0003186728999999825,2
76,1771402773112,-0.004059471,0.0037819704,0.00023287289999995777,2
77,1771402773115,-0.004059471,0.0037819704,0.00023287289999995777,2
78,1771402773117,-0.004059471,0.0037819704,0.00023287289999995777,2
79,1771402773120,-0.003950271,0.0037156704,0.00038887289999989174,2
80,1771402773122,-0.003950271,0.0037156704,0.00038887289999989174,2
81,1771402773125,-0.003950271,0.0037156704,0.00038887289999989174,2
82,1771402773127,-0.004125771,0.0038443704,0.0001587728999999919,2
83,1771402773130,-0.004125771,0.0038443704,0.0001587728999999919,2
84,1771402773133,-0.004125771,0.0038443704,0.0001587728999999919,2
85,1771402773135,-0.003915171,0.0037195703999999994,0.0007008728999999817,2
86,1771402773138,-0.003915171,0.0037195703999999994,0.0007008728999999817,2
87,1771402773140,-0.003915171,0.0037195703999999994,0.0007008728999999817,2
88,1771402773143,-0.004133571000000001,0.0037429704,-4.7927100000012194e-05,2
89,1771402773145,-0.004133571000000001,0.0037429704,-4.7927100000012194e-05,2
90,1771402773148,-0.004133571000000001,0.0037429704,-4.7927100000012194e-05,2
91,1771402773150,-0.0038059709999999996,0.0037156704,0.0005253728999998756,2
92,1771402773153,-0.0038059709999999996,0.0037156704,0.0005253728999998756,2
93,1771402773156,-0.0038059709999999996,0.0037156704,0.0005253728999998756,2
94,1771402773158,-0.004394871,0.0037702703999999993,0.0003459728999999349,2
95,1771402773161,-0.004394871,0.0037702703999999993,0.0003459728999999349,2
96,1771402773163,-0.004394871,0.0037702703999999993,0.0003459728999999349,2
97,1771402773166,-0.004394871,0.0038989704,0.0005487728999999934,2
98,1771402773168,-0.0038683710000000002,0.0038989704,0.0005487728999999934,2
99,1771402773171,-0.0038683710000000002,0.0038989704,0.0005487728999999934,2
100,1771402773173,-0.0038683710000000002,0.0038989704,6.907290000002155e-05,2
101,1771402773176,-0.004195971,0.0038326704,6.907290000002155e-05,2
102,1771402773178,-0.004195971,0.0038326704,6.907290000002155e-05,2
103,1771402773181,-0.004195971,0.0038326704,6.907290000002155e-05,2
104,1771402773184,-0.004059471,0.0037312703999999993,0.000521472900000041,2
105,1771402773186,-0.004059471,0.0037312703999999993,0.000521472900000041,2
106,1771402773189,-0.004059471,0.0037312703999999993,0.000521472900000041,2
107,1771402773191,-0.004141371,0.0038950703999999997,0.000490272900000032,2
108,1771402773194,-0.004141371,0.0038950703999999997,0.000490272900000032,2
109,1771402773196,-0.004141371,0.0038950703999999997,0.000490272900000032,2
110,1771402773199,-0.0038722709999999996,0.0038794703999999996,0.00018217289999999866,2
111,1771402773201,-0.0038722709999999996,0.0038794703999999996,0.00018217289999999866,2
112,1771402773210,-0.0038722709999999996,0.0038794703999999996,0.00018217289999999866,2
113,1771402773213,-0.003961971,0.0037468703999999995,0.00021727289999995327,2
114,1771402773216,-0.004110170999999999,0.0037468703999999995,0.00021727289999995327,2
115,1771402773218,-0.004110170999999999,0.0037468703999999995,0.00021727289999995327,2
116,1771402773221,-0.004110170999999999,0.0037468703999999995,0.0007671729000000564,2
117,1771402773223,-0.0040087709999999995,0.0036649704,0.0007671729000000564,2
118,1771402773226,-0.0040087709999999995,0.0036649704,0.0007671729000000564,2
119,1771402773228,-0.0040087709999999995,0.0036649704,0.0007671729000000564,2
120,1771402773231,-0.004348071,0.0038170704,-0.00025852710000007293,2
121,1771402773234,-0.004348071,0.0038170704,-0.00025852710000007293,2
122,1771402773236,-0.004348071,0.0038170704,-0.00025852710000007293,2
123,1771402773239,-0.0036343710000000004,0.0036922703999999994,0.0008451729000000788,2
124,1771402773241,-0.0036343710000000004,0.0036922703999999994,0.0008451729000000788,2
0,1771402773253,-0.004453370999999999,0.0037468703999999995,0.0006228728999999592,2
1,1771402773255,-0.0037279709999999996,0.0037468703999999995,0.0006228728999999592,2
2,1771402773258,-0.0037279709999999996,0.0037468703999999995,0.0006228728999999592,2
3,1771402773260,-0.0037279709999999996,0.0037468703999999995,7.68729000000238e-05,2
4,1771402773263,-0.004351971,0.0039262704,7.68729000000238e-05,2
5,1771402773265,-0.004351971,0.0039262704,7.68729000000238e-05,2
6,1771402773268,-0.004351971,0.0039262704,7.68729000000238e-05,2
7,1771402773270,-0.0038215709999999997,0.0037702703999999993,0.00043177290000007064,2
8,1771402773273,-0.0038215709999999997,0.0037702703999999993,0.00043177290000007064,2
9,1771402773276,-0.0038215709999999997,0.0037702703999999993,0.00043177290000007064,2
10,1771402773278,-0.004141371,0.0038404703999999996,0.00024457290000001665,2
11,1771402773281,-0.004141371,0.0038404703999999996,0.00024457290000001665,2
12,1771402773283,-0.004141371,0.0038404703999999996,0.00024457290000001665,2
13,1771402773286,-0.003919071,0.0038365703999999994,0.000427872900000014,2
14,1771402773288,-0.003919071,0.0038365703999999994,0.000427872900000014,2
15,1771402773291,-0.003919071,0.0038365703999999994,0.000427872900000014,2
16,1771402773293,-0.004192071,0.0038950703999999997,0.00048637289999997537,2
17,1771402773296,-0.004192071,0.0038950703999999997,0.00048637289999997537,2
18,1771402773298,-0.004192071,0.0038950703999999997,0.00048637289999997537,2
19,1771402773301,-0.004106271,0.0036064703999999998,0.00037327289999988724,2
20,1771402773303,-0.004106271,0.0036064703999999998,0.00037327289999988724,2
21,1771402773306,-0.004106271,0.0036064703999999998,0.00037327289999988724,2
22,1771402773309,-0.004141371,0.0036025703999999995,0.0007710728999998909,2
23,1771402773311,-0.004141371,0.0036025703999999995,0.0007710728999998909,2
24,1771402773314,-0.004141371,0.0036025703999999995,0.0007710728999998909,2
25,1771402773316,-0.004301271000000001,0.0038560703999999998,0.00019777290000000316,2
26,1771402773319,-0.004301271000000001,0.0038560703999999998,0.00019777290000000316,2
27,1771402773321,-0.004301271000000001,0.0038560703999999998,0.00019777290000000316,2
28,1771402773324,-0.004301271000000001,0.0036688703999999996,0.0007671729000000564,2
29,1771402773326,-0.003813771,0.0036688703999999996,0.0007671729000000564,2
30,1771402773329,-0.003813771,0.0036688703999999996,0.0007671729000000564,2
31,1771402773332,-0.003813771,0.0036688703999999996,9.24729000000283e-05,2
32,1771402773334,-0.004449471,0.0038092704,9.24729000000283e-05,2
33,1771402773337,-0.004449471,0.0038092704,9.24729000000283e-05,2
34,1771402773339,-0.004449471,0.0038092704,0.0007242728999998774,2
35,1771402773342,-0.0036460710000000003,0.0036454703999999997,0.0007242728999998774,2
36,1771402773344,-0.0036460710000000003,0.0036454703999999997,0.0007242728999998774,2
37,1771402773347,-0.0036460710000000003,0.0036454703999999997,0.0007242728999998774,2
38,1771402773349,-0.004371471,0.0038989704,-0.00013372710000003694,2
39,1771402773352,-0.004371471,0.0038989704,-0.00013372710000003694,2
40,1771402773355,-0.004371471,0.0038989704,-0.00013372710000003694,2
41,1771402773357,-0.003747471,0.0035401703999999997,0.0007593728999999431,2
42,1771402773360,-0.003747471,0.0035401703999999997,0.0007593728999999431,2
43,1771402773362,-0.003747471,0.0035401703999999997,0.0007593728999999431,2
44,1771402773365,-0.004418271,0.0037351703999999996,-0.0001727271000000482,2
45,1771402773367,-0.004418271,0.0037351703999999996,-0.0001727271000000482,2
46,1771402773370,-0.004418271,0.0037351703999999996,-0.0001727271000000482,2
47,1771402773372,-0.003704571,0.0036805703999999995,0.0005994729000000635,2
48,1771402773375,-0.003704571,0.0036805703999999995,0.0005994729000000635,2
49,1771402773377,-0.003704571,0.0036805703999999995,0.0005994729000000635,2
50,1771402773380,-0.004426071,0.0037468703999999995,0.0001080729000000328,2
51,1771402773383,-0.004426071,0.0037468703999999995,0.0001080729000000328,2
52,1771402773385,-0.004426071,0.0037468703999999995,0.0001080729000000328,2
53,1771402773388,-0.0039580710000000005,0.0035908703999999996,0.0005331728999999889,2
54,1771402773390,-0.0039580710000000005,0.0035908703999999996,0.0005331728999999889,2
55,1771402773393,-0.0039580710000000005,0.0035908703999999996,0.0005331728999999889,2
56,1771402773395,-0.004141371,0.0036883704,0.00013927289999993077,2
57,1771402773398,-0.004141371,0.0036883704,0.00013927289999993077,2
58,1771402773400,-0.004141371,0.0036883704,0.00013927289999993077,2
59,1771402773403,-0.0036889709999999997,0.0036844703999999997,0.00048247289999991873,2
60,1771402773405,-0.0036889709999999997,0.0036844703999999997,0.00048247289999991873,2
61,1771402773408,-0.0036889709999999997,0.0036844703999999997,0.00048247289999991873,2
62,1771402773411,-0.0036889709999999997,0.0037312703999999993,0.00043567289999990523,2
63,1771402773413,-0.004184271,0.0037312703999999993,0.00043567289999990523,2
64,1771402773416,-0.004184271,0.0037312703999999993,0.00043567289999990523,2
65,1771402773418,-0.004184271,0.0037312703999999993,0.00019777290000000316,2
66,1771402773421,-0.004098470999999999,0.0036220704,0.00019777290000000316,2
67,1771402773423,-0.004098470999999999,0.0036220704,0.00019777290000000316,2
68,1771402773426,-0.004098470999999999,0.0036220704,0.00019777290000000316,2
69,1771402773428,-0.0039424709999999995,0.0035596704,0.0008958728999999269,2
70,1771402773431,-0.0039424709999999995,0.0035596704,0.0008958728999999269,2
71,1771402773433,-0.0039424709999999995,0.0035596704,0.0008958728999999269,2
72,1771402773436,-0.004098470999999999,0.0040237704,0.0002835728999999169,2
73,1771402773439,-0.004098470999999999,0.0040237704,0.0002835728999999169,2
74,1771402773441,-0.004098470999999999,0.0040237704,0.0002835728999999169,2
75,1771402773444,-0.003759171,0.0038092704,0.0009309728999999926,2
76,1771402773446,-0.003759171,0.0038092704,0.0009309728999999926,2
77,1771402773449,-0.003759171,0.0038092704,0.0009309728999999926,2
78,1771402773451,-0.004402671,0.0037507703999999998,-9.082709999996906e-05,2
79,1771402773454,-0.004402671,0.0037507703999999998,-9.082709999996906e-05,2
80,1771402773456,-0.004402671,0.0037507703999999998,-9.082709999996906e-05,2
81,1771402773459,-0.003876171,0.0036376704,0.0006501728999999116,2
82,1771402773461,-0.003876171,0.0036376704,0.0006501728999999116,2
83,1771402773464,-0.003876171,0.0036376704,0.0006501728999999116,2
84,1771402773467,-0.004359771,0.0039184703999999996,3.00729000000103e-05,2
85,1771402773469,-0.004359771,0.0039184703999999996,3.00729000000103e-05,2
86,1771402773472,-0.004359771,0.0039184703999999996,3.00729000000103e-05,2
87,1771402773474,-0.003731871,0.0036220704,0.001059672900000085,2
88,1771402773477,-0.003731871,0.0036220704,0.001059672900000085,2
89,1771402773479,-0.003731871,0.0036220704,0.001059672900000085,2
90,1771402773482,-0.004223271000000001,0.0038599704,0.00029137290000003015,2
91,1771402773484,-0.004223271000000001,0.0038599704,0.00029137290000003015,2
92,1771402773487,-0.004223271000000001,0.0038599704,0.00029137290000003015,2
93,1771402773489,-0.004223271000000001,0.0037156704,0.000334272899999987,2
94,1771402773492,-0.003809871,0.0037156704,0.000334272899999987,2
95,1771402773495,-0.003809871,0.0037156704,0.000334272899999987,2
96,1771402773497,-0.003809871,0.0037975703999999994,0.0007671729000000564,2
97,1771402773500,-0.004422171000000001,0.0037975703999999994,0.0007671729000000564,2
98,1771402773503,-0.004422171000000001,0.0037975703999999994,0.0007671729000000564,2
99,1771402773505,-0.004422171000000001,0.0036025703999999995,0.00024847289999996227,2
100,1771402773508,-0.003880071,0.0036025703999999995,0.00024847289999996227,2
101,1771402773517,-0.003880071,0.0036025703999999995,0.00024847289999996227,2
102,1771402773520,-0.003876171,0.0038677703999999997,0.0008880729000000357,2
103,1771402773522,-0.004145271000000001,0.0038170704,0.00015487289999993527,2
104,1771402773525,-0.004145271000000001,0.0038170704,0.00015487289999993527,2
105,1771402773527,-0.004145271000000001,0.0038170704,0.00015487289999993527,2
106,1771402773530,-0.003665571,0.0036805703999999995,0.0007983729000000654,2
107,1771402773533,-0.003665571,0.0036805703999999995,0.0007983729000000654,2
108,1771402773535,-0.003665571,0.0036805703999999995,0.0007983729000000654,2
109,1771402773538,-0.004250571,0.0039262704,0.00013927289999993077,2
110,1771402773540,-0.004250571,0.0039262704,0.00013927289999993077,2
111,1771402773543,-0.004250571,0.0039262704,0.00013927289999993077,2
112,1771402773545,-0.0036226709999999996,0.0036103704,0.0009933729000000105,2
113,1771402773548,-0.0036226709999999996,0.0036103704,0.0009933729000000105,2
114,1771402773550,-0.0036226709999999996,0.0036103704,0.0009933729000000105,2
115,1771402773553,-0.0036226709999999996,0.0036220704,0.0001275728999999829,2
116,1771402773555,-0.004394871,0.0036220704,0.0001275728999999829,2
117,1771402773558,-0.004394871,0.0036220704,0.0001275728999999829,2
118,1771402773560,-0.004394871,0.0036220704,0.0010362728999999673,2
119,1771402773563,-0.003548571,0.0035362703999999995,0.0010362728999999673,2
120,1771402773565,-0.003548571,0.0035362703999999995,0.0010362728999999673,2
121,1771402773568,-0.003548571,0.0035362703999999995,0.0010362728999999673,2
122,1771402773571,-0.004355871000000001,0.0035323704,-5.5727100000014444e-05,2
123,1771402773573,-0.004355871000000001,0.0035323704,-5.5727100000014444e-05,2
124,1771402773576,-0.004355871000000001,0.0035323704,-5.5727100000014444e-05,2
0,1771402773587,-0.004527471,0.0039223704,0.00027967289999997127,2
1,1771402773590,-0.004527471,0.0039223704,0.00027967289999997127,2
2,1771402773592,-0.004527471,0.0036532703999999994,0.0006423729000000204,2
3,1771402773595,-0.0038956710000000003,0.0036532703999999994,0.0006423729000000204,2
4,1771402773597,-0.0038956710000000003,0.0036532703999999994,0.0006423729000000204,2
5,1771402773600,-0.0038956710000000003,0.0036532703999999994,0.00032647289999987374,2
6,1771402773602,-0.004262271,0.0037507703999999998,0.00032647289999987374,2
7,1771402773605,-0.004262271,0.0037507703999999998,0.00032647289999987374,2
8,1771402773608,-0.004262271,0.0037507703999999998,0.00032647289999987374,2
9,1771402773610,-0.0038722709999999996,0.0037936704,0.0004122729000000095,2
10,1771402773613,-0.0038722709999999996,0.0037936704,0.0004122729000000095,2
11,1771402773615,-0.0038722709999999996,0.0037936704,0.0004122729000000095,2
12,1771402773618,-0.004020470999999999,0.0037390704,0.0006228728999999592,2
13,1771402773620,-0.004020470999999999,0.0037390704,0.0006228728999999592,2
14,1771402773623,-0.004020470999999999,0.0037390704,0.0006228728999999592,2
15,1771402773625,-0.004051671,0.0037858703999999995,0.0002211729000000099,2
16,1771402773628,-0.004051671,0.0037858703999999995,0.0002211729000000099,2
17,1771402773630,-0.004051671,0.0037858703999999995,0.0002211729000000099,2
18,1771402773633,-0.004121870999999999,0.0037897703999999997,0.0005994729000000635,2
19,1771402773636,-0.004121870999999999,0.0037897703999999997,0.0005994729000000635,2
20,1771402773639,-0.004121870999999999,0.0037897703999999997,0.0005994729000000635,2
21,1771402773642,-0.004355871000000001,0.0038248703999999994,-1.6727100000003196e-05,2
22,1771402773644,-0.004355871000000001,0.0038248703999999994,-1.6727100000003196e-05,2
23,1771402773647,-0.004355871000000001,0.0038248703999999994,-1.6727100000003196e-05,2
24,1771402773649,-0.003938571,0.0037507703999999998,0.0007047729000000384,2
25,1771402773652,-0.003938571,0.0037507703999999998,0.0007047729000000384,2
26,1771402773654,-0.003938571,0.0037507703999999998,0.0007047729000000384,2
27,1771402773657,-0.004340271,0.0037195703999999994,6.907290000002155e-05,2
28,1771402773660,-0.004340271,0.0037195703999999994,6.907290000002155e-05,2
29,1771402773662,-0.004340271,0.0037195703999999994,6.907290000002155e-05,2
30,1771402773665,-0.003763071,0.0035518703999999996,0.0006969728999999251,2
31,1771402773667,-0.003763071,0.0035518703999999996,0.0006969728999999251,2
32,1771402773670,-0.003763071,0.0035518703999999996,0.0006969728999999251,2
33,1771402773672,-0.004207671,0.0038794703999999996,3.00729000000103e-05,2
34,1771402773675,-0.004207671,0.0038794703999999996,3.00729000000103e-05,2
35,1771402773677,-0.004207671,0.0038794703999999996,3.00729000000103e-05,2
36,1771402773680,-0.003825471,0.0039145704,0.0005682729000000545,2
37,1771402773683,-0.003825471,0.0039145704,0.0005682729000000545,2
38,1771402773685,-0.003825471,0.0039145704,0.0005682729000000545,2
39,1771402773688,-0.004433871000000001,0.0039223704,-8.30270999999668e-05,2
40,1771402773690,-0.004433871000000001,0.0039223704,-8.30270999999668e-05,2
41,1771402773693,-0.004433871000000001,0.0039223704,-8.30270999999668e-05,2
42,1771402773695,-0.004078971000000001,0.0035713704,0.0002055729000000054,2
43,1771402773698,-0.004078971000000001,0.0035713704,0.0002055729000000054,2
44,1771402773700,-0.004078971000000001,0.0035713704,0.0002055729000000054,2
45,1771402773703,-0.004309070999999999,0.0036883704,0.0005331728999999889,2
46,1771402773705,-0.004309070999999999,0.0036883704,0.0005331728999999889,2
47,1771402773708,-0.004309070999999999,0.0036883704,0.0005331728999999889,2
48,1771402773711,-0.004309070999999999,0.0038599704,0.00015097289999998966,2
49,1771402773713,-0.003961971,0.0038599704,0.00015097289999998966,2
50,1771402773716,-0.003961971,0.0038599704,0.00015097289999998966,2
51,1771402773718,-0.003961971,0.0038599704,0.0005604728999999412,2
52,1771402773721,-0.004059471,0.0038053704,0.0005604728999999412,2
53,1771402773723,-0.004059471,0.0038053704,0.0005604728999999412,2
54,1771402773726,-0.004059471,0.0038053704,0.0005604728999999412,2
55,1771402773728,-0.004004871,0.0037585703999999994,0.00017827289999994202,2
56,1771402773731,-0.004004871,0.0037585703999999994,0.00017827289999994202,2
57,1771402773733,-0.004004871,0.0037585703999999994,0.00017827289999994202,2
58,1771402773737,-0.003973671,0.0036532703999999994,0.0006657728999999161,2
59,1771402773739,-0.003973671,0.0036532703999999994,0.0006657728999999161,2
60,1771402773742,-0.003973671,0.0036532703999999994,0.0006657728999999161,2
61,1771402773744,-0.004133571000000001,0.0037117704,0.0001743728999999964,2
62,1771402773747,-0.004133571000000001,0.0037117704,0.0001743728999999964,2
63,1771402773749,-0.004133571000000001,0.0037117704,0.0001743728999999964,2
64,1771402773752,-0.003809871,0.0036181703999999997,0.0007827729000000609,2
65,1771402773754,-0.003809871,0.0036181703999999997,0.0007827729000000609,2
66,1771402773757,-0.003809871,0.0036181703999999997,0.0007827729000000609,2
67,1771402773759,-0.004449471,0.0038014703999999996,0.0001275728999999829,2
68,1771402773762,-0.004449471,0.0038014703999999996,0.0001275728999999829,2
69,1771402773765,-0.004449471,0.0038014703999999996,0.0001275728999999829,2
70,1771402773767,-0.0038293710000000003,0.0037897703999999997,0.0005604728999999412,2
71,1771402773770,-0.0038293710000000003,0.0037897703999999997,0.0005604728999999412,2
72,1771402773772,-0.0038293710000000003,0.0037897703999999997,0.0005604728999999412,2
73,1771402773775,-0.0044299709999999996,0.0040510704,0.00013927289999993077,2
74,1771402773793,-0.003938571,0.0036571703999999997,0.0005955729000000069,2
75,1771402773796,-0.004145271000000001,0.0038209704,0.0002367729000000144,2
76,1771402773798,-0.004090671000000001,0.0037663704,0.0006969728999999251,2
77,1771402773801,-0.004090671000000001,0.0037663704,0.0006969728999999251,2
78,1771402773804,-0.004090671000000001,0.0037663704,0.0006969728999999251,2
79,1771402773806,-0.004426071,0.0038521703999999995,0.0005682729000000545,2
80,1771402773809,-0.004426071,0.0038521703999999995,0.0005682729000000545,2
81,1771402773811,-0.004426071,0.0038521703999999995,0.0005682729000000545,2
82,1771402773814,-0.0041023710000000005,0.0037312703999999993,0.00040837289999995287,2
83,1771402773816,-0.0041023710000000005,0.0037312703999999993,0.00040837289999995287,2
84,1771402773825,-0.004032170999999999,0.0037819704,0.000677472900000086,2
85,1771402773828,-0.004032170999999999,0.0037819704,0.000677472900000086,2
86,1771402773830,-0.004176470999999999,0.0037702703999999993,0.00017047289999993977,2
87,1771402773833,-0.004176470999999999,0.0037702703999999993,0.00017047289999993977,2
88,1771402773835,-0.004176470999999999,0.0037702703999999993,0.00017047289999993977,2
89,1771402773838,-0.004078971000000001,0.0036961703999999996,0.00046687289999991423,2
90,1771402773840,-0.004078971000000001,0.0036961703999999996,0.00046687289999991423,2
91,1771402773843,-0.004078971000000001,0.0036961703999999996,0.00046687289999991423,2
92,1771402773845,-0.0041530709999999995,0.0038209704,0.0001743728999999964,2
93,1771402773848,-0.0041530709999999995,0.0038209704,0.0001743728999999964,2
94,1771402773854,-0.003770871,0.0036766704,0.0008061728999999566,2
95,1771402773856,-0.003770871,0.0036766704,0.0008061728999999566,2
96,1771402773859,-0.003770871,0.0036766704,0.0008061728999999566,2
97,1771402773861,-0.004094571,0.0038755703999999993,-5.5727100000014444e-05,2
98,1771402773864,-0.004094571,0.0038755703999999993,-5.5727100000014444e-05,2
99,1771402773866,-0.004094571,0.0038755703999999993,-5.5727100000014444e-05,2
100,1771402773869,-0.003841071,0.0036571703999999997,0.0006813728999999206,2
101,1771402773872,-0.003841071,0.0036571703999999997,0.0006813728999999206,2
102,1771402773874,-0.003841071,0.0036571703999999997,0.0006813728999999206,2
103,1771402773877,-0.004172571,0.0039067704,0.00013147289999992852,2
104,1771402773879,-0.004172571,0.0039067704,0.00013147289999992852,2
105,1771402773882,-0.004172571,0.0039067704,0.00013147289999992852,2
106,1771402773884,-0.004172571,0.0039106704,0.0005916728999999502,2
107,1771402773887,-0.0036109709999999997,0.0039106704,0.0005916728999999502,2
108,1771402773890,-0.0036109709999999997,0.0039106704,0.0005916728999999502,2
109,1771402773892,-0.0036109709999999997,0.0039106704,-2.8427100000062082e-05,2
110,1771402773895,-0.004238871,0.0039535704,-2.8427100000062082e-05,2
111,1771402773897,-0.004238871,0.0039535704,-2.8427100000062082e-05,2
112,1771402773900,-0.004238871,0.0039535704,-2.8427100000062082e-05,2
113,1771402773902,-0.003950271,0.0035947704,0.0006267729000000159,2
114,1771402773905,-0.003950271,0.0035947704,0.0006267729000000159,2
115,1771402773907,-0.003950271,0.0035947704,0.0006267729000000159,2
116,1771402773910,-0.004254470999999999,0.0038911703999999995,0.00047857290000008414,2
117,1771402773913,-0.004254470999999999,0.0038911703999999995,0.00047857290000008414,2
118,1771402773915,-0.004254470999999999,0.0038911703999999995,0.00047857290000008414,2
119,1771402773918,-0.003907371,0.0038014703999999996,0.0002562728999999645,2
120,1771402773920,-0.003907371,0.0038014703999999996,0.0002562728999999645,2
121,1771402773923,-0.003907371,0.0038014703999999996,0.0002562728999999645,2
122,1771402773925,-0.004149171,0.0036298703999999996,0.000739872899999882,2
123,1771402773928,-0.004149171,0.0036298703999999996,0.000739872899999882,2
124,1771402773930,-0.004149171,0.0036298703999999996,0.000739872899999882,2
0,1771402773942,-0.003985371,0.0037312703999999993,0.00043567289999990523,2
1,1771402773944,-0.003985371,0.0037312703999999993,0.00043567289999990523,2
2,1771402773947,-0.003985371,0.0037312703999999993,0.0005409728999998801,2
3,1771402773950,-0.0041803710000000004,0.0038560703999999998,0.0005409728999998801,2
4,1771402773952,-0.0041803710000000004,0.0038560703999999998,0.0005409728999998801,2
5,1771402773955,-0.0041803710000000004,0.0038560703999999998,0.0005409728999998801,2
6,1771402773957,-0.003989271000000001,0.0036220704,0.00042397289999995737,2
7,1771402773960,-0.003989271000000001,0.0036220704,0.00042397289999995737,2
8,1771402773962,-0.003989271000000001,0.0036220704,0.00042397289999995737,2
9,1771402773965,-0.004141371,0.0037000704,0.000271872899999969,2
10,1771402773968,-0.004141371,0.0037000704,0.000271872899999969,2
11,1771402773970,-0.004141371,0.0037000704,0.000271872899999969,2
12,1771402773973,-0.003864471,0.0037429704,0.0005994729000000635,2
13,1771402773975,-0.003864471,0.0037429704,0.0005994729000000635,2
14,1771402773978,-0.003864471,0.0037429704,0.0005994729000000635,2
15,1771402773980,-0.004067271000000001,0.0036649704,0.000303072899999978,2
16,1771402773983,-0.004067271000000001,0.0036649704,0.000303072899999978,2
17,1771402773985,-0.004067271000000001,0.0036649704,0.000303072899999978,2
18,1771402773988,-0.003802071,0.0037507703999999998,0.0005643728999999979,2
19,1771402773990,-0.003802071,0.0037507703999999998,0.0005643728999999979,2
20,1771402773993,-0.003802071,0.0037507703999999998,0.0005643728999999979,2
21,1771402774004,-0.003997071,0.0038482704,0.00020947289999995102,2
22,1771402774007,-0.003997071,0.0038482704,0.00020947289999995102,2
23,1771402774010,-0.003997071,0.0038482704,0.00020947289999995102,2
24,1771402774012,-0.004020470999999999,0.0037351703999999996,0.00016657289999999416,2
25,1771402774015,-0.004020470999999999,0.0037351703999999996,0.00016657289999999416,2
26,1771402774017,-0.004020470999999999,0.0037351703999999996,0.00016657289999999416,2
27,1771402774020,-0.003950271,0.0038638703999999994,0.0001236729000000373,2
28,1771402774022,-0.003950271,0.0038638703999999994,0.0001236729000000373,2
29,1771402774025,-0.003950271,0.0038638703999999994,0.0001236729000000373,2
30,1771402774027,-0.004203771,0.0037117704,0.0005682729000000545,2
31,1771402774030,-0.004203771,0.0037117704,0.0005682729000000545,2
32,1771402774033,-0.004203771,0.0037117704,0.0005682729000000545,2
33,1771402774035,-0.004293471,0.0038014703999999996,9.637289999997391e-05,2
34,1771402774038,-0.004293471,0.0038014703999999996,9.637289999997391e-05,2
35,1771402774040,-0.004293471,0.0038014703999999996,9.637289999997391e-05,2
36,1771402774043,-0.003934671000000001,0.0037624703999999997,0.00036937290000005265,2
37,1771402774045,-0.003934671000000001,0.0037624703999999997,0.00036937290000005265,2
38,1771402774048,-0.003934671000000001,0.0037624703999999997,0.00036937290000005265,2
39,1771402774050,-0.0040750709999999996,0.0038911703999999995,0.0003498728999999915,2
40,1771402774053,-0.0040750709999999996,0.0038911703999999995,0.0003498728999999915,2
41,1771402774055,-0.0040750709999999996,0.0038911703999999995,0.0003498728999999915,2
42,1771402774058,-0.0040750709999999996,0.0036532703999999994,0.00041617290000006614,2
43,1771402774061,-0.004016571,0.0036532703999999994,0.00041617290000006614,2
44,1771402774063,-0.004016571,0.0036532703999999994,0.00041617290000006614,2
45,1771402774066,-0.004016571,0.0036532703999999994,0.0002874728999999735,2
46,1771402774068,-0.003985371,0.0037741703999999996,0.0002874728999999735,2
47,1771402774071,-0.003985371,0.0037741703999999996,0.0002874728999999735,2
48,1771402774073,-0.003985371,0.0037741703999999996,0.0002874728999999735,2
49,1771402774076,-0.004192071,0.0037351703999999996,0.0005916728999999502,2
50,1771402774078,-0.004192071,0.0037351703999999996,0.0005916728999999502,2
51,1771402774081,-0.004192071,0.0037351703999999996,0.0005916728999999502,2
52,1771402774083,-0.004254470999999999,0.0039379704,-1.2827100000057583e-05,2
53,1771402774086,-0.004254470999999999,0.0039379704,-1.2827100000057583e-05,2
54,1771402774088,-0.004254470999999999,0.0039379704,-1.2827100000057583e-05,2
55,1771402774091,-0.003989271000000001,0.0037897703999999997,0.0004980728999999232,2
56,1771402774094,-0.003989271000000001,0.0037897703999999997,0.0004980728999999232,2
57,1771402774096,-0.003989271000000001,0.0037897703999999997,0.0004980728999999232,2
58,1771402774099,-0.004215471,0.0037429704,0.00026017290000002115,2
59,1771402774101,-0.004215471,0.0037429704,0.00026017290000002115,2
60,1771402774104,-0.004215471,0.0037429704,0.00026017290000002115,2
61,1771402774106,-0.003626571,0.0035869703999999994,0.0006267729000000159,2
62,1771402774109,-0.003626571,0.0035869703999999994,0.0006267729000000159,2
63,1771402774111,-0.003626571,0.0035869703999999994,0.0006267729000000159,2
64,1771402774114,-0.0040087709999999995,0.0036688703999999996,0.00011977289999998066,2
65,1771402774117,-0.0040087709999999995,0.0036688703999999996,0.00011977289999998066,2
66,1771402774119,-0.0040087709999999995,0.0036688703999999996,0.00011977289999998066,2
67,1771402774122,-0.0039580710000000005,0.0036766704,0.00048247289999991873,2
68,1771402774124,-0.0039580710000000005,0.0036766704,0.00048247289999991873,2
69,1771402774127,-0.0039580710000000005,0.0036766704,0.00048247289999991873,2
70,1771402774129,-0.0039580710000000005,0.0039106704,0.00033817290000004365,2
71,1771402774132,-0.004129671,0.0039106704,0.00033817290000004365,2
72,1771402774144,-0.004129671,0.0039106704,0.00033817290000004365,2
73,1771402774148,-0.0038995709999999997,0.0036688703999999996,0.0005487728999999934,2
74,1771402774151,-0.0038995709999999997,0.0036688703999999996,0.0005487728999999934,2
75,1771402774154,-0.003969771,0.0038131703999999995,0.0005448728999999367,2
76,1771402774156,-0.003969771,0.0038131703999999995,0.0005448728999999367,2
77,1771402774159,-0.003969771,0.0038131703999999995,0.0005448728999999367,2
78,1771402774161,-0.0037942709999999997,0.0038248703999999994,0.000427872900000014,2
79,1771402774164,-0.0037942709999999997,0.0038248703999999994,0.000427872900000014,2
80,1771402774166,-0.0037942709999999997,0.0038248703999999994,0.000427872900000014,2
81,1771402774169,-0.003950271,0.0039184703999999996,0.00027967289999997127,2
82,1771402774171,-0.003950271,0.0039184703999999996,0.00027967289999997127,2
83,1771402774174,-0.003950271,0.0039184703999999996,0.00027967289999997127,2
84,1771402774176,-0.003950271,0.0037234703999999997,0.0005292728999999322,2
85,1771402774179,-0.003934671000000001,0.0037234703999999997,0.0005292728999999322,2
86,1771402774182,-0.003934671000000001,0.0037234703999999997,0.0005292728999999322,2
87,1771402774184,-0.003934671000000001,0.0037234703999999997,0.0003108729000000913,2
88,1771402774187,-0.004059471,0.0039574703999999995,0.0003108729000000913,2
89,1771402774189,-0.004059471,0.0039574703999999995,0.0003108729000000913,2
90,1771402774192,-0.004059471,0.0039574703999999995,0.0003108729000000913,2
91,1771402774194,-0.003985371,0.0038404703999999996,0.0005136728999999277,2
92,1771402774197,-0.003985371,0.0038404703999999996,0.0005136728999999277,2
93,1771402774199,-0.003985371,0.0038404703999999996,0.0005136728999999277,2
94,1771402774202,-0.003997071,0.0038170704,0.0004122729000000095,2
95,1771402774204,-0.003997071,0.0038170704,0.0004122729000000095,2
96,1771402774207,-0.003997071,0.0038170704,0.0004122729000000095,2
97,1771402774210,-0.003954170999999999,0.0037975703999999994,0.000303072899999978,2
98,1771402774212,-0.003954170999999999,0.0037975703999999994,0.000303072899999978,2
99,1771402774215,-0.003954170999999999,0.0037975703999999994,0.000303072899999978,2
100,1771402774217,-0.004110170999999999,0.0037273704,0.00037327289999988724,2
101,1771402774220,-0.004110170999999999,0.0037273704,0.00037327289999988724,2
102,1771402774222,-0.004110170999999999,0.0037273704,0.00037327289999988724,2
103,1771402774225,-0.004195971,0.0037741703999999996,0.0002367729000000144,2
104,1771402774227,-0.004195971,0.0037741703999999996,0.0002367729000000144,2
105,1771402774230,-0.004195971,0.0037741703999999996,0.0002367729000000144,2
106,1771402774232,-0.004071171,0.0037507703999999998,0.00024457290000001665,2
107,1771402774235,-0.004071171,0.0037507703999999998,0.00024457290000001665,2
108,1771402774238,-0.004071171,0.0037507703999999998,0.00024457290000001665,2
109,1771402774240,-0.004043870999999999,0.0037234703999999997,0.00032647289999987374,2
110,1771402774243,-0.004043870999999999,0.0037234703999999997,0.00032647289999987374,2
111,1771402774245,-0.004043870999999999,0.0037234703999999997,0.00032647289999987374,2
112,1771402774248,-0.004051671,0.0036727704,0.00037327289999988724,2
113,1771402774253,-0.004051671,0.0036727704,0.00037327289999988724,2
114,1771402774256,-0.004094571,0.0038209704,0.00037327289999988724,2
115,1771402774258,-0.004094571,0.0038209704,0.00037327289999988724,2
116,1771402774261,-0.004094571,0.0038209704,0.00037327289999988724,2
117,1771402774264,-0.004133571000000001,0.0037429704,0.00045517289999996637,2
118,1771402774267,-0.004133571000000001,0.0037429704,0.00045517289999996637,2
119,1771402774269,-0.004133571000000001,0.0037429704,0.00045517289999996637,2
120,1771402774272,-0.004012671000000001,0.0037390704,0.00036937290000005265,2
121,1771402774274,-0.004012671000000001,0.0037390704,0.00036937290000005265,2
122,1771402774277,-0.004012671000000001,0.0037390704,0.00036937290000005265,2
123,1771402774279,-0.004207671,0.0037624703999999997,0.00043957289999996187,2
124,1771402774282,-0.004207671,0.0037624703999999997,0.00043957289999996187,2
0,1771402774293,-0.004043870999999999,0.0037975703999999994,0.00013927289999993077,2
1,1771402774296,-0.0041686710000000005,0.0036883704,0.00034207289999987824,2
2,1771402774299,-0.0041686710000000005,0.0036883704,0.00034207289999987824,2
3,1771402774301,-0.0041686710000000005,0.0036883704,0.00034207289999987824,2
4,1771402774304,-0.004234971000000001,0.0037546704,0.00043957289999996187,2
5,1771402774306,-0.004234971000000001,0.0037546704,0.00043957289999996187,2
6,1771402774309,-0.004234971000000001,0.0037546704,0.00043957289999996187,2
7,1771402774311,-0.004098470999999999,0.0037624703999999997,0.0002562728999999645,2
8,1771402774314,-0.004098470999999999,0.0037624703999999997,0.0002562728999999645,2
9,1771402774316,-0.004098470999999999,0.0037624703999999997,0.0002562728999999645,2
10,1771402774319,-0.003930771,0.0038365703999999994,0.0003615728999999394,2
11,1771402774321,-0.003930771,0.0038365703999999994,0.0003615728999999394,2
12,1771402774324,-0.003930771,0.0038365703999999994,0.0003615728999999394,2
13,1771402774326,-0.003930771,0.0037234703999999997,0.0004122729000000095,2
14,1771402774329,-0.003969771,0.0037234703999999997,0.0004122729000000095,2
15,1771402774332,-0.003969771,0.0037234703999999997,0.0004122729000000095,2
16,1771402774334,-0.003969771,0.0037234703999999997,0.0005448728999999367,2
17,1771402774337,-0.0041530709999999995,0.0036649704,0.0005448728999999367,2
18,1771402774339,-0.0041530709999999995,0.0036649704,0.0005448728999999367,2
19,1771402774342,-0.0041530709999999995,0.0036649704,0.0005448728999999367,2
20,1771402774344,-0.004110170999999999,0.0036181703999999997,0.0002835728999999169,2
21,1771402774347,-0.004110170999999999,0.0036181703999999997,0.0002835728999999169,2
22,1771402774349,-0.004110170999999999,0.0036181703999999997,0.0002835728999999169,2
23,1771402774352,-0.004012671000000001,0.0036805703999999995,0.0005409728999998801,2
24,1771402774354,-0.004012671000000001,0.0036805703999999995,0.0005409728999998801,2
25,1771402774357,-0.004012671000000001,0.0036805703999999995,0.0005409728999998801,2
26,1771402774360,-0.004215471,0.0037117704,0.00019777290000000316,2
27,1771402774362,-0.004215471,0.0037117704,0.00019777290000000316,2
28,1771402774365,-0.004215471,0.0037117704,0.00019777290000000316,2
29,1771402774367,-0.004277871000000001,0.0035674704,0.0005331728999999889,2
30,1771402774370,-0.004277871000000001,0.0035674704,0.0005331728999999889,2
31,1771402774372,-0.004277871000000001,0.0035674704,0.0005331728999999889,2
32,1771402774375,-0.004410470999999999,0.0039184703999999996,0.0001431728999999874,2
33,1771402774377,-0.004410470999999999,0.0039184703999999996,0.0001431728999999874,2
34,1771402774380,-0.004410470999999999,0.0039184703999999996,0.0001431728999999874,2
35,1771402774382,-0.003965870999999999,0.0035830704,0.0003771728999999439,2
36,1771402774385,-0.003965870999999999,0.0035830704,0.0003771728999999439,2
37,1771402774388,-0.003965870999999999,0.0035830704,0.0003771728999999439,2
38,1771402774390,-0.004043870999999999,0.0037039704,0.0003186728999999825,2
39,1771402774393,-0.004043870999999999,0.0037039704,0.0003186728999999825,2
40,1771402774395,-0.004043870999999999,0.0037039704,0.0003186728999999825,2
41,1771402774398,-0.004043870999999999,0.0036688703999999996,0.0005643728999999979,2
42,1771402774400,-0.004020470999999999,0.0036688703999999996,0.0005643728999999979,2
43,1771402774403,-0.004020470999999999,0.0036688703999999996,0.0005643728999999979,2
44,1771402774405,-0.004020470999999999,0.0036688703999999996,0.00017047289999993977,2
45,1771402774408,-0.004195971,0.0038950703999999997,0.00017047289999993977,2
46,1771402774410,-0.004195971,0.0038950703999999997,0.00017047289999993977,2
47,1771402774413,-0.004195971,0.0038950703999999997,0.00017047289999993977,2
48,1771402774416,-0.003926871,0.0037429704,0.0005331728999999889,2
49,1771402774418,-0.003926871,0.0037429704,0.0005331728999999889,2
50,1771402774421,-0.003926871,0.0037429704,0.0005331728999999889,2
51,1771402774423,-0.004106271,0.0040510704,0.00026017290000002115,2
52,1771402774426,-0.004106271,0.0040510704,0.00026017290000002115,2
53,1771402774428,-0.004106271,0.0040510704,0.00026017290000002115,2
54,1771402774431,-0.003837171,0.0035791703999999997,0.0004434729000000185,2
55,1771402774433,-0.003837171,0.0035791703999999997,0.0004434729000000185,2
56,1771402774436,-0.003837171,0.0035791703999999997,0.0004434729000000185,2
57,1771402774438,-0.004110170999999999,0.0036103704,2.2272900000008052e-05,2
58,1771402774441,-0.004110170999999999,0.0036103704,2.2272900000008052e-05,2
59,1771402774443,-0.004110170999999999,0.0036103704,2.2272900000008052e-05,2
60,1771402774446,-0.003997071,0.0035830704,0.0005253728999998756,2
61,1771402774455,-0.003997071,0.0035830704,0.0005253728999998756,2
62,1771402774458,-0.004195971,0.0037039704,0.00016267289999993752,2
63,1771402774460,-0.004195971,0.0037039704,0.0002367729000000144,2
64,1771402774463,-0.003997071,0.0038989704,0.0002367729000000144,2
65,1771402774466,-0.003997071,0.0038989704,0.0002367729000000144,2
66,1771402774468,-0.003997071,0.0038989704,0.0002367729000000144,2
67,1771402774471,-0.004028271,0.0037741703999999996,0.0003927728999999484,2
68,1771402774473,-0.004028271,0.0037741703999999996,0.0003927728999999484,2
69,1771402774476,-0.004028271,0.0037741703999999996,0.0003927728999999484,2
70,1771402774478,-0.003969771,0.0038404703999999996,4.9572899999960414e-05,2
71,1771402774481,-0.003969771,0.0038404703999999996,4.9572899999960414e-05,2
72,1771402774483,-0.003969771,0.0038404703999999996,4.9572899999960414e-05,2
73,1771402774486,-0.0038995709999999997,0.0036649704,0.0003108729000000913,2
74,1771402774488,-0.0038995709999999997,0.0036649704,0.0003108729000000913,2
75,1771402774491,-0.0038995709999999997,0.0036649704,0.0003108729000000913,2
76,1771402774494,-0.004199871000000001,0.0037312703999999993,0.0001743728999999964,2
77,1771402774496,-0.004199871000000001,0.0037312703999999993,0.0001743728999999964,2
78,1771402774499,-0.004199871000000001,0.0037312703999999993,0.0001743728999999964,2
79,1771402774501,-0.003997071,0.0035674704,0.00048637289999997537,2
80,1771402774504,-0.003997071,0.0035674704,0.00048637289999997537,2
81,1771402774506,-0.003997071,0.0035674704,0.00048637289999997537,2
82,1771402774509,-0.0041023710000000005,0.0039067704,0.0003186728999999825,2
83,1771402774511,-0.0041023710000000005,0.0039067704,0.0003186728999999825,2
84,1771402774514,-0.0041023710000000005,0.0039067704,0.0003186728999999825,2
85,1771402774516,-0.004149171,0.0037585703999999994,0.0005097728999998711,2
86,1771402774519,-0.004149171,0.0037585703999999994,0.0005097728999998711,2
87,1771402774521,-0.004149171,0.0037585703999999994,0.0005097728999998711,2
88,1771402774524,-0.004149171,0.0038404703999999996,0.00024067289999996002,2
89,1771402774527,-0.004192071,0.0038404703999999996,0.00024067289999996002,2
90,1771402774529,-0.004192071,0.0038404703999999996,0.00024067289999996002,2
91,1771402774532,-0.004192071,0.0038404703999999996,0.00048637289999997537,2
92,1771402774534,-0.004059471,0.0035284704,0.00048637289999997537,2
93,1771402774537,-0.004059471,0.0035284704,0.00048637289999997537,2
94,1771402774539,-0.004059471,0.0035284704,0.0006657728999999161,2
95,1771402774542,-0.004149171,0.0038443704,0.0006657728999999161,2
96,1771402774544,-0.004149171,0.0038443704,0.0006657728999999161,2
97,1771402774547,-0.004149171,0.0038443704,0.0006657728999999161,2
98,1771402774549,-0.004028271,0.0038716704,0.0002835728999999169,2
99,1771402774552,-0.004028271,0.0038716704,0.0002835728999999169,2
100,1771402774555,-0.004028271,0.0038716704,0.0002835728999999169,2
101,1771402774557,-0.003950271,0.0036649704,0.00045127289999990973,2
102,1771402774560,-0.003950271,0.0036649704,0.00045127289999990973,2
103,1771402774562,-0.003950271,0.0036649704,0.00045127289999990973,2
104,1771402774565,-0.004203771,0.0038209704,-0.00013762709999998255,2
105,1771402774567,-0.004203771,0.0038209704,-0.00013762709999998255,2
106,1771402774570,-0.004203771,0.0038209704,-0.00013762709999998255,2
107,1771402774573,-0.003981471,0.0037390704,0.0006813728999999206,2
108,1771402774575,-0.003981471,0.0037390704,0.0006813728999999206,2
109,1771402774578,-0.003981471,0.0037390704,0.0006813728999999206,2
110,1771402774580,-0.004375370999999999,0.0040237704,-0.0001415271000000392,2
111,1771402774583,-0.004375370999999999,0.0040237704,-0.0001415271000000392,2
112,1771402774585,-0.004375370999999999,0.0040237704,-0.0001415271000000392,2
113,1771402774588,-0.003973671,0.0037273704,0.0006891729000000339,2
114,1771402774590,-0.003973671,0.0037273704,0.0006891729000000339,2
115,1771402774593,-0.003973671,0.0037273704,0.0006891729000000339,2
116,1771402774595,-0.004328571,0.0039535704,0.00010027290000003055,2
117,1771402774598,-0.004328571,0.0039535704,0.00010027290000003055,2
118,1771402774601,-0.004328571,0.0039535704,0.00010027290000003055,2
119,1771402774603,-0.0038293710000000003,0.0035089703999999994,0.0007632728999999997,2
120,1771402774606,-0.0038293710000000003,0.0035089703999999994,0.0007632728999999997,2
121,1771402774608,-0.0038293710000000003,0.0035089703999999994,0.0007632728999999997,2
122,1771402774611,-0.0038293710000000003,0.0038326704,0.00011587290000003505,2
123,1771402774613,-0.004316871,0.0038326704,0.00011587290000003505,2
124,1771402774616,-0.004316871,0.0038326704,0.00011587290000003505,2
0,1771402774627,-0.004254470999999999,0.0039340704,0.0002874728999999735,2
1,1771402774630,-0.004254470999999999,0.0039340704,0.0002874728999999735,2
2,1771402774632,-0.004254470999999999,0.0039340704,0.0002874728999999735,2
3,1771402774635,-0.003965870999999999,0.0037078703999999995,0.000583872900000059,2
4,1771402774638,-0.003965870999999999,0.0037078703999999995,0.000583872900000059,2
5,1771402774640,-0.003965870999999999,0.0037078703999999995,0.000583872900000059,2
6,1771402774643,-0.004156971000000001,0.0038287703999999997,0.0002835728999999169,2
7,1771402774645,-0.004156971000000001,0.0038287703999999997,0.0002835728999999169,2
8,1771402774648,-0.004156971000000001,0.0038287703999999997,0.0002835728999999169,2
9,1771402774651,-0.003798171,0.0037819704,4.9572899999960414e-05,2
10,1771402774654,-0.003798171,0.0037819704,4.9572899999960414e-05,2
11,1771402774656,-0.003798171,0.0037819704,4.9572899999960414e-05,2
12,1771402774659,-0.004078971000000001,0.0036610704,0.0005136728999999277,2
13,1771402774661,-0.004078971000000001,0.0036610704,0.0005136728999999277,2
14,1771402774664,-0.004078971000000001,0.0036610704,0.0005136728999999277,2
15,1771402774666,-0.004055570999999999,0.0037897703999999997,0.0001587728999999919,2
16,1771402774669,-0.004055570999999999,0.0037897703999999997,0.0001587728999999919,2
17,1771402774672,-0.004055570999999999,0.0037897703999999997,0.0001587728999999919,2
18,1771402774674,-0.004055570999999999,0.0035206704,0.0005799729000000024,2
19,1771402774677,-0.003735771,0.0035206704,0.0005799729000000024,2
20,1771402774679,-0.003735771,0.0035206704,0.0005799729000000024,2
21,1771402774682,-0.003735771,0.0038209704,0.00024847289999996227,2
22,1771402774684,-0.004184271,0.0038209704,0.00024847289999996227,2
23,1771402774687,-0.004184271,0.0038209704,0.00024847289999996227,2
24,1771402774689,-0.004184271,0.0038209704,0.0007710728999998909,2
25,1771402774692,-0.0040243710000000005,0.0035713704,0.0007710728999998909,2
26,1771402774694,-0.0040243710000000005,0.0035713704,0.0007710728999998909,2
27,1771402774697,-0.0040243710000000005,0.0035713704,0.0007710728999998909,2
28,1771402774700,-0.004262271,0.0038833704,0.00014707289999993302,2
29,1771402774702,-0.004262271,0.0038833704,0.00014707289999993302,2
30,1771402774705,-0.004262271,0.0038833704,0.00014707289999993302,2
31,1771402774707,-0.0038878709999999998,0.0037039704,0.0006072728999999547,2
32,1771402774710,-0.0038878709999999998,0.0037039704,0.0006072728999999547,2
33,1771402774712,-0.0038878709999999998,0.0037039704,0.0006072728999999547,2
34,1771402774715,-0.004133571000000001,0.0036610704,-0.00021562710000000505,2
35,1771402774717,-0.004133571000000001,0.0036610704,-0.00021562710000000505,2
36,1771402774720,-0.004133571000000001,0.0036610704,-0.00021562710000000505,2
37,1771402774723,-0.003809871,0.0035752703999999995,0.0009192729000000447,2
38,1771402774725,-0.003809871,0.0035752703999999995,0.0009192729000000447,2
39,1771402774728,-0.003809871,0.0035752703999999995,0.0009192729000000447,2
40,1771402774730,-0.004203771,0.0037000704,0.000459072900000023,2
41,1771402774733,-0.004203771,0.0037000704,0.000459072900000023,2
42,1771402774735,-0.004203771,0.0037000704,0.000459072900000023,2
43,1771402774738,-0.0038722709999999996,0.0035674704,0.000646272900000077,2
44,1771402774740,-0.0038722709999999996,0.0035674704,0.000646272900000077,2
45,1771402774743,-0.0038722709999999996,0.0035674704,0.000646272900000077,2
46,1771402774745,-0.004117971,0.0038989704,0.00015097289999998966,2
47,1771402774748,-0.004117971,0.0038989704,0.00015097289999998966,2
48,1771402774751,-0.004117971,0.0038989704,0.00015097289999998966,2
49,1771402774753,-0.003907371,0.0036259703999999993,0.0006657728999999161,2
50,1771402774762,-0.003907371,0.0036259703999999993,0.0006657728999999161,2
51,1771402774765,-0.004184271,0.0036922703999999994,0.0005331728999999889,2
52,1771402774767,-0.004184271,0.0036922703999999994,0.0005331728999999889,2
53,1771402774770,-0.003969771,0.0037117704,0.0003927728999999484,2
54,1771402774772,-0.003969771,0.0037117704,0.0003927728999999484,2
55,1771402774775,-0.003969771,0.0037117704,0.0003927728999999484,2
56,1771402774778,-0.003977570999999999,0.0038170704,0.0005994729000000635,2
57,1771402774780,-0.003977570999999999,0.0038170704,0.0005994729000000635,2
58,1771402774783,-0.003977570999999999,0.0038170704,0.0005994729000000635,2
59,1771402774785,-0.004012671000000001,0.0036688703999999996,0.0004746729000000275,2
60,1771402774788,-0.004012671000000001,0.0036688703999999996,0.0004746729000000275,2
61,1771402774790,-0.004012671000000001,0.0036688703999999996,0.0004746729000000275,2
62,1771402774793,-0.0038605709999999997,0.0034738703999999997,0.0008451729000000788,2
63,1771402774795,-0.0038605709999999997,0.0034738703999999997,0.0008451729000000788,2
64,1771402774798,-0.0038605709999999997,0.0034738703999999997,0.0008451729000000788,2
65,1771402774800,-0.0038605709999999997,0.0036220704,8.857289999997166e-05,2
66,1771402774803,-0.004114071,0.0036220704,8.857289999997166e-05,2
67,1771402774806,-0.004114071,0.0036220704,8.857289999997166e-05,2
68,1771402774808,-0.004114071,0.0036220704,0.0008022728999998999,2
69,1771402774811,-0.0038683710000000002,0.0036571703999999997,0.0008022728999998999,2
70,1771402774813,-0.0038683710000000002,0.0036571703999999997,0.0008022728999998999,2
71,1771402774816,-0.0038683710000000002,0.0036571703999999997,0.0008022728999998999,2
72,1771402774818,-0.004215471,0.0040003704,-0.00029752709999997316,2
73,1771402774821,-0.004215471,0.0040003704,-0.00029752709999997316,2
74,1771402774823,-0.004215471,0.0040003704,-0.00029752709999997316,2
75,1771402774826,-0.0036850710000000003,0.0035830704,0.0008373728999999656,2
76,1771402774828,-0.0036850710000000003,0.0035830704,0.0008373728999999656,2
77,1771402774831,-0.0036850710000000003,0.0035830704,0.0008373728999999656,2
78,1771402774833,-0.004270071,0.0038872704,0.0001236729000000373,2
79,1771402774836,-0.004270071,0.0038872704,0.0001236729000000373,2
80,1771402774839,-0.004270071,0.0038872704,0.0001236729000000373,2
81,1771402774841,-0.0038995709999999997,0.0036064703999999998,0.0007632728999999997,2
82,1771402774844,-0.0038995709999999997,0.0036064703999999998,0.0007632728999999997,2
83,1771402774846,-0.0038995709999999997,0.0036064703999999998,0.0007632728999999997,2
84,1771402774849,-0.0043129710000000005,0.0039184703999999996,0.000490272900000032,2
85,1771402774851,-0.0043129710000000005,0.0039184703999999996,0.000490272900000032,2
86,1771402774854,-0.0043129710000000005,0.0039184703999999996,0.000490272900000032,2
87,1771402774856,-0.003809871,0.0038014703999999996,0.0003186728999999825,2
88,1771402774859,-0.003809871,0.0038014703999999996,0.0003186728999999825,2
89,1771402774861,-0.003809871,0.0038014703999999996,0.0003186728999999825,2
90,1771402774864,-0.004016571,0.0038053704,0.0005565728999998846,2
91,1771402774867,-0.004016571,0.0038053704,0.0005565728999998846,2
92,1771402774869,-0.004016571,0.0038053704,0.0005565728999998846,2
93,1771402774872,-0.004207671,0.0037858703999999995,-1.2827100000057583e-05,2
94,1771402774875,-0.004207671,0.0037858703999999995,-1.2827100000057583e-05,2
95,1771402774877,-0.004207671,0.0037858703999999995,-1.2827100000057583e-05,2
96,1771402774880,-0.0037942709999999997,0.0037000704,0.0006501728999999116,2
97,1771402774882,-0.0037942709999999997,0.0037000704,0.0006501728999999116,2
98,1771402774885,-0.0037942709999999997,0.0037000704,0.0006501728999999116,2
99,1771402774887,-0.004114071,0.0038560703999999998,0.00021727289999995327,2
100,1771402774890,-0.004114071,0.0038560703999999998,0.00021727289999995327,2
101,1771402774893,-0.004114071,0.0038560703999999998,0.00021727289999995327,2
102,1771402774895,-0.004114071,0.0036025703999999995,0.0007866728999998954,2
103,1771402774898,-0.003681171,0.0036025703999999995,0.0007866728999998954,2
104,1771402774900,-0.003681171,0.0036025703999999995,0.0007866728999998954,2
105,1771402774903,-0.003681171,0.0036025703999999995,-8.927100000000947e-06,2
106,1771402774905,-0.0042973709999999995,0.0037507703999999998,-8.927100000000947e-06,2
107,1771402774908,-0.0042973709999999995,0.0037507703999999998,-8.927100000000947e-06,2
108,1771402774910,-0.0042973709999999995,0.0037507703999999998,-8.927100000000947e-06,2
109,1771402774913,-0.003731871,0.0035557704,0.0007203729000000429,2
110,1771402774916,-0.003731871,0.0035557704,0.0007203729000000429,2
111,1771402774918,-0.003731871,0.0035557704,0.0007203729000000429,2
112,1771402774921,-0.004414371,0.0039301703999999995,0.0003147728999999259,2
113,1771402774923,-0.004414371,0.0039301703999999995,0.0003147728999999259,2
114,1771402774926,-0.004414371,0.0039301703999999995,0.0003147728999999259,2
115,1771402774928,-0.0038878709999999998,0.0038521703999999995,0.0006735729000000294,2
116,1771402774931,-0.0038878709999999998,0.0038521703999999995,0.0006735729000000294,2
117,1771402774933,-0.0038878709999999998,0.0038521703999999995,0.0006735729000000294,2
118,1771402774936,-0.004254470999999999,0.0036376704,2.2272900000008052e-05,2
119,1771402774938,-0.004254470999999999,0.0036376704,2.2272900000008052e-05,2
120,1771402774941,-0.004254470999999999,0.0036376704,2.2272900000008052e-05,2
121,1771402774951,-0.004266170999999999,0.0038872704,3.787290000001255e-05,2
122,1771402774954,-0.004266170999999999,0.0038872704,3.787290000001255e-05,2
123,1771402774956,-0.004266170999999999,0.0038872704,3.787290000001255e-05,2
124,1771402774959,-0.003973671,0.0036961703999999996,0.00046687289999991423,2
0,1771402774971,-0.004465070999999999,0.0038521703999999995,0.00016267289999993752,2
1,1771402774974,-0.004465070999999999,0.0038521703999999995,0.00016267289999993752,2
2,1771402774976,-0.004114071,0.0037975703999999994,0.0006735729000000294,2
3,1771402774979,-0.004114071,0.0037975703999999994,0.0006735729000000294,2
4,1771402774981,-0.004114071,0.0037975703999999994,0.0006735729000000294,2
5,1771402774984,-0.0040750709999999996,0.0038950703999999997,0.0006111729000000114,2
6,1771402774997,-0.004028271,0.0037702703999999993,0.0001743728999999964,2
7,1771402774999,-0.003997071,0.0037897703999999997,0.0007047729000000384,2
8,1771402775002,-0.003997071,0.0037897703999999997,0.0007047729000000384,2
9,1771402775005,-0.003997071,0.0037897703999999997,0.0007047729000000384,2
10,1771402775007,-0.0040750709999999996,0.0039145704,3.787290000001255e-05,2
11,1771402775010,-0.0040750709999999996,0.0039145704,3.787290000001255e-05,2
12,1771402775012,-0.0040750709999999996,0.0039145704,3.787290000001255e-05,2
13,1771402775015,-0.004090671000000001,0.0039262704,0.0008919729000000923,2
14,1771402775017,-0.004090671000000001,0.0039262704,0.0008919729000000923,2
15,1771402775020,-0.004090671000000001,0.0039262704,0.0008919729000000923,2
16,1771402775022,-0.004336371,0.0038677703999999997,-0.00019612710000005494,2
17,1771402775025,-0.004336371,0.0038677703999999997,-0.00019612710000005494,2
18,1771402775028,-0.004336371,0.0038677703999999997,-0.00019612710000005494,2
19,1771402775030,-0.0040087709999999995,0.0036844703999999997,0.0005916728999999502,2
20,1771402775033,-0.0040087709999999995,0.0036844703999999997,0.0005916728999999502,2
21,1771402775035,-0.0040087709999999995,0.0036844703999999997,0.0005916728999999502,2
22,1771402775038,-0.004351971,0.0039847704,0.0001236729000000373,2
23,1771402775040,-0.004351971,0.0039847704,0.0001236729000000373,2
24,1771402775043,-0.004351971,0.0039847704,0.0001236729000000373,2
25,1771402775045,-0.0038566710000000003,0.0036532703999999994,0.0007632728999999997,2
26,1771402775048,-0.0038566710000000003,0.0036532703999999994,0.0007632728999999997,2
27,1771402775050,-0.0038566710000000003,0.0036532703999999994,0.0007632728999999997,2
28,1771402775056,-0.004367571000000001,0.0038911703999999995,0.00016267289999993752,2
29,1771402775059,-0.004367571000000001,0.0038911703999999995,0.00016267289999993752,2
30,1771402775061,-0.0038683710000000002,0.0036493704,0.000396672900000005,2
31,1771402775064,-0.0038683710000000002,0.0036493704,0.000396672900000005,2
32,1771402775066,-0.0038683710000000002,0.0036493704,0.000396672900000005,2
33,1771402775069,-0.004090671000000001,0.0037507703999999998,0.0003108729000000913,2
34,1771402775072,-0.004090671000000001,0.0037507703999999998,0.0003108729000000913,2
35,1771402775074,-0.004090671000000001,0.0037507703999999998,0.0003108729000000913,2
36,1771402775083,-0.004047771,0.0039262704,0.0003108729000000913,2
37,1771402775086,-0.004207671,0.003941870399999999,0.0005331728999999889,2
38,1771402775088,-0.004207671,0.003941870399999999,0.0005331728999999889,2
39,1771402775091,-0.004207671,0.003941870399999999,0.0005331728999999889,2
40,1771402775094,-0.004051671,0.0038599704,0.0003771728999999439,2
41,1771402775096,-0.004051671,0.0038599704,0.0003771728999999439,2
42,1771402775099,-0.004051671,0.0038599704,0.0003771728999999439,2
43,1771402775101,-0.004098470999999999,0.0036532703999999994,0.0007125728999999296,2
44,1771402775104,-0.004098470999999999,0.0036532703999999994,0.0007125728999999296,2
45,1771402775106,-0.004098470999999999,0.0036532703999999994,0.0007125728999999296,2
46,1771402775109,-0.004129671,0.0038014703999999996,0.00029137290000003015,2
47,1771402775111,-0.004129671,0.0038014703999999996,0.00029137290000003015,2
48,1771402775114,-0.004129671,0.0038014703999999996,0.00029137290000003015,2
49,1771402775117,-0.003911270999999999,0.0037819704,0.0006345728999999071,2
50,1771402775119,-0.003911270999999999,0.0037819704,0.0006345728999999071,2
51,1771402775122,-0.003911270999999999,0.0037819704,0.0006345728999999071,2
52,1771402775124,-0.003911270999999999,0.003969170399999999,0.00021337290000000766,2
53,1771402775127,-0.004094571,0.003969170399999999,0.00021337290000000766,2
54,1771402775129,-0.004094571,0.003969170399999999,0.00021337290000000766,2
55,1771402775132,-0.004094571,0.003969170399999999,0.001028472900000076,2
56,1771402775134,-0.003915171,0.0037039704,0.001028472900000076,2
57,1771402775137,-0.003915171,0.0037039704,0.001028472900000076,2
58,1771402775139,-0.003915171,0.0037039704,0.001028472900000076,2
59,1771402775142,-0.004351971,0.004113470399999999,0.0001587728999999919,2
60,1771402775144,-0.004351971,0.004113470399999999,0.0001587728999999919,2
61,1771402775147,-0.004351971,0.004113470399999999,0.0001587728999999919,2
62,1771402775150,-0.003911270999999999,0.0036220704,0.0005643728999999979,2
63,1771402775152,-0.003911270999999999,0.0036220704,0.0005643728999999979,2
64,1771402775155,-0.003911270999999999,0.0036220704,0.0005643728999999979,2
65,1771402775157,-0.004387070999999999,0.0038053704,-4.0127100000009945e-05,2
66,1771402775160,-0.004387070999999999,0.0038053704,-4.0127100000009945e-05,2
67,1771402775162,-0.004387070999999999,0.0038053704,-4.0127100000009945e-05,2
68,1771402775165,-0.0038332709999999996,0.0036337704,0.0005760728999999457,2
69,1771402775167,-0.0038332709999999996,0.0036337704,0.0005760728999999457,2
70,1771402775170,-0.0038332709999999996,0.0036337704,0.0005760728999999457,2
71,1771402775172,-0.004273971,0.0038989704,0.00026407289999996677,2
72,1771402775175,-0.004273971,0.0038989704,0.00026407289999996677,2
73,1771402775178,-0.004273971,0.0038989704,0.00026407289999996677,2
74,1771402775180,-0.0040360710000000004,0.0035596704,0.0005019728999999799,2
75,1771402775183,-0.0040360710000000004,0.0035596704,0.0005019728999999799,2
76,1771402775185,-0.0040360710000000004,0.0035596704,0.0005019728999999799,2
77,1771402775188,-0.0042193709999999995,0.0038560703999999998,0.00017047289999993977,2
78,1771402775190,-0.0042193709999999995,0.0038560703999999998,0.00017047289999993977,2
79,1771402775193,-0.0042193709999999995,0.0038560703999999998,0.00017047289999993977,2
80,1771402775195,-0.004004871,0.0038716704,0.0003810729000000005,2
81,1771402775198,-0.004004871,0.0038716704,0.0003810729000000005,2
82,1771402775201,-0.004004871,0.0038716704,0.0003810729000000005,2
83,1771402775203,-0.004004871,0.0036220704,0.0004980728999999232,2
84,1771402775206,-0.004149171,0.0036220704,0.0004980728999999232,2
85,1771402775208,-0.004149171,0.0036220704,0.0004980728999999232,2
86,1771402775211,-0.004149171,0.0036220704,0.00027577290000002565,2
87,1771402775213,-0.004114071,0.0037273704,0.00027577290000002565,2
88,1771402775216,-0.004114071,0.0037273704,0.00027577290000002565,2
89,1771402775218,-0.004114071,0.0037273704,0.00027577290000002565,2
90,1771402775221,-0.003981471,0.0037468703999999995,0.0005682729000000545,2
91,1771402775223,-0.003981471,0.0037468703999999995,0.0005682729000000545,2
92,1771402775226,-0.003981471,0.0037468703999999995,0.0005682729000000545,2
93,1771402775229,-0.004039971,0.0037507703999999998,2.2272900000008052e-05,2
94,1771402775231,-0.004039971,0.0037507703999999998,2.2272900000008052e-05,2
95,1771402775234,-0.004039971,0.0037507703999999998,2.2272900000008052e-05,2
96,1771402775236,-0.0040750709999999996,0.0035635703999999995,0.0006345728999999071,2
97,1771402775239,-0.0040750709999999996,0.0035635703999999995,0.0006345728999999071,2
98,1771402775241,-0.0040750709999999996,0.0035635703999999995,0.0006345728999999071,2
99,1771402775244,-0.004340271,0.0038404703999999996,-3.622710000006433e-05,2
100,1771402775246,-0.004340271,0.0038404703999999996,-3.622710000006433e-05,2
101,1771402775249,-0.004340271,0.0038404703999999996,-3.622710000006433e-05,2
102,1771402775251,-0.003961971,0.0037897703999999997,0.0006540728999999682,2
103,1771402775254,-0.003961971,0.0037897703999999997,0.0006540728999999682,2
104,1771402775256,-0.003961971,0.0037897703999999997,0.0006540728999999682,2
105,1771402775259,-0.0043129710000000005,0.0037975703999999994,9.24729000000283e-05,2
106,1771402775262,-0.0043129710000000005,0.0037975703999999994,9.24729000000283e-05,2
107,1771402775264,-0.0043129710000000005,0.0037975703999999994,9.24729000000283e-05,2
108,1771402775267,-0.003993171,0.0036259703999999993,0.00045517289999996637,2
109,1771402775269,-0.003993171,0.0036259703999999993,0.00045517289999996637,2
110,1771402775272,-0.003993171,0.0036259703999999993,0.00045517289999996637,2
111,1771402775274,-0.0041803710000000004,0.0039379704,0.00020947289999995102,2
112,1771402775277,-0.0041803710000000004,0.0039379704,0.00020947289999995102,2
113,1771402775279,-0.0041803710000000004,0.0039379704,0.00020947289999995102,2
114,1771402775282,-0.0041803710000000004,0.0038053704,0.0008841728999999791,2
115,1771402775284,-0.003774771,0.0038053704,0.0008841728999999791,2
116,1771402775287,-0.003774771,0.0038053704,0.0008841728999999791,2
117,1771402775290,-0.003774771,0.0038053704,0.000396672900000005,2
118,1771402775292,-0.004129671,0.0038443704,0.000396672900000005,2
119,1771402775295,-0.004129671,0.0038443704,0.000396672900000005,2
120,1771402775297,-0.004129671,0.0038443704,0.000396672900000005,2
121,1771402775300,-0.0037669709999999996,0.0036649704,0.0006423729000000204,2
122,1771402775302,-0.0037669709999999996,0.0036649704,0.0006423729000000204,2
123,1771402775305,-0.0037669709999999996,0.0036649704,0.0006423729000000204,2
124,1771402775307,-0.004207671,0.0038248703999999994,4.1772899999958165e-05,2
0,1771402775319,-0.003759171,0.0038482704,0.0006189728999999026,2
1,1771402775321,-0.003759171,0.0037702703999999993,0.000365472899999996,2
2,1771402775324,-0.004051671,0.0037702703999999993,0.000365472899999996,2
3,1771402775326,-0.004051671,0.0037702703999999993,0.000365472899999996,2
4,1771402775329,-0.004051671,0.0037702703999999993,0.00045517289999996637,2
5,1771402775332,-0.004051671,0.0037741703999999996,0.00045517289999996637,2
6,1771402775334,-0.004051671,0.0037741703999999996,0.00045517289999996637,2
7,1771402775337,-0.004051671,0.0037741703999999996,0.00045517289999996637,2
8,1771402775339,-0.0043129710000000005,0.0037429704,0.00043177290000007064,2
9,1771402775342,-0.0043129710000000005,0.0037429704,0.00043177290000007064,2
10,1771402775344,-0.0043129710000000005,0.0037429704,0.00043177290000007064,2
11,1771402775347,-0.004156971000000001,0.0036961703999999996,0.0005019728999999799,2
12,1771402775349,-0.004156971000000001,0.0036961703999999996,0.0005019728999999799,2
13,1771402775352,-0.004156971000000001,0.0036961703999999996,0.0005019728999999799,2
14,1771402775354,-0.004254470999999999,0.0037507703999999998,0.0006735729000000294,2
15,1771402775357,-0.004254470999999999,0.0037507703999999998,0.0006735729000000294,2
16,1771402775360,-0.004254470999999999,0.0037507703999999998,0.0006735729000000294,2
17,1771402775362,-0.004215471,0.0036805703999999995,0.00045127289999990973,2
18,1771402775365,-0.004215471,0.0036805703999999995,0.00045127289999990973,2
19,1771402775367,-0.004215471,0.0036805703999999995,0.00045127289999990973,2
20,1771402775370,-0.004078971000000001,0.0036649704,0.0006423729000000204,2
21,1771402775372,-0.004078971000000001,0.0036649704,0.0006423729000000204,2
22,1771402775375,-0.004078971000000001,0.0036649704,0.0006423729000000204,2
23,1771402775377,-0.004067271000000001,0.0037936704,3.00729000000103e-05,2
24,1771402775380,-0.004067271000000001,0.0037936704,3.00729000000103e-05,2
25,1771402775388,-0.004067271000000001,0.0037936704,3.00729000000103e-05,2
26,1771402775391,-0.003926871,0.0036103704,0.0009309728999999926,2
27,1771402775394,-0.004192071,0.0038287703999999997,0.00010417289999997616,2
28,1771402775396,-0.004192071,0.0038287703999999997,0.00010417289999997616,2
29,1771402775399,-0.004192071,0.0038287703999999997,0.00010417289999997616,2
30,1771402775401,-0.003919071,0.0037741703999999996,0.0005370729000000455,2
31,1771402775404,-0.003919071,0.0037741703999999996,0.0005370729000000455,2
32,1771402775406,-0.003919071,0.0037741703999999996,0.0005370729000000455,2
33,1771402775409,-0.004215471,0.0038365703999999994,-0.0001454270999999848,2
34,1771402775411,-0.004215471,0.0038365703999999994,-0.0001454270999999848,2
35,1771402775414,-0.004215471,0.0038365703999999994,-0.0001454270999999848,2
36,1771402775416,-0.003961971,0.0036922703999999994,0.00048247289999991873,2
37,1771402775419,-0.003961971,0.0036922703999999994,0.00048247289999991873,2
38,1771402775422,-0.003961971,0.0036922703999999994,0.00048247289999991873,2
39,1771402775424,-0.003961971,0.0037546704,0.0002211729000000099,2
40,1771402775427,-0.0042310709999999994,0.0037546704,0.0002211729000000099,2
41,1771402775429,-0.0042310709999999994,0.0037546704,0.0002211729000000099,2
42,1771402775432,-0.0042310709999999994,0.0037546704,0.00043957289999996187,2
43,1771402775434,-0.003950271,0.0036805703999999995,0.00043957289999996187,2
44,1771402775437,-0.003950271,0.0036805703999999995,0.00043957289999996187,2
45,1771402775439,-0.003950271,0.0036805703999999995,0.00043957289999996187,2
46,1771402775442,-0.004250571,0.0035869703999999994,0.0003498728999999915,2
47,1771402775444,-0.004250571,0.0035869703999999994,0.0003498728999999915,2
48,1771402775447,-0.004250571,0.0035869703999999994,0.0003498728999999915,2
49,1771402775449,-0.004004871,0.0036298703999999996,0.00015487289999993527,2
50,1771402775452,-0.004004871,0.0036298703999999996,0.00015487289999993527,2
51,1771402775457,-0.004090671000000001,0.0036064703999999998,0.0006072728999999547,2
52,1771402775460,-0.004090671000000001,0.0036064703999999998,0.0006072728999999547,2
53,1771402775462,-0.004090671000000001,0.0036064703999999998,0.0006072728999999547,2
54,1771402775465,-0.004188170999999999,0.0037273704,6.517289999996491e-05,2
55,1771402775468,-0.004188170999999999,0.0037273704,6.517289999996491e-05,2
56,1771402775470,-0.004188170999999999,0.0037273704,6.517289999996491e-05,2
57,1771402775488,-0.004281771,0.0037546704,7.68729000000238e-05,2
58,1771402775491,-0.0038566710000000003,0.0037858703999999995,0.00036937290000005265,2
59,1771402775494,-0.0038566710000000003,0.0037858703999999995,0.00036937290000005265,2
60,1771402775496,-0.004316871,0.0037897703999999997,-0.00014932710000004144,2
61,1771402775499,-0.004316871,0.0037897703999999997,-0.00014932710000004144,2
62,1771402775502,-0.004316871,0.0037897703999999997,-0.00014932710000004144,2
63,1771402775504,-0.003521271,0.0035284704,0.0007242728999998774,2
64,1771402775507,-0.003521271,0.0035284704,0.0007242728999998774,2
65,1771402775509,-0.003521271,0.0035284704,0.0007242728999998774,2
66,1771402775512,-0.004461171,0.0038716704,0.0001236729000000373,2
67,1771402775515,-0.004461171,0.0038716704,0.0001236729000000373,2
68,1771402775517,-0.004461171,0.0038716704,0.0001236729000000373,2
69,1771402775520,-0.0038176710000000003,0.0036376704,0.00045127289999990973,2
70,1771402775522,-0.0038176710000000003,0.0036376704,0.00045127289999990973,2
71,1771402775525,-0.0038176710000000003,0.0036376704,0.00045127289999990973,2
72,1771402775527,-0.004351971,0.0037507703999999998,0.00042007289999990074,2
73,1771402775530,-0.004351971,0.0037507703999999998,0.00042007289999990074,2
74,1771402775532,-0.004351971,0.0037507703999999998,0.00042007289999990074,2
75,1771402775535,-0.003891771,0.0036766704,0.00041617290000006614,2
76,1771402775538,-0.003891771,0.0036766704,0.00041617290000006614,2
77,1771402775540,-0.003891771,0.0036766704,0.00041617290000006614,2
78,1771402775543,-0.004114071,0.0037273704,0.000427872900000014,2
79,1771402775545,-0.004114071,0.0037273704,0.000427872900000014,2
80,1771402775548,-0.004114071,0.0037273704,0.000427872900000014,2
81,1771402775550,-0.004114071,0.0037039704,0.0005604728999999412,2
82,1771402775553,-0.004164770999999999,0.0037039704,0.0005604728999999412,2
83,1771402775555,-0.004164770999999999,0.0037039704,0.0005604728999999412,2
84,1771402775558,-0.004164770999999999,0.0037039704,0.00020167289999994877,2
85,1771402775561,-0.004067271000000001,0.0035635703999999995,0.00020167289999994877,2
86,1771402775563,-0.004067271000000001,0.0035635703999999995,0.00020167289999994877,2
87,1771402775566,-0.004067271000000001,0.0035635703999999995,0.00020167289999994877,2
88,1771402775568,-0.004016571,0.0038677703999999997,-0.00013762709999998255,2
89,1771402775571,-0.004016571,0.0038677703999999997,-0.00013762709999998255,2
90,1771402775573,-0.004016571,0.0038677703999999997,-0.00013762709999998255,2
91,1771402775576,-0.004078971000000001,0.0038950703999999997,0.0007671729000000564,2
92,1771402775578,-0.004078971000000001,0.0038950703999999997,0.0007671729000000564,2
93,1771402775581,-0.004078971000000001,0.0038950703999999997,0.0007671729000000564,2
94,1771402775583,-0.004207671,0.0039262704,-0.00029752709999997316,2
95,1771402775586,-0.004207671,0.0039262704,-0.00029752709999997316,2
96,1771402775588,-0.004207671,0.0039262704,-0.00029752709999997316,2
97,1771402775591,-0.0036187710000000002,0.0035752703999999995,0.0008451729000000788,2
98,1771402775594,-0.0036187710000000002,0.0035752703999999995,0.0008451729000000788,2
99,1771402775596,-0.0036187710000000002,0.0035752703999999995,0.0008451729000000788,2
100,1771402775599,-0.004484571,0.0038521703999999995,-4.7927100000012194e-05,2
101,1771402775601,-0.004484571,0.0038521703999999995,-4.7927100000012194e-05,2
102,1771402775604,-0.004484571,0.0038521703999999995,-4.7927100000012194e-05,2
103,1771402775606,-0.0036616709999999996,0.0036883704,0.0009036729000000402,2
104,1771402775609,-0.0036616709999999996,0.0036883704,0.0009036729000000402,2
105,1771402775611,-0.0036616709999999996,0.0036883704,0.0009036729000000402,2
106,1771402775614,-0.004418271,0.0038677703999999997,-0.00042232710000000915,2
107,1771402775616,-0.004418271,0.0038677703999999997,-0.00042232710000000915,2
108,1771402775619,-0.004418271,0.0038677703999999997,-0.00042232710000000915,2
109,1771402775622,-0.004418271,0.0035674704,0.0006735729000000294,2
110,1771402775624,-0.0036733710000000004,0.0035674704,0.0006735729000000294,2
111,1771402775627,-0.0036733710000000004,0.0035674704,0.0006735729000000294,2
112,1771402775629,-0.0036733710000000004,0.0035674704,0.0001431728999999874,2
113,1771402775632,-0.004320770999999999,0.0038365703999999994,0.0001431728999999874,2
114,1771402775634,-0.004320770999999999,0.0038365703999999994,0.0001431728999999874,2
115,1771402775637,-0.004320770999999999,0.0038365703999999994,0.0001431728999999874,2
116,1771402775639,-0.0038215709999999997,0.0037702703999999993,0.0005760728999999457,2
117,1771402775642,-0.0038215709999999997,0.0037702703999999993,0.0005760728999999457,2
118,1771402775644,-0.0038215709999999997,0.0037702703999999993,0.0005760728999999457,2
119,1771402775647,-0.004172571,0.0037819704,0.00016267289999993752,2
120,1771402775650,-0.004172571,0.0037819704,0.00016267289999993752,2
121,1771402775652,-0.004172571,0.0037819704,0.00016267289999993752,2
122,1771402775655,-0.0035953710000000004,0.0036805703999999995,0.0005721728999998891,2
123,1771402775658,-0.0035953710000000004,0.0036805703999999995,0.0005721728999998891,2
124,1771402775661,-0.0035953710000000004,0.0036805703999999995,0.0005721728999998891,2
0,1771402775672,-0.003903471,0.0037390704,0.0002562728999999645,2
1,1771402775675,-0.003903471,0.0037390704,0.0002562728999999645,2
2,1771402775677,-0.0039580710000000005,0.0035869703999999994,0.0006423729000000204,2
3,1771402775680,-0.0039580710000000005,0.0035869703999999994,0.0006423729000000204,2
4,1771402775683,-0.0039580710000000005,0.0035869703999999994,0.0006423729000000204,2
5,1771402775685,-0.004309070999999999,0.0038443704,-0.00016882709999999155,2
6,1771402775688,-0.004309070999999999,0.0038443704,-0.00016882709999999155,2
7,1771402775697,-0.003770871,0.0038482704,0.0009270728999999359,2
8,1771402775699,-0.003770871,0.0038482704,0.0009270728999999359,2
9,1771402775702,-0.004624971,0.0040432704,-2.0627100000059832e-05,2
10,1771402775704,-0.004624971,0.0040432704,-2.0627100000059832e-05,2
11,1771402775707,-0.004624971,0.0040432704,-2.0627100000059832e-05,2
12,1771402775709,-0.0038878709999999998,0.0034777704,0.0008568729000000267,2
13,1771402775712,-0.0038878709999999998,0.0034777704,0.0008568729000000267,2
14,1771402775714,-0.0038878709999999998,0.0034777704,0.0008568729000000267,2
15,1771402775717,-0.004492371,0.0038521703999999995,-0.00010642709999997356,2
16,1771402775720,-0.004492371,0.0038521703999999995,-0.00010642709999997356,2
17,1771402775722,-0.004492371,0.0038521703999999995,-0.00010642709999997356,2
18,1771402775725,-0.003696771,0.0035089703999999994,0.0008022728999998999,2
19,1771402775727,-0.003696771,0.0035089703999999994,0.0008022728999998999,2
20,1771402775730,-0.003696771,0.0035089703999999994,0.0008022728999998999,2
21,1771402775732,-0.004414371,0.0038677703999999997,0.00026407289999996677,2
22,1771402775735,-0.004414371,0.0038677703999999997,0.00026407289999996677,2
23,1771402775737,-0.004414371,0.0038677703999999997,0.00026407289999996677,2
24,1771402775740,-0.004414371,0.0038443704,0.0005370729000000455,2
25,1771402775742,-0.003938571,0.0038443704,0.0005370729000000455,2
26,1771402775745,-0.003938571,0.0038443704,0.0005370729000000455,2
27,1771402775748,-0.003938571,0.0038443704,0.00045127289999990973,2
28,1771402775750,-0.004188170999999999,0.0038716704,0.00045127289999990973,2
29,1771402775753,-0.004188170999999999,0.0038716704,0.00045127289999990973,2
30,1771402775755,-0.004188170999999999,0.0038716704,0.00045127289999990973,2
31,1771402775758,-0.003946371000000001,0.0037078703999999995,0.0005019728999999799,2
32,1771402775760,-0.003946371000000001,0.0037078703999999995,0.0005019728999999799,2
33,1771402775763,-0.003946371000000001,0.0037078703999999995,0.0005019728999999799,2
34,1771402775765,-0.004176470999999999,0.0036688703999999996,0.0007749728999999476,2
35,1771402775768,-0.004176470999999999,0.0036688703999999996,0.0007749728999999476,2
36,1771402775771,-0.004176470999999999,0.0036688703999999996,0.0007749728999999476,2
37,1771402775773,-0.004211571000000001,0.0037897703999999997,0.00024457290000001665,2
38,1771402775776,-0.004211571000000001,0.0037897703999999997,0.00024457290000001665,2
39,1771402775778,-0.004211571000000001,0.0037897703999999997,0.00024457290000001665,2
40,1771402775781,-0.003852771,0.0038014703999999996,0.0008724729000000312,2
41,1771402775783,-0.003852771,0.0038014703999999996,0.0008724729000000312,2
42,1771402775786,-0.003852771,0.0038014703999999996,0.0008724729000000312,2
43,1771402775801,-0.004351971,0.0038209704,-0.0002897270999999709,2
44,1771402775804,-0.004410470999999999,0.0038989704,-0.00028192709999996866,2
45,1771402775807,-0.004410470999999999,0.0038989704,-0.00028192709999996866,2
46,1771402775809,-0.004410470999999999,0.0038989704,-0.00028192709999996866,2
47,1771402775812,-0.0036499709999999997,0.0034855703999999996,0.0008607729000000833,2
48,1771402775815,-0.0036499709999999997,0.0034855703999999996,0.0008607729000000833,2
49,1771402775817,-0.0036499709999999997,0.0034855703999999996,0.0008607729000000833,2
50,1771402775820,-0.004710771000000001,0.0040588704,-0.00026242710000001855,2
51,1771402775822,-0.004710771000000001,0.0040588704,-0.00026242710000001855,2
52,1771402775825,-0.004710771000000001,0.0040588704,-0.00026242710000001855,2
53,1771402775827,-0.0036343710000000004,0.0035557704,0.0009543728999998883,2
54,1771402775830,-0.0036343710000000004,0.0035557704,0.0009543728999998883,2
55,1771402775832,-0.0036343710000000004,0.0035557704,0.0009543728999998883,2
56,1771402775835,-0.004410470999999999,0.0039184703999999996,-3.622710000006433e-05,2
57,1771402775837,-0.004410470999999999,0.0039184703999999996,-3.622710000006433e-05,2
58,1771402775840,-0.004410470999999999,0.0039184703999999996,-3.622710000006433e-05,2
59,1771402775843,-0.004410470999999999,0.0035635703999999995,0.0008178728999999044,2
60,1771402775845,-0.003692871,0.0035635703999999995,0.0008178728999999044,2
61,1771402775848,-0.003692871,0.0035635703999999995,0.0008178728999999044,2
62,1771402775850,-0.003692871,0.0035635703999999995,0.00019777290000000316,2
63,1771402775853,-0.0044299709999999996,0.0038677703999999997,0.00019777290000000316,2
64,1771402775855,-0.0044299709999999996,0.0038677703999999997,0.00019777290000000316,2
65,1771402775858,-0.0044299709999999996,0.0038677703999999997,0.00019777290000000316,2
66,1771402775860,-0.003848871,0.0034933704,0.0002835728999999169,2
67,1771402775863,-0.003848871,0.0034933704,0.0002835728999999169,2
68,1771402775865,-0.003848871,0.0034933704,0.0002835728999999169,2
69,1771402775868,-0.004234971000000001,0.0036805703999999995,0.000427872900000014,2
70,1771402775871,-0.004234971000000001,0.0036805703999999995,0.000427872900000014,2
71,1771402775873,-0.004234971000000001,0.0036805703999999995,0.000427872900000014,2
72,1771402775876,-0.004090671000000001,0.0037000704,1.8372899999951416e-05,2
73,1771402775878,-0.004090671000000001,0.0037000704,1.8372899999951416e-05,2
74,1771402775881,-0.004090671000000001,0.0037000704,1.8372899999951416e-05,2
75,1771402775883,-0.003934671000000001,0.0037000704,0.0011454728999999988,2
76,1771402775886,-0.003934671000000001,0.0037000704,0.0011454728999999988,2
77,1771402775888,-0.003934671000000001,0.0037000704,0.0011454728999999988,2
78,1771402775891,-0.004211571000000001,0.0039106704,-2.0627100000059832e-05,2
79,1771402775893,-0.004211571000000001,0.0039106704,-2.0627100000059832e-05,2
80,1771402775896,-0.004211571000000001,0.0039106704,-2.0627100000059832e-05,2
81,1771402775899,-0.003642171,0.0036922703999999994,0.0010947728999999287,2
82,1771402775901,-0.003642171,0.0036922703999999994,0.0010947728999999287,2
83,1771402775904,-0.003642171,0.0036922703999999994,0.0010947728999999287,2
84,1771402775906,-0.004562571,0.0038794703999999996,-0.0004145271000000069,2
85,1771402775909,-0.004562571,0.0038794703999999996,-0.0004145271000000069,2
86,1771402775912,-0.004562571,0.0038794703999999996,-0.0004145271000000069,2
87,1771402775914,-0.003575871,0.0035401703999999997,0.0009699728999998928,2
88,1771402775917,-0.003575871,0.0035401703999999997,0.0009699728999998928,2
89,1771402775919,-0.003575871,0.0035401703999999997,0.0009699728999998928,2
90,1771402775922,-0.004426071,0.0039769704,-0.0004613271000000204,2
91,1771402775924,-0.004426071,0.0039769704,-0.0004613271000000204,2
92,1771402775927,-0.004426071,0.0039769704,-0.0004613271000000204,2
93,1771402775929,-0.004426071,0.0034699703999999994,0.0010791728999999242,2
94,1771402775932,-0.0037552709999999997,0.0034699703999999994,0.0010791728999999242,2
95,1771402775935,-0.0037552709999999997,0.0034699703999999994,0.0010791728999999242,2
96,1771402775937,-0.0037552709999999997,0.0034699703999999994,-0.00012202709999997805,2
97,1771402775940,-0.004648371,0.0037156704,-0.00012202709999997805,2
98,1771402775942,-0.004648371,0.0037156704,-0.00012202709999997805,2
99,1771402775945,-0.004648371,0.0037156704,-0.00012202709999997805,2
100,1771402775947,-0.0036616709999999996,0.0036064703999999998,0.0007944729000000087,2
101,1771402775950,-0.0036616709999999996,0.0036064703999999998,0.0007944729000000087,2
102,1771402775952,-0.0036616709999999996,0.0036064703999999998,0.0007944729000000087,2
103,1771402775955,-0.004445571000000001,0.0038716704,9.24729000000283e-05,2
104,1771402775957,-0.004445571000000001,0.0038716704,9.24729000000283e-05,2
105,1771402775960,-0.004445571000000001,0.0038716704,9.24729000000283e-05,2
106,1771402775963,-0.003813771,0.0035752703999999995,0.0006930729000000905,2
107,1771402775965,-0.003813771,0.0035752703999999995,0.0006930729000000905,2
108,1771402775968,-0.003813771,0.0035752703999999995,0.0006930729000000905,2
109,1771402775970,-0.0043792710000000006,0.0038599704,0.00022507289999995552,2
110,1771402775973,-0.0043792710000000006,0.0038599704,0.00022507289999995552,2
111,1771402775983,-0.0043792710000000006,0.0038599704,0.00022507289999995552,2
112,1771402775986,-0.004028271,0.0037741703999999996,0.0010167728999999062,2
113,1771402775988,-0.004028271,0.0037741703999999996,0.0010167728999999062,2
114,1771402775991,-0.004028271,0.0037741703999999996,0.0010167728999999062,2
115,1771402775993,-0.004359771,0.0038170704,-0.0002702271000000208,2
116,1771402775996,-0.004359771,0.0038170704,-0.0002702271000000208,2
117,1771402775998,-0.004359771,0.0038170704,-0.0002702271000000208,2
118,1771402776001,-0.003681171,0.0035479703999999994,0.0009309728999999926,2
119,1771402776011,-0.003681171,0.0035479703999999994,0.0009309728999999926,2
120,1771402776014,-0.004344171000000001,0.0037702703999999993,-0.0001298270999999803,2
121,1771402776017,-0.0036460710000000003,0.0035206704,0.0006306729000000725,2
122,1771402776020,-0.0036460710000000003,0.0035206704,0.0006306729000000725,2
123,1771402776022,-0.0036460710000000003,0.0035206704,0.0006306729000000725,2
124,1771402776025,-0.004449471,0.0038131703999999995,-0.0003482271000000433,2
0,1771402776036,-0.003922971000000001,0.0035791703999999997,0.0007320728999999907,2
1,1771402776039,-0.003922971000000001,0.0035791703999999997,0.0007320728999999907,2
2,1771402776041,-0.004098470999999999,0.0038248703999999994,-5.5727100000014444e-05,2
3,1771402776044,-0.004098470999999999,0.0038248703999999994,-5.5727100000014444e-05,2
4,1771402776047,-0.004098470999999999,0.0038248703999999994,-5.5727100000014444e-05,2
5,1771402776049,-0.003696771,0.0034426703999999994,0.0008256729000000177,2
6,1771402776052,-0.003696771,0.0034426703999999994,0.0008256729000000177,2
7,1771402776054,-0.003696771,0.0034426703999999994,0.0008256729000000177,2
8,1771402776057,-0.004406571,0.0037195703999999994,-3.622710000006433e-05,2
9,1771402776059,-0.004406571,0.0037195703999999994,-3.622710000006433e-05,2
10,1771402776062,-0.004406571,0.0037195703999999994,-3.622710000006433e-05,2
11,1771402776064,-0.0037279709999999996,0.0034894704,0.00032647289999987374,2
12,1771402776067,-0.0037279709999999996,0.0034894704,0.00032647289999987374,2
13,1771402776069,-0.0037279709999999996,0.0034894704,0.00032647289999987374,2
14,1771402776072,-0.004250571,0.0038365703999999994,0.00046297290000007964,2
15,1771402776074,-0.004250571,0.0038365703999999994,0.00046297290000007964,2
16,1771402776077,-0.004250571,0.0038365703999999994,0.00046297290000007964,2
17,1771402776080,-0.004250571,0.0038365703999999994,0.0002874728999999735,2
18,1771402776082,-0.004160871,0.0038365703999999994,0.0002874728999999735,2
19,1771402776085,-0.004160871,0.0038365703999999994,0.0002874728999999735,2
20,1771402776087,-0.004160871,0.0038365703999999994,0.0008802728999999224,2
21,1771402776090,-0.004051671,0.0038170704,0.0008802728999999224,2
22,1771402776092,-0.004051671,0.0038170704,0.0008802728999999224,2
23,1771402776095,-0.004051671,0.0038170704,0.0008802728999999224,2
24,1771402776097,-0.004371471,0.0036688703999999996,-0.0004301271000000114,2
25,1771402776100,-0.004371471,0.0036688703999999996,-0.0004301271000000114,2
26,1771402776102,-0.004371471,0.0036688703999999996,-0.0004301271000000114,2
27,1771402776105,-0.003692871,0.0034348703999999997,0.0008919729000000923,2
28,1771402776108,-0.003692871,0.0034348703999999997,0.0008919729000000923,2
29,1771402776110,-0.003692871,0.0034348703999999997,0.0008919729000000923,2
30,1771402776113,-0.004468971,0.0039496704,-0.0002546271000000163,2
31,1771402776115,-0.004468971,0.0039496704,-0.0002546271000000163,2
32,1771402776118,-0.004468971,0.0039496704,-0.0002546271000000163,2
33,1771402776120,-0.003614871,0.0036259703999999993,0.0006384728999999637,2
34,1771402776123,-0.003614871,0.0036259703999999993,0.0006384728999999637,2
35,1771402776125,-0.003614871,0.0036259703999999993,0.0006384728999999637,2
36,1771402776128,-0.004398770999999999,0.0037546704,-0.00011812710000003244,2
37,1771402776131,-0.004398770999999999,0.0037546704,-0.00011812710000003244,2
38,1771402776133,-0.004398770999999999,0.0037546704,-0.00011812710000003244,2
39,1771402776136,-0.0038605709999999997,0.0035947704,0.0010869729000000375,2
40,1771402776138,-0.0038605709999999997,0.0035947704,0.0010869729000000375,2
41,1771402776141,-0.0038605709999999997,0.0035947704,0.0010869729000000375,2
42,1771402776143,-0.004433871000000001,0.0040003704,-0.00025852710000007293,2
43,1771402776146,-0.004433871000000001,0.0040003704,-0.00025852710000007293,2
44,1771402776148,-0.004433871000000001,0.0040003704,-0.00025852710000007293,2
45,1771402776151,-0.0036382709999999998,0.0035518703999999996,0.0009309728999999926,2
46,1771402776154,-0.0036382709999999998,0.0035518703999999996,0.0009309728999999926,2
47,1771402776156,-0.0036382709999999998,0.0035518703999999996,0.0009309728999999926,2
48,1771402776159,-0.004344171000000001,0.0038443704,0.0001236729000000373,2
49,1771402776161,-0.004344171000000001,0.0038443704,0.0001236729000000373,2
50,1771402776164,-0.004344171000000001,0.0038443704,0.0001236729000000373,2
51,1771402776166,-0.004344171000000001,0.0034348703999999997,0.0005877728999998936,2
52,1771402776169,-0.0036343710000000004,0.0034348703999999997,0.0005877728999998936,2
53,1771402776171,-0.0036343710000000004,0.0034348703999999997,0.0005877728999998936,2
54,1771402776174,-0.0036343710000000004,0.0034348703999999997,0.0002991728999999214,2
55,1771402776176,-0.004258371,0.0038833704,0.0002991728999999214,2
56,1771402776179,-0.004258371,0.0038833704,0.0002991728999999214,2
57,1771402776182,-0.004258371,0.0038833704,0.0002991728999999214,2
58,1771402776184,-0.003993171,0.0037039704,0.000396672900000005,2
59,1771402776187,-0.003993171,0.0037039704,0.000396672900000005,2
60,1771402776189,-0.003993171,0.0037039704,0.000396672900000005,2
61,1771402776192,-0.004203771,0.0036610704,0.0005019728999999799,2
62,1771402776194,-0.004203771,0.0036610704,0.0005019728999999799,2
63,1771402776197,-0.004203771,0.0036610704,0.0005019728999999799,2
64,1771402776199,-0.004145271000000001,0.0040822704,8.857289999997166e-05,2
65,1771402776202,-0.004145271000000001,0.0040822704,8.857289999997166e-05,2
66,1771402776204,-0.004145271000000001,0.0040822704,8.857289999997166e-05,2
67,1771402776207,-0.003852771,0.0036727704,0.0005175728999999844,2
68,1771402776210,-0.003852771,0.0036727704,0.0005175728999999844,2
69,1771402776212,-0.003852771,0.0036727704,0.0005175728999999844,2
70,1771402776215,-0.0043636709999999995,0.0036727704,0.0002523729000000189,2
71,1771402776217,-0.0043636709999999995,0.0036727704,0.0002523729000000189,2
72,1771402776220,-0.0043636709999999995,0.0036727704,0.0002523729000000189,2
73,1771402776222,-0.003915171,0.0036688703999999996,0.0007242728999998774,2
74,1771402776225,-0.003915171,0.0036688703999999996,0.0007242728999998774,2
75,1771402776227,-0.003915171,0.0036688703999999996,0.0007242728999998774,2
76,1771402776230,-0.004359771,0.0037975703999999994,-5.182710000006883e-05,2
77,1771402776232,-0.004359771,0.0037975703999999994,-5.182710000006883e-05,2
78,1771402776235,-0.004359771,0.0037975703999999994,-5.182710000006883e-05,2
79,1771402776238,-0.0037552709999999997,0.0033490704,0.0007476728999999952,2
80,1771402776240,-0.0037552709999999997,0.0033490704,0.0007476728999999952,2
81,1771402776243,-0.0037552709999999997,0.0033490704,0.0007476728999999952,2
82,1771402776245,-0.0037552709999999997,0.0038131703999999995,2.7728999999469166e-06,2
83,1771402776248,-0.004320770999999999,0.0038131703999999995,2.7728999999469166e-06,2
84,1771402776250,-0.004320770999999999,0.0038131703999999995,2.7728999999469166e-06,2
85,1771402776253,-0.004320770999999999,0.0038131703999999995,2.7728999999469166e-06,2
86,1771402776259,-0.003747471,0.0038053704,0.0008880729000000357,2
87,1771402776261,-0.004546971,0.0037156704,-2.4527100000005446e-05,2
88,1771402776264,-0.004546971,0.0037156704,-2.4527100000005446e-05,2
89,1771402776267,-0.004546971,0.0037156704,-2.4527100000005446e-05,2
90,1771402776269,-0.004546971,0.0035323704,0.0008022728999998999,2
91,1771402776272,-0.003973671,0.0035323704,0.0008022728999998999,2
92,1771402776274,-0.003973671,0.0035323704,0.0008022728999998999,2
93,1771402776277,-0.003973671,0.0035323704,0.000271872899999969,2
94,1771402776279,-0.004258371,0.0037312703999999993,0.000271872899999969,2
95,1771402776282,-0.004258371,0.0037312703999999993,0.000271872899999969,2
96,1771402776284,-0.004258371,0.0037312703999999993,0.000271872899999969,2
97,1771402776287,-0.003825471,0.0036883704,0.00034207289999987824,2
98,1771402776289,-0.003825471,0.0036883704,0.00034207289999987824,2
99,1771402776292,-0.003825471,0.0036883704,0.00034207289999987824,2
100,1771402776294,-0.004082871,0.0038404703999999996,0.0007983729000000654,2
101,1771402776297,-0.004082871,0.0038404703999999996,0.0007983729000000654,2
102,1771402776300,-0.004082871,0.0038404703999999996,0.0007983729000000654,2
103,1771402776302,-0.004281771,0.0038365703999999994,0.0001236729000000373,2
104,1771402776305,-0.004281771,0.0038365703999999994,0.0001236729000000373,2
105,1771402776307,-0.004281771,0.0038365703999999994,0.0001236729000000373,2
106,1771402776310,-0.003891771,0.0037117704,0.0007788729000000042,2
107,1771402776312,-0.003891771,0.0037117704,0.0007788729000000042,2
108,1771402776322,-0.004351971,0.0040315704,1.8372899999951416e-05,2
109,1771402776325,-0.0038332709999999996,0.0037234703999999997,0.0007866728999998954,2
110,1771402776327,-0.0038332709999999996,0.0037234703999999997,0.0007866728999998954,2
111,1771402776330,-0.0038332709999999996,0.0037234703999999997,0.0007866728999998954,2
112,1771402776332,-0.0038332709999999996,0.0038911703999999995,-0.0003053270999999754,2
113,1771402776335,-0.004472871,0.0038911703999999995,-0.0003053270999999754,2
114,1771402776337,-0.004472871,0.0038911703999999995,-0.0003053270999999754,2
115,1771402776340,-0.004472871,0.0038911703999999995,0.0007125728999999296,2
116,1771402776342,-0.003919071,0.0037273704,0.0007125728999999296,2
117,1771402776345,-0.003919071,0.0037273704,0.0007125728999999296,2
118,1771402776348,-0.003919071,0.0037273704,0.0007125728999999296,2
119,1771402776350,-0.004500171000000001,0.0039613704,-6.742710000007333e-05,2
120,1771402776353,-0.004500171000000001,0.0039613704,-6.742710000007333e-05,2
121,1771402776355,-0.004500171000000001,0.0039613704,-6.742710000007333e-05,2
122,1771402776358,-0.0037123710000000003,0.0035596704,0.0006384728999999637,2
123,1771402776360,-0.0037123710000000003,0.0035596704,0.0006384728999999637,2
124,1771402776363,-0.0037123710000000003,0.0035596704,0.0006384728999999637,2
0,1771402776374,-0.0038956710000000003,0.0037351703999999996,0.0005487728999999934,2
1,1771402776377,-0.0038956710000000003,0.0037351703999999996,0.0005487728999999934,2
2,1771402776379,-0.0038956710000000003,0.0037351703999999996,0.0002835728999999169,2
3,1771402776382,-0.004227171,0.0038326704,0.0002835728999999169,2
4,1771402776384,-0.004227171,0.0038326704,0.0002835728999999169,2
5,1771402776387,-0.004227171,0.0038326704,0.0002835728999999169,2
6,1771402776389,-0.003926871,0.0037897703999999997,0.00043177290000007064,2
7,1771402776392,-0.003926871,0.0037897703999999997,0.00043177290000007064,2
8,1771402776394,-0.003926871,0.0037897703999999997,0.00043177290000007064,2
9,1771402776397,-0.004192071,0.0038131703999999995,0.0006969728999999251,2
10,1771402776400,-0.004192071,0.0038131703999999995,0.0006969728999999251,2
11,1771402776402,-0.004192071,0.0038131703999999995,0.0006969728999999251,2
12,1771402776405,-0.004110170999999999,0.0038716704,5.7372899999962664e-05,2
13,1771402776407,-0.004110170999999999,0.0038716704,5.7372899999962664e-05,2
14,1771402776410,-0.004110170999999999,0.0038716704,5.7372899999962664e-05,2
15,1771402776412,-0.003961971,0.0036922703999999994,0.0006072728999999547,2
16,1771402776415,-0.003961971,0.0036922703999999994,0.0006072728999999547,2
17,1771402776417,-0.003961971,0.0036922703999999994,0.0006072728999999547,2
18,1771402776420,-0.0042466710000000005,0.003941870399999999,-5.5727100000014444e-05,2
19,1771402776422,-0.0042466710000000005,0.003941870399999999,-5.5727100000014444e-05,2
20,1771402776425,-0.0042466710000000005,0.003941870399999999,-5.5727100000014444e-05,2
21,1771402776428,-0.003786471,0.0036571703999999997,0.000677472900000086,2
22,1771402776430,-0.003786471,0.0036571703999999997,0.000677472900000086,2
23,1771402776433,-0.003786471,0.0036571703999999997,0.000677472900000086,2
24,1771402776436,-0.004344171000000001,0.0038755703999999993,-0.00013762709999998255,2
25,1771402776438,-0.004344171000000001,0.0038755703999999993,-0.00013762709999998255,2
26,1771402776441,-0.004344171000000001,0.0038755703999999993,-0.00013762709999998255,2
27,1771402776443,-0.003938571,0.0035752703999999995,0.0007593728999999431,2
28,1771402776446,-0.003938571,0.0035752703999999995,0.0007593728999999431,2
29,1771402776448,-0.003938571,0.0035752703999999995,0.0007593728999999431,2
30,1771402776451,-0.004461171,0.0037507703999999998,-0.00035992709999999116,2
31,1771402776453,-0.004461171,0.0037507703999999998,-0.00035992709999999116,2
32,1771402776456,-0.004461171,0.0037507703999999998,-0.00035992709999999116,2
33,1771402776458,-0.004461171,0.0035401703999999997,0.0007788729000000042,2
34,1771402776461,-0.0037552709999999997,0.0035401703999999997,0.0007788729000000042,2
35,1771402776464,-0.0037552709999999997,0.0035401703999999997,0.0007788729000000042,2
36,1771402776466,-0.0037552709999999997,0.0035401703999999997,0.00027577290000002565,2
37,1771402776469,-0.004316871,0.0039457704,0.00027577290000002565,2
38,1771402776471,-0.004316871,0.0039457704,0.00027577290000002565,2
39,1771402776474,-0.004316871,0.0039457704,0.00027577290000002565,2
40,1771402776476,-0.003852771,0.0037000704,0.0007710728999998909,2
41,1771402776479,-0.003852771,0.0037000704,0.0007710728999998909,2
42,1771402776481,-0.003852771,0.0037000704,0.0007710728999998909,2
43,1771402776484,-0.004465070999999999,0.0037858703999999995,0.00015487289999993527,2
44,1771402776486,-0.004465070999999999,0.0037858703999999995,0.00015487289999993527,2
45,1771402776489,-0.004465070999999999,0.0037858703999999995,0.00015487289999993527,2
46,1771402776492,-0.003915171,0.0036805703999999995,0.0006501728999999116,2
47,1771402776494,-0.003915171,0.0036805703999999995,0.0006501728999999116,2
48,1771402776497,-0.003915171,0.0036805703999999995,0.0006501728999999116,2
49,1771402776499,-0.004293471,0.0037507703999999998,0.00055267290000005,2
50,1771402776502,-0.004293471,0.0037507703999999998,0.00055267290000005,2
51,1771402776504,-0.004293471,0.0037507703999999998,0.00055267290000005,2
52,1771402776507,-0.004051671,0.0035986704,0.0005565728999998846,2
53,1771402776509,-0.004051671,0.0035986704,0.0005565728999998846,2
54,1771402776512,-0.004051671,0.0035986704,0.0005565728999998846,2
55,1771402776514,-0.0040243710000000005,0.0036766704,0.00038497290000005715,2
56,1771402776517,-0.0040243710000000005,0.0036766704,0.00038497290000005715,2
57,1771402776519,-0.0040243710000000005,0.0036766704,0.00038497290000005715,2
58,1771402776522,-0.003864471,0.0039028703999999994,0.0005292728999999322,2
59,1771402776525,-0.003864471,0.0039028703999999994,0.0005292728999999322,2
60,1771402776527,-0.003864471,0.0039028703999999994,0.0005292728999999322,2
61,1771402776530,-0.003864471,0.0039067704,0.0004941729000000886,2
62,1771402776532,-0.003973671,0.0039067704,0.0004941729000000886,2
63,1771402776535,-0.003973671,0.0039067704,0.0004941729000000886,2
64,1771402776537,-0.003973671,0.0036142703999999994,0.00029137290000003015,2
65,1771402776540,-0.004098470999999999,0.0036142703999999994,0.00029137290000003015,2
66,1771402776542,-0.004098470999999999,0.0036142703999999994,0.00029137290000003015,2
67,1771402776545,-0.004098470999999999,0.0036142703999999994,0.0004941729000000886,2
68,1771402776548,-0.003969771,0.0036961703999999996,0.0004941729000000886,2
69,1771402776550,-0.003969771,0.0036961703999999996,0.0004941729000000886,2
70,1771402776553,-0.003969771,0.0036961703999999996,0.0004941729000000886,2
71,1771402776555,-0.0041023710000000005,0.0037897703999999997,0.0003303728999999304,2
72,1771402776558,-0.0041023710000000005,0.0037897703999999997,0.0003303728999999304,2
73,1771402776560,-0.0041023710000000005,0.0037897703999999997,0.0003303728999999304,2
74,1771402776563,-0.004078971000000001,0.0037468703999999995,0.0007242728999998774,2
75,1771402776565,-0.004078971000000001,0.0037468703999999995,0.0007242728999998774,2
76,1771402776568,-0.004078971000000001,0.0037468703999999995,0.0007242728999998774,2
77,1771402776570,-0.004340271,0.0038560703999999998,0.0005643728999999979,2
78,1771402776573,-0.004340271,0.0038560703999999998,0.0005643728999999979,2
79,1771402776576,-0.004340271,0.0038560703999999998,0.0005643728999999979,2
80,1771402776578,-0.003981471,0.0037390704,0.0004434729000000185,2
81,1771402776581,-0.003981471,0.0037390704,0.0004434729000000185,2
82,1771402776583,-0.003981471,0.0037390704,0.0004434729000000185,2
83,1771402776586,-0.004133571000000001,0.0040666704,0.000677472900000086,2
84,1771402776588,-0.004133571000000001,0.0040666704,0.000677472900000086,2
85,1771402776591,-0.004133571000000001,0.0040666704,0.000677472900000086,2
86,1771402776593,-0.0038956710000000003,0.0037897703999999997,0.0001899729000000009,2
87,1771402776596,-0.0038956710000000003,0.0037897703999999997,0.0001899729000000009,2
88,1771402776598,-0.0038956710000000003,0.0037897703999999997,0.0001899729000000009,2
89,1771402776601,-0.003837171,0.0035830704,0.0006072728999999547,2
90,1771402776604,-0.003837171,0.0035830704,0.0006072728999999547,2
91,1771402776606,-0.003837171,0.0035830704,0.0006072728999999547,2
92,1771402776609,-0.003837171,0.0038248703999999994,0.00035377290000004815,2
93,1771402776611,-0.004082871,0.0038248703999999994,0.00035377290000004815,2
94,1771402776614,-0.004082871,0.0038248703999999994,0.00035377290000004815,2
95,1771402776616,-0.004082871,0.0038248703999999994,0.00035767289999988274,2
96,1771402776619,-0.0038449710000000004,0.0035947704,0.00035767289999988274,2
97,1771402776628,-0.004082871,0.0037819704,0.00043177290000007064,2
98,1771402776635,-0.004082871,0.0037819704,0.00043177290000007064,2
99,1771402776638,-0.004121870999999999,0.0036454703999999997,0.000646272900000077,2
100,1771402776641,-0.004043870999999999,0.0037936704,0.00040447289999989624,2
101,1771402776643,-0.004043870999999999,0.0037936704,0.00040447289999989624,2
102,1771402776646,-0.004043870999999999,0.0037936704,0.00040447289999989624,2
103,1771402776648,-0.004051671,0.0037936704,0.0006813728999999206,2
104,1771402776651,-0.004051671,0.0037936704,0.0006813728999999206,2
105,1771402776653,-0.004051671,0.0037936704,0.0006813728999999206,2
106,1771402776660,-0.004281771,0.0037039704,0.00011587290000003505,2
107,1771402776662,-0.004281771,0.0037039704,0.00011587290000003505,2
108,1771402776665,-0.0038566710000000003,0.0036298703999999996,0.00048637289999997537,2
109,1771402776667,-0.0038566710000000003,0.0036298703999999996,0.00048637289999997537,2
110,1771402776670,-0.0038566710000000003,0.0036298703999999996,0.00048637289999997537,2
111,1771402776673,-0.0043636709999999995,0.0039067704,0.00014707289999993302,2
112,1771402776676,-0.0043636709999999995,0.0039067704,0.00014707289999993302,2
113,1771402776678,-0.0043636709999999995,0.0039067704,0.00014707289999993302,2
114,1771402776681,-0.003770871,0.0036220704,0.0005331728999999889,2
115,1771402776684,-0.003770871,0.0036220704,0.0005331728999999889,2
116,1771402776686,-0.003770871,0.0036220704,0.0005331728999999889,2
117,1771402776689,-0.004273971,0.0038287703999999997,0.00016657289999999416,2
118,1771402776691,-0.004273971,0.0038287703999999997,0.00016657289999999416,2
119,1771402776694,-0.004273971,0.0038287703999999997,0.00016657289999999416,2
120,1771402776696,-0.0040867709999999995,0.0036259703999999993,0.0007203729000000429,2
121,1771402776699,-0.0040867709999999995,0.0036259703999999993,0.0007203729000000429,2
122,1771402776701,-0.0040867709999999995,0.0036259703999999993,0.0007203729000000429,2
123,1771402776704,-0.004016571,0.0036805703999999995,0.00019777290000000316,2
124,1771402776706,-0.004016571,0.0036805703999999995,0.00019777290000000316,2
0,1771402776718,-0.003981471,0.0037312703999999993,0.0009348729000000492,2
1,1771402776721,-0.004082871,0.0035869703999999994,5.347290000001705e-05,2
2,1771402776723,-0.004082871,0.0035869703999999994,5.347290000001705e-05,2
3,1771402776726,-0.004082871,0.0035869703999999994,5.347290000001705e-05,2
4,1771402776728,-0.0036343710000000004,0.0036025703999999995,0.00040837289999995287,2
5,1771402776731,-0.0036343710000000004,0.0036025703999999995,0.00040837289999995287,2
6,1771402776733,-0.0036343710000000004,0.0036025703999999995,0.00040837289999995287,2
7,1771402776736,-0.004320770999999999,0.0037780704,0.0003147728999999259,2
8,1771402776738,-0.004320770999999999,0.0037780704,0.0003147728999999259,2
9,1771402776741,-0.004320770999999999,0.0037780704,0.0003147728999999259,2
10,1771402776744,-0.003763071,0.0037117704,0.00040447289999989624,2
11,1771402776746,-0.003763071,0.0037117704,0.00040447289999989624,2
12,1771402776749,-0.003763071,0.0037117704,0.00040447289999989624,2
13,1771402776751,-0.004039971,0.0035869703999999994,0.00026017290000002115,2
14,1771402776754,-0.004039971,0.0035869703999999994,0.00026017290000002115,2
15,1771402776756,-0.004039971,0.0035869703999999994,0.00026017290000002115,2
16,1771402776759,-0.004149171,0.0037039704,0.0003615728999999394,2
17,1771402776761,-0.004149171,0.0037039704,0.0003615728999999394,2
18,1771402776764,-0.004149171,0.0037039704,0.0003615728999999394,2
19,1771402776767,-0.004149171,0.0037975703999999994,0.00035767289999988274,2
20,1771402776769,-0.004063371,0.0037975703999999994,0.00035767289999988274,2
21,1771402776772,-0.004063371,0.0037975703999999994,0.00035767289999988274,2
22,1771402776774,-0.004063371,0.0037975703999999994,0.00020167289999994877,2
23,1771402776777,-0.003981471,0.0038209704,0.00020167289999994877,2
24,1771402776779,-0.003981471,0.0038209704,0.00020167289999994877,2
25,1771402776782,-0.003981471,0.0038209704,0.00020167289999994877,2
26,1771402776784,-0.003969771,0.0037663704,0.0001743728999999964,2
27,1771402776787,-0.003969771,0.0037663704,0.0001743728999999964,2
28,1771402776789,-0.003969771,0.0037663704,0.0001743728999999964,2
29,1771402776792,-0.003946371000000001,0.0037702703999999993,0.00022897290000001215,2
30,1771402776794,-0.003946371000000001,0.0037702703999999993,0.00022897290000001215,2
31,1771402776797,-0.003946371000000001,0.0037702703999999993,0.00022897290000001215,2
32,1771402776800,-0.0040360710000000004,0.0037468703999999995,0.0005799729000000024,2
33,1771402776802,-0.0040360710000000004,0.0037468703999999995,0.0005799729000000024,2
34,1771402776805,-0.0040360710000000004,0.0037468703999999995,0.0005799729000000024,2
35,1771402776807,-0.003993171,0.0038287703999999997,0.00020947289999995102,2
36,1771402776810,-0.003993171,0.0038287703999999997,0.00020947289999995102,2
37,1771402776812,-0.003993171,0.0038287703999999997,0.00020947289999995102,2
38,1771402776815,-0.003747471,0.0036415703999999995,0.0005448728999999367,2
39,1771402776817,-0.003747471,0.0036415703999999995,0.0005448728999999367,2
40,1771402776820,-0.003747471,0.0036415703999999995,0.0005448728999999367,2
41,1771402776822,-0.004094571,0.0037897703999999997,0.000271872899999969,2
42,1771402776825,-0.004094571,0.0037897703999999997,0.000271872899999969,2
43,1771402776828,-0.004094571,0.0037897703999999997,0.000271872899999969,2
44,1771402776830,-0.0038566710000000003,0.0038092704,0.00041617290000006614,2
45,1771402776833,-0.0038566710000000003,0.0038092704,0.00041617290000006614,2
46,1771402776835,-0.0038566710000000003,0.0038092704,0.00041617290000006614,2
47,1771402776838,-0.0039424709999999995,0.0039340704,9.637289999997391e-05,2
48,1771402776840,-0.0039424709999999995,0.0039340704,9.637289999997391e-05,2
49,1771402776843,-0.0039424709999999995,0.0039340704,9.637289999997391e-05,2
50,1771402776845,-0.0039424709999999995,0.0038170704,0.00044737290000007514,2
51,1771402776848,-0.004090671000000001,0.0038170704,0.00044737290000007514,2
52,1771402776850,-0.004090671000000001,0.0038170704,0.00044737290000007514,2
53,1771402776853,-0.004090671000000001,0.0038170704,0.000490272900000032,2
54,1771402776856,-0.004164770999999999,0.0037780704,0.000490272900000032,2
55,1771402776858,-0.004164770999999999,0.0037780704,0.000490272900000032,2
56,1771402776861,-0.004164770999999999,0.0037780704,0.000490272900000032,2
57,1771402776863,-0.004141371,0.004008170399999999,0.0006423729000000204,2
58,1771402776866,-0.004141371,0.004008170399999999,0.0006423729000000204,2
59,1771402776868,-0.004141371,0.004008170399999999,0.0006423729000000204,2
60,1771402776871,-0.004043870999999999,0.0036532703999999994,0.00026017290000002115,2
61,1771402776873,-0.004043870999999999,0.0036532703999999994,0.00026017290000002115,2
62,1771402776876,-0.004043870999999999,0.0036532703999999994,0.00026017290000002115,2
63,1771402776878,-0.004051671,0.0036454703999999997,0.00046297290000007964,2
64,1771402776881,-0.004051671,0.0036454703999999997,0.00046297290000007964,2
65,1771402776884,-0.004051671,0.0036454703999999997,0.00046297290000007964,2
66,1771402776886,-0.003903471,0.0039106704,0.0003147728999999259,2
67,1771402776889,-0.003903471,0.0039106704,0.0003147728999999259,2
68,1771402776891,-0.003903471,0.0039106704,0.0003147728999999259,2
69,1771402776894,-0.003938571,0.0037897703999999997,0.00024847289999996227,2
70,1771402776896,-0.003938571,0.0037897703999999997,0.00024847289999996227,2
71,1771402776899,-0.003938571,0.0037897703999999997,0.00024847289999996227,2
72,1771402776902,-0.0040750709999999996,0.0037936704,0.0002367729000000144,2
73,1771402776904,-0.0040750709999999996,0.0037936704,0.0002367729000000144,2
74,1771402776907,-0.0040750709999999996,0.0037936704,0.0002367729000000144,2
75,1771402776910,-0.004063371,0.0038209704,0.0006384728999999637,2
76,1771402776912,-0.004063371,0.0038209704,0.0006384728999999637,2
77,1771402776915,-0.004063371,0.0038209704,0.0006384728999999637,2
78,1771402776917,-0.004160871,0.0037429704,0.00047857290000008414,2
79,1771402776920,-0.004160871,0.0037429704,0.00047857290000008414,2
80,1771402776922,-0.004160871,0.0037429704,0.00047857290000008414,2
81,1771402776925,-0.004129671,0.0036766704,0.00019777290000000316,2
82,1771402776928,-0.004129671,0.0036766704,0.00019777290000000316,2
83,1771402776936,-0.003969771,0.0036415703999999995,0.00041617290000006614,2
84,1771402776939,-0.003969771,0.0036415703999999995,0.00041617290000006614,2
85,1771402776941,-0.004047771,0.0037468703999999995,0.00027967289999997127,2
86,1771402776944,-0.004047771,0.0037468703999999995,0.00027967289999997127,2
87,1771402776946,-0.004047771,0.0037468703999999995,0.00027967289999997127,2
88,1771402776949,-0.004047771,0.0037351703999999996,0.00022507289999995552,2
89,1771402776951,-0.004047771,0.0037351703999999996,0.00022507289999995552,2
90,1771402776954,-0.004047771,0.0037351703999999996,0.00022507289999995552,2
91,1771402776956,-0.004082871,0.0037663704,0.00036937290000005265,2
92,1771402776959,-0.004082871,0.0037663704,0.00036937290000005265,2
93,1771402776962,-0.004082871,0.0037663704,0.00036937290000005265,2
94,1771402776964,-0.004145271000000001,0.0037351703999999996,0.00022897290000001215,2
95,1771402776974,-0.004145271000000001,0.0037351703999999996,0.00022897290000001215,2
96,1771402776977,-0.004082871,0.0038131703999999995,0.0007164728999999862,2
97,1771402776979,-0.004082871,0.0038131703999999995,0.00016657289999999416,2
98,1771402776982,-0.0041686710000000005,0.0038677703999999997,0.00016657289999999416,2
99,1771402776984,-0.0041686710000000005,0.0038677703999999997,0.00016657289999999416,2
100,1771402776987,-0.0041686710000000005,0.0038677703999999997,0.00016657289999999416,2
101,1771402776989,-0.004094571,0.0036922703999999994,0.0008802728999999224,2
102,1771402776992,-0.004094571,0.0036922703999999994,0.0008802728999999224,2
103,1771402776995,-0.004094571,0.0036922703999999994,0.0008802728999999224,2
104,1771402776997,-0.004227171,0.0036571703999999997,0.00036937290000005265,2
105,1771402777000,-0.004227171,0.0036571703999999997,0.00036937290000005265,2
106,1771402777002,-0.004227171,0.0036571703999999997,0.00036937290000005265,2
107,1771402777005,-0.003911270999999999,0.0036142703999999994,0.0006111729000000114,2
108,1771402777007,-0.003911270999999999,0.0036142703999999994,0.0006111729000000114,2
109,1771402777010,-0.003911270999999999,0.0036142703999999994,0.0006111729000000114,2
110,1771402777012,-0.004238871,0.0037624703999999997,-8.692710000002344e-05,2
111,1771402777015,-0.004238871,0.0037624703999999997,-8.692710000002344e-05,2
112,1771402777018,-0.004238871,0.0037624703999999997,-8.692710000002344e-05,2
113,1771402777020,-0.003938571,0.0034504704,0.0007749728999999476,2
114,1771402777023,-0.003938571,0.0034504704,0.0007749728999999476,2
115,1771402777025,-0.003938571,0.0034504704,0.0007749728999999476,2
116,1771402777028,-0.004402671,0.0039067704,0.0005097728999998711,2
117,1771402777030,-0.004402671,0.0039067704,0.0005097728999998711,2
118,1771402777033,-0.004402671,0.0039067704,0.0005097728999998711,2
119,1771402777035,-0.003809871,0.0036298703999999996,0.00040837289999995287,2
120,1771402777038,-0.003809871,0.0036298703999999996,0.00040837289999995287,2
121,1771402777041,-0.003809871,0.0036298703999999996,0.00040837289999995287,2
122,1771402777043,-0.004125771,0.0037936704,0.00019777290000000316,2
123,1771402777046,-0.004125771,0.0037936704,0.00019777290000000316,2
124,1771402777049,-0.004125771,0.0037936704,0.00019777290000000316,2
0,1771402777060,-0.004203771,0.0037156704,5.347290000001705e-05,2
1,1771402777063,-0.004203771,0.0037156704,5.347290000001705e-05,2
2,1771402777066,-0.004203771,0.0037156704,5.347290000001705e-05,2
3,1771402777068,-0.003989271000000001,0.0036844703999999997,0.00032647289999987374,2
4,1771402777071,-0.003989271000000001,0.0036844703999999997,0.00032647289999987374,2
5,1771402777073,-0.003989271000000001,0.0036844703999999997,0.00032647289999987374,2
6,1771402777076,-0.004071171,0.0037078703999999995,0.00013537289999998516,2
7,1771402777078,-0.004071171,0.0037078703999999995,0.00013537289999998516,2
8,1771402777081,-0.004071171,0.0037078703999999995,0.00013537289999998516,2
9,1771402777083,-0.003922971000000001,0.0038989704,0.0005292728999999322,2
10,1771402777086,-0.003922971000000001,0.0038989704,0.0005292728999999322,2
11,1771402777089,-0.003922971000000001,0.0038989704,0.0005292728999999322,2
12,1771402777091,-0.004082871,0.0037351703999999996,0.0005916728999999502,2
13,1771402777094,-0.004082871,0.0037351703999999996,0.0005916728999999502,2
14,1771402777096,-0.004082871,0.0037351703999999996,0.0005916728999999502,2
15,1771402777099,-0.004176470999999999,0.0038170704,0.0005058729000000365,2
16,1771402777101,-0.004176470999999999,0.0038170704,0.0005058729000000365,2
17,1771402777104,-0.004176470999999999,0.0038170704,0.0005058729000000365,2
18,1771402777106,-0.004133571000000001,0.0037702703999999993,0.0006306729000000725,2
19,1771402777109,-0.004133571000000001,0.0037702703999999993,0.0006306729000000725,2
20,1771402777112,-0.004133571000000001,0.0037702703999999993,0.0006306729000000725,2
21,1771402777114,-0.004106271,0.0039613704,0.00021727289999995327,2
22,1771402777117,-0.004106271,0.0039613704,0.00021727289999995327,2
23,1771402777119,-0.004106271,0.0039613704,0.00021727289999995327,2
24,1771402777122,-0.004106271,0.0036493704,0.00022897290000001215,2
25,1771402777124,-0.003841071,0.0036493704,0.00022897290000001215,2
26,1771402777127,-0.003841071,0.0036493704,0.00022897290000001215,2
27,1771402777129,-0.003841071,0.0036493704,0.00033817290000004365,2
28,1771402777132,-0.004110170999999999,0.0038248703999999994,0.00033817290000004365,2
29,1771402777134,-0.004110170999999999,0.0038248703999999994,0.00033817290000004365,2
30,1771402777137,-0.004110170999999999,0.0038248703999999994,0.00033817290000004365,2
31,1771402777139,-0.003743571,0.0038170704,0.0007320728999999907,2
32,1771402777142,-0.003743571,0.0038170704,0.0007320728999999907,2
33,1771402777145,-0.003743571,0.0038170704,0.0007320728999999907,2
34,1771402777147,-0.004020470999999999,0.0040003704,0.0005877728999998936,2
35,1771402777150,-0.004020470999999999,0.0040003704,0.0005877728999998936,2
36,1771402777152,-0.004020470999999999,0.0040003704,0.0005877728999998936,2
37,1771402777155,-0.003954170999999999,0.0037897703999999997,0.0003186728999999825,2
38,1771402777157,-0.003954170999999999,0.0037897703999999997,0.0003186728999999825,2
39,1771402777160,-0.003954170999999999,0.0037897703999999997,0.0003186728999999825,2
40,1771402777162,-0.004156971000000001,0.0037468703999999995,0.00030697290000003465,2
41,1771402777165,-0.004156971000000001,0.0037468703999999995,0.00030697290000003465,2
42,1771402777168,-0.004156971000000001,0.0037468703999999995,0.00030697290000003465,2
43,1771402777170,-0.0041686710000000005,0.0037585703999999994,0.0005994729000000635,2
44,1771402777173,-0.0041686710000000005,0.0037585703999999994,0.0005994729000000635,2
45,1771402777175,-0.0041686710000000005,0.0037585703999999994,0.0005994729000000635,2
46,1771402777178,-0.004114071,0.003941870399999999,0.00032647289999987374,2
47,1771402777180,-0.004114071,0.003941870399999999,0.00032647289999987374,2
48,1771402777183,-0.004114071,0.003941870399999999,0.00032647289999987374,2
49,1771402777185,-0.003903471,0.0038209704,0.00021337290000000766,2
50,1771402777188,-0.003903471,0.0038209704,0.00021337290000000766,2
51,1771402777191,-0.003903471,0.0038209704,0.00021337290000000766,2
52,1771402777193,-0.004133571000000001,0.0038365703999999994,0.000521472900000041,2
53,1771402777196,-0.004133571000000001,0.0038365703999999994,0.000521472900000041,2
54,1771402777198,-0.004133571000000001,0.0038365703999999994,0.000521472900000041,2
55,1771402777201,-0.004133571000000001,0.0037702703999999993,0.00055267290000005,2
56,1771402777203,-0.003922971000000001,0.0037702703999999993,0.00055267290000005,2
57,1771402777206,-0.003922971000000001,0.0037702703999999993,0.00055267290000005,2
58,1771402777208,-0.003922971000000001,0.0037702703999999993,0.0006657728999999161,2
59,1771402777211,-0.003926871,0.0037429704,0.0006657728999999161,2
60,1771402777213,-0.003926871,0.0037429704,0.0006657728999999161,2
61,1771402777216,-0.003926871,0.0037429704,0.0006657728999999161,2
62,1771402777218,-0.004004871,0.0038638703999999994,-3.622710000006433e-05,2
63,1771402777221,-0.004004871,0.0038638703999999994,-3.622710000006433e-05,2
64,1771402777224,-0.004004871,0.0038638703999999994,-3.622710000006433e-05,2
65,1771402777226,-0.0037123710000000003,0.0036025703999999995,0.0005019728999999799,2
66,1771402777229,-0.0037123710000000003,0.0036025703999999995,0.0005019728999999799,2
67,1771402777231,-0.0037123710000000003,0.0036025703999999995,0.0005019728999999799,2
68,1771402777234,-0.004094571,0.0037702703999999993,0.00024067289999996002,2
69,1771402777242,-0.004090671000000001,0.0034777704,0.000365472899999996,2
70,1771402777245,-0.004090671000000001,0.0034777704,0.000365472899999996,2
71,1771402777248,-0.004090671000000001,0.0034777704,0.000365472899999996,2
72,1771402777250,-0.004129671,0.0035362703999999995,0.00024457290000001665,2
73,1771402777253,-0.004129671,0.0035362703999999995,0.00024457290000001665,2
74,1771402777255,-0.004129671,0.0035362703999999995,0.00024457290000001665,2
75,1771402777258,-0.003926871,0.0037507703999999998,0.0005877728999998936,2
76,1771402777260,-0.003926871,0.0037507703999999998,0.0005877728999998936,2
77,1771402777263,-0.003926871,0.0037507703999999998,0.0005877728999998936,2
78,1771402777265,-0.004059471,0.0037936704,0.00040057290000006165,2
79,1771402777268,-0.004059471,0.0037936704,0.00040057290000006165,2
80,1771402777270,-0.004059471,0.0037936704,0.00040057290000006165,2
81,1771402777273,-0.003961971,0.0036376704,0.00022507289999995552,2
82,1771402777276,-0.003961971,0.0036376704,0.00022507289999995552,2
83,1771402777278,-0.003961971,0.0036376704,0.00022507289999995552,2
84,1771402777281,-0.004106271,0.0035089703999999994,0.00024457290000001665,2
85,1771402777283,-0.004106271,0.0035089703999999994,0.00024457290000001665,2
86,1771402777286,-0.004106271,0.0035089703999999994,0.00024457290000001665,2
87,1771402777288,-0.003961971,0.0036922703999999994,0.0005370729000000455,2
88,1771402777291,-0.003961971,0.0036922703999999994,0.0005370729000000455,2
89,1771402777293,-0.003961971,0.0036922703999999994,0.0005370729000000455,2
90,1771402777296,-0.004055570999999999,0.0035947704,0.00043567289999990523,2
91,1771402777298,-0.004055570999999999,0.0035947704,0.00043567289999990523,2
92,1771402777301,-0.004055570999999999,0.0035947704,0.00043567289999990523,2
93,1771402777303,-0.004055570999999999,0.0039301703999999995,0.00018217289999999866,2
94,1771402777306,-0.004082871,0.0039301703999999995,0.00018217289999999866,2
95,1771402777309,-0.004082871,0.0039301703999999995,0.00018217289999999866,2
96,1771402777311,-0.004082871,0.0039301703999999995,0.0005565728999998846,2
97,1771402777314,-0.004020470999999999,0.0038248703999999994,0.0005565728999998846,2
98,1771402777316,-0.004020470999999999,0.0038248703999999994,0.0005565728999998846,2
99,1771402777319,-0.004020470999999999,0.0038248703999999994,0.0005565728999998846,2
100,1771402777321,-0.004121870999999999,0.0037000704,2.2272900000008052e-05,2
101,1771402777324,-0.004121870999999999,0.0037000704,2.2272900000008052e-05,2
102,1771402777326,-0.004121870999999999,0.0037000704,2.2272900000008052e-05,2
103,1771402777329,-0.003938571,0.0034738703999999997,0.000459072900000023,2
104,1771402777331,-0.003938571,0.0034738703999999997,0.000459072900000023,2
105,1771402777334,-0.003938571,0.0034738703999999997,0.000459072900000023,2
106,1771402777336,-0.004192071,0.0036532703999999994,0.0002952729000000868,2
107,1771402777339,-0.004192071,0.0036532703999999994,0.0002952729000000868,2
108,1771402777342,-0.004192071,0.0036532703999999994,0.0002952729000000868,2
109,1771402777344,-0.004028271,0.0036298703999999996,0.0005331728999999889,2
110,1771402777347,-0.004028271,0.0036298703999999996,0.0005331728999999889,2
111,1771402777349,-0.004028271,0.0036298703999999996,0.0005331728999999889,2
112,1771402777352,-0.004149171,0.0038521703999999995,3.3972899999955915e-05,2
113,1771402777355,-0.004149171,0.0038521703999999995,3.3972899999955915e-05,2
114,1771402777358,-0.004149171,0.0038521703999999995,3.3972899999955915e-05,2
115,1771402777360,-0.003969771,0.0037780704,0.00040447289999989624,2
116,1771402777363,-0.003969771,0.0037780704,0.00040447289999989624,2
117,1771402777365,-0.003969771,0.0037780704,0.00040447289999989624,2
118,1771402777368,-0.0040360710000000004,0.0037234703999999997,0.00024847289999996227,2
119,1771402777370,-0.0040360710000000004,0.0037234703999999997,0.00024847289999996227,2
120,1771402777373,-0.0040360710000000004,0.0037234703999999997,0.00024847289999996227,2
121,1771402777375,-0.003848871,0.0037975703999999994,0.0006384728999999637,2
122,1771402777378,-0.003848871,0.0037975703999999994,0.0006384728999999637,2
123,1771402777380,-0.003848871,0.0037975703999999994,0.0006384728999999637,2
124,1771402777383,-0.004207671,0.0038443704,3.00729000000103e-05,2
0,1771402777394,-0.0038566710000000003,0.0036337704,0.000303072899999978,2
1,1771402777397,-0.0038566710000000003,0.0036337704,0.000303072899999978,2
2,1771402777399,-0.004254470999999999,0.0037429704,0.00013927289999993077,2
3,1771402777402,-0.004254470999999999,0.0037429704,0.00013927289999993077,2
4,1771402777405,-0.004254470999999999,0.0037429704,0.00013927289999993077,2
5,1771402777407,-0.0038683710000000002,0.0037078703999999995,0.00032257290000003915,2
6,1771402777410,-0.0038683710000000002,0.0037078703999999995,0.00032257290000003915,2
7,1771402777412,-0.0038683710000000002,0.0037078703999999995,0.00032257290000003915,2
8,1771402777415,-0.004320770999999999,0.0038131703999999995,0.0003810729000000005,2
9,1771402777417,-0.004320770999999999,0.0038131703999999995,0.0003810729000000005,2
10,1771402777420,-0.004320770999999999,0.0038131703999999995,0.0003810729000000005,2
11,1771402777422,-0.003946371000000001,0.0036844703999999997,1.8372899999951416e-05,2
12,1771402777425,-0.003946371000000001,0.0036844703999999997,1.8372899999951416e-05,2
13,1771402777428,-0.003946371000000001,0.0036844703999999997,1.8372899999951416e-05,2
14,1771402777430,-0.004063371,0.0037312703999999993,0.0002952729000000868,2
15,1771402777433,-0.004063371,0.0037312703999999993,0.0002952729000000868,2
16,1771402777435,-0.004063371,0.0037312703999999993,0.0002952729000000868,2
17,1771402777438,-0.004063371,0.0039535704,0.0003147728999999259,2
18,1771402777440,-0.004266170999999999,0.0039535704,0.0003147728999999259,2
19,1771402777443,-0.004266170999999999,0.0039535704,0.0003147728999999259,2
20,1771402777445,-0.004266170999999999,0.0039535704,0.00045127289999990973,2
21,1771402777448,-0.004164770999999999,0.0037234703999999997,0.00045127289999990973,2
22,1771402777450,-0.004164770999999999,0.0037234703999999997,0.00045127289999990973,2
23,1771402777453,-0.004164770999999999,0.0037234703999999997,0.00045127289999990973,2
24,1771402777456,-0.004133571000000001,0.0037624703999999997,0.00011977289999998066,2
25,1771402777461,-0.004133571000000001,0.0038755703999999993,0.00024067289999996002,2
26,1771402777464,-0.003934671000000001,0.0038755703999999993,0.00024067289999996002,2
27,1771402777466,-0.003934671000000001,0.0038755703999999993,0.00024067289999996002,2
28,1771402777469,-0.003934671000000001,0.0038755703999999993,0.00047857290000008414,2
29,1771402777472,-0.004129671,0.0038560703999999998,0.00047857290000008414,2
30,1771402777474,-0.004129671,0.0038560703999999998,0.00047857290000008414,2
31,1771402777477,-0.004129671,0.0038560703999999998,0.00047857290000008414,2
32,1771402777479,-0.004071171,0.0036610704,0.000459072900000023,2
33,1771402777482,-0.004071171,0.0036610704,0.000459072900000023,2
34,1771402777484,-0.004071171,0.0036610704,0.000459072900000023,2
35,1771402777487,-0.004188170999999999,0.0036922703999999994,0.00041617290000006614,2
36,1771402777489,-0.004188170999999999,0.0036922703999999994,0.00041617290000006614,2
37,1771402777492,-0.004188170999999999,0.0036922703999999994,0.00041617290000006614,2
38,1771402777494,-0.004195971,0.0037117704,0.0004980728999999232,2
39,1771402777497,-0.004195971,0.0037117704,0.0004980728999999232,2
40,1771402777500,-0.004195971,0.0037117704,0.0004980728999999232,2
41,1771402777502,-0.004016571,0.0037702703999999993,0.0003927728999999484,2
42,1771402777505,-0.004016571,0.0037702703999999993,0.0003927728999999484,2
43,1771402777507,-0.004016571,0.0037702703999999993,0.0003927728999999484,2
44,1771402777510,-0.004145271000000001,0.0038014703999999996,0.00023287289999995777,2
45,1771402777512,-0.004145271000000001,0.0038014703999999996,0.00023287289999995777,2
46,1771402777515,-0.004145271000000001,0.0038014703999999996,0.00023287289999995777,2
47,1771402777517,-0.003880071,0.0038053704,0.00047077289999997087,2
48,1771402777520,-0.003880071,0.0038053704,0.00047077289999997087,2
49,1771402777522,-0.003880071,0.0038053704,0.00047077289999997087,2
50,1771402777525,-0.004117971,0.0038755703999999993,0.00017827289999994202,2
51,1771402777528,-0.004117971,0.0038755703999999993,0.00017827289999994202,2
52,1771402777530,-0.004117971,0.0038755703999999993,0.00017827289999994202,2
53,1771402777533,-0.003938571,0.0035557704,0.00048247289999991873,2
54,1771402777535,-0.003938571,0.0035557704,0.00048247289999991873,2
55,1771402777538,-0.003938571,0.0035557704,0.00048247289999991873,2
56,1771402777540,-0.003938571,0.0037780704,0.000271872899999969,2
57,1771402777550,-0.0036850710000000003,0.0037507703999999998,0.00022897290000001215,2
58,1771402777553,-0.0036850710000000003,0.0037507703999999998,0.00022897290000001215,2
59,1771402777556,-0.0036850710000000003,0.0037507703999999998,0.00018607289999994427,2
60,1771402777558,-0.003903471,0.0038716704,0.00018607289999994427,2
61,1771402777561,-0.003903471,0.0038716704,0.00018607289999994427,2
62,1771402777563,-0.003903471,0.0038716704,0.00018607289999994427,2
63,1771402777566,-0.004106271,0.0038599704,0.00042397289999995737,2
64,1771402777568,-0.004106271,0.0038599704,0.00042397289999995737,2
65,1771402777571,-0.004106271,0.0038599704,0.00042397289999995737,2
66,1771402777574,-0.004098470999999999,0.0037390704,0.00016657289999999416,2
67,1771402777576,-0.004098470999999999,0.0037390704,0.00016657289999999416,2
68,1771402777579,-0.004098470999999999,0.0037390704,0.00016657289999999416,2
69,1771402777581,-0.0039580710000000005,0.0038131703999999995,0.0006345728999999071,2
70,1771402777584,-0.0039580710000000005,0.0038131703999999995,0.0006345728999999071,2
71,1771402777586,-0.0039580710000000005,0.0038131703999999995,0.0006345728999999071,2
72,1771402777589,-0.004192071,0.0039145704,0.0003615728999999394,2
73,1771402777591,-0.004192071,0.0039145704,0.0003615728999999394,2
74,1771402777594,-0.004192071,0.0039145704,0.0003615728999999394,2
75,1771402777596,-0.003743571,0.0037000704,0.0006267729000000159,2
76,1771402777599,-0.003743571,0.0037000704,0.0006267729000000159,2
77,1771402777602,-0.003743571,0.0037000704,0.0006267729000000159,2
78,1771402777604,-0.004063371,0.0038638703999999994,0.0001743728999999964,2
79,1771402777607,-0.004063371,0.0038638703999999994,0.0001743728999999964,2
80,1771402777609,-0.004063371,0.0038638703999999994,0.0001743728999999964,2
81,1771402777612,-0.0039424709999999995,0.0036532703999999994,0.00021337290000000766,2
82,1771402777614,-0.0039424709999999995,0.0036532703999999994,0.00021337290000000766,2
83,1771402777617,-0.0039424709999999995,0.0036532703999999994,0.00021337290000000766,2
84,1771402777619,-0.0041803710000000004,0.0036922703999999994,0.00020947289999995102,2
85,1771402777622,-0.0041803710000000004,0.0036922703999999994,0.00020947289999995102,2
86,1771402777624,-0.0041803710000000004,0.0036922703999999994,0.00020947289999995102,2
87,1771402777627,-0.0041803710000000004,0.0037546704,0.00027577290000002565,2
88,1771402777630,-0.004000971000000001,0.0037546704,0.00027577290000002565,2
89,1771402777632,-0.004000971000000001,0.0037546704,0.00027577290000002565,2
90,1771402777635,-0.004000971000000001,0.0037546704,0.0005292728999999322,2
91,1771402777637,-0.004137471,0.0039067704,0.0005292728999999322,2
92,1771402777640,-0.004137471,0.0039067704,0.0005292728999999322,2
93,1771402777642,-0.004137471,0.0039067704,0.0005292728999999322,2
94,1771402777645,-0.004227171,0.0037390704,0.00032647289999987374,2
95,1771402777648,-0.004227171,0.0037390704,0.00032647289999987374,2
96,1771402777650,-0.004227171,0.0037390704,0.00032647289999987374,2
97,1771402777653,-0.0040360710000000004,0.0038872704,0.0005955729000000069,2
98,1771402777655,-0.0040360710000000004,0.0038872704,0.0005955729000000069,2
99,1771402777658,-0.0040360710000000004,0.0038872704,0.0005955729000000069,2
100,1771402777660,-0.0040243710000000005,0.0039184703999999996,0.0002952729000000868,2
101,1771402777663,-0.0040243710000000005,0.0039184703999999996,0.0002952729000000868,2
102,1771402777666,-0.0040243710000000005,0.0039184703999999996,0.0002952729000000868,2
103,1771402777668,-0.0038059709999999996,0.0038053704,0.0006891729000000339,2
104,1771402777671,-0.0038059709999999996,0.0038053704,0.0006891729000000339,2
105,1771402777673,-0.0038059709999999996,0.0038053704,0.0006891729000000339,2
106,1771402777676,-0.0041803710000000004,0.0036103704,0.00013927289999993077,2
107,1771402777678,-0.0041803710000000004,0.0036103704,0.00013927289999993077,2
108,1771402777681,-0.0041803710000000004,0.0036103704,0.00013927289999993077,2
109,1771402777684,-0.003837171,0.0035713704,0.0006072728999999547,2
110,1771402777687,-0.003837171,0.0035713704,0.0006072728999999547,2
111,1771402777689,-0.003837171,0.0035713704,0.0006072728999999547,2
112,1771402777692,-0.0044416709999999995,0.0039457704,-2.0627100000059832e-05,2
113,1771402777695,-0.0044416709999999995,0.0039457704,-2.0627100000059832e-05,2
114,1771402777697,-0.0044416709999999995,0.0039457704,-2.0627100000059832e-05,2
115,1771402777700,-0.003735771,0.0037273704,0.00043567289999990523,2
116,1771402777702,-0.003735771,0.0037273704,0.00043567289999990523,2
117,1771402777705,-0.003735771,0.0037273704,0.00043567289999990523,2
118,1771402777707,-0.004316871,0.0038677703999999997,7.68729000000238e-05,2
119,1771402777710,-0.004316871,0.0038677703999999997,7.68729000000238e-05,2
120,1771402777713,-0.004316871,0.0038677703999999997,7.68729000000238e-05,2
121,1771402777715,-0.003880071,0.0038872704,0.0006618729000000815,2
122,1771402777718,-0.003880071,0.0038872704,0.0006618729000000815,2
123,1771402777720,-0.003880071,0.0038872704,0.0006618729000000815,2
124,1771402777723,-0.004188170999999999,0.0036298703999999996,0.00013927289999993077,2
0,1771402777734,-0.003876171,0.0036610704,0.0002952729000000868,2
1,1771402777737,-0.003876171,0.0036610704,0.0002952729000000868,2
2,1771402777740,-0.004055570999999999,0.0036259703999999993,0.00013147289999992852,2
3,1771402777742,-0.004055570999999999,0.0036259703999999993,0.00013147289999992852,2
4,1771402777745,-0.004055570999999999,0.0036259703999999993,0.00013147289999992852,2
5,1771402777747,-0.004000971000000001,0.0037078703999999995,0.000615072900000068,2
6,1771402777750,-0.004000971000000001,0.0037078703999999995,0.000615072900000068,2
7,1771402777752,-0.004000971000000001,0.0037078703999999995,0.000615072900000068,2
8,1771402777755,-0.004047771,0.0034816703999999993,0.000490272900000032,2
9,1771402777758,-0.004047771,0.0034816703999999993,0.000490272900000032,2
10,1771402777760,-0.004047771,0.0034816703999999993,0.000490272900000032,2
11,1771402777763,-0.004301271000000001,0.0037468703999999995,0.000334272899999987,2
12,1771402777765,-0.004301271000000001,0.0037468703999999995,0.000334272899999987,2
13,1771402777768,-0.004301271000000001,0.0037468703999999995,0.000334272899999987,2
14,1771402777770,-0.003880071,0.003980870399999999,0.0007944729000000087,2
15,1771402777773,-0.003880071,0.003980870399999999,0.0007944729000000087,2
16,1771402777775,-0.003880071,0.003980870399999999,0.0007944729000000087,2
17,1771402777778,-0.004348071,0.0039145704,-0.0002546271000000163,2
18,1771402777781,-0.004348071,0.0039145704,-0.0002546271000000163,2
19,1771402777783,-0.004348071,0.0039145704,-0.0002546271000000163,2
20,1771402777786,-0.003981471,0.0035440704,0.0007788729000000042,2
21,1771402777788,-0.003981471,0.0035440704,0.0007788729000000042,2
22,1771402777791,-0.003981471,0.0035440704,0.0007788729000000042,2
23,1771402777793,-0.004289571000000001,0.0038053704,2.2272900000008052e-05,2
24,1771402777809,-0.004289571000000001,0.0038053704,2.2272900000008052e-05,2
25,1771402777812,-0.004176470999999999,0.0038014703999999996,-5.027100000055333e-06,2
26,1771402777815,-0.004176470999999999,0.0038014703999999996,-5.027100000055333e-06,2
27,1771402777817,-0.0038878709999999998,0.0035713704,0.000271872899999969,2
28,1771402777820,-0.0038878709999999998,0.0035713704,0.000271872899999969,2
29,1771402777822,-0.0038878709999999998,0.0035713704,0.000271872899999969,2
30,1771402777825,-0.004195971,0.0037351703999999996,1.0572899999949166e-05,2
31,1771402777827,-0.004195971,0.0037351703999999996,1.0572899999949166e-05,2
32,1771402777830,-0.004195971,0.0037351703999999996,1.0572899999949166e-05,2
33,1771402777833,-0.0038605709999999997,0.0035635703999999995,0.000271872899999969,2
34,1771402777835,-0.0038605709999999997,0.0035635703999999995,0.000271872899999969,2
35,1771402777838,-0.0038605709999999997,0.0035635703999999995,0.000271872899999969,2
36,1771402777840,-0.0038605709999999997,0.0035596704,0.00055267290000005,2
37,1771402777843,-0.004125771,0.0035596704,0.00055267290000005,2
38,1771402777845,-0.004125771,0.0035596704,0.00055267290000005,2
39,1771402777848,-0.004125771,0.0035596704,0.00011587290000003505,2
40,1771402777861,-0.0038683710000000002,0.0037624703999999997,0.0007866728999998954,2
41,1771402777863,-0.0038683710000000002,0.0037624703999999997,0.0007866728999998954,2
42,1771402777866,-0.004172571,0.0038365703999999994,4.56729000000148e-05,2
43,1771402777869,-0.004172571,0.0038365703999999994,4.56729000000148e-05,2
44,1771402777871,-0.004172571,0.0038365703999999994,4.56729000000148e-05,2
45,1771402777874,-0.003876171,0.0037663704,0.0009894728999999538,2
46,1771402777876,-0.003876171,0.0037663704,0.0009894728999999538,2
47,1771402777879,-0.003876171,0.0037663704,0.0009894728999999538,2
48,1771402777881,-0.004383171,0.0038599704,-7.522709999996456e-05,2
49,1771402777884,-0.004383171,0.0038599704,-7.522709999996456e-05,2
50,1771402777886,-0.004383171,0.0038599704,-7.522709999996456e-05,2
51,1771402777889,-0.0035173709999999996,0.0035596704,0.0008490728999999134,2
52,1771402777891,-0.0035173709999999996,0.0035596704,0.0008490728999999134,2
53,1771402777894,-0.0035173709999999996,0.0035596704,0.0008490728999999134,2
54,1771402777897,-0.004624971,0.0038677703999999997,-0.00020002710000000055,2
55,1771402777899,-0.004624971,0.0038677703999999997,-0.00020002710000000055,2
56,1771402777902,-0.004624971,0.0038677703999999997,-0.00020002710000000055,2
57,1771402777904,-0.003587571,0.0036142703999999994,0.0005604728999999412,2
58,1771402777907,-0.003587571,0.0036142703999999994,0.0005604728999999412,2
59,1771402777910,-0.003587571,0.0036142703999999994,0.0005604728999999412,2
60,1771402777912,-0.004578171000000001,0.003980870399999999,-0.0002546271000000163,2
61,1771402777915,-0.004578171000000001,0.003980870399999999,-0.0002546271000000163,2
62,1771402777918,-0.004578171000000001,0.003980870399999999,-0.0002546271000000163,2
63,1771402777920,-0.0035290710000000004,0.0037117704,0.0007359729000000474,2
64,1771402777923,-0.0035290710000000004,0.0037117704,0.0007359729000000474,2
65,1771402777925,-0.0035290710000000004,0.0037117704,0.0007359729000000474,2
66,1771402777928,-0.004328571,0.0038872704,-5.182710000006883e-05,2
67,1771402777931,-0.004328571,0.0038872704,-5.182710000006883e-05,2
68,1771402777933,-0.004328571,0.0038872704,-5.182710000006883e-05,2
69,1771402777936,-0.003614871,0.0037273704,0.0007320728999999907,2
70,1771402777938,-0.003614871,0.0037273704,0.0007320728999999907,2
71,1771402777941,-0.003614871,0.0037273704,0.0007320728999999907,2
72,1771402777943,-0.004145271000000001,0.0037234703999999997,0.00018607289999994427,2
73,1771402777946,-0.004145271000000001,0.0037234703999999997,0.00018607289999994427,2
74,1771402777948,-0.004145271000000001,0.0037234703999999997,0.00018607289999994427,2
75,1771402777951,-0.004145271000000001,0.0036688703999999996,0.000459072900000023,2
76,1771402777953,-0.003985371,0.0036688703999999996,0.000459072900000023,2
77,1771402777967,-0.003985371,0.0036688703999999996,0.000459072900000023,2
78,1771402777970,-0.004238871,0.0037897703999999997,2.6172899999953665e-05,2
79,1771402777973,-0.004238871,0.0037897703999999997,2.6172899999953665e-05,2
80,1771402777975,-0.003802071,0.0038599704,0.0008373728999999656,2
81,1771402777978,-0.003802071,0.0038599704,0.0008373728999999656,2
82,1771402777980,-0.003802071,0.0038599704,0.0008373728999999656,2
83,1771402777983,-0.004387070999999999,0.0039340704,-0.0003326271000000388,2
84,1771402777986,-0.004387070999999999,0.0039340704,-0.0003326271000000388,2
85,1771402777988,-0.004387070999999999,0.0039340704,-0.0003326271000000388,2
86,1771402777991,-0.003653871,0.0037312703999999993,0.001090872899999872,2
87,1771402777993,-0.003653871,0.0037312703999999993,0.001090872899999872,2
88,1771402777996,-0.003653871,0.0037312703999999993,0.001090872899999872,2
89,1771402777998,-0.003653871,0.0038599704,-0.00018442709999999605,2
90,1771402778001,-0.004484571,0.0038599704,-0.00018442709999999605,2
91,1771402778003,-0.004484571,0.0038599704,-0.00018442709999999605,2
92,1771402778006,-0.004484571,0.0036454703999999997,0.0007359729000000474,2
93,1771402778009,-0.0038332709999999996,0.0036454703999999997,0.0007359729000000474,2
94,1771402778011,-0.0038332709999999996,0.0036454703999999997,0.0007359729000000474,2
95,1771402778014,-0.0038332709999999996,0.0036454703999999997,-0.00012202709999997805,2
96,1771402778016,-0.004285671,0.0039106704,-0.00012202709999997805,2
97,1771402778019,-0.004285671,0.0039106704,-0.00012202709999997805,2
98,1771402778022,-0.004285671,0.0039106704,0.0007359729000000474,2
99,1771402778024,-0.003587571,0.0035557704,0.0007359729000000474,2
100,1771402778027,-0.003587571,0.0035557704,0.0007359729000000474,2
101,1771402778029,-0.003587571,0.0035557704,0.0007359729000000474,2
102,1771402778032,-0.004351971,0.0037039704,0.00024067289999996002,2
103,1771402778034,-0.004351971,0.0037039704,0.00024067289999996002,2
104,1771402778037,-0.004351971,0.0037039704,0.00024067289999996002,2
105,1771402778039,-0.0037552709999999997,0.0036259703999999993,0.0004746729000000275,2
106,1771402778042,-0.0037552709999999997,0.0036259703999999993,0.0004746729000000275,2
107,1771402778045,-0.0037552709999999997,0.0036259703999999993,0.0004746729000000275,2
108,1771402778047,-0.004242770999999999,0.0037468703999999995,0.0005604728999999412,2
109,1771402778050,-0.004242770999999999,0.0037468703999999995,0.0005604728999999412,2
110,1771402778052,-0.004242770999999999,0.0037468703999999995,0.0005604728999999412,2
111,1771402778055,-0.004110170999999999,0.0036883704,0.0005097728999998711,2
112,1771402778057,-0.004110170999999999,0.0036883704,0.0005097728999998711,2
113,1771402778060,-0.004110170999999999,0.0036883704,0.0005097728999998711,2
114,1771402778063,-0.0040867709999999995,0.0037507703999999998,0.000521472900000041,2
115,1771402778065,-0.0040867709999999995,0.0037507703999999998,0.000521472900000041,2
116,1771402778068,-0.0040867709999999995,0.0037507703999999998,0.000521472900000041,2
117,1771402778070,-0.0042310709999999994,0.0038053704,7.68729000000238e-05,2
118,1771402778073,-0.0042310709999999994,0.0038053704,7.68729000000238e-05,2
119,1771402778075,-0.0042310709999999994,0.0038053704,7.68729000000238e-05,2
120,1771402778078,-0.0038605709999999997,0.0034816703999999993,0.000708672899999873,2
121,1771402778080,-0.0038605709999999997,0.0034816703999999993,0.000708672899999873,2
122,1771402778083,-0.0038605709999999997,0.0034816703999999993,0.000708672899999873,2
123,1771402778085,-0.0041803710000000004,0.0038677703999999997,-6.742710000007333e-05,2
124,1771402778088,-0.0041803710000000004,0.0038677703999999997,-6.742710000007333e-05,2
0,1771402778169,-0.004195971,0.0037897703999999997,0.00045127289999990973,2
1,1771402778171,-0.004195971,0.0037897703999999997,0.00045127289999990973,2
2,1771402778174,-0.003997071,0.0036766704,-0.0001883271000000527,2
3,1771402778176,-0.003997071,0.0036766704,-0.0001883271000000527,2
4,1771402778179,-0.003997071,0.0036766704,-0.0001883271000000527,2
5,1771402778181,-0.0037825709999999998,0.0036610704,0.0006969728999999251,2
6,1771402778184,-0.0037825709999999998,0.0036610704,0.0006969728999999251,2
7,1771402778187,-0.0037825709999999998,0.0036610704,0.0006969728999999251,2
8,1771402778189,-0.004406571,0.0040393704,-5.182710000006883e-05,2
9,1771402778192,-0.004406571,0.0040393704,-5.182710000006883e-05,2
10,1771402778194,-0.004406571,0.0040393704,-5.182710000006883e-05,2
11,1771402778197,-0.0035797710000000003,0.0036298703999999996,0.0009621729000000016,2
12,1771402778199,-0.0035797710000000003,0.0036298703999999996,0.0009621729000000016,2
13,1771402778202,-0.0035797710000000003,0.0036298703999999996,0.0009621729000000016,2
14,1771402778205,-0.004699071000000001,0.0038170704,-0.00020002710000000055,2
15,1771402778207,-0.004699071000000001,0.0038170704,-0.00020002710000000055,2
16,1771402778210,-0.004699071000000001,0.0038170704,-0.00020002710000000055,2
17,1771402778212,-0.003720171,0.0034543704,0.0009894728999999538,2
18,1771402778215,-0.003720171,0.0034543704,0.0009894728999999538,2
19,1771402778217,-0.003720171,0.0034543704,0.0009894728999999538,2
20,1771402778220,-0.0044572710000000005,0.0038560703999999998,-0.0002897270999999709,2
21,1771402778222,-0.0044572710000000005,0.0038560703999999998,-0.0002897270999999709,2
22,1771402778225,-0.0044572710000000005,0.0038560703999999998,-0.0002897270999999709,2
23,1771402778228,-0.003525171,0.0037585703999999994,0.0009270728999999359,2
24,1771402778230,-0.003525171,0.0037585703999999994,0.0009270728999999359,2
25,1771402778233,-0.003525171,0.0037585703999999994,0.0009270728999999359,2
26,1771402778235,-0.003525171,0.0039925704,-7.522709999996456e-05,2
27,1771402778238,-0.004348071,0.0039925704,-7.522709999996456e-05,2
28,1771402778240,-0.004348071,0.0039925704,-7.522709999996456e-05,2
29,1771402778243,-0.004348071,0.0039925704,0.0005019728999999799,2
30,1771402778245,-0.003669471,0.0036298703999999996,0.0005019728999999799,2
31,1771402778248,-0.003669471,0.0036298703999999996,0.0005019728999999799,2
32,1771402778251,-0.003669471,0.0036298703999999996,0.0005019728999999799,2
33,1771402778253,-0.004371471,0.0038443704,0.0005877728999998936,2
34,1771402778256,-0.004371471,0.0038443704,0.0005877728999998936,2
35,1771402778258,-0.004371471,0.0038443704,0.0005877728999998936,2
36,1771402778261,-0.003981471,0.0037585703999999994,0.00048247289999991873,2
37,1771402778263,-0.003981471,0.0037585703999999994,0.00048247289999991873,2
38,1771402778266,-0.003981471,0.0037585703999999994,0.00048247289999991873,2
39,1771402778268,-0.0041530709999999995,0.0036649704,0.0007476728999999952,2
40,1771402778271,-0.0041530709999999995,0.0036649704,0.0007476728999999952,2
41,1771402778273,-0.0041530709999999995,0.0036649704,0.0007476728999999952,2
42,1771402778276,-0.004258371,0.003941870399999999,0.0001743728999999964,2
43,1771402778279,-0.004258371,0.003941870399999999,0.0001743728999999964,2
44,1771402778281,-0.004258371,0.003941870399999999,0.0001743728999999964,2
45,1771402778284,-0.0038449710000000004,0.0037273704,0.0008295729000000743,2
46,1771402778287,-0.0038449710000000004,0.0037273704,0.0008295729000000743,2
47,1771402778289,-0.0038449710000000004,0.0037273704,0.0008295729000000743,2
48,1771402778292,-0.004203771,0.0038365703999999994,-0.00011812710000003244,2
49,1771402778294,-0.004203771,0.0038365703999999994,-0.00011812710000003244,2
50,1771402778297,-0.004203771,0.0038365703999999994,-0.00011812710000003244,2
51,1771402778299,-0.0037240710000000002,0.0036181703999999997,0.0008763729000000878,2
52,1771402778302,-0.0037240710000000002,0.0036181703999999997,0.0008763729000000878,2
53,1771402778304,-0.0037240710000000002,0.0036181703999999997,0.0008763729000000878,2
54,1771402778307,-0.0042973709999999995,0.0040315704,-0.00026632709999996416,2
55,1771402778309,-0.0042973709999999995,0.0040315704,-0.00026632709999996416,2
56,1771402778312,-0.0042973709999999995,0.0040315704,-0.00026632709999996416,2
57,1771402778314,-0.003669471,0.0034738703999999997,0.0007320728999999907,2
58,1771402778317,-0.003669471,0.0034738703999999997,0.0007320728999999907,2
59,1771402778320,-0.003669471,0.0034738703999999997,0.0007320728999999907,2
60,1771402778322,-0.003669471,0.0038482704,-1.127099999998697e-06,2
61,1771402778325,-0.004679571,0.0038482704,-1.127099999998697e-06,2
62,1771402778327,-0.004679571,0.0038482704,-1.127099999998697e-06,2
63,1771402778330,-0.004679571,0.0035323704,0.0007047729000000384,2
64,1771402778332,-0.003552471,0.0035323704,0.0007047729000000384,2
65,1771402778335,-0.003552471,0.0035323704,0.0007047729000000384,2
66,1771402778337,-0.003552471,0.0035323704,0.0002991728999999214,2
67,1771402778340,-0.004511871000000001,0.0039145704,0.0002991728999999214,2
68,1771402778343,-0.004511871000000001,0.0039145704,0.0002991728999999214,2
69,1771402778345,-0.004511871000000001,0.0039145704,0.0002991728999999214,2
70,1771402778348,-0.003770871,0.0037273704,0.0007749728999999476,2
71,1771402778350,-0.003770871,0.0037273704,0.0007749728999999476,2
72,1771402778353,-0.003770871,0.0037273704,0.0007749728999999476,2
73,1771402778355,-0.004234971000000001,0.0038599704,0.00018217289999999866,2
74,1771402778358,-0.004234971000000001,0.0038599704,0.00018217289999999866,2
75,1771402778360,-0.004234971000000001,0.0038599704,0.00018217289999999866,2
76,1771402778363,-0.0039580710000000005,0.0037039704,0.000459072900000023,2
77,1771402778365,-0.0039580710000000005,0.0037039704,0.000459072900000023,2
78,1771402778368,-0.0039580710000000005,0.0037039704,0.000459072900000023,2
79,1771402778371,-0.0041686710000000005,0.0038638703999999994,0.001040172900000024,2
80,1771402778373,-0.0041686710000000005,0.0038638703999999994,0.001040172900000024,2
81,1771402778376,-0.0041686710000000005,0.0038638703999999994,0.001040172900000024,2
82,1771402778378,-0.004012671000000001,0.0038482704,2.7728999999469166e-06,2
83,1771402778381,-0.004012671000000001,0.0038482704,2.7728999999469166e-06,2
84,1771402778383,-0.004012671000000001,0.0038482704,2.7728999999469166e-06,2
85,1771402778386,-0.003731871,0.0036454703999999997,0.0007671729000000564,2
86,1771402778388,-0.003731871,0.0036454703999999997,0.0007671729000000564,2
87,1771402778391,-0.003731871,0.0036454703999999997,0.0007671729000000564,2
88,1771402778394,-0.004336371,0.0038755703999999993,-4.7927100000012194e-05,2
89,1771402778396,-0.004336371,0.0038755703999999993,-4.7927100000012194e-05,2
90,1771402778399,-0.004336371,0.0038755703999999993,-4.7927100000012194e-05,2
91,1771402778401,-0.003575871,0.0035830704,0.0008958728999999269,2
92,1771402778404,-0.003575871,0.0035830704,0.0008958728999999269,2
93,1771402778406,-0.003575871,0.0035830704,0.0008958728999999269,2
94,1771402778409,-0.003575871,0.0037897703999999997,0.0003498728999999915,2
95,1771402778411,-0.004539171,0.0037897703999999997,0.0003498728999999915,2
96,1771402778414,-0.004539171,0.0037897703999999997,0.0003498728999999915,2
97,1771402778417,-0.004539171,0.0037897703999999997,0.0010791728999999242,2
98,1771402778419,-0.0038956710000000003,0.0036415703999999995,0.0010791728999999242,2
99,1771402778422,-0.0038956710000000003,0.0036415703999999995,0.0010791728999999242,2
100,1771402778424,-0.0038956710000000003,0.0036415703999999995,0.0010791728999999242,2
101,1771402778427,-0.004453370999999999,0.0038248703999999994,-7.522709999996456e-05,2
102,1771402778429,-0.004453370999999999,0.0038248703999999994,-7.522709999996456e-05,2
103,1771402778432,-0.004453370999999999,0.0038248703999999994,-7.522709999996456e-05,2
104,1771402778434,-0.003626571,0.0035947704,0.001071372900000033,2
105,1771402778437,-0.003626571,0.0035947704,0.001071372900000033,2
106,1771402778439,-0.003626571,0.0035947704,0.001071372900000033,2
107,1771402778442,-0.004613271,0.0037078703999999995,-0.0001922270999999983,2
108,1771402778444,-0.004613271,0.0037078703999999995,-0.0001922270999999983,2
109,1771402778447,-0.004613271,0.0037078703999999995,-0.0001922270999999983,2
110,1771402778450,-0.003509571,0.0033685703999999997,0.0005955729000000069,2
111,1771402778452,-0.003509571,0.0033685703999999997,0.0005955729000000069,2
112,1771402778455,-0.003509571,0.0033685703999999997,0.0005955729000000069,2
113,1771402778457,-0.0044572710000000005,0.0039223704,0.00018607289999994427,2
114,1771402778460,-0.0044572710000000005,0.0039223704,0.00018607289999994427,2
115,1771402778462,-0.0044572710000000005,0.0039223704,0.00018607289999994427,2
116,1771402778472,-0.0038449710000000004,0.0039262704,0.0005643728999999979,2
117,1771402778475,-0.004172571,0.0039262704,0.0005643728999999979,2
118,1771402778477,-0.004172571,0.0039262704,0.0005643728999999979,2
119,1771402778480,-0.004172571,0.0037039704,0.0003147728999999259,2
120,1771402778482,-0.003993171,0.0037039704,0.0003147728999999259,2
121,1771402778485,-0.003993171,0.0037039704,0.0003147728999999259,2
122,1771402778488,-0.003993171,0.0037039704,0.0009153728999999881,2
123,1771402778490,-0.003965870999999999,0.0036493704,0.0009153728999999881,2
124,1771402778493,-0.003965870999999999,0.0036493704,0.0009153728999999881,2
0,1771402778504,-0.003848871,0.0036649704,0.0013950729000000708,2
1,1771402778507,-0.003848871,0.0036649704,0.0013950729000000708,2
2,1771402778509,-0.003848871,0.0036649704,0.0013950729000000708,2
3,1771402778512,-0.003848871,0.003941870399999999,-0.0001571271000000437,2
4,1771402778514,-0.004293471,0.003941870399999999,-0.0001571271000000437,2
5,1771402778517,-0.004293471,0.003941870399999999,-0.0001571271000000437,2
6,1771402778519,-0.004293471,0.003941870399999999,0.0008451729000000788,2
7,1771402778522,-0.003653871,0.0035401703999999997,0.0008451729000000788,2
8,1771402778524,-0.003653871,0.0035401703999999997,0.0008451729000000788,2
9,1771402778527,-0.003653871,0.0035401703999999997,0.0008451729000000788,2
10,1771402778529,-0.004632771000000001,0.0038599704,-0.00022732710000006393,2
11,1771402778532,-0.004632771000000001,0.0038599704,-0.00022732710000006393,2
12,1771402778534,-0.004632771000000001,0.0038599704,-0.00022732710000006393,2
13,1771402778537,-0.0035563709999999996,0.0034270704,0.0007710728999998909,2
14,1771402778540,-0.0035563709999999996,0.0034270704,0.0007710728999998909,2
15,1771402778542,-0.0035563709999999996,0.0034270704,0.0007710728999998909,2
16,1771402778545,-0.004320770999999999,0.0036766704,6.907290000002155e-05,2
17,1771402778547,-0.004320770999999999,0.0036766704,6.907290000002155e-05,2
18,1771402778550,-0.004320770999999999,0.0036766704,6.907290000002155e-05,2
19,1771402778552,-0.003599271,0.0035440704,0.0005760728999999457,2
20,1771402778555,-0.003599271,0.0035440704,0.0005760728999999457,2
21,1771402778558,-0.003599271,0.0035440704,0.0005760728999999457,2
22,1771402778560,-0.004133571000000001,0.0037624703999999997,0.0003498728999999915,2
23,1771402778563,-0.004133571000000001,0.0037624703999999997,0.0003498728999999915,2
24,1771402778566,-0.004133571000000001,0.0037624703999999997,0.0003498728999999915,2
25,1771402778568,-0.003587571,0.0037078703999999995,0.00043957289999996187,2
26,1771402778571,-0.003587571,0.0037078703999999995,0.00043957289999996187,2
27,1771402778574,-0.003587571,0.0037078703999999995,0.00043957289999996187,2
28,1771402778576,-0.004145271000000001,0.0038092704,0.0004941729000000886,2
29,1771402778579,-0.004145271000000001,0.0038092704,0.0004941729000000886,2
30,1771402778581,-0.004145271000000001,0.0038092704,0.0004941729000000886,2
31,1771402778584,-0.0037669709999999996,0.0037702703999999993,0.0005019728999999799,2
32,1771402778586,-0.0037669709999999996,0.0037702703999999993,0.0005019728999999799,2
33,1771402778589,-0.0037669709999999996,0.0037702703999999993,0.0005019728999999799,2
34,1771402778592,-0.004000971000000001,0.0036727704,0.0005292728999999322,2
35,1771402778594,-0.004000971000000001,0.0036727704,0.0005292728999999322,2
36,1771402778597,-0.004000971000000001,0.0036727704,0.0005292728999999322,2
37,1771402778599,-0.004039971,0.0038053704,0.00022507289999995552,2
38,1771402778602,-0.004039971,0.0038053704,0.00022507289999995552,2
39,1771402778604,-0.004039971,0.0038053704,0.00022507289999995552,2
40,1771402778607,-0.003837171,0.0037039704,0.00043957289999996187,2
41,1771402778609,-0.003837171,0.0037039704,0.00043957289999996187,2
42,1771402778612,-0.003837171,0.0037039704,0.00043957289999996187,2
43,1771402778614,-0.004110170999999999,0.0037234703999999997,0.00019777290000000316,2
44,1771402778617,-0.004110170999999999,0.0037234703999999997,0.00019777290000000316,2
45,1771402778620,-0.004110170999999999,0.0037234703999999997,0.00019777290000000316,2
46,1771402778622,-0.004110170999999999,0.0038755703999999993,0.00048247289999991873,2
47,1771402778625,-0.003891771,0.0038755703999999993,0.00048247289999991873,2
48,1771402778627,-0.003891771,0.0038755703999999993,0.00048247289999991873,2
49,1771402778630,-0.003891771,0.0038755703999999993,0.000303072899999978,2
50,1771402778632,-0.004289571000000001,0.0038794703999999996,0.000303072899999978,2
51,1771402778635,-0.004289571000000001,0.0038794703999999996,0.000303072899999978,2
52,1771402778638,-0.004289571000000001,0.0038794703999999996,0.00043957289999996187,2
53,1771402778640,-0.004016571,0.0038014703999999996,0.00043957289999996187,2
54,1771402778643,-0.004016571,0.0038014703999999996,0.00043957289999996187,2
55,1771402778645,-0.004016571,0.0038014703999999996,-9.082709999996906e-05,2
56,1771402778648,-0.004223271000000001,0.0038209704,-9.082709999996906e-05,2
57,1771402778651,-0.004223271000000001,0.0038209704,-9.082709999996906e-05,2
58,1771402778653,-0.004223271000000001,0.0038209704,-9.082709999996906e-05,2
59,1771402778656,-0.003977570999999999,0.0038287703999999997,0.0007944729000000087,2
60,1771402778658,-0.003977570999999999,0.0038287703999999997,0.0007944729000000087,2
61,1771402778664,-0.004328571,0.0037858703999999995,0.00042007289999990074,2
62,1771402778666,-0.004328571,0.0037858703999999995,0.00042007289999990074,2
63,1771402778669,-0.004328571,0.0037858703999999995,0.00042007289999990074,2
64,1771402778671,-0.003911270999999999,0.0036337704,2.6172899999953665e-05,2
65,1771402778674,-0.003911270999999999,0.0036337704,2.6172899999953665e-05,2
66,1771402778676,-0.003911270999999999,0.0036337704,2.6172899999953665e-05,2
67,1771402778679,-0.004184271,0.0038209704,0.0006228728999999592,2
68,1771402778682,-0.004184271,0.0038209704,0.0006228728999999592,2
69,1771402778684,-0.004184271,0.0038209704,0.0006228728999999592,2
70,1771402778687,-0.004090671000000001,0.0038053704,0.00021337290000000766,2
71,1771402778689,-0.004090671000000001,0.0038053704,0.00021337290000000766,2
72,1771402778692,-0.004090671000000001,0.0038053704,0.00021337290000000766,2
73,1771402778695,-0.003973671,0.0038443704,0.0005682729000000545,2
74,1771402778698,-0.003973671,0.0038443704,0.0005682729000000545,2
75,1771402778700,-0.003973671,0.0038443704,0.0005682729000000545,2
76,1771402778703,-0.004133571000000001,0.0039457704,0.00036937290000005265,2
77,1771402778705,-0.004133571000000001,0.0039457704,0.00036937290000005265,2
78,1771402778708,-0.004133571000000001,0.0039457704,0.00036937290000005265,2
79,1771402778711,-0.003938571,0.0037507703999999998,0.0008061728999999566,2
80,1771402778713,-0.003938571,0.0037507703999999998,0.0008061728999999566,2
81,1771402778716,-0.003938571,0.0037507703999999998,0.0008061728999999566,2
82,1771402778718,-0.004172571,0.0038209704,7.297289999996716e-05,2
83,1771402778721,-0.004172571,0.0038209704,7.297289999996716e-05,2
84,1771402778723,-0.004172571,0.0038209704,7.297289999996716e-05,2
85,1771402778726,-0.0037825709999999998,0.0037741703999999996,0.0007125728999999296,2
86,1771402778728,-0.0037825709999999998,0.0037741703999999996,0.0007125728999999296,2
87,1771402778731,-0.0037825709999999998,0.0037741703999999996,0.0007125728999999296,2
88,1771402778733,-0.004262271,0.0038833704,-0.00011812710000003244,2
89,1771402778736,-0.004262271,0.0038833704,-0.00011812710000003244,2
90,1771402778739,-0.004262271,0.0038833704,-0.00011812710000003244,2
91,1771402778741,-0.0037240710000000002,0.0037234703999999997,0.0009387728999998838,2
92,1771402778744,-0.0037240710000000002,0.0037234703999999997,0.0009387728999998838,2
93,1771402778746,-0.0037240710000000002,0.0037234703999999997,0.0009387728999998838,2
94,1771402778749,-0.004359771,0.0039262704,4.56729000000148e-05,2
95,1771402778751,-0.004359771,0.0039262704,4.56729000000148e-05,2
96,1771402778754,-0.004359771,0.0039262704,4.56729000000148e-05,2
97,1771402778756,-0.003973671,0.0034465703999999996,0.0007047729000000384,2
98,1771402778759,-0.003973671,0.0034465703999999996,0.0007047729000000384,2
99,1771402778762,-0.003973671,0.0034465703999999996,0.0007047729000000384,2
100,1771402778764,-0.003973671,0.0034465703999999996,0.00030697290000003465,2
101,1771402778767,-0.004207671,0.0038599704,0.00030697290000003465,2
102,1771402778769,-0.004207671,0.0038599704,0.00030697290000003465,2
103,1771402778779,-0.003891771,0.0038872704,0.0008334728999999089,2
104,1771402778781,-0.004203771,0.0036571703999999997,3.787290000001255e-05,2
105,1771402778784,-0.004203771,0.0036571703999999997,3.787290000001255e-05,2
106,1771402778787,-0.004203771,0.0036571703999999997,3.787290000001255e-05,2
107,1771402778789,-0.003926871,0.0035713704,0.0007164728999999862,2
108,1771402778792,-0.003926871,0.0035713704,0.0007164728999999862,2
109,1771402778794,-0.003926871,0.0035713704,0.0007164728999999862,2
110,1771402778797,-0.004398770999999999,0.0039964703999999995,0.00037327289999988724,2
111,1771402778799,-0.004398770999999999,0.0039964703999999995,0.00037327289999988724,2
112,1771402778802,-0.004398770999999999,0.0039964703999999995,0.00037327289999988724,2
113,1771402778804,-0.003864471,0.0038014703999999996,0.00040837289999995287,2
114,1771402778807,-0.003864471,0.0038014703999999996,0.00040837289999995287,2
115,1771402778809,-0.003864471,0.0038014703999999996,0.00040837289999995287,2
116,1771402778812,-0.003965870999999999,0.0037507703999999998,0.0007671729000000564,2
117,1771402778814,-0.003965870999999999,0.0037507703999999998,0.0007671729000000564,2
118,1771402778817,-0.003965870999999999,0.0037507703999999998,0.0007671729000000564,2
119,1771402778820,-0.003965870999999999,0.0037624703999999997,0.000521472900000041,2
120,1771402778822,-0.0040243710000000005,0.0037624703999999997,0.000521472900000041,2
121,1771402778825,-0.0040243710000000005,0.0037624703999999997,0.000521472900000041,2
122,1771402778827,-0.0040243710000000005,0.0037624703999999997,0.0005877728999998936,2
123,1771402778830,-0.004055570999999999,0.0037078703999999995,0.0005877728999998936,2
124,1771402778832,-0.004055570999999999,0.0037078703999999995,0.0005877728999998936,2
0,1771402778844,-0.004055570999999999,0.0037585703999999994,0.000427872900000014,2
1,1771402778846,-0.004055570999999999,0.0037585703999999994,0.000427872900000014,2
2,1771402778849,-0.004055570999999999,0.0037585703999999994,0.000427872900000014,2
3,1771402778851,-0.004234971000000001,0.0039067704,0.00016267289999993752,2
4,1771402778854,-0.004234971000000001,0.0039067704,0.00016267289999993752,2
5,1771402778857,-0.004234971000000001,0.0039067704,0.00016267289999993752,2
6,1771402778859,-0.004234971000000001,0.0039262704,0.0005643728999999979,2
7,1771402778862,-0.003911270999999999,0.0039262704,0.0005643728999999979,2
8,1771402778864,-0.003911270999999999,0.0039262704,0.0005643728999999979,2
9,1771402778867,-0.003911270999999999,0.0039262704,0.00019387289999994652,2
10,1771402778869,-0.0041023710000000005,0.0037702703999999993,0.00019387289999994652,2
11,1771402778872,-0.0041023710000000005,0.0037702703999999993,0.00019387289999994652,2
12,1771402778874,-0.0041023710000000005,0.0037702703999999993,0.00019387289999994652,2
13,1771402778877,-0.004094571,0.0037039704,0.0005292728999999322,2
14,1771402778879,-0.004094571,0.0037039704,0.0005292728999999322,2
15,1771402778882,-0.004094571,0.0037039704,0.0005292728999999322,2
16,1771402778884,-0.004328571,0.0038053704,0.00036937290000005265,2
17,1771402778887,-0.004328571,0.0038053704,0.00036937290000005265,2
18,1771402778890,-0.004328571,0.0038053704,0.00036937290000005265,2
19,1771402778892,-0.003852771,0.0037819704,0.00037327289999988724,2
20,1771402778895,-0.003852771,0.0037819704,0.00037327289999988724,2
21,1771402778897,-0.003852771,0.0037819704,0.00037327289999988724,2
22,1771402778900,-0.004289571000000001,0.0038131703999999995,1.8372899999951416e-05,2
23,1771402778903,-0.004289571000000001,0.0038131703999999995,1.8372899999951416e-05,2
24,1771402778905,-0.004289571000000001,0.0038131703999999995,1.8372899999951416e-05,2
25,1771402778908,-0.0038332709999999996,0.0039262704,0.00034207289999987824,2
26,1771402778910,-0.0038332709999999996,0.0039262704,0.00034207289999987824,2
27,1771402778913,-0.0038332709999999996,0.0039262704,0.00034207289999987824,2
28,1771402778915,-0.004164770999999999,0.0038209704,0.00047857290000008414,2
29,1771402778918,-0.004164770999999999,0.0038209704,0.00047857290000008414,2
30,1771402778921,-0.004164770999999999,0.0038209704,0.00047857290000008414,2
31,1771402778923,-0.0041530709999999995,0.0038404703999999996,0.00014707289999993302,2
32,1771402778926,-0.0041530709999999995,0.0038404703999999996,0.00014707289999993302,2
33,1771402778928,-0.0041530709999999995,0.0038404703999999996,0.00014707289999993302,2
34,1771402778931,-0.004110170999999999,0.0038677703999999997,0.00035767289999988274,2
35,1771402778933,-0.004110170999999999,0.0038677703999999997,0.00035767289999988274,2
36,1771402778936,-0.004110170999999999,0.0038677703999999997,0.00035767289999988274,2
37,1771402778938,-0.004117971,0.0038560703999999998,0.0002991728999999214,2
38,1771402778941,-0.004117971,0.0038560703999999998,0.0002991728999999214,2
39,1771402778943,-0.004117971,0.0038560703999999998,0.0002991728999999214,2
40,1771402778954,-0.004028271,0.0036922703999999994,0.0006735729000000294,2
41,1771402778956,-0.004090671000000001,0.0036220704,0.00024457290000001665,2
42,1771402778959,-0.004090671000000001,0.0036220704,0.00024457290000001665,2
43,1771402778961,-0.004090671000000001,0.0035947704,0.0005799729000000024,2
44,1771402778964,-0.0040087709999999995,0.0035947704,0.0005799729000000024,2
45,1771402778967,-0.0040087709999999995,0.0035947704,0.0005799729000000024,2
46,1771402778969,-0.0040087709999999995,0.0035947704,0.0002367729000000144,2
47,1771402778972,-0.004355871000000001,0.0038326704,0.0002367729000000144,2
48,1771402778974,-0.004355871000000001,0.0038326704,0.0002367729000000144,2
49,1771402778977,-0.004355871000000001,0.0038326704,0.0002367729000000144,2
50,1771402778979,-0.0038215709999999997,0.0036727704,0.0006618729000000815,2
51,1771402778982,-0.0038215709999999997,0.0036727704,0.0006618729000000815,2
52,1771402778984,-0.0038215709999999997,0.0036727704,0.0006618729000000815,2
53,1771402778987,-0.004309070999999999,0.0038638703999999994,0.00032647289999987374,2
54,1771402778989,-0.004309070999999999,0.0038638703999999994,0.00032647289999987374,2
55,1771402778992,-0.004309070999999999,0.0038638703999999994,0.00032647289999987374,2
56,1771402778995,-0.003848871,0.0036298703999999996,0.00040057290000006165,2
57,1771402778997,-0.003848871,0.0036298703999999996,0.00040057290000006165,2
58,1771402779000,-0.003848871,0.0036298703999999996,0.00040057290000006165,2
59,1771402779002,-0.004250571,0.0037429704,0.0003615728999999394,2
60,1771402779005,-0.004250571,0.0037429704,0.0003615728999999394,2
61,1771402779007,-0.004250571,0.0037429704,0.0003615728999999394,2
62,1771402779010,-0.003989271000000001,0.0036922703999999994,0.0002523729000000189,2
63,1771402779012,-0.003989271000000001,0.0036922703999999994,0.0002523729000000189,2
64,1771402779015,-0.003989271000000001,0.0036922703999999994,0.0002523729000000189,2
65,1771402779018,-0.004242770999999999,0.0036961703999999996,0.00022507289999995552,2
66,1771402779020,-0.004242770999999999,0.0036961703999999996,0.00022507289999995552,2
67,1771402779023,-0.004242770999999999,0.0036961703999999996,0.00022507289999995552,2
68,1771402779025,-0.004114071,0.0037858703999999995,0.00045517289999996637,2
69,1771402779028,-0.004114071,0.0037858703999999995,0.00045517289999996637,2
70,1771402779030,-0.004114071,0.0037858703999999995,0.00045517289999996637,2
71,1771402779033,-0.004114071,0.0037780704,0.00032647289999987374,2
72,1771402779035,-0.0041530709999999995,0.0037780704,0.00032647289999987374,2
73,1771402779038,-0.0041530709999999995,0.0037780704,0.00032647289999987374,2
74,1771402779040,-0.0041530709999999995,0.0037780704,0.000490272900000032,2
75,1771402779043,-0.0039580710000000005,0.0037975703999999994,0.000490272900000032,2
76,1771402779046,-0.0039580710000000005,0.0037975703999999994,0.000490272900000032,2
77,1771402779048,-0.0039580710000000005,0.0037975703999999994,0.0005331728999999889,2
78,1771402779051,-0.004117971,0.0036688703999999996,0.0005331728999999889,2
79,1771402779053,-0.004117971,0.0036688703999999996,0.0005331728999999889,2
80,1771402779056,-0.004117971,0.0036688703999999996,0.0005331728999999889,2
81,1771402779058,-0.003993171,0.0037624703999999997,2.2272900000008052e-05,2
82,1771402779065,-0.003704571,0.0036181703999999997,0.0001275728999999829,2
83,1771402779067,-0.003704571,0.0036181703999999997,0.0001275728999999829,2
84,1771402779070,-0.003704571,0.0036181703999999997,0.0001275728999999829,2
85,1771402779072,-0.003704571,0.0037585703999999994,-9.86270999999713e-05,2
86,1771402779075,-0.004234971000000001,0.0037585703999999994,-9.86270999999713e-05,2
87,1771402779077,-0.004234971000000001,0.0037585703999999994,-9.86270999999713e-05,2
88,1771402779080,-0.004234971000000001,0.0037585703999999994,0.0007476728999999952,2
89,1771402779082,-0.003692871,0.0036376704,0.0007476728999999952,2
90,1771402779085,-0.003692871,0.0036376704,0.0007476728999999952,2
91,1771402779097,-0.003770871,0.0038599704,0.0010440729000000806,2
92,1771402779100,-0.003770871,0.0038599704,0.0010440729000000806,2
93,1771402779102,-0.003770871,0.0038599704,0.0010440729000000806,2
94,1771402779105,-0.004082871,0.0037351703999999996,0.0002562728999999645,2
95,1771402779108,-0.004082871,0.0037351703999999996,0.0002562728999999645,2
96,1771402779110,-0.004082871,0.0037351703999999996,0.0002562728999999645,2
97,1771402779113,-0.003704571,0.0036103704,0.0010050728999999583,2
98,1771402779115,-0.003704571,0.0036103704,0.0010050728999999583,2
99,1771402779118,-0.003704571,0.0036103704,0.0010050728999999583,2
100,1771402779120,-0.004273971,0.0039028703999999994,1.0572899999949166e-05,2
101,1771402779123,-0.004273971,0.0039028703999999994,1.0572899999949166e-05,2
102,1771402779125,-0.004273971,0.0039028703999999994,1.0572899999949166e-05,2
103,1771402779128,-0.0036187710000000002,0.0035284704,0.0009036729000000402,2
104,1771402779130,-0.0036187710000000002,0.0035284704,0.0009036729000000402,2
105,1771402779133,-0.0036187710000000002,0.0035284704,0.0009036729000000402,2
106,1771402779135,-0.004578171000000001,0.0039886704,0.000334272899999987,2
107,1771402779138,-0.004578171000000001,0.0039886704,0.000334272899999987,2
108,1771402779141,-0.004578171000000001,0.0039886704,0.000334272899999987,2
109,1771402779143,-0.004578171000000001,0.0036220704,0.0007047729000000384,2
110,1771402779146,-0.0037396710000000004,0.0036220704,0.0007047729000000384,2
111,1771402779148,-0.0037396710000000004,0.0036220704,0.0007047729000000384,2
112,1771402779151,-0.0037396710000000004,0.0036220704,0.0002835728999999169,2
113,1771402779153,-0.0043792710000000006,0.0036844703999999997,0.0002835728999999169,2
114,1771402779156,-0.0043792710000000006,0.0036844703999999997,0.0002835728999999169,2
115,1771402779158,-0.0043792710000000006,0.0036844703999999997,0.0002835728999999169,2
116,1771402779161,-0.004051671,0.0037117704,0.0003186728999999825,2
117,1771402779163,-0.004051671,0.0037117704,0.0003186728999999825,2
118,1771402779166,-0.004051671,0.0037117704,0.0003186728999999825,2
119,1771402779169,-0.003961971,0.0037312703999999993,0.00040057290000006165,2
120,1771402779171,-0.003961971,0.0037312703999999993,0.00040057290000006165,2
121,1771402779174,-0.003961971,0.0037312703999999993,0.00040057290000006165,2
122,1771402779176,-0.004000971000000001,0.0036298703999999996,0.0005136728999999277,2
123,1771402779179,-0.004000971000000001,0.0036298703999999996,0.0005136728999999277,2
124,1771402779181,-0.004000971000000001,0.0036298703999999996,0.0005136728999999277,2
0,1771402779193,-0.0040087709999999995,0.0037234703999999997,0.00023287289999995777,2
1,1771402779196,-0.0040087709999999995,0.0037234703999999997,0.00023287289999995777,2
2,1771402779198,-0.0040087709999999995,0.0037156704,0.0007359729000000474,2
3,1771402779201,-0.004090671000000001,0.0037156704,0.0007359729000000474,2
4,1771402779203,-0.004090671000000001,0.0037156704,0.0007359729000000474,2
5,1771402779206,-0.004090671000000001,0.0037156704,3.787290000001255e-05,2
6,1771402779209,-0.004211571000000001,0.0037507703999999998,3.787290000001255e-05,2
7,1771402779211,-0.004211571000000001,0.0037507703999999998,3.787290000001255e-05,2
8,1771402779214,-0.004211571000000001,0.0037507703999999998,3.787290000001255e-05,2
9,1771402779216,-0.003657771,0.0036844703999999997,0.0006696728999999727,2
10,1771402779219,-0.003657771,0.0036844703999999997,0.0006696728999999727,2
11,1771402779221,-0.003657771,0.0036844703999999997,0.0006696728999999727,2
12,1771402779224,-0.004418271,0.003941870399999999,-0.0001142270999999758,2
13,1771402779226,-0.004418271,0.003941870399999999,-0.0001142270999999758,2
14,1771402779229,-0.004418271,0.003941870399999999,-0.0001142270999999758,2
15,1771402779231,-0.003813771,0.0037117704,0.00042007289999990074,2
16,1771402779234,-0.003813771,0.0037117704,0.00042007289999990074,2
17,1771402779237,-0.003813771,0.0037117704,0.00042007289999990074,2
18,1771402779239,-0.004227171,0.0038326704,0.000427872900000014,2
19,1771402779242,-0.004227171,0.0038326704,0.000427872900000014,2
20,1771402779244,-0.004227171,0.0038326704,0.000427872900000014,2
21,1771402779247,-0.003891771,0.0037195703999999994,0.00040057290000006165,2
22,1771402779249,-0.003891771,0.0037195703999999994,0.00040057290000006165,2
23,1771402779252,-0.003891771,0.0037195703999999994,0.00040057290000006165,2
24,1771402779254,-0.003965870999999999,0.0037702703999999993,0.000396672900000005,2
25,1771402779257,-0.003965870999999999,0.0037702703999999993,0.000396672900000005,2
26,1771402779259,-0.003965870999999999,0.0037702703999999993,0.000396672900000005,2
27,1771402779262,-0.004254470999999999,0.0037195703999999994,0.0005019728999999799,2
28,1771402779265,-0.004254470999999999,0.0037195703999999994,0.0005019728999999799,2
29,1771402779267,-0.004254470999999999,0.0037195703999999994,0.0005019728999999799,2
30,1771402779270,-0.004254470999999999,0.0036103704,0.0004941729000000886,2
31,1771402779272,-0.003915171,0.0036103704,0.0004941729000000886,2
32,1771402779275,-0.003915171,0.0036103704,0.0004941729000000886,2
33,1771402779277,-0.003915171,0.0036103704,0.0005097728999998711,2
34,1771402779280,-0.003911270999999999,0.0035401703999999997,0.0005097728999998711,2
35,1771402779282,-0.003911270999999999,0.0035401703999999997,0.0005097728999998711,2
36,1771402779285,-0.003911270999999999,0.0035401703999999997,0.0009231728999998793,2
37,1771402779288,-0.004082871,0.0037390704,0.0009231728999998793,2
38,1771402779290,-0.004082871,0.0037390704,0.0009231728999998793,2
39,1771402779293,-0.004082871,0.0037390704,0.0009231728999998793,2
40,1771402779295,-0.004277871000000001,0.0039223704,7.68729000000238e-05,2
41,1771402779298,-0.004277871000000001,0.0039223704,7.68729000000238e-05,2
42,1771402779300,-0.004277871000000001,0.0039223704,7.68729000000238e-05,2
43,1771402779303,-0.0038683710000000002,0.0036649704,0.0005292728999999322,2
44,1771402779305,-0.0038683710000000002,0.0036649704,0.0005292728999999322,2
45,1771402779308,-0.0038683710000000002,0.0036649704,0.0005292728999999322,2
46,1771402779310,-0.004351971,0.0037663704,-7.912710000002119e-05,2
47,1771402779313,-0.004351971,0.0037663704,-7.912710000002119e-05,2
48,1771402779316,-0.004351971,0.0037663704,-7.912710000002119e-05,2
49,1771402779318,-0.0037786710000000004,0.0037117704,0.0007710728999998909,2
50,1771402779321,-0.0037786710000000004,0.0037117704,0.0007710728999998909,2
51,1771402779323,-0.0037786710000000004,0.0037117704,0.0007710728999998909,2
52,1771402779326,-0.004480671,0.0037897703999999997,-0.00014932710000004144,2
53,1771402779328,-0.004480671,0.0037897703999999997,-0.00014932710000004144,2
54,1771402779331,-0.004480671,0.0037897703999999997,-0.00014932710000004144,2
55,1771402779333,-0.0036772709999999998,0.0037117704,0.0005799729000000024,2
56,1771402779336,-0.0036772709999999998,0.0037117704,0.0005799729000000024,2
57,1771402779338,-0.0036772709999999998,0.0037117704,0.0005799729000000024,2
58,1771402779341,-0.004355871000000001,0.0040978704,0.00010027290000003055,2
59,1771402779343,-0.004355871000000001,0.0040978704,0.00010027290000003055,2
60,1771402779346,-0.004355871000000001,0.0040978704,0.00010027290000003055,2
61,1771402779349,-0.004355871000000001,0.0038404703999999996,0.0005877728999998936,2
62,1771402779351,-0.0040750709999999996,0.0038404703999999996,0.0005877728999998936,2
63,1771402779354,-0.0040750709999999996,0.0038404703999999996,0.0005877728999998936,2
64,1771402779356,-0.0040750709999999996,0.0038404703999999996,0.00023287289999995777,2
65,1771402779359,-0.004203771,0.0037078703999999995,0.00023287289999995777,2
66,1771402779361,-0.004203771,0.0037078703999999995,0.00023287289999995777,2
67,1771402779364,-0.004203771,0.0037078703999999995,0.00023287289999995777,2
68,1771402779366,-0.003907371,0.0035050704,0.0006657728999999161,2
69,1771402779369,-0.003907371,0.0035050704,0.0006657728999999161,2
70,1771402779371,-0.003907371,0.0035050704,0.0006657728999999161,2
71,1771402779374,-0.0042310709999999994,0.0037897703999999997,0.00021337290000000766,2
72,1771402779377,-0.0042310709999999994,0.0037897703999999997,0.00021337290000000766,2
73,1771402779379,-0.0042310709999999994,0.0037897703999999997,0.00021337290000000766,2
74,1771402779382,-0.003665571,0.0037039704,0.00011197289999997841,2
75,1771402779384,-0.003665571,0.0037039704,0.00011197289999997841,2
76,1771402779387,-0.003665571,0.0037039704,0.00011197289999997841,2
77,1771402779389,-0.004090671000000001,0.0036532703999999994,0.0007125728999999296,2
78,1771402779392,-0.004090671000000001,0.0036532703999999994,0.0007125728999999296,2
79,1771402779394,-0.004090671000000001,0.0036532703999999994,0.0007125728999999296,2
80,1771402779403,-0.0038605709999999997,0.0037156704,0.0003303728999999304,2
81,1771402779406,-0.003880071,0.0037039704,0.0006384728999999637,2
82,1771402779408,-0.003880071,0.0037039704,0.0006384728999999637,2
83,1771402779411,-0.003880071,0.0037039704,0.0006384728999999637,2
84,1771402779414,-0.004406571,0.0037780704,-5.027100000055333e-06,2
85,1771402779416,-0.004406571,0.0037780704,-5.027100000055333e-06,2
86,1771402779419,-0.004406571,0.0037780704,-5.027100000055333e-06,2
87,1771402779421,-0.003813771,0.0036883704,0.0007359729000000474,2
88,1771402779424,-0.003813771,0.0036883704,0.0007359729000000474,2
89,1771402779426,-0.003813771,0.0036883704,0.0007359729000000474,2
90,1771402779429,-0.004203771,0.0039184703999999996,0.00043177290000007064,2
91,1771402779431,-0.004203771,0.0039184703999999996,0.00043177290000007064,2
92,1771402779434,-0.004203771,0.0039184703999999996,0.00043177290000007064,2
93,1771402779436,-0.003915171,0.0038365703999999994,0.0007671729000000564,2
94,1771402779439,-0.003915171,0.0038365703999999994,0.0007671729000000564,2
95,1771402779442,-0.003915171,0.0038365703999999994,0.0007671729000000564,2
96,1771402779444,-0.004344171000000001,0.0037117704,0.00013537289999998516,2
97,1771402779447,-0.004344171000000001,0.0037117704,0.00013537289999998516,2
98,1771402779449,-0.004344171000000001,0.0037117704,0.00013537289999998516,2
99,1771402779452,-0.003907371,0.0035011703999999998,0.0005019728999999799,2
100,1771402779454,-0.003907371,0.0035011703999999998,0.0005019728999999799,2
101,1771402779457,-0.003907371,0.0035011703999999998,0.0005019728999999799,2
102,1771402779459,-0.004117971,0.0037897703999999997,7.297289999996716e-05,2
103,1771402779462,-0.004117971,0.0037897703999999997,7.297289999996716e-05,2
104,1771402779464,-0.004117971,0.0037897703999999997,7.297289999996716e-05,2
105,1771402779467,-0.004117971,0.0038404703999999996,0.0008295729000000743,2
106,1771402779470,-0.0037552709999999997,0.0038404703999999996,0.0008295729000000743,2
107,1771402779472,-0.0037552709999999997,0.0038404703999999996,0.0008295729000000743,2
108,1771402779475,-0.0037552709999999997,0.0038404703999999996,0.00038887289999989174,2
109,1771402779477,-0.004192071,0.0037819704,0.00038887289999989174,2
110,1771402779480,-0.004192071,0.0037819704,0.00038887289999989174,2
111,1771402779482,-0.004192071,0.0037819704,0.00038887289999989174,2
112,1771402779485,-0.003934671000000001,0.0036844703999999997,0.00046687289999991423,2
113,1771402779487,-0.003934671000000001,0.0036844703999999997,0.00046687289999991423,2
114,1771402779490,-0.003934671000000001,0.0036844703999999997,0.00046687289999991423,2
115,1771402779492,-0.004176470999999999,0.0037819704,0.0005253728999998756,2
116,1771402779495,-0.004176470999999999,0.0037819704,0.0005253728999998756,2
117,1771402779498,-0.004176470999999999,0.0037819704,0.0005253728999998756,2
118,1771402779500,-0.004047771,0.0038326704,0.00011977289999998066,2
119,1771402779503,-0.004047771,0.0038326704,0.00011977289999998066,2
120,1771402779506,-0.004047771,0.0038326704,0.00011977289999998066,2
121,1771402779508,-0.003813771,0.0036805703999999995,0.00038887289999989174,2
122,1771402779511,-0.003813771,0.0036805703999999995,0.00038887289999989174,2
123,1771402779513,-0.003813771,0.0036805703999999995,0.00038887289999989174,2
124,1771402779516,-0.004301271000000001,0.004047170399999999,0.0005292728999999322,2
0,1771402779527,-0.003950271,0.0039730704,0.0005019728999999799,2
1,1771402779530,-0.003950271,0.0037234703999999997,0.0004980728999999232,2
2,1771402779533,-0.003864471,0.0037234703999999997,0.0004980728999999232,2
3,1771402779535,-0.003864471,0.0037234703999999997,0.0004980728999999232,2
4,1771402779538,-0.003864471,0.0037234703999999997,0.0007008728999999817,2
5,1771402779540,-0.003934671000000001,0.0036649704,0.0007008728999999817,2
6,1771402779543,-0.003934671000000001,0.0036649704,0.0007008728999999817,2
7,1771402779545,-0.003934671000000001,0.0036649704,0.0007008728999999817,2
8,1771402779548,-0.0040360710000000004,0.0038053704,0.00024067289999996002,2
9,1771402779550,-0.0040360710000000004,0.0038053704,0.00024067289999996002,2
10,1771402779553,-0.0040360710000000004,0.0038053704,0.00024067289999996002,2
11,1771402779555,-0.004160871,0.0037897703999999997,0.000459072900000023,2
12,1771402779558,-0.004160871,0.0037897703999999997,0.000459072900000023,2
13,1771402779560,-0.004160871,0.0037897703999999997,0.000459072900000023,2
14,1771402779563,-0.004270071,0.0036922703999999994,0.0005136728999999277,2
15,1771402779566,-0.004270071,0.0036922703999999994,0.0005136728999999277,2
16,1771402779568,-0.004270071,0.0036922703999999994,0.0005136728999999277,2
17,1771402779571,-0.003965870999999999,0.0038053704,0.00015487289999993527,2
18,1771402779573,-0.003965870999999999,0.0038053704,0.00015487289999993527,2
19,1771402779576,-0.003965870999999999,0.0038053704,0.00015487289999993527,2
20,1771402779578,-0.004277871000000001,0.0036961703999999996,0.000677472900000086,2
21,1771402779581,-0.004277871000000001,0.0036961703999999996,0.000677472900000086,2
22,1771402779583,-0.004277871000000001,0.0036961703999999996,0.000677472900000086,2
23,1771402779586,-0.004106271,0.0037780704,-5.962710000007108e-05,2
24,1771402779589,-0.004106271,0.0037780704,-5.962710000007108e-05,2
25,1771402779591,-0.004106271,0.0037780704,-5.962710000007108e-05,2
26,1771402779594,-0.003825471,0.0037117704,0.000459072900000023,2
27,1771402779596,-0.003825471,0.0037117704,0.000459072900000023,2
28,1771402779599,-0.003825471,0.0037117704,0.000459072900000023,2
29,1771402779601,-0.003825471,0.0038014703999999996,0.00030697290000003465,2
30,1771402779604,-0.0041803710000000004,0.0038014703999999996,0.00030697290000003465,2
31,1771402779606,-0.0041803710000000004,0.0038014703999999996,0.00030697290000003465,2
32,1771402779609,-0.0041803710000000004,0.0038014703999999996,0.0007632728999999997,2
33,1771402779611,-0.003934671000000001,0.0035284704,0.0007632728999999997,2
34,1771402779614,-0.003934671000000001,0.0035284704,0.0007632728999999997,2
35,1771402779617,-0.003934671000000001,0.0035284704,0.0007632728999999997,2
36,1771402779619,-0.0041803710000000004,0.0037663704,-0.00011812710000003244,2
37,1771402779622,-0.0041803710000000004,0.0037663704,-0.00011812710000003244,2
38,1771402779624,-0.0041803710000000004,0.0037663704,-0.00011812710000003244,2
39,1771402779627,-0.003981471,0.0038170704,0.0007944729000000087,2
40,1771402779629,-0.003981471,0.0038170704,0.0007944729000000087,2
41,1771402779632,-0.003981471,0.0038170704,0.0007944729000000087,2
42,1771402779634,-0.004227171,0.0038599704,2.2272900000008052e-05,2
43,1771402779637,-0.004227171,0.0038599704,2.2272900000008052e-05,2
44,1771402779639,-0.004227171,0.0038599704,2.2272900000008052e-05,2
45,1771402779642,-0.0037825709999999998,0.0036376704,0.00038497290000005715,2
46,1771402779644,-0.0037825709999999998,0.0036376704,0.00038497290000005715,2
47,1771402779647,-0.0037825709999999998,0.0036376704,0.00038497290000005715,2
48,1771402779650,-0.004281771,0.0037897703999999997,-0.00034432709999998666,2
49,1771402779652,-0.004281771,0.0037897703999999997,-0.00034432709999998666,2
50,1771402779655,-0.004281771,0.0037897703999999997,-0.00034432709999998666,2
51,1771402779657,-0.0036889709999999997,0.0035167704,0.0007047729000000384,2
52,1771402779660,-0.0036889709999999997,0.0035167704,0.0007047729000000384,2
53,1771402779662,-0.0036889709999999997,0.0035167704,0.0007047729000000384,2
54,1771402779665,-0.0043909710000000005,0.0038287703999999997,0.0004980728999999232,2
55,1771402779667,-0.0043909710000000005,0.0038287703999999997,0.0004980728999999232,2
56,1771402779670,-0.0043909710000000005,0.0038287703999999997,0.0004980728999999232,2
57,1771402779672,-0.0038566710000000003,0.0036805703999999995,0.00036937290000005265,2
58,1771402779675,-0.0038566710000000003,0.0036805703999999995,0.00036937290000005265,2
59,1771402779678,-0.0038566710000000003,0.0036805703999999995,0.00036937290000005265,2
60,1771402779680,-0.0038566710000000003,0.0037429704,0.00020947289999995102,2
61,1771402779683,-0.004238871,0.0037429704,0.00020947289999995102,2
62,1771402779685,-0.004238871,0.0037429704,0.00020947289999995102,2
63,1771402779688,-0.004238871,0.0037429704,0.0003147728999999259,2
64,1771402779690,-0.004149171,0.0037117704,0.0003147728999999259,2
65,1771402779693,-0.004149171,0.0037117704,0.0003147728999999259,2
66,1771402779695,-0.004149171,0.0037117704,0.0003147728999999259,2
67,1771402779698,-0.004164770999999999,0.0036571703999999997,0.0001275728999999829,2
68,1771402779700,-0.004164770999999999,0.0036571703999999997,0.0001275728999999829,2
69,1771402779703,-0.004164770999999999,0.0036571703999999997,0.0001275728999999829,2
70,1771402779713,-0.004227171,0.0036961703999999996,0.000459072900000023,2
71,1771402779716,-0.004227171,0.0036961703999999996,0.000459072900000023,2
72,1771402779719,-0.004227171,0.0036961703999999996,0.000459072900000023,2
73,1771402779721,-0.003950271,0.0035947704,0.0007242728999998774,2
74,1771402779724,-0.003950271,0.0035947704,0.0007242728999998774,2
75,1771402779726,-0.003950271,0.0035947704,0.0007242728999998774,2
76,1771402779729,-0.004137471,0.0038326704,0.0002835728999999169,2
77,1771402779731,-0.004137471,0.0038326704,0.0002835728999999169,2
78,1771402779734,-0.004137471,0.0038326704,0.0002835728999999169,2
79,1771402779736,-0.004125771,0.0039223704,0.00016267289999993752,2
80,1771402779739,-0.004125771,0.0039223704,0.00016267289999993752,2
81,1771402779741,-0.004125771,0.0039223704,0.00016267289999993752,2
82,1771402779744,-0.0040867709999999995,0.0037741703999999996,0.0004941729000000886,2
83,1771402779747,-0.0040867709999999995,0.0037741703999999996,0.0004941729000000886,2
84,1771402779749,-0.0040867709999999995,0.0037741703999999996,0.0004941729000000886,2
85,1771402779752,-0.003969771,0.0036883704,0.00038887289999989174,2
86,1771402779754,-0.003969771,0.0036883704,0.00038887289999989174,2
87,1771402779757,-0.003969771,0.0036883704,0.00038887289999989174,2
88,1771402779759,-0.003977570999999999,0.0035518703999999996,0.00027577290000002565,2
89,1771402779762,-0.003977570999999999,0.0035518703999999996,0.00027577290000002565,2
90,1771402779765,-0.003977570999999999,0.0035518703999999996,0.00027577290000002565,2
91,1771402779767,-0.004028271,0.0037234703999999997,0.0002679729000000234,2
92,1771402779770,-0.004028271,0.0037234703999999997,0.0002679729000000234,2
93,1771402779773,-0.004028271,0.0037234703999999997,0.0002679729000000234,2
94,1771402779775,-0.003993171,0.0036649704,0.0008451729000000788,2
95,1771402779778,-0.003993171,0.0036649704,0.0008451729000000788,2
96,1771402779780,-0.003993171,0.0036649704,0.0008451729000000788,2
97,1771402779783,-0.003993171,0.0038326704,0.0004434729000000185,2
98,1771402779785,-0.004125771,0.0038326704,0.0004434729000000185,2
99,1771402779788,-0.004125771,0.0038326704,0.0004434729000000185,2
100,1771402779790,-0.004125771,0.0038326704,0.0003810729000000005,2
101,1771402779793,-0.003915171,0.0035674704,0.0003810729000000005,2
102,1771402779795,-0.003915171,0.0035674704,0.0003810729000000005,2
103,1771402779798,-0.003915171,0.0035674704,0.0003810729000000005,2
104,1771402779801,-0.004043870999999999,0.0036649704,0.00035377290000004815,2
105,1771402779803,-0.004043870999999999,0.0036649704,0.00035377290000004815,2
106,1771402779819,-0.004055570999999999,0.0036571703999999997,0.00027577290000002565,2
107,1771402779821,-0.004055570999999999,0.0036571703999999997,0.00027577290000002565,2
108,1771402779824,-0.003965870999999999,0.0035362703999999995,0.0004122729000000095,2
109,1771402779826,-0.003965870999999999,0.0035362703999999995,0.0004122729000000095,2
110,1771402779829,-0.003965870999999999,0.0035362703999999995,0.0004122729000000095,2
111,1771402779832,-0.004145271000000001,0.0037936704,0.0005292728999999322,2
112,1771402779834,-0.004145271000000001,0.0037936704,0.0005292728999999322,2
113,1771402779837,-0.004145271000000001,0.0037936704,0.0005292728999999322,2
114,1771402779839,-0.0041803710000000004,0.0039301703999999995,0.00013927289999993077,2
115,1771402779842,-0.0041803710000000004,0.0039301703999999995,0.00013927289999993077,2
116,1771402779844,-0.0041803710000000004,0.0039301703999999995,0.00013927289999993077,2
117,1771402779847,-0.004195971,0.0038287703999999997,0.00013147289999992852,2
118,1771402779849,-0.004195971,0.0038287703999999997,0.00013147289999992852,2
119,1771402779852,-0.004195971,0.0038287703999999997,0.00013147289999992852,2
120,1771402779854,-0.004211571000000001,0.0037780704,0.00035377290000004815,2
121,1771402779857,-0.004211571000000001,0.0037780704,0.00035377290000004815,2
122,1771402779859,-0.004211571000000001,0.0037780704,0.00035377290000004815,2
123,1771402779866,-0.003907371,0.0038716704,0.00043957289999996187,2
124,1771402779868,-0.003907371,0.0038716704,0.00043957289999996187,2
0,1771402779880,-0.003911270999999999,0.0038053704,0.0005136728999999277,2
1,1771402779882,-0.003911270999999999,0.0038053704,0.0005136728999999277,2
2,1771402779885,-0.003911270999999999,0.0038053704,0.0005136728999999277,2
3,1771402779887,-0.004270071,0.0038716704,0.0005058729000000365,2
4,1771402779890,-0.004270071,0.0038716704,0.0005058729000000365,2
5,1771402779893,-0.004270071,0.0038716704,0.0005058729000000365,2
6,1771402779895,-0.0039424709999999995,0.0037507703999999998,0.0003303728999999304,2
7,1771402779898,-0.0039424709999999995,0.0037507703999999998,0.0003303728999999304,2
8,1771402779900,-0.0039424709999999995,0.0037507703999999998,0.0003303728999999304,2
9,1771402779903,-0.003997071,0.0036688703999999996,0.00043177290000007064,2
10,1771402779905,-0.003997071,0.0036688703999999996,0.00043177290000007064,2
11,1771402779908,-0.003997071,0.0036688703999999996,0.00043177290000007064,2
12,1771402779910,-0.004387070999999999,0.0037975703999999994,0.00029137290000003015,2
13,1771402779913,-0.004387070999999999,0.0037975703999999994,0.00029137290000003015,2
14,1771402779916,-0.004387070999999999,0.0037975703999999994,0.00029137290000003015,2
15,1771402779918,-0.004028271,0.0036298703999999996,0.0003498728999999915,2
16,1771402779921,-0.004028271,0.0036298703999999996,0.0003498728999999915,2
17,1771402779923,-0.004028271,0.0036298703999999996,0.0003498728999999915,2
18,1771402779926,-0.004047771,0.0037585703999999994,0.000490272900000032,2
19,1771402779928,-0.004047771,0.0037585703999999994,0.000490272900000032,2
20,1771402779931,-0.004047771,0.0037585703999999994,0.000490272900000032,2
21,1771402779933,-0.004067271000000001,0.0038560703999999998,0.0005916728999999502,2
22,1771402779943,-0.004067271000000001,0.0038560703999999998,0.0005916728999999502,2
23,1771402779946,-0.003903471,0.0037156704,4.9572899999960414e-05,2
24,1771402779949,-0.003903471,0.0037351703999999996,0.0008997728999999836,2
25,1771402779951,-0.0038449710000000004,0.0037351703999999996,0.0008997728999999836,2
26,1771402779954,-0.0038449710000000004,0.0037351703999999996,0.0008997728999999836,2
27,1771402779956,-0.0038449710000000004,0.0037351703999999996,6.6729000000035526e-06,2
28,1771402779959,-0.004273971,0.0039106704,6.6729000000035526e-06,2
29,1771402779961,-0.004273971,0.0039106704,6.6729000000035526e-06,2
30,1771402779964,-0.004273971,0.0039106704,6.6729000000035526e-06,2
31,1771402779966,-0.0038839710000000004,0.0036766704,0.0005019728999999799,2
32,1771402779969,-0.0038839710000000004,0.0036766704,0.0005019728999999799,2
33,1771402779972,-0.0038839710000000004,0.0036766704,0.0005019728999999799,2
34,1771402779974,-0.004160871,0.0038404703999999996,0.00046687289999991423,2
35,1771402779977,-0.004160871,0.0038404703999999996,0.00046687289999991423,2
36,1771402779979,-0.004160871,0.0038404703999999996,0.00046687289999991423,2
37,1771402779982,-0.003930771,0.0037858703999999995,0.00017827289999994202,2
38,1771402779984,-0.003930771,0.0037858703999999995,0.00017827289999994202,2
39,1771402779987,-0.003930771,0.0037858703999999995,0.00017827289999994202,2
40,1771402779989,-0.0038059709999999996,0.0037390704,0.00013537289999998516,2
41,1771402779992,-0.0038059709999999996,0.0037390704,0.00013537289999998516,2
42,1771402779994,-0.0038059709999999996,0.0037390704,0.00013537289999998516,2
43,1771402779997,-0.0043129710000000005,0.0038638703999999994,0.0007476728999999952,2
44,1771402779999,-0.0043129710000000005,0.0038638703999999994,0.0007476728999999952,2
45,1771402780002,-0.0043129710000000005,0.0038638703999999994,0.0007476728999999952,2
46,1771402780005,-0.004067271000000001,0.0038092704,-9.472710000002569e-05,2
47,1771402780007,-0.004067271000000001,0.0038092704,-9.472710000002569e-05,2
48,1771402780010,-0.004067271000000001,0.0038092704,-9.472710000002569e-05,2
49,1771402780012,-0.0037006710000000004,0.0036649704,0.0008334728999999089,2
50,1771402780015,-0.0037006710000000004,0.0036649704,0.0008334728999999089,2
51,1771402780017,-0.0037006710000000004,0.0036649704,0.0008334728999999089,2
52,1771402780026,-0.004624971,0.0038404703999999996,0.00034207289999987824,2
53,1771402780029,-0.0039580710000000005,0.0035167704,0.00048247289999991873,2
54,1771402780032,-0.0039580710000000005,0.0035167704,0.00048247289999991873,2
55,1771402780034,-0.0039580710000000005,0.0035167704,0.00048247289999991873,2
56,1771402780037,-0.004371471,0.0038560703999999998,0.0005994729000000635,2
57,1771402780039,-0.004371471,0.0038560703999999998,0.0005994729000000635,2
58,1771402780042,-0.004371471,0.0038560703999999998,0.0005994729000000635,2
59,1771402780044,-0.003961971,0.0038092704,0.0001899729000000009,2
60,1771402780047,-0.003961971,0.0038092704,0.0001899729000000009,2
61,1771402780049,-0.003961971,0.0038092704,0.0001899729000000009,2
62,1771402780052,-0.003911270999999999,0.0037897703999999997,0.00044737290000007514,2
63,1771402780056,-0.003911270999999999,0.0037897703999999997,0.00044737290000007514,2
64,1771402780059,-0.003911270999999999,0.0037897703999999997,0.00055267290000005,2
65,1771402780062,-0.004223271000000001,0.0038482704,0.00055267290000005,2
66,1771402780064,-0.004223271000000001,0.0038482704,0.00055267290000005,2
67,1771402780067,-0.004223271000000001,0.0038482704,0.00055267290000005,2
68,1771402780069,-0.004071171,0.0038170704,0.00011977289999998066,2
69,1771402780072,-0.004071171,0.0038170704,0.00011977289999998066,2
70,1771402780074,-0.004071171,0.0038170704,0.00011977289999998066,2
71,1771402780077,-0.004032170999999999,0.0037780704,0.00041617290000006614,2
72,1771402780079,-0.004032170999999999,0.0037780704,0.00041617290000006614,2
73,1771402780082,-0.004032170999999999,0.0037780704,0.00041617290000006614,2
74,1771402780084,-0.004063371,0.0037429704,0.000583872900000059,2
75,1771402780087,-0.004063371,0.0037429704,0.000583872900000059,2
76,1771402780090,-0.004063371,0.0037429704,0.000583872900000059,2
77,1771402780092,-0.003993171,0.0035557704,0.00040057290000006165,2
78,1771402780095,-0.003993171,0.0035557704,0.00040057290000006165,2
79,1771402780097,-0.003993171,0.0035557704,0.00040057290000006165,2
80,1771402780100,-0.004028271,0.0036064703999999998,0.00042397289999995737,2
81,1771402780102,-0.004028271,0.0036064703999999998,0.00042397289999995737,2
82,1771402780105,-0.004028271,0.0036064703999999998,0.00042397289999995737,2
83,1771402780107,-0.004133571000000001,0.0035674704,0.0003927728999999484,2
84,1771402780110,-0.004133571000000001,0.0035674704,0.0003927728999999484,2
85,1771402780112,-0.004133571000000001,0.0035674704,0.0003927728999999484,2
86,1771402780115,-0.004000971000000001,0.0035791703999999997,0.00047857290000008414,2
87,1771402780118,-0.004000971000000001,0.0035791703999999997,0.00047857290000008414,2
88,1771402780120,-0.004000971000000001,0.0035791703999999997,0.00047857290000008414,2
89,1771402780123,-0.004254470999999999,0.0035908703999999996,0.0005916728999999502,2
90,1771402780125,-0.004254470999999999,0.0035908703999999996,0.0005916728999999502,2
91,1771402780128,-0.004254470999999999,0.0035908703999999996,0.0005916728999999502,2
92,1771402780131,-0.004039971,0.0037897703999999997,0.00026017290000002115,2
93,1771402780133,-0.004039971,0.0037897703999999997,0.00026017290000002115,2
94,1771402780136,-0.004039971,0.0037897703999999997,0.00026017290000002115,2
95,1771402780138,-0.004039971,0.0036649704,0.00045517289999996637,2
96,1771402780141,-0.0038332709999999996,0.0036649704,0.00045517289999996637,2
97,1771402780143,-0.0038332709999999996,0.0036649704,0.00045517289999996637,2
98,1771402780146,-0.0038332709999999996,0.0036649704,0.0005331728999999889,2
99,1771402780148,-0.004367571000000001,0.0039964703999999995,0.0005331728999999889,2
100,1771402780151,-0.004367571000000001,0.0039964703999999995,0.0005331728999999889,2
101,1771402780153,-0.004367571000000001,0.0039964703999999995,0.0005331728999999889,2
102,1771402780156,-0.004012671000000001,0.0037039704,0.000334272899999987,2
103,1771402780159,-0.004012671000000001,0.0037039704,0.000334272899999987,2
104,1771402780161,-0.004012671000000001,0.0037039704,0.000334272899999987,2
105,1771402780164,-0.004203771,0.0036532703999999994,0.000365472899999996,2
106,1771402780166,-0.004203771,0.0036532703999999994,0.000365472899999996,2
107,1771402780169,-0.004203771,0.0036532703999999994,0.000365472899999996,2
108,1771402780171,-0.0040750709999999996,0.0038833704,0.0002991728999999214,2
109,1771402780174,-0.0040750709999999996,0.0038833704,0.0002991728999999214,2
110,1771402780176,-0.0040750709999999996,0.0038833704,0.0002991728999999214,2
111,1771402780179,-0.004184271,0.0038326704,7.68729000000238e-05,2
112,1771402780181,-0.004184271,0.0038326704,7.68729000000238e-05,2
113,1771402780184,-0.004184271,0.0038326704,7.68729000000238e-05,2
114,1771402780186,-0.004051671,0.0036571703999999997,0.00037327289999988724,2
115,1771402780189,-0.004051671,0.0036571703999999997,0.00037327289999988724,2
116,1771402780192,-0.004051671,0.0036571703999999997,0.00037327289999988724,2
117,1771402780194,-0.004270071,0.0037819704,0.0002367729000000144,2
118,1771402780197,-0.004270071,0.0037819704,0.0002367729000000144,2
119,1771402780199,-0.004270071,0.0037819704,0.0002367729000000144,2
120,1771402780202,-0.0038293710000000003,0.0037663704,0.0004434729000000185,2
121,1771402780204,-0.0038293710000000003,0.0037663704,0.0004434729000000185,2
122,1771402780207,-0.0038293710000000003,0.0037663704,0.0004434729000000185,2
123,1771402780209,-0.004227171,0.0037546704,0.0006735729000000294,2
124,1771402780212,-0.004227171,0.0037546704,0.0006735729000000294,2
0,1771402780232,-0.0040750709999999996,0.0036649704,0.0005058729000000365,2
1,1771402780235,-0.004164770999999999,0.0037702703999999993,0.00021727289999995327,2
2,1771402780238,-0.004164770999999999,0.0037702703999999993,0.00021727289999995327,2
3,1771402780240,-0.004164770999999999,0.0037702703999999993,0.00021727289999995327,2
4,1771402780243,-0.0040243710000000005,0.0037312703999999993,0.0006072728999999547,2
5,1771402780245,-0.0040243710000000005,0.0037312703999999993,0.0006072728999999547,2
6,1771402780248,-0.0040243710000000005,0.0037312703999999993,0.0006072728999999547,2
7,1771402780250,-0.004164770999999999,0.0036181703999999997,0.0001899729000000009,2
8,1771402780253,-0.004164770999999999,0.0036181703999999997,0.0001899729000000009,2
9,1771402780255,-0.004164770999999999,0.0036181703999999997,0.0001899729000000009,2
10,1771402780258,-0.003946371000000001,0.0036688703999999996,0.0009504729000000537,2
11,1771402780260,-0.003946371000000001,0.0036688703999999996,0.0009504729000000537,2
12,1771402780267,-0.004207671,0.0037897703999999997,0.00035377290000004815,2
13,1771402780269,-0.004207671,0.0037897703999999997,0.00035377290000004815,2
14,1771402780272,-0.004207671,0.0037897703999999997,0.00035377290000004815,2
15,1771402780274,-0.003786471,0.0035908703999999996,0.0005409728999998801,2
16,1771402780277,-0.003786471,0.0035908703999999996,0.0005409728999998801,2
17,1771402780279,-0.003786471,0.0035908703999999996,0.0005409728999998801,2
18,1771402780282,-0.004289571000000001,0.0037702703999999993,1.0572899999949166e-05,2
19,1771402780285,-0.004289571000000001,0.0037702703999999993,1.0572899999949166e-05,2
20,1771402780287,-0.004289571000000001,0.0037702703999999993,1.0572899999949166e-05,2
21,1771402780290,-0.003774771,0.0037702703999999993,0.0007047729000000384,2
22,1771402780292,-0.003774771,0.0037702703999999993,0.0007047729000000384,2
23,1771402780295,-0.003774771,0.0037702703999999993,0.0007047729000000384,2
24,1771402780297,-0.004293471,0.0036259703999999993,0.00022507289999995552,2
25,1771402780300,-0.004293471,0.0036259703999999993,0.00022507289999995552,2
26,1771402780303,-0.004293471,0.0036259703999999993,0.00022507289999995552,2
27,1771402780305,-0.0038839710000000004,0.0036064703999999998,0.00046687289999991423,2
28,1771402780308,-0.0038839710000000004,0.0036064703999999998,0.00046687289999991423,2
29,1771402780310,-0.0038839710000000004,0.0036064703999999998,0.00046687289999991423,2
30,1771402780313,-0.0041686710000000005,0.0037663704,0.00038497290000005715,2
31,1771402780315,-0.0041686710000000005,0.0037663704,0.00038497290000005715,2
32,1771402780318,-0.0041686710000000005,0.0037663704,0.00038497290000005715,2
33,1771402780320,-0.0038995709999999997,0.0035362703999999995,0.00040057290000006165,2
34,1771402780323,-0.0038995709999999997,0.0035362703999999995,0.00040057290000006165,2
35,1771402780325,-0.0038995709999999997,0.0035362703999999995,0.00040057290000006165,2
36,1771402780335,-0.004055570999999999,0.0037156704,0.0005136728999999277,2
37,1771402780337,-0.004125771,0.0038365703999999994,7.297289999996716e-05,2
38,1771402780340,-0.004125771,0.0038365703999999994,7.297289999996716e-05,2
39,1771402780342,-0.004125771,0.0038365703999999994,7.297289999996716e-05,2
40,1771402780345,-0.0038722709999999996,0.0039223704,0.0008139729000000699,2
41,1771402780347,-0.0038722709999999996,0.0039223704,0.0008139729000000699,2
42,1771402780350,-0.0038722709999999996,0.0039223704,0.0008139729000000699,2
43,1771402780353,-0.004320770999999999,0.0038053704,0.00016657289999999416,2
44,1771402780355,-0.004320770999999999,0.0038053704,0.00016657289999999416,2
45,1771402780358,-0.004320770999999999,0.0038053704,0.00016657289999999416,2
46,1771402780360,-0.003880071,0.0034621704,0.0004941729000000886,2
47,1771402780363,-0.003880071,0.0034621704,0.0004941729000000886,2
48,1771402780365,-0.003880071,0.0034621704,0.0004941729000000886,2
49,1771402780368,-0.0042193709999999995,0.0037624703999999997,0.0001899729000000009,2
50,1771402780370,-0.0042193709999999995,0.0037624703999999997,0.0001899729000000009,2
51,1771402780373,-0.0042193709999999995,0.0037624703999999997,0.0001899729000000009,2
52,1771402780375,-0.003919071,0.0035635703999999995,0.0006345728999999071,2
53,1771402780378,-0.003919071,0.0035635703999999995,0.0006345728999999071,2
54,1771402780381,-0.003919071,0.0035635703999999995,0.0006345728999999071,2
55,1771402780383,-0.004203771,0.0035791703999999997,-0.00012202709999997805,2
56,1771402780386,-0.004203771,0.0035791703999999997,-0.00012202709999997805,2
57,1771402780388,-0.004203771,0.0035791703999999997,-0.00012202709999997805,2
58,1771402780391,-0.004203771,0.0036727704,0.0007944729000000087,2
59,1771402780393,-0.003852771,0.0036727704,0.0007944729000000087,2
60,1771402780396,-0.003852771,0.0036727704,0.0007944729000000087,2
61,1771402780398,-0.003852771,0.0036727704,0.00043567289999990523,2
62,1771402780401,-0.004149171,0.0038638703999999994,0.00043567289999990523,2
63,1771402780403,-0.004149171,0.0038638703999999994,0.00043567289999990523,2
64,1771402780406,-0.004149171,0.0038638703999999994,0.00043567289999990523,2
65,1771402780409,-0.0036850710000000003,0.0036766704,0.000396672900000005,2
66,1771402780411,-0.0036850710000000003,0.0036766704,0.000396672900000005,2
67,1771402780414,-0.0036850710000000003,0.0036766704,0.000396672900000005,2
68,1771402780416,-0.004242770999999999,0.0037117704,0.0006306729000000725,2
69,1771402780419,-0.004242770999999999,0.0037117704,0.0006306729000000725,2
70,1771402780421,-0.004242770999999999,0.0037117704,0.0006306729000000725,2
71,1771402780424,-0.004227171,0.0038872704,0.0005448728999999367,2
72,1771402780426,-0.004227171,0.0038872704,0.0005448728999999367,2
73,1771402780429,-0.004227171,0.0038872704,0.0005448728999999367,2
74,1771402780432,-0.003825471,0.0036961703999999996,0.0006696728999999727,2
75,1771402780434,-0.003825471,0.0036961703999999996,0.0006696728999999727,2
76,1771402780437,-0.003825471,0.0036961703999999996,0.0006696728999999727,2
77,1771402780439,-0.004039971,0.0036415703999999995,1.4472900000005802e-05,2
78,1771402780442,-0.004039971,0.0036415703999999995,1.4472900000005802e-05,2
79,1771402780444,-0.004039971,0.0036415703999999995,1.4472900000005802e-05,2
80,1771402780447,-0.003961971,0.0036766704,0.0008334728999999089,2
81,1771402780449,-0.003961971,0.0036766704,0.0008334728999999089,2
82,1771402780452,-0.003961971,0.0036766704,0.0008334728999999089,2
83,1771402780455,-0.0044572710000000005,0.0040237704,8.467290000002605e-05,2
84,1771402780457,-0.0044572710000000005,0.0040237704,8.467290000002605e-05,2
85,1771402780460,-0.0044572710000000005,0.0040237704,8.467290000002605e-05,2
86,1771402780462,-0.003876171,0.0036415703999999995,0.0010323728999999107,2
87,1771402780465,-0.003876171,0.0036415703999999995,0.0010323728999999107,2
88,1771402780467,-0.003876171,0.0036415703999999995,0.0010323728999999107,2
89,1771402780470,-0.003876171,0.0038404703999999996,0.00016657289999999416,2
90,1771402780472,-0.004402671,0.0038404703999999996,0.00016657289999999416,2
91,1771402780475,-0.004402671,0.0038404703999999996,0.00016657289999999416,2
92,1771402780478,-0.004402671,0.0038404703999999996,0.0008139729000000699,2
93,1771402780480,-0.003798171,0.0035284704,0.0008139729000000699,2
94,1771402780483,-0.003798171,0.0035284704,0.0008139729000000699,2
95,1771402780485,-0.003798171,0.0035284704,2.2272900000008052e-05,2
96,1771402780488,-0.004426071,0.0038482704,2.2272900000008052e-05,2
97,1771402780490,-0.004426071,0.0038482704,2.2272900000008052e-05,2
98,1771402780493,-0.004426071,0.0038482704,2.2272900000008052e-05,2
99,1771402780495,-0.0038449710000000004,0.0038053704,0.0005565728999998846,2
100,1771402780498,-0.0038449710000000004,0.0038053704,0.0005565728999998846,2
101,1771402780500,-0.0038449710000000004,0.0038053704,0.0005565728999998846,2
102,1771402780503,-0.004149171,0.0039496704,0.00011197289999997841,2
103,1771402780506,-0.004149171,0.0039496704,0.00011197289999997841,2
104,1771402780508,-0.004149171,0.0039496704,0.00011197289999997841,2
105,1771402780511,-0.0037669709999999996,0.0036298703999999996,0.00038887289999989174,2
106,1771402780513,-0.0037669709999999996,0.0036298703999999996,0.00038887289999989174,2
107,1771402780516,-0.0037669709999999996,0.0036298703999999996,0.00038887289999989174,2
108,1771402780518,-0.004344171000000001,0.0039340704,0.00020167289999994877,2
109,1771402780521,-0.004344171000000001,0.0039340704,0.00020167289999994877,2
110,1771402780523,-0.004344171000000001,0.0039340704,0.00020167289999994877,2
111,1771402780526,-0.0037669709999999996,0.0038755703999999993,0.0007125728999999296,2
112,1771402780528,-0.0037669709999999996,0.0038755703999999993,0.0007125728999999296,2
113,1771402780531,-0.0037669709999999996,0.0038755703999999993,0.0007125728999999296,2
114,1771402780533,-0.004266170999999999,0.0037975703999999994,0.0007437728999999386,2
115,1771402780536,-0.004266170999999999,0.0037975703999999994,0.0007437728999999386,2
116,1771402780539,-0.004266170999999999,0.0037975703999999994,0.0007437728999999386,2
117,1771402780541,-0.004055570999999999,0.0037390704,0.0003615728999999394,2
118,1771402780544,-0.004055570999999999,0.0037390704,0.0003615728999999394,2
119,1771402780546,-0.004055570999999999,0.0037390704,0.0003615728999999394,2
120,1771402780549,-0.004055570999999999,0.0035947704,0.0008373728999999656,2
121,1771402780551,-0.003938571,0.0035947704,0.0008373728999999656,2
122,1771402780554,-0.003938571,0.0035947704,0.0008373728999999656,2
123,1771402780556,-0.003938571,0.0035947704,9.637289999997391e-05,2
124,1771402780559,-0.004106271,0.0040120704,9.637289999997391e-05,2
0,1771402780570,-0.003759171,0.0035674704,0.000739872899999882,2
1,1771402780573,-0.004277871000000001,0.0038092704,0.0003810729000000005,2
2,1771402780576,-0.004277871000000001,0.0038092704,0.0003810729000000005,2
3,1771402780578,-0.004277871000000001,0.0038092704,0.0003810729000000005,2
4,1771402780581,-0.003735771,0.0036844703999999997,0.0007437728999999386,2
5,1771402780583,-0.003735771,0.0036844703999999997,0.0007437728999999386,2
6,1771402780586,-0.003735771,0.0036844703999999997,0.0007437728999999386,2
7,1771402780588,-0.003735771,0.0037975703999999994,0.00022897290000001215,2
8,1771402780591,-0.004141371,0.0037975703999999994,0.00022897290000001215,2
9,1771402780593,-0.004141371,0.0037975703999999994,0.00022897290000001215,2
10,1771402780596,-0.004141371,0.0037975703999999994,0.0005253728999998756,2
11,1771402780598,-0.0038293710000000003,0.0036766704,0.0005253728999998756,2
12,1771402780601,-0.0038293710000000003,0.0036766704,0.0005253728999998756,2
13,1771402780603,-0.0038293710000000003,0.0036766704,0.0005253728999998756,2
14,1771402780606,-0.004137471,0.0037936704,0.00017047289999993977,2
15,1771402780609,-0.004137471,0.0037936704,0.00017047289999993977,2
16,1771402780611,-0.004137471,0.0037936704,0.00017047289999993977,2
17,1771402780614,-0.003985371,0.0036571703999999997,0.0001431728999999874,2
18,1771402780616,-0.003985371,0.0036571703999999997,0.0001431728999999874,2
19,1771402780619,-0.003985371,0.0036571703999999997,0.0001431728999999874,2
20,1771402780621,-0.003985371,0.0037078703999999995,0.00040837289999995287,2
21,1771402780624,-0.003985371,0.0037078703999999995,0.00040837289999995287,2
22,1771402780626,-0.003985371,0.0037078703999999995,0.00040837289999995287,2
23,1771402780629,-0.004211571000000001,0.0036961703999999996,0.00043567289999990523,2
24,1771402780631,-0.004211571000000001,0.0036961703999999996,0.00043567289999990523,2
25,1771402780640,-0.004211571000000001,0.0036961703999999996,0.00043567289999990523,2
26,1771402780643,-0.004039971,0.0036961703999999996,4.9572899999960414e-05,2
27,1771402780646,-0.004234971000000001,0.0037078703999999995,4.9572899999960414e-05,2
28,1771402780648,-0.004234971000000001,0.0037078703999999995,4.9572899999960414e-05,2
29,1771402780651,-0.004234971000000001,0.0037078703999999995,4.9572899999960414e-05,2
30,1771402780653,-0.003981471,0.0036103704,0.0007632728999999997,2
31,1771402780656,-0.003981471,0.0036103704,0.0007632728999999997,2
32,1771402780658,-0.003981471,0.0036103704,0.0007632728999999997,2
33,1771402780661,-0.0042973709999999995,0.0037975703999999994,-0.00019612710000005494,2
34,1771402780663,-0.0042973709999999995,0.0037975703999999994,-0.00019612710000005494,2
35,1771402780666,-0.0042973709999999995,0.0037975703999999994,-0.00019612710000005494,2
36,1771402780669,-0.0037396710000000004,0.0036337704,0.0006540728999999682,2
37,1771402780671,-0.0037396710000000004,0.0036337704,0.0006540728999999682,2
38,1771402780674,-0.0037396710000000004,0.0036337704,0.0006540728999999682,2
39,1771402780676,-0.004402671,0.0038053704,0.00019387289999994652,2
40,1771402780679,-0.004402671,0.0038053704,0.00019387289999994652,2
41,1771402780681,-0.004402671,0.0038053704,0.00019387289999994652,2
42,1771402780684,-0.003930771,0.0035362703999999995,0.0010362728999999673,2
43,1771402780686,-0.003930771,0.0035362703999999995,0.0010362728999999673,2
44,1771402780689,-0.003930771,0.0035362703999999995,0.0010362728999999673,2
45,1771402780691,-0.004258371,0.0039106704,0.0001431728999999874,2
46,1771402780694,-0.004258371,0.0039106704,0.0001431728999999874,2
47,1771402780697,-0.004258371,0.0039106704,0.0001431728999999874,2
48,1771402780699,-0.003825471,0.0038053704,0.00038497290000005715,2
49,1771402780702,-0.003825471,0.0038053704,0.00038497290000005715,2
50,1771402780704,-0.003825471,0.0038053704,0.00038497290000005715,2
51,1771402780707,-0.003825471,0.0037936704,0.00024067289999996002,2
52,1771402780709,-0.004114071,0.0037936704,0.00024067289999996002,2
53,1771402780712,-0.004114071,0.0037936704,0.00024067289999996002,2
54,1771402780714,-0.004114071,0.0037936704,0.00048247289999991873,2
55,1771402780717,-0.003891771,0.0037078703999999995,0.00048247289999991873,2
56,1771402780720,-0.003891771,0.0037078703999999995,0.00048247289999991873,2
57,1771402780723,-0.004211571000000001,0.0038365703999999994,3.3972899999955915e-05,2
58,1771402780725,-0.004211571000000001,0.0038365703999999994,3.3972899999955915e-05,2
59,1771402780728,-0.004211571000000001,0.0038365703999999994,3.3972899999955915e-05,2
60,1771402780731,-0.004129671,0.0038755703999999993,0.0002835728999999169,2
61,1771402780733,-0.004129671,0.0038755703999999993,0.0002835728999999169,2
62,1771402780736,-0.004129671,0.0038755703999999993,0.0002835728999999169,2
63,1771402780738,-0.004129671,0.0038014703999999996,0.00043957289999996187,2
64,1771402780741,-0.004254470999999999,0.0038014703999999996,0.00043957289999996187,2
65,1771402780743,-0.004254470999999999,0.0038014703999999996,0.00043957289999996187,2
66,1771402780746,-0.004254470999999999,0.0038014703999999996,-0.00031312709999997766,2
67,1771402780749,-0.004211571000000001,0.0038131703999999995,-0.00031312709999997766,2
68,1771402780751,-0.004211571000000001,0.0038131703999999995,-0.00031312709999997766,2
69,1771402780754,-0.004211571000000001,0.0038131703999999995,-0.00031312709999997766,2
70,1771402780756,-0.003825471,0.0037156704,0.0008997728999999836,2
71,1771402780759,-0.003825471,0.0037156704,0.0008997728999999836,2
72,1771402780761,-0.003825471,0.0037156704,0.0008997728999999836,2
73,1771402780764,-0.0042973709999999995,0.0037273704,0.00010027290000003055,2
74,1771402780766,-0.0042973709999999995,0.0037273704,0.00010027290000003055,2
75,1771402780769,-0.0042973709999999995,0.0037273704,0.00010027290000003055,2
76,1771402780771,-0.003665571,0.0035401703999999997,0.000677472900000086,2
77,1771402780774,-0.003665571,0.0035401703999999997,0.000677472900000086,2
78,1771402780777,-0.003665571,0.0035401703999999997,0.000677472900000086,2
79,1771402780779,-0.0045352710000000004,0.0039769704,-5.5727100000014444e-05,2
80,1771402780782,-0.0045352710000000004,0.0039769704,-5.5727100000014444e-05,2
81,1771402780784,-0.0045352710000000004,0.0039769704,-5.5727100000014444e-05,2
82,1771402780787,-0.0037240710000000002,0.0037468703999999995,0.0008412729000000222,2
83,1771402780789,-0.0037240710000000002,0.0037468703999999995,0.0008412729000000222,2
84,1771402780792,-0.0037240710000000002,0.0037468703999999995,0.0008412729000000222,2
85,1771402780794,-0.004305171,0.003980870399999999,0.00015097289999998966,2
86,1771402780797,-0.004305171,0.003980870399999999,0.00015097289999998966,2
87,1771402780799,-0.004305171,0.003980870399999999,0.00015097289999998966,2
88,1771402780802,-0.003774771,0.0036025703999999995,0.0010986728999999853,2
89,1771402780804,-0.003774771,0.0036025703999999995,0.0010986728999999853,2
90,1771402780807,-0.003774771,0.0036025703999999995,0.0010986728999999853,2
91,1771402780810,-0.004160871,0.0037351703999999996,0.00035377290000004815,2
92,1771402780812,-0.004160871,0.0037351703999999996,0.00035377290000004815,2
93,1771402780815,-0.004160871,0.0037351703999999996,0.00035377290000004815,2
94,1771402780817,-0.004160871,0.0036883704,0.00027577290000002565,2
95,1771402780820,-0.003841071,0.0036883704,0.00027577290000002565,2
96,1771402780822,-0.003841071,0.0036883704,0.00027577290000002565,2
97,1771402780825,-0.003841071,0.0036883704,0.00030697290000003465,2
98,1771402780827,-0.004078971000000001,0.0037312703999999993,0.00030697290000003465,2
99,1771402780830,-0.004078971000000001,0.0037312703999999993,0.00030697290000003465,2
100,1771402780833,-0.004078971000000001,0.0037312703999999993,0.00030697290000003465,2
101,1771402780835,-0.003930771,0.0035830704,0.00023287289999995777,2
102,1771402780838,-0.003930771,0.0035830704,0.00023287289999995777,2
103,1771402780840,-0.003930771,0.0035830704,0.00023287289999995777,2
104,1771402780843,-0.003985371,0.0037156704,0.00043567289999990523,2
105,1771402780845,-0.003985371,0.0037156704,0.00043567289999990523,2
106,1771402780848,-0.003985371,0.0037156704,0.00043567289999990523,2
107,1771402780850,-0.004301271000000001,0.0038209704,1.0572899999949166e-05,2
108,1771402780853,-0.004301271000000001,0.0038209704,1.0572899999949166e-05,2
109,1771402780855,-0.004301271000000001,0.0038209704,1.0572899999949166e-05,2
110,1771402780858,-0.003915171,0.0036805703999999995,0.0007203729000000429,2
111,1771402780860,-0.003915171,0.0036805703999999995,0.0007203729000000429,2
112,1771402780863,-0.003915171,0.0036805703999999995,0.0007203729000000429,2
113,1771402780866,-0.004281771,0.0038833704,-7.132710000001894e-05,2
114,1771402780868,-0.004281771,0.0038833704,-7.132710000001894e-05,2
115,1771402780871,-0.004281771,0.0038833704,-7.132710000001894e-05,2
116,1771402780873,-0.0036343710000000004,0.0036259703999999993,0.00027577290000002565,2
117,1771402780876,-0.0036343710000000004,0.0036259703999999993,0.00027577290000002565,2
118,1771402780878,-0.0036343710000000004,0.0036259703999999993,0.00027577290000002565,2
119,1771402780881,-0.004067271000000001,0.0037234703999999997,0.00040057290000006165,2
120,1771402780883,-0.004067271000000001,0.0037234703999999997,0.00040057290000006165,2
121,1771402780886,-0.004067271000000001,0.0037234703999999997,0.00040057290000006165,2
122,1771402780888,-0.0037123710000000003,0.0035830704,0.0006657728999999161,2
123,1771402780891,-0.0037123710000000003,0.0035830704,0.0006657728999999161,2
124,1771402780893,-0.0037123710000000003,0.0035830704,0.0006657728999999161,2
0,1771402780905,-0.0038722709999999996,0.0035908703999999996,0.00042007289999990074,2
1,1771402780908,-0.0038722709999999996,0.0035908703999999996,0.00042007289999990074,2
2,1771402780911,-0.0038722709999999996,0.0035908703999999996,0.00042007289999990074,2
3,1771402780913,-0.0042310709999999994,0.0038248703999999994,2.2272900000008052e-05,2
4,1771402780916,-0.0042310709999999994,0.0038248703999999994,2.2272900000008052e-05,2
5,1771402780918,-0.0042310709999999994,0.0038248703999999994,2.2272900000008052e-05,2
6,1771402780921,-0.0037240710000000002,0.0037663704,0.00044737290000007514,2
7,1771402780923,-0.0037240710000000002,0.0037663704,0.00044737290000007514,2
8,1771402780937,-0.0037240710000000002,0.0037663704,0.00044737290000007514,2
9,1771402780940,-0.004141371,0.0036181703999999997,0.00022507289999995552,2
10,1771402780943,-0.004141371,0.0036181703999999997,0.00022507289999995552,2
11,1771402780945,-0.003977570999999999,0.0036493704,0.0007905728999999521,2
12,1771402780948,-0.003977570999999999,0.0036493704,0.0007905728999999521,2
13,1771402780950,-0.003977570999999999,0.0036493704,0.0007905728999999521,2
14,1771402780957,-0.004192071,0.0038677703999999997,-0.0002234271000000073,2
15,1771402780960,-0.0040243710000000005,0.0036142703999999994,0.0007008728999999817,2
16,1771402780963,-0.0040243710000000005,0.0036142703999999994,0.0007008728999999817,2
17,1771402780966,-0.0040243710000000005,0.0036142703999999994,0.0007008728999999817,2
18,1771402780968,-0.004262271,0.0038053704,-7.912710000002119e-05,2
19,1771402780971,-0.004262271,0.0038053704,-7.912710000002119e-05,2
20,1771402780973,-0.004262271,0.0038053704,-7.912710000002119e-05,2
21,1771402780976,-0.003864471,0.0036766704,0.0007983729000000654,2
22,1771402780978,-0.003864471,0.0036766704,0.0007983729000000654,2
23,1771402780981,-0.003864471,0.0036766704,0.0007983729000000654,2
24,1771402780983,-0.004149171,0.0037702703999999993,-7.132710000001894e-05,2
25,1771402780986,-0.004149171,0.0037702703999999993,-7.132710000001894e-05,2
26,1771402780988,-0.004149171,0.0037702703999999993,-7.132710000001894e-05,2
27,1771402780991,-0.004149171,0.0035206704,0.0010752729000000896,2
28,1771402780993,-0.003575871,0.0035206704,0.0010752729000000896,2
29,1771402780996,-0.003575871,0.0035206704,0.0010752729000000896,2
30,1771402780999,-0.003575871,0.0035206704,-0.0001571271000000437,2
31,1771402781001,-0.004519670999999999,0.0039496704,-0.0001571271000000437,2
32,1771402781004,-0.004519670999999999,0.0039496704,-0.0001571271000000437,2
33,1771402781006,-0.004519670999999999,0.0039496704,-0.0001571271000000437,2
34,1771402781009,-0.003614871,0.0035206704,0.00044737290000007514,2
35,1771402781011,-0.003614871,0.0035206704,0.00044737290000007514,2
36,1771402781014,-0.003614871,0.0035206704,0.00044737290000007514,2
37,1771402781016,-0.004281771,0.0038170704,-0.00012202709999997805,2
38,1771402781019,-0.004281771,0.0038170704,-0.00012202709999997805,2
39,1771402781021,-0.004281771,0.0038170704,-0.00012202709999997805,2
40,1771402781024,-0.0037942709999999997,0.0037702703999999993,0.0006969728999999251,2
41,1771402781027,-0.0037942709999999997,0.0037702703999999993,0.0006969728999999251,2
42,1771402781029,-0.0037942709999999997,0.0037702703999999993,0.0006969728999999251,2
43,1771402781032,-0.0040750709999999996,0.0038794703999999996,0.0002952729000000868,2
44,1771402781034,-0.0040750709999999996,0.0038794703999999996,0.0002952729000000868,2
45,1771402781037,-0.0040750709999999996,0.0038794703999999996,0.0002952729000000868,2
46,1771402781039,-0.0040243710000000005,0.0037468703999999995,0.00045127289999990973,2
47,1771402781042,-0.0040243710000000005,0.0037468703999999995,0.00045127289999990973,2
48,1771402781044,-0.0040243710000000005,0.0037468703999999995,0.00045127289999990973,2
49,1771402781047,-0.004270071,0.0035401703999999997,0.0008061728999999566,2
50,1771402781049,-0.004270071,0.0035401703999999997,0.0008061728999999566,2
51,1771402781052,-0.004270071,0.0035401703999999997,0.0008061728999999566,2
52,1771402781055,-0.004067271000000001,0.0036805703999999995,0.00046687289999991423,2
53,1771402781058,-0.004067271000000001,0.0036805703999999995,0.00046687289999991423,2
54,1771402781060,-0.004067271000000001,0.0036805703999999995,0.00046687289999991423,2
55,1771402781063,-0.003938571,0.0038092704,0.00055267290000005,2
56,1771402781068,-0.003938571,0.0038092704,0.00055267290000005,2
57,1771402781071,-0.004207671,0.0035674704,9.24729000000283e-05,2
58,1771402781073,-0.004207671,0.0035674704,9.24729000000283e-05,2
59,1771402781076,-0.004207671,0.0035674704,9.24729000000283e-05,2
60,1771402781078,-0.0038215709999999997,0.0035440704,0.00047857290000008414,2
61,1771402781081,-0.0038215709999999997,0.0035440704,0.00047857290000008414,2
62,1771402781083,-0.0038215709999999997,0.0035440704,0.00047857290000008414,2
63,1771402781086,-0.004184271,0.0038521703999999995,0.0001275728999999829,2
64,1771402781089,-0.004184271,0.0038521703999999995,0.0001275728999999829,2
65,1771402781091,-0.004184271,0.0038521703999999995,0.0001275728999999829,2
66,1771402781094,-0.004184271,0.0036142703999999994,0.001102572900000042,2
67,1771402781096,-0.003837171,0.0036142703999999994,0.001102572900000042,2
68,1771402781099,-0.003837171,0.0036142703999999994,0.001102572900000042,2
69,1771402781102,-0.003837171,0.0039184703999999996,1.4472900000005802e-05,2
70,1771402781104,-0.004207671,0.0039184703999999996,1.4472900000005802e-05,2
71,1771402781107,-0.004207671,0.0039184703999999996,1.4472900000005802e-05,2
72,1771402781109,-0.004207671,0.0037312703999999993,0.0006540728999999682,2
73,1771402781112,-0.003852771,0.0037312703999999993,0.0006540728999999682,2
74,1771402781114,-0.003852771,0.0037312703999999993,0.0006540728999999682,2
75,1771402781117,-0.003852771,0.0037312703999999993,0.0003186728999999825,2
76,1771402781119,-0.004188170999999999,0.0038638703999999994,0.0003186728999999825,2
77,1771402781122,-0.004188170999999999,0.0038638703999999994,0.0003186728999999825,2
78,1771402781125,-0.004188170999999999,0.0038638703999999994,0.0003186728999999825,2
79,1771402781127,-0.003813771,0.0035206704,0.00020167289999994877,2
80,1771402781130,-0.003813771,0.0035206704,0.00020167289999994877,2
81,1771402781132,-0.003813771,0.0035206704,0.00020167289999994877,2
82,1771402781135,-0.004106271,0.0037468703999999995,0.0005097728999998711,2
83,1771402781137,-0.004106271,0.0037468703999999995,0.0005097728999998711,2
84,1771402781140,-0.004106271,0.0037468703999999995,0.0005097728999998711,2
85,1771402781142,-0.004028271,0.0038404703999999996,0.00036937290000005265,2
86,1771402781145,-0.004028271,0.0038404703999999996,0.00036937290000005265,2
87,1771402781148,-0.004028271,0.0038404703999999996,0.00036937290000005265,2
88,1771402781150,-0.0038176710000000003,0.0037546704,0.00026407289999996677,2
89,1771402781153,-0.0038176710000000003,0.0037546704,0.00026407289999996677,2
90,1771402781155,-0.0038176710000000003,0.0037546704,0.00026407289999996677,2
91,1771402781158,-0.004055570999999999,0.0037858703999999995,0.0004746729000000275,2
92,1771402781160,-0.004055570999999999,0.0037858703999999995,0.0004746729000000275,2
93,1771402781163,-0.004055570999999999,0.0037858703999999995,0.0004746729000000275,2
94,1771402781165,-0.003864471,0.0038950703999999997,0.0006423729000000204,2
95,1771402781168,-0.003864471,0.0038950703999999997,0.0006423729000000204,2
96,1771402781170,-0.003864471,0.0038950703999999997,0.0006423729000000204,2
97,1771402781173,-0.0038995709999999997,0.0037741703999999996,-8.927100000000947e-06,2
98,1771402781175,-0.0038995709999999997,0.0037741703999999996,-8.927100000000947e-06,2
99,1771402781178,-0.0038995709999999997,0.0037741703999999996,-8.927100000000947e-06,2
100,1771402781181,-0.004137471,0.0037585703999999994,0.0005877728999998936,2
101,1771402781183,-0.004137471,0.0037585703999999994,0.0005877728999998936,2
102,1771402781186,-0.004137471,0.0037585703999999994,0.0005877728999998936,2
103,1771402781188,-0.004137471,0.0038014703999999996,0.0002211729000000099,2
104,1771402781191,-0.004141371,0.0038014703999999996,0.0002211729000000099,2
105,1771402781193,-0.004141371,0.0038014703999999996,0.0002211729000000099,2
106,1771402781196,-0.004141371,0.0038014703999999996,0.0006111729000000114,2
107,1771402781198,-0.003973671,0.0035518703999999996,0.0006111729000000114,2
108,1771402781201,-0.003973671,0.0035518703999999996,0.0006111729000000114,2
109,1771402781203,-0.003973671,0.0035518703999999996,0.0006111729000000114,2
110,1771402781206,-0.004383171,0.0036727704,0.0003108729000000913,2
111,1771402781209,-0.004383171,0.0036727704,0.0003108729000000913,2
112,1771402781211,-0.004383171,0.0036727704,0.0003108729000000913,2
113,1771402781214,-0.003852771,0.0033763703999999993,0.00047077289999997087,2
114,1771402781216,-0.003852771,0.0033763703999999993,0.00047077289999997087,2
115,1771402781219,-0.003852771,0.0033763703999999993,0.00047077289999997087,2
116,1771402781221,-0.004125771,0.0038326704,0.00045127289999990973,2
117,1771402781224,-0.004125771,0.0038326704,0.00045127289999990973,2
118,1771402781226,-0.004125771,0.0038326704,0.00045127289999990973,2
119,1771402781229,-0.003915171,0.0038560703999999998,0.00038887289999989174,2
120,1771402781231,-0.003915171,0.0038560703999999998,0.00038887289999989174,2
121,1771402781234,-0.003915171,0.0038560703999999998,0.00038887289999989174,2
122,1771402781236,-0.004137471,0.0035986704,0.00048247289999991873,2
123,1771402781239,-0.004137471,0.0035986704,0.00048247289999991873,2
124,1771402781242,-0.004137471,0.0035986704,0.00048247289999991873,2
0,1771402781253,-0.004051671,0.0037936704,0.0003927728999999484,2
1,1771402781256,-0.004051671,0.0037936704,0.0003927728999999484,2
2,1771402781258,-0.004051671,0.0037936704,0.0003927728999999484,2
3,1771402781268,-0.003954170999999999,0.0036493704,0.00046297290000007964,2
4,1771402781270,-0.003954170999999999,0.0036493704,0.00046297290000007964,2
5,1771402781273,-0.003954170999999999,0.0036493704,0.00046297290000007964,2
6,1771402781275,-0.004039971,0.0037741703999999996,0.00038887289999989174,2
7,1771402781278,-0.004039971,0.0037741703999999996,0.00038887289999989174,2
8,1771402781281,-0.004039971,0.0037741703999999996,0.00038887289999989174,2
9,1771402781283,-0.004039971,0.0037078703999999995,0.0009660729000000582,2
10,1771402781286,-0.0040243710000000005,0.0037078703999999995,0.0009660729000000582,2
11,1771402781288,-0.0040243710000000005,0.0037078703999999995,0.0009660729000000582,2
12,1771402781291,-0.0040243710000000005,0.0037078703999999995,0.00021337290000000766,2
13,1771402781293,-0.004281771,0.0039028703999999994,0.00021337290000000766,2
14,1771402781296,-0.004281771,0.0039028703999999994,0.00021337290000000766,2
15,1771402781298,-0.004281771,0.0039028703999999994,0.00021337290000000766,2
16,1771402781301,-0.0041530709999999995,0.0037117704,0.0006540728999999682,2
17,1771402781303,-0.0041530709999999995,0.0037117704,0.0006540728999999682,2
18,1771402781306,-0.0041530709999999995,0.0037117704,0.0006540728999999682,2
19,1771402781308,-0.004328571,0.003969170399999999,0.00014707289999993302,2
20,1771402781311,-0.004328571,0.003969170399999999,0.00014707289999993302,2
21,1771402781314,-0.004328571,0.003969170399999999,0.00014707289999993302,2
22,1771402781316,-0.003770871,0.0036961703999999996,0.0007476728999999952,2
23,1771402781319,-0.003770871,0.0036961703999999996,0.0007476728999999952,2
24,1771402781321,-0.003770871,0.0036961703999999996,0.0007476728999999952,2
25,1771402781324,-0.004289571000000001,0.0037312703999999993,0.00015097289999998966,2
26,1771402781326,-0.004289571000000001,0.0037312703999999993,0.00015097289999998966,2
27,1771402781329,-0.004289571000000001,0.0037312703999999993,0.00015097289999998966,2
28,1771402781331,-0.003985371,0.0034270704,0.0002952729000000868,2
29,1771402781334,-0.003985371,0.0034270704,0.0002952729000000868,2
30,1771402781336,-0.003985371,0.0034270704,0.0002952729000000868,2
31,1771402781339,-0.004258371,0.0037975703999999994,0.00041617290000006614,2
32,1771402781342,-0.004258371,0.0037975703999999994,0.00041617290000006614,2
33,1771402781344,-0.004258371,0.0037975703999999994,0.00041617290000006614,2
34,1771402781347,-0.003926871,0.0038911703999999995,0.0007749728999999476,2
35,1771402781349,-0.003926871,0.0038911703999999995,0.0007749728999999476,2
36,1771402781352,-0.003926871,0.0038911703999999995,0.0007749728999999476,2
37,1771402781354,-0.003926871,0.0039652704,0.00032257290000003915,2
38,1771402781357,-0.004215471,0.0039652704,0.00032257290000003915,2
39,1771402781359,-0.004215471,0.0039652704,0.00032257290000003915,2
40,1771402781362,-0.004215471,0.0038677703999999997,0.0007164728999999862,2
41,1771402781365,-0.0037552709999999997,0.0038677703999999997,0.0007164728999999862,2
42,1771402781368,-0.0037552709999999997,0.0038677703999999997,0.0007164728999999862,2
43,1771402781370,-0.0041803710000000004,0.0039340704,0.00030697290000003465,2
44,1771402781373,-0.0041803710000000004,0.0039340704,0.00030697290000003465,2
45,1771402781375,-0.0041803710000000004,0.0039340704,0.00030697290000003465,2
46,1771402781378,-0.0041803710000000004,0.0038833704,0.0008490728999999134,2
47,1771402781380,-0.0037162709999999997,0.0038833704,0.0008490728999999134,2
48,1771402781383,-0.0037162709999999997,0.0038833704,0.0008490728999999134,2
49,1771402781385,-0.0037162709999999997,0.0038833704,0.0002523729000000189,2
50,1771402781388,-0.004316871,0.0039379704,0.0002523729000000189,2
51,1771402781391,-0.004316871,0.0039379704,0.0002523729000000189,2
52,1771402781393,-0.004316871,0.0039379704,0.0002523729000000189,2
53,1771402781396,-0.004012671000000001,0.0036571703999999997,0.00024067289999996002,2
54,1771402781398,-0.004012671000000001,0.0036571703999999997,0.00024067289999996002,2
55,1771402781401,-0.004012671000000001,0.0036571703999999997,0.00024067289999996002,2
56,1771402781403,-0.004121870999999999,0.0038053704,0.00048247289999991873,2
57,1771402781406,-0.004121870999999999,0.0038053704,0.00048247289999991873,2
58,1771402781408,-0.004121870999999999,0.0038053704,0.00048247289999991873,2
59,1771402781411,-0.004020470999999999,0.0038794703999999996,0.0003108729000000913,2
60,1771402781413,-0.004020470999999999,0.0038794703999999996,0.0003108729000000913,2
61,1771402781416,-0.004020470999999999,0.0038794703999999996,0.0003108729000000913,2
62,1771402781419,-0.004192071,0.0035791703999999997,0.00046687289999991423,2
63,1771402781421,-0.004192071,0.0035791703999999997,0.00046687289999991423,2
64,1771402781424,-0.004192071,0.0035791703999999997,0.00046687289999991423,2
65,1771402781426,-0.004234971000000001,0.0036610704,0.00023287289999995777,2
66,1771402781429,-0.004234971000000001,0.0036610704,0.00023287289999995777,2
67,1771402781431,-0.004234971000000001,0.0036610704,0.00023287289999995777,2
68,1771402781434,-0.004016571,0.0037273704,0.000334272899999987,2
69,1771402781436,-0.004016571,0.0037273704,0.000334272899999987,2
70,1771402781439,-0.004016571,0.0037273704,0.000334272899999987,2
71,1771402781441,-0.0040243710000000005,0.0038950703999999997,0.000490272900000032,2
72,1771402781444,-0.0040243710000000005,0.0038950703999999997,0.000490272900000032,2
73,1771402781447,-0.0040243710000000005,0.0038950703999999997,0.000490272900000032,2
74,1771402781449,-0.004020470999999999,0.0037546704,0.000396672900000005,2
75,1771402781452,-0.004020470999999999,0.0037546704,0.000396672900000005,2
76,1771402781454,-0.004020470999999999,0.0037546704,0.000396672900000005,2
77,1771402781457,-0.004020470999999999,0.0037936704,-0.0001922270999999983,2
78,1771402781459,-0.004242770999999999,0.0037936704,-0.0001922270999999983,2
79,1771402781462,-0.004242770999999999,0.0037936704,-0.0001922270999999983,2
80,1771402781468,-0.004242770999999999,0.0037936704,0.0006189728999999026,2
81,1771402781470,-0.003704571,0.0038248703999999994,0.0006189728999999026,2
82,1771402781473,-0.0041803710000000004,0.0038755703999999993,0.00033817290000004365,2
83,1771402781475,-0.0041803710000000004,0.0038755703999999993,0.00033817290000004365,2
84,1771402781478,-0.0041803710000000004,0.0038755703999999993,0.00033817290000004365,2
85,1771402781481,-0.0041803710000000004,0.0036142703999999994,0.0005877728999998936,2
86,1771402781483,-0.0037669709999999996,0.0036142703999999994,0.0005877728999998936,2
87,1771402781486,-0.0037669709999999996,0.0036142703999999994,0.0005877728999998936,2
88,1771402781488,-0.0037669709999999996,0.0036142703999999994,0.00033817290000004365,2
89,1771402781491,-0.004273971,0.0035908703999999996,0.00033817290000004365,2
90,1771402781493,-0.004273971,0.0035908703999999996,0.00033817290000004365,2
91,1771402781496,-0.004273971,0.0035908703999999996,0.00033817290000004365,2
92,1771402781498,-0.003997071,0.0037585703999999994,0.0003615728999999394,2
93,1771402781501,-0.003997071,0.0037585703999999994,0.0003615728999999394,2
94,1771402781503,-0.003997071,0.0037585703999999994,0.0003615728999999394,2
95,1771402781506,-0.004047771,0.0037429704,0.00037327289999988724,2
96,1771402781509,-0.004047771,0.0037429704,0.00037327289999988724,2
97,1771402781511,-0.004047771,0.0037429704,0.00037327289999988724,2
98,1771402781514,-0.004149171,0.0038833704,0.00017047289999993977,2
99,1771402781516,-0.004149171,0.0038833704,0.00017047289999993977,2
100,1771402781519,-0.004149171,0.0038833704,0.00017047289999993977,2
101,1771402781521,-0.003985371,0.0037507703999999998,0.00044737290000007514,2
102,1771402781524,-0.003985371,0.0037507703999999998,0.00044737290000007514,2
103,1771402781526,-0.003985371,0.0037507703999999998,0.00044737290000007514,2
104,1771402781529,-0.004067271000000001,0.0037039704,0.00016267289999993752,2
105,1771402781531,-0.004067271000000001,0.0037039704,0.00016267289999993752,2
106,1771402781534,-0.004067271000000001,0.0037039704,0.00016267289999993752,2
107,1771402781537,-0.004110170999999999,0.0036532703999999994,0.00046687289999991423,2
108,1771402781539,-0.004110170999999999,0.0036532703999999994,0.00046687289999991423,2
109,1771402781542,-0.004110170999999999,0.0036532703999999994,0.00046687289999991423,2
110,1771402781544,-0.004192071,0.0036844703999999997,0.00018607289999994427,2
111,1771402781547,-0.004192071,0.0036844703999999997,0.00018607289999994427,2
112,1771402781549,-0.004192071,0.0036844703999999997,0.00018607289999994427,2
113,1771402781552,-0.0038722709999999996,0.0035713704,0.0007164728999999862,2
114,1771402781554,-0.0038722709999999996,0.0035713704,0.0007164728999999862,2
115,1771402781557,-0.0038722709999999996,0.0035713704,0.0007164728999999862,2
116,1771402781559,-0.0038722709999999996,0.0036883704,-2.4527100000005446e-05,2
117,1771402781562,-0.0042310709999999994,0.0036883704,-2.4527100000005446e-05,2
118,1771402781564,-0.0042310709999999994,0.0036883704,-2.4527100000005446e-05,2
119,1771402781573,-0.0042310709999999994,0.0036883704,0.0006579729000000249,2
120,1771402781575,-0.004320770999999999,0.0037819704,-0.00027802710000002305,2
121,1771402781578,-0.004320770999999999,0.0037819704,-0.00027802710000002305,2
122,1771402781581,-0.004320770999999999,0.0037819704,-0.00027802710000002305,2
123,1771402781583,-0.004320770999999999,0.0035050704,0.0014418729000000843,2
124,1771402781586,-0.003365271,0.0035050704,0.0014418729000000843,2
0,1771402781597,-0.004706871,0.0039262704,-0.00034042710000004104,2
1,1771402781600,-0.0035290710000000004,0.0034465703999999996,0.000459072900000023,2
2,1771402781602,-0.0035290710000000004,0.0034465703999999996,0.000459072900000023,2
3,1771402781605,-0.0035290710000000004,0.0034465703999999996,0.000459072900000023,2
4,1771402781607,-0.004582071,0.0041056704,0.0006111729000000114,2
5,1771402781610,-0.004582071,0.0041056704,0.0006111729000000114,2
6,1771402781613,-0.004582071,0.0041056704,0.0006111729000000114,2
7,1771402781615,-0.003486171,0.0038443704,0.0005292728999999322,2
8,1771402781618,-0.003486171,0.0038443704,0.0005292728999999322,2
9,1771402781620,-0.003486171,0.0038443704,0.0005292728999999322,2
10,1771402781623,-0.003486171,0.0035791703999999997,0.0005058729000000365,2
11,1771402781625,-0.0038839710000000004,0.0035791703999999997,0.0005058729000000365,2
12,1771402781628,-0.0038839710000000004,0.0035791703999999997,0.0005058729000000365,2
13,1771402781630,-0.0038839710000000004,0.0035791703999999997,0.00011977289999998066,2
14,1771402781633,-0.004156971000000001,0.0036727704,0.00011977289999998066,2
15,1771402781635,-0.004156971000000001,0.0036727704,0.00011977289999998066,2
16,1771402781638,-0.004156971000000001,0.0036727704,0.00011977289999998066,2
17,1771402781640,-0.004051671,0.0038287703999999997,0.0004980728999999232,2
18,1771402781643,-0.004051671,0.0038287703999999997,0.0004980728999999232,2
19,1771402781646,-0.004051671,0.0038287703999999997,0.0004980728999999232,2
20,1771402781648,-0.004106271,0.0039925704,5.347290000001705e-05,2
21,1771402781651,-0.004106271,0.0039925704,5.347290000001705e-05,2
22,1771402781653,-0.004106271,0.0039925704,5.347290000001705e-05,2
23,1771402781656,-0.003743571,0.0037468703999999995,0.0008646728999999179,2
24,1771402781658,-0.003743571,0.0037468703999999995,0.0008646728999999179,2
25,1771402781661,-0.003743571,0.0037468703999999995,0.0008646728999999179,2
26,1771402781663,-0.004250571,0.0037897703999999997,-0.00046912710000002265,2
27,1771402781666,-0.004250571,0.0037897703999999997,-0.00046912710000002265,2
28,1771402781668,-0.004250571,0.0037897703999999997,-0.00046912710000002265,2
29,1771402781671,-0.0036889709999999997,0.0036727704,0.0009933729000000105,2
30,1771402781674,-0.0036889709999999997,0.0036727704,0.0009933729000000105,2
31,1771402781676,-0.0036889709999999997,0.0036727704,0.0009933729000000105,2
32,1771402781679,-0.004418271,0.0041407703999999995,-0.0002234271000000073,2
33,1771402781682,-0.004418271,0.0041407703999999995,-0.0002234271000000073,2
34,1771402781684,-0.004418271,0.0041407703999999995,-0.0002234271000000073,2
35,1771402781687,-0.0035290710000000004,0.0034504704,0.0008919729000000923,2
36,1771402781689,-0.0035290710000000004,0.0034504704,0.0008919729000000923,2
37,1771402781692,-0.0035290710000000004,0.0034504704,0.0008919729000000923,2
38,1771402781694,-0.004660071,0.0039301703999999995,-0.00026242710000001855,2
39,1771402781697,-0.004660071,0.0039301703999999995,-0.00026242710000001855,2
40,1771402781699,-0.004660071,0.0039301703999999995,-0.00026242710000001855,2
41,1771402781702,-0.0036460710000000003,0.0036649704,0.0005994729000000635,2
42,1771402781704,-0.0036460710000000003,0.0036649704,0.0005994729000000635,2
43,1771402781707,-0.0036460710000000003,0.0036649704,0.0005994729000000635,2
44,1771402781710,-0.004410470999999999,0.0039613704,0.00016267289999993752,2
45,1771402781712,-0.004410470999999999,0.0039613704,0.00016267289999993752,2
46,1771402781715,-0.004410470999999999,0.0039613704,0.00016267289999993752,2
47,1771402781717,-0.004410470999999999,0.0036844703999999997,0.0007827729000000609,2
48,1771402781720,-0.0037825709999999998,0.0036844703999999997,0.0007827729000000609,2
49,1771402781722,-0.0037825709999999998,0.0036844703999999997,0.0007827729000000609,2
50,1771402781725,-0.0037825709999999998,0.0036844703999999997,0.00017047289999993977,2
51,1771402781728,-0.004121870999999999,0.0038248703999999994,0.00017047289999993977,2
52,1771402781730,-0.004121870999999999,0.0038248703999999994,0.00017047289999993977,2
53,1771402781733,-0.004121870999999999,0.0038053704,0.00026407289999996677,2
54,1771402781736,-0.0038176710000000003,0.0038053704,0.00026407289999996677,2
55,1771402781739,-0.0038176710000000003,0.0038053704,0.00026407289999996677,2
56,1771402781741,-0.0038176710000000003,0.0037507703999999998,0.00045517289999996637,2
57,1771402781744,-0.004059471,0.0037507703999999998,0.00045517289999996637,2
58,1771402781746,-0.004059471,0.0037507703999999998,0.00045517289999996637,2
59,1771402781749,-0.004059471,0.0037507703999999998,5.347290000001705e-05,2
60,1771402781751,-0.003946371000000001,0.0036103704,5.347290000001705e-05,2
61,1771402781754,-0.003946371000000001,0.0036103704,5.347290000001705e-05,2
62,1771402781756,-0.003946371000000001,0.0036103704,5.347290000001705e-05,2
63,1771402781759,-0.004055570999999999,0.0037000704,0.0008529728999999701,2
64,1771402781761,-0.004055570999999999,0.0037000704,0.0008529728999999701,2
65,1771402781764,-0.004055570999999999,0.0037000704,0.0008529728999999701,2
66,1771402781767,-0.004032170999999999,0.0038638703999999994,-0.00035992709999999116,2
67,1771402781769,-0.004032170999999999,0.0038638703999999994,-0.00035992709999999116,2
68,1771402781772,-0.004032170999999999,0.0038638703999999994,-0.00035992709999999116,2
69,1771402781775,-0.003813771,0.0036298703999999996,0.0007632728999999997,2
70,1771402781777,-0.003813771,0.0036298703999999996,0.0007632728999999997,2
71,1771402781780,-0.003813771,0.0036298703999999996,0.0007632728999999997,2
72,1771402781782,-0.004277871000000001,0.0038755703999999993,2.7728999999469166e-06,2
73,1771402781785,-0.004277871000000001,0.0038755703999999993,2.7728999999469166e-06,2
74,1771402781788,-0.004277871000000001,0.0038755703999999993,2.7728999999469166e-06,2
75,1771402781790,-0.003704571,0.0037000704,0.0007242728999998774,2
76,1771402781793,-0.003704571,0.0037000704,0.0007242728999998774,2
77,1771402781795,-0.003704571,0.0037000704,0.0007242728999998774,2
78,1771402781798,-0.004359771,0.003941870399999999,4.9572899999960414e-05,2
79,1771402781800,-0.004359771,0.003941870399999999,4.9572899999960414e-05,2
80,1771402781803,-0.004359771,0.003941870399999999,4.9572899999960414e-05,2
81,1771402781805,-0.0037786710000000004,0.0036649704,0.0007866728999998954,2
82,1771402781808,-0.0037786710000000004,0.0036649704,0.0007866728999998954,2
83,1771402781810,-0.0037786710000000004,0.0036649704,0.0007866728999998954,2
84,1771402781827,-0.003731871,0.0036415703999999995,0.0006579729000000249,2
85,1771402781830,-0.004515771,0.0038053704,0.0002679729000000234,2
86,1771402781832,-0.004515771,0.0038053704,0.0002679729000000234,2
87,1771402781835,-0.004515771,0.0038053704,0.0002679729000000234,2
88,1771402781837,-0.003841071,0.0036649704,0.00043567289999990523,2
89,1771402781840,-0.003841071,0.0036649704,0.00043567289999990523,2
90,1771402781842,-0.003841071,0.0036649704,0.00043567289999990523,2
91,1771402781845,-0.004266170999999999,0.0038053704,0.00036937290000005265,2
92,1771402781847,-0.004266170999999999,0.0038053704,0.00036937290000005265,2
93,1771402781850,-0.004266170999999999,0.0038053704,0.00036937290000005265,2
94,1771402781852,-0.0038839710000000004,0.0037780704,0.00021727289999995327,2
95,1771402781855,-0.0038839710000000004,0.0037780704,0.00021727289999995327,2
96,1771402781858,-0.0038839710000000004,0.0037780704,0.00021727289999995327,2
97,1771402781860,-0.004098470999999999,0.0037897703999999997,0.0008412729000000222,2
98,1771402781863,-0.004098470999999999,0.0037897703999999997,0.0008412729000000222,2
99,1771402781865,-0.004098470999999999,0.0037897703999999997,0.0008412729000000222,2
100,1771402781868,-0.0041530709999999995,0.0037195703999999994,0.00020167289999994877,2
101,1771402781870,-0.0041530709999999995,0.0037195703999999994,0.00020167289999994877,2
102,1771402781879,-0.0041530709999999995,0.0037195703999999994,0.00020167289999994877,2
103,1771402781882,-0.0039424709999999995,0.0036688703999999996,0.0009153728999999881,2
104,1771402781885,-0.004558671,0.0039223704,-0.00029362710000002755,2
105,1771402781887,-0.004558671,0.0039223704,-0.00029362710000002755,2
106,1771402781890,-0.004558671,0.0039223704,-0.00029362710000002755,2
107,1771402781892,-0.003696771,0.0036142703999999994,0.0005682729000000545,2
108,1771402781895,-0.003696771,0.0036142703999999994,0.0005682729000000545,2
109,1771402781897,-0.003696771,0.0036142703999999994,0.0005682729000000545,2
110,1771402781901,-0.004543070999999999,0.0038404703999999996,-2.4527100000005446e-05,2
111,1771402781903,-0.004543070999999999,0.0038404703999999996,-2.4527100000005446e-05,2
112,1771402781906,-0.004543070999999999,0.0038404703999999996,-2.4527100000005446e-05,2
113,1771402781908,-0.003763071,0.0036727704,0.0008607729000000833,2
114,1771402781911,-0.003763071,0.0036727704,0.0008607729000000833,2
115,1771402781914,-0.003763071,0.0036727704,0.0008607729000000833,2
116,1771402781916,-0.004465070999999999,0.004008170399999999,-0.00035992709999999116,2
117,1771402781930,-0.0037552709999999997,0.0035908703999999996,5.7372899999962664e-05,2
118,1771402781933,-0.004562571,0.0038014703999999996,5.7372899999962664e-05,2
119,1771402781935,-0.004562571,0.0038014703999999996,5.7372899999962664e-05,2
120,1771402781938,-0.004562571,0.0038014703999999996,5.7372899999962664e-05,2
121,1771402781940,-0.003743571,0.0035596704,0.0008061728999999566,2
122,1771402781943,-0.003743571,0.0035596704,0.0008061728999999566,2
123,1771402781946,-0.003743571,0.0035596704,0.0008061728999999566,2
124,1771402781948,-0.0045079709999999995,0.0039847704,0.0003147728999999259,2
0,1771402781960,-0.003922971000000001,0.0035050704,0.00017827289999994202,2
1,1771402781962,-0.003922971000000001,0.0036064703999999998,0.0008022728999998999,2
2,1771402781965,-0.004309070999999999,0.0036064703999999998,0.0008022728999998999,2
3,1771402781967,-0.004309070999999999,0.0036064703999999998,0.0008022728999998999,2
4,1771402781970,-0.004309070999999999,0.0038716704,7.68729000000238e-05,2
5,1771402781972,-0.004082871,0.0038716704,7.68729000000238e-05,2
6,1771402781975,-0.004082871,0.0038716704,7.68729000000238e-05,2
7,1771402781978,-0.004082871,0.0038716704,0.00047857290000008414,2
8,1771402781980,-0.003891771,0.0038170704,0.00047857290000008414,2
9,1771402781983,-0.003891771,0.0038170704,0.00047857290000008414,2
10,1771402781985,-0.003891771,0.0038170704,0.00047857290000008414,2
11,1771402781988,-0.004195971,0.0038677703999999997,-1.2827100000057583e-05,2
12,1771402781991,-0.004195971,0.0038677703999999997,-1.2827100000057583e-05,2
13,1771402781993,-0.004195971,0.0038677703999999997,0.0006813728999999206,2
14,1771402781996,-0.003919071,0.0036922703999999994,0.0006813728999999206,2
15,1771402781998,-0.003919071,0.0036922703999999994,0.0006813728999999206,2
16,1771402782001,-0.003919071,0.0036922703999999994,0.0006813728999999206,2
17,1771402782004,-0.004453370999999999,0.0037429704,-0.0002390271000000118,2
18,1771402782006,-0.004453370999999999,0.0037429704,-0.0002390271000000118,2
19,1771402782009,-0.004453370999999999,0.0037429704,-0.0002390271000000118,2
20,1771402782011,-0.0038683710000000002,0.0036961703999999996,0.0008646728999999179,2
21,1771402782014,-0.0038683710000000002,0.0036961703999999996,0.0008646728999999179,2
22,1771402782016,-0.0038683710000000002,0.0036961703999999996,0.0008646728999999179,2
23,1771402782019,-0.004375370999999999,0.0037507703999999998,-0.0002390271000000118,2
24,1771402782021,-0.004375370999999999,0.0037507703999999998,-0.0002390271000000118,2
25,1771402782024,-0.004375370999999999,0.0037507703999999998,-0.0002390271000000118,2
26,1771402782026,-0.0037123710000000003,0.0035284704,0.0006735729000000294,2
27,1771402782029,-0.0037123710000000003,0.0035284704,0.0006735729000000294,2
28,1771402782032,-0.0037123710000000003,0.0035284704,0.0006735729000000294,2
29,1771402782034,-0.0043792710000000006,0.0037078703999999995,-0.0001259271000000347,2
30,1771402782037,-0.0043792710000000006,0.0037078703999999995,-0.0001259271000000347,2
31,1771402782039,-0.0043792710000000006,0.0037078703999999995,-0.0001259271000000347,2
32,1771402782042,-0.003497871,0.0035713704,0.0005877728999998936,2
33,1771402782044,-0.003497871,0.0035713704,0.0005877728999998936,2
34,1771402782047,-0.003497871,0.0035713704,0.0005877728999998936,2
35,1771402782049,-0.004484571,0.0037663704,6.907290000002155e-05,2
36,1771402782052,-0.004484571,0.0037663704,6.907290000002155e-05,2
37,1771402782054,-0.004484571,0.0037663704,6.907290000002155e-05,2
38,1771402782057,-0.0038878709999999998,0.0036493704,0.0007671729000000564,2
39,1771402782060,-0.0038878709999999998,0.0036493704,0.0007671729000000564,2
40,1771402782062,-0.0038878709999999998,0.0036493704,0.0007671729000000564,2
41,1771402782065,-0.0038878709999999998,0.0037702703999999993,0.000396672900000005,2
42,1771402782067,-0.004227171,0.0037702703999999993,0.000396672900000005,2
43,1771402782070,-0.004227171,0.0037702703999999993,0.000396672900000005,2
44,1771402782072,-0.004227171,0.0037702703999999993,0.0001587728999999919,2
45,1771402782075,-0.004016571,0.0038911703999999995,0.0001587728999999919,2
46,1771402782077,-0.004016571,0.0038911703999999995,0.0001587728999999919,2
47,1771402782080,-0.004016571,0.0038911703999999995,0.0001587728999999919,2
48,1771402782083,-0.004067271000000001,0.0038560703999999998,0.0006228728999999592,2
49,1771402782085,-0.004067271000000001,0.0038560703999999998,0.0006228728999999592,2
50,1771402782088,-0.004067271000000001,0.0038560703999999998,0.0006228728999999592,2
51,1771402782090,-0.004176470999999999,0.0038521703999999995,-0.0001922270999999983,2
52,1771402782093,-0.004176470999999999,0.0038521703999999995,-0.0001922270999999983,2
53,1771402782095,-0.004176470999999999,0.0038521703999999995,-0.0001922270999999983,2
54,1771402782098,-0.003848871,0.0036844703999999997,0.0006267729000000159,2
55,1771402782100,-0.003848871,0.0036844703999999997,0.0006267729000000159,2
56,1771402782103,-0.003848871,0.0036844703999999997,0.0006267729000000159,2
57,1771402782105,-0.004234971000000001,0.0037819704,6.907290000002155e-05,2
58,1771402782108,-0.004234971000000001,0.0037819704,6.907290000002155e-05,2
59,1771402782110,-0.004234971000000001,0.0037819704,6.907290000002155e-05,2
60,1771402782113,-0.003981471,0.0036454703999999997,0.0005292728999999322,2
61,1771402782116,-0.003981471,0.0036454703999999997,0.0005292728999999322,2
62,1771402782118,-0.003981471,0.0036454703999999997,0.0005292728999999322,2
63,1771402782121,-0.004332470999999999,0.0040042704,-0.0001298270999999803,2
64,1771402782123,-0.004332470999999999,0.0040042704,-0.0001298270999999803,2
65,1771402782126,-0.004332470999999999,0.0040042704,-0.0001298270999999803,2
66,1771402782128,-0.0038215709999999997,0.0038482704,0.0011493729000000555,2
67,1771402782131,-0.0038215709999999997,0.0038482704,0.0011493729000000555,2
68,1771402782133,-0.0038215709999999997,0.0038482704,0.0011493729000000555,2
69,1771402782136,-0.0038215709999999997,0.004008170399999999,-7.132710000001894e-05,2
70,1771402782138,-0.004336371,0.004008170399999999,-7.132710000001894e-05,2
71,1771402782141,-0.004336371,0.004008170399999999,-7.132710000001894e-05,2
72,1771402782144,-0.004336371,0.004008170399999999,0.000271872899999969,2
73,1771402782146,-0.003696771,0.0034894704,0.000271872899999969,2
74,1771402782149,-0.003696771,0.0034894704,0.000271872899999969,2
75,1771402782151,-0.003696771,0.0034894704,0.000271872899999969,2
76,1771402782154,-0.004422171000000001,0.0037819704,-0.0001571271000000437,2
77,1771402782156,-0.004422171000000001,0.0037819704,-0.0001571271000000437,2
78,1771402782159,-0.004422171000000001,0.0037819704,-0.0001571271000000437,2
79,1771402782161,-0.003731871,0.0037975703999999994,0.0006189728999999026,2
80,1771402782164,-0.003731871,0.0037975703999999994,0.0006189728999999026,2
81,1771402782166,-0.003731871,0.0037975703999999994,0.0006189728999999026,2
82,1771402782169,-0.004195971,0.0040159704,0.00027967289999997127,2
83,1771402782172,-0.004195971,0.0040159704,0.00027967289999997127,2
84,1771402782174,-0.004195971,0.0040159704,0.00027967289999997127,2
85,1771402782177,-0.003981471,0.0037585703999999994,0.00027967289999997127,2
86,1771402782186,-0.003981471,0.0037585703999999994,0.00027967289999997127,2
87,1771402782188,-0.0038683710000000002,0.003941870399999999,0.0005097728999998711,2
88,1771402782191,-0.0038683710000000002,0.0039886704,0.00021727289999995327,2
89,1771402782194,-0.004039971,0.0039886704,0.00021727289999995327,2
90,1771402782196,-0.004039971,0.0039886704,0.00021727289999995327,2
91,1771402782199,-0.004039971,0.0039886704,0.0008841728999999791,2
92,1771402782201,-0.003981471,0.0037741703999999996,0.0008841728999999791,2
93,1771402782204,-0.003981471,0.0037741703999999996,0.0008841728999999791,2
94,1771402782206,-0.003981471,0.0037741703999999996,0.0008841728999999791,2
95,1771402782209,-0.004051671,0.0037117704,0.00016657289999999416,2
96,1771402782211,-0.004051671,0.0037117704,0.00016657289999999416,2
97,1771402782214,-0.004051671,0.0037117704,0.00016657289999999416,2
98,1771402782217,-0.0038059709999999996,0.0035869703999999994,0.0006969728999999251,2
99,1771402782219,-0.0038059709999999996,0.0035869703999999994,0.0006969728999999251,2
100,1771402782222,-0.0038059709999999996,0.0035869703999999994,0.0006969728999999251,2
101,1771402782224,-0.004336371,0.0037585703999999994,-0.0003989271000000024,2
102,1771402782227,-0.004336371,0.0037585703999999994,-0.0003989271000000024,2
103,1771402782229,-0.004336371,0.0037585703999999994,-0.0003989271000000024,2
104,1771402782232,-0.0038449710000000004,0.0037429704,0.001008972900000015,2
105,1771402782234,-0.0038449710000000004,0.0037429704,0.001008972900000015,2
106,1771402782237,-0.0038449710000000004,0.0037429704,0.001008972900000015,2
107,1771402782239,-0.004309070999999999,0.0039730704,-0.0003326271000000388,2
108,1771402782242,-0.004309070999999999,0.0039730704,-0.0003326271000000388,2
109,1771402782244,-0.004309070999999999,0.0039730704,-0.0003326271000000388,2
110,1771402782247,-0.003275571,0.0035167704,0.0010050728999999583,2
111,1771402782250,-0.003275571,0.0035167704,0.0010050728999999583,2
112,1771402782252,-0.003275571,0.0035167704,0.0010050728999999583,2
113,1771402782255,-0.004398770999999999,0.0038794703999999996,-3.2327100000007695e-05,2
114,1771402782257,-0.004398770999999999,0.0038794703999999996,-3.2327100000007695e-05,2
115,1771402782260,-0.004398770999999999,0.0038794703999999996,-3.2327100000007695e-05,2
116,1771402782262,-0.004398770999999999,0.0036337704,0.0008217728999999611,2
117,1771402782265,-0.0035563709999999996,0.0036337704,0.0008217728999999611,2
118,1771402782271,-0.004277871000000001,0.0041407703999999995,0.0001080729000000328,2
119,1771402782273,-0.004277871000000001,0.0041407703999999995,0.0001080729000000328,2
120,1771402782276,-0.004277871000000001,0.0041407703999999995,0.0001080729000000328,2
121,1771402782278,-0.003575871,0.0035167704,0.00038887289999989174,2
122,1771402782281,-0.003575871,0.0035167704,0.00038887289999989174,2
123,1771402782283,-0.003575871,0.0035167704,0.00038887289999989174,2
124,1771402782286,-0.004336371,0.0037741703999999996,0.0003498728999999915,2
