0,1779936075744,0.0005165382857099995,-0.0321322426286,-0.0005925726857000501,1
1,1779936075747,0.0005165382857099995,-0.0321322426286,-0.0005925726857000501,1
2,1779936075749,0.0005165382857099995,-0.0321322426286,-0.0005925726857000501,1
3,1779936075751,0.0005165382857099995,-0.0326821426286,-0.0011580726857000467,1
4,1779936075754,0.00133943828571,-0.0326821426286,-0.0011580726857000467,1
5,1779936075756,0.00133943828571,-0.0326821426286,-0.0011580726857000467,1
6,1779936075759,0.00133943828571,-0.0326821426286,-0.0011580726857000467,1
7,1779936075790,0.0009143382857099997,-0.0330760426286,-0.0006198726857000025,1
8,1779936075792,0.0007193382857099999,-0.0332749426286,0.00011332731429998695,1
9,1779936075795,0.0007193382857099999,-0.0332749426286,0.00011332731429998695,1
10,1779936075847,0.00123413828571,-0.0324871426286,-0.0006822726857000205,1
11,1779936075852,0.0005477382857099998,-0.0328654426286,-0.00039757268569999386,1
12,1779936075854,0.0005477382857099998,-0.0328654426286,-0.00039757268569999386,1
13,1779936075857,0.0006374382857099996,-0.0326665426286,-0.0008460726857000677,1
14,1779936075859,0.0006374382857099996,-0.0326665426286,-0.0008460726857000677,1
15,1779936075861,0.0006374382857099996,-0.0326665426286,-0.0008460726857000677,1
16,1779936075864,0.0006374382857099996,-0.033189142628599996,-0.0002766726857000145,1
17,1779936075866,0.0005477382857099998,-0.033189142628599996,-0.0002766726857000145,1
18,1779936075868,0.0005477382857099998,-0.033189142628599996,-0.0002766726857000145,1
19,1779936075871,0.0005477382857099998,-0.033189142628599996,-0.0002766726857000145,1
20,1779936075873,0.0010976382857099997,-0.0331462426286,-0.00040927268570005275,1
21,1779936075875,0.0010976382857099997,-0.0331462426286,-0.00040927268570005275,1
22,1779936075878,0.0010976382857099997,-0.0331462426286,-0.00040927268570005275,1
23,1779936075880,0.0008207382857099996,-0.033138442628599996,-0.00047557268570001636,1
24,1779936075882,0.0008207382857099996,-0.033138442628599996,-0.00047557268570001636,1
25,1779936075885,0.0008207382857099996,-0.033138442628599996,-0.00047557268570001636,1
26,1779936075887,0.0008207382857099996,-0.033138442628599996,-0.00047557268570001636,1
27,1779936075890,0.0009065382857100001,-0.0330370426286,0.0001835273143000072,1
28,1779936075892,0.0009065382857100001,-0.0330370426286,0.0001835273143000072,1
29,1779936075894,0.0009065382857100001,-0.0330370426286,0.0001835273143000072,1
30,1779936075897,0.0007427382857099997,-0.0328537426286,-0.0005496726856999822,1
31,1779936075899,0.0007427382857099997,-0.0328537426286,-0.0005496726856999822,1
32,1779936075901,0.0007427382857099997,-0.0328537426286,-0.0005496726856999822,1
33,1779936075904,0.0007427382857099997,-0.0329590426286,-0.00024937268570006214,1
34,1779936075906,0.0005282382857099994,-0.0329590426286,-0.00024937268570006214,1
35,1779936075908,0.0005282382857099994,-0.0329590426286,-0.00024937268570006214,1
36,1779936075911,0.0005282382857099994,-0.0329590426286,-0.00024937268570006214,1
37,1779936075913,0.0013238382857099999,-0.0327601426286,-0.00025327268570000776,1
38,1779936075916,0.0013238382857099999,-0.0327601426286,-0.00025327268570000776,1
39,1779936075918,0.0013238382857099999,-0.0327601426286,-0.00025327268570000776,1
40,1779936075920,0.0008168382857100002,-0.0327484426286,-0.00031957268569997137,1
41,1779936075923,0.0008168382857100002,-0.0327484426286,-0.00031957268569997137,1
42,1779936075925,0.0008168382857100002,-0.0327484426286,-0.00031957268569997137,1
43,1779936075927,0.0008168382857100002,-0.0327484426286,-0.0005925726857000501,1
44,1779936075930,0.0008207382857099996,-0.0327250426286,-0.0005925726857000501,1
45,1779936075932,0.0008207382857099996,-0.0327250426286,-0.0005925726857000501,1
46,1779936075935,0.0008207382857099996,-0.0327250426286,-0.0005925726857000501,1
47,1779936075937,0.0007427382857099997,-0.0330136426286,-0.000198672685699992,1
48,1779936075939,0.0007427382857099997,-0.0330136426286,-0.000198672685699992,1
49,1779936075942,0.0007427382857099997,-0.0330136426286,-0.000198672685699992,1
50,1779936075944,0.0007427382857099997,-0.032896642628599995,-0.0006432726857000092,1
51,1779936075946,0.0006374382857099996,-0.032896642628599995,-0.0006432726857000092,1
52,1779936075949,0.0006374382857099996,-0.032896642628599995,-0.0006432726857000092,1
53,1779936075951,0.0006374382857099996,-0.032896642628599995,-0.0006432726857000092,1
54,1779936075954,0.0009143382857099997,-0.0329746426286,-0.000448272685700064,1
55,1779936075956,0.0009143382857099997,-0.0329746426286,-0.000448272685700064,1
56,1779936075958,0.0009143382857099997,-0.0329746426286,-0.000448272685700064,1
57,1779936075961,0.00114053828571,-0.0330253426286,-0.000354672685700037,1
58,1779936075963,0.00114053828571,-0.0330253426286,-0.000354672685700037,1
59,1779936075965,0.00114053828571,-0.0330253426286,-0.000354672685700037,1
60,1779936075968,0.00114053828571,-0.0330253426286,0.00016012731430000045,1
61,1779936075970,0.0007310382857099998,-0.0333646426286,0.00016012731430000045,1
62,1779936075972,0.0007310382857099998,-0.0333646426286,0.00016012731430000045,1
63,1779936075975,0.0007310382857099998,-0.0333646426286,0.00016012731430000045,1
64,1779936075977,0.00114053828571,-0.0331150426286,0.0003005273142999299,1
65,1779936075980,0.00114053828571,-0.0331150426286,0.0003005273142999299,1
66,1779936075982,0.00114053828571,-0.0331150426286,0.0003005273142999299,1
67,1779936075984,0.0008519382857099999,-0.0331267426286,-0.00039367268570004825,1
68,1779936075987,0.0008519382857099999,-0.0331267426286,-0.00039367268570004825,1
69,1779936075989,0.0008519382857099999,-0.0331267426286,-0.00039367268570004825,1
70,1779936075991,0.0008519382857099999,-0.0331267426286,-0.00039367268570004825,1
71,1779936075994,0.00073493828571,-0.0326275426286,-0.00042877268570000286,1
72,1779936075997,0.00073493828571,-0.0326275426286,-0.00042877268570000286,1
73,1779936076000,0.00073493828571,-0.0326275426286,-0.00042877268570000286,1
74,1779936076002,0.00080123828571,-0.0328927426286,-0.0003429726856999781,1
75,1779936076005,0.00080123828571,-0.0328927426286,-0.0003429726856999781,1
76,1779936076007,0.00080123828571,-0.0328927426286,-0.0003429726856999781,1
77,1779936076010,0.0005516382857100001,-0.0325222426286,-0.000229872685700001,1
78,1779936076012,0.0005516382857100001,-0.0325222426286,-0.000229872685700001,1
79,1779936076015,0.0005516382857100001,-0.0325222426286,-0.000229872685700001,1
80,1779936076017,0.0011756382857099996,-0.0328147426286,-0.0003897726856999916,1
81,1779936076019,0.0011756382857099996,-0.0328147426286,-0.0003897726856999916,1
82,1779936076022,0.0011756382857099996,-0.0328147426286,-0.0003897726856999916,1
83,1779936076024,0.0011756382857099996,-0.0327679426286,0.00020692731430001395,1
84,1779936076026,0.0008597382857099996,-0.0327679426286,0.00020692731430001395,1
85,1779936076029,0.0008597382857099996,-0.0327679426286,0.00020692731430001395,1
86,1779936076031,0.0008597382857099996,-0.0327679426286,0.00020692731430001395,1
87,1779936076033,0.0008363382857099998,-0.032994142628599996,-0.00037807268570004375,1
88,1779936076036,0.0008363382857099998,-0.032994142628599996,-0.00037807268570004375,1
89,1779936076038,0.0008363382857099998,-0.032994142628599996,-0.00037807268570004375,1
90,1779936076041,0.0006062382857100002,-0.0327874426286,-0.0004950726856999665,1
91,1779936076043,0.0006062382857100002,-0.0327874426286,-0.0004950726856999665,1
92,1779936076045,0.0006062382857100002,-0.0327874426286,-0.0004950726856999665,1
93,1779936076048,0.0006062382857100002,-0.0327874426286,-0.0008577726857000156,1
94,1779936076050,0.0005048382857099996,-0.032799142628599995,-0.0008577726857000156,1
95,1779936076053,0.0005048382857099996,-0.032799142628599995,-0.0008577726857000156,1
96,1779936076057,0.0007154382857099996,-0.0328069426286,-0.0002961726856999646,1
97,1779936076059,0.0007154382857099996,-0.0328069426286,-0.0002961726856999646,1
98,1779936076061,0.0007154382857099996,-0.0328069426286,-0.0002961726856999646,1
99,1779936076064,0.0007154382857099996,-0.0328069426286,-0.00026887268570001226,1
100,1779936076066,0.0010274382857099994,-0.0328927426286,-0.00026887268570001226,1
101,1779936076069,0.0010274382857099994,-0.0328927426286,-0.00026887268570001226,1
102,1779936076071,0.0010274382857099994,-0.0328927426286,-0.00026887268570001226,1
103,1779936076073,0.0010001382857100002,-0.0331462426286,-0.0004833726857000186,1
104,1779936076076,0.0010001382857100002,-0.0331462426286,-0.0004833726857000186,1
105,1779936076078,0.0010001382857100002,-0.0331462426286,-0.0004833726857000186,1
106,1779936076080,0.0010001382857100002,-0.0331540426286,0.00019522731429995506,1
107,1779936076083,0.0009299382857099999,-0.0331540426286,0.00019522731429995506,1
108,1779936076085,0.0009299382857099999,-0.0331540426286,0.00019522731429995506,1
109,1779936076087,0.0009299382857099999,-0.0331540426286,0.00019522731429995506,1
110,1779936076090,0.0008987382857099996,-0.0330799426286,0.00029272731429992767,1
111,1779936076092,0.0008987382857099996,-0.0330799426286,0.00029272731429992767,1
112,1779936076095,0.0008987382857099996,-0.0330799426286,0.00029272731429992767,1
113,1779936076097,0.0007973382857099998,-0.0327484426286,-0.000167472685699983,1
114,1779936076099,0.0007973382857099998,-0.0327484426286,-0.000167472685699983,1
115,1779936076102,0.0007973382857099998,-0.0327484426286,-0.000167472685699983,1
116,1779936076104,0.0007973382857099998,-0.0327484426286,-0.0007797726856999931,1
117,1779936076106,0.0007973382857099998,-0.0328303426286,-0.0007797726856999931,1
118,1779936076109,0.0007973382857099998,-0.0328303426286,-0.0007797726856999931,1
119,1779936076111,0.0007973382857099998,-0.0328303426286,-0.0007797726856999931,1
120,1779936076113,0.0004931382857099997,-0.0326860426286,-0.0004638726857000685,1
121,1779936076116,0.0004931382857099997,-0.0326860426286,-0.0004638726857000685,1
122,1779936076118,0.0004931382857099997,-0.0326860426286,-0.0004638726857000685,1
123,1779936076121,0.0008636382857099998,-0.0329200426286,-0.00054187268569998,1
124,1779936076123,0.0008636382857099998,-0.0329200426286,-0.00054187268569998,1
0,1779936076135,0.0008558382857100002,-0.032752342628599995,-0.0001635726857000374,1
1,1779936076137,0.0012653382857099995,-0.0327757426286,-0.0007368726857000362,1
2,1779936076139,0.0012653382857099995,-0.0327757426286,-0.0007368726857000362,1
3,1779936076142,0.0012653382857099995,-0.0327757426286,-0.0007368726857000362,1
4,1779936076144,0.0012653382857099995,-0.0327757426286,-7.387268570006704e-05,1
5,1779936076147,0.0008909382857099999,-0.0329512426286,-7.387268570006704e-05,1
6,1779936076174,0.0008909382857099999,-0.0329512426286,-7.387268570006704e-05,1
7,1779936076176,0.0008675382857100001,-0.032799142628599995,-0.00036637268569998487,1
8,1779936076234,0.0009221382857099994,-0.0327172426286,-0.00030007268570002125,1
9,1779936076237,0.0009221382857099994,-0.0327172426286,-0.00030007268570002125,1
10,1779936076239,0.0009221382857099994,-0.0327172426286,-0.00030007268570002125,1
11,1779936076241,0.0009260382857099996,-0.0327718426286,-0.0005340726856999777,1
12,1779936076244,0.0009260382857099996,-0.0327718426286,-0.0005340726856999777,1
13,1779936076246,0.0009260382857099996,-0.0327718426286,-0.0005340726856999777,1
14,1779936076249,0.0009260382857099996,-0.0327718426286,2.7527314299962205e-05,1
15,1779936076251,0.0011639382857099997,-0.0328069426286,2.7527314299962205e-05,1
16,1779936076253,0.0011639382857099997,-0.0328069426286,2.7527314299962205e-05,1
17,1779936076256,0.0011639382857099997,-0.0328069426286,2.7527314299962205e-05,1
18,1779936076258,0.0011912382857099998,-0.0328342426286,-0.0003897726856999916,1
19,1779936076260,0.0011912382857099998,-0.0328342426286,-0.0003897726856999916,1
20,1779936076263,0.0011912382857099998,-0.0328342426286,-0.0003897726856999916,1
21,1779936076265,0.0005867382857099998,-0.0327484426286,2.362731430001659e-05,1
22,1779936076267,0.0005867382857099998,-0.0327484426286,2.362731430001659e-05,1
23,1779936076270,0.0005867382857099998,-0.0327484426286,2.362731430001659e-05,1
24,1779936076272,0.0005867382857099998,-0.0327484426286,2.362731430001659e-05,1
25,1779936076275,0.0004151382857099997,-0.0328576426286,0.00025372731430002744,1
26,1779936076277,0.0004151382857099997,-0.0328576426286,0.00025372731430002744,1
27,1779936076279,0.0004151382857099997,-0.0328576426286,0.00025372731430002744,1
28,1779936076282,0.0004619382857100002,-0.0329239426286,-0.000666672685700016,1
29,1779936076284,0.0004619382857100002,-0.0329239426286,-0.000666672685700016,1
30,1779936076287,0.0004619382857100002,-0.0329239426286,-0.000666672685700016,1
31,1779936076289,0.0006491382857099996,-0.0329707426286,-0.0007095726856999728,1
32,1779936076291,0.0006491382857099996,-0.0329707426286,-0.0007095726856999728,1
33,1779936076294,0.0006491382857099996,-0.0329707426286,-0.0007095726856999728,1
34,1779936076296,0.0006491382857099996,-0.0329707426286,-0.0007095726856999728,1
35,1779936076299,0.0010430382857099995,-0.0330526426286,-0.0006510726857000115,1
36,1779936076301,0.0010430382857099995,-0.0330526426286,-0.0006510726857000115,1
37,1779936076303,0.0010430382857099995,-0.0330526426286,-0.0006510726857000115,1
38,1779936076306,0.0007856382857099999,-0.0333490426286,0.00028882731429998205,1
39,1779936076308,0.0007856382857099999,-0.0333490426286,0.00028882731429998205,1
40,1779936076310,0.0007856382857099999,-0.0333490426286,0.00028882731429998205,1
41,1779936076313,0.0007856382857099999,-0.0333490426286,-0.0004872726856999642,1
42,1779936076315,0.0012185382857099998,-0.0332554426286,-0.0004872726856999642,1
43,1779936076318,0.0012185382857099998,-0.0332554426286,-0.0004872726856999642,1
44,1779936076320,0.0012185382857099998,-0.0332554426286,-0.0004872726856999642,1
45,1779936076322,0.0009065382857100001,-0.0330058426286,0.0003629273142999479,1
46,1779936076325,0.0009065382857100001,-0.0330058426286,0.0003629273142999479,1
47,1779936076327,0.0009065382857100001,-0.0330058426286,0.0003629273142999479,1
48,1779936076329,0.0009611382857100002,-0.0325807426286,-6.217268570000815e-05,1
49,1779936076332,0.0009611382857100002,-0.0325807426286,-6.217268570000815e-05,1
50,1779936076334,0.0009611382857100002,-0.0325807426286,-6.217268570000815e-05,1
51,1779936076337,0.0009611382857100002,-0.0325807426286,-6.217268570000815e-05,1
52,1779936076339,0.0004268382857099996,-0.0326743426286,0.0004565273142999749,1
53,1779936076341,0.0004268382857099996,-0.0326743426286,0.0004565273142999749,1
54,1779936076344,0.0004268382857099996,-0.0326743426286,0.0004565273142999749,1
55,1779936076346,0.0010040382857099996,-0.0323935426286,-0.0006861726856999661,1
56,1779936076348,0.0010040382857099996,-0.0323935426286,-0.0006861726856999661,1
57,1779936076351,0.0010040382857099996,-0.0323935426286,-0.0006861726856999661,1
58,1779936076353,0.0011756382857099996,-0.032896642628599995,-0.0006510726857000115,1
59,1779936076356,0.0011756382857099996,-0.032896642628599995,-0.0006510726857000115,1
60,1779936076358,0.0011756382857099996,-0.032896642628599995,-0.0006510726857000115,1
61,1779936076360,0.0011756382857099996,-0.032896642628599995,-0.0006510726857000115,1
62,1779936076363,0.0006218382857099995,-0.0327757426286,-0.0007056726857000272,1
63,1779936076365,0.0006218382857099995,-0.0327757426286,-0.0007056726857000272,1
64,1779936076367,0.0006218382857099995,-0.0327757426286,-0.0007056726857000272,1
65,1779936076370,0.0010274382857099994,-0.0328537426286,-0.00047557268570001636,1
66,1779936076372,0.0010274382857099994,-0.0328537426286,-0.00047557268570001636,1
67,1779936076374,0.0010274382857099994,-0.0328537426286,-0.00047557268570001636,1
68,1779936076377,0.0010274382857099994,-0.0328537426286,-0.0008382726857000655,1
69,1779936076379,0.0009650382857099996,-0.0331228426286,-0.0008382726857000655,1
70,1779936076382,0.0009650382857099996,-0.0331228426286,-0.0008382726857000655,1
71,1779936076384,0.0009650382857099996,-0.0331228426286,-0.0008382726857000655,1
72,1779936076386,0.0009767382857099995,-0.0331306426286,-0.00040927268570005275,1
73,1779936076389,0.0009767382857099995,-0.0331306426286,-0.00040927268570005275,1
74,1779936076391,0.0009767382857099995,-0.0331306426286,-0.00040927268570005275,1
75,1779936076393,0.00041123828570999946,-0.0330292426286,3.142731430001884e-05,1
76,1779936076396,0.00041123828570999946,-0.0330292426286,3.142731430001884e-05,1
77,1779936076398,0.00041123828570999946,-0.0330292426286,3.142731430001884e-05,1
78,1779936076400,0.00041123828570999946,-0.0330292426286,3.142731430001884e-05,1
79,1779936076403,0.0007973382857099998,-0.0330799426286,-0.0007017726856999706,1
80,1779936076405,0.0007973382857099998,-0.0330799426286,-0.0007017726856999706,1
81,1779936076407,0.0007973382857099998,-0.0330799426286,-0.0007017726856999706,1
82,1779936076410,0.00084023828571,-0.0332632426286,-0.00040927268570005275,1
83,1779936076412,0.00084023828571,-0.0332632426286,-0.00040927268570005275,1
84,1779936076415,0.00084023828571,-0.0332632426286,-0.00040927268570005275,1
85,1779936076417,0.00084023828571,-0.0332632426286,-0.0004677726857000141,1
86,1779936076419,0.00122243828571,-0.033329542628599995,-0.0004677726857000141,1
87,1779936076422,0.00122243828571,-0.033329542628599995,-0.0004677726857000141,1
88,1779936076424,0.00122243828571,-0.033329542628599995,-0.0004677726857000141,1
89,1779936076426,0.00070763828571,-0.0330838426286,0.00028882731429998205,1
90,1779936076429,0.00070763828571,-0.0330838426286,0.00028882731429998205,1
91,1779936076431,0.00070763828571,-0.0330838426286,0.00028882731429998205,1
92,1779936076433,0.0011912382857099998,-0.0327835426286,-0.00019087268569998976,1
93,1779936076436,0.0011912382857099998,-0.0327835426286,-0.00019087268569998976,1
94,1779936076438,0.0011912382857099998,-0.0327835426286,-0.00019087268569998976,1
95,1779936076441,0.0011912382857099998,-0.0327835426286,-0.00019087268569998976,1
96,1779936076443,0.0009494382857099994,-0.0327016426286,0.00022252731430001844,1
97,1779936076445,0.0009494382857099994,-0.0327016426286,0.00022252731430001844,1
98,1779936076448,0.0009494382857099994,-0.0327016426286,0.00022252731430001844,1
99,1779936076450,0.00056333828571,-0.0322531426286,-0.00047167268570007075,1
100,1779936076452,0.00056333828571,-0.0322531426286,-0.00047167268570007075,1
101,1779936076455,0.00056333828571,-0.0322531426286,-0.00047167268570007075,1
102,1779936076457,0.00056333828571,-0.0323623426286,-0.0003702726857000415,1
103,1779936076459,0.0005984382857099997,-0.0323623426286,-0.0003702726857000415,1
104,1779936076462,0.0005984382857099997,-0.0323623426286,-0.0003702726857000415,1
105,1779936076464,0.0005984382857099997,-0.0323623426286,-0.0003702726857000415,1
106,1779936076467,0.0010430382857099995,-0.0323935426286,-0.0010839726856999698,1
107,1779936076469,0.0010430382857099995,-0.0323935426286,-0.0010839726856999698,1
108,1779936076472,0.0010430382857099995,-0.0323935426286,-0.0010839726856999698,1
109,1779936076474,0.0009728382857100001,-0.0328186426286,-0.0005184726856999732,1
110,1779936076476,0.0009728382857100001,-0.0328186426286,-0.0005184726856999732,1
111,1779936076479,0.0009728382857100001,-0.0328186426286,-0.0005184726856999732,1
112,1779936076481,0.0009728382857100001,-0.0328186426286,-0.00033127268570003025,1
113,1779936076483,0.0007856382857099999,-0.0328888426286,-0.00033127268570003025,1
114,1779936076486,0.0007856382857099999,-0.0328888426286,-0.00033127268570003025,1
115,1779936076488,0.0007856382857099999,-0.0328888426286,-0.00033127268570003025,1
116,1779936076490,0.0008090382857099997,-0.033138442628599996,-0.00017137268570003965,1
117,1779936076493,0.0008090382857099997,-0.033138442628599996,-0.00017137268570003965,1
118,1779936076495,0.0008090382857099997,-0.033138442628599996,-0.00017137268570003965,1
119,1779936076498,0.0008831382857099994,-0.0332593426286,-0.0001479726857000329,1
120,1779936076500,0.0008831382857099994,-0.0332593426286,-0.0001479726857000329,1
121,1779936076502,0.0008831382857099994,-0.0332593426286,-0.0001479726857000329,1
122,1779936076505,0.0008831382857099994,-0.0332593426286,-0.0001479726857000329,1
123,1779936076507,0.0010664382857100002,-0.0331267426286,-0.00047167268570007075,1
124,1779936076509,0.0010664382857100002,-0.0331267426286,-0.00047167268570007075,1
0,1779936076521,0.0004931382857099997,-0.0331306426286,-0.0005535726857000389,1
1,1779936076524,0.00101183828571,-0.0327796426286,-0.0005535726857000389,1
2,1779936076526,0.00101183828571,-0.0327796426286,-0.0005535726857000389,1
3,1779936076528,0.00101183828571,-0.0327796426286,-0.0005535726857000389,1
4,1779936076531,0.0006257382857099997,-0.0329980426286,3.5327314299964455e-05,1
5,1779936076533,0.0006257382857099997,-0.0329980426286,3.5327314299964455e-05,1
6,1779936076535,0.0006257382857099997,-0.0329980426286,3.5327314299964455e-05,1
7,1779936076538,0.0010196382857099997,-0.0325261426286,-0.0008694726856999634,1
8,1779936076540,0.0010196382857099997,-0.0325261426286,-0.0008694726856999634,1
9,1779936076572,0.0008246382857099999,-0.0327445426286,-0.0007134726857000295,1
10,1779936076575,0.0008246382857099999,-0.0327445426286,-0.0007134726857000295,1
11,1779936076632,0.0009884382857099994,-0.032756242628599996,-0.0005535726857000389,1
12,1779936076635,0.00036443828570999984,-0.0329044426286,-5.4372685700005904e-05,1
13,1779936076637,0.00036443828570999984,-0.0329044426286,-5.4372685700005904e-05,1
14,1779936076640,0.00036443828570999984,-0.0329044426286,-5.4372685700005904e-05,1
15,1779936076642,0.0008051382857099994,-0.032514442628599996,-8.55726857000149e-05,1
16,1779936076645,0.0008051382857099994,-0.032514442628599996,-8.55726857000149e-05,1
17,1779936076647,0.0008051382857099994,-0.032514442628599996,-8.55726857000149e-05,1
18,1779936076649,0.0008051382857099994,-0.032514442628599996,0.0002147273143000162,1
19,1779936076652,0.0009806382857099998,-0.0329668426286,0.0002147273143000162,1
20,1779936076654,0.0009806382857099998,-0.0329668426286,0.0002147273143000162,1
21,1779936076656,0.0009806382857099998,-0.0329668426286,0.0002147273143000162,1
22,1779936076659,0.0008753382857099997,-0.0326509426286,-0.0007680726857000452,1
23,1779936076661,0.0008753382857099997,-0.0326509426286,-0.0007680726857000452,1
24,1779936076664,0.0008753382857099997,-0.0326509426286,-0.0007680726857000452,1
25,1779936076666,0.0008753382857099997,-0.032900542628599996,-0.0003897726856999916,1
26,1779936076668,0.00094553828571,-0.032900542628599996,-0.0003897726856999916,1
27,1779936076671,0.00094553828571,-0.032900542628599996,-0.0003897726856999916,1
28,1779936076673,0.00094553828571,-0.032900542628599996,-0.0003897726856999916,1
29,1779936076675,0.0008246382857099999,-0.032756242628599996,-0.000479472685700073,1
30,1779936076678,0.0008246382857099999,-0.032756242628599996,-0.000479472685700073,1
31,1779936076680,0.0008246382857099999,-0.032756242628599996,-0.000479472685700073,1
32,1779936076682,0.0008246382857099999,-0.033021442628599997,0.0001718273142999483,1
33,1779936076685,0.0008246382857099999,-0.033021442628599997,0.0001718273142999483,1
34,1779936076687,0.0008246382857099999,-0.033021442628599997,0.0001718273142999483,1
35,1779936076689,0.0008246382857099999,-0.033021442628599997,-0.00026497268570006664,1
36,1779936076692,0.0005399382857100002,-0.0328225426286,-0.00026497268570006664,1
37,1779936076694,0.0005399382857100002,-0.0328225426286,-0.00026497268570006664,1
38,1779936076697,0.0005399382857100002,-0.0328225426286,-0.00026497268570006664,1
39,1779936076699,0.0006881382857099995,-0.0328810426286,-0.0004365726857000051,1
40,1779936076701,0.0006881382857099995,-0.0328810426286,-0.0004365726857000051,1
41,1779936076704,0.0006881382857099995,-0.0328810426286,-0.0004365726857000051,1
42,1779936076706,0.0006881382857099995,-0.0330682426286,-0.0003702726857000415,1
43,1779936076708,0.0008441382857099994,-0.0330682426286,-0.0003702726857000415,1
44,1779936076711,0.0008441382857099994,-0.0330682426286,-0.0003702726857000415,1
45,1779936076713,0.0008441382857099994,-0.0330682426286,-0.0003702726857000415,1
46,1779936076715,0.0012146382857099996,-0.032654842628599995,-0.00045607268570006625,1
47,1779936076718,0.0012146382857099996,-0.032654842628599995,-0.00045607268570006625,1
48,1779936076720,0.0012146382857099996,-0.032654842628599995,-0.00045607268570006625,1
49,1779936076722,0.0011444382857100002,-0.0330799426286,-0.00028057268570007114,1
50,1779936076725,0.0011444382857100002,-0.0330799426286,-0.00028057268570007114,1
51,1779936076727,0.0011444382857100002,-0.0330799426286,-0.00028057268570007114,1
52,1779936076730,0.0011444382857100002,-0.0330799426286,-0.00028057268570007114,1
53,1779936076732,0.0009494382857099994,-0.0325495426286,-5.047268570006029e-05,1
54,1779936076734,0.0009494382857099994,-0.0325495426286,-5.047268570006029e-05,1
55,1779936076737,0.0009494382857099994,-0.0325495426286,-5.047268570006029e-05,1
56,1779936076739,0.0008246382857099999,-0.0328732426286,-0.00014017268570003065,1
57,1779936076741,0.0008246382857099999,-0.0328732426286,-0.00014017268570003065,1
58,1779936076744,0.0008246382857099999,-0.0328732426286,-0.00014017268570003065,1
59,1779936076746,0.0008246382857099999,-0.032272642628599996,-0.00017137268570003965,1
60,1779936076748,0.0009533382857099997,-0.032272642628599996,-0.00017137268570003965,1
61,1779936076751,0.0009533382857099997,-0.032272642628599996,-0.00017137268570003965,1
62,1779936076753,0.0009533382857099997,-0.032272642628599996,-0.00017137268570003965,1
63,1779936076756,0.0007973382857099998,-0.0327757426286,0.0003941273142999569,1
64,1779936076758,0.0007973382857099998,-0.0327757426286,0.0003941273142999569,1
65,1779936076760,0.0007973382857099998,-0.0327757426286,0.0003941273142999569,1
66,1779936076763,0.0007115382857100002,-0.0326626426286,-0.00031957268569997137,1
67,1779936076765,0.0007115382857100002,-0.0326626426286,-0.00031957268569997137,1
68,1779936076767,0.0007115382857100002,-0.0326626426286,-0.00031957268569997137,1
69,1779936076770,0.0007115382857100002,-0.0326626426286,-8.55726857000149e-05,1
70,1779936076772,0.0012185382857099998,-0.0331072426286,-8.55726857000149e-05,1
71,1779936076774,0.0012185382857099998,-0.0331072426286,-8.55726857000149e-05,1
72,1779936076777,0.0012185382857099998,-0.0331072426286,-8.55726857000149e-05,1
73,1779936076779,0.0008246382857099999,-0.0329590426286,-0.0007524726857000407,1
74,1779936076782,0.0008246382857099999,-0.0329590426286,-0.0007524726857000407,1
75,1779936076784,0.0008246382857099999,-0.0329590426286,-0.0007524726857000407,1
76,1779936076786,0.0007700382857099997,-0.0330955426286,-0.000604272685699998,1
77,1779936076789,0.0007700382857099997,-0.0330955426286,-0.000604272685699998,1
78,1779936076791,0.0007700382857099997,-0.0330955426286,-0.000604272685699998,1
79,1779936076793,0.0007700382857099997,-0.0330955426286,-0.000604272685699998,1
80,1779936076796,0.00059063828571,-0.0330682426286,-0.0006783726856999638,1
81,1779936076798,0.00059063828571,-0.0330682426286,-0.0006783726856999638,1
82,1779936076800,0.00059063828571,-0.0330682426286,-0.0006783726856999638,1
83,1779936076803,0.00091823828571,-0.0329122426286,-0.0009630726856999904,1
84,1779936076805,0.00091823828571,-0.0329122426286,-0.0009630726856999904,1
85,1779936076807,0.00091823828571,-0.0329122426286,-0.0009630726856999904,1
86,1779936076810,0.00091823828571,-0.0329122426286,-0.0003117726856999691,1
87,1779936076812,0.0006452382857100002,-0.0330838426286,-0.0003117726856999691,1
88,1779936076815,0.0006452382857100002,-0.0330838426286,-0.0003117726856999691,1
89,1779936076817,0.0006452382857100002,-0.0330838426286,-0.0003117726856999691,1
90,1779936076819,0.0009806382857099998,-0.0325963426286,0.00046432731429997716,1
91,1779936076822,0.0009806382857099998,-0.0325963426286,0.00046432731429997716,1
92,1779936076824,0.0009806382857099998,-0.0325963426286,0.00046432731429997716,1
93,1779936076826,0.0008051382857099994,-0.032849842628599996,0.0003005273142999299,1
94,1779936076829,0.0008051382857099994,-0.032849842628599996,0.0003005273142999299,1
95,1779936076831,0.0008051382857099994,-0.032849842628599996,0.0003005273142999299,1
96,1779936076834,0.0008051382857099994,-0.032849842628599996,0.0003005273142999299,1
97,1779936076836,0.0013862382857099996,-0.0326743426286,-0.0002727726857000689,1
98,1779936076838,0.0013862382857099996,-0.0326743426286,-0.0002727726857000689,1
99,1779936076841,0.0013862382857099996,-0.0326743426286,-0.0002727726857000689,1
100,1779936076843,0.00101183828571,-0.0327250426286,0.0005267273142999952,1
101,1779936076845,0.00101183828571,-0.0327250426286,0.0005267273142999952,1
102,1779936076848,0.00101183828571,-0.0327250426286,0.0005267273142999952,1
103,1779936076850,0.00101183828571,-0.0319099426286,-0.00013627268569997401,1
104,1779936076853,0.0011327382857099994,-0.0319099426286,-0.00013627268569997401,1
105,1779936076857,0.0011327382857099994,-0.0319099426286,-0.00013627268569997401,1
106,1779936076859,0.0009689382857099998,-0.032608042628599995,-0.000635472685700007,1
107,1779936076862,0.0009689382857099998,-0.032608042628599995,-0.000635472685700007,1
108,1779936076864,0.0009689382857099998,-0.032608042628599995,-0.000635472685700007,1
109,1779936076866,0.0009689382857099998,-0.0327874426286,-0.0012204726857000647,1
110,1779936076869,0.0008090382857099997,-0.0327874426286,-0.0012204726857000647,1
111,1779936076871,0.0008090382857099997,-0.0327874426286,-0.0012204726857000647,1
112,1779936076873,0.0008090382857099997,-0.0327874426286,-0.0012204726857000647,1
113,1779936076876,0.0012302382857099997,-0.0336025426286,-0.0007173726856999751,1
114,1779936076878,0.0012302382857099997,-0.0336025426286,-0.0007173726856999751,1
115,1779936076881,0.0012302382857099997,-0.0336025426286,-0.0007173726856999751,1
116,1779936076883,0.0007622382857100001,-0.0337858426286,-5.047268570006029e-05,1
117,1779936076885,0.0007622382857100001,-0.0337858426286,-5.047268570006029e-05,1
118,1779936076888,0.0007622382857100001,-0.0337858426286,-5.047268570006029e-05,1
119,1779936076890,0.0007622382857100001,-0.0337858426286,-0.00023377268570005764,1
120,1779936076892,0.0002162382857099996,-0.0342889426286,-0.00023377268570005764,1
121,1779936076895,0.0002162382857099996,-0.0342889426286,-0.00023377268570005764,1
122,1779936076897,0.0002162382857099996,-0.0342889426286,-0.00023377268570005764,1
123,1779936076899,-0.00017766171429000038,-0.0338326426286,-0.0002103726857000509,1
124,1779936076902,-0.00017766171429000038,-0.0338326426286,-0.0002103726857000509,1
0,1779936077036,0.0003332382857099995,-0.0338911426286,-0.001840572685699966,1
1,1779936077039,0.0003332382857099995,-0.0338911426286,-0.001840572685699966,1
2,1779936077041,0.0003332382857099995,-0.0338911426286,-0.001840572685699966,1
3,1779936077043,-0.00018546171429000002,-0.0347569426286,-0.00028447268570001676,1
4,1779936077046,-0.00018546171429000002,-0.0347569426286,-0.00028447268570001676,1
5,1779936077048,-0.00018546171429000002,-0.0347569426286,-0.00028447268570001676,1
6,1779936077051,-0.00018546171429000002,-0.0347569426286,0.0005345273142999974,1
7,1779936077053,-0.00335226171429,-0.030427942628599998,0.0005345273142999974,1
8,1779936077055,-0.00335226171429,-0.030427942628599998,0.0005345273142999974,1
9,1779936077058,-0.00335226171429,-0.030427942628599998,0.0005345273142999974,1
10,1779936077060,-0.0010356617142899998,-0.0298780426286,-1.9272685700051292e-05,1
11,1779936077062,-0.0010356617142899998,-0.0298780426286,-1.9272685700051292e-05,1
12,1779936077065,-0.0010356617142899998,-0.0298780426286,-1.9272685700051292e-05,1
13,1779936077067,0.00240413828571,-0.0310441426286,-0.0008499726857000133,2
14,1779936077069,0.00240413828571,-0.0310441426286,-0.0008499726857000133,2
15,1779936077072,0.00240413828571,-0.0310441426286,-0.0008499726857000133,2
16,1779936077074,0.00240413828571,-0.0310441426286,-0.0008499726857000133,2
17,1779936077077,0.00277073828571,-0.033044842628599996,-0.0021681726857000604,2
18,1779936077079,0.00277073828571,-0.033044842628599996,-0.0021681726857000604,2
19,1779936077081,0.00277073828571,-0.033044842628599996,-0.0021681726857000604,2
20,1779936077084,0.00346883828571,-0.033668842628599996,0.0007412273143000015,2
21,1779936077086,0.00346883828571,-0.033668842628599996,0.0007412273143000015,2
22,1779936077088,0.00346883828571,-0.033668842628599996,0.0007412273143000015,2
23,1779936077091,0.00346883828571,-0.033668842628599996,0.0014354273142999797,2
24,1779936077093,0.00451013828571,-0.0326782426286,0.0014354273142999797,2
25,1779936077095,0.00451013828571,-0.0326782426286,0.0014354273142999797,2
26,1779936077098,0.00451013828571,-0.0326782426286,0.0014354273142999797,2
27,1779936077100,0.00144473828571,-0.0341563426286,-0.0016572726856999686,1
28,1779936077102,0.00144473828571,-0.0341563426286,-0.0016572726856999686,1
29,1779936077105,0.00144473828571,-0.0341563426286,-0.0016572726856999686,1
30,1779936077107,-0.00406206171429,-0.033953542628599995,-0.00045997268570001186,1
31,1779936077110,-0.00406206171429,-0.033953542628599995,-0.00045997268570001186,1
32,1779936077112,-0.00406206171429,-0.033953542628599995,-0.00045997268570001186,1
33,1779936077114,-0.00406206171429,-0.033953542628599995,-0.00045997268570001186,1
34,1779936077117,-0.00345366171429,-0.0330721426286,0.0020204273142999263,2
35,1779936077119,-0.00345366171429,-0.0330721426286,0.0020204273142999263,2
36,1779936077121,-0.00345366171429,-0.0330721426286,0.0020204273142999263,2
37,1779936077124,-0.0003765617142900005,-0.0324715426286,-0.0005808726856999912,1
38,1779936077126,-0.0003765617142900005,-0.0324715426286,-0.0005808726856999912,1
39,1779936077128,-0.0003765617142900005,-0.0324715426286,-0.0005808726856999912,1
40,1779936077131,-0.0003765617142900005,-0.0324715426286,-0.002441172685700028,1
41,1779936077133,0.00289163828571,-0.0329317426286,-0.002441172685700028,2
42,1779936077136,0.00289163828571,-0.0329317426286,-0.002441172685700028,2
43,1779936077138,0.00289163828571,-0.0329317426286,-0.002441172685700028,2
44,1779936077140,0.0021428382857099993,-0.0343318426286,0.000507227314299934,2
45,1779936077143,0.0021428382857099993,-0.0343318426286,0.000507227314299934,2
46,1779936077145,0.0021428382857099993,-0.0343318426286,0.000507227314299934,2
47,1779936077147,0.002665438285709999,-0.033165742628599996,0.0007919273142999606,2
48,1779936077150,0.002665438285709999,-0.033165742628599996,0.0007919273142999606,2
49,1779936077152,0.002665438285709999,-0.033165742628599996,0.0007919273142999606,2
50,1779936077154,0.002665438285709999,-0.033165742628599996,0.0007919273142999606,2
51,1779936077157,0.00266933828571,-0.0320542426286,-0.00209797268570004,2
52,1779936077159,0.00266933828571,-0.0320542426286,-0.00209797268570004,2
53,1779936077162,0.00266933828571,-0.0320542426286,-0.00209797268570004,2
54,1779936077164,0.0010937382857099994,-0.0306580426286,-0.001247772685700017,1
55,1779936077166,0.0010937382857099994,-0.0306580426286,-0.001247772685700017,1
56,1779936077169,0.0010937382857099994,-0.0306580426286,-0.001247772685700017,1
57,1779936077171,0.0010937382857099994,-0.0306580426286,0.0011273273142999463,1
58,1779936077173,-0.0013593617142900003,-0.030521542628599997,0.0011273273142999463,1
59,1779936077176,-0.0013593617142900003,-0.030521542628599997,0.0011273273142999463,1
60,1779936077178,-0.0013593617142900003,-0.030521542628599997,0.0011273273142999463,1
61,1779936077180,-0.00043506171429,-0.031937242628599996,8.212731429997795e-05,1
62,1779936077183,-0.00043506171429,-0.031937242628599996,8.212731429997795e-05,1
63,1779936077185,-0.00043506171429,-0.031937242628599996,8.212731429997795e-05,1
64,1779936077187,0.0011210382857099995,-0.0337585426286,-0.0010956726857000287,1
65,1779936077190,0.0011210382857099995,-0.0337585426286,-0.0010956726857000287,1
66,1779936077192,0.0011210382857099995,-0.0337585426286,-0.0010956726857000287,1
67,1779936077195,0.0011210382857099995,-0.0337585426286,-0.0010956726857000287,1
68,1779936077197,0.0009494382857099994,-0.034530742628599995,-4.267268570005804e-05,1
69,1779936077199,0.0009494382857099994,-0.034530742628599995,-4.267268570005804e-05,1
70,1779936077202,0.0009494382857099994,-0.034530742628599995,-4.267268570005804e-05,1
71,1779936077204,0.0012692382857099997,-0.0344059426286,0.0008387273142999741,1
72,1779936077206,0.0012692382857099997,-0.0344059426286,0.0008387273142999741,1
73,1779936077209,0.0012692382857099997,-0.0344059426286,0.0008387273142999741,1
74,1779936077211,0.0012692382857099997,-0.0344059426286,-0.0008148726857000587,1
75,1779936077213,0.0020024382857100004,-0.0335752426286,-0.0008148726857000587,2
76,1779936077216,0.0020024382857100004,-0.0335752426286,-0.0008148726857000587,2
77,1779936077218,0.0020024382857100004,-0.0335752426286,-0.0008148726857000587,2
78,1779936077221,0.0011639382857099997,-0.0337468426286,-0.0014388726857000166,1
79,1779936077223,0.0011639382857099997,-0.0337468426286,-0.0014388726857000166,1
80,1779936077225,0.0011639382857099997,-0.0337468426286,-0.0014388726857000166,1
81,1779936077228,-0.00142176171429,-0.0308764426286,0.0007997273142999629,1
82,1779936077230,-0.00142176171429,-0.0308764426286,0.0007997273142999629,1
83,1779936077232,-0.00142176171429,-0.0308764426286,0.0007997273142999629,1
84,1779936077235,-0.00142176171429,-0.0308764426286,0.0007997273142999629,1
85,1779936077237,0.0008870382857099996,-0.0325963426286,0.0007490273143000038,1
86,1779936077240,0.0008870382857099996,-0.0325963426286,0.0007490273143000038,1
87,1779936077242,0.0008870382857099996,-0.0325963426286,0.0007490273143000038,1
88,1779936077244,0.0019478382857100003,-0.031547242628599995,-0.001434972685700071,2
89,1779936077247,0.0019478382857100003,-0.031547242628599995,-0.001434972685700071,2
90,1779936077249,0.0019478382857100003,-0.031547242628599995,-0.001434972685700071,2
91,1779936077252,0.001889338285709999,-0.0335479426286,-0.0018834726857000338,2
92,1779936077254,0.001889338285709999,-0.0335479426286,-0.0018834726857000338,2
93,1779936077258,0.001889338285709999,-0.0335479426286,-0.0018834726857000338,2
94,1779936077260,0.0002513382857100002,-0.0342538426286,0.0005033273142999884,1
95,1779936077263,0.0002513382857100002,-0.0342538426286,0.0005033273142999884,1
96,1779936077265,0.0002513382857100002,-0.0342538426286,0.0005033273142999884,1
97,1779936077267,0.0002513382857100002,-0.0331774426286,8.602731430003459e-05,1
98,1779936077270,0.0014525382857099997,-0.0331774426286,8.602731430003459e-05,1
99,1779936077272,0.0014525382857099997,-0.0331774426286,8.602731430003459e-05,1
100,1779936077275,0.0014525382857099997,-0.0331774426286,8.602731430003459e-05,1
101,1779936077277,-0.0005559617142900002,-0.0329863426286,-0.0011424726857000422,1
102,1779936077280,-0.0005559617142900002,-0.0329863426286,-0.0011424726857000422,1
103,1779936077282,-0.0005559617142900002,-0.0329863426286,-0.0011424726857000422,1
104,1779936077284,-0.0009966617142899998,-0.0323389426286,-0.00047167268570007075,1
105,1779936077287,-0.0009966617142899998,-0.0323389426286,-0.00047167268570007075,1
106,1779936077289,-0.0009966617142899998,-0.0323389426286,-0.00047167268570007075,1
107,1779936077291,-0.0009966617142899998,-0.0320035426286,0.0011234273143000007,1
108,1779936077294,0.00038003828571,-0.0320035426286,0.0011234273143000007,1
109,1779936077296,0.00038003828571,-0.0320035426286,0.0011234273143000007,1
110,1779936077298,0.00038003828571,-0.0320035426286,0.0011234273143000007,1
111,1779936077301,0.0018620382857099998,-0.0325495426286,-0.0001947726857000464,2
112,1779936077303,0.0018620382857099998,-0.0325495426286,-0.0001947726857000464,2
113,1779936077305,0.0018620382857099998,-0.0325495426286,-0.0001947726857000464,2
114,1779936077308,0.002010238285709999,-0.0326938426286,-0.001041072685700013,2
115,1779936077310,0.002010238285709999,-0.0326938426286,-0.001041072685700013,2
116,1779936077313,0.002010238285709999,-0.0326938426286,-0.001041072685700013,2
117,1779936077315,0.002010238285709999,-0.0326938426286,-0.001041072685700013,2
118,1779936077317,0.0029189382857099993,-0.033571342628599996,2.7527314299962205e-05,2
119,1779936077320,0.0029189382857099993,-0.033571342628599996,2.7527314299962205e-05,2
120,1779936077322,0.0029189382857099993,-0.033571342628599996,2.7527314299962205e-05,2
121,1779936077324,0.0011912382857099998,-0.0331930426286,0.0002654273142999753,1
122,1779936077327,0.0011912382857099998,-0.0331930426286,0.0002654273142999753,1
123,1779936077329,0.0011912382857099998,-0.0331930426286,0.0002654273142999753,1
124,1779936077332,0.0011912382857099998,-0.0327484426286,-0.0009552726856999882,1
0,1779936077343,-0.00016596171429000047,-0.0325846426286,-0.000323472685700028,1
1,1779936077375,0.0016553382857099992,-0.0331033426286,-0.0004872726856999642,1
2,1779936077411,0.0016553382857099992,-0.0331033426286,-0.0004872726856999642,1
3,1779936077434,0.0010703382857099996,-0.0322765426286,-0.0023982726857000713,1
4,1779936077436,-0.0017844617142899998,-0.034097842628599995,0.003759827314299984,2
5,1779936077439,-0.0017844617142899998,-0.034097842628599995,0.003759827314299984,2
6,1779936077441,-0.0017844617142899998,-0.034097842628599995,0.003759827314299984,2
7,1779936077444,-0.0017844617142899998,-0.034097842628599995,-0.0008850726856999679,1
8,1779936077446,0.0026576382857100003,-0.0333022426286,-0.0008850726856999679,2
9,1779936077448,0.0026576382857100003,-0.0333022426286,-0.0008850726856999679,2
10,1779936077451,0.0026576382857100003,-0.0333022426286,-0.0008850726856999679,2
11,1779936077453,0.0010313382857099996,-0.0317812426286,-0.003045672685700036,1
12,1779936077455,0.0010313382857099996,-0.0317812426286,-0.003045672685700036,1
13,1779936077458,0.0010313382857099996,-0.0317812426286,-0.003045672685700036,1
14,1779936077460,-0.0005091617142900006,-0.0347062426286,0.0021725273143000257,2
15,1779936077462,-0.0005091617142900006,-0.0347062426286,0.0021725273143000257,2
16,1779936077465,-0.0005091617142900006,-0.0347062426286,0.0021725273143000257,2
17,1779936077467,-0.0005091617142900006,-0.0347062426286,0.0021725273143000257,2
18,1779936077470,0.0039875382857100005,-0.030981742628599998,-0.0034863726856999965,2
19,1779936077472,0.0039875382857100005,-0.030981742628599998,-0.0034863726856999965,2
20,1779936077474,0.0039875382857100005,-0.030981742628599998,-0.0034863726856999965,2
21,1779936077477,-0.0017181617142900006,-0.032030842628599995,0.001150727314299953,1
22,1779936077479,-0.0017181617142900006,-0.032030842628599995,0.001150727314299953,1
23,1779936077481,-0.0017181617142900006,-0.032030842628599995,0.001150727314299953,1
24,1779936077484,-0.0017181617142900006,-0.032030842628599995,0.0026756273143000043,2
25,1779936077486,0.0003566382857100002,-0.0341524426286,0.0026756273143000043,2
26,1779936077488,0.0003566382857100002,-0.0341524426286,0.0026756273143000043,2
27,1779936077491,0.0003566382857100002,-0.0341524426286,0.0026756273143000043,2
28,1779936077493,0.004307338285709999,-0.0319762426286,-0.005494872685699965,2
29,1779936077496,0.004307338285709999,-0.0319762426286,-0.005494872685699965,2
30,1779936077498,0.004307338285709999,-0.0319762426286,-0.005494872685699965,2
31,1779936077500,-0.00235386171429,-0.0330682426286,0.0018605273142999357,2
32,1779936077503,-0.00235386171429,-0.0330682426286,0.0018605273142999357,2
33,1779936077505,-0.00235386171429,-0.0330682426286,0.0018605273142999357,2
34,1779936077507,-0.00235386171429,-0.0330682426286,0.0018605273142999357,2
35,1779936077510,0.00099623828571,-0.0333841426286,0.002753627314300027,2
36,1779936077512,0.00099623828571,-0.0333841426286,0.002753627314300027,2
37,1779936077514,0.00099623828571,-0.0333841426286,0.002753627314300027,2
38,1779936077517,0.00160073828571,-0.0315199426286,-0.004679772685700008,1
39,1779936077519,0.00160073828571,-0.0315199426286,-0.004679772685700008,1
40,1779936077522,0.00160073828571,-0.0315199426286,-0.004679772685700008,1
41,1779936077524,0.00160073828571,-0.0315199426286,0.0001835273143000072,1
42,1779936077526,-0.00046626171429000034,-0.0328264426286,0.0001835273143000072,1
43,1779936077529,-0.00046626171429000034,-0.0328264426286,0.0001835273143000072,1
44,1779936077531,-0.00046626171429000034,-0.0328264426286,0.0001835273143000072,1
45,1779936077533,0.0016397382857099999,-0.0327250426286,0.0017084273142999474,2
46,1779936077536,0.0016397382857099999,-0.0327250426286,0.0017084273142999474,2
47,1779936077538,0.0016397382857099999,-0.0327250426286,0.0017084273142999474,2
48,1779936077541,0.0013823382857099994,-0.0325261426286,-0.002129172685700049,1
49,1779936077543,0.0013823382857099994,-0.0325261426286,-0.002129172685700049,1
50,1779936077546,0.0013823382857099994,-0.0325261426286,-0.002129172685700049,1
51,1779936077548,0.0013823382857099994,-0.0337546426286,6.652731429997345e-05,1
52,1779936077550,0.0008168382857100002,-0.0337546426286,6.652731429997345e-05,1
53,1779936077553,0.0008168382857100002,-0.0337546426286,6.652731429997345e-05,1
54,1779936077555,0.0008168382857100002,-0.0337546426286,6.652731429997345e-05,1
55,1779936077557,0.0019478382857100003,-0.0331228426286,0.0003746273143000068,2
56,1779936077560,0.0019478382857100003,-0.0331228426286,0.0003746273143000068,2
57,1779936077562,0.0019478382857100003,-0.0331228426286,0.0003746273143000068,2
58,1779936077565,-9.966171429000043e-05,-0.0326704426286,-0.0007953726856999976,1
59,1779936077567,-9.966171429000043e-05,-0.0326704426286,-0.0007953726856999976,1
60,1779936077569,-9.966171429000043e-05,-0.0326704426286,-0.0007953726856999976,1
61,1779936077572,-9.966171429000043e-05,-0.0326704426286,-0.0007953726856999976,1
62,1779936077574,0.0001070382857100002,-0.0334465426286,0.00030442731429998655,1
63,1779936077576,0.0001070382857100002,-0.0334465426286,0.00030442731429998655,1
64,1779936077579,0.0001070382857100002,-0.0334465426286,0.00030442731429998655,1
65,1779936077581,0.0015266382857099994,-0.0335128426286,-0.00030007268570002125,1
66,1779936077583,0.0015266382857099994,-0.0335128426286,-0.00030007268570002125,1
67,1779936077586,0.0015266382857099994,-0.0335128426286,-0.00030007268570002125,1
68,1779936077588,0.0015266382857099994,-0.0322921426286,-0.0016026726857000639,1
69,1779936077590,0.0016124382857099998,-0.0322921426286,-0.0016026726857000639,1
70,1779936077593,0.0016124382857099998,-0.0322921426286,-0.0016026726857000639,1
71,1779936077595,0.0016124382857099998,-0.0322921426286,-0.0016026726857000639,1
72,1779936077598,-0.0003765617142900005,-0.0335869426286,0.0018137273143000333,2
73,1779936077600,-0.0003765617142900005,-0.0335869426286,0.0018137273143000333,2
74,1779936077603,-0.0003765617142900005,-0.0335869426286,0.0018137273143000333,2
75,1779936077605,0.00110153828571,-0.0329746426286,-0.0005301726857000321,1
76,1779936077607,0.00110153828571,-0.0329746426286,-0.0005301726857000321,1
77,1779936077610,0.00110153828571,-0.0329746426286,-0.0005301726857000321,1
78,1779936077612,0.00110153828571,-0.0329746426286,-0.0026790726857000412,1
79,1779936077614,0.0030398382857099995,-0.0330331426286,-0.0026790726857000412,2
80,1779936077617,0.0030398382857099995,-0.0330331426286,-0.0026790726857000412,2
81,1779936077619,0.0030398382857099995,-0.0330331426286,-0.0026790726857000412,2
82,1779936077621,0.0008597382857099996,-0.0318553426286,-0.0012087726857000058,1
83,1779936077624,0.0008597382857099996,-0.0318553426286,-0.0012087726857000058,1
84,1779936077626,0.0008597382857099996,-0.0318553426286,-0.0012087726857000058,1
85,1779936077628,0.0008597382857099996,-0.0330097426286,0.003280127314300012,2
86,1779936077631,-0.0018312617142900002,-0.0330097426286,0.003280127314300012,2
87,1779936077633,-0.0018312617142900002,-0.0330097426286,0.003280127314300012,2
88,1779936077636,-0.0018312617142900002,-0.0330097426286,0.003280127314300012,2
89,1779936077638,0.0014291382857099999,-0.0328654426286,-0.0013374726856999874,1
90,1779936077641,0.0014291382857099999,-0.0328654426286,-0.0013374726856999874,1
91,1779936077645,0.0014291382857099999,-0.0328654426286,-0.0013374726856999874,1
92,1779936077647,0.001889338285709999,-0.0323584426286,-0.0031665726857000153,2
93,1779936077649,0.001889338285709999,-0.0323584426286,-0.0031665726857000153,2
94,1779936077652,0.001889338285709999,-0.0323584426286,-0.0031665726857000153,2
95,1779936077654,-0.0006417617142899998,-0.033520642628599995,0.0023636273143000253,2
96,1779936077656,-0.0006417617142899998,-0.033520642628599995,0.0023636273143000253,2
97,1779936077659,-0.0006417617142899998,-0.033520642628599995,0.0023636273143000253,2
98,1779936077661,0.0009884382857099994,-0.0328732426286,0.0005423273142999997,1
99,1779936077664,0.0009884382857099994,-0.0328732426286,0.0005423273142999997,1
100,1779936077666,0.0009884382857099994,-0.0328732426286,0.0005423273142999997,1
101,1779936077668,0.0009884382857099994,-0.0330097426286,-0.0027492726857000615,1
102,1779936077671,0.0014681382857099998,-0.0330097426286,-0.0027492726857000615,1
103,1779936077673,0.0014681382857099998,-0.0330097426286,-0.0027492726857000615,1
104,1779936077675,0.0014681382857099998,-0.0330097426286,-0.0027492726857000615,1
105,1779936077678,0.0011444382857100002,-0.0329122426286,-0.00011287268569996727,1
106,1779936077680,0.0011444382857100002,-0.0329122426286,-0.00011287268569996727,1
107,1779936077683,0.0011444382857100002,-0.0329122426286,-0.00011287268569996727,1
108,1779936077685,0.0012419382857099997,-0.0327133426286,0.0004916273142999295,1
109,1779936077687,0.0012419382857099997,-0.0327133426286,0.0004916273142999295,1
110,1779936077690,0.0012419382857099997,-0.0327133426286,0.0004916273142999295,1
111,1779936077692,0.0012419382857099997,-0.0327133426286,0.0004916273142999295,1
112,1779936077694,0.0005126382857100001,-0.0327016426286,-0.0010137726857000606,1
113,1779936077697,0.0005126382857100001,-0.0327016426286,-0.0010137726857000606,1
114,1779936077699,0.0005126382857100001,-0.0327016426286,-0.0010137726857000606,1
115,1779936077702,0.00108983828571,-0.032799142628599995,-7.777268570001265e-05,1
116,1779936077704,0.00108983828571,-0.032799142628599995,-7.777268570001265e-05,1
117,1779936077706,0.00108983828571,-0.032799142628599995,-7.777268570001265e-05,1
118,1779936077709,0.00108983828571,-0.0330058426286,-0.0009513726857000426,1
119,1779936077711,0.0014408382857099998,-0.0330058426286,-0.0009513726857000426,1
120,1779936077713,0.0014408382857099998,-0.0330058426286,-0.0009513726857000426,1
121,1779936077716,0.0014408382857099998,-0.0330058426286,-0.0009513726857000426,1
122,1779936077718,-9.966171429000043e-05,-0.032803042628599996,-0.0005847726857000479,1
123,1779936077720,-9.966171429000043e-05,-0.032803042628599996,-0.0005847726857000479,1
124,1779936077723,-9.966171429000043e-05,-0.032803042628599996,-0.0005847726857000479,1
0,1779936077735,0.0013433382857099994,-0.0325807426286,-0.0007212726857000317,1
1,1779936077737,0.0013433382857099994,-0.0325807426286,-0.0007212726857000317,1
2,1779936077739,0.0013433382857099994,-0.0325807426286,-0.0007212726857000317,1
3,1779936077742,0.0005828382857099995,-0.0325885426286,-0.0002961726856999646,1
4,1779936077744,0.0005828382857099995,-0.0325885426286,-0.0002961726856999646,1
5,1779936077773,0.0010313382857099996,-0.0330721426286,0.0001406273142999393,1
6,1779936077775,0.0009494382857099994,-0.0330721426286,0.0001406273142999393,1
7,1779936077833,0.0014486382857099994,-0.0324208426286,-0.0013881726857000575,1
8,1779936077835,0.0014486382857099994,-0.0324208426286,-0.0013881726857000575,1
9,1779936077837,0.0003098382857099997,-0.0325729426286,0.00035122731430000005,1
10,1779936077840,0.0003098382857099997,-0.0325729426286,0.00035122731430000005,1
11,1779936077842,0.0003098382857099997,-0.0325729426286,0.00035122731430000005,1
12,1779936077845,0.0003098382857099997,-0.0325729426286,3.5327314299964455e-05,1
13,1779936077847,0.00130043828571,-0.0331462426286,3.5327314299964455e-05,1
14,1779936077849,0.00130043828571,-0.0331462426286,3.5327314299964455e-05,1
15,1779936077852,0.00130043828571,-0.0331462426286,3.5327314299964455e-05,1
16,1779936077854,0.0015968382857099997,-0.0325456426286,-0.0015129726856999825,1
17,1779936077856,0.0015968382857099997,-0.0325456426286,-0.0015129726856999825,1
18,1779936077859,0.0015968382857099997,-0.0325456426286,-0.0015129726856999825,1
19,1779936077861,7.583828570999988e-05,-0.032900542628599996,0.0004877273142999839,1
20,1779936077864,7.583828570999988e-05,-0.032900542628599996,0.0004877273142999839,1
21,1779936077866,7.583828570999988e-05,-0.032900542628599996,0.0004877273142999839,1
22,1779936077868,7.583828570999988e-05,-0.032900542628599996,0.0004877273142999839,1
23,1779936077871,0.0010547382857099994,-0.0329668426286,0.0001523273142999982,1
24,1779936077873,0.0010547382857099994,-0.0329668426286,0.0001523273142999982,1
25,1779936077876,0.0010547382857099994,-0.0329668426286,0.0001523273142999982,1
26,1779936077878,0.0013082382857099997,-0.0326470426286,-0.0011502726857000444,1
27,1779936077880,0.0013082382857099997,-0.0326470426286,-0.0011502726857000444,1
28,1779936077883,0.0013082382857099997,-0.0326470426286,-0.0011502726857000444,1
29,1779936077885,0.0013082382857099997,-0.032849842628599996,0.000600827314299961,1
30,1779936077887,-0.00010356171428999982,-0.032849842628599996,0.000600827314299961,1
31,1779936077890,-0.00010356171428999982,-0.032849842628599996,0.000600827314299961,1
32,1779936077892,-0.00010356171428999982,-0.032849842628599996,0.000600827314299961,1
33,1779936077895,0.0006725382857100002,-0.032994142628599996,0.00027322731429997756,1
34,1779936077897,0.0006725382857100002,-0.032994142628599996,0.00027322731429997756,1
35,1779936077899,0.0006725382857100002,-0.032994142628599996,0.00027322731429997756,1
36,1779936077902,0.0013979382857099995,-0.0325027426286,-0.0018522726857000248,1
37,1779936077904,0.0013979382857099995,-0.0325027426286,-0.0018522726857000248,1
38,1779936077906,0.0013979382857099995,-0.0325027426286,-0.0018522726857000248,1
39,1779936077909,0.0013979382857099995,-0.0325027426286,0.00041362731430001805,1
40,1779936077911,0.0003371382857099998,-0.0333256426286,0.00041362731430001805,1
41,1779936077913,0.0003371382857099998,-0.0333256426286,0.00041362731430001805,1
42,1779936077916,0.0003371382857099998,-0.0333256426286,0.00041362731430001805,1
43,1779936077918,0.0017333382857099991,-0.0329200426286,-0.0001635726857000374,2
44,1779936077921,0.0017333382857099991,-0.0329200426286,-0.0001635726857000374,2
45,1779936077923,0.0017333382857099991,-0.0329200426286,-0.0001635726857000374,2
46,1779936077925,0.0017333382857099991,-0.0331267426286,-0.00024937268570006214,2
47,1779936077928,0.00066863828571,-0.0331267426286,-0.00024937268570006214,1
48,1779936077930,0.00066863828571,-0.0331267426286,-0.00024937268570006214,1
49,1779936077932,0.00066863828571,-0.0331267426286,-0.00024937268570006214,1
50,1779936077935,0.00080123828571,-0.0329317426286,4.3127314299966704e-05,1
51,1779936077937,0.00080123828571,-0.0329317426286,4.3127314299966704e-05,1
52,1779936077939,0.00080123828571,-0.0329317426286,4.3127314299966704e-05,1
53,1779936077942,0.00101183828571,-0.032561242628599996,1.1927314299957706e-05,1
54,1779936077944,0.00101183828571,-0.032561242628599996,1.1927314299957706e-05,1
55,1779936077946,0.00101183828571,-0.032561242628599996,1.1927314299957706e-05,1
56,1779936077949,0.00101183828571,-0.032561242628599996,-0.0006822726857000205,1
57,1779936077951,0.0004619382857100002,-0.0325495426286,-0.0006822726857000205,1
58,1779936077954,0.0004619382857100002,-0.0325495426286,-0.0006822726857000205,1
59,1779936077956,0.0004619382857100002,-0.0325495426286,-0.0006822726857000205,1
60,1779936077958,0.00080123828571,-0.0326470426286,0.0002303273143000207,1
61,1779936077961,0.00080123828571,-0.0326470426286,0.0002303273143000207,1
62,1779936077963,0.00080123828571,-0.0326470426286,0.0002303273143000207,1
63,1779936077965,0.0007700382857099997,-0.032467642628599996,-0.00028447268570001676,1
64,1779936077968,0.0007700382857099997,-0.032467642628599996,-0.00028447268570001676,1
65,1779936077970,0.0007700382857099997,-0.032467642628599996,-0.00028447268570001676,1
66,1779936077973,0.0007700382857099997,-0.032467642628599996,-0.00028447268570001676,1
67,1779936077975,0.0006803382857099999,-0.0328264426286,-0.00030007268570002125,1
68,1779936077977,0.0006803382857099999,-0.0328264426286,-0.00030007268570002125,1
69,1779936077980,0.0006803382857099999,-0.0328264426286,-0.00030007268570002125,1
70,1779936077982,0.0010430382857099995,-0.0328849426286,-8.947268570007154e-05,1
71,1779936077984,0.0010430382857099995,-0.0328849426286,-8.947268570007154e-05,1
72,1779936077987,0.0010430382857099995,-0.0328849426286,-8.947268570007154e-05,1
73,1779936077989,0.0010430382857099995,-0.032752342628599995,-0.000198672685699992,1
74,1779936077992,0.0010469382857099998,-0.032752342628599995,-0.000198672685699992,1
75,1779936077994,0.0010469382857099998,-0.032752342628599995,-0.000198672685699992,1
76,1779936077996,0.0010469382857099998,-0.032752342628599995,-0.000198672685699992,1
77,1779936077999,0.0005087382857099998,-0.0331774426286,-8.167268570006929e-05,1
78,1779936078001,0.0005087382857099998,-0.0331774426286,-8.167268570006929e-05,1
79,1779936078003,0.0005087382857099998,-0.0331774426286,-8.167268570006929e-05,1
80,1779936078006,0.0012380382857099994,-0.032896642628599995,-0.00034687268570003475,1
81,1779936078008,0.0012380382857099994,-0.032896642628599995,-0.00034687268570003475,1
82,1779936078010,0.0012380382857099994,-0.032896642628599995,-0.00034687268570003475,1
83,1779936078013,0.0012380382857099994,-0.032896642628599995,-0.00034687268570003475,1
84,1779936078015,0.0005867382857099998,-0.0330175426286,4.702731430002334e-05,1
85,1779936078017,0.0005867382857099998,-0.0330175426286,4.702731430002334e-05,1
86,1779936078020,0.0005867382857099998,-0.0330175426286,4.702731430002334e-05,1
87,1779936078022,0.0006023382857099999,-0.032799142628599995,-0.00019087268569998976,1
88,1779936078025,0.0006023382857099999,-0.032799142628599995,-0.00019087268569998976,1
89,1779936078027,0.0006023382857099999,-0.032799142628599995,-0.00019087268569998976,1
90,1779936078029,0.0006023382857099999,-0.0331228426286,-0.00028057268570007114,1
91,1779936078032,0.0007271382857099995,-0.0331228426286,-0.00028057268570007114,1
92,1779936078034,0.0007271382857099995,-0.0331228426286,-0.00028057268570007114,1
93,1779936078036,0.0007271382857099995,-0.0331228426286,-0.00028057268570007114,1
94,1779936078039,0.0012965382857099998,-0.0326743426286,-0.0015675726856999982,1
95,1779936078041,0.0012965382857099998,-0.0326743426286,-0.0015675726856999982,1
96,1779936078043,0.0012965382857099998,-0.0326743426286,-0.0015675726856999982,1
97,1779936078046,0.00038783828570999965,-0.0329239426286,0.0003902273143000113,1
98,1779936078048,0.00038783828570999965,-0.0329239426286,0.0003902273143000113,1
99,1779936078051,0.00038783828570999965,-0.0329239426286,0.0003902273143000113,1
100,1779936078053,0.00038783828570999965,-0.0329239426286,-0.0002883726857000734,1
101,1779936078056,0.0012029382857099997,-0.0324832426286,-0.0002883726857000734,1
102,1779936078060,0.0012029382857099997,-0.0324832426286,-0.0002883726857000734,1
103,1779936078062,0.0013940382857100002,-0.0327328426286,-0.000198672685699992,1
104,1779936078064,0.0013940382857100002,-0.0327328426286,-0.000198672685699992,1
105,1779936078067,0.0013940382857100002,-0.0327328426286,-0.000198672685699992,1
106,1779936078069,0.0013940382857100002,-0.0327328426286,-0.000167472685699983,1
107,1779936078072,0.00059063828571,-0.0328732426286,-0.000167472685699983,1
108,1779936078074,0.00059063828571,-0.0328732426286,-0.000167472685699983,1
109,1779936078076,0.00059063828571,-0.0328732426286,-0.000167472685699983,1
110,1779936078079,0.00091823828571,-0.032943442628599995,-0.00042877268570000286,1
111,1779936078081,0.00091823828571,-0.032943442628599995,-0.00042877268570000286,1
112,1779936078083,0.00091823828571,-0.032943442628599995,-0.00042877268570000286,1
113,1779936078086,0.0006881382857099995,-0.0329083426286,-0.0011385726856999855,1
114,1779936078088,0.0006881382857099995,-0.0329083426286,-0.0011385726856999855,1
115,1779936078091,0.0006881382857099995,-0.0329083426286,-0.0011385726856999855,1
116,1779936078093,0.0006881382857099995,-0.0329083426286,-0.0011385726856999855,1
117,1779936078095,0.0008090382857099997,-0.0329512426286,-0.0004677726857000141,1
118,1779936078098,0.0008090382857099997,-0.0329512426286,-0.0004677726857000141,1
119,1779936078100,0.0008090382857099997,-0.0329512426286,-0.0004677726857000141,1
120,1779936078102,0.0006101382857099996,-0.0334660426286,-0.0001323726857000284,1
121,1779936078105,0.0006101382857099996,-0.0334660426286,-0.0001323726857000284,1
122,1779936078107,0.0006101382857099996,-0.0334660426286,-0.0001323726857000284,1
123,1779936078110,0.0006101382857099996,-0.0331345426286,-0.00031957268569997137,1
124,1779936078112,0.0009299382857099999,-0.0331345426286,-0.00031957268569997137,1
0,1779936078124,0.0008480382857099997,-0.0333451426286,0.00040192731429995916,1
1,1779936078126,0.0014330382857100001,-0.0325729426286,-0.0008148726857000587,1
2,1779936078129,0.0014330382857100001,-0.0325729426286,-0.0008148726857000587,1
3,1779936078131,0.0014330382857100001,-0.0325729426286,-0.0008148726857000587,1
4,1779936078133,0.0014330382857100001,-0.0325729426286,7.822731430003234e-05,1
5,1779936078136,0.0005516382857100001,-0.0326899426286,7.822731430003234e-05,1
6,1779936078138,0.0005516382857100001,-0.0326899426286,7.822731430003234e-05,1
7,1779936078140,0.0005516382857100001,-0.0326899426286,7.822731430003234e-05,1
8,1779936078169,0.0011093382857099996,-0.0324247426286,-0.0004833726857000186,1
9,1779936078172,0.0008714382857099995,-0.0330331426286,0.0003473273142999434,1
10,1779936078195,0.0008597382857099996,-0.0329902426286,-0.0006783726856999638,1
11,1779936078231,0.00094553828571,-0.0329044426286,-0.0004950726856999665,1
12,1779936078234,0.0010001382857100002,-0.0329044426286,-0.0004950726856999665,1
13,1779936078236,0.0010001382857100002,-0.0329044426286,-0.0004950726856999665,1
14,1779936078239,0.0007232382857100001,-0.0331228426286,0.0005813273143000109,1
15,1779936078241,0.0007232382857100001,-0.0331228426286,0.0005813273143000109,1
16,1779936078243,0.0007232382857100001,-0.0331228426286,0.0005813273143000109,1
17,1779936078246,0.0007232382857100001,-0.0324793426286,-0.0009162726856999769,1
18,1779936078248,0.0008168382857100002,-0.0324793426286,-0.0009162726856999769,1
19,1779936078251,0.0008168382857100002,-0.0324793426286,-0.0009162726856999769,1
20,1779936078253,0.0008168382857100002,-0.0324793426286,-0.0009162726856999769,1
21,1779936078255,0.0003683382857100001,-0.0328459426286,0.0004877273142999839,1
22,1779936078258,0.0003683382857100001,-0.0328459426286,0.0004877273142999839,1
23,1779936078260,0.0003683382857100001,-0.0328459426286,0.0004877273142999839,1
24,1779936078263,0.0005555382857099994,-0.0325573426286,0.0001991273143000117,1
25,1779936078265,0.0005555382857099994,-0.0325573426286,0.0001991273143000117,1
26,1779936078268,0.0005555382857099994,-0.0325573426286,0.0001991273143000117,1
27,1779936078270,0.0005555382857099994,-0.0328537426286,-0.00015577268570003515,1
28,1779936078272,0.0008324382857099995,-0.0328537426286,-0.00015577268570003515,1
29,1779936078275,0.0008324382857099995,-0.0328537426286,-0.00015577268570003515,1
30,1779936078277,0.0008324382857099995,-0.0328537426286,-0.00015577268570003515,1
31,1779936078279,0.0009533382857099997,-0.0327796426286,-0.0011931726857000013,1
32,1779936078282,0.0009533382857099997,-0.0327796426286,-0.0011931726857000013,1
33,1779936078284,0.0009533382857099997,-0.0327796426286,-0.0011931726857000013,1
34,1779936078286,0.0013082382857099997,-0.0331189426286,-7.387268570006704e-05,1
35,1779936078289,0.0013082382857099997,-0.0331189426286,-7.387268570006704e-05,1
36,1779936078291,0.0013082382857099997,-0.0331189426286,-7.387268570006704e-05,1
37,1779936078294,0.0013082382857099997,-0.0331189426286,-7.387268570006704e-05,1
38,1779936078296,0.0010976382857099997,-0.0328927426286,-0.0001830726856999875,1
39,1779936078298,0.0010976382857099997,-0.0328927426286,-0.0001830726856999875,1
40,1779936078301,0.0010976382857099997,-0.0328927426286,-0.0001830726856999875,1
41,1779936078303,0.0010352382857099999,-0.0331345426286,0.00021082731429995956,1
42,1779936078305,0.0010352382857099999,-0.0331345426286,0.00021082731429995956,1
43,1779936078308,0.0010352382857099999,-0.0331345426286,0.00021082731429995956,1
44,1779936078310,0.0010352382857099999,-0.0329083426286,-0.0006744726857000182,1
45,1779936078313,0.0007427382857099997,-0.0329083426286,-0.0006744726857000182,1
46,1779936078315,0.0007427382857099997,-0.0329083426286,-0.0006744726857000182,1
47,1779936078317,0.0007427382857099997,-0.0329083426286,-0.0006744726857000182,1
48,1779936078321,0.00073493828571,-0.0327172426286,-0.0005067726857000254,1
49,1779936078324,0.00073493828571,-0.0327172426286,-0.0005067726857000254,1
50,1779936078326,0.00073493828571,-0.0330955426286,0.0003590273143000023,1
51,1779936078329,0.00041123828570999946,-0.0330955426286,0.0003590273143000023,1
52,1779936078331,0.00041123828570999946,-0.0330955426286,0.0003590273143000023,1
53,1779936078333,0.00041123828570999946,-0.0330955426286,0.0003590273143000023,1
54,1779936078336,0.0009650382857099996,-0.032896642628599995,-0.0003273726856999736,1
55,1779936078338,0.0009650382857099996,-0.032896642628599995,-0.0003273726856999736,1
56,1779936078341,0.0009650382857099996,-0.032896642628599995,-0.0003273726856999736,1
57,1779936078343,0.0008714382857099995,-0.0332476426286,-0.0004950726856999665,1
58,1779936078345,0.0008714382857099995,-0.0332476426286,-0.0004950726856999665,1
59,1779936078348,0.0008714382857099995,-0.0332476426286,-0.0004950726856999665,1
60,1779936078350,0.0008714382857099995,-0.0332476426286,-0.0008265726857000066,1
61,1779936078352,0.0014759382857099995,-0.0326860426286,-0.0008265726857000066,1
62,1779936078355,0.0014759382857099995,-0.0326860426286,-0.0008265726857000066,1
63,1779936078357,0.0014759382857099995,-0.0326860426286,-0.0008265726857000066,1
64,1779936078359,0.0008714382857099995,-0.0331111426286,0.00017962731429995056,1
65,1779936078362,0.0008714382857099995,-0.0331111426286,0.00017962731429995056,1
66,1779936078364,0.0008714382857099995,-0.0331111426286,0.00017962731429995056,1
67,1779936078367,0.0010820382857099995,-0.0325183426286,-0.00036247268570003925,1
68,1779936078369,0.0010820382857099995,-0.0325183426286,-0.00036247268570003925,1
69,1779936078372,0.0010820382857099995,-0.0325183426286,-0.00036247268570003925,1
70,1779936078374,0.0010820382857099995,-0.0330721426286,0.00013282731429993706,1
71,1779936078378,0.0007271382857099995,-0.0330721426286,0.00013282731429993706,1
72,1779936078380,0.0007271382857099995,-0.0330721426286,0.00013282731429993706,1
73,1779936078383,0.0009377382857099995,-0.0326977426286,-0.0009630726856999904,1
74,1779936078385,0.0009377382857099995,-0.0326977426286,-0.0009630726856999904,1
75,1779936078388,0.0009377382857099995,-0.0326977426286,-0.0009630726856999904,1
76,1779936078390,0.0009377382857099995,-0.0326977426286,-0.0001518726856999785,1
77,1779936078392,0.00066863828571,-0.0332281426286,-0.0001518726856999785,1
78,1779936078395,0.00066863828571,-0.0332281426286,-0.0001518726856999785,1
79,1779936078397,0.00066863828571,-0.0332281426286,-0.0001518726856999785,1
80,1779936078399,0.0010196382857099997,-0.0329980426286,-8.167268570006929e-05,1
81,1779936078402,0.0010196382857099997,-0.0329980426286,-8.167268570006929e-05,1
82,1779936078404,0.0010196382857099997,-0.0329980426286,-8.167268570006929e-05,1
83,1779936078407,0.0010586382857099997,-0.0331540426286,-6.607268570006479e-05,1
84,1779936078409,0.0010586382857099997,-0.0331540426286,-6.607268570006479e-05,1
85,1779936078411,0.0010586382857099997,-0.0331540426286,-6.607268570006479e-05,1
86,1779936078414,0.0010586382857099997,-0.0331540426286,-6.607268570006479e-05,1
87,1779936078416,0.0008285382857100001,-0.0330058426286,-0.000604272685699998,1
88,1779936078418,0.0008285382857100001,-0.0330058426286,-0.000604272685699998,1
89,1779936078421,0.0008285382857100001,-0.0330058426286,-0.000604272685699998,1
90,1779936078423,0.0006257382857099997,-0.0328810426286,4.127314299955456e-06,1
91,1779936078426,0.0006257382857099997,-0.0328810426286,4.127314299955456e-06,1
92,1779936078428,0.0006257382857099997,-0.0328810426286,4.127314299955456e-06,1
93,1779936078431,0.0006452382857100002,-0.0327406426286,0.0001211273142999892,1
94,1779936078433,0.0006452382857100002,-0.0327406426286,0.0001211273142999892,1
95,1779936078436,0.0006452382857100002,-0.0327406426286,0.0001211273142999892,1
96,1779936078438,0.0006452382857100002,-0.0327406426286,0.0001211273142999892,1
97,1779936078440,0.00105083828571,-0.0322921426286,-4.267268570005804e-05,1
98,1779936078443,0.00105083828571,-0.0322921426286,-4.267268570005804e-05,1
99,1779936078445,0.00105083828571,-0.0322921426286,-4.267268570005804e-05,1
100,1779936078448,0.0007388382857099994,-0.032943442628599995,-0.00037807268570004375,1
101,1779936078450,0.0007388382857099994,-0.032943442628599995,-0.00037807268570004375,1
102,1779936078452,0.0007388382857099994,-0.032943442628599995,-0.00037807268570004375,1
103,1779936078455,0.0007388382857099994,-0.0325300426286,-0.0009942726856999994,1
104,1779936078457,0.0010313382857099996,-0.0325300426286,-0.0009942726856999994,1
105,1779936078461,0.0010313382857099996,-0.0325300426286,-0.0009942726856999994,1
106,1779936078463,0.0009767382857099995,-0.0333529426286,5.87273142999712e-05,1
107,1779936078466,0.0009767382857099995,-0.0333529426286,5.87273142999712e-05,1
108,1779936078468,0.0009767382857099995,-0.0333529426286,5.87273142999712e-05,1
109,1779936078470,0.0009767382857099995,-0.0333529426286,-0.000323472685700028,1
110,1779936078473,0.0008714382857099995,-0.0328537426286,-0.000323472685700028,1
111,1779936078475,0.0008714382857099995,-0.0328537426286,-0.000323472685700028,1
112,1779936078477,0.0008714382857099995,-0.0328537426286,-0.000323472685700028,1
113,1779936078480,0.00069593828571,-0.0333139426286,0.0003278273142999933,1
114,1779936078482,0.00069593828571,-0.0333139426286,0.0003278273142999933,1
115,1779936078485,0.00069593828571,-0.0333139426286,0.0003278273142999933,1
116,1779936078487,0.0005828382857099995,-0.0331267426286,-0.0005691726857000434,1
117,1779936078489,0.0005828382857099995,-0.0331267426286,-0.0005691726857000434,1
118,1779936078492,0.0005828382857099995,-0.0331267426286,-0.0005691726857000434,1
119,1779936078494,0.0005828382857099995,-0.0331267426286,-0.0005691726857000434,1
120,1779936078496,0.0006374382857099996,-0.0331501426286,-7.387268570006704e-05,1
121,1779936078499,0.0006374382857099996,-0.0331501426286,-7.387268570006704e-05,1
122,1779936078501,0.0006374382857099996,-0.0331501426286,-7.387268570006704e-05,1
123,1779936078504,0.0010352382857099999,-0.0326236426286,-0.0004872726856999642,1
124,1779936078506,0.0010352382857099999,-0.0326236426286,-0.0004872726856999642,1
0,1779936078520,0.0011132382857099998,-0.032561242628599996,-0.00034687268570003475,1
1,1779936078523,0.0011132382857099998,-0.032561242628599996,-0.00034687268570003475,1
2,1779936078525,0.0011132382857099998,-0.032561242628599996,-0.00034687268570003475,1
3,1779936078527,0.0010352382857099999,-0.0326470426286,-0.0002766726857000145,1
4,1779936078530,0.0010352382857099999,-0.0326470426286,-0.0002766726857000145,1
5,1779936078532,0.0010352382857099999,-0.0326470426286,-0.0002766726857000145,1
6,1779936078534,0.0010352382857099999,-0.0326470426286,-0.00042877268570000286,1
7,1779936078537,0.0005984382857099997,-0.0324949426286,-0.00042877268570000286,1
8,1779936078539,0.0005984382857099997,-0.0324949426286,-0.00042877268570000286,1
9,1779936078570,0.0007817382857099996,-0.0334465426286,-0.0001167726857000239,1
10,1779936078599,0.0007817382857099996,-0.0334465426286,-0.0001167726857000239,1
11,1779936078628,0.0011054382857100002,-0.0327874426286,-0.0007992726857000542,1
12,1779936078631,0.0011054382857100002,-0.0327874426286,-0.0007992726857000542,1
13,1779936078633,0.0007622382857100001,-0.0327328426286,-0.00028057268570007114,1
14,1779936078636,0.0007622382857100001,-0.0327328426286,-0.00028057268570007114,1
15,1779936078638,0.0007622382857100001,-0.0327328426286,-0.00028057268570007114,1
16,1779936078640,0.0002279382857099995,-0.0323389426286,-0.0008148726857000587,1
17,1779936078643,0.0002279382857099995,-0.0323389426286,-0.0008148726857000587,1
18,1779936078645,0.0002279382857099995,-0.0323389426286,-0.0008148726857000587,1
19,1779936078647,0.0002981382857099998,-0.0324949426286,-0.0004053726856999961,1
20,1779936078650,0.0002981382857099998,-0.0324949426286,-0.0004053726856999961,1
21,1779936078653,0.0002981382857099998,-0.0324949426286,-0.0004053726856999961,1
22,1779936078656,0.0006842382857100001,-0.0325690426286,-0.00036247268570003925,1
23,1779936078659,0.0006842382857100001,-0.0325690426286,-0.00036247268570003925,1
24,1779936078661,0.0006842382857100001,-0.0325690426286,-0.00036247268570003925,1
25,1779936078663,0.0007856382857099999,-0.0326002426286,-7.572685699992407e-06,1
26,1779936078666,0.0007856382857099999,-0.0326002426286,-7.572685699992407e-06,1
27,1779936078668,0.0007856382857099999,-0.0326002426286,-7.572685699992407e-06,1
28,1779936078670,0.0007856382857099999,-0.0326002426286,-7.572685699992407e-06,1
29,1779936078673,0.0013316382857099995,-0.0329044426286,-0.0002727726857000689,1
30,1779936078675,0.0013316382857099995,-0.0329044426286,-0.0002727726857000689,1
31,1779936078677,0.0013316382857099995,-0.0329044426286,-0.0002727726857000689,1
32,1779936078680,0.0013979382857099995,-0.0332203426286,-0.00026107268570001,1
33,1779936078682,0.0013979382857099995,-0.0332203426286,-0.00026107268570001,1
34,1779936078685,0.0013979382857099995,-0.0332203426286,-0.00026107268570001,1
35,1779936078687,0.0013979382857099995,-0.0332203426286,-0.0004872726856999642,1
36,1779936078689,0.0011912382857099998,-0.033087742628599995,-0.0004872726856999642,1
37,1779936078692,0.0011912382857099998,-0.033087742628599995,-0.0004872726856999642,1
38,1779936078694,0.0011912382857099998,-0.033087742628599995,-0.0004872726856999642,1
39,1779936078696,0.0009065382857100001,-0.0331306426286,-0.00035077268569998037,1
40,1779936078699,0.0009065382857100001,-0.0331306426286,-0.00035077268569998037,1
41,1779936078701,0.0009065382857100001,-0.0331306426286,-0.00035077268569998037,1
42,1779936078704,0.0004892382857099994,-0.0333568426286,-0.0002727726857000689,1
43,1779936078706,0.0004892382857099994,-0.0333568426286,-0.0002727726857000689,1
44,1779936078708,0.0004892382857099994,-0.0333568426286,-0.0002727726857000689,1
45,1779936078711,0.0004892382857099994,-0.0333568426286,-0.000292272685700019,1
46,1779936078713,0.0005594382857099997,-0.0332632426286,-0.000292272685700019,1
47,1779936078716,0.0005594382857099997,-0.0332632426286,-0.000292272685700019,1
48,1779936078718,0.0005594382857099997,-0.0332632426286,-0.000292272685700019,1
49,1779936078720,0.00094553828571,-0.0333022426286,-0.00014017268570003065,1
50,1779936078723,0.00094553828571,-0.0333022426286,-0.00014017268570003065,1
51,1779936078725,0.00094553828571,-0.0333022426286,-0.00014017268570003065,1
52,1779936078727,0.0005750382857099999,-0.0322453426286,-0.0008967726857000268,1
53,1779936078730,0.0005750382857099999,-0.0322453426286,-0.0008967726857000268,1
54,1779936078732,0.0005750382857099999,-0.0322453426286,-0.0008967726857000268,1
55,1779936078735,0.0005750382857099999,-0.0322453426286,-0.0008967726857000268,1
56,1779936078737,0.0006569382857100001,-0.0334114426286,0.0008309273142999719,1
57,1779936078739,0.0006569382857100001,-0.0334114426286,0.0008309273142999719,1
58,1779936078742,0.0006569382857100001,-0.0334114426286,0.0008309273142999719,1
59,1779936078744,0.0011756382857099996,-0.0318514426286,-0.0013218726856999829,1
60,1779936078746,0.0011756382857099996,-0.0318514426286,-0.0013218726856999829,1
61,1779936078749,0.0011756382857099996,-0.0318514426286,-0.0013218726856999829,1
62,1779936078751,0.0011756382857099996,-0.0322336426286,-0.000604272685699998,1
63,1779936078754,0.0005516382857100001,-0.0322336426286,-0.000604272685699998,1
64,1779936078756,0.0005516382857100001,-0.0322336426286,-0.000604272685699998,1
65,1779936078758,0.0005516382857100001,-0.0322336426286,-0.000604272685699998,1
66,1779936078761,0.0008519382857099999,-0.0325378426286,0.0012404273143000345,1
67,1779936078763,0.0008519382857099999,-0.0325378426286,0.0012404273143000345,1
68,1779936078765,0.0008519382857099999,-0.0325378426286,0.0012404273143000345,1
69,1779936078768,0.00249383828571,-0.0328888426286,-0.0009708726856999927,2
70,1779936078770,0.00249383828571,-0.0328888426286,-0.0009708726856999927,2
71,1779936078772,0.00249383828571,-0.0328888426286,-0.0009708726856999927,2
72,1779936078775,0.00249383828571,-0.0328888426286,-0.0009708726856999927,2
73,1779936078777,0.00017723828570999963,-0.0333607426286,-0.0010176726857000062,1
74,1779936078780,0.00017723828570999963,-0.0333607426286,-0.0010176726857000062,1
75,1779936078782,0.00017723828570999963,-0.0333607426286,-0.0010176726857000062,1
76,1779936078784,-0.0011136617142900006,-0.0333685426286,0.0016577273142999883,1
77,1779936078787,-0.0011136617142900006,-0.0333685426286,0.0016577273142999883,1
78,1779936078789,-0.0011136617142900006,-0.0333685426286,0.0016577273142999883,1
79,1779936078791,-0.0011136617142900006,-0.0330604426286,-0.0008967726857000268,1
80,1779936078794,0.0009416382857099998,-0.0330604426286,-0.0008967726857000268,1
81,1779936078796,0.0009416382857099998,-0.0330604426286,-0.0008967726857000268,1
82,1779936078799,0.0009416382857099998,-0.0330604426286,-0.0008967726857000268,1
83,1779936078801,0.00141743828571,-0.0335752426286,-0.0011151726856999788,1
84,1779936078804,0.00141743828571,-0.0335752426286,-0.0011151726856999788,1
85,1779936078806,0.00141743828571,-0.0335752426286,-0.0011151726856999788,1
86,1779936078808,0.0009377382857099995,-0.0330955426286,0.00017962731429995056,1
87,1779936078811,0.0009377382857099995,-0.0330955426286,0.00017962731429995056,1
88,1779936078813,0.0009377382857099995,-0.0330955426286,0.00017962731429995056,1
89,1779936078815,0.0009377382857099995,-0.0337858426286,0.00041362731430001805,1
90,1779936078818,0.00115613828571,-0.0337858426286,0.00041362731430001805,1
91,1779936078820,0.00115613828571,-0.0337858426286,0.00041362731430001805,1
92,1779936078823,0.00115613828571,-0.0337858426286,0.00041362731430001805,1
93,1779936078825,0.00080123828571,-0.0328147426286,-0.0012009726857000035,1
94,1779936078827,0.00080123828571,-0.0328147426286,-0.0012009726857000035,1
95,1779936078830,0.00080123828571,-0.0328147426286,-0.0012009726857000035,1
96,1779936078832,0.00212723828571,-0.033766342628599996,-0.0004053726856999961,2
97,1779936078834,0.00212723828571,-0.033766342628599996,-0.0004053726856999961,2
98,1779936078837,0.00212723828571,-0.033766342628599996,-0.0004053726856999961,2
99,1779936078839,0.00212723828571,-0.033766342628599996,-0.0004053726856999961,2
100,1779936078841,0.0003917382857099999,-0.0317227426286,-0.00037807268570004375,1
101,1779936078844,0.0003917382857099999,-0.0317227426286,-0.00037807268570004375,1
102,1779936078846,0.0003917382857099999,-0.0317227426286,-0.00037807268570004375,1
103,1779936078849,-0.0003063617142900002,-0.0328420426286,0.0011858273143000187,1
104,1779936078851,-0.0003063617142900002,-0.0328420426286,0.0011858273143000187,1
105,1779936078853,-0.0003063617142900002,-0.0328420426286,0.0011858273143000187,1
106,1779936078856,-0.0003063617142900002,-0.031746142628599996,-0.0004365726857000051,1
107,1779936078858,0.001811338285709999,-0.031746142628599996,-0.0004365726857000051,2
108,1779936078860,0.001811338285709999,-0.031746142628599996,-0.0004365726857000051,2
109,1779936078863,0.001811338285709999,-0.031746142628599996,-0.0004365726857000051,2
110,1779936078865,0.0012653382857099995,-0.0324949426286,-0.0020745726857000334,1
111,1779936078867,0.0012653382857099995,-0.0324949426286,-0.0020745726857000334,1
112,1779936078870,0.0012653382857099995,-0.0324949426286,-0.0020745726857000334,1
113,1779936078872,-0.00057936171429,-0.033189142628599996,0.0010415273143000326,1
114,1779936078875,-0.00057936171429,-0.033189142628599996,0.0010415273143000326,1
115,1779936078877,-0.00057936171429,-0.033189142628599996,0.0010415273143000326,1
116,1779936078879,-0.00057936171429,-0.033189142628599996,0.00013282731429993706,1
117,1779936078882,0.0014213382857099994,-0.0326665426286,0.00013282731429993706,1
118,1779936078884,0.0014213382857099994,-0.0326665426286,0.00013282731429993706,1
119,1779936078887,0.0014213382857099994,-0.0326665426286,0.00013282731429993706,1
120,1779936078889,0.0015149382857099995,-0.0324208426286,-0.0020550726856999723,1
121,1779936078892,0.0015149382857099995,-0.0324208426286,-0.0020550726856999723,1
122,1779936078894,0.0015149382857099995,-0.0324208426286,-0.0020550726856999723,1
123,1779936078896,0.0010781382857100001,-0.0327406426286,-0.0006939726856999683,1
124,1779936078899,0.0010781382857100001,-0.0327406426286,-0.0006939726856999683,1
0,1779936078911,0.00039563828571000017,-0.032900542628599996,0.0010805273142999328,1
1,1779936078913,0.0007193382857099999,-0.0329590426286,-0.000510672685699971,1
2,1779936078916,0.0007193382857099999,-0.0329590426286,-0.000510672685699971,1
3,1779936078918,0.0007193382857099999,-0.0329590426286,-0.000510672685699971,1
4,1779936078921,0.0013043382857099994,-0.0335557426286,-4.267268570005804e-05,1
5,1779936078923,0.0013043382857099994,-0.0335557426286,-4.267268570005804e-05,1
6,1779936078925,0.0013043382857099994,-0.0335557426286,-4.267268570005804e-05,1
7,1779936078928,0.0013043382857099994,-0.0335557426286,-0.0011190726857000354,1
8,1779936078930,0.0010313382857099996,-0.0332047426286,-0.0011190726857000354,1
9,1779936078932,0.0010313382857099996,-0.0332047426286,-0.0011190726857000354,1
10,1779936078935,0.0010313382857099996,-0.0332047426286,-0.0011190726857000354,1
11,1779936078967,0.0005321382857099996,-0.033021442628599997,-0.0006237726857000591,1
12,1779936078984,0.0008324382857099995,-0.0331150426286,0.0008231273142999696,1
13,1779936079019,0.00042293828570999937,-0.0321829426286,-0.0007680726857000452,1
14,1779936079027,0.0007895382857100001,-0.033668842628599996,0.0006398273142999723,1
15,1779936079030,0.0007895382857100001,-0.033668842628599996,0.0006398273142999723,1
16,1779936079033,0.00059063828571,-0.0331228426286,-0.0010254726857000084,1
17,1779936079035,0.00059063828571,-0.0331228426286,-0.0010254726857000084,1
18,1779936079038,0.00059063828571,-0.0331228426286,-0.0010254726857000084,1
19,1779936079040,0.00059063828571,-0.0336844426286,0.00021082731429995956,1
20,1779936079043,0.00048533828571,-0.0336844426286,0.00021082731429995956,1
21,1779936079045,0.00048533828571,-0.0336844426286,0.00021082731429995956,1
22,1779936079047,0.00048533828571,-0.0336844426286,0.00021082731429995956,1
23,1779936079050,0.0007271382857099995,-0.0330994426286,-0.00019087268569998976,1
24,1779936079052,0.0007271382857099995,-0.0330994426286,-0.00019087268569998976,1
25,1779936079054,0.0007271382857099995,-0.0330994426286,-0.00019087268569998976,1
26,1779936079057,0.0005555382857099994,-0.033021442628599997,-0.00012847268569997176,1
27,1779936079059,0.0005555382857099994,-0.033021442628599997,-0.00012847268569997176,1
28,1779936079062,0.0005555382857099994,-0.033021442628599997,-0.00012847268569997176,1
29,1779936079064,0.0005555382857099994,-0.033021442628599997,0.00012502731429993481,1
30,1779936079066,0.0007661382857099995,-0.0335596426286,0.00012502731429993481,1
31,1779936079069,0.0007661382857099995,-0.0335596426286,0.00012502731429993481,1
32,1779936079071,0.0007661382857099995,-0.0335596426286,0.00012502731429993481,1
33,1779936079074,0.0019790382857100006,-0.0337468426286,-0.0009630726856999904,2
34,1779936079076,0.0019790382857100006,-0.0337468426286,-0.0009630726856999904,2
35,1779936079078,0.0019790382857100006,-0.0337468426286,-0.0009630726856999904,2
36,1779936079081,0.0009494382857099994,-0.0332047426286,-0.0001635726857000374,1
37,1779936079083,0.0009494382857099994,-0.0332047426286,-0.0001635726857000374,1
38,1779936079086,0.0009494382857099994,-0.0332047426286,-0.0001635726857000374,1
39,1779936079088,0.0009494382857099994,-0.0332047426286,0.0004409273142999704,1
40,1779936079090,0.00102353828571,-0.0332476426286,0.0004409273142999704,1
41,1779936079093,0.00102353828571,-0.0332476426286,0.0004409273142999704,1
42,1779936079095,0.00102353828571,-0.0332476426286,0.0004409273142999704,1
43,1779936079097,0.0006881382857099995,-0.0322999426286,-0.0008889726857000246,1
44,1779936079100,0.0006881382857099995,-0.0322999426286,-0.0008889726857000246,1
45,1779936079102,0.0006881382857099995,-0.0322999426286,-0.0008889726857000246,1
46,1779936079104,6.803828571000023e-05,-0.0323896426286,-0.0007095726856999728,1
47,1779936079107,6.803828571000023e-05,-0.0323896426286,-0.0007095726856999728,1
48,1779936079109,6.803828571000023e-05,-0.0323896426286,-0.0007095726856999728,1
49,1779936079112,6.803828571000023e-05,-0.0323896426286,-0.0007095726856999728,1
50,1779936079114,-0.0002868617142899998,-0.031742242628599995,0.00040192731429995916,1
51,1779936079116,-0.0002868617142899998,-0.031742242628599995,0.00040192731429995916,1
52,1779936079119,-0.0002868617142899998,-0.031742242628599995,0.00040192731429995916,1
53,1779936079121,0.0012536382857099996,-0.0318631426286,-0.0008460726857000677,1
54,1779936079123,0.0012536382857099996,-0.0318631426286,-0.0008460726857000677,1
55,1779936079126,0.0012536382857099996,-0.0318631426286,-0.0008460726857000677,1
56,1779936079128,0.0012536382857099996,-0.0318631426286,-0.000510672685699971,1
57,1779936079130,0.0011444382857100002,-0.0320464426286,-0.000510672685699971,1
58,1779936079133,0.0011444382857100002,-0.0320464426286,-0.000510672685699971,1
59,1779936079135,0.0011444382857100002,-0.0320464426286,-0.000510672685699971,1
60,1779936079138,0.0018035382857100003,-0.0324013426286,2.7527314299962205e-05,2
61,1779936079140,0.0018035382857100003,-0.0324013426286,2.7527314299962205e-05,2
62,1779936079142,0.0018035382857100003,-0.0324013426286,2.7527314299962205e-05,2
63,1779936079145,0.0015734382857099998,-0.032416942628599996,-0.000448272685700064,1
64,1779936079147,0.0015734382857099998,-0.032416942628599996,-0.000448272685700064,1
65,1779936079149,0.0015734382857099998,-0.032416942628599996,-0.000448272685700064,1
66,1779936079152,0.0015734382857099998,-0.032416942628599996,-0.000448272685700064,1
67,1779936079154,0.0011912382857099998,-0.033091642628599996,-0.0005574726856999845,1
68,1779936079156,0.0011912382857099998,-0.033091642628599996,-0.0005574726856999845,1
69,1779936079159,0.0011912382857099998,-0.033091642628599996,-0.0005574726856999845,1
70,1779936079161,0.0005672382857100002,-0.033571342628599996,0.0001679273143000027,1
71,1779936079164,0.0005672382857100002,-0.033571342628599996,0.0001679273143000027,1
72,1779936079166,0.0005672382857100002,-0.033571342628599996,0.0001679273143000027,1
73,1779936079169,0.0005672382857100002,-0.033524542628599996,-0.00054187268569998,1
74,1779936079171,-7.236171429000036e-05,-0.033524542628599996,-0.00054187268569998,1
75,1779936079173,-7.236171429000036e-05,-0.033524542628599996,-0.00054187268569998,1
76,1779936079176,-7.236171429000036e-05,-0.033524542628599996,-0.00054187268569998,1
77,1779936079178,-7.626171429000062e-05,-0.0341602426286,-0.00044437268570000736,1
78,1779936079180,-7.626171429000062e-05,-0.0341602426286,-0.00044437268570000736,1
79,1779936079183,-7.626171429000062e-05,-0.0341602426286,-0.00044437268570000736,1
80,1779936079185,0.0003176382857100002,-0.0340666426286,4.3127314299966704e-05,1
81,1779936079187,0.0003176382857100002,-0.0340666426286,4.3127314299966704e-05,1
82,1779936079190,0.0003176382857100002,-0.0340666426286,4.3127314299966704e-05,1
83,1779936079192,0.0003176382857100002,-0.0340666426286,-0.0005301726857000321,1
84,1779936079195,0.0013628382857099998,-0.0339847426286,-0.0005301726857000321,1
85,1779936079197,0.0013628382857099998,-0.0339847426286,-0.0005301726857000321,1
86,1779936079199,0.0013628382857099998,-0.0339847426286,-0.0005301726857000321,1
87,1779936079202,0.0006257382857099997,-0.033329542628599995,-8.55726857000149e-05,1
88,1779936079204,0.0006257382857099997,-0.033329542628599995,-8.55726857000149e-05,1
89,1779936079206,0.0006257382857099997,-0.033329542628599995,-8.55726857000149e-05,1
90,1779936079209,0.0013823382857099994,-0.0326275426286,-0.00024937268570006214,1
91,1779936079211,0.0013823382857099994,-0.0326275426286,-0.00024937268570006214,1
92,1779936079213,0.0013823382857099994,-0.0326275426286,-0.00024937268570006214,1
93,1779936079216,0.0013823382857099994,-0.0326275426286,-0.00024937268570006214,1
94,1779936079218,0.00105083828571,-0.0317812426286,2.2731430000984265e-07,1
95,1779936079221,0.00105083828571,-0.0317812426286,2.2731430000984265e-07,1
96,1779936079223,0.00105083828571,-0.0317812426286,2.2731430000984265e-07,1
97,1779936079225,0.0009923382857099997,-0.0314497426286,-0.00085387268570007,1
98,1779936079228,0.0009923382857099997,-0.0314497426286,-0.00085387268570007,1
99,1779936079230,0.0009923382857099997,-0.0314497426286,-0.00085387268570007,1
100,1779936079232,0.0009923382857099997,-0.0314497426286,-0.000229872685700001,1
101,1779936079235,0.0011639382857099997,-0.0317617426286,-0.000229872685700001,1
102,1779936079237,0.0011639382857099997,-0.0317617426286,-0.000229872685700001,1
103,1779936079240,0.0011639382857099997,-0.0317617426286,-0.000229872685700001,1
104,1779936079242,0.0010742382857099999,-0.0319450426286,-0.00041317268569999836,1
105,1779936079244,0.0010742382857099999,-0.0319450426286,-0.00041317268569999836,1
106,1779936079247,0.0010742382857099999,-0.0319450426286,-0.00041317268569999836,1
107,1779936079249,0.0005438382857099995,-0.033040942628599995,7.042731430003009e-05,1
108,1779936079252,0.0005438382857099995,-0.033040942628599995,7.042731430003009e-05,1
109,1779936079255,0.0005438382857099995,-0.033040942628599995,7.042731430003009e-05,1
110,1779936079257,0.0010859382857099998,-0.0329629426286,-0.0006003726857000524,1
111,1779936079260,0.0010859382857099998,-0.0329629426286,-0.0006003726857000524,1
112,1779936079264,0.0010859382857099998,-0.0329629426286,-0.0006003726857000524,1
113,1779936079266,0.00043853828570999953,-0.0337273426286,-0.00020647268569999426,1
114,1779936079269,0.00043853828570999953,-0.0337273426286,-0.00020647268569999426,1
115,1779936079271,0.00043853828570999953,-0.0337273426286,-0.00020647268569999426,1
116,1779936079273,0.0003215382857099996,-0.0335557426286,-0.00042877268570000286,1
117,1779936079276,0.0003215382857099996,-0.0335557426286,-0.00042877268570000286,1
118,1779936079278,0.0003215382857099996,-0.0335557426286,-0.00042877268570000286,1
119,1779936079280,0.0003215382857099996,-0.0335557426286,-3.0972685699999156e-05,1
120,1779936079283,0.0007700382857099997,-0.0336532426286,-3.0972685699999156e-05,1
121,1779936079285,0.0007700382857099997,-0.0336532426286,-3.0972685699999156e-05,1
122,1779936079287,0.0007700382857099997,-0.0336532426286,-3.0972685699999156e-05,1
123,1779936079290,0.0013745382857099997,-0.0333412426286,-0.0008928726856999702,1
124,1779936079292,0.0013745382857099997,-0.0333412426286,-0.0008928726856999702,1
0,1779936079304,0.0010196382857099997,-0.033091642628599996,-0.00020647268569999426,1
1,1779936079307,0.00126143828571,-0.0331540426286,4.127314299955456e-06,1
2,1779936079309,0.00126143828571,-0.0331540426286,4.127314299955456e-06,1
3,1779936079311,0.00126143828571,-0.0331540426286,4.127314299955456e-06,1
4,1779936079314,0.00152273828571,-0.0327250426286,-0.0011190726857000354,1
5,1779936079316,0.00152273828571,-0.0327250426286,-0.0011190726857000354,1
6,1779936079318,0.00152273828571,-0.0327250426286,-0.0011190726857000354,1
7,1779936079321,0.00152273828571,-0.0323974426286,0.00016402731429994606,1
8,1779936079323,0.00056333828571,-0.0323974426286,0.00016402731429994606,1
9,1779936079325,0.00056333828571,-0.0323974426286,0.00016402731429994606,1
10,1779936079328,0.00056333828571,-0.0323974426286,0.00016402731429994606,1
11,1779936079330,0.0005594382857099997,-0.0323428426286,-0.0001830726856999875,1
12,1779936079333,0.0005594382857099997,-0.0323428426286,-0.0001830726856999875,1
13,1779936079363,0.00042293828570999937,-0.0345229426286,-2.3172685699996906e-05,1
14,1779936079421,0.00042293828570999937,-0.0345229426286,-2.3172685699996906e-05,1
15,1779936079424,0.00158903828571,-0.0308413426286,0.0005306273142999408,1
16,1779936079426,0.0014408382857099998,-0.0322765426286,0.0007412273143000015,1
17,1779936079428,0.0014408382857099998,-0.0322765426286,0.0007412273143000015,1
18,1779936079431,0.0014408382857099998,-0.0322765426286,0.0007412273143000015,1
19,1779936079433,0.0014408382857099998,-0.0307477426286,-0.0012633726857000215,1
20,1779936079435,0.00062963828571,-0.0307477426286,-0.0012633726857000215,1
21,1779936079438,0.00062963828571,-0.0307477426286,-0.0012633726857000215,1
22,1779936079440,0.00062963828571,-0.0307477426286,-0.0012633726857000215,1
23,1779936079442,5.63828570999958e-06,-0.0327445426286,-0.00038197268569998936,1
24,1779936079445,5.63828570999958e-06,-0.0327445426286,-0.00038197268569998936,1
25,1779936079447,5.63828570999958e-06,-0.0327445426286,-0.00038197268569998936,1
26,1779936079450,-0.00015426171429000057,-0.033329542628599995,-0.0006315726857000614,1
27,1779936079452,-0.00015426171429000057,-0.033329542628599995,-0.0006315726857000614,1
28,1779936079454,-0.00015426171429000057,-0.033329542628599995,-0.0006315726857000614,1
29,1779936079457,-0.00015426171429000057,-0.033329542628599995,-0.0006315726857000614,1
30,1779936079459,0.0002513382857100002,-0.0343669426286,-0.00026107268570001,1
31,1779936079461,0.0002513382857100002,-0.0343669426286,-0.00026107268570001,1
32,1779936079464,0.0002513382857100002,-0.0343669426286,-0.00026107268570001,1
33,1779936079466,0.0013940382857100002,-0.0344410426286,-0.00013627268569997401,1
34,1779936079468,0.0013940382857100002,-0.0344410426286,-0.00013627268569997401,1
35,1779936079471,0.0013940382857100002,-0.0344410426286,-0.00013627268569997401,1
36,1779936079473,0.0013940382857100002,-0.0347647426286,3.142731430001884e-05,1
37,1779936079475,0.0017957382857099998,-0.0347647426286,3.142731430001884e-05,2
38,1779936079478,0.0017957382857099998,-0.0347647426286,3.142731430001884e-05,2
39,1779936079480,0.0017957382857099998,-0.0347647426286,3.142731430001884e-05,2
40,1779936079483,0.00148373828571,-0.0336805426286,-0.0007563726856999863,1
41,1779936079485,0.00148373828571,-0.0336805426286,-0.0007563726856999863,1
42,1779936079487,0.00148373828571,-0.0336805426286,-0.0007563726856999863,1
43,1779936079490,0.0010586382857099997,-0.0337585426286,0.0005579273143000042,1
44,1779936079492,0.0010586382857099997,-0.0337585426286,0.0005579273143000042,1
45,1779936079494,0.0010586382857099997,-0.0337585426286,0.0005579273143000042,1
46,1779936079497,0.0010586382857099997,-0.0337585426286,0.0005579273143000042,1
47,1779936079499,-0.00019716171428999993,-0.0321361426286,1.5827314300014342e-05,1
48,1779936079501,-0.00019716171428999993,-0.0321361426286,1.5827314300014342e-05,1
49,1779936079504,-0.00019716171428999993,-0.0321361426286,1.5827314300014342e-05,1
50,1779936079506,9.533828570999943e-05,-0.032077642628599995,0.00024202731429996856,1
51,1779936079509,9.533828570999943e-05,-0.032077642628599995,0.00024202731429996856,1
52,1779936079511,9.533828570999943e-05,-0.032077642628599995,0.00024202731429996856,1
53,1779936079513,9.533828570999943e-05,-0.031258642628599995,-0.0009084726856999747,1
54,1779936079516,0.0005087382857099998,-0.031258642628599995,-0.0009084726856999747,1
55,1779936079518,0.0005087382857099998,-0.031258642628599995,-0.0009084726856999747,1
56,1779936079520,0.0005087382857099998,-0.031258642628599995,-0.0009084726856999747,1
57,1779936079523,0.0008207382857099996,-0.0315433426286,-0.0006432726857000092,1
58,1779936079525,0.0008207382857099996,-0.0315433426286,-0.0006432726857000092,1
59,1779936079527,0.0008207382857099996,-0.0315433426286,-0.0006432726857000092,1
60,1779936079530,0.0011756382857099996,-0.032561242628599996,-0.0001011726857000194,1
61,1779936079532,0.0011756382857099996,-0.032561242628599996,-0.0001011726857000194,1
62,1779936079534,0.0011756382857099996,-0.032561242628599996,-0.0001011726857000194,1
63,1779936079537,0.0011756382857099996,-0.032561242628599996,-0.0001011726857000194,1
64,1779936079539,0.0022871382857099993,-0.0325807426286,-0.0011775726856999968,2
65,1779936079542,0.0022871382857099993,-0.0325807426286,-0.0011775726856999968,2
66,1779936079544,0.0022871382857099993,-0.0325807426286,-0.0011775726856999968,2
67,1779936079546,0.00152273828571,-0.0328537426286,-0.0006783726856999638,1
68,1779936079549,0.00152273828571,-0.0328537426286,-0.0006783726856999638,1
69,1779936079551,0.00152273828571,-0.0328537426286,-0.0006783726856999638,1
70,1779936079553,0.00152273828571,-0.033333442628599996,0.0010454273142999782,1
71,1779936079556,0.00043853828570999953,-0.033333442628599996,0.0010454273142999782,1
72,1779936079558,0.00043853828570999953,-0.033333442628599996,0.0010454273142999782,1
73,1779936079560,0.00043853828570999953,-0.033333442628599996,0.0010454273142999782,1
74,1779936079563,7.193828570999962e-05,-0.0332710426286,0.00029272731429992767,1
75,1779936079565,7.193828570999962e-05,-0.0332710426286,0.00029272731429992767,1
76,1779936079567,7.193828570999962e-05,-0.0332710426286,0.00029272731429992767,1
77,1779936079570,0.0011327382857099994,-0.0337507426286,-0.0012828726856999716,1
78,1779936079572,0.0011327382857099994,-0.0337507426286,-0.0012828726856999716,1
79,1779936079575,0.0011327382857099994,-0.0337507426286,-0.0012828726856999716,1
80,1779936079577,0.0011327382857099994,-0.0337507426286,-0.0012828726856999716,1
81,1779936079579,0.0008480382857099997,-0.0340081426286,-0.0002883726857000734,1
82,1779936079582,0.0008480382857099997,-0.0340081426286,-0.0002883726857000734,1
83,1779936079584,0.0008480382857099997,-0.0340081426286,-0.0002883726857000734,1
84,1779936079586,0.0008558382857100002,-0.0343162426286,-3.487268570005579e-05,1
85,1779936079589,0.0008558382857100002,-0.0343162426286,-3.487268570005579e-05,1
86,1779936079591,0.0008558382857100002,-0.0343162426286,-3.487268570005579e-05,1
87,1779936079593,0.0008558382857100002,-0.0338248426286,-9.727268570007379e-05,1
88,1779936079596,0.00105083828571,-0.0338248426286,-9.727268570007379e-05,1
89,1779936079598,0.00105083828571,-0.0338248426286,-9.727268570007379e-05,1
90,1779936079600,0.00105083828571,-0.0338248426286,-9.727268570007379e-05,1
91,1779936079603,0.0011834382857100001,-0.0328342426286,-0.0007680726857000452,1
92,1779936079605,0.0011834382857100001,-0.0328342426286,-0.0007680726857000452,1
93,1779936079608,0.0011834382857100001,-0.0328342426286,-0.0007680726857000452,1
94,1779936079610,0.00106253828571,-0.0322453426286,-0.0005808726856999912,1
95,1779936079612,0.00106253828571,-0.0322453426286,-0.0005808726856999912,1
96,1779936079615,0.00106253828571,-0.0322453426286,-0.0005808726856999912,1
97,1779936079617,0.00106253828571,-0.0322453426286,-0.0005808726856999912,1
98,1779936079619,-2.9461714290000135e-05,-0.031691542628599995,-0.00026497268570006664,1
99,1779936079622,-2.9461714290000135e-05,-0.031691542628599995,-0.00026497268570006664,1
100,1779936079624,-2.9461714290000135e-05,-0.031691542628599995,-0.00026497268570006664,1
101,1779936079626,0.0007466382857099999,-0.0316252426286,-0.0004638726857000685,1
102,1779936079629,0.0007466382857099999,-0.0316252426286,-0.0004638726857000685,1
103,1779936079631,0.0007466382857099999,-0.0316252426286,-0.0004638726857000685,1
104,1779936079634,0.0007466382857099999,-0.0321049426286,-0.0007719726856999908,1
105,1779936079636,0.0013472382857099997,-0.0321049426286,-0.0007719726856999908,1
106,1779936079638,0.0013472382857099997,-0.0321049426286,-0.0007719726856999908,1
107,1779936079641,0.0013472382857099997,-0.0321049426286,-0.0007719726856999908,1
108,1779936079643,0.0016826382857100001,-0.0328615426286,-0.0007056726857000272,1
109,1779936079645,0.0016826382857100001,-0.0328615426286,-0.0007056726857000272,1
110,1779936079648,0.0016826382857100001,-0.0328615426286,-0.0007056726857000272,1
111,1779936079650,0.00108983828571,-0.033333442628599996,0.0005228273142999385,1
112,1779936079652,0.00108983828571,-0.033333442628599996,0.0005228273142999385,1
113,1779936079655,0.00108983828571,-0.033333442628599996,0.0005228273142999385,1
114,1779936079657,0.00108983828571,-0.033333442628599996,0.0005228273142999385,1
115,1779936079660,0.0008480382857099997,-0.033477742628599996,-0.00033517268569997587,1
116,1779936079665,0.0008480382857099997,-0.033477742628599996,-0.00033517268569997587,1
117,1779936079668,0.0008948382857100002,-0.0337741426286,-0.00044047268570006175,1
118,1779936079671,0.0008948382857100002,-0.0337741426286,-0.00044047268570006175,1
119,1779936079673,0.0008948382857100002,-0.0337741426286,-0.00044047268570006175,1
120,1779936079676,0.00120683828571,-0.0330643426286,-0.00026497268570006664,1
121,1779936079678,0.00120683828571,-0.0330643426286,-0.00026497268570006664,1
122,1779936079680,0.00120683828571,-0.0330643426286,-0.00026497268570006664,1
123,1779936079683,0.0002045382857099997,-0.0333841426286,0.0005267273142999952,1
124,1779936079685,0.0002045382857099997,-0.0333841426286,0.0005267273142999952,1
0,1779936079697,-0.00011916171428999998,-0.032705542628599996,-0.0003117726856999691,1
1,1779936079700,0.0010001382857100002,-0.0329083426286,-0.0005301726857000321,1
2,1779936079702,0.0010001382857100002,-0.0329083426286,-0.0005301726857000321,1
3,1779936079704,0.0010001382857100002,-0.0329083426286,-0.0005301726857000321,1
4,1779936079707,0.0017294382857099997,-0.0328576426286,-0.0014466726857000189,2
5,1779936079709,0.0017294382857099997,-0.0328576426286,-0.0014466726857000189,2
6,1779936079711,0.0017294382857099997,-0.0328576426286,-0.0014466726857000189,2
7,1779936079714,0.0017294382857099997,-0.0325924426286,-0.001091772685699972,2
8,1779936079716,0.0014759382857099995,-0.0325924426286,-0.001091772685699972,1
9,1779936079719,0.0014759382857099995,-0.0325924426286,-0.001091772685699972,1
10,1779936079721,0.0014759382857099995,-0.0325924426286,-0.001091772685699972,1
11,1779936079723,0.0005282382857099994,-0.0329551426286,0.00046432731429997716,1
12,1779936079726,0.0005282382857099994,-0.0329551426286,0.00046432731429997716,1
13,1779936079728,0.0005282382857099994,-0.0329551426286,0.00046432731429997716,1
14,1779936079730,0.00012653828570999975,-0.0328342426286,0.0006476273142999745,1
15,1779936079733,0.00012653828570999975,-0.0328342426286,0.0006476273142999745,1
16,1779936079763,0.00152273828571,-0.0335869426286,-0.00028447268570001676,1
17,1779936079822,0.00152273828571,-0.0335869426286,-0.00028447268570001676,1
18,1779936079824,0.00111713828571,-0.0329083426286,-0.0003390726857000325,1
19,1779936079827,0.00135113828571,-0.0328342426286,-0.00036637268569998487,1
20,1779936079829,0.00135113828571,-0.0328342426286,-0.00036637268569998487,1
21,1779936079831,0.00135113828571,-0.0328342426286,-0.00036637268569998487,1
22,1779936079834,0.00135113828571,-0.0328342426286,-0.00036637268569998487,1
23,1779936079836,0.00114053828571,-0.0327406426286,-0.0002961726856999646,1
24,1779936079838,0.00114053828571,-0.0327406426286,-0.0002961726856999646,1
25,1779936079841,0.00114053828571,-0.0327406426286,-0.0002961726856999646,1
26,1779936079843,0.00052433828571,-0.0328732426286,7.042731430003009e-05,1
27,1779936079846,0.00052433828571,-0.0328732426286,7.042731430003009e-05,1
28,1779936079848,0.00052433828571,-0.0328732426286,7.042731430003009e-05,1
29,1779936079850,0.00052433828571,-0.0324832426286,-0.00030397268569996687,1
30,1779936079853,0.0005672382857100002,-0.0324832426286,-0.00030397268569996687,1
31,1779936079855,0.0005672382857100002,-0.0324832426286,-0.00030397268569996687,1
32,1779936079857,0.0005672382857100002,-0.0324832426286,-0.00030397268569996687,1
33,1779936079860,0.0007934382857099995,-0.0330838426286,-0.0004989726857000231,1
34,1779936079862,0.0007934382857099995,-0.0330838426286,-0.0004989726857000231,1
35,1779936079864,0.0007934382857099995,-0.0330838426286,-0.0004989726857000231,1
36,1779936079867,0.0009806382857099998,-0.032896642628599995,-0.0008265726857000066,1
37,1779936079869,0.0009806382857099998,-0.032896642628599995,-0.0008265726857000066,1
38,1779936079872,0.0009806382857099998,-0.032896642628599995,-0.0008265726857000066,1
39,1779936079874,0.0009806382857099998,-0.032896642628599995,-4.6572685700003655e-05,1
40,1779936079876,0.0007934382857099995,-0.0333061426286,-4.6572685700003655e-05,1
41,1779936079879,0.0007934382857099995,-0.0333061426286,-4.6572685700003655e-05,1
42,1779936079881,0.0007934382857099995,-0.0333061426286,-4.6572685700003655e-05,1
43,1779936079883,0.0012185382857099998,-0.033235942628599996,-0.0008460726857000677,1
44,1779936079886,0.0012185382857099998,-0.033235942628599996,-0.0008460726857000677,1
45,1779936079888,0.0012185382857099998,-0.033235942628599996,-0.0008460726857000677,1
46,1779936079890,0.0012185382857099998,-0.0331423426286,-0.0008499726857000133,1
47,1779936079893,0.00114053828571,-0.0331423426286,-0.0008499726857000133,1
48,1779936079895,0.00114053828571,-0.0331423426286,-0.0008499726857000133,1
49,1779936079897,0.00114053828571,-0.0331423426286,-0.0008499726857000133,1
50,1779936079900,0.0006881382857099995,-0.0329122426286,-0.00026887268570001226,1
51,1779936079902,0.0006881382857099995,-0.0329122426286,-0.00026887268570001226,1
52,1779936079905,0.0006881382857099995,-0.0329122426286,-0.00026887268570001226,1
53,1779936079907,0.0004619382857100002,-0.0326392426286,0.0004214273143000203,1
54,1779936079909,0.0004619382857100002,-0.0326392426286,0.0004214273143000203,1
55,1779936079912,0.0004619382857100002,-0.0326392426286,0.0004214273143000203,1
56,1779936079914,0.0004619382857100002,-0.0326392426286,-0.0007953726856999976,1
57,1779936079916,0.0008441382857099994,-0.0326197426286,-0.0007953726856999976,1
58,1779936079919,0.0008441382857099994,-0.0326197426286,-0.0007953726856999976,1
59,1779936079921,0.0008441382857099994,-0.0326197426286,-0.0007953726856999976,1
60,1779936079923,0.00101183828571,-0.0326353426286,-0.00017527268569998526,1
61,1779936079926,0.00101183828571,-0.0326353426286,-0.00017527268569998526,1
62,1779936079928,0.00101183828571,-0.0326353426286,-0.00017527268569998526,1
63,1779936079931,0.0010820382857099995,-0.0326938426286,1.1927314299957706e-05,1
64,1779936079933,0.0010820382857099995,-0.0326938426286,1.1927314299957706e-05,1
65,1779936079935,0.0010820382857099995,-0.0326938426286,1.1927314299957706e-05,1
66,1779936079938,0.0010820382857099995,-0.0326938426286,1.1927314299957706e-05,1
67,1779936079940,0.0012887382857100001,-0.0327796426286,-0.0009162726856999769,1
68,1779936079942,0.0012887382857100001,-0.0327796426286,-0.0009162726856999769,1
69,1779936079945,0.0012887382857100001,-0.0327796426286,-0.0009162726856999769,1
70,1779936079947,0.0011522382857099998,-0.0329902426286,-0.0007173726856999751,1
71,1779936079949,0.0011522382857099998,-0.0329902426286,-0.0007173726856999751,1
72,1779936079952,0.0011522382857099998,-0.0329902426286,-0.0007173726856999751,1
73,1779936079954,0.0011522382857099998,-0.0329902426286,-0.0005808726856999912,1
74,1779936079957,0.0010547382857099994,-0.0327718426286,-0.0005808726856999912,1
75,1779936079959,0.0010547382857099994,-0.0327718426286,-0.0005808726856999912,1
76,1779936079961,0.0010547382857099994,-0.0327718426286,-0.0005808726856999912,1
77,1779936079964,0.00024353828570999967,-0.0329395426286,0.0001055273142999847,1
78,1779936079966,0.00024353828570999967,-0.0329395426286,0.0001055273142999847,1
79,1779936079968,0.00024353828570999967,-0.0329395426286,0.0001055273142999847,1
80,1779936079971,0.0007193382857099999,-0.032799142628599995,-0.0002766726857000145,1
81,1779936079973,0.0007193382857099999,-0.032799142628599995,-0.0002766726857000145,1
82,1779936079976,0.0007193382857099999,-0.032799142628599995,-0.0002766726857000145,1
83,1779936079978,0.0007193382857099999,-0.032799142628599995,-0.0002766726857000145,1
84,1779936079980,0.0009104382857099995,-0.0330838426286,-0.0005925726857000501,1
85,1779936079983,0.0009104382857099995,-0.0330838426286,-0.0005925726857000501,1
86,1779936079985,0.0009104382857099995,-0.0330838426286,-0.0005925726857000501,1
87,1779936079987,0.0011054382857100002,-0.0327835426286,-0.0007056726857000272,1
88,1779936079990,0.0011054382857100002,-0.0327835426286,-0.0007056726857000272,1
89,1779936079992,0.0011054382857100002,-0.0327835426286,-0.0007056726857000272,1
90,1779936079994,0.0011054382857100002,-0.0327835426286,0.00012502731429993481,1
91,1779936079997,0.00069593828571,-0.0330643426286,0.00012502731429993481,1
92,1779936079999,0.00069593828571,-0.0330643426286,0.00012502731429993481,1
93,1779936080001,0.00069593828571,-0.0330643426286,0.00012502731429993481,1
94,1779936080004,0.0012653382857099995,-0.0330682426286,-0.0009318726856999814,1
95,1779936080006,0.0012653382857099995,-0.0330682426286,-0.0009318726856999814,1
96,1779936080009,0.0012653382857099995,-0.0330682426286,-0.0009318726856999814,1
97,1779936080011,0.0006062382857100002,-0.0328693426286,-5.4372685700005904e-05,1
98,1779936080013,0.0006062382857100002,-0.0328693426286,-5.4372685700005904e-05,1
99,1779936080016,0.0006062382857100002,-0.0328693426286,-5.4372685700005904e-05,1
100,1779936080018,0.0006062382857100002,-0.0328693426286,-5.4372685700005904e-05,1
101,1779936080020,0.0007466382857099999,-0.0330682426286,-0.0004989726857000231,1
102,1779936080023,0.0007466382857099999,-0.0330682426286,-0.0004989726857000231,1
103,1779936080025,0.0007466382857099999,-0.0330682426286,-0.0004989726857000231,1
104,1779936080027,0.0006374382857099996,-0.0327328426286,-7.777268570001265e-05,1
105,1779936080030,0.0006374382857099996,-0.0327328426286,-7.777268570001265e-05,1
106,1779936080032,0.0006374382857099996,-0.0327328426286,-7.777268570001265e-05,1
107,1779936080035,0.0006374382857099996,-0.032947342628599996,-0.0004053726856999961,1
108,1779936080037,0.00066863828571,-0.032947342628599996,-0.0004053726856999961,1
109,1779936080039,0.00066863828571,-0.032947342628599996,-0.0004053726856999961,1
110,1779936080042,0.00066863828571,-0.032947342628599996,-0.0004053726856999961,1
111,1779936080044,0.0009104382857099995,-0.0324520426286,-1.1472685700049043e-05,1
112,1779936080046,0.0009104382857099995,-0.0324520426286,-1.1472685700049043e-05,1
113,1779936080049,0.0009104382857099995,-0.0324520426286,-1.1472685700049043e-05,1
114,1779936080051,0.00123413828571,-0.032799142628599995,-0.0006705726857000726,1
115,1779936080053,0.00123413828571,-0.032799142628599995,-0.0006705726857000726,1
116,1779936080056,0.00123413828571,-0.032799142628599995,-0.0006705726857000726,1
117,1779936080058,0.00123413828571,-0.032799142628599995,-0.0006705726857000726,1
118,1779936080061,0.00087923828571,-0.032561242628599996,-0.00028447268570001676,1
119,1779936080063,0.00087923828571,-0.032561242628599996,-0.00028447268570001676,1
120,1779936080065,0.00087923828571,-0.032561242628599996,-0.00028447268570001676,1
121,1779936080068,0.0008597382857099996,-0.0327757426286,-9.727268570007379e-05,1
122,1779936080070,0.0008597382857099996,-0.0327757426286,-9.727268570007379e-05,1
123,1779936080072,0.0008597382857099996,-0.0327757426286,-9.727268570007379e-05,1
124,1779936080075,0.0008597382857099996,-0.0327757426286,-0.0008265726857000066,1
0,1779936080113,0.0011834382857100001,-0.0338365426286,-0.0005457726857000366,1
1,1779936080185,0.0005672382857100002,-0.032900542628599996,-0.0004014726857000505,1
2,1779936080187,0.0006842382857100001,-0.0336376426286,-0.00024937268570006214,1
3,1779936080225,0.0006569382857100001,-0.0330760426286,1.9727314299959955e-05,1
4,1779936080228,0.0008909382857099999,-0.0328927426286,-0.0004989726857000231,1
5,1779936080230,0.0008909382857099999,-0.0328927426286,-0.0004989726857000231,1
6,1779936080233,0.0008909382857099999,-0.0328927426286,-0.0004989726857000231,1
7,1779936080235,0.0008909382857099999,-0.0328927426286,-8.55726857000149e-05,1
8,1779936080237,0.0010430382857099995,-0.0326197426286,-8.55726857000149e-05,1
9,1779936080240,0.0010430382857099995,-0.0326197426286,-8.55726857000149e-05,1
10,1779936080242,0.0010430382857099995,-0.0326197426286,-8.55726857000149e-05,1
11,1779936080245,0.00102353828571,-0.0325846426286,-0.0004326726857000595,1
12,1779936080247,0.00102353828571,-0.0325846426286,-0.0004326726857000595,1
13,1779936080249,0.00102353828571,-0.0325846426286,-0.0004326726857000595,1
14,1779936080252,0.0007856382857099999,-0.0325495426286,3.5327314299964455e-05,1
15,1779936080254,0.0007856382857099999,-0.0325495426286,3.5327314299964455e-05,1
16,1779936080257,0.0007856382857099999,-0.0325495426286,3.5327314299964455e-05,1
17,1779936080259,0.0007856382857099999,-0.0325495426286,-0.0005262726856999755,1
18,1779936080261,0.0013862382857099996,-0.0325885426286,-0.0005262726856999755,1
19,1779936080264,0.0013862382857099996,-0.0325885426286,-0.0005262726856999755,1
20,1779936080266,0.0013862382857099996,-0.0325885426286,-0.0005262726856999755,1
21,1779936080268,0.00066863828571,-0.0326509426286,0.0001679273143000027,1
22,1779936080271,0.00066863828571,-0.0326509426286,0.0001679273143000027,1
23,1779936080273,0.00066863828571,-0.0326509426286,0.0001679273143000027,1
24,1779936080275,0.0011093382857099996,-0.0325300426286,-0.0011775726856999968,1
25,1779936080278,0.0011093382857099996,-0.0325300426286,-0.0011775726856999968,1
26,1779936080280,0.0011093382857099996,-0.0325300426286,-0.0011775726856999968,1
27,1779936080283,0.0011093382857099996,-0.0325300426286,-0.0011775726856999968,1
28,1779936080285,0.0001070382857100002,-0.0326392426286,1.9727314299959955e-05,1
29,1779936080287,0.0001070382857100002,-0.0326392426286,1.9727314299959955e-05,1
30,1779936080290,0.0001070382857100002,-0.0326392426286,1.9727314299959955e-05,1
31,1779936080292,0.0006920382857099998,-0.0331462426286,0.0004565273142999749,1
32,1779936080294,0.0006920382857099998,-0.0331462426286,0.0004565273142999749,1
33,1779936080297,0.0006920382857099998,-0.0331462426286,0.0004565273142999749,1
34,1779936080299,0.0006920382857099998,-0.0331462426286,-0.0006783726856999638,1
35,1779936080301,0.0013433382857099994,-0.0329668426286,-0.0006783726856999638,1
36,1779936080304,0.0013433382857099994,-0.0329668426286,-0.0006783726856999638,1
37,1779936080306,0.0013433382857099994,-0.0329668426286,-0.0006783726856999638,1
38,1779936080309,0.0010391382857100001,-0.0332983426286,-0.0006588726857000137,1
39,1779936080311,0.0010391382857100001,-0.0332983426286,-0.0006588726857000137,1
40,1779936080313,0.0010391382857100001,-0.0332983426286,-0.0006588726857000137,1
41,1779936080316,0.00044633828571000005,-0.033138442628599996,0.00033952731429994117,1
42,1779936080318,0.00044633828571000005,-0.033138442628599996,0.00033952731429994117,1
43,1779936080321,0.00044633828571000005,-0.033138442628599996,0.00033952731429994117,1
44,1779936080323,0.00044633828571000005,-0.033138442628599996,0.00033952731429994117,1
45,1779936080325,0.00091823828571,-0.0328264426286,-0.00030397268569996687,1
46,1779936080328,0.00091823828571,-0.0328264426286,-0.00030397268569996687,1
47,1779936080330,0.00091823828571,-0.0328264426286,-0.00030397268569996687,1
48,1779936080332,0.0002864382857099999,-0.0326509426286,-0.000198672685699992,1
49,1779936080335,0.0002864382857099999,-0.0326509426286,-0.000198672685699992,1
50,1779936080337,0.0002864382857099999,-0.0326509426286,-0.000198672685699992,1
51,1779936080340,0.0002864382857099999,-0.0324754426286,-0.0002142726856999965,1
52,1779936080342,0.0007622382857100001,-0.0324754426286,-0.0002142726856999965,1
53,1779936080344,0.0007622382857100001,-0.0324754426286,-0.0002142726856999965,1
54,1779936080347,0.0007622382857100001,-0.0324754426286,-0.0002142726856999965,1
55,1779936080349,0.0009338382857100001,-0.0324988426286,-0.0005457726857000366,1
56,1779936080351,0.0009338382857100001,-0.0324988426286,-0.0005457726857000366,1
57,1779936080354,0.0009338382857100001,-0.0324988426286,-0.0005457726857000366,1
58,1779936080356,0.0009572382857099999,-0.0327718426286,-0.0004833726857000186,1
59,1779936080358,0.0009572382857099999,-0.0327718426286,-0.0004833726857000186,1
60,1779936080361,0.0009572382857099999,-0.0327718426286,-0.0004833726857000186,1
61,1779936080363,0.0009572382857099999,-0.0327718426286,-0.0004833726857000186,1
62,1779936080365,0.0016865382857099995,-0.032896642628599995,-0.000573072685699989,1
63,1779936080368,0.0016865382857099995,-0.032896642628599995,-0.000573072685699989,1
64,1779936080370,0.0016865382857099995,-0.032896642628599995,-0.000573072685699989,1
65,1779936080372,0.0007037382857099997,-0.0327757426286,2.7527314299962205e-05,1
66,1779936080375,0.0007037382857099997,-0.0327757426286,2.7527314299962205e-05,1
67,1779936080377,0.0007037382857099997,-0.0327757426286,2.7527314299962205e-05,1
68,1779936080380,0.0007037382857099997,-0.0332476426286,-0.00010507268569996502,1
69,1779936080382,0.0009572382857099999,-0.0332476426286,-0.00010507268569996502,1
70,1779936080384,0.0009572382857099999,-0.0332476426286,-0.00010507268569996502,1
71,1779936080387,0.0009572382857099999,-0.0332476426286,-0.00010507268569996502,1
72,1779936080389,0.0003839382857099994,-0.0329278426286,0.00038632731429995466,1
73,1779936080391,0.0003839382857099994,-0.0329278426286,0.00038632731429995466,1
74,1779936080394,0.0003839382857099994,-0.0329278426286,0.00038632731429995466,1
75,1779936080396,0.0005828382857099995,-0.0331462426286,-0.0005613726857000411,1
76,1779936080398,0.0005828382857099995,-0.0331462426286,-0.0005613726857000411,1
77,1779936080401,0.0005828382857099995,-0.0331462426286,-0.0005613726857000411,1
78,1779936080403,0.0005828382857099995,-0.0331462426286,-0.0005613726857000411,1
79,1779936080405,0.00056333828571,-0.0330643426286,-7.572685699992407e-06,1
80,1779936080408,0.00056333828571,-0.0330643426286,-7.572685699992407e-06,1
81,1779936080410,0.00056333828571,-0.0330643426286,-7.572685699992407e-06,1
82,1779936080413,0.0011483382857099995,-0.0331345426286,-0.0004638726857000685,1
83,1779936080415,0.0011483382857099995,-0.0331345426286,-0.0004638726857000685,1
84,1779936080417,0.0011483382857099995,-0.0331345426286,-0.0004638726857000685,1
85,1779936080420,0.0011483382857099995,-0.0331345426286,1.5827314300014342e-05,1
86,1779936080422,0.0008519382857099999,-0.0329122426286,1.5827314300014342e-05,1
87,1779936080424,0.0008519382857099999,-0.0329122426286,1.5827314300014342e-05,1
88,1779936080427,0.0008519382857099999,-0.0329122426286,1.5827314300014342e-05,1
89,1779936080429,0.0013277382857100001,-0.0326236426286,-0.0006861726856999661,1
90,1779936080431,0.0013277382857100001,-0.0326236426286,-0.0006861726856999661,1
91,1779936080434,0.0013277382857100001,-0.0326236426286,-0.0006861726856999661,1
92,1779936080436,0.0008324382857099995,-0.0324715426286,-3.8772685700001405e-05,1
93,1779936080438,0.0008324382857099995,-0.0324715426286,-3.8772685700001405e-05,1
94,1779936080441,0.0008324382857099995,-0.0324715426286,-3.8772685700001405e-05,1
95,1779936080443,0.0008324382857099995,-0.0324715426286,-3.8772685700001405e-05,1
96,1779936080446,0.0006257382857099997,-0.0323350426286,-0.00015967268569998076,1
97,1779936080448,0.0006257382857099997,-0.0323350426286,-0.00015967268569998076,1
98,1779936080450,0.0006257382857099997,-0.0323350426286,-0.00015967268569998076,1
99,1779936080453,0.00045803828570999995,-0.0326275426286,-0.0001011726857000194,1
100,1779936080455,0.00045803828570999995,-0.0326275426286,-0.0001011726857000194,1
101,1779936080457,0.00045803828570999995,-0.0326275426286,-0.0001011726857000194,1
102,1779936080460,0.00045803828570999995,-0.0327835426286,-0.0005028726856999687,1
103,1779936080462,0.0008246382857099999,-0.0327835426286,-0.0005028726856999687,1
104,1779936080466,0.0008246382857099999,-0.0327835426286,-0.0005028726856999687,1
105,1779936080469,0.0010664382857100002,-0.0329161426286,-0.0005028726856999687,1
106,1779936080471,0.0010664382857100002,-0.0329161426286,-0.0005028726856999687,1
107,1779936080473,0.0010664382857100002,-0.0329161426286,-0.0005028726856999687,1
108,1779936080476,0.0010664382857100002,-0.0329161426286,-0.00012847268569997176,1
109,1779936080478,0.0008987382857099996,-0.033044842628599996,-0.00012847268569997176,1
110,1779936080480,0.0008987382857099996,-0.033044842628599996,-0.00012847268569997176,1
111,1779936080483,0.0008987382857099996,-0.033044842628599996,-0.00012847268569997176,1
112,1779936080485,0.00101183828571,-0.033165742628599996,-0.0008265726857000066,1
113,1779936080488,0.00101183828571,-0.033165742628599996,-0.0008265726857000066,1
114,1779936080490,0.00101183828571,-0.033165742628599996,-0.0008265726857000066,1
115,1779936080492,0.0007115382857100002,-0.0332086426286,-0.0005145726857000276,1
116,1779936080495,0.0007115382857100002,-0.0332086426286,-0.0005145726857000276,1
117,1779936080497,0.0007115382857100002,-0.0332086426286,-0.0005145726857000276,1
118,1779936080499,0.0007115382857100002,-0.0332086426286,-0.0005145726857000276,1
119,1779936080502,0.0010040382857099996,-0.0331345426286,-0.0005886726856999935,1
120,1779936080504,0.0010040382857099996,-0.0331345426286,-0.0005886726856999935,1
121,1779936080506,0.0010040382857099996,-0.0331345426286,-0.0005886726856999935,1
122,1779936080509,0.0005867382857099998,-0.0326743426286,-4.6572685700003655e-05,1
123,1779936080511,0.0005867382857099998,-0.0326743426286,-4.6572685700003655e-05,1
124,1779936080513,0.0005867382857099998,-0.0326743426286,-4.6572685700003655e-05,1
0,1779936080525,0.0005399382857100002,-0.0329902426286,5.0927314299968954e-05,1
1,1779936080528,0.0005399382857100002,-0.0329902426286,5.0927314299968954e-05,1
2,1779936080530,0.0005399382857100002,-0.0329902426286,5.0927314299968954e-05,1
3,1779936080533,0.0011522382857099998,-0.0329785426286,-0.0007446726857000385,1
4,1779936080535,0.0011522382857099998,-0.0329785426286,-0.0007446726857000385,1
5,1779936080537,0.0011522382857099998,-0.0329785426286,-0.0007446726857000385,1
6,1779936080540,0.0011522382857099998,-0.0329785426286,-0.000229872685700001,1
7,1779936080542,0.0004892382857099994,-0.0328849426286,-0.000229872685700001,1
8,1779936080544,0.0004892382857099994,-0.0328849426286,-0.000229872685700001,1
9,1779936080547,0.0004892382857099994,-0.0328849426286,-0.000229872685700001,1
10,1779936080549,0.00066863828571,-0.0327016426286,-1.1472685700049043e-05,1
11,1779936080552,0.00066863828571,-0.0327016426286,-1.1472685700049043e-05,1
12,1779936080554,0.00066863828571,-0.0327016426286,-1.1472685700049043e-05,1
13,1779936080556,0.00110153828571,-0.032943442628599995,-0.000510672685699971,1
14,1779936080588,0.00110153828571,-0.032943442628599995,-0.000510672685699971,1
15,1779936080590,0.0018659382857099992,-0.0318826426286,-0.0026634726857000367,2
16,1779936080593,0.0018659382857099992,-0.0318826426286,-0.0026634726857000367,2
17,1779936080595,0.0018659382857099992,-0.0318826426286,-0.0026634726857000367,2
18,1779936080598,-0.0010200617142900005,-0.0335791426286,0.0023285273142999597,2
19,1779936080630,0.0008090382857099997,-0.0328069426286,0.0004253273142999659,1
20,1779936080632,0.0008090382857099997,-0.0328069426286,0.0004253273142999659,1
21,1779936080634,0.0008090382857099997,-0.0328069426286,0.0004253273142999659,1
22,1779936080637,0.0014486382857099994,-0.0324325426286,-0.002963772685700068,1
23,1779936080640,0.0014486382857099994,-0.0324325426286,-0.002963772685700068,1
24,1779936080642,0.0014486382857099994,-0.0324325426286,-0.002963772685700068,1
25,1779936080677,-0.0006027617142899998,-0.033087742628599995,0.002211527314300037,2
26,1779936080682,0.0025406382857099995,-0.0320854426286,-0.0023358726857000533,2
27,1779936080690,0.00012653828570999975,-0.0324286426286,-0.0011892726857000557,1
28,1779936080692,0.00012653828570999975,-0.0324286426286,0.002804327314299986,2
29,1779936080694,-0.0007782617142900001,-0.0335284426286,0.002804327314299986,2
30,1779936080697,-0.0007782617142900001,-0.0335284426286,0.002804327314299986,2
31,1779936080699,-0.0007782617142900001,-0.0335284426286,0.002804327314299986,2
32,1779936080702,0.0028058382857099997,-0.0325534426286,-0.0020862726856999813,2
33,1779936080704,0.0028058382857099997,-0.0325534426286,-0.0020862726856999813,2
34,1779936080706,0.0028058382857099997,-0.0325534426286,-0.0020862726856999813,2
35,1779936080709,0.0028058382857099997,-0.0335011426286,-0.001091772685699972,2
36,1779936080711,0.0004151382857099997,-0.0335011426286,-0.001091772685699972,1
37,1779936080713,0.0004151382857099997,-0.0335011426286,-0.001091772685699972,1
38,1779936080716,0.0004151382857099997,-0.0335011426286,-0.001091772685699972,1
39,1779936080718,0.0004970382857099999,-0.0338326426286,0.0014159273143000296,1
40,1779936080720,0.0004970382857099999,-0.0338326426286,0.0014159273143000296,1
41,1779936080723,0.0004970382857099999,-0.0338326426286,0.0014159273143000296,1
42,1779936080725,0.0022871382857099993,-0.0320971426286,-0.00235927268570006,2
43,1779936080727,0.0022871382857099993,-0.0320971426286,-0.00235927268570006,2
44,1779936080730,0.0022871382857099993,-0.0320971426286,-0.00235927268570006,2
45,1779936080732,0.0022871382857099993,-0.0320971426286,0.0007958273143000173,2
46,1779936080735,-0.0010629617142899998,-0.0329122426286,0.0007958273143000173,1
47,1779936080737,-0.0010629617142899998,-0.0329122426286,0.0007958273143000173,1
48,1779936080739,-0.0010629617142899998,-0.0329122426286,0.0007958273143000173,1
49,1779936080742,0.0010001382857100002,-0.0331111426286,0.0003161273142999344,1
50,1779936080744,0.0010001382857100002,-0.0331111426286,0.0003161273142999344,1
51,1779936080746,0.0010001382857100002,-0.0331111426286,0.0003161273142999344,1
52,1779936080749,0.00200633828571,-0.0321517426286,-0.0020745726857000334,2
53,1779936080751,0.00200633828571,-0.0321517426286,-0.0020745726857000334,2
54,1779936080753,0.00200633828571,-0.0321517426286,-0.0020745726857000334,2
55,1779936080756,0.00200633828571,-0.0321517426286,-0.0020745726857000334,2
56,1779936080758,0.00022013828570999986,-0.0331228426286,0.00033562731429999555,1
57,1779936080761,0.00022013828570999986,-0.0331228426286,0.00033562731429999555,1
58,1779936080763,0.00022013828570999986,-0.0331228426286,0.00033562731429999555,1
59,1779936080765,0.0007232382857100001,-0.0325456426286,0.0009089273142999944,1
60,1779936080768,0.0007232382857100001,-0.0325456426286,0.0009089273142999944,1
61,1779936080770,0.0007232382857100001,-0.0325456426286,0.0009089273142999944,1
62,1779936080772,0.0007232382857100001,-0.0325456426286,-0.0027492726857000615,1
63,1779936080775,0.001745038285709999,-0.0322297426286,-0.0027492726857000615,2
64,1779936080777,0.001745038285709999,-0.0322297426286,-0.0027492726857000615,2
65,1779936080779,0.001745038285709999,-0.0322297426286,-0.0027492726857000615,2
66,1779936080782,-0.0003765617142900005,-0.0330487426286,0.0007412273143000015,1
67,1779936080784,-0.0003765617142900005,-0.0330487426286,0.0007412273143000015,1
68,1779936080786,-0.0003765617142900005,-0.0330487426286,0.0007412273143000015,1
69,1779936080789,-0.0003765617142900005,-0.032561242628599996,-9.727268570007379e-05,1
70,1779936080791,0.0012185382857099998,-0.032561242628599996,-9.727268570007379e-05,1
71,1779936080794,0.0012185382857099998,-0.032561242628599996,-9.727268570007379e-05,1
72,1779936080796,0.0012185382857099998,-0.032561242628599996,-9.727268570007379e-05,1
73,1779936080798,0.0008207382857099996,-0.0323389426286,-0.0013764726856999986,1
74,1779936080801,0.0008207382857099996,-0.0323389426286,-0.0013764726856999986,1
75,1779936080803,0.0008207382857099996,-0.0323389426286,-0.0013764726856999986,1
76,1779936080805,0.0007427382857099997,-0.0333373426286,0.0005813273143000109,1
77,1779936080808,0.0007427382857099997,-0.0333373426286,0.0005813273143000109,1
78,1779936080810,0.0007427382857099997,-0.0333373426286,0.0005813273143000109,1
79,1779936080812,0.0007427382857099997,-0.0333373426286,-0.00023377268570005764,1
80,1779936080815,0.0011912382857099998,-0.0332008426286,-0.00023377268570005764,1
81,1779936080817,0.0011912382857099998,-0.0332008426286,-0.00023377268570005764,1
82,1779936080820,0.0011912382857099998,-0.0332008426286,-0.00023377268570005764,1
83,1779936080822,0.00046973828570999986,-0.0333958426286,-0.000385872685700046,1
84,1779936080824,0.00046973828570999986,-0.0333958426286,-0.000385872685700046,1
85,1779936080827,0.00046973828570999986,-0.0333958426286,-0.000385872685700046,1
86,1779936080829,0.00094553828571,-0.033524542628599996,5.87273142999712e-05,1
87,1779936080831,0.00094553828571,-0.033524542628599996,5.87273142999712e-05,1
88,1779936080834,0.00094553828571,-0.033524542628599996,5.87273142999712e-05,1
89,1779936080836,0.00094553828571,-0.033524542628599996,5.87273142999712e-05,1
90,1779936080838,0.00139013828571,-0.0332593426286,-0.0011112726857000332,1
91,1779936080841,0.00139013828571,-0.0332593426286,-0.0011112726857000332,1
92,1779936080843,0.00139013828571,-0.0332593426286,-0.0011112726857000332,1
93,1779936080845,0.00044633828571000005,-0.032799142628599995,-0.001091772685699972,1
94,1779936080848,0.00044633828571000005,-0.032799142628599995,-0.001091772685699972,1
95,1779936080850,0.00044633828571000005,-0.032799142628599995,-0.001091772685699972,1
96,1779936080853,0.00044633828571000005,-0.032799142628599995,0.0003746273143000068,1
97,1779936080855,0.0007856382857099999,-0.0328810426286,0.0003746273143000068,1
98,1779936080857,0.0007856382857099999,-0.0328810426286,0.0003746273143000068,1
99,1779936080860,0.0007856382857099999,-0.0328810426286,0.0003746273143000068,1
100,1779936080862,0.0005009382857100002,-0.0317149426286,-0.0008304726857000632,1
101,1779936080866,0.0005009382857100002,-0.0317149426286,-0.0008304726857000632,1
102,1779936080868,0.0005009382857100002,-0.0317149426286,-0.0008304726857000632,1
103,1779936080871,-0.00032196171429000036,-0.0328186426286,0.001743527314300013,2
104,1779936080873,-0.00032196171429000036,-0.0328186426286,0.001743527314300013,2
105,1779936080876,-0.00032196171429000036,-0.0328186426286,0.001743527314300013,2
106,1779936080878,0.002731738285709999,-0.0324520426286,-0.0022110726857000173,2
107,1779936080880,0.002731738285709999,-0.0324520426286,-0.0022110726857000173,2
108,1779936080883,0.002731738285709999,-0.0324520426286,-0.0022110726857000173,2
109,1779936080885,0.002731738285709999,-0.031839742628599996,-0.0009435726857000403,2
110,1779936080887,0.0007037382857099997,-0.031839742628599996,-0.0009435726857000403,1
111,1779936080890,0.0007037382857099997,-0.031839742628599996,-0.0009435726857000403,1
112,1779936080892,0.0007037382857099997,-0.031839742628599996,-0.0009435726857000403,1
113,1779936080894,-0.00019326171429000054,-0.0334114426286,0.0014861273142999388,1
114,1779936080897,-0.00019326171429000054,-0.0334114426286,0.0014861273142999388,1
115,1779936080899,-0.00019326171429000054,-0.0334114426286,0.0014861273142999388,1
116,1779936080902,0.0016904382857100006,-0.0329512426286,-0.000666672685700016,1
117,1779936080904,0.0016904382857100006,-0.0329512426286,-0.000666672685700016,1
118,1779936080906,0.0016904382857100006,-0.0329512426286,-0.000666672685700016,1
119,1779936080909,0.0016904382857100006,-0.0329512426286,-0.000666672685700016,1
120,1779936080911,0.00114053828571,-0.0334075426286,-0.0020511726857000267,1
121,1779936080913,0.00114053828571,-0.0334075426286,-0.0020511726857000267,1
122,1779936080916,0.00114053828571,-0.0334075426286,-0.0020511726857000267,1
123,1779936080918,-0.00013476171429000015,-0.0337312426286,0.0011741273142999598,1
124,1779936080920,-0.00013476171429000015,-0.0337312426286,0.0011741273142999598,1
0,1779936080959,0.0015539382857099994,-0.0335947426286,-0.0006627726857000703,1
1,1779936080961,-0.0001152617142900006,-0.0325417426286,0.0003005273142999299,1
2,1779936080964,-0.0001152617142900006,-0.0325417426286,0.0003005273142999299,1
3,1779936081002,0.00123413828571,-0.0328849426286,-0.0016338726857000729,1
4,1779936081005,0.00123413828571,-0.0328849426286,-0.0016338726857000729,1
5,1779936081007,0.0004034382857099998,-0.0335908426286,0.00022252731430001844,1
6,1779936081078,0.0004034382857099998,-0.0335908426286,0.00022252731430001844,1
7,1779936081081,0.00073493828571,-0.0317344426286,0.00046432731429997716,1
8,1779936081084,0.00073493828571,-0.0317344426286,0.00046432731429997716,1
9,1779936081087,0.0009299382857099999,-0.0318748426286,-0.0008070726857000565,1
10,1779936081089,0.0009299382857099999,-0.0318748426286,-0.0008070726857000565,1
11,1779936081091,0.0009299382857099999,-0.0318748426286,-0.0008070726857000565,1
12,1779936081094,0.0004307382857099999,-0.0328693426286,-0.0001635726857000374,1
13,1779936081096,0.0004307382857099999,-0.0328693426286,-0.0001635726857000374,1
14,1779936081098,0.0004307382857099999,-0.0328693426286,-0.0001635726857000374,1
15,1779936081101,0.0004307382857099999,-0.0328693426286,-0.0001635726857000374,1
16,1779936081103,0.0006608382857099995,-0.0334660426286,-0.0006393726857000636,1
17,1779936081106,0.0006608382857099995,-0.0334660426286,-0.0006393726857000636,1
18,1779936081108,0.0006608382857099995,-0.0334660426286,-0.0006393726857000636,1
19,1779936081110,0.0005399382857100002,-0.0335557426286,-0.00037807268570004375,1
20,1779936081113,0.0005399382857100002,-0.0335557426286,-0.00037807268570004375,1
21,1779936081115,0.0005399382857100002,-0.0335557426286,-0.00037807268570004375,1
22,1779936081117,0.0005399382857100002,-0.0335557426286,-0.0009240726856999792,1
23,1779936081120,0.00070763828571,-0.0344332426286,-0.0009240726856999792,1
24,1779936081122,0.00070763828571,-0.0344332426286,-0.0009240726856999792,1
25,1779936081124,0.00070763828571,-0.0344332426286,-0.0009240726856999792,1
26,1779936081127,0.0007583382857099998,-0.034051042628599995,-0.00044437268570000736,1
27,1779936081129,0.0007583382857099998,-0.034051042628599995,-0.00044437268570000736,1
28,1779936081132,0.0007583382857099998,-0.034051042628599995,-0.00044437268570000736,1
29,1779936081134,0.0007232382857100001,-0.0342694426286,-0.0005808726856999912,1
30,1779936081136,0.0007232382857100001,-0.0342694426286,-0.0005808726856999912,1
31,1779936081139,0.0007232382857100001,-0.0342694426286,-0.0005808726856999912,1
32,1779936081141,0.0007232382857100001,-0.0342694426286,-0.0005808726856999912,1
33,1779936081143,0.0005477382857099998,-0.0334309426286,0.00032002731429999105,1
34,1779936081146,0.0005477382857099998,-0.0334309426286,0.00032002731429999105,1
35,1779936081148,0.0005477382857099998,-0.0334309426286,0.00032002731429999105,1
36,1779936081150,0.0011795382857099999,-0.032896642628599995,-5.827268570006254e-05,1
37,1779936081153,0.0011795382857099999,-0.032896642628599995,-5.827268570006254e-05,1
38,1779936081155,0.0011795382857099999,-0.032896642628599995,-5.827268570006254e-05,1
39,1779936081157,0.0011795382857099999,-0.032896642628599995,-0.000229872685700001,1
40,1779936081160,0.0006842382857100001,-0.0320737426286,-0.000229872685700001,1
41,1779936081162,0.0006842382857100001,-0.0320737426286,-0.000229872685700001,1
42,1779936081165,0.0006842382857100001,-0.0320737426286,-0.000229872685700001,1
43,1779936081167,0.0011873382857099995,-0.0319177426286,-0.0002961726856999646,1
44,1779936081169,0.0011873382857099995,-0.0319177426286,-0.0002961726856999646,1
45,1779936081172,0.0011873382857099995,-0.0319177426286,-0.0002961726856999646,1
46,1779936081176,0.0008909382857099999,-0.0316096426286,-0.00019087268569998976,1
47,1779936081178,0.0008909382857099999,-0.0316096426286,-0.00019087268569998976,1
48,1779936081181,0.0008909382857099999,-0.0316096426286,-0.00019087268569998976,1
49,1779936081183,0.0011756382857099996,-0.0321010426286,-0.00040927268570005275,1
50,1779936081186,0.0011756382857099996,-0.0321010426286,-0.00040927268570005275,1
51,1779936081188,0.0011756382857099996,-0.0321010426286,-0.00040927268570005275,1
52,1779936081190,0.0010547382857099994,-0.0320737426286,-0.000635472685700007,1
53,1779936081193,0.0010547382857099994,-0.0320737426286,-0.000635472685700007,1
54,1779936081195,0.0010547382857099994,-0.0320737426286,-0.000635472685700007,1
55,1779936081197,0.0010547382857099994,-0.0320737426286,-0.000635472685700007,1
56,1779936081200,0.0011366382857099996,-0.0328420426286,-0.0002142726856999965,1
57,1779936081202,0.0011366382857099996,-0.0328420426286,-0.0002142726856999965,1
58,1779936081204,0.0011366382857099996,-0.0328420426286,-0.0002142726856999965,1
59,1779936081207,0.0003371382857099998,-0.0329200426286,-0.0005301726857000321,1
60,1779936081209,0.0003371382857099998,-0.0329200426286,-0.0005301726857000321,1
61,1779936081212,0.0003371382857099998,-0.0329200426286,-0.0005301726857000321,1
62,1779936081214,0.0003371382857099998,-0.0333022426286,0.0003161273142999344,1
63,1779936081216,0.0008207382857099996,-0.0333022426286,0.0003161273142999344,1
64,1779936081219,0.0008207382857099996,-0.0333022426286,0.0003161273142999344,1
65,1779936081221,0.0008207382857099996,-0.0333022426286,0.0003161273142999344,1
66,1779936081223,0.0005282382857099994,-0.0335791426286,-0.000198672685699992,1
67,1779936081226,0.0005282382857099994,-0.0335791426286,-0.000198672685699992,1
68,1779936081228,0.0005282382857099994,-0.0335791426286,-0.000198672685699992,1
69,1779936081231,0.00036443828570999984,-0.0335011426286,0.00032392731429993667,1
70,1779936081233,0.00036443828570999984,-0.0335011426286,0.00032392731429993667,1
71,1779936081235,0.00036443828570999984,-0.0335011426286,0.00032392731429993667,1
72,1779936081238,0.00036443828570999984,-0.0335011426286,-0.0006822726857000205,1
73,1779936081240,0.0013355382857099998,-0.0340198426286,-0.0006822726857000205,1
74,1779936081242,0.0013355382857099998,-0.0340198426286,-0.0006822726857000205,1
75,1779936081245,0.0013355382857099998,-0.0340198426286,-0.0006822726857000205,1
76,1779936081247,0.0013355382857099998,-0.0335596426286,-0.0005691726857000434,1
77,1779936081250,0.0013355382857099998,-0.0335596426286,-0.0005691726857000434,1
78,1779936081252,0.0013355382857099998,-0.0335596426286,-0.0005691726857000434,1
79,1779936081254,0.0015188382857099997,-0.0336025426286,-0.0007017726856999706,1
80,1779936081257,0.0015188382857099997,-0.0336025426286,-0.0007017726856999706,1
81,1779936081259,0.0015188382857099997,-0.0336025426286,-0.0007017726856999706,1
82,1779936081261,0.0015188382857099997,-0.0336025426286,-0.0007017726856999706,1
83,1779936081264,0.0005477382857099998,-0.0323584426286,-0.00022207268569999876,1
84,1779936081266,0.0005477382857099998,-0.0323584426286,-0.00022207268569999876,1
85,1779936081268,0.0005477382857099998,-0.0323584426286,-0.00022207268569999876,1
86,1779936081271,0.00029423828570999955,-0.0321088426286,-0.0005145726857000276,1
87,1779936081273,0.00029423828570999955,-0.0321088426286,-0.0005145726857000276,1
88,1779936081275,0.00029423828570999955,-0.0321088426286,-0.0005145726857000276,1
89,1779936081278,0.00029423828570999955,-0.0321088426286,-0.00014017268570003065,1
90,1779936081280,0.00017333828571000024,-0.0314263426286,-0.00014017268570003065,1
91,1779936081283,0.00017333828571000024,-0.0314263426286,-0.00014017268570003065,1
92,1779936081285,0.00017333828571000024,-0.0314263426286,-0.00014017268570003065,1
93,1779936081287,0.0006257382857099997,-0.0321868426286,-0.0002766726857000145,1
94,1779936081290,0.0006257382857099997,-0.0321868426286,-0.0002766726857000145,1
95,1779936081292,0.0006257382857099997,-0.0321868426286,-0.0002766726857000145,1
96,1779936081294,0.0011600382857099995,-0.0325963426286,-0.0004638726857000685,1
97,1779936081297,0.0011600382857099995,-0.0325963426286,-0.0004638726857000685,1
98,1779936081299,0.0011600382857099995,-0.0325963426286,-0.0004638726857000685,1
99,1779936081301,0.0011600382857099995,-0.0325963426286,-0.0004638726857000685,1
100,1779936081304,0.0019868382857099994,-0.033189142628599996,-0.00037807268570004375,2
101,1779936081306,0.0019868382857099994,-0.033189142628599996,-0.00037807268570004375,2
102,1779936081309,0.0019868382857099994,-0.033189142628599996,-0.00037807268570004375,2
103,1779936081311,0.0011210382857099995,-0.033427042628599996,-0.00030007268570002125,1
104,1779936081313,0.0011210382857099995,-0.033427042628599996,-0.00030007268570002125,1
105,1779936081316,0.0011210382857099995,-0.033427042628599996,-0.00030007268570002125,1
106,1779936081318,0.0011210382857099995,-0.033454342628599996,-0.0001518726856999785,1
107,1779936081320,0.0009611382857100002,-0.033454342628599996,-0.0001518726856999785,1
108,1779936081323,0.0009611382857100002,-0.033454342628599996,-0.0001518726856999785,1
109,1779936081325,0.0009611382857100002,-0.033454342628599996,-0.0001518726856999785,1
110,1779936081327,0.00041903828571,-0.033376342628599995,-0.0001479726857000329,1
111,1779936081330,0.00041903828571,-0.033376342628599995,-0.0001479726857000329,1
112,1779936081332,0.00041903828571,-0.033376342628599995,-0.0001479726857000329,1
113,1779936081335,0.0003683382857100001,-0.0332983426286,-1.1472685700049043e-05,1
114,1779936081337,0.0003683382857100001,-0.0332983426286,-1.1472685700049043e-05,1
115,1779936081339,0.0003683382857100001,-0.0332983426286,-1.1472685700049043e-05,1
116,1779936081342,0.0003683382857100001,-0.0332983426286,-1.1472685700049043e-05,1
117,1779936081344,0.00032543828570999987,-0.0332125426286,-0.0005145726857000276,1
118,1779936081346,0.00032543828570999987,-0.0332125426286,-0.0005145726857000276,1
119,1779936081349,0.00032543828570999987,-0.0332125426286,-0.0005145726857000276,1
120,1779936081351,0.0008714382857099995,-0.033021442628599997,-8.55726857000149e-05,1
121,1779936081353,0.0008714382857099995,-0.033021442628599997,-8.55726857000149e-05,1
122,1779936081356,0.0008714382857099995,-0.033021442628599997,-8.55726857000149e-05,1
123,1779936081358,0.0008714382857099995,-0.0330487426286,-0.0007251726856999773,1
124,1779936081360,0.0015266382857099994,-0.0330487426286,-0.0007251726856999773,1
0,1779936081398,9.533828570999943e-05,-0.0319255426286,-0.00039757268569999386,1
1,1779936081457,4.853828570999981e-05,-0.0319957426286,0.0002147273143000162,1
2,1779936081460,0.00048143828570999976,-0.0322414426286,-0.0001635726857000374,1
3,1779936081462,0.00048143828570999976,-0.0322414426286,-0.0001635726857000374,1
4,1779936081464,0.0016358382857100005,-0.033091642628599996,-0.0005847726857000479,1
5,1779936081467,0.0016358382857100005,-0.033091642628599996,-0.0005847726857000479,1
6,1779936081469,0.0016358382857100005,-0.033091642628599996,-0.0005847726857000479,1
7,1779936081471,0.00227153828571,-0.0327874426286,-0.00047557268570001636,2
8,1779936081474,0.00227153828571,-0.0327874426286,-0.00047557268570001636,2
9,1779936081476,0.00227153828571,-0.0327874426286,-0.00047557268570001636,2
10,1779936081479,0.00227153828571,-0.0329707426286,-0.0007563726856999863,2
11,1779936081481,0.0018620382857099998,-0.0329707426286,-0.0007563726856999863,2
12,1779936081483,0.0018620382857099998,-0.0329707426286,-0.0007563726856999863,2
13,1779936081486,0.0018620382857099998,-0.0329707426286,-0.0007563726856999863,2
14,1779936081488,0.0004658382857099996,-0.0328108426286,0.0002342273142999663,1
15,1779936081490,0.0004658382857099996,-0.0328108426286,0.0002342273142999663,1
16,1779936081493,0.0004658382857099996,-0.0328108426286,0.0002342273142999663,1
17,1779936081495,0.00015773828571000008,-0.0329785426286,-0.00019087268569998976,1
18,1779936081497,0.00015773828571000008,-0.0329785426286,-0.00019087268569998976,1
19,1779936081500,0.00015773828571000008,-0.0329785426286,-0.00019087268569998976,1
20,1779936081502,0.00015773828571000008,-0.0329785426286,-0.00019087268569998976,1
21,1779936081504,-0.0002595617142900006,-0.0330721426286,0.0005969273143000154,1
22,1779936081507,-0.0002595617142900006,-0.0330721426286,0.0005969273143000154,1
23,1779936081509,-0.0002595617142900006,-0.0330721426286,0.0005969273143000154,1
24,1779936081512,0.0006725382857100002,-0.0334348426286,-0.00011287268569996727,1
25,1779936081514,0.0006725382857100002,-0.0334348426286,-0.00011287268569996727,1
26,1779936081516,0.0006725382857100002,-0.0334348426286,-0.00011287268569996727,1
27,1779936081519,0.0006725382857100002,-0.0336103426286,-0.000573072685699989,1
28,1779936081521,0.00081293828571,-0.0336103426286,-0.000573072685699989,1
29,1779936081523,0.00081293828571,-0.0336103426286,-0.000573072685699989,1
30,1779936081526,0.00081293828571,-0.0336103426286,-0.000573072685699989,1
31,1779936081528,0.00177233828571,-0.033762442628599995,-0.00019087268569998976,2
32,1779936081530,0.00177233828571,-0.033762442628599995,-0.00019087268569998976,2
33,1779936081533,0.00177233828571,-0.033762442628599995,-0.00019087268569998976,2
34,1779936081535,0.00170603828571,-0.0338482426286,7.042731430003009e-05,2
35,1779936081537,0.00170603828571,-0.0338482426286,7.042731430003009e-05,2
36,1779936081540,0.00170603828571,-0.0338482426286,7.042731430003009e-05,2
37,1779936081542,0.00170603828571,-0.0338482426286,7.042731430003009e-05,2
38,1779936081545,0.0011522382857099998,-0.0333256426286,-0.00033517268569997587,1
39,1779936081547,0.0011522382857099998,-0.0333256426286,-0.00033517268569997587,1
40,1779936081549,0.0011522382857099998,-0.0333256426286,-0.00033517268569997587,1
41,1779936081552,0.0006179382857100001,-0.0327796426286,-0.0003702726857000415,1
42,1779936081554,0.0006179382857100001,-0.0327796426286,-0.0003702726857000415,1
43,1779936081556,0.0006179382857100001,-0.0327796426286,-0.0003702726857000415,1
44,1779936081559,0.0006179382857100001,-0.0318163426286,-0.00025327268570000776,1
45,1779936081561,-0.0003882617142900004,-0.0318163426286,-0.00025327268570000776,1
46,1779936081564,-0.0003882617142900004,-0.0318163426286,-0.00025327268570000776,1
47,1779936081566,-0.0003882617142900004,-0.0318163426286,-0.00025327268570000776,1
48,1779936081568,-0.0005091617142900006,-0.0317578426286,0.0001523273142999982,1
49,1779936081571,-0.0005091617142900006,-0.0317578426286,0.0001523273142999982,1
50,1779936081573,-0.0005091617142900006,-0.0317578426286,0.0001523273142999982,1
51,1779936081575,0.0010976382857099997,-0.031691542628599995,-2.7072685700053542e-05,1
52,1779936081578,0.0010976382857099997,-0.031691542628599995,-2.7072685700053542e-05,1
53,1779936081580,0.0010976382857099997,-0.031691542628599995,-2.7072685700053542e-05,1
54,1779936081582,0.0010976382857099997,-0.031691542628599995,-2.7072685700053542e-05,1
55,1779936081585,0.0017957382857099998,-0.0330721426286,-0.000573072685699989,2
56,1779936081587,0.0017957382857099998,-0.0330721426286,-0.000573072685699989,2
57,1779936081589,0.0017957382857099998,-0.0330721426286,-0.000573072685699989,2
58,1779936081592,0.0014486382857099994,-0.0335011426286,-4.267268570005804e-05,1
59,1779936081594,0.0014486382857099994,-0.0335011426286,-4.267268570005804e-05,1
60,1779936081596,0.0014486382857099994,-0.0335011426286,-4.267268570005804e-05,1
61,1779936081599,0.0014486382857099994,-0.0333724426286,-0.00038197268569998936,1
62,1779936081601,0.00122243828571,-0.0333724426286,-0.00038197268569998936,1
63,1779936081604,0.00122243828571,-0.0333724426286,-0.00038197268569998936,1
64,1779936081606,0.00122243828571,-0.0333724426286,-0.00038197268569998936,1
65,1779936081608,0.0005867382857099998,-0.0326782426286,-9.337268570001715e-05,1
66,1779936081611,0.0005867382857099998,-0.0326782426286,-9.337268570001715e-05,1
67,1779936081613,0.0005867382857099998,-0.0326782426286,-9.337268570001715e-05,1
68,1779936081615,0.0005789382857100001,-0.0327289426286,-0.0006159726857000569,1
69,1779936081618,0.0005789382857100001,-0.0327289426286,-0.0006159726857000569,1
70,1779936081620,0.0005789382857100001,-0.0327289426286,-0.0006159726857000569,1
71,1779936081622,0.0005789382857100001,-0.0327289426286,-0.0006159726857000569,1
72,1779936081625,-0.0001425617142899998,-0.0329707426286,0.0003317273142999389,1
73,1779936081627,-0.0001425617142899998,-0.0329707426286,0.0003317273142999389,1
74,1779936081630,-0.0001425617142899998,-0.0329707426286,0.0003317273142999389,1
75,1779936081632,0.0008948382857100002,-0.0329278426286,-0.000323472685700028,1
76,1779936081634,0.0008948382857100002,-0.0329278426286,-0.000323472685700028,1
77,1779936081637,0.0008948382857100002,-0.0329278426286,-0.000323472685700028,1
78,1779936081639,0.0008948382857100002,-0.0331111426286,-0.0002766726857000145,1
79,1779936081641,0.0014876382857099994,-0.0331111426286,-0.0002766726857000145,1
80,1779936081644,0.0014876382857099994,-0.0331111426286,-0.0002766726857000145,1
81,1779936081646,0.0014876382857099994,-0.0331111426286,-0.0002766726857000145,1
82,1779936081648,0.0014993382857100002,-0.0329161426286,-0.0005535726857000389,1
83,1779936081651,0.0014993382857100002,-0.0329161426286,-0.0005535726857000389,1
84,1779936081653,0.0014993382857100002,-0.0329161426286,-0.0005535726857000389,1
85,1779936081655,0.0011366382857099996,-0.0327211426286,-0.00039757268569999386,1
86,1779936081658,0.0011366382857099996,-0.0327211426286,-0.00039757268569999386,1
87,1779936081660,0.0011366382857099996,-0.0327211426286,-0.00039757268569999386,1
88,1779936081663,0.0011366382857099996,-0.0327211426286,-0.00039757268569999386,1
89,1779936081665,0.0005204382857099997,-0.0322180426286,-0.0006003726857000524,1
90,1779936081669,0.0005204382857099997,-0.0322180426286,-0.0006003726857000524,1
91,1779936081671,0.00037613828570999975,-0.0320698426286,-0.0004053726856999961,1
92,1779936081674,0.00037613828570999975,-0.0320698426286,-0.0004053726856999961,1
93,1779936081676,0.00037613828570999975,-0.0320698426286,-0.0004053726856999961,1
94,1779936081678,0.00037613828570999975,-0.0320698426286,-0.0004053726856999961,1
95,1779936081681,0.00035273828570999994,-0.0321829426286,0.00023812731430002294,1
96,1779936081683,0.00035273828570999994,-0.0321829426286,0.00023812731430002294,1
97,1779936081686,0.00035273828570999994,-0.0321829426286,0.00023812731430002294,1
98,1779936081688,0.0007934382857099995,-0.032467642628599996,-0.0001323726857000284,1
99,1779936081691,0.0007934382857099995,-0.032467642628599996,-0.0001323726857000284,1
100,1779936081696,0.0015032382857099996,-0.0329122426286,-0.000448272685700064,1
101,1779936081699,0.0015032382857099996,-0.0329122426286,-0.000448272685700064,1
102,1779936081701,0.0015032382857099996,-0.0329122426286,-0.000448272685700064,1
103,1779936081704,0.0013550382857100002,-0.0333607426286,-0.00020257268570004865,1
104,1779936081706,0.0013550382857100002,-0.0333607426286,-0.00020257268570004865,1
105,1779936081708,0.0013550382857100002,-0.0333607426286,-0.00020257268570004865,1
106,1779936081711,0.0013550382857100002,-0.0333607426286,-0.00031957268569997137,1
107,1779936081713,0.0008480382857099997,-0.0335089426286,-0.00031957268569997137,1
108,1779936081716,0.0008480382857099997,-0.0335089426286,-0.00031957268569997137,1
109,1779936081718,0.0008480382857099997,-0.0335089426286,-0.00031957268569997137,1
110,1779936081720,0.0007154382857099996,-0.033473842628599995,-0.0007251726856999773,1
111,1779936081723,0.0007154382857099996,-0.033473842628599995,-0.0007251726856999773,1
112,1779936081725,0.0007154382857099996,-0.033473842628599995,-0.0007251726856999773,1
113,1779936081727,0.0007895382857100001,-0.0335362426286,2.362731430001659e-05,1
114,1779936081730,0.0007895382857100001,-0.0335362426286,2.362731430001659e-05,1
115,1779936081732,0.0007895382857100001,-0.0335362426286,2.362731430001659e-05,1
116,1779936081734,0.0007895382857100001,-0.0335362426286,2.362731430001659e-05,1
117,1779936081737,-0.0003063617142900002,-0.0328264426286,-0.00018697268570004415,1
118,1779936081739,-0.0003063617142900002,-0.0328264426286,-0.00018697268570004415,1
119,1779936081741,-0.0003063617142900002,-0.0328264426286,-0.00018697268570004415,1
120,1779936081744,-0.0009693617142900006,-0.0324130426286,-7.572685699992407e-06,1
121,1779936081746,-0.0009693617142900006,-0.0324130426286,-7.572685699992407e-06,1
122,1779936081749,-0.0009693617142900006,-0.0324130426286,-7.572685699992407e-06,1
123,1779936081751,-0.0009693617142900006,-0.0324130426286,-0.0002883726857000734,1
124,1779936081753,0.0013199382857099996,-0.0325846426286,-0.0002883726857000734,1
0,1779936081766,0.00218183828571,-0.0338053426286,1.9727314299959955e-05,2
1,1779936081793,0.0013745382857099997,-0.031933342628599995,0.0005930273142999588,1
2,1779936081849,0.0013745382857099997,-0.031933342628599995,0.0005930273142999588,1
3,1779936081854,0.00110153828571,-0.0330721426286,0.0011975273142999666,1
4,1779936081857,0.002454838285709999,-0.0334582426286,-0.00033127268570003025,2
5,1779936081859,0.002454838285709999,-0.0334582426286,-0.00033127268570003025,2
6,1779936081861,0.002454838285709999,-0.0334582426286,-0.00033127268570003025,2
7,1779936081864,0.00204923828571,-0.0333139426286,-0.0010254726857000084,2
8,1779936081866,0.00204923828571,-0.0333139426286,-0.0010254726857000084,2
9,1779936081869,0.00204923828571,-0.0333139426286,-0.0010254726857000084,2
10,1779936081871,0.00204923828571,-0.0333139426286,-0.0010254726857000084,2
11,1779936081873,0.00024353828570999967,-0.0322180426286,-0.0002961726856999646,1
12,1779936081876,0.00024353828570999967,-0.0322180426286,-0.0002961726856999646,1
13,1779936081878,0.00024353828570999967,-0.0322180426286,-0.0002961726856999646,1
14,1779936081880,0.0006842382857100001,-0.0313405426286,0.0004097273142999614,1
15,1779936081883,0.0006842382857100001,-0.0313405426286,0.0004097273142999614,1
16,1779936081885,0.0006842382857100001,-0.0313405426286,0.0004097273142999614,1
17,1779936081887,0.0006842382857100001,-0.0313405426286,-0.0007992726857000542,1
18,1779936081890,0.0017840382857099999,-0.0319723426286,-0.0007992726857000542,2
19,1779936081892,0.0017840382857099999,-0.0319723426286,-0.0007992726857000542,2
20,1779936081894,0.0017840382857099999,-0.0319723426286,-0.0007992726857000542,2
21,1779936081897,0.0008480382857099997,-0.0336571426286,-0.001828872685700018,1
22,1779936081899,0.0008480382857099997,-0.0336571426286,-0.001828872685700018,1
23,1779936081902,0.0008480382857099997,-0.0336571426286,-0.001828872685700018,1
24,1779936081904,0.0002669382857099995,-0.0327328426286,-0.0008343726857000088,1
25,1779936081906,0.0002669382857099995,-0.0327328426286,-0.0008343726857000088,1
26,1779936081909,0.0002669382857099995,-0.0327328426286,-0.0008343726857000088,1
27,1779936081911,0.0002669382857099995,-0.0327328426286,-0.0008343726857000088,1
28,1779936081913,0.0006335382857099994,-0.0322141426286,0.0002342273142999663,1
29,1779936081916,0.0006335382857099994,-0.0322141426286,0.0002342273142999663,1
30,1779936081918,0.0006335382857099994,-0.0322141426286,0.0002342273142999663,1
31,1779936081920,0.0009650382857099996,-0.0330682426286,0.00028882731429998205,1
32,1779936081923,0.0009650382857099996,-0.0330682426286,0.00028882731429998205,1
33,1779936081925,0.0009650382857099996,-0.0330682426286,0.00028882731429998205,1
34,1779936081928,0.0009650382857099996,-0.0330682426286,-0.0005535726857000389,1
35,1779936081930,0.0016826382857100001,-0.0342031426286,-0.0005535726857000389,1
36,1779936081932,0.0016826382857100001,-0.0342031426286,-0.0005535726857000389,1
37,1779936081935,0.0016826382857100001,-0.0342031426286,-0.0005535726857000389,1
38,1779936081937,0.00077393828571,-0.0347101426286,0.00044482731430002705,1
39,1779936081939,0.00077393828571,-0.0347101426286,0.00044482731430002705,1
40,1779936081942,0.00077393828571,-0.0347101426286,0.00044482731430002705,1
41,1779936081944,0.0014135382857099997,-0.0333451426286,0.00028882731429998205,1
42,1779936081946,0.0014135382857099997,-0.0333451426286,0.00028882731429998205,1
43,1779936081949,0.0014135382857099997,-0.0333451426286,0.00028882731429998205,1
44,1779936081951,0.0014135382857099997,-0.0333451426286,0.00028882731429998205,1
45,1779936081954,0.0005555382857099994,-0.0322999426286,-0.00023377268570005764,1
46,1779936081956,0.0005555382857099994,-0.0322999426286,-0.00023377268570005764,1
47,1779936081958,0.0005555382857099994,-0.0322999426286,-0.00023377268570005764,1
48,1779936081961,1.7338285709999485e-05,-0.0321439426286,-0.0010761726856999675,1
49,1779936081963,1.7338285709999485e-05,-0.0321439426286,-0.0010761726856999675,1
50,1779936081965,1.7338285709999485e-05,-0.0321439426286,-0.0010761726856999675,1
51,1779936081968,1.7338285709999485e-05,-0.0320932426286,-0.0006393726857000636,1
52,1779936081970,7.973828571000013e-05,-0.0320932426286,-0.0006393726857000636,1
53,1779936081972,7.973828571000013e-05,-0.0320932426286,-0.0006393726857000636,1
54,1779936081975,7.973828571000013e-05,-0.0320932426286,-0.0006393726857000636,1
55,1779936081977,0.00139013828571,-0.0329707426286,-3.8772685700001405e-05,1
56,1779936081980,0.00139013828571,-0.0329707426286,-3.8772685700001405e-05,1
57,1779936081982,0.00139013828571,-0.0329707426286,-3.8772685700001405e-05,1
58,1779936081984,0.001678738285709999,-0.0326197426286,-0.0007797726856999931,1
59,1779936081987,0.001678738285709999,-0.0326197426286,-0.0007797726856999931,1
60,1779936081989,0.001678738285709999,-0.0326197426286,-0.0007797726856999931,1
61,1779936081991,0.001678738285709999,-0.0326197426286,-0.0007797726856999931,1
62,1779936081994,-1.3861714289999973e-05,-0.0328147426286,0.0001562273142999438,1
63,1779936081996,-1.3861714289999973e-05,-0.0328147426286,0.0001562273142999438,1
64,1779936081998,-1.3861714289999973e-05,-0.0328147426286,0.0001562273142999438,1
65,1779936082001,0.0005282382857099994,-0.0327094426286,0.00048382731429992727,1
66,1779936082003,0.0005282382857099994,-0.0327094426286,0.00048382731429992727,1
67,1779936082005,0.0005282382857099994,-0.0327094426286,0.00048382731429992727,1
68,1779936082008,0.0005282382857099994,-0.0332866426286,-0.0009591726857000448,1
69,1779936082010,0.0018542382857099993,-0.0332866426286,-0.0009591726857000448,2
70,1779936082013,0.0018542382857099993,-0.0332866426286,-0.0009591726857000448,2
71,1779936082015,0.0018542382857099993,-0.0332866426286,-0.0009591726857000448,2
72,1779936082017,0.0008831382857099994,-0.033329542628599995,-0.0012828726856999716,1
73,1779936082020,0.0008831382857099994,-0.033329542628599995,-0.0012828726856999716,1
74,1779936082022,0.0008831382857099994,-0.033329542628599995,-0.0012828726856999716,1
75,1779936082024,0.00032933828571000013,-0.0334192426286,0.0008699273142999831,1
76,1779936082027,0.00032933828571000013,-0.0334192426286,0.0008699273142999831,1
77,1779936082029,0.00032933828571000013,-0.0334192426286,0.0008699273142999831,1
78,1779936082031,0.00032933828571000013,-0.0334192426286,0.0008699273142999831,1
79,1779936082034,0.0005984382857099997,-0.0335050426286,0.0001406273142999393,1
80,1779936082036,0.0005984382857099997,-0.0335050426286,0.0001406273142999393,1
81,1779936082038,0.0005984382857099997,-0.0335050426286,0.0001406273142999393,1
82,1779936082041,0.0008168382857100002,-0.0331774426286,-0.0011268726857000377,1
83,1779936082043,0.0008168382857100002,-0.0331774426286,-0.0011268726857000377,1
84,1779936082046,0.0008168382857100002,-0.0331774426286,-0.0011268726857000377,1
85,1779936082048,0.0008168382857100002,-0.0331774426286,-0.0009201726857000336,1
86,1779936082050,0.0014642382857099996,-0.0324598426286,-0.0009201726857000336,1
87,1779936082053,0.0014642382857099996,-0.0324598426286,-0.0009201726857000336,1
88,1779936082055,0.0014642382857099996,-0.0324598426286,-0.0009201726857000336,1
89,1779936082057,0.0004658382857099996,-0.0324403426286,0.00022642731429996406,1
90,1779936082060,0.0004658382857099996,-0.0324403426286,0.00022642731429996406,1
91,1779936082062,0.0004658382857099996,-0.0324403426286,0.00022642731429996406,1
92,1779936082065,0.0005828382857099995,-0.0320737426286,-0.0004989726857000231,1
93,1779936082069,0.0005828382857099995,-0.0320737426286,-0.0004989726857000231,1
94,1779936082071,0.0005828382857099995,-0.0320737426286,-0.0004989726857000231,1
95,1779936082073,0.0006335382857099994,-0.0322297426286,0.00012892731429999145,1
96,1779936082076,0.0006335382857099994,-0.0322297426286,0.00012892731429999145,1
97,1779936082078,0.0006335382857099994,-0.0322297426286,0.00012892731429999145,1
98,1779936082081,-9.961714290000583e-06,-0.0321556426286,-0.00035077268569998037,1
99,1779936082083,-9.961714290000583e-06,-0.0321556426286,-0.00035077268569998037,1
100,1779936082085,-9.961714290000583e-06,-0.0321556426286,-0.00035077268569998037,1
101,1779936082088,-9.961714290000583e-06,-0.0321556426286,-0.00035077268569998037,1
102,1779936082090,0.00077393828571,-0.0323506426286,-0.0005067726857000254,1
103,1779936082092,0.00077393828571,-0.0323506426286,-0.0005067726857000254,1
104,1779936082095,0.00077393828571,-0.0323506426286,-0.0005067726857000254,1
105,1779936082097,0.00149543828571,-0.0328186426286,-0.00030397268569996687,1
106,1779936082099,0.00149543828571,-0.0328186426286,-0.00030397268569996687,1
107,1779936082102,0.00149543828571,-0.0328186426286,-0.00030397268569996687,1
108,1779936082104,0.00149543828571,-0.0335752426286,0.00019132731430000945,1
109,1779936082107,0.0009221382857099994,-0.0335752426286,0.00019132731430000945,1
110,1779936082109,0.0009221382857099994,-0.0335752426286,0.00019132731430000945,1
111,1779936082111,0.0009221382857099994,-0.0335752426286,0.00019132731430000945,1
112,1779936082114,0.0008909382857099999,-0.0344215426286,0.0002459273143000252,1
113,1779936082116,0.0008909382857099999,-0.0344215426286,0.0002459273143000252,1
114,1779936082118,0.0008909382857099999,-0.0344215426286,0.0002459273143000252,1
115,1779936082121,0.0010976382857099997,-0.033887242628599996,-0.0005067726857000254,1
116,1779936082123,0.0010976382857099997,-0.033887242628599996,-0.0005067726857000254,1
117,1779936082125,0.0010976382857099997,-0.033887242628599996,-0.0005067726857000254,1
118,1779936082128,0.0010976382857099997,-0.033887242628599996,-0.0005067726857000254,1
119,1779936082130,0.0002864382857099999,-0.0329161426286,-0.000697872685700025,1
120,1779936082132,0.0002864382857099999,-0.0329161426286,-0.000697872685700025,1
121,1779936082135,0.0002864382857099999,-0.0329161426286,-0.000697872685700025,1
122,1779936082137,0.0005087382857099998,-0.0327367426286,-5.047268570006029e-05,1
123,1779936082140,0.0005087382857099998,-0.0327367426286,-5.047268570006029e-05,1
124,1779936082142,0.0005087382857099998,-0.0327367426286,-5.047268570006029e-05,1
0,1779936082219,0.00037613828570999975,-0.0326743426286,0.00042922731430002255,1
1,1779936082240,0.0015032382857099996,-0.0335167426286,-0.0006120726857000002,1
2,1779936082247,0.0006335382857099994,-0.0328381426286,-0.000323472685700028,1
3,1779936082250,0.0002552382857099996,-0.0328108426286,2.7527314299962205e-05,1
4,1779936082252,0.0002552382857099996,-0.0328108426286,2.7527314299962205e-05,1
5,1779936082254,0.0002552382857099996,-0.0328108426286,2.7527314299962205e-05,1
6,1779936082257,0.0008090382857099997,-0.0328264426286,-0.0004521726857000096,1
7,1779936082259,0.0008090382857099997,-0.0328264426286,-0.0004521726857000096,1
8,1779936082262,0.0008090382857099997,-0.0328264426286,-0.0004521726857000096,1
9,1779936082264,0.0008090382857099997,-0.0328264426286,-0.0004521726857000096,1
10,1779936082266,0.00048533828571,-0.0325456426286,0.00021082731429995956,1
11,1779936082269,0.00048533828571,-0.0325456426286,0.00021082731429995956,1
12,1779936082271,0.00048533828571,-0.0325456426286,0.00021082731429995956,1
13,1779936082273,0.0006608382857099995,-0.0332125426286,-0.000573072685699989,1
14,1779936082276,0.0006608382857099995,-0.0332125426286,-0.000573072685699989,1
15,1779936082278,0.0006608382857099995,-0.0332125426286,-0.000573072685699989,1
16,1779936082280,0.0006608382857099995,-0.0332125426286,-0.000323472685700028,1
17,1779936082283,0.0014915382857099996,-0.0342226426286,-0.000323472685700028,1
18,1779936082285,0.0014915382857099996,-0.0342226426286,-0.000323472685700028,1
19,1779936082288,0.0014915382857099996,-0.0342226426286,-0.000323472685700028,1
20,1779936082290,0.0009689382857099998,-0.0321868426286,-0.00047557268570001636,1
21,1779936082292,0.0009689382857099998,-0.0321868426286,-0.00047557268570001636,1
22,1779936082295,0.0009689382857099998,-0.0321868426286,-0.00047557268570001636,1
23,1779936082297,0.0006998382857099994,-0.0327094426286,7.43273142999757e-05,1
24,1779936082299,0.0006998382857099994,-0.0327094426286,7.43273142999757e-05,1
25,1779936082302,0.0006998382857099994,-0.0327094426286,7.43273142999757e-05,1
26,1779936082304,0.0006998382857099994,-0.0327094426286,7.43273142999757e-05,1
27,1779936082306,0.0007232382857100001,-0.0320971426286,-0.00045607268570006625,1
28,1779936082309,0.0007232382857100001,-0.0320971426286,-0.00045607268570006625,1
29,1779936082311,0.0007232382857100001,-0.0320971426286,-0.00045607268570006625,1
30,1779936082313,0.00105083828571,-0.0319567426286,-0.0006003726857000524,1
31,1779936082316,0.00105083828571,-0.0319567426286,-0.0006003726857000524,1
32,1779936082318,0.00105083828571,-0.0319567426286,-0.0006003726857000524,1
33,1779936082321,0.00105083828571,-0.0319567426286,-3.487268570005579e-05,1
34,1779936082323,0.00133943828571,-0.0328693426286,-3.487268570005579e-05,1
35,1779936082325,0.00133943828571,-0.0328693426286,-3.487268570005579e-05,1
36,1779936082328,0.00133943828571,-0.0328693426286,-3.487268570005579e-05,1
37,1779936082330,0.0012107382857100002,-0.0320932426286,-0.00042487268570005725,1
38,1779936082332,0.0012107382857100002,-0.0320932426286,-0.00042487268570005725,1
39,1779936082335,0.0012107382857100002,-0.0320932426286,-0.00042487268570005725,1
40,1779936082337,0.0011717382857100002,-0.0331150426286,-3.6726857000467933e-06,1
41,1779936082339,0.0011717382857100002,-0.0331150426286,-3.6726857000467933e-06,1
42,1779936082342,0.0011717382857100002,-0.0331150426286,-3.6726857000467933e-06,1
43,1779936082344,0.0011717382857100002,-0.0331150426286,-3.6726857000467933e-06,1
44,1779936082347,0.0006023382857099999,-0.0323974426286,-0.0004989726857000231,1
45,1779936082349,0.0006023382857099999,-0.0323974426286,-0.0004989726857000231,1
46,1779936082351,0.0006023382857099999,-0.0323974426286,-0.0004989726857000231,1
47,1779936082354,-8.016171429000001e-05,-0.0336103426286,-0.0003117726856999691,1
48,1779936082356,-8.016171429000001e-05,-0.0336103426286,-0.0003117726856999691,1
49,1779936082358,-8.016171429000001e-05,-0.0336103426286,-0.0003117726856999691,1
50,1779936082361,-8.016171429000001e-05,-0.0336103426286,-0.00015967268569998076,1
51,1779936082363,0.00027473828571,-0.0334036426286,-0.00015967268569998076,1
52,1779936082365,0.00027473828571,-0.0334036426286,-0.00015967268569998076,1
53,1779936082368,0.00027473828571,-0.0334036426286,-0.00015967268569998076,1
54,1779936082370,0.0009338382857100001,-0.0337039426286,-0.0001167726857000239,1
55,1779936082373,0.0009338382857100001,-0.0337039426286,-0.0001167726857000239,1
56,1779936082375,0.0009338382857100001,-0.0337039426286,-0.0001167726857000239,1
57,1779936082377,0.00112883828571,-0.033329542628599995,-0.0005652726856999867,1
58,1779936082380,0.00112883828571,-0.033329542628599995,-0.0005652726856999867,1
59,1779936082382,0.00112883828571,-0.033329542628599995,-0.0005652726856999867,1
60,1779936082384,0.00112883828571,-0.033329542628599995,-0.0005652726856999867,1
61,1779936082387,0.0013862382857099996,-0.0335440426286,0.0001991273143000117,1
62,1779936082389,0.0013862382857099996,-0.0335440426286,0.0001991273143000117,1
63,1779936082392,0.0013862382857099996,-0.0335440426286,0.0001991273143000117,1
64,1779936082394,0.00140573828571,-0.0331306426286,-0.0009162726856999769,1
65,1779936082396,0.00140573828571,-0.0331306426286,-0.0009162726856999769,1
66,1779936082399,0.00140573828571,-0.0331306426286,-0.0009162726856999769,1
67,1779936082401,0.00140573828571,-0.0325066426286,-0.0005652726856999867,1
68,1779936082403,0.0010976382857099997,-0.0325066426286,-0.0005652726856999867,1
69,1779936082406,0.0010976382857099997,-0.0325066426286,-0.0005652726856999867,1
70,1779936082408,0.0010976382857099997,-0.0325066426286,-0.0005652726856999867,1
71,1779936082410,0.0004775382857099995,-0.0326782426286,-3.8772685700001405e-05,1
72,1779936082413,0.0004775382857099995,-0.0326782426286,-3.8772685700001405e-05,1
73,1779936082415,0.0004775382857099995,-0.0326782426286,-3.8772685700001405e-05,1
74,1779936082417,0.00014213828570999992,-0.0322414426286,-0.0001947726857000464,1
75,1779936082420,0.00014213828570999992,-0.0322414426286,-0.0001947726857000464,1
76,1779936082422,0.00014213828570999992,-0.0322414426286,-0.0001947726857000464,1
77,1779936082425,0.00014213828570999992,-0.0322414426286,-0.0001947726857000464,1
78,1779936082427,0.0003683382857100001,-0.0326041426286,-0.0002883726857000734,1
79,1779936082429,0.0003683382857100001,-0.0326041426286,-0.0002883726857000734,1
80,1779936082432,0.0003683382857100001,-0.0326041426286,-0.0002883726857000734,1
81,1779936082434,0.00137843828571,-0.0327016426286,-0.0005301726857000321,1
82,1779936082436,0.00137843828571,-0.0327016426286,-0.0005301726857000321,1
83,1779936082439,0.00137843828571,-0.0327016426286,-0.0005301726857000321,1
84,1779936082441,0.00137843828571,-0.0334309426286,-0.00017527268569998526,1
85,1779936082443,0.00108983828571,-0.0334309426286,-0.00017527268569998526,1
86,1779936082446,0.00108983828571,-0.0334309426286,-0.00017527268569998526,1
87,1779936082448,0.00108983828571,-0.0334309426286,-0.00017527268569998526,1
88,1779936082450,0.0007661382857099995,-0.033087742628599995,0.0001367273142999937,1
89,1779936082453,0.0007661382857099995,-0.033087742628599995,0.0001367273142999937,1
90,1779936082455,0.0007661382857099995,-0.033087742628599995,0.0001367273142999937,1
91,1779936082458,0.0012146382857099996,-0.0332398426286,-0.00020647268569999426,1
92,1779936082460,0.0012146382857099996,-0.0332398426286,-0.00020647268569999426,1
93,1779936082462,0.0012146382857099996,-0.0332398426286,-0.00020647268569999426,1
94,1779936082465,0.0012146382857099996,-0.0332398426286,-0.00020647268569999426,1
95,1779936082467,0.0005165382857099995,-0.0324286426286,-0.0015636726857000526,1
96,1779936082469,0.0005165382857099995,-0.0324286426286,-0.0015636726857000526,1
97,1779936082472,0.0005165382857099995,-0.0324286426286,-0.0015636726857000526,1
98,1779936082474,-0.0002868617142899998,-0.033310042628599996,-0.0002883726857000734,1
99,1779936082476,-0.0002868617142899998,-0.033310042628599996,-0.0002883726857000734,1
100,1779936082479,-0.0002868617142899998,-0.033310042628599996,-0.0002883726857000734,1
101,1779936082481,-0.0002868617142899998,-0.0324793426286,0.0004214273143000203,1
102,1779936082483,0.0006842382857100001,-0.0324793426286,0.0004214273143000203,1
103,1779936082486,0.0006842382857100001,-0.0324793426286,0.0004214273143000203,1
104,1779936082488,0.0006842382857100001,-0.0324793426286,0.0004214273143000203,1
105,1779936082491,0.00215063828571,-0.0342616426286,-0.00039367268570004825,2
106,1779936082493,0.00215063828571,-0.0342616426286,-0.00039367268570004825,2
107,1779936082495,0.00215063828571,-0.0342616426286,-0.00039367268570004825,2
108,1779936082498,0.0013316382857099995,-0.0340588426286,-0.0007992726857000542,1
109,1779936082500,0.0013316382857099995,-0.0340588426286,-0.0007992726857000542,1
110,1779936082502,0.0013316382857099995,-0.0340588426286,-0.0007992726857000542,1
111,1779936082505,0.0013316382857099995,-0.0340588426286,-0.0007992726857000542,1
112,1779936082507,0.00046973828570999986,-0.0337546426286,0.0002030273142999573,1
113,1779936082509,0.00046973828570999986,-0.0337546426286,0.0002030273142999573,1
114,1779936082512,0.00046973828570999986,-0.0337546426286,0.0002030273142999573,1
115,1779936082514,0.00013043828571,-0.0320971426286,0.0004877273142999839,1
116,1779936082517,0.00013043828571,-0.0320971426286,0.0004877273142999839,1
117,1779936082519,0.00013043828571,-0.0320971426286,0.0004877273142999839,1
118,1779936082521,0.00013043828571,-0.031551142628599996,-0.0007524726857000407,1
119,1779936082524,0.0008441382857099994,-0.031551142628599996,-0.0007524726857000407,1
120,1779936082526,0.0008441382857099994,-0.031551142628599996,-0.0007524726857000407,1
121,1779936082528,0.0008441382857099994,-0.031551142628599996,-0.0007524726857000407,1
122,1779936082531,0.0013706382857099995,-0.0320542426286,-0.0008694726856999634,1
123,1779936082533,0.0013706382857099995,-0.0320542426286,-0.0008694726856999634,1
124,1779936082535,0.0013706382857099995,-0.0320542426286,-0.0008694726856999634,1
0,1779936082547,0.0006608382857099995,-0.0319567426286,-7.572685699992407e-06,1
1,1779936082550,0.0006608382857099995,-0.0319567426286,-7.572685699992407e-06,1
2,1779936082552,0.0006608382857099995,-0.0319567426286,-7.572685699992407e-06,1
3,1779936082554,0.00198293828571,-0.0314341426286,0.00011332731429998695,2
4,1779936082557,0.00198293828571,-0.0314341426286,0.00011332731429998695,2
5,1779936082587,0.0010703382857099996,-0.0330136426286,8.212731429997795e-05,1
6,1779936082646,0.0010703382857099996,-0.0330136426286,8.212731429997795e-05,1
7,1779936082648,0.00043853828570999953,-0.0335128426286,0.00038242731430000905,1
8,1779936082651,0.0021233382857100006,-0.0339886426286,-0.001197072685700058,2
9,1779936082653,0.0021233382857100006,-0.0339886426286,-0.001197072685700058,2
10,1779936082655,0.0021233382857100006,-0.0339886426286,-0.001197072685700058,2
11,1779936082658,0.0014486382857099994,-0.0329512426286,-0.00018697268570004415,1
12,1779936082660,0.0014486382857099994,-0.0329512426286,-0.00018697268570004415,1
13,1779936082663,0.0014486382857099994,-0.0329512426286,-0.00018697268570004415,1
14,1779936082665,0.0014486382857099994,-0.0329512426286,-0.00018697268570004415,1
15,1779936082667,0.00077393828571,-0.0325963426286,0.0009830273142999602,1
16,1779936082670,0.00077393828571,-0.0325963426286,0.0009830273142999602,1
17,1779936082672,0.00077393828571,-0.0325963426286,0.0009830273142999602,1
18,1779936082674,0.0005126382857100001,-0.0316174426286,-0.0007953726856999976,1
19,1779936082677,0.0005126382857100001,-0.0316174426286,-0.0007953726856999976,1
20,1779936082679,0.0005126382857100001,-0.0316174426286,-0.0007953726856999976,1
21,1779936082681,0.0005126382857100001,-0.0316174426286,0.00016402731429994606,1
22,1779936082684,0.00046973828570999986,-0.0317383426286,0.00016402731429994606,1
23,1779936082686,0.00046973828570999986,-0.0317383426286,0.00016402731429994606,1
24,1779936082689,0.00046973828570999986,-0.0317383426286,0.00016402731429994606,1
25,1779936082691,0.001667038285709999,-0.0324598426286,0.0003317273142999389,1
26,1779936082693,0.001667038285709999,-0.0324598426286,0.0003317273142999389,1
27,1779936082696,0.001667038285709999,-0.0324598426286,0.0003317273142999389,1
28,1779936082698,0.0009923382857099997,-0.032752342628599995,-0.0009006726856999724,1
29,1779936082702,0.0009923382857099997,-0.032752342628599995,-0.0009006726856999724,1
30,1779936082705,0.0009923382857099997,-0.032752342628599995,-0.0009006726856999724,1
31,1779936082709,0.00101183828571,-0.0338326426286,-0.00012067268569996951,1
32,1779936082711,0.00101183828571,-0.0338326426286,-0.00012067268569996951,1
33,1779936082714,0.00101183828571,-0.0338326426286,-0.0011190726857000354,1
34,1779936082716,0.0017645382857099995,-0.0333022426286,-0.0011190726857000354,2
35,1779936082718,0.0017645382857099995,-0.0333022426286,-0.0011190726857000354,2
36,1779936082721,0.0017645382857099995,-0.0333022426286,-0.0011190726857000354,2
37,1779936082723,0.00016163828570999947,-0.0334933426286,-0.0011931726857000013,1
38,1779936082725,0.00016163828570999947,-0.0334933426286,-0.0011931726857000013,1
39,1779936082728,0.00016163828570999947,-0.0334933426286,-0.0011931726857000013,1
40,1779936082730,-0.0001425617142899998,-0.0335089426286,0.0001874273142999528,1
41,1779936082732,-0.0001425617142899998,-0.0335089426286,0.0001874273142999528,1
42,1779936082735,-0.0001425617142899998,-0.0335089426286,0.0001874273142999528,1
43,1779936082737,-0.0001425617142899998,-0.0335089426286,0.0001874273142999528,1
44,1779936082740,0.00029423828570999955,-0.0329395426286,-0.0004872726856999642,1
45,1779936082742,0.00029423828570999955,-0.0329395426286,-0.0004872726856999642,1
46,1779936082744,0.00029423828570999955,-0.0329395426286,-0.0004872726856999642,1
47,1779936082747,0.0007232382857100001,-0.0326002426286,-0.0008850726856999679,1
48,1779936082749,0.0007232382857100001,-0.0326002426286,-0.0008850726856999679,1
49,1779936082751,0.0007232382857100001,-0.0326002426286,-0.0008850726856999679,1
50,1779936082754,0.0007232382857100001,-0.0326002426286,0.0006359273143000266,1
51,1779936082756,0.0005945382857099994,-0.0326704426286,0.0006359273143000266,1
52,1779936082758,0.0005945382857099994,-0.0326704426286,0.0006359273143000266,1
53,1779936082761,0.0005945382857099994,-0.0326704426286,0.0006359273143000266,1
54,1779936082763,0.0018074382857099997,-0.0314146426286,0.00032002731429999105,2
55,1779936082765,0.0018074382857099997,-0.0314146426286,0.00032002731429999105,2
56,1779936082768,0.0018074382857099997,-0.0314146426286,0.00032002731429999105,2
57,1779936082770,0.0005399382857100002,-0.0313288426286,-0.0004209726857000006,1
58,1779936082772,0.0005399382857100002,-0.0313288426286,-0.0004209726857000006,1
59,1779936082775,0.0005399382857100002,-0.0313288426286,-0.0004209726857000006,1
60,1779936082777,0.0005399382857100002,-0.0313288426286,-0.0004209726857000006,1
61,1779936082780,0.0009377382857099995,-0.0321205426286,7.822731430003234e-05,1
62,1779936082782,0.0009377382857099995,-0.0321205426286,7.822731430003234e-05,1
63,1779936082784,0.0009377382857099995,-0.0321205426286,7.822731430003234e-05,1
64,1779936082787,0.0014330382857100001,-0.033618142628599995,-0.0007212726857000317,1
65,1779936082789,0.0014330382857100001,-0.033618142628599995,-0.0007212726857000317,1
66,1779936082791,0.0014330382857100001,-0.033618142628599995,-0.0007212726857000317,1
67,1779936082794,0.0014330382857100001,-0.033618142628599995,-0.0007368726857000362,1
68,1779936082796,0.0010820382857099995,-0.0348895426286,-0.0007368726857000362,1
69,1779936082799,0.0010820382857099995,-0.0348895426286,-0.0007368726857000362,1
70,1779936082801,0.0010820382857099995,-0.0348895426286,-0.0007368726857000362,1
71,1779936082803,0.0005984382857099997,-0.0352132426286,-0.0015168726857000391,1
72,1779936082806,0.0005984382857099997,-0.0352132426286,-0.0015168726857000391,1
73,1779936082808,0.0005984382857099997,-0.0352132426286,-0.0015168726857000391,1
74,1779936082810,-0.0015972617142900004,-0.0333373426286,0.00023812731430002294,1
75,1779936082813,-0.0015972617142900004,-0.0333373426286,0.00023812731430002294,1
76,1779936082815,-0.0015972617142900004,-0.0333373426286,0.00023812731430002294,1
77,1779936082817,-0.0015972617142900004,-0.0333373426286,0.00023812731430002294,1
78,1779936082820,0.0013433382857099994,-0.034320142628599996,-0.0001167726857000239,1
79,1779936082822,0.0013433382857099994,-0.034320142628599996,-0.0001167726857000239,1
80,1779936082824,0.0013433382857099994,-0.034320142628599996,-0.0001167726857000239,1
81,1779936082827,0.0011717382857100002,-0.0318982426286,-0.002160372685700058,1
82,1779936082829,0.0011717382857100002,-0.0318982426286,-0.002160372685700058,1
83,1779936082832,0.0011717382857100002,-0.0318982426286,-0.002160372685700058,1
84,1779936082834,0.0011717382857100002,-0.0318982426286,0.0019151273142999515,2
85,1779936082836,0.00056333828571,-0.0336415426286,0.0019151273142999515,2
86,1779936082839,0.00056333828571,-0.0336415426286,0.0019151273142999515,2
87,1779936082841,0.00056333828571,-0.0336415426286,0.0019151273142999515,2
88,1779936082843,0.0020297382857099996,-0.0318280426286,0.0011585273142999553,2
89,1779936082846,0.0020297382857099996,-0.0318280426286,0.0011585273142999553,2
90,1779936082848,0.0020297382857099996,-0.0318280426286,0.0011585273142999553,2
91,1779936082850,0.00284873828571,-0.0314809426286,-0.0019185726856999884,2
92,1779936082853,0.00284873828571,-0.0314809426286,-0.0019185726856999884,2
93,1779936082855,0.00284873828571,-0.0314809426286,-0.0019185726856999884,2
94,1779936082857,0.00284873828571,-0.0314809426286,-0.0019185726856999884,2
95,1779936082860,0.00133943828571,-0.0315394426286,-4.6572685700003655e-05,1
96,1779936082862,0.00133943828571,-0.0315394426286,-4.6572685700003655e-05,1
97,1779936082865,0.00133943828571,-0.0315394426286,-4.6572685700003655e-05,1
98,1779936082867,0.0006257382857099997,-0.030907642628599998,0.0005189273142999929,1
99,1779936082872,0.0006257382857099997,-0.030907642628599998,0.0005189273142999929,1
100,1779936082874,0.0006257382857099997,-0.0321049426286,-0.0005379726857000344,1
101,1779936082877,-0.00057936171429,-0.0321049426286,-0.0005379726857000344,1
102,1779936082879,-0.00057936171429,-0.0321049426286,-0.0005379726857000344,1
103,1779936082881,-0.00057936171429,-0.0321049426286,-0.0005379726857000344,1
104,1779936082884,0.00020063828570999944,-0.0325222426286,-0.0005613726857000411,1
105,1779936082886,0.00020063828570999944,-0.0325222426286,-0.0005613726857000411,1
106,1779936082888,0.00020063828570999944,-0.0325222426286,-0.0005613726857000411,1
107,1779936082891,0.00077393828571,-0.0333412426286,-0.00023767268570000326,1
108,1779936082893,0.00077393828571,-0.0333412426286,-0.00023767268570000326,1
109,1779936082896,0.00077393828571,-0.0333412426286,-0.00023767268570000326,1
110,1779936082898,0.00077393828571,-0.0333412426286,-0.00023767268570000326,1
111,1779936082900,0.0009416382857099998,-0.033813142628599996,-0.0006510726857000115,1
112,1779936082903,0.0009416382857099998,-0.033813142628599996,-0.0006510726857000115,1
113,1779936082905,0.0009416382857099998,-0.033813142628599996,-0.0006510726857000115,1
114,1779936082907,0.0018347382857100006,-0.0346165426286,-0.0008460726857000677,2
115,1779936082910,0.0018347382857100006,-0.0346165426286,-0.0008460726857000677,2
116,1779936082912,0.0018347382857100006,-0.0346165426286,-0.0008460726857000677,2
117,1779936082914,0.0018347382857100006,-0.035544742628599996,-0.0005574726856999845,2
118,1779936082917,0.0021584382857100003,-0.035544742628599996,-0.0005574726856999845,2
119,1779936082919,0.0021584382857100003,-0.035544742628599996,-0.0005574726856999845,2
120,1779936082921,0.0021584382857100003,-0.035544742628599996,-0.0005574726856999845,2
121,1779936082924,-0.0001152617142900006,-0.0343630426286,-6.217268570000815e-05,1
122,1779936082926,-0.0001152617142900006,-0.0343630426286,-6.217268570000815e-05,1
123,1779936082929,-0.0001152617142900006,-0.0343630426286,-6.217268570000815e-05,1
124,1779936082931,-0.0006144617142900006,-0.0329863426286,0.0009323273143000011,1
0,1779936082943,0.0018581382857100004,-0.0307321426286,-0.001247772685700017,2
1,1779936082945,0.0018581382857100004,-0.0307321426286,-0.001247772685700017,2
2,1779936082975,0.0016709382857100002,-0.031601842628599996,-0.0023319726856999966,1
3,1779936082978,0.0016709382857100002,-0.031601842628599996,-0.0023319726856999966,1
4,1779936083001,0.00059063828571,-0.0325417426286,-0.0011463726856999878,1
5,1779936083036,0.0008324382857099995,-0.0324949426286,-0.0009006726856999724,1
6,1779936083038,0.0008324382857099995,-0.0324949426286,-0.0009006726856999724,1
7,1779936083041,0.0008324382857099995,-0.0324949426286,-0.0009006726856999724,1
8,1779936083043,0.00081293828571,-0.0320698426286,0.00010162731429992806,1
9,1779936083045,0.00081293828571,-0.0320698426286,0.00010162731429992806,1
10,1779936083048,0.00081293828571,-0.0320698426286,0.00010162731429992806,1
11,1779936083050,0.00081293828571,-0.0320698426286,0.00010162731429992806,1
12,1779936083053,0.0006218382857099995,-0.0316837426286,6.262731430002784e-05,1
13,1779936083055,0.0006218382857099995,-0.0316837426286,6.262731430002784e-05,1
14,1779936083057,0.0006218382857099995,-0.0316837426286,6.262731430002784e-05,1
15,1779936083060,0.0025757382857099992,-0.0319801426286,-0.0001011726857000194,2
16,1779936083062,0.0025757382857099992,-0.0319801426286,-0.0001011726857000194,2
17,1779936083064,0.0025757382857099992,-0.0319801426286,-0.0001011726857000194,2
18,1779936083067,0.0025757382857099992,-0.0318007426286,-0.0011268726857000377,2
19,1779936083069,0.00254843828571,-0.0318007426286,-0.0011268726857000377,2
20,1779936083072,0.00254843828571,-0.0318007426286,-0.0011268726857000377,2
21,1779936083074,0.00254843828571,-0.0318007426286,-0.0011268726857000377,2
22,1779936083076,0.0006452382857100002,-0.0326743426286,-0.00020647268569999426,1
23,1779936083079,0.0006452382857100002,-0.0326743426286,-0.00020647268569999426,1
24,1779936083081,0.0006452382857100002,-0.0326743426286,-0.00020647268569999426,1
25,1779936083083,0.00011483828570999985,-0.0335323426286,0.0001835273143000072,1
26,1779936083086,0.00011483828570999985,-0.0335323426286,0.0001835273143000072,1
27,1779936083088,0.00011483828570999985,-0.0335323426286,0.0001835273143000072,1
28,1779936083090,0.00011483828570999985,-0.0335323426286,0.0001835273143000072,1
29,1779936083093,0.0001928382857099998,-0.0346204426286,-0.00047557268570001636,1
30,1779936083095,0.0001928382857099998,-0.0346204426286,-0.00047557268570001636,1
31,1779936083097,0.0001928382857099998,-0.0346204426286,-0.00047557268570001636,1
32,1779936083100,0.00036443828570999984,-0.035111842628599996,-0.0009903726857000538,1
33,1779936083102,0.00036443828570999984,-0.035111842628599996,-0.0009903726857000538,1
34,1779936083105,0.00036443828570999984,-0.035111842628599996,-0.0009903726857000538,1
35,1779936083107,0.00036443828570999984,-0.0358411426286,-0.00012847268569997176,1
36,1779936083109,0.00022403828571000012,-0.0358411426286,-0.00012847268569997176,1
37,1779936083112,0.00022403828571000012,-0.0358411426286,-0.00012847268569997176,1
38,1779936083114,0.00022403828571000012,-0.0358411426286,-0.00012847268569997176,1
39,1779936083116,-0.00015426171429000057,-0.0342070426286,6.262731430002784e-05,1
40,1779936083119,-0.00015426171429000057,-0.0342070426286,6.262731430002784e-05,1
41,1779936083121,-0.00015426171429000057,-0.0342070426286,6.262731430002784e-05,1
42,1779936083123,0.0011483382857099995,-0.0326977426286,-0.0002415726857000599,1
43,1779936083126,0.0011483382857099995,-0.0326977426286,-0.0002415726857000599,1
44,1779936083128,0.0011483382857099995,-0.0326977426286,-0.0002415726857000599,1
45,1779936083130,0.0011483382857099995,-0.0326977426286,-0.0002415726857000599,1
46,1779936083133,0.0014291382857099999,-0.0318007426286,-0.0005613726857000411,1
47,1779936083135,0.0014291382857099999,-0.0318007426286,-0.0005613726857000411,1
48,1779936083138,0.0014291382857099999,-0.0318007426286,-0.0005613726857000411,1
49,1779936083140,0.0020570382857100005,-0.0312820426286,-0.0017820726857000046,2
50,1779936083142,0.0020570382857100005,-0.0312820426286,-0.0017820726857000046,2
51,1779936083145,0.0020570382857100005,-0.0312820426286,-0.0017820726857000046,2
52,1779936083147,0.0020570382857100005,-0.0304084426286,-0.00022207268569999876,2
53,1779936083149,0.0006023382857099999,-0.0304084426286,-0.00022207268569999876,1
54,1779936083152,0.0006023382857099999,-0.0304084426286,-0.00022207268569999876,1
55,1779936083154,0.0006023382857099999,-0.0304084426286,-0.00022207268569999876,1
56,1779936083156,0.0005048382857099996,-0.0309466426286,0.0018878273142999991,2
57,1779936083159,0.0005048382857099996,-0.0309466426286,0.0018878273142999991,2
58,1779936083161,0.0005048382857099996,-0.0309466426286,0.0018878273142999991,2
59,1779936083163,0.0016904382857100006,-0.030837442628599998,-0.000385872685700046,1
60,1779936083166,0.0016904382857100006,-0.030837442628599998,-0.000385872685700046,1
61,1779936083168,0.0016904382857100006,-0.030837442628599998,-0.000385872685700046,1
62,1779936083171,0.0016904382857100006,-0.030837442628599998,-0.000385872685700046,1
63,1779936083173,0.0031724382857099996,-0.033622042628599996,-0.0011580726857000467,2
64,1779936083175,0.0031724382857099996,-0.033622042628599996,-0.0011580726857000467,2
65,1779936083178,0.0031724382857099996,-0.033622042628599996,-0.0011580726857000467,2
66,1779936083180,-0.0010746617142900006,-0.0326626426286,0.0008660273142999265,1
67,1779936083182,-0.0010746617142900006,-0.0326626426286,0.0008660273142999265,1
68,1779936083185,-0.0010746617142900006,-0.0326626426286,0.0008660273142999265,1
69,1779936083187,-0.0010746617142900006,-0.0339223426286,0.0017006273142999451,2
70,1779936083189,-0.0006807617142899998,-0.0339223426286,0.0017006273142999451,2
71,1779936083192,-0.0006807617142899998,-0.0339223426286,0.0017006273142999451,2
72,1779936083194,-0.0006807617142899998,-0.0339223426286,0.0017006273142999451,2
73,1779936083197,0.00136673828571,-0.0332671426286,-0.0028935726857000476,1
74,1779936083199,0.00136673828571,-0.0332671426286,-0.0028935726857000476,1
75,1779936083201,0.00136673828571,-0.0332671426286,-0.0028935726857000476,1
76,1779936083204,0.0013082382857099997,-0.0347374426286,-0.0033303726857000625,1
77,1779936083206,0.0013082382857099997,-0.0347374426286,-0.0033303726857000625,1
78,1779936083208,0.0013082382857099997,-0.0347374426286,-0.0033303726857000625,1
79,1779936083211,0.0013082382857099997,-0.0347374426286,0.0020321273142999852,2
80,1779936083213,0.0004034382857099998,-0.0348856426286,0.0020321273142999852,2
81,1779936083216,0.0004034382857099998,-0.0348856426286,0.0020321273142999852,2
82,1779936083218,0.0004034382857099998,-0.0348856426286,0.0020321273142999852,2
83,1779936083220,0.0013277382857100001,-0.0341056426286,0.0004955273142999862,1
84,1779936083223,0.0013277382857100001,-0.0341056426286,0.0004955273142999862,1
85,1779936083225,0.0013277382857100001,-0.0341056426286,0.0004955273142999862,1
86,1779936083228,0.0023456382857100005,-0.032943442628599995,-0.0013686726856999964,2
87,1779936083230,0.0023456382857100005,-0.032943442628599995,-0.0013686726856999964,2
88,1779936083232,0.0023456382857100005,-0.032943442628599995,-0.0013686726856999964,2
89,1779936083235,0.0023456382857100005,-0.032943442628599995,-0.0013686726856999964,2
90,1779936083237,0.00190493828571,-0.0333568426286,-0.0003273726856999736,2
91,1779936083239,0.00190493828571,-0.0333568426286,-0.0003273726856999736,2
92,1779936083242,0.00190493828571,-0.0333568426286,-0.0003273726856999736,2
93,1779936083244,-0.0005364617142899998,-0.0314692426286,0.001150727314299953,1
94,1779936083247,-0.0005364617142899998,-0.0314692426286,0.001150727314299953,1
95,1779936083249,-0.0005364617142899998,-0.0314692426286,0.001150727314299953,1
96,1779936083251,-0.00026346171428999997,-0.0321829426286,0.0011078273142999962,1
97,1779936083254,-0.00026346171428999997,-0.0321829426286,0.0011078273142999962,1
98,1779936083256,-0.00026346171428999997,-0.0321829426286,0.0011078273142999962,1
99,1779936083259,-0.00026346171428999997,-0.0321829426286,0.0011078273142999962,1
100,1779936083261,0.0009884382857099994,-0.0309895426286,-0.001122972685699981,1
101,1779936083263,0.0009884382857099994,-0.0309895426286,-0.001122972685699981,1
102,1779936083266,0.0009884382857099994,-0.0309895426286,-0.001122972685699981,1
103,1779936083268,0.0019439382857099992,-0.0319762426286,-0.0016650726856999708,2
104,1779936083271,0.0019439382857099992,-0.0319762426286,-0.0016650726856999708,2
105,1779936083274,0.0019439382857099992,-0.0319762426286,-0.0016650726856999708,2
106,1779936083276,0.0013550382857100002,-0.0311377426286,-0.00039757268569999386,1
107,1779936083279,0.0013550382857100002,-0.0311377426286,-0.00039757268569999386,1
108,1779936083281,0.0013550382857100002,-0.0311377426286,-0.00039757268569999386,1
109,1779936083283,0.0013550382857100002,-0.0317656426286,0.0009167273142999966,1
110,1779936083286,0.0010937382857099994,-0.0317656426286,0.0009167273142999966,1
111,1779936083288,0.0010937382857099994,-0.0317656426286,0.0009167273142999966,1
112,1779936083291,0.0010937382857099994,-0.0317656426286,0.0009167273142999966,1
113,1779936083293,-0.0001308617142899999,-0.0312859426286,-0.001185372685699999,1
114,1779936083295,-0.0001308617142899999,-0.0312859426286,-0.001185372685699999,1
115,1779936083298,-0.0001308617142899999,-0.0312859426286,-0.001185372685699999,1
116,1779936083300,0.0021077382857099996,-0.039339442628599994,0.0019112273143000059,2
117,1779936083302,0.0021077382857099996,-0.039339442628599994,0.0019112273143000059,2
118,1779936083305,0.0021077382857099996,-0.039339442628599994,0.0019112273143000059,2
119,1779936083307,0.0021077382857099996,-0.039339442628599994,-0.004461372685700056,2
120,1779936083309,0.0026069382857099995,-0.033618142628599995,-0.004461372685700056,2
121,1779936083312,0.0026069382857099995,-0.033618142628599995,-0.004461372685700056,2
122,1779936083314,0.0026069382857099995,-0.033618142628599995,-0.004461372685700056,2
123,1779936083317,-0.0012345617142899999,-0.0355486426286,0.0005501273143000019,1
124,1779936083319,-0.0012345617142899999,-0.0355486426286,0.0005501273143000019,1
0,1779936083331,-0.00470166171429,-0.0326002426286,0.005144327314299995,2
1,1779936083333,0.003808138285709999,-0.0332242426286,-0.0024606726856999783,2
2,1779936083362,0.003043738285709999,-0.0319450426286,0.0005930273142999588,2
3,1779936083421,0.00378083828571,-0.0313054426286,-0.004820172685700048,2
4,1779936083424,0.002322238285709999,-0.0329044426286,0.0007763273142999561,2
5,1779936083426,0.002322238285709999,-0.0329044426286,0.0007763273142999561,2
6,1779936083428,0.00357023828571,-0.032561242628599996,-0.0026049726856999644,2
7,1779936083431,0.00357023828571,-0.032561242628599996,-0.0026049726856999644,2
8,1779936083433,0.00357023828571,-0.032561242628599996,-0.0026049726856999644,2
9,1779936083436,0.00357023828571,-0.032561242628599996,-0.00034687268570003475,2
10,1779936083438,0.00116783828571,-0.0323116426286,-0.00034687268570003475,1
11,1779936083440,0.00116783828571,-0.0323116426286,-0.00034687268570003475,1
12,1779936083443,0.00116783828571,-0.0323116426286,-0.00034687268570003475,1
13,1779936083445,-0.0007392617142900001,-0.0320152426286,0.0019112273143000059,2
14,1779936083447,-0.0007392617142900001,-0.0320152426286,0.0019112273143000059,2
15,1779936083450,-0.0007392617142900001,-0.0320152426286,0.0019112273143000059,2
16,1779936083452,0.0009338382857100001,-0.0315316426286,-0.0008148726857000587,1
17,1779936083454,0.0009338382857100001,-0.0315316426286,-0.0008148726857000587,1
18,1779936083457,0.0009338382857100001,-0.0315316426286,-0.0008148726857000587,1
19,1779936083459,0.0009338382857100001,-0.0315316426286,-0.0008148726857000587,1
20,1779936083462,0.0009533382857099997,-0.0333061426286,-0.0029130726856999977,1
21,1779936083464,0.0009533382857099997,-0.0333061426286,-0.0029130726856999977,1
22,1779936083466,0.0009533382857099997,-0.0333061426286,-0.0029130726856999977,1
23,1779936083469,0.0007817382857099996,-0.033906742628599995,0.0008075273142999651,1
24,1779936083471,0.0007817382857099996,-0.033906742628599995,0.0008075273142999651,1
25,1779936083473,0.0007817382857099996,-0.033906742628599995,0.0008075273142999651,1
26,1779936083476,0.0007817382857099996,-0.033906742628599995,0.0006983273142999336,1
27,1779936083478,-0.00051306171429,-0.0340159426286,0.0006983273142999336,1
28,1779936083480,-0.00051306171429,-0.0340159426286,0.0006983273142999336,1
29,1779936083483,-0.00051306171429,-0.0340159426286,0.0006983273142999336,1
30,1779936083485,0.0012926382857099995,-0.0342265426286,-0.0012984726856999761,1
31,1779936083487,0.0012926382857099995,-0.0342265426286,-0.0012984726856999761,1
32,1779936083490,0.0012926382857099995,-0.0342265426286,-0.0012984726856999761,1
33,1779936083492,0.0018581382857100004,-0.0339028426286,-1.1472685700049043e-05,2
34,1779936083495,0.0018581382857100004,-0.0339028426286,-1.1472685700049043e-05,2
35,1779936083497,0.0018581382857100004,-0.0339028426286,-1.1472685700049043e-05,2
36,1779936083499,0.0018581382857100004,-0.0339028426286,-1.1472685700049043e-05,2
37,1779936083502,0.00028253828570999964,-0.0331423426286,-5.4372685700005904e-05,1
38,1779936083504,0.00028253828570999964,-0.0331423426286,-5.4372685700005904e-05,1
39,1779936083506,0.00028253828570999964,-0.0331423426286,-5.4372685700005904e-05,1
40,1779936083509,0.00014993828570999956,-0.0330175426286,-0.0001518726856999785,1
41,1779936083511,0.00014993828570999956,-0.0330175426286,-0.0001518726856999785,1
42,1779936083513,0.00014993828570999956,-0.0330175426286,-0.0001518726856999785,1
43,1779936083516,0.00014993828570999956,-0.0330175426286,-0.0009318726856999814,1
44,1779936083518,0.0022013382857100005,-0.0318475426286,-0.0009318726856999814,2
45,1779936083521,0.0022013382857100005,-0.0318475426286,-0.0009318726856999814,2
46,1779936083523,0.0022013382857100005,-0.0318475426286,-0.0009318726856999814,2
47,1779936083525,0.00144473828571,-0.0333958426286,-0.0005535726857000389,1
48,1779936083528,0.00144473828571,-0.0333958426286,-0.0005535726857000389,1
49,1779936083530,0.00144473828571,-0.0333958426286,-0.0005535726857000389,1
50,1779936083532,0.0018932382857100001,-0.0333412426286,0.0001367273142999937,2
51,1779936083535,0.0018932382857100001,-0.0333412426286,0.0001367273142999937,2
52,1779936083537,0.0018932382857100001,-0.0333412426286,0.0001367273142999937,2
53,1779936083539,0.0018932382857100001,-0.0333412426286,0.0001367273142999937,2
54,1779936083542,0.0016397382857099999,-0.0336766426286,0.0012404273143000345,1
55,1779936083544,0.0016397382857099999,-0.0336766426286,0.0012404273143000345,1
56,1779936083546,0.0016397382857099999,-0.0336766426286,0.0012404273143000345,1
57,1779936083549,-0.0006027617142899998,-0.0336337426286,0.00032002731429999105,1
58,1779936083551,-0.0006027617142899998,-0.0336337426286,0.00032002731429999105,1
59,1779936083554,-0.0006027617142899998,-0.0336337426286,0.00032002731429999105,1
60,1779936083556,-0.0006027617142899998,-0.0336337426286,0.0010103273143000236,1
61,1779936083558,-0.0005949617142900002,-0.0335635426286,0.0010103273143000236,1
62,1779936083561,-0.0005949617142900002,-0.0335635426286,0.0010103273143000236,1
63,1779936083563,-0.0005949617142900002,-0.0335635426286,0.0010103273143000236,1
64,1779936083565,-0.0005013617142900001,-0.0327094426286,-0.001497372685699978,1
65,1779936083568,-0.0005013617142900001,-0.0327094426286,-0.001497372685699978,1
66,1779936083570,-0.0005013617142900001,-0.0327094426286,-0.001497372685699978,1
67,1779936083573,0.0008207382857099996,-0.032799142628599995,-0.0025230726856999963,1
68,1779936083575,0.0008207382857099996,-0.032799142628599995,-0.0025230726856999963,1
69,1779936083577,0.0008207382857099996,-0.032799142628599995,-0.0025230726856999963,1
70,1779936083580,0.0008207382857099996,-0.032799142628599995,-0.0025230726856999963,1
71,1779936083582,0.001967338285709999,-0.032467642628599996,-0.0011190726857000354,2
72,1779936083584,0.001967338285709999,-0.032467642628599996,-0.0011190726857000354,2
73,1779936083587,0.001967338285709999,-0.032467642628599996,-0.0011190726857000354,2
74,1779936083589,0.0018659382857099992,-0.0324949426286,-0.00026497268570006664,2
75,1779936083591,0.0018659382857099992,-0.0324949426286,-0.00026497268570006664,2
76,1779936083594,0.0018659382857099992,-0.0324949426286,-0.00026497268570006664,2
77,1779936083596,0.0018659382857099992,-0.0325339426286,-0.00042487268570005725,2
78,1779936083599,0.00197123828571,-0.0325339426286,-0.00042487268570005725,2
79,1779936083601,0.00197123828571,-0.0325339426286,-0.00042487268570005725,2
80,1779936083603,0.00197123828571,-0.0325339426286,-0.00042487268570005725,2
81,1779936083606,0.0017489382857100002,-0.0318475426286,-0.0005028726856999687,2
82,1779936083608,0.0017489382857100002,-0.0318475426286,-0.0005028726856999687,2
83,1779936083610,0.0017489382857100002,-0.0318475426286,-0.0005028726856999687,2
84,1779936083613,-0.0002361617142899999,-0.032366242628599995,0.00091282731429994,1
85,1779936083615,-0.0002361617142899999,-0.032366242628599995,0.00091282731429994,1
86,1779936083617,-0.0002361617142899999,-0.032366242628599995,0.00091282731429994,1
87,1779936083620,-0.0002361617142899999,-0.032366242628599995,0.0002030273142999573,1
88,1779936083622,-7.626171429000062e-05,-0.0323857426286,0.0002030273142999573,1
89,1779936083625,-7.626171429000062e-05,-0.0323857426286,0.0002030273142999573,1
90,1779936083627,-7.626171429000062e-05,-0.0323857426286,0.0002030273142999573,1
91,1779936083629,0.00013043828571,-0.0337273426286,0.00013282731429993706,1
92,1779936083632,0.00013043828571,-0.0337273426286,0.00013282731429993706,1
93,1779936083634,0.00013043828571,-0.0337273426286,0.00013282731429993706,1
94,1779936083636,0.00013043828571,-0.0339769426286,-0.0003897726856999916,1
95,1779936083639,0.0006335382857099994,-0.0339769426286,-0.0003897726856999916,1
96,1779936083641,0.0006335382857099994,-0.0339769426286,-0.0003897726856999916,1
97,1779936083643,0.0006335382857099994,-0.0339769426286,-0.0003897726856999916,1
98,1779936083646,0.0013745382857099997,-0.0342226426286,0.0005228273142999385,1
99,1779936083648,0.0013745382857099997,-0.0342226426286,0.0005228273142999385,1
100,1779936083651,0.0013745382857099997,-0.0342226426286,0.0005228273142999385,1
101,1779936083653,0.0010781382857100001,-0.0328732426286,-0.001247772685700017,1
102,1779936083655,0.0010781382857100001,-0.0328732426286,-0.001247772685700017,1
103,1779936083658,0.0010781382857100001,-0.0328732426286,-0.001247772685700017,1
104,1779936083660,0.0010781382857100001,-0.0328732426286,-0.0010059726857000583,1
105,1779936083662,0.00032543828570999987,-0.0319489426286,-0.0010059726857000583,1
106,1779936083665,0.00032543828570999987,-0.0319489426286,-0.0010059726857000583,1
107,1779936083667,0.00032543828570999987,-0.0319489426286,-0.0010059726857000583,1
108,1779936083669,0.0006140382857099998,-0.0314692426286,-0.0004521726857000096,1
109,1779936083672,0.0006140382857099998,-0.0314692426286,-0.0004521726857000096,1
110,1779936083674,0.0006140382857099998,-0.0314692426286,-0.0004521726857000096,1
111,1779936083677,0.0016358382857100005,-0.0322453426286,-0.0006588726857000137,1
112,1779936083679,0.0016358382857100005,-0.0322453426286,-0.0006588726857000137,1
113,1779936083681,0.0016358382857100005,-0.0322453426286,-0.0006588726857000137,1
114,1779936083684,0.0016358382857100005,-0.0322453426286,-0.0006588726857000137,1
115,1779936083686,0.0009533382857099997,-0.0315160426286,-0.0013647726857000508,1
116,1779936083688,0.0009533382857099997,-0.0315160426286,-0.0013647726857000508,1
117,1779936083691,0.0009533382857099997,-0.0315160426286,-0.0013647726857000508,1
118,1779936083693,0.00011093828570999959,-0.0326938426286,0.0012053273142999688,1
119,1779936083696,0.00011093828570999959,-0.0326938426286,0.0012053273142999688,1
120,1779936083698,0.00011093828570999959,-0.0326938426286,0.0012053273142999688,1
121,1779936083700,0.00011093828570999959,-0.0326938426286,0.0004058273143000158,1
122,1779936083703,0.0011522382857099998,-0.0328147426286,0.0004058273143000158,1
123,1779936083705,0.0011522382857099998,-0.0328147426286,0.0004058273143000158,1
124,1779936083707,0.0011522382857099998,-0.0328147426286,0.0004058273143000158,1
0,1779936083721,-3.336171429000039e-05,-0.0339613426286,0.0011390273143000052,1
1,1779936083750,0.0005984382857099997,-0.033809242628599995,0.0009986273142999647,1
2,1779936083779,0.0005984382857099997,-0.033809242628599995,0.0009986273142999647,1
3,1779936083810,0.0012848382857099999,-0.032752342628599995,-0.0002454726857000055,1
4,1779936083813,0.0012848382857099999,-0.0325651426286,-5.4372685700005904e-05,1
5,1779936083815,0.0006023382857099999,-0.0325651426286,-5.4372685700005904e-05,1
6,1779936083818,0.0006023382857099999,-0.0325651426286,-5.4372685700005904e-05,1
7,1779936083820,0.0006023382857099999,-0.0325651426286,-5.4372685700005904e-05,1
8,1779936083822,0.0004073382857100001,-0.0334660426286,0.0003317273142999389,1
9,1779936083825,0.0004073382857100001,-0.0334660426286,0.0003317273142999389,1
10,1779936083827,0.0004073382857100001,-0.0334660426286,0.0003317273142999389,1
11,1779936083829,0.0016982382857099994,-0.0330058426286,-0.0005028726856999687,1
12,1779936083832,0.0016982382857099994,-0.0330058426286,-0.0005028726856999687,1
13,1779936083834,0.0016982382857099994,-0.0330058426286,-0.0005028726856999687,1
14,1779936083836,0.0016982382857099994,-0.0330058426286,-0.0005028726856999687,1
15,1779936083839,0.0015851382857099998,-0.033473842628599995,-0.001103472685700031,1
16,1779936083841,0.0015851382857099998,-0.033473842628599995,-0.001103472685700031,1
17,1779936083843,0.0015851382857099998,-0.033473842628599995,-0.001103472685700031,1
18,1779936083846,0.00115613828571,-0.0327289426286,-0.0007680726857000452,1
19,1779936083848,0.00115613828571,-0.0327289426286,-0.0007680726857000452,1
20,1779936083851,0.00115613828571,-0.0327289426286,-0.0007680726857000452,1
21,1779936083853,0.00115613828571,-0.0328342426286,0.000694427314299988,1
22,1779936083855,1.7338285709999485e-05,-0.0328342426286,0.000694427314299988,1
23,1779936083858,1.7338285709999485e-05,-0.0328342426286,0.000694427314299988,1
24,1779936083860,1.7338285709999485e-05,-0.0328342426286,0.000694427314299988,1
25,1779936083862,0.00115613828571,-0.0324520426286,-0.00015577268570003515,1
26,1779936083865,0.00115613828571,-0.0324520426286,-0.00015577268570003515,1
27,1779936083867,0.00115613828571,-0.0324520426286,-0.00015577268570003515,1
28,1779936083870,0.0009026382857099998,-0.0325066426286,-0.0004326726857000595,1
29,1779936083872,0.0009026382857099998,-0.0325066426286,-0.0004326726857000595,1
30,1779936083874,0.0009026382857099998,-0.0325066426286,-0.0004326726857000595,1
31,1779936083877,0.0009026382857099998,-0.0325066426286,-0.0001830726856999875,1
32,1779936083879,0.0004736382857100001,-0.0319294426286,-0.0001830726856999875,1
33,1779936083881,0.0004736382857100001,-0.0319294426286,-0.0001830726856999875,1
34,1779936083884,0.0004736382857100001,-0.0319294426286,-0.0001830726856999875,1
35,1779936083886,0.00073493828571,-0.0325027426286,0.0007412273143000015,1
36,1779936083888,0.00073493828571,-0.0325027426286,0.0007412273143000015,1
37,1779936083891,0.00073493828571,-0.0325027426286,0.0007412273143000015,1
38,1779936083893,0.0011210382857099995,-0.0322336426286,-0.0009708726856999927,1
39,1779936083896,0.0011210382857099995,-0.0322336426286,-0.0009708726856999927,1
40,1779936083898,0.0011210382857099995,-0.0322336426286,-0.0009708726856999927,1
41,1779936083900,0.0011210382857099995,-0.0322336426286,-0.0009708726856999927,1
42,1779936083903,0.0008480382857099997,-0.0328849426286,-0.000292272685700019,1
43,1779936083905,0.0008480382857099997,-0.0328849426286,-0.000292272685700019,1
44,1779936083907,0.0008480382857099997,-0.0328849426286,-0.000292272685700019,1
45,1779936083910,0.0004541382857099997,-0.0329902426286,8.99273142999802e-05,1
46,1779936083912,0.0004541382857099997,-0.0329902426286,8.99273142999802e-05,1
47,1779936083914,0.0004541382857099997,-0.0329902426286,8.99273142999802e-05,1
48,1779936083917,0.0004541382857099997,-0.0329902426286,-0.0008265726857000066,1
49,1779936083919,0.0008675382857100001,-0.0330838426286,-0.0008265726857000066,1
50,1779936083922,0.0008675382857100001,-0.0330838426286,-0.0008265726857000066,1
51,1779936083924,0.0008675382857100001,-0.0330838426286,-0.0008265726857000066,1
52,1779936083926,0.00048143828570999976,-0.0338989426286,-0.0008811726857000223,1
53,1779936083929,0.00048143828570999976,-0.0338989426286,-0.0008811726857000223,1
54,1779936083931,0.00048143828570999976,-0.0338989426286,-0.0008811726857000223,1
55,1779936083933,0.0005009382857100002,-0.0333997426286,-0.0001167726857000239,1
56,1779936083936,0.0005009382857100002,-0.0333997426286,-0.0001167726857000239,1
57,1779936083938,0.0005009382857100002,-0.0333997426286,-0.0001167726857000239,1
58,1779936083940,0.0005009382857100002,-0.0333997426286,-0.0001167726857000239,1
59,1779936083943,0.0004151382857099997,-0.0337273426286,-0.00045997268570001186,1
60,1779936083945,0.0004151382857099997,-0.0337273426286,-0.00045997268570001186,1
61,1779936083947,0.0004151382857099997,-0.0337273426286,-0.00045997268570001186,1
62,1779936083950,0.0005126382857100001,-0.0327952426286,0.00046042731430003155,1
63,1779936083952,0.0005126382857100001,-0.0327952426286,0.00046042731430003155,1
64,1779936083955,0.0005126382857100001,-0.0327952426286,0.00046042731430003155,1
65,1779936083957,0.0005126382857100001,-0.0327952426286,0.0011780273143000165,1
66,1779936083959,0.0008441382857099994,-0.032947342628599996,0.0011780273143000165,1
67,1779936083962,0.0008441382857099994,-0.032947342628599996,0.0011780273143000165,1
68,1779936083964,0.0008441382857099994,-0.032947342628599996,0.0011780273143000165,1
69,1779936083966,0.0017411382857099996,-0.0325924426286,-0.000292272685700019,2
70,1779936083969,0.0017411382857099996,-0.0325924426286,-0.000292272685700019,2
71,1779936083971,0.0017411382857099996,-0.0325924426286,-0.000292272685700019,2
72,1779936083974,0.0013862382857099996,-0.0336922426286,9.382731430003684e-05,1
73,1779936083976,0.0013862382857099996,-0.0336922426286,9.382731430003684e-05,1
74,1779936083978,0.0013862382857099996,-0.0336922426286,9.382731430003684e-05,1
75,1779936083981,0.0013862382857099996,-0.0336922426286,9.382731430003684e-05,1
76,1779936083983,0.0014369382857099995,-0.0330682426286,-0.0007680726857000452,1
77,1779936083985,0.0014369382857099995,-0.0330682426286,-0.0007680726857000452,1
78,1779936083988,0.0014369382857099995,-0.0330682426286,-0.0007680726857000452,1
79,1779936083990,0.0008051382857099994,-0.032947342628599996,-0.0004209726857000006,1
80,1779936083992,0.0008051382857099994,-0.032947342628599996,-0.0004209726857000006,1
81,1779936083995,0.0008051382857099994,-0.032947342628599996,-0.0004209726857000006,1
82,1779936083997,0.0008051382857099994,-0.0312508426286,-0.0010332726857000107,1
83,1779936083999,0.0005672382857100002,-0.0312508426286,-0.0010332726857000107,1
84,1779936084002,0.0005672382857100002,-0.0312508426286,-0.0010332726857000107,1
85,1779936084004,0.0005672382857100002,-0.0312508426286,-0.0010332726857000107,1
86,1779936084007,0.0006842382857100001,-0.0320503426286,-0.0008304726857000632,1
87,1779936084009,0.0006842382857100001,-0.0320503426286,-0.0008304726857000632,1
88,1779936084011,0.0006842382857100001,-0.0320503426286,-0.0008304726857000632,1
89,1779936084014,0.00038003828571,-0.0321010426286,-0.000697872685700025,1
90,1779936084016,0.00038003828571,-0.0321010426286,-0.000697872685700025,1
91,1779936084018,0.00038003828571,-0.0321010426286,-0.000697872685700025,1
92,1779936084021,0.00038003828571,-0.0321010426286,-0.000697872685700025,1
93,1779936084023,0.0004073382857100001,-0.0332437426286,4.702731430002334e-05,1
94,1779936084025,0.0004073382857100001,-0.0332437426286,4.702731430002334e-05,1
95,1779936084028,0.0004073382857100001,-0.0332437426286,4.702731430002334e-05,1
96,1779936084030,0.0010001382857100002,-0.0334465426286,-0.0004989726857000231,1
97,1779936084033,0.0010001382857100002,-0.0334465426286,-0.0004989726857000231,1
98,1779936084035,0.0010001382857100002,-0.0334465426286,-0.0004989726857000231,1
99,1779936084037,0.0010001382857100002,-0.0336454426286,-0.00042487268570005725,1
100,1779936084040,0.0019517382857099997,-0.0336454426286,-0.00042487268570005725,2
101,1779936084042,0.0019517382857099997,-0.0336454426286,-0.00042487268570005725,2
102,1779936084044,0.0019517382857099997,-0.0336454426286,-0.00042487268570005725,2
103,1779936084047,0.0010157382857099995,-0.033380242628599996,-0.00012847268569997176,1
104,1779936084049,0.0010157382857099995,-0.033380242628599996,-0.00012847268569997176,1
105,1779936084053,0.0010157382857099995,-0.033380242628599996,-0.00012847268569997176,1
106,1779936084056,0.0008948382857100002,-0.0335518426286,0.00038632731429995466,1
107,1779936084058,0.0008948382857100002,-0.0335518426286,0.00038632731429995466,1
108,1779936084060,0.0008948382857100002,-0.0335518426286,0.00038632731429995466,1
109,1779936084063,-0.0002556617142900003,-0.0330955426286,0.00028882731429998205,1
110,1779936084065,-0.0002556617142900003,-0.0330955426286,0.00028882731429998205,1
111,1779936084068,-0.0002556617142900003,-0.0330955426286,0.00028882731429998205,1
112,1779936084070,0.0007583382857099998,-0.0326002426286,-0.00038197268569998936,1
113,1779936084074,0.0007583382857099998,-0.0326002426286,-0.00038197268569998936,1
114,1779936084077,0.0007583382857099998,-0.0326002426286,-0.00038197268569998936,1
115,1779936084079,0.0005750382857099999,-0.0326158426286,-0.0005613726857000411,1
116,1779936084081,0.0005750382857099999,-0.0326158426286,-0.0005613726857000411,1
117,1779936084084,0.0005750382857099999,-0.0326158426286,-0.0005613726857000411,1
118,1779936084086,0.0002279382857099995,-0.032272642628599996,-0.00026107268570001,1
119,1779936084089,0.0002279382857099995,-0.032272642628599996,-0.00026107268570001,1
120,1779936084091,0.0002279382857099995,-0.032272642628599996,-0.00026107268570001,1
121,1779936084093,0.0002279382857099995,-0.032272642628599996,-0.0004872726856999642,1
122,1779936084096,0.0009533382857099997,-0.033087742628599995,-0.0004872726856999642,1
123,1779936084098,0.0009533382857099997,-0.033087742628599995,-0.0004872726856999642,1
124,1779936084100,0.0009533382857099997,-0.033087742628599995,-0.0004872726856999642,1
0,1779936084113,0.0007934382857099995,-0.0333178426286,-0.00017137268570003965,1
1,1779936084115,0.0007934382857099995,-0.0333178426286,-0.00017137268570003965,1
2,1779936084142,0.0010703382857099996,-0.0319684426286,-0.00012457268570002615,1
3,1779936084145,0.0010703382857099996,-0.0319684426286,-0.00012457268570002615,1
4,1779936084169,-2.5561714289999878e-05,-0.0330370426286,0.00030442731429998655,1
5,1779936084204,0.00136673828571,-0.0329824426286,0.0001991273143000117,1
6,1779936084207,0.0019907382857100005,-0.0323545426286,-0.0009903726857000538,2
7,1779936084209,0.0019907382857100005,-0.0323545426286,-0.0009903726857000538,2
8,1779936084212,0.0019907382857100005,-0.0323545426286,-0.0009903726857000538,2
9,1779936084214,0.0009611382857100002,-0.032323342628599996,-0.0002415726857000599,1
10,1779936084216,0.0009611382857100002,-0.032323342628599996,-0.0002415726857000599,1
11,1779936084219,0.0009611382857100002,-0.032323342628599996,-0.0002415726857000599,1
12,1779936084221,0.0009611382857100002,-0.032323342628599996,-0.0002415726857000599,1
13,1779936084223,0.00059063828571,-0.0320191426286,0.0002303273143000207,1
14,1779936084226,0.00059063828571,-0.0320191426286,0.0002303273143000207,1
15,1779936084228,0.00059063828571,-0.0320191426286,0.0002303273143000207,1
16,1779936084231,0.00087923828571,-0.032467642628599996,-0.0007134726857000295,1
17,1779936084233,0.00087923828571,-0.032467642628599996,-0.0007134726857000295,1
18,1779936084235,0.00087923828571,-0.032467642628599996,-0.0007134726857000295,1
19,1779936084238,0.00087923828571,-0.032467642628599996,-0.0012516726857000737,1
20,1779936084240,0.0014798382857099997,-0.0334855426286,-0.0012516726857000737,1
21,1779936084242,0.0014798382857099997,-0.0334855426286,-0.0012516726857000737,1
22,1779936084245,0.0014798382857099997,-0.0334855426286,-0.0012516726857000737,1
23,1779936084247,-0.00016596171429000047,-0.0334894426286,-5.047268570006029e-05,1
24,1779936084250,-0.00016596171429000047,-0.0334894426286,-5.047268570006029e-05,1
25,1779936084252,-0.00016596171429000047,-0.0334894426286,-5.047268570006029e-05,1
26,1779936084255,-0.0006417617142899998,-0.0336259426286,0.00025762731429997306,1
27,1779936084257,-0.0006417617142899998,-0.0336259426286,0.00025762731429997306,1
28,1779936084260,-0.0006417617142899998,-0.0336259426286,0.00025762731429997306,1
29,1779936084262,-0.0006417617142899998,-0.032947342628599996,0.00016402731429994606,1
30,1779936084264,0.0004931382857099997,-0.032947342628599996,0.00016402731429994606,1
31,1779936084267,0.0004931382857099997,-0.032947342628599996,0.00016402731429994606,1
32,1779936084269,0.0004931382857099997,-0.032947342628599996,0.00016402731429994606,1
33,1779936084272,0.0011249382857099997,-0.0332788426286,-0.0011112726857000332,1
34,1779936084274,0.0011249382857099997,-0.0332788426286,-0.0011112726857000332,1
35,1779936084276,0.0011249382857099997,-0.0332788426286,-0.0011112726857000332,1
36,1779936084279,0.0011522382857099998,-0.033598642628599996,0.0001679273143000027,1
37,1779936084281,0.0011522382857099998,-0.033598642628599996,0.0001679273143000027,1
38,1779936084283,0.0011522382857099998,-0.033598642628599996,0.0001679273143000027,1
39,1779936084286,0.0011522382857099998,-0.033598642628599996,0.0005345273142999974,1
40,1779936084288,0.0011366382857099996,-0.0334699426286,0.0005345273142999974,1
41,1779936084290,0.0011366382857099996,-0.0334699426286,0.0005345273142999974,1
42,1779936084293,0.0011366382857099996,-0.0334699426286,0.0005345273142999974,1
43,1779936084295,0.0010040382857099996,-0.0328693426286,-0.00020257268570004865,1
44,1779936084297,0.0010040382857099996,-0.0328693426286,-0.00020257268570004865,1
45,1779936084300,0.0010040382857099996,-0.0328693426286,-0.00020257268570004865,1
46,1779936084302,0.0006179382857100001,-0.0325027426286,-0.00015577268570003515,1
47,1779936084305,0.0006179382857100001,-0.0325027426286,-0.00015577268570003515,1
48,1779936084307,0.0006179382857100001,-0.0325027426286,-0.00015577268570003515,1
49,1779936084309,0.0006179382857100001,-0.0325027426286,-0.00015577268570003515,1
50,1779936084312,0.00147203828571,-0.0314146426286,-0.0009357726857000381,1
51,1779936084314,0.00147203828571,-0.0314146426286,-0.0009357726857000381,1
52,1779936084316,0.00147203828571,-0.0314146426286,-0.0009357726857000381,1
53,1779936084319,0.00019673828571000005,-0.0308179426286,-0.00030397268569996687,1
54,1779936084321,0.00019673828571000005,-0.0308179426286,-0.00030397268569996687,1
55,1779936084324,0.00019673828571000005,-0.0308179426286,-0.00030397268569996687,1
56,1779936084326,0.00019673828571000005,-0.0314146426286,8.602731430003459e-05,1
57,1779936084328,6.0238285709999714e-05,-0.0314146426286,8.602731430003459e-05,1
58,1779936084331,6.0238285709999714e-05,-0.0314146426286,8.602731430003459e-05,1
59,1779936084333,6.0238285709999714e-05,-0.0314146426286,8.602731430003459e-05,1
60,1779936084335,0.003098338285709999,-0.0326938426286,-0.0019185726856999884,2
61,1779936084338,0.003098338285709999,-0.0326938426286,-0.0019185726856999884,2
62,1779936084340,0.003098338285709999,-0.0326938426286,-0.0019185726856999884,2
63,1779936084343,0.0017957382857099998,-0.0352327426286,7.822731430003234e-05,2
64,1779936084345,0.0017957382857099998,-0.0352327426286,7.822731430003234e-05,2
65,1779936084347,0.0017957382857099998,-0.0352327426286,7.822731430003234e-05,2
66,1779936084350,0.0017957382857099998,-0.0352327426286,3.142731430001884e-05,2
67,1779936084352,0.001811338285709999,-0.0344488426286,3.142731430001884e-05,2
68,1779936084355,0.001811338285709999,-0.0344488426286,3.142731430001884e-05,2
69,1779936084357,0.001811338285709999,-0.0344488426286,3.142731430001884e-05,2
70,1779936084359,0.0012536382857099996,-0.0332710426286,-0.0008421726857000111,1
71,1779936084362,0.0012536382857099996,-0.0332710426286,-0.0008421726857000111,1
72,1779936084364,0.0012536382857099996,-0.0332710426286,-0.0008421726857000111,1
73,1779936084367,-0.0013125617142899998,-0.0328771426286,0.0015056273143,1
74,1779936084369,-0.0013125617142899998,-0.0328771426286,0.0015056273143,1
75,1779936084371,-0.0013125617142899998,-0.0328771426286,0.0015056273143,1
76,1779936084374,-0.0013125617142899998,-0.0328771426286,0.0015056273143,1
77,1779936084376,-0.0001308617142899999,-0.032611942628599996,-0.000229872685700001,1
78,1779936084378,-0.0001308617142899999,-0.032611942628599996,-0.000229872685700001,1
79,1779936084381,-0.0001308617142899999,-0.032611942628599996,-0.000229872685700001,1
80,1779936084383,-0.0005364617142899998,-0.0339301426286,0.0005735273143000087,1
81,1779936084385,-0.0005364617142899998,-0.0339301426286,0.0005735273143000087,1
82,1779936084388,-0.0005364617142899998,-0.0339301426286,0.0005735273143000087,1
83,1779936084390,-0.0005364617142899998,-0.0335635426286,0.000994727314300019,1
84,1779936084393,-0.0001425617142899998,-0.0335635426286,0.000994727314300019,1
85,1779936084395,-0.0001425617142899998,-0.0335635426286,0.000994727314300019,1
86,1779936084397,-0.0001425617142899998,-0.0335635426286,0.000994727314300019,1
87,1779936084400,0.002255938285709999,-0.0335752426286,-0.0013179726857000373,2
88,1779936084402,0.002255938285709999,-0.0335752426286,-0.0013179726857000373,2
89,1779936084404,0.002255938285709999,-0.0335752426286,-0.0013179726857000373,2
90,1779936084407,0.0017528382857099995,-0.033282742628599996,-0.002004372685700013,2
91,1779936084409,0.0017528382857099995,-0.033282742628599996,-0.002004372685700013,2
92,1779936084411,0.0017528382857099995,-0.033282742628599996,-0.002004372685700013,2
93,1779936084414,0.0017528382857099995,-0.033282742628599996,-0.002004372685700013,2
94,1779936084416,0.0012146382857099996,-0.0323155426286,0.00028492731430003644,1
95,1779936084419,0.0012146382857099996,-0.0323155426286,0.00028492731430003644,1
96,1779936084421,0.0012146382857099996,-0.0323155426286,0.00028492731430003644,1
97,1779936084423,0.00041903828571,-0.0315160426286,-0.0004521726857000096,1
98,1779936084426,0.00041903828571,-0.0315160426286,-0.0004521726857000096,1
99,1779936084428,0.00041903828571,-0.0315160426286,-0.0004521726857000096,1
100,1779936084430,0.00041903828571,-0.0312742426286,-0.0007329726856999796,1
101,1779936084433,0.00042293828570999937,-0.0312742426286,-0.0007329726856999796,1
102,1779936084435,0.00042293828570999937,-0.0312742426286,-0.0007329726856999796,1
103,1779936084438,0.00042293828570999937,-0.0312742426286,-0.0007329726856999796,1
104,1779936084440,0.0014486382857099994,-0.031168942628599997,-0.000292272685700019,1
105,1779936084443,0.0014486382857099994,-0.031168942628599997,-0.000292272685700019,1
106,1779936084445,0.0014486382857099994,-0.031168942628599997,-0.000292272685700019,1
107,1779936084447,0.0028721382857099997,-0.0321322426286,-0.0006705726857000726,2
108,1779936084450,0.0028721382857099997,-0.0321322426286,-0.0006705726857000726,2
109,1779936084452,0.0028721382857099997,-0.0321322426286,-0.0006705726857000726,2
110,1779936084454,0.0028721382857099997,-0.0336961426286,-8.167268570006929e-05,2
111,1779936084457,0.00213893828571,-0.0336961426286,-8.167268570006929e-05,2
112,1779936084459,0.00213893828571,-0.0336961426286,-8.167268570006929e-05,2
113,1779936084461,0.00213893828571,-0.0336961426286,-8.167268570006929e-05,2
114,1779936084464,0.0013628382857099998,-0.0347569426286,-2.7072685700053542e-05,1
115,1779936084466,0.0013628382857099998,-0.0347569426286,-2.7072685700053542e-05,1
116,1779936084469,0.0013628382857099998,-0.0347569426286,-2.7072685700053542e-05,1
117,1779936084471,-0.00018546171429000002,-0.0338443426286,0.0001874273142999528,1
118,1779936084475,-0.00018546171429000002,-0.0338443426286,0.0001874273142999528,1
119,1779936084478,-0.00018546171429000002,-0.0338443426286,0.0001874273142999528,1
120,1779936084480,-0.00125016171429,-0.0342538426286,9.772731429998245e-05,1
121,1779936084483,-0.00125016171429,-0.0342538426286,9.772731429998245e-05,1
122,1779936084485,-0.00125016171429,-0.0342538426286,9.772731429998245e-05,1
123,1779936084487,0.0006413382857099999,-0.0333880426286,-0.0008460726857000677,1
124,1779936084490,0.0006413382857099999,-0.0333880426286,-0.0008460726857000677,1
0,1779936084502,0.0002669382857099995,-0.0340627426286,0.0009557273143000079,1
1,1779936084505,-0.0012072617142899998,-0.0321439426286,0.0009557273143000079,1
2,1779936084507,-0.0012072617142899998,-0.0321439426286,0.0009557273143000079,1
3,1779936084509,-0.0012072617142899998,-0.0321439426286,0.0009557273143000079,1
4,1779936084512,0.0024353382857100004,-0.0322024426286,0.00027322731429997756,2
5,1779936084514,0.0024353382857100004,-0.0322024426286,0.00027322731429997756,2
6,1779936084516,0.0024353382857100004,-0.0322024426286,0.00027322731429997756,2
7,1779936084519,0.0027083382857099993,-0.030424042628599997,-0.0021876726857000105,2
8,1779936084521,0.0027083382857099993,-0.030424042628599997,-0.0021876726857000105,2
9,1779936084524,0.0027083382857099993,-0.030424042628599997,-0.0021876726857000105,2
10,1779936084526,0.0027083382857099993,-0.030424042628599997,-0.0021876726857000105,2
11,1779936084529,0.0009767382857099995,-0.0306541426286,-0.0005652726856999867,1
12,1779936084531,0.0009767382857099995,-0.0306541426286,-0.0005652726856999867,1
13,1779936084533,0.0009767382857099995,-0.0306541426286,-0.0005652726856999867,1
14,1779936084536,0.0007583382857099998,-0.0299014426286,0.0026600273143,2
15,1779936084566,-0.0018195617142900003,-0.036168742628599995,-0.0013647726857000508,1
16,1779936084569,-0.00110586171429,-0.0363949426286,-0.0013647726857000508,1
17,1779936084611,0.01975913828571,-0.0303187426286,-0.018204972685700024,4
18,1779936084633,-0.01063356171429,-0.0321439426286,0.018634427314300053,4
19,1779936084637,0.00911603828571,-0.0307243426286,-0.008330172685700061,2
20,1779936084642,0.004373638285709999,-0.033021442628599997,-0.008919072685700065,2
21,1779936084645,0.004373638285709999,-0.033021442628599997,-0.008919072685700065,2
22,1779936084648,-0.00546606171429,-0.0348505426286,0.008755727314299926,2
23,1779936084650,-0.00546606171429,-0.0348505426286,0.008755727314299926,2
24,1779936084653,-0.00546606171429,-0.0348505426286,0.008755727314299926,2
25,1779936084656,9.533828570999943e-05,-0.035494042628599995,-0.0009123726857000313,1
26,1779936084659,9.533828570999943e-05,-0.035494042628599995,-0.0009123726857000313,1
27,1779936084661,9.533828570999943e-05,-0.035494042628599995,-0.0009123726857000313,1
28,1779936084664,3.293828570999965e-05,-0.0371008426286,-0.003720372685700064,1
29,1779936084667,3.293828570999965e-05,-0.0371008426286,-0.003720372685700064,1
30,1779936084669,3.293828570999965e-05,-0.0371008426286,-0.003720372685700064,1
31,1779936084672,0.0002045382857099997,-0.0332710426286,0.002523527314300016,2
32,1779936084675,0.0002045382857099997,-0.0332710426286,0.002523527314300016,2
33,1779936084678,0.0002045382857099997,-0.0332710426286,0.002523527314300016,2
34,1779936084681,0.002010238285709999,-0.0341446426286,-0.0005145726857000276,2
35,1779936084683,0.002010238285709999,-0.0341446426286,-0.0005145726857000276,2
36,1779936084686,0.002010238285709999,-0.0341446426286,-0.0005145726857000276,2
37,1779936084689,0.001955638285709999,-0.0323077426286,-0.0025542726857000052,2
38,1779936084691,0.001955638285709999,-0.0323077426286,-0.0025542726857000052,2
39,1779936084694,0.001955638285709999,-0.0323077426286,-0.0025542726857000052,2
40,1779936084697,0.0026615382857099997,-0.030424042628599997,0.0011741273142999598,2
41,1779936084700,0.0026615382857099997,-0.030424042628599997,0.0011741273142999598,2
42,1779936084702,0.0026615382857099997,-0.030424042628599997,0.0011741273142999598,2
43,1779936084705,0.0005165382857099995,-0.0293476426286,-0.0005262726856999755,1
44,1779936084708,0.0005165382857099995,-0.0293476426286,-0.0005262726856999755,1
45,1779936084711,0.0005165382857099995,-0.0317500426286,-0.0011190726857000354,1
46,1779936084714,-0.0012735617142899999,-0.0317500426286,-0.0011190726857000354,1
47,1779936084717,-0.0012735617142899999,-0.0317500426286,-0.0011190726857000354,1
48,1779936084719,-0.0012735617142899999,-0.0319489426286,0.001037627314299976,1
49,1779936084722,-0.00025176171429000006,-0.0319489426286,0.001037627314299976,1
50,1779936084725,-0.00025176171429000006,-0.0319489426286,0.001037627314299976,1
51,1779936084727,-0.0003375617142900005,-0.0315238426286,0.001568027314300018,1
52,1779936084731,-0.0003375617142900005,-0.0315238426286,0.001568027314300018,1
53,1779936084734,-0.0003375617142900005,-0.0315238426286,0.001568027314300018,1
54,1779936084737,0.0011327382857099994,-0.0341524426286,-0.0014817726856999735,1
55,1779936084740,0.0011327382857099994,-0.0341524426286,-0.0014817726856999735,1
56,1779936084743,0.0011327382857099994,-0.0341524426286,-0.0014817726856999735,1
57,1779936084746,0.0030671382857100004,-0.0360790426286,-0.0017820726857000046,2
58,1779936084748,0.0030671382857100004,-0.0360790426286,-0.0017820726857000046,2
59,1779936084751,0.0030671382857100004,-0.0360790426286,0.0007997273142999629,2
60,1779936084754,0.00176063828571,-0.034581442628599995,0.0007997273142999629,2
61,1779936084756,0.00176063828571,-0.034581442628599995,0.0007997273142999629,2
62,1779936084759,0.00176063828571,-0.034581442628599995,0.0015212273143000044,2
63,1779936084762,0.00062963828571,-0.0335947426286,0.0015212273143000044,1
64,1779936084764,0.00062963828571,-0.0335947426286,0.0015212273143000044,1
65,1779936084767,0.00062963828571,-0.0335947426286,-0.002441172685700028,1
66,1779936084770,0.00130043828571,-0.0337585426286,-0.002441172685700028,1
67,1779936084773,0.00130043828571,-0.0337585426286,-0.002441172685700028,1
68,1779936084776,0.00130043828571,-0.0329746426286,-0.0011736726857000512,1
69,1779936084779,0.00130043828571,-0.0329746426286,-0.0011736726857000512,1
70,1779936084781,0.00130043828571,-0.0329746426286,-0.0011736726857000512,1
71,1779936084786,0.0006998382857099994,-0.0317227426286,0.0015290273143000067,1
72,1779936084789,0.0006998382857099994,-0.0317227426286,0.0015290273143000067,1
73,1779936084792,0.0004307382857099999,-0.0321205426286,-0.001715772685700041,1
74,1779936084794,0.0004307382857099999,-0.0321205426286,-0.001715772685700041,1
75,1779936084797,0.0004307382857099999,-0.0321205426286,-0.001715772685700041,1
76,1779936084800,0.0003683382857100001,-0.0332944426286,-0.0013374726856999874,1
77,1779936084803,0.0003683382857100001,-0.0332944426286,-0.0013374726856999874,1
78,1779936084806,0.0003683382857100001,-0.0332944426286,-0.0013374726856999874,1
79,1779936084808,-5.2861714289999945e-05,-0.0319450426286,0.0013028273142999414,1
80,1779936084811,-5.2861714289999945e-05,-0.0319450426286,0.0013028273142999414,1
81,1779936084814,-5.2861714289999945e-05,-0.0319450426286,0.0013028273142999414,1
82,1779936084817,0.00015773828571000008,-0.0311065426286,8.602731430003459e-05,1
83,1779936084820,0.00015773828571000008,-0.0311065426286,8.602731430003459e-05,1
84,1779936084822,0.00015773828571000008,-0.0311065426286,8.602731430003459e-05,1
85,1779936084825,0.00135113828571,-0.0313483426286,-0.0018522726857000248,1
86,1779936084828,0.00135113828571,-0.0313483426286,-0.0018522726857000248,1
87,1779936084831,0.00135113828571,-0.0313483426286,-0.0018522726857000248,1
88,1779936084834,0.0009806382857099998,-0.0319255426286,0.000756827314300006,1
89,1779936084836,0.0009806382857099998,-0.0319255426286,0.000756827314300006,1
90,1779936084839,0.0009806382857099998,-0.0319255426286,0.000756827314300006,1
91,1779936084842,0.00151103828571,-0.0323857426286,0.00041752731429996366,1
92,1779936084844,0.00151103828571,-0.0323857426286,0.00041752731429996366,1
93,1779936084847,0.00151103828571,-0.0323857426286,0.00041752731429996366,1
94,1779936084850,0.0019790382857100006,-0.0339301426286,-0.0005886726856999935,2
95,1779936084853,0.0019790382857100006,-0.0339301426286,-0.0005886726856999935,2
96,1779936084855,0.0019790382857100006,-0.0339301426286,-0.0012048726857000602,2
97,1779936084858,0.0016514382857099998,-0.0347608426286,-0.0012048726857000602,1
98,1779936084861,0.0016514382857099998,-0.0347608426286,-0.0012048726857000602,1
99,1779936084864,3.6838285709999904e-05,-0.0342499426286,0.0005891273143000132,1
100,1779936084867,3.6838285709999904e-05,-0.0342499426286,0.0005891273143000132,1
101,1779936084869,3.6838285709999904e-05,-0.0342499426286,0.0005891273143000132,1
102,1779936084872,-0.0005052617142900003,-0.0338248426286,-0.00020647268569999426,1
103,1779936084875,-0.0005052617142900003,-0.0338248426286,-0.00020647268569999426,1
104,1779936084877,-0.0005052617142900003,-0.0338248426286,-0.00020647268569999426,1
105,1779936084880,-0.0002712617142900005,-0.0336103426286,-0.0013296726856999851,1
106,1779936084883,-0.0002712617142900005,-0.0336103426286,-0.0013296726856999851,1
107,1779936084886,-0.0002712617142900005,-0.0336103426286,-0.0013296726856999851,1
108,1779936084888,-0.00024006171429000016,-0.0328225426286,-0.00013627268569997401,1
109,1779936084892,-0.00024006171429000016,-0.0328225426286,-0.00013627268569997401,1
110,1779936084894,-0.00024006171429000016,-0.0328225426286,-0.00013627268569997401,1
111,1779936084898,0.00105083828571,-0.0324598426286,1.5827314300014342e-05,1
112,1779936084900,0.00105083828571,-0.0324598426286,1.5827314300014342e-05,1
113,1779936084903,0.00105083828571,-0.0324598426286,1.5827314300014342e-05,1
114,1779936084906,0.0019088382857099994,-0.0315394426286,-0.000729072685700034,2
115,1779936084909,0.0019088382857099994,-0.0315394426286,-0.000729072685700034,2
116,1779936084911,0.0019088382857099994,-0.0315394426286,-0.00040927268570005275,2
117,1779936084914,0.0022247382857100003,-0.0320386426286,-0.00040927268570005275,2
118,1779936084917,0.0022247382857100003,-0.0320386426286,-0.00040927268570005275,2
119,1779936084919,0.0022247382857100003,-0.0320386426286,5.87273142999712e-05,2
120,1779936084922,0.00152273828571,-0.0314263426286,5.87273142999712e-05,1
121,1779936084925,0.00152273828571,-0.0314263426286,5.87273142999712e-05,1
122,1779936084927,0.00152273828571,-0.0314263426286,-0.00023767268570000326,1
123,1779936084930,0.0011756382857099996,-0.0320542426286,-0.00023767268570000326,1
124,1779936084933,0.0011756382857099996,-0.0320542426286,-0.00023767268570000326,1
0,1779936084977,0.0005087382857099998,-0.0335284426286,0.00022252731430001844,1
1,1779936084991,0.0016826382857100001,-0.0329863426286,-0.0006783726856999638,1
2,1779936084999,0.00197123828571,-0.0320698426286,-0.0009942726856999994,2
3,1779936085041,0.0006608382857099995,-0.0319294426286,0.0005852273142999565,1
4,1779936085044,-0.0003999617142900003,-0.0324130426286,-9.727268570007379e-05,1
5,1779936085046,-0.0003999617142900003,-0.0324130426286,-9.727268570007379e-05,1
6,1779936085049,0.00038783828570999965,-0.0325768426286,-0.0009201726857000336,1
7,1779936085052,0.00038783828570999965,-0.0325768426286,-0.0009201726857000336,1
8,1779936085054,0.00038783828570999965,-0.0325768426286,-0.0009201726857000336,1
9,1779936085058,0.00101183828571,-0.0326392426286,-0.00028057268570007114,1
10,1779936085060,0.00101183828571,-0.0326392426286,-0.00028057268570007114,1
11,1779936085063,0.00101183828571,-0.0326392426286,-0.00028057268570007114,1
12,1779936085066,0.0015539382857099994,-0.0336727426286,-0.0005691726857000434,1
13,1779936085068,0.0015539382857099994,-0.0336727426286,-0.0005691726857000434,1
14,1779936085071,0.0015539382857099994,-0.0336727426286,-0.0005691726857000434,1
15,1779936085074,0.0015656382857100002,-0.0337039426286,-0.000292272685700019,1
16,1779936085076,0.0015656382857100002,-0.0337039426286,-0.000292272685700019,1
17,1779936085079,0.0015656382857100002,-0.0337039426286,-0.000292272685700019,1
18,1779936085082,0.0014642382857099996,-0.0332905426286,-0.00013627268569997401,1
19,1779936085085,0.0014642382857099996,-0.0332905426286,-0.00013627268569997401,1
20,1779936085088,0.0014642382857099996,-0.0332905426286,-0.00013627268569997401,1
21,1779936085091,0.0003098382857099997,-0.0331423426286,-0.00014017268570003065,1
22,1779936085094,0.0003098382857099997,-0.0331423426286,-0.00014017268570003065,1
23,1779936085097,4.463828570999955e-05,-0.0326470426286,-0.0008655726857000178,1
24,1779936085099,4.463828570999955e-05,-0.0326470426286,-0.0008655726857000178,1
25,1779936085102,4.463828570999955e-05,-0.0326470426286,-0.0008655726857000178,1
26,1779936085105,0.00025913828570999983,-0.032900542628599996,3.5327314299964455e-05,1
27,1779936085108,0.00025913828570999983,-0.032900542628599996,3.5327314299964455e-05,1
28,1779936085111,0.00025913828570999983,-0.032900542628599996,3.5327314299964455e-05,1
29,1779936085113,0.00045803828570999995,-0.0328459426286,8.027314300012092e-06,1
30,1779936085116,0.00045803828570999995,-0.0328459426286,8.027314300012092e-06,1
31,1779936085119,0.00045803828570999995,-0.0328459426286,8.027314300012092e-06,1
32,1779936085121,0.00124583828571,-0.0328342426286,-0.0005145726857000276,1
33,1779936085124,0.00124583828571,-0.0328342426286,-0.0005145726857000276,1
34,1779936085127,0.00124583828571,-0.0328342426286,-0.0005145726857000276,1
35,1779936085130,0.0012575382857099998,-0.0328888426286,-0.0004365726857000051,1
36,1779936085132,0.0012575382857099998,-0.0328888426286,-0.0004365726857000051,1
37,1779936085135,0.0012575382857099998,-0.0328888426286,-0.0004365726857000051,1
38,1779936085138,0.0016748382857099996,-0.0322843426286,-0.00011287268569996727,1
39,1779936085140,0.0016748382857099996,-0.0322843426286,-0.00011287268569996727,1
40,1779936085143,0.0016748382857099996,-0.0322843426286,-0.00011287268569996727,1
41,1779936085146,0.0008675382857100001,-0.0321244426286,0.00021082731429995956,1
42,1779936085149,0.0008675382857100001,-0.0321244426286,0.00021082731429995956,1
43,1779936085152,0.0008675382857100001,-0.0321244426286,0.00021082731429995956,1
44,1779936085154,0.0012653382857099995,-0.0324832426286,-0.0009123726857000313,1
45,1779936085157,0.0012653382857099995,-0.0324832426286,-0.0009123726857000313,1
46,1779936085160,0.0012653382857099995,-0.0324832426286,-0.0009123726857000313,1
47,1779936085163,0.0002513382857100002,-0.0330097426286,-0.000448272685700064,1
48,1779936085165,0.0002513382857100002,-0.0330097426286,-0.000448272685700064,1
49,1779936085168,0.0002513382857100002,-0.0330097426286,-0.000448272685700064,1
50,1779936085171,0.0002123382857100002,-0.0337039426286,-0.00031957268569997137,1
51,1779936085174,0.0002123382857100002,-0.0337039426286,-0.00031957268569997137,1
52,1779936085177,0.0007544382857099996,-0.0338326426286,-0.00024937268570006214,1
53,1779936085179,0.0007544382857099996,-0.0338326426286,-0.00024937268570006214,1
54,1779936085182,0.0007544382857099996,-0.0338326426286,-0.00024937268570006214,1
55,1779936085185,0.00114053828571,-0.0342577426286,-0.000604272685699998,1
56,1779936085188,0.00114053828571,-0.0342577426286,-0.000604272685699998,1
57,1779936085191,0.00114053828571,-0.0342577426286,-0.000604272685699998,1
58,1779936085194,0.0007700382857099997,-0.0334699426286,0.0001406273142999393,1
59,1779936085197,0.0007700382857099997,-0.0334699426286,0.0001406273142999393,1
60,1779936085199,0.0007700382857099997,-0.0334699426286,0.0001406273142999393,1
61,1779936085202,0.0010742382857099999,-0.032705542628599996,-6.217268570000815e-05,1
62,1779936085205,0.0010742382857099999,-0.032705542628599996,-6.217268570000815e-05,1
63,1779936085207,0.0010742382857099999,-0.032705542628599996,-6.217268570000815e-05,1
64,1779936085210,0.0008714382857099995,-0.0316525426286,-0.00042877268570000286,1
65,1779936085213,0.0008714382857099995,-0.0316525426286,-0.00042877268570000286,1
66,1779936085215,0.0008714382857099995,-0.0316525426286,-0.00042877268570000286,1
67,1779936085218,0.0005789382857100001,-0.0315199426286,-0.00047557268570001636,1
68,1779936085221,0.0005789382857100001,-0.0315199426286,-0.00047557268570001636,1
69,1779936085224,0.0005789382857100001,-0.0315199426286,-0.00017527268569998526,1
70,1779936085227,0.0009611382857100002,-0.0315160426286,-0.00017527268569998526,1
71,1779936085229,0.0009611382857100002,-0.0315160426286,-0.00017527268569998526,1
72,1779936085232,0.0009611382857100002,-0.0315160426286,-0.0007134726857000295,1
73,1779936085235,0.00087923828571,-0.0325066426286,-0.0007134726857000295,1
74,1779936085238,0.00087923828571,-0.0325066426286,-0.0007134726857000295,1
75,1779936085240,0.00087923828571,-0.0325066426286,-0.0009396726856999837,1
76,1779936085243,0.0010742382857099999,-0.0328147426286,-0.0009396726856999837,1
77,1779936085246,0.0010742382857099999,-0.0328147426286,-0.0009396726856999837,1
78,1779936085249,0.0010742382857099999,-0.0337351426286,0.00037072731429995016,1
79,1779936085251,0.0006491382857099996,-0.0337351426286,0.00037072731429995016,1
80,1779936085254,0.0006491382857099996,-0.0337351426286,0.00037072731429995016,1
81,1779936085257,0.0006491382857099996,-0.0340159426286,-0.00012457268570002615,1
82,1779936085259,0.0005516382857100001,-0.0340159426286,-0.00012457268570002615,1
83,1779936085262,0.0005516382857100001,-0.0340159426286,-0.00012457268570002615,1
84,1779936085265,0.0006608382857099995,-0.0343474426286,-0.00017137268570003965,1
85,1779936085268,0.0006608382857099995,-0.0343474426286,-0.00017137268570003965,1
86,1779936085271,0.0006608382857099995,-0.0343474426286,-0.00017137268570003965,1
87,1779936085275,0.0004658382857099996,-0.0335791426286,-0.00017137268570003965,1
88,1779936085278,0.0004658382857099996,-0.0335791426286,-0.00017137268570003965,1
89,1779936085281,0.0006374382857099996,-0.0333451426286,9.772731429998245e-05,1
90,1779936085284,0.0006374382857099996,-0.0333451426286,9.772731429998245e-05,1
91,1779936085287,0.0006374382857099996,-0.0333451426286,9.772731429998245e-05,1
92,1779936085290,0.00114053828571,-0.0325261426286,-0.001185372685699999,1
93,1779936085292,0.00114053828571,-0.0325261426286,-0.001185372685699999,1
94,1779936085295,0.00114053828571,-0.0325261426286,-0.001185372685699999,1
95,1779936085298,0.0015578382857099997,-0.0326431426286,-0.0004365726857000051,1
96,1779936085300,0.0015578382857099997,-0.0326431426286,-0.0004365726857000051,1
97,1779936085303,0.0015578382857099997,-0.0326431426286,-0.0004365726857000051,1
98,1779936085306,0.00145643828571,-0.0320893426286,-2.3172685699996906e-05,1
99,1779936085308,0.00145643828571,-0.0320893426286,-2.3172685699996906e-05,1
100,1779936085311,0.00145643828571,-0.0320893426286,-2.3172685699996906e-05,1
101,1779936085314,0.0014096382857099994,-0.0317500426286,-0.00012847268569997176,1
102,1779936085316,0.0014096382857099994,-0.0317500426286,-0.00012847268569997176,1
103,1779936085319,0.0014096382857099994,-0.0317500426286,-0.00012847268569997176,1
104,1779936085322,0.00043463828571000014,-0.0318592426286,-5.4372685700005904e-05,1
105,1779936085325,0.00043463828571000014,-0.0318592426286,-5.4372685700005904e-05,1
106,1779936085328,0.00043463828571000014,-0.0318592426286,-5.4372685700005904e-05,1
107,1779936085330,0.0005672382857100002,-0.0318007426286,9.382731430003684e-05,1
108,1779936085333,0.0005672382857100002,-0.0318007426286,9.382731430003684e-05,1
109,1779936085336,0.0005672382857100002,-0.0318007426286,9.382731430003684e-05,1
110,1779936085339,-0.00045846171428999983,-0.0324286426286,0.00022252731430001844,1
111,1779936085341,-0.00045846171428999983,-0.0324286426286,0.00022252731430001844,1
112,1779936085344,-0.00045846171428999983,-0.0324286426286,0.00022252731430001844,1
113,1779936085347,0.0006608382857099995,-0.033282742628599996,-7.777268570001265e-05,1
114,1779936085349,0.0006608382857099995,-0.033282742628599996,-7.777268570001265e-05,1
115,1779936085352,0.0006608382857099995,-0.033282742628599996,-7.777268570001265e-05,1
116,1779936085355,0.0012029382857099997,-0.0337780426286,-0.0008109726857000021,1
117,1779936085358,0.0012029382857099997,-0.0337780426286,-0.0008109726857000021,1
118,1779936085361,0.0012029382857099997,-0.0340939426286,-0.0009357726857000381,1
119,1779936085363,0.0011873382857099995,-0.0340939426286,-0.0009357726857000381,1
120,1779936085366,0.0011873382857099995,-0.0340939426286,-0.0009357726857000381,1
121,1779936085369,0.0011873382857099995,-0.0342148426286,-1.5372685699994657e-05,1
122,1779936085372,0.0013238382857099999,-0.0342148426286,-1.5372685699994657e-05,1
123,1779936085375,0.0013238382857099999,-0.0342148426286,-1.5372685699994657e-05,1
124,1779936085377,0.00114053828571,-0.0334660426286,-0.0004872726856999642,1
0,1779936085419,0.0013082382857099997,-0.0327601426286,-0.0005457726857000366,1
1,1779936085449,0.0012848382857099999,-0.0323467426286,-9.727268570007379e-05,1
2,1779936085461,0.0004970382857099999,-0.0326353426286,-4.267268570005804e-05,1
3,1779936085464,0.0004970382857099999,-0.0326353426286,-4.267268570005804e-05,1
4,1779936085487,0.0010820382857099995,-0.0333490426286,-0.001029372685700065,1
5,1779936085489,0.00041903828571,-0.0337039426286,-0.00012847268569997176,1
6,1779936085492,0.00041903828571,-0.0337039426286,-0.00012847268569997176,1
7,1779936085495,0.00041903828571,-0.0337039426286,-0.00012847268569997176,1
8,1779936085498,0.0005321382857099996,-0.033282742628599996,-0.00023377268570005764,1
9,1779936085500,0.0005321382857099996,-0.033282742628599996,-0.00023377268570005764,1
10,1779936085503,0.0005321382857099996,-0.033282742628599996,-0.00023377268570005764,1
11,1779936085506,0.00091823828571,-0.0328693426286,-0.0003702726857000415,1
12,1779936085508,0.00091823828571,-0.0328693426286,-0.0003702726857000415,1
13,1779936085511,0.00091823828571,-0.0328693426286,-0.0003702726857000415,1
14,1779936085514,0.00030203828571000006,-0.032467642628599996,0.00011722731429993256,1
15,1779936085517,0.00030203828571000006,-0.032467642628599996,0.00011722731429993256,1
16,1779936085520,0.00030203828571000006,-0.032467642628599996,0.00011722731429993256,1
17,1779936085522,0.0011795382857099999,-0.032319442628599995,-0.00040927268570005275,1
18,1779936085525,0.0011795382857099999,-0.032319442628599995,-0.00040927268570005275,1
19,1779936085528,0.0011795382857099999,-0.032319442628599995,-0.00040927268570005275,1
20,1779936085530,0.0017879382857099993,-0.032081542628599996,-0.0010956726857000287,2
21,1779936085533,0.0017879382857099993,-0.032081542628599996,-0.0010956726857000287,2
22,1779936085536,0.0017879382857099993,-0.032081542628599996,-0.0010956726857000287,2
23,1779936085538,0.0012107382857100002,-0.0324559426286,-8.55726857000149e-05,1
24,1779936085541,0.0012107382857100002,-0.0324559426286,-8.55726857000149e-05,1
25,1779936085544,0.0012107382857100002,-0.0324559426286,-8.55726857000149e-05,1
26,1779936085547,0.0001343382857099994,-0.0329863426286,-0.0003078726857000235,1
27,1779936085549,0.0001343382857099994,-0.0329863426286,-0.0003078726857000235,1
28,1779936085552,0.0001343382857099994,-0.0329863426286,-0.0003078726857000235,1
29,1779936085555,7.973828571000013e-05,-0.0327679426286,-0.00045997268570001186,1
30,1779936085557,7.973828571000013e-05,-0.0327679426286,-0.00045997268570001186,1
31,1779936085560,7.973828571000013e-05,-0.0327679426286,-0.00045997268570001186,1
32,1779936085563,2.513828571e-05,-0.0329083426286,-0.00023767268570000326,1
33,1779936085566,2.513828571e-05,-0.0329083426286,-0.00023767268570000326,1
34,1779936085569,2.513828571e-05,-0.0329083426286,-0.00023767268570000326,1
35,1779936085571,0.0014018382857099998,-0.0328732426286,-0.0007953726856999976,1
36,1779936085574,0.0014018382857099998,-0.0328732426286,-0.0007953726856999976,1
37,1779936085577,0.0014018382857099998,-0.0328732426286,-0.0007953726856999976,1
38,1779936085579,0.0010196382857099997,-0.0336922426286,-0.0007485726856999841,1
39,1779936085582,0.0010196382857099997,-0.0336922426286,-0.0007485726856999841,1
40,1779936085585,0.0010196382857099997,-0.0336922426286,-0.0007485726856999841,1
41,1779936085587,0.0010703382857099996,-0.0340666426286,0.0006749273142999269,1
42,1779936085590,0.0010703382857099996,-0.0340666426286,0.0006749273142999269,1
43,1779936085593,0.0010703382857099996,-0.0340666426286,0.0006749273142999269,1
44,1779936085596,0.002021938285709999,-0.0341056426286,-8.167268570006929e-05,2
45,1779936085599,0.002021938285709999,-0.0341056426286,-8.167268570006929e-05,2
46,1779936085601,0.002021938285709999,-0.0333646426286,-0.0011112726857000332,2
47,1779936085604,0.0013433382857099994,-0.0333646426286,-0.0011112726857000332,1
48,1779936085607,0.0013433382857099994,-0.0333646426286,-0.0011112726857000332,1
49,1779936085610,0.0013433382857099994,-0.0329083426286,0.0008231273142999696,1
50,1779936085612,-0.0009693617142900006,-0.0329083426286,0.0008231273142999696,1
51,1779936085615,-0.0009693617142900006,-0.0329083426286,0.0008231273142999696,1
52,1779936085618,-0.0009693617142900006,-0.0320581426286,-0.0006081726857000546,1
53,1779936085620,9.143828571000004e-05,-0.0320581426286,-0.0006081726857000546,1
54,1779936085623,9.143828571000004e-05,-0.0320581426286,-0.0006081726857000546,1
55,1779936085626,9.143828571000004e-05,-0.0315316426286,-0.0018366726857000203,1
56,1779936085628,0.0016982382857099994,-0.0315316426286,-0.0018366726857000203,1
57,1779936085631,0.0016982382857099994,-0.0315316426286,-0.0018366726857000203,1
58,1779936085634,0.0016982382857099994,-0.0324481426286,-0.000417072685700055,1
59,1779936085636,0.0009767382857099995,-0.0324481426286,-0.000417072685700055,1
60,1779936085640,0.0009767382857099995,-0.0324481426286,-0.000417072685700055,1
61,1779936085642,0.0008714382857099995,-0.0324091426286,0.000694427314299988,1
62,1779936085645,0.0008714382857099995,-0.0324091426286,0.000694427314299988,1
63,1779936085648,0.0008714382857099995,-0.0324091426286,0.000694427314299988,1
64,1779936085650,0.00120683828571,-0.0327679426286,-0.0004326726857000595,1
65,1779936085653,0.00120683828571,-0.0327679426286,-0.0004326726857000595,1
66,1779936085656,0.00120683828571,-0.0327679426286,-0.0004326726857000595,1
67,1779936085658,0.00147203828571,-0.0325846426286,-0.001091772685699972,1
68,1779936085661,0.00147203828571,-0.0325846426286,-0.001091772685699972,1
69,1779936085664,0.00147203828571,-0.0325846426286,-0.001091772685699972,1
70,1779936085667,0.0010274382857099994,-0.0331306426286,-8.55726857000149e-05,1
71,1779936085669,0.0010274382857099994,-0.0331306426286,-8.55726857000149e-05,1
72,1779936085672,0.0010274382857099994,-0.0331306426286,-8.55726857000149e-05,1
73,1779936085677,-0.0003765617142900005,-0.0328420426286,0.0009518273142999512,1
74,1779936085679,-0.0003765617142900005,-0.0328420426286,0.0009518273142999512,1
75,1779936085682,0.0012965382857099998,-0.0333529426286,-0.0003117726856999691,1
76,1779936085685,0.0012965382857099998,-0.0333529426286,-0.0003117726856999691,1
77,1779936085687,0.0012965382857099998,-0.0333529426286,-0.0003117726856999691,1
78,1779936085690,0.00191663828571,-0.0333061426286,-0.0006861726856999661,2
79,1779936085693,0.00191663828571,-0.0333061426286,-0.0006861726856999661,2
80,1779936085696,0.00191663828571,-0.0333061426286,-0.0006861726856999661,2
81,1779936085699,0.00087923828571,-0.0343357426286,0.0002342273142999663,1
82,1779936085702,0.00087923828571,-0.0343357426286,0.0002342273142999663,1
83,1779936085704,0.00087923828571,-0.0343357426286,0.0002342273142999663,1
84,1779936085707,0.0004736382857100001,-0.032514442628599996,-0.00030397268569996687,1
85,1779936085710,0.0004736382857100001,-0.032514442628599996,-0.00030397268569996687,1
86,1779936085712,0.0004736382857100001,-0.032514442628599996,-0.00030397268569996687,1
87,1779936085715,0.00045023828570999944,-0.0344956426286,-0.0005145726857000276,1
88,1779936085718,0.00045023828570999944,-0.0344956426286,-0.0005145726857000276,1
89,1779936085720,0.00045023828570999944,-0.0344956426286,-0.0005145726857000276,1
90,1779936085723,-0.0010473617142900005,-0.0316798426286,-0.0009864726856999972,1
91,1779936085726,-0.0010473617142900005,-0.0316798426286,-0.0009864726856999972,1
92,1779936085729,-0.0010473617142900005,-0.0316798426286,-0.0009864726856999972,1
93,1779936085732,0.0008831382857099994,-0.0333724426286,-0.00015967268569998076,1
94,1779936085735,0.0008831382857099994,-0.0333724426286,-0.00015967268569998076,1
95,1779936085737,0.0008831382857099994,-0.0333724426286,-0.00015967268569998076,1
96,1779936085741,0.0020921382857100003,-0.031789042628599995,-0.00012847268569997176,2
97,1779936085743,0.0020921382857100003,-0.031789042628599995,-0.00012847268569997176,2
98,1779936085747,0.0016085382857099996,-0.032467642628599996,-0.000760272685700043,1
99,1779936085750,0.0016085382857099996,-0.032467642628599996,-0.000760272685700043,1
100,1779936085753,0.0016085382857099996,-0.032467642628599996,-0.000760272685700043,1
101,1779936085756,0.0008207382857099996,-0.0332632426286,-0.0009396726856999837,1
102,1779936085758,0.0008207382857099996,-0.0332632426286,-0.0009396726856999837,1
103,1779936085761,0.0008207382857099996,-0.0332632426286,-0.0009396726856999837,1
104,1779936085764,0.0008519382857099999,-0.0325183426286,0.0003941273142999569,1
105,1779936085766,0.0008519382857099999,-0.0325183426286,0.0003941273142999569,1
106,1779936085769,0.0008519382857099999,-0.0325183426286,0.0003941273142999569,1
107,1779936085772,0.00034103828571000003,-0.0325378426286,-0.00036247268570003925,1
108,1779936085774,0.00034103828571000003,-0.0325378426286,-0.00036247268570003925,1
109,1779936085777,0.00034103828571000003,-0.0325378426286,-0.00036247268570003925,1
110,1779936085780,0.0005711382857099996,-0.0319099426286,-0.0007368726857000362,1
111,1779936085783,0.0005711382857099996,-0.0319099426286,-0.0007368726857000362,1
112,1779936085785,0.0005711382857099996,-0.0319099426286,-0.0007368726857000362,1
113,1779936085788,0.0004775382857099995,-0.0326509426286,0.0004409273142999704,1
114,1779936085791,0.0004775382857099995,-0.0326509426286,0.0004409273142999704,1
115,1779936085793,0.0004775382857099995,-0.0326509426286,0.0004409273142999704,1
116,1779936085797,0.0008597382857099996,-0.0335167426286,8.99273142999802e-05,1
117,1779936085799,0.0008597382857099996,-0.0335167426286,8.99273142999802e-05,1
118,1779936085802,0.0008597382857099996,-0.0335167426286,-0.0010254726857000084,1
119,1779936085805,0.0014408382857099998,-0.0335518426286,-0.0010254726857000084,1
120,1779936085807,0.0014408382857099998,-0.0335518426286,-0.0010254726857000084,1
121,1779936085810,0.0014408382857099998,-0.0332710426286,3.142731430001884e-05,1
122,1779936085813,0.00098453828571,-0.0332710426286,3.142731430001884e-05,1
123,1779936085815,0.00098453828571,-0.0332710426286,3.142731430001884e-05,1
124,1779936085818,0.00098453828571,-0.0327952426286,-0.0001830726856999875,1
0,1779936085858,0.0005165382857099995,-0.0334153426286,0.00036682731430000455,1
1,1779936085916,0.0009026382857099998,-0.0323506426286,-0.0007797726856999931,1
2,1779936085919,0.00108983828571,-0.0322297426286,-0.00039367268570004825,1
3,1779936085922,0.00108983828571,-0.0322297426286,-0.00039367268570004825,1
4,1779936085925,0.0009611382857100002,-0.0328342426286,-0.0001947726857000464,1
5,1779936085928,0.0009611382857100002,-0.0328342426286,-0.0001947726857000464,1
6,1779936085931,0.0009026382857099998,-0.0328576426286,-0.00028447268570001676,1
7,1779936085933,0.0009026382857099998,-0.0328576426286,-0.00028447268570001676,1
8,1779936085936,0.0009026382857099998,-0.0328576426286,-0.00028447268570001676,1
9,1779936085939,0.0006062382857100002,-0.0332749426286,-0.0006510726857000115,1
10,1779936085941,0.0006062382857100002,-0.0332749426286,-0.0006510726857000115,1
11,1779936085944,0.0006062382857100002,-0.0332749426286,-0.0006510726857000115,1
12,1779936085947,0.00087923828571,-0.0332515426286,-3.8772685700001405e-05,1
13,1779936085949,0.00087923828571,-0.0332515426286,-3.8772685700001405e-05,1
14,1779936085952,0.00087923828571,-0.0332515426286,-3.8772685700001405e-05,1
15,1779936085955,0.0009377382857099995,-0.033427042628599996,-0.00036637268569998487,1
16,1779936085958,0.0009377382857099995,-0.033427042628599996,-0.00036637268569998487,1
17,1779936085961,0.0009377382857099995,-0.033427042628599996,-0.00036637268569998487,1
18,1779936085963,0.00114053828571,-0.033427042628599996,-0.00025327268570000776,1
19,1779936085966,0.00114053828571,-0.033427042628599996,-0.00025327268570000776,1
20,1779936085969,0.00114053828571,-0.033427042628599996,-0.00025327268570000776,1
21,1779936085972,0.00122243828571,-0.0332866426286,0.00016012731430000045,1
22,1779936085974,0.00122243828571,-0.0332866426286,0.00016012731430000045,1
23,1779936085977,0.00122243828571,-0.0332866426286,0.00016012731430000045,1
24,1779936085980,0.0008831382857099994,-0.033040942628599995,-0.000229872685700001,1
25,1779936085982,0.0008831382857099994,-0.033040942628599995,-0.000229872685700001,1
26,1779936085985,0.0008831382857099994,-0.033040942628599995,-0.000229872685700001,1
27,1779936085988,0.0005984382857099997,-0.0325339426286,-0.00011287268569996727,1
28,1779936085991,0.0005984382857099997,-0.0325339426286,-0.00011287268569996727,1
29,1779936085993,0.0005984382857099997,-0.0325339426286,-0.00011287268569996727,1
30,1779936085996,0.00120683828571,-0.0321712426286,-0.0009162726856999769,1
31,1779936085999,0.00120683828571,-0.0321712426286,-0.0009162726856999769,1
32,1779936086001,0.00120683828571,-0.0321712426286,-0.0009162726856999769,1
33,1779936086005,0.0005867382857099998,-0.0314965426286,-0.00028447268570001676,1
34,1779936086007,0.0005867382857099998,-0.0314965426286,-0.00028447268570001676,1
35,1779936086010,0.0005867382857099998,-0.0314965426286,-0.00028447268570001676,1
36,1779936086013,0.0006413382857099999,-0.0317500426286,-0.000998172685700056,1
37,1779936086015,0.0006413382857099999,-0.0317500426286,-0.000998172685700056,1
38,1779936086018,0.0006413382857099999,-0.0317500426286,-0.000998172685700056,1
39,1779936086021,0.0006803382857099999,-0.0320932426286,3.922731430002109e-05,1
40,1779936086023,0.0006803382857099999,-0.0320932426286,3.922731430002109e-05,1
41,1779936086026,0.0006803382857099999,-0.0320932426286,3.922731430002109e-05,1
42,1779936086029,0.00120683828571,-0.0329044426286,-0.0010137726857000606,1
43,1779936086032,0.00120683828571,-0.0329044426286,-0.0010137726857000606,1
44,1779936086034,0.00120683828571,-0.0329044426286,-0.0010137726857000606,1
45,1779936086038,0.00018893828570999954,-0.0331306426286,-9.337268570001715e-05,1
46,1779936086041,0.00018893828570999954,-0.0331306426286,-9.337268570001715e-05,1
47,1779936086045,0.0005360382857099999,-0.0335167426286,0.0001406273142999393,1
48,1779936086048,0.0005360382857099999,-0.0335167426286,0.0001406273142999393,1
49,1779936086050,0.0005360382857099999,-0.0335167426286,0.0001406273142999393,1
50,1779936086054,0.0008831382857099994,-0.0335557426286,0.00019132731430000945,1
51,1779936086057,0.0008831382857099994,-0.0335557426286,0.00019132731430000945,1
52,1779936086060,0.0008285382857100001,-0.0338560426286,-0.0001791726857000419,1
53,1779936086062,0.0008285382857100001,-0.0338560426286,-0.0001791726857000419,1
54,1779936086066,0.0008285382857100001,-0.0338560426286,-0.0001791726857000419,1
55,1779936086068,0.0006569382857100001,-0.033762442628599995,-0.0002103726857000509,1
56,1779936086071,0.0006569382857100001,-0.033762442628599995,-0.0002103726857000509,1
57,1779936086074,0.0006569382857100001,-0.033762442628599995,-0.0002103726857000509,1
58,1779936086076,0.0009416382857099998,-0.0332554426286,-0.00042487268570005725,1
59,1779936086079,0.0009416382857099998,-0.0332554426286,-0.00042487268570005725,1
60,1779936086082,0.0009416382857099998,-0.0332554426286,-0.00042487268570005725,1
61,1779936086084,0.0009377382857099995,-0.0329590426286,-0.0009513726857000426,1
62,1779936086087,0.0009377382857099995,-0.0329590426286,-0.0009513726857000426,1
63,1779936086090,0.0009377382857099995,-0.0329590426286,-0.0009513726857000426,1
64,1779936086092,0.0005984382857099997,-0.0325885426286,7.43273142999757e-05,1
65,1779936086095,0.0005984382857099997,-0.0325885426286,7.43273142999757e-05,1
66,1779936086098,0.0005984382857099997,-0.0325885426286,7.43273142999757e-05,1
67,1779936086101,0.0007622382857100001,-0.0321205426286,-0.0009045726857000291,1
68,1779936086104,0.0007622382857100001,-0.0321205426286,-0.0009045726857000291,1
69,1779936086107,0.0007622382857100001,-0.0321205426286,9.382731430003684e-05,1
70,1779936086109,0.0008675382857100001,-0.031937242628599996,9.382731430003684e-05,1
71,1779936086112,0.0008675382857100001,-0.031937242628599996,9.382731430003684e-05,1
72,1779936086115,0.0008675382857100001,-0.031937242628599996,-0.00033127268570003025,1
73,1779936086117,0.0008675382857100001,-0.0319762426286,-0.00033127268570003025,1
74,1779936086120,0.0008675382857100001,-0.0319762426286,-0.00033127268570003025,1
75,1779936086123,0.0008675382857100001,-0.0319762426286,0.0007061273142999359,1
76,1779936086125,0.0005984382857099997,-0.0325300426286,0.0007061273142999359,1
77,1779936086128,0.0005984382857099997,-0.0325300426286,0.0007061273142999359,1
78,1779936086131,0.0005984382857099997,-0.0328420426286,-0.0009552726856999882,1
79,1779936086134,0.0012107382857100002,-0.0328420426286,-0.0009552726856999882,1
80,1779936086137,0.0012107382857100002,-0.0328420426286,-0.0009552726856999882,1
81,1779936086139,0.0011327382857099994,-0.0332905426286,-0.0004872726856999642,1
82,1779936086142,0.0011327382857099994,-0.0332905426286,-0.0004872726856999642,1
83,1779936086145,0.0011327382857099994,-0.0332905426286,-0.0004872726856999642,1
84,1779936086147,0.00091823828571,-0.033520642628599995,-0.0006939726856999683,1
85,1779936086150,0.00091823828571,-0.033520642628599995,-0.0006939726856999683,1
86,1779936086153,0.00091823828571,-0.033520642628599995,-0.0006939726856999683,1
87,1779936086156,0.0005087382857099998,-0.0335089426286,-1.5372685699994657e-05,1
88,1779936086158,0.0005087382857099998,-0.0335089426286,-1.5372685699994657e-05,1
89,1779936086161,0.0005087382857099998,-0.0335089426286,-1.5372685699994657e-05,1
90,1779936086164,0.0009767382857099995,-0.0333958426286,-0.0009201726857000336,1
91,1779936086166,0.0009767382857099995,-0.0333958426286,-0.0009201726857000336,1
92,1779936086169,0.0009767382857099995,-0.0333958426286,-0.0009201726857000336,1
93,1779936086172,0.00110153828571,-0.033091642628599996,-4.267268570005804e-05,1
94,1779936086174,0.00110153828571,-0.033091642628599996,-4.267268570005804e-05,1
95,1779936086178,0.00110153828571,-0.033091642628599996,-4.267268570005804e-05,1
96,1779936086180,0.0006062382857100002,-0.0329395426286,0.0004682273143000338,1
97,1779936086183,0.0006062382857100002,-0.0329395426286,0.0004682273143000338,1
98,1779936086186,0.0006062382857100002,-0.0329395426286,0.0004682273143000338,1
99,1779936086189,0.0008519382857099999,-0.0325924426286,9.382731430003684e-05,1
100,1779936086191,0.0008519382857099999,-0.0325924426286,9.382731430003684e-05,1
101,1779936086194,0.0008519382857099999,-0.0325924426286,9.382731430003684e-05,1
102,1779936086197,0.0009923382857099997,-0.032611942628599996,-0.00013627268569997401,1
103,1779936086200,0.0009923382857099997,-0.032611942628599996,-0.00013627268569997401,1
104,1779936086202,0.0009923382857099997,-0.032611942628599996,-0.00013627268569997401,1
105,1779936086205,0.0013589382857099996,-0.032752342628599995,-0.0009162726856999769,1
106,1779936086208,0.0013589382857099996,-0.032752342628599995,-0.0009162726856999769,1
107,1779936086210,0.0013589382857099996,-0.032752342628599995,-0.0009162726856999769,1
108,1779936086214,0.0010040382857099996,-0.0326821426286,-7.777268570001265e-05,1
109,1779936086216,0.0010040382857099996,-0.0326821426286,-7.777268570001265e-05,1
110,1779936086219,0.0010040382857099996,-0.0326782426286,-0.0005808726856999912,1
111,1779936086222,0.0010781382857100001,-0.0326782426286,-0.0005808726856999912,1
112,1779936086224,0.0010781382857100001,-0.0326782426286,-0.0005808726856999912,1
113,1779936086227,0.0010781382857100001,-0.0330604426286,0.0003317273142999389,1
114,1779936086230,0.00045023828570999944,-0.0330604426286,0.0003317273142999389,1
115,1779936086232,0.00045023828570999944,-0.0330604426286,0.0003317273142999389,1
116,1779936086235,0.00045023828570999944,-0.0327094426286,-0.0006432726857000092,1
117,1779936086238,0.0006842382857100001,-0.0327094426286,-0.0006432726857000092,1
118,1779936086241,0.0006842382857100001,-0.0327094426286,-0.0006432726857000092,1
119,1779936086243,0.0006842382857100001,-0.0330760426286,-0.00012457268570002615,1
120,1779936086246,0.00077393828571,-0.0330760426286,-0.00012457268570002615,1
121,1779936086249,0.00077393828571,-0.0330760426286,-0.00012457268570002615,1
122,1779936086251,0.00077393828571,-0.032900542628599996,-0.001072272685700022,1
123,1779936086254,0.00124583828571,-0.032900542628599996,-0.001072272685700022,1
124,1779936086257,0.00124583828571,-0.032900542628599996,-0.001072272685700022,1
0,1779936086298,0.0006803382857099999,-0.0332437426286,-0.0003390726857000325,1
1,1779936086315,0.00123413828571,-0.0327211426286,-8.167268570006929e-05,1
2,1779936086359,0.0010469382857099998,-0.0326314426286,-0.0006588726857000137,1
3,1779936086362,0.0010469382857099998,-0.0326314426286,-0.0006588726857000137,1
4,1779936086364,0.0007778382857099994,-0.0328225426286,0.0002498273142999708,1
5,1779936086367,0.0007778382857099994,-0.0328225426286,0.0002498273142999708,1
6,1779936086370,0.0007778382857099994,-0.0328225426286,0.0002498273142999708,1
7,1779936086373,0.00108983828571,-0.0330838426286,-0.0006315726857000614,1
8,1779936086375,0.00108983828571,-0.0330838426286,-0.0006315726857000614,1
9,1779936086378,0.00108983828571,-0.0330838426286,-0.0006315726857000614,1
10,1779936086381,0.0005399382857100002,-0.0331228426286,4.3127314299966704e-05,1
11,1779936086383,0.0005399382857100002,-0.0331228426286,4.3127314299966704e-05,1
12,1779936086386,0.0005399382857100002,-0.0331228426286,4.3127314299966704e-05,1
13,1779936086389,0.0008441382857099994,-0.0326509426286,-0.000791472685700052,1
14,1779936086391,0.0008441382857099994,-0.0326509426286,-0.000791472685700052,1
15,1779936086395,0.0008441382857099994,-0.0326509426286,-0.000791472685700052,1
16,1779936086397,0.0005867382857099998,-0.0327757426286,-0.0003078726857000235,1
17,1779936086400,0.0005867382857099998,-0.0327757426286,-0.0003078726857000235,1
18,1779936086403,0.0005867382857099998,-0.0327757426286,-0.0003078726857000235,1
19,1779936086405,0.0003605382857099996,-0.0323350426286,-0.0004521726857000096,1
20,1779936086408,0.0003605382857099996,-0.0323350426286,-0.0004521726857000096,1
21,1779936086411,0.0003605382857099996,-0.0323350426286,-0.0004521726857000096,1
22,1779936086413,0.0008987382857099996,-0.032463742628599995,8.212731429997795e-05,1
23,1779936086416,0.0008987382857099996,-0.032463742628599995,8.212731429997795e-05,1
24,1779936086419,0.0008987382857099996,-0.032463742628599995,8.212731429997795e-05,1
25,1779936086422,0.0007778382857099994,-0.0325690426286,-0.00033517268569997587,1
26,1779936086424,0.0007778382857099994,-0.0325690426286,-0.00033517268569997587,1
27,1779936086427,0.0007778382857099994,-0.0325690426286,-0.00033517268569997587,1
28,1779936086430,0.00116783828571,-0.0326821426286,-0.0007875726856999953,1
29,1779936086433,0.00116783828571,-0.0326821426286,-0.0007875726856999953,1
30,1779936086436,0.00116783828571,-0.033040942628599995,-0.0001830726856999875,1
31,1779936086438,0.0008714382857099995,-0.033040942628599995,-0.0001830726856999875,1
32,1779936086441,0.0008714382857099995,-0.033040942628599995,-0.0001830726856999875,1
33,1779936086444,0.0008714382857099995,-0.0332749426286,-0.0006276726857000047,1
34,1779936086446,0.0011132382857099998,-0.0332749426286,-0.0006276726857000047,1
35,1779936086449,0.0011132382857099998,-0.0332749426286,-0.0006276726857000047,1
36,1779936086452,0.0011132382857099998,-0.0330253426286,-0.0002454726857000055,1
37,1779936086454,0.0008090382857099997,-0.0330253426286,-0.0002454726857000055,1
38,1779936086457,0.0008090382857099997,-0.0330253426286,-0.0002454726857000055,1
39,1779936086460,0.0008090382857099997,-0.0334231426286,-0.0005652726856999867,1
40,1779936086463,0.0010313382857099996,-0.0334231426286,-0.0005652726856999867,1
41,1779936086466,0.0010313382857099996,-0.0334231426286,-0.0005652726856999867,1
42,1779936086469,0.00015383828570999982,-0.033044842628599996,-0.00012847268569997176,1
43,1779936086471,0.00015383828570999982,-0.033044842628599996,-0.00012847268569997176,1
44,1779936086474,0.00015383828570999982,-0.033044842628599996,-0.00012847268569997176,1
45,1779936086479,0.00148373828571,-0.0337585426286,-0.0003897726856999916,1
46,1779936086481,0.00148373828571,-0.0337585426286,-0.0003897726856999916,1
47,1779936086484,0.0006491382857099996,-0.0324949426286,-0.0008655726857000178,1
48,1779936086487,0.0006491382857099996,-0.0324949426286,-0.0008655726857000178,1
49,1779936086489,0.0006491382857099996,-0.0324949426286,-0.0008655726857000178,1
50,1779936086492,0.0006257382857099997,-0.032756242628599996,-0.0002961726856999646,1
51,1779936086495,0.0006257382857099997,-0.032756242628599996,-0.0002961726856999646,1
52,1779936086498,0.0006257382857099997,-0.032756242628599996,-0.0002961726856999646,1
53,1779936086500,0.0009884382857099994,-0.0327835426286,0.0005462273142999453,1
54,1779936086503,0.0009884382857099994,-0.0327835426286,0.0005462273142999453,1
55,1779936086506,0.0009884382857099994,-0.0327835426286,0.0005462273142999453,1
56,1779936086508,0.0014681382857099998,-0.032179042628599996,-0.002558172685700062,1
57,1779936086511,0.0014681382857099998,-0.032179042628599996,-0.002558172685700062,1
58,1779936086514,0.0014681382857099998,-0.032179042628599996,-0.002558172685700062,1
59,1779936086516,-0.0008757617142900005,-0.0320932426286,0.0006203273143000222,1
60,1779936086520,-0.0008757617142900005,-0.0320932426286,0.0006203273143000222,1
61,1779936086522,-0.0008757617142900005,-0.0320932426286,0.0006203273143000222,1
62,1779936086525,0.0010352382857099999,-0.033473842628599995,0.0012170273143000277,1
63,1779936086528,0.0010352382857099999,-0.033473842628599995,0.0012170273143000277,1
64,1779936086530,0.0010352382857099999,-0.033473842628599995,0.0012170273143000277,1
65,1779936086533,0.0022520382857099995,-0.0325027426286,-0.0021447726857000537,2
66,1779936086536,0.0022520382857099995,-0.0325027426286,-0.0021447726857000537,2
67,1779936086538,0.0022520382857099995,-0.0325027426286,-0.0021447726857000537,2
68,1779936086542,0.0001811382857099999,-0.0334231426286,0.0003785273142999524,1
69,1779936086545,0.0001811382857099999,-0.0334231426286,0.0003785273142999524,1
70,1779936086548,0.0001811382857099999,-0.0334231426286,0.0011546273143000097,1
71,1779936086550,0.0003371382857099998,-0.0331579426286,0.0011546273143000097,1
72,1779936086554,0.0003371382857099998,-0.0331579426286,0.0011546273143000097,1
73,1779936086556,0.00148373828571,-0.0332515426286,-0.001185372685699999,1
74,1779936086559,0.00148373828571,-0.0332515426286,-0.001185372685699999,1
75,1779936086562,0.00148373828571,-0.0332515426286,-0.001185372685699999,1
76,1779936086564,0.00115613828571,-0.0331696426286,-0.0009942726856999994,1
77,1779936086567,0.00115613828571,-0.0331696426286,-0.0009942726856999994,1
78,1779936086570,0.00115613828571,-0.0331696426286,-0.0009942726856999994,1
79,1779936086573,0.0005087382857099998,-0.0332905426286,0.0007802273143000128,1
80,1779936086575,0.0005087382857099998,-0.0332905426286,0.0007802273143000128,1
81,1779936086578,0.0005087382857099998,-0.0332905426286,0.0007802273143000128,1
82,1779936086581,0.0005594382857099997,-0.0325807426286,-0.0006627726857000703,1
83,1779936086583,0.0005594382857099997,-0.0325807426286,-0.0006627726857000703,1
84,1779936086586,0.0005594382857099997,-0.0325807426286,-0.0006627726857000703,1
85,1779936086589,0.0003332382857099995,-0.0330331426286,-0.00017527268569998526,1
86,1779936086591,0.0003332382857099995,-0.0330331426286,-0.00017527268569998526,1
87,1779936086595,0.0003332382857099995,-0.0330331426286,-0.00017527268569998526,1
88,1779936086597,0.00102353828571,-0.0323818426286,-0.0007212726857000317,1
89,1779936086600,0.00102353828571,-0.0323818426286,-0.0007212726857000317,1
90,1779936086603,0.00102353828571,-0.0323818426286,-0.0007212726857000317,1
91,1779936086606,0.0007622382857100001,-0.0324091426286,-0.0002571726857000644,1
92,1779936086608,0.0007622382857100001,-0.0324091426286,-0.0002571726857000644,1
93,1779936086611,0.0007622382857100001,-0.0324091426286,-0.0002571726857000644,1
94,1779936086614,0.00031373828570999997,-0.0327718426286,-0.00014017268570003065,1
95,1779936086616,0.00031373828570999997,-0.0327718426286,-0.00014017268570003065,1
96,1779936086619,0.00031373828570999997,-0.0327718426286,-0.00014017268570003065,1
97,1779936086622,0.0008558382857100002,-0.0326665426286,9.772731429998245e-05,1
98,1779936086624,0.0008558382857100002,-0.0326665426286,9.772731429998245e-05,1
99,1779936086627,0.0008558382857100002,-0.0326665426286,9.772731429998245e-05,1
100,1779936086630,0.0007544382857099996,-0.0328342426286,-0.000323472685700028,1
101,1779936086633,0.0007544382857099996,-0.0328342426286,-0.000323472685700028,1
102,1779936086635,0.0007544382857099996,-0.0328342426286,-0.000323472685700028,1
103,1779936086638,0.0008441382857099994,-0.0323779426286,-0.00020647268569999426,1
104,1779936086641,0.0008441382857099994,-0.0323779426286,-0.00020647268569999426,1
105,1779936086644,0.0008441382857099994,-0.0323779426286,-0.00031957268569997137,1
106,1779936086647,0.0009533382857099997,-0.0322336426286,-0.00031957268569997137,1
107,1779936086649,0.0009533382857099997,-0.0322336426286,-0.00031957268569997137,1
108,1779936086652,0.0009533382857099997,-0.0322336426286,-0.0002571726857000644,1
109,1779936086655,0.00102353828571,-0.0325456426286,-0.0002571726857000644,1
110,1779936086657,0.00102353828571,-0.0325456426286,-0.0002571726857000644,1
111,1779936086660,0.00102353828571,-0.0325456426286,-0.0005964726856999957,1
112,1779936086663,0.00115613828571,-0.0326704426286,-0.0005964726856999957,1
113,1779936086665,0.00115613828571,-0.0326704426286,-0.0005964726856999957,1
114,1779936086668,0.00115613828571,-0.0326704426286,0.00010162731429992806,1
115,1779936086671,0.0012536382857099996,-0.033165742628599996,0.00010162731429992806,1
116,1779936086674,0.0012536382857099996,-0.033165742628599996,0.00010162731429992806,1
117,1779936086676,0.0012536382857099996,-0.0333061426286,-1.1472685700049043e-05,1
118,1779936086679,0.00120683828571,-0.0333061426286,-1.1472685700049043e-05,1
119,1779936086682,0.00120683828571,-0.0333061426286,-1.1472685700049043e-05,1
120,1779936086685,0.0009689382857099998,-0.0331930426286,-0.0009318726856999814,1
121,1779936086688,0.0009689382857099998,-0.0331930426286,-0.0009318726856999814,1
122,1779936086690,0.0009689382857099998,-0.0331930426286,-0.0009318726856999814,1
123,1779936086693,-0.00011136171429000034,-0.0329083426286,0.00020692731430001395,1
124,1779936086696,-0.00011136171429000034,-0.0329083426286,0.00020692731430001395,1
0,1779936086732,0.00041123828570999946,-0.0329122426286,0.001131227314300003,1
1,1779936086793,0.0015305382857099996,-0.0339379426286,-0.00012457268570002615,1
2,1779936086796,0.0015305382857099996,-0.0339379426286,-0.00012457268570002615,1
3,1779936086798,0.0015929382857099994,-0.033454342628599996,-0.0007329726856999796,1
4,1779936086802,0.0015929382857099994,-0.033454342628599996,-0.0007329726856999796,1
5,1779936086805,0.0008948382857100002,-0.0321166426286,-0.00044047268570006175,1
6,1779936086808,0.0008948382857100002,-0.0321166426286,-0.00044047268570006175,1
7,1779936086810,0.0008948382857100002,-0.0321166426286,-0.00044047268570006175,1
8,1779936086813,0.0005477382857099998,-0.0318202426286,2.7527314299962205e-05,1
9,1779936086816,0.0005477382857099998,-0.0318202426286,2.7527314299962205e-05,1
10,1779936086818,0.0005477382857099998,-0.0318202426286,2.7527314299962205e-05,1
11,1779936086821,0.0007856382857099999,-0.0312937426286,-0.0003741726856999871,1
12,1779936086824,0.0007856382857099999,-0.0312937426286,-0.0003741726856999871,1
13,1779936086827,0.0007856382857099999,-0.0312937426286,-0.0003741726856999871,1
14,1779936086829,0.0007466382857099999,-0.0313405426286,-0.00037807268570004375,1
15,1779936086832,0.0007466382857099999,-0.0313405426286,-0.00037807268570004375,1
16,1779936086835,0.0007466382857099999,-0.0313405426286,-0.00037807268570004375,1
17,1779936086838,6.803828571000023e-05,-0.0323350426286,0.0001211273142999892,1
18,1779936086841,6.803828571000023e-05,-0.0323350426286,0.0001211273142999892,1
19,1779936086843,6.803828571000023e-05,-0.0323350426286,0.0001211273142999892,1
20,1779936086846,0.0008558382857100002,-0.0327172426286,-0.00040927268570005275,1
21,1779936086849,0.0008558382857100002,-0.0327172426286,-0.00040927268570005275,1
22,1779936086851,0.0008558382857100002,-0.0327172426286,-0.00040927268570005275,1
23,1779936086854,0.0007115382857100002,-0.0335479426286,-0.0010527726857000718,1
24,1779936086857,0.0007115382857100002,-0.0335479426286,-0.0010527726857000718,1
25,1779936086859,0.0007115382857100002,-0.0335479426286,-0.0010527726857000718,1
26,1779936086862,0.0007232382857100001,-0.0340159426286,-1.9272685700051292e-05,1
27,1779936086865,0.0007232382857100001,-0.0340159426286,-1.9272685700051292e-05,1
28,1779936086867,0.0007232382857100001,-0.0340159426286,-1.9272685700051292e-05,1
29,1779936086870,0.0019868382857099994,-0.0342382426286,-0.0008070726857000565,2
30,1779936086873,0.0019868382857099994,-0.0342382426286,-0.0008070726857000565,2
31,1779936086876,0.0019868382857099994,-0.0342382426286,-0.0008070726857000565,2
32,1779936086881,0.0012146382857099996,-0.0338755426286,-0.0001011726857000194,1
33,1779936086884,0.0012146382857099996,-0.0338755426286,-0.0001011726857000194,1
34,1779936086887,0.00041123828570999946,-0.0329356426286,0.0003473273142999434,1
35,1779936086890,0.00041123828570999946,-0.0329356426286,0.0003473273142999434,1
36,1779936086892,0.00041123828570999946,-0.0329356426286,0.0003473273142999434,1
37,1779936086895,0.0012965382857099998,-0.0329083426286,3.5327314299964455e-05,1
38,1779936086898,0.0012965382857099998,-0.0329083426286,3.5327314299964455e-05,1
39,1779936086901,0.0012965382857099998,-0.0329083426286,-0.0015675726856999982,1
40,1779936086903,0.0014213382857099994,-0.0320035426286,-0.0015675726856999982,1
41,1779936086906,0.0014213382857099994,-0.0320035426286,-0.0015675726856999982,1
42,1779936086909,0.0014213382857099994,-0.0320035426286,-0.0002103726857000509,1
43,1779936086911,0.0007037382857099997,-0.0323818426286,-0.0002103726857000509,1
44,1779936086914,0.0007037382857099997,-0.0323818426286,-0.0002103726857000509,1
45,1779936086917,0.0007037382857099997,-0.0323818426286,0.0007334273142999993,1
46,1779936086919,0.0012653382857099995,-0.0325183426286,0.0007334273142999993,1
47,1779936086922,0.0012653382857099995,-0.0325183426286,0.0007334273142999993,1
48,1779936086925,0.0012653382857099995,-0.0325183426286,-0.001797672685700009,1
49,1779936086927,0.0016046382857100002,-0.0319996426286,-0.001797672685700009,1
50,1779936086930,0.0016046382857100002,-0.0319996426286,-0.001797672685700009,1
51,1779936086933,0.0016046382857100002,-0.0319996426286,-0.0007446726857000385,1
52,1779936086935,-0.0004389617142900003,-0.0324091426286,-0.0007446726857000385,1
53,1779936086938,-0.0004389617142900003,-0.0324091426286,-0.0007446726857000385,1
54,1779936086941,-0.0004389617142900003,-0.0313834426286,0.002160827314299967,2
55,1779936086944,-0.0017415617142900004,-0.0313834426286,0.002160827314299967,2
56,1779936086947,-0.0017415617142900004,-0.0313834426286,0.002160827314299967,2
57,1779936086950,0.00160073828571,-0.0334816426286,-0.0004911726857000209,1
58,1779936086952,0.00160073828571,-0.0334816426286,-0.0004911726857000209,1
59,1779936086955,0.00160073828571,-0.0334816426286,-0.0004911726857000209,1
60,1779936086958,0.00190493828571,-0.031500442628599995,-0.002866272685699984,2
61,1779936086960,0.00190493828571,-0.031500442628599995,-0.002866272685699984,2
62,1779936086963,0.00190493828571,-0.031500442628599995,-0.002866272685699984,2
63,1779936086966,0.0009533382857099997,-0.0332086426286,0.0013964273142999684,1
64,1779936086968,0.0009533382857099997,-0.0332086426286,0.0013964273142999684,1
65,1779936086971,0.0009533382857099997,-0.0332086426286,0.0013964273142999684,1
66,1779936086974,0.0016631382857099997,-0.0332242426286,0.000881627314299931,1
67,1779936086977,0.0016631382857099997,-0.0332242426286,0.000881627314299931,1
68,1779936086979,0.0016631382857099997,-0.0332242426286,0.000881627314299931,1
69,1779936086982,0.0018932382857100001,-0.0336727426286,-0.001247772685700017,2
70,1779936086985,0.0018932382857100001,-0.0336727426286,-0.001247772685700017,2
71,1779936086988,0.0018932382857100001,-0.0336727426286,-0.001247772685700017,2
72,1779936086991,0.0012302382857099997,-0.0338716426286,-0.0011502726857000444,1
73,1779936086993,0.0012302382857099997,-0.0338716426286,-0.0011502726857000444,1
74,1779936086996,0.0012302382857099997,-0.0338716426286,-0.0011502726857000444,1
75,1779936086999,-0.0004896617142900002,-0.032752342628599995,0.000819227314300024,1
76,1779936087001,-0.0004896617142900002,-0.032752342628599995,0.000819227314300024,1
77,1779936087004,-0.0004896617142900002,-0.032752342628599995,0.000819227314300024,1
78,1779936087007,-0.00057936171429,-0.0327367426286,-0.00047167268570007075,1
79,1779936087010,-0.00057936171429,-0.0327367426286,-0.00047167268570007075,1
80,1779936087012,-0.00057936171429,-0.0327367426286,-0.00047167268570007075,1
81,1779936087015,0.0006023382857099999,-0.0327250426286,-0.001372572685700053,1
82,1779936087018,0.0006023382857099999,-0.0327250426286,-0.001372572685700053,1
83,1779936087020,0.0006023382857099999,-0.0327250426286,-0.001372572685700053,1
84,1779936087023,0.0008831382857099994,-0.0324403426286,-0.001029372685700065,1
85,1779936087026,0.0008831382857099994,-0.0324403426286,-0.001029372685700065,1
86,1779936087028,0.0008831382857099994,-0.0324403426286,-0.001029372685700065,1
87,1779936087031,0.0008948382857100002,-0.0330019426286,0.0006827273142999291,1
88,1779936087034,0.0008948382857100002,-0.0330019426286,0.0006827273142999291,1
89,1779936087036,0.0008948382857100002,-0.0330019426286,0.0006827273142999291,1
90,1779936087040,0.0017801382857100005,-0.0327913426286,-0.0005613726857000411,2
91,1779936087042,0.0017801382857100005,-0.0327913426286,-0.0005613726857000411,2
92,1779936087045,0.0017801382857100005,-0.0327913426286,-0.00020647268569999426,2
93,1779936087048,0.0015929382857099994,-0.0334426426286,-0.00020647268569999426,1
94,1779936087050,0.0015929382857099994,-0.0334426426286,-0.00020647268569999426,1
95,1779936087053,0.0015929382857099994,-0.0334426426286,-0.0003078726857000235,1
96,1779936087056,0.0012419382857099997,-0.0339691426286,-0.0003078726857000235,1
97,1779936087059,0.0012419382857099997,-0.0339691426286,-0.0003078726857000235,1
98,1779936087061,0.0012419382857099997,-0.0339691426286,0.0006086273142999633,1
99,1779936087064,7.193828570999962e-05,-0.0333646426286,0.0006086273142999633,1
100,1779936087067,7.193828570999962e-05,-0.0333646426286,0.0006086273142999633,1
101,1779936087069,7.193828570999962e-05,-0.032756242628599996,0.0005930273142999588,1
102,1779936087072,0.0005087382857099998,-0.032756242628599996,0.0005930273142999588,1
103,1779936087075,0.0005087382857099998,-0.032756242628599996,0.0005930273142999588,1
104,1779936087077,0.0005087382857099998,-0.0337897426286,-0.0004677726857000141,1
105,1779936087080,0.0009104382857099995,-0.0337897426286,-0.0004677726857000141,1
106,1779936087083,0.0009104382857099995,-0.0337897426286,-0.0004677726857000141,1
107,1779936087086,0.0009104382857099995,-0.0329200426286,-0.0013920726857000031,1
108,1779936087089,0.0007427382857099997,-0.0329200426286,-0.0013920726857000031,1
109,1779936087091,0.0007427382857099997,-0.0329200426286,-0.0013920726857000031,1
110,1779936087094,0.00140573828571,-0.0331267426286,-4.6572685700003655e-05,1
111,1779936087097,0.00140573828571,-0.0331267426286,-4.6572685700003655e-05,1
112,1779936087100,0.00140573828571,-0.0331267426286,-4.6572685700003655e-05,1
113,1779936087102,0.0007271382857099995,-0.031644742628599995,-4.267268570005804e-05,1
114,1779936087105,0.0007271382857099995,-0.031644742628599995,-4.267268570005804e-05,1
115,1779936087108,0.0007271382857099995,-0.031644742628599995,-4.267268570005804e-05,1
116,1779936087110,0.0015929382857099994,-0.0318592426286,-0.0010761726856999675,1
117,1779936087113,0.0015929382857099994,-0.0318592426286,-0.0010761726856999675,1
118,1779936087116,0.0015929382857099994,-0.0318592426286,-0.0010761726856999675,1
119,1779936087119,0.0010469382857099998,-0.031360042628599996,-0.000167472685699983,1
120,1779936087122,0.0010469382857099998,-0.031360042628599996,-0.000167472685699983,1
121,1779936087124,0.0010469382857099998,-0.031360042628599996,-0.000167472685699983,1
122,1779936087127,0.0009260382857099996,-0.0318670426286,4.127314299955456e-06,1
123,1779936087130,0.0009260382857099996,-0.0318670426286,4.127314299955456e-06,1
124,1779936087133,0.0009260382857099996,-0.0318670426286,4.127314299955456e-06,1
0,1779936087172,0.0009806382857099998,-0.0348349426286,0.00012502731429993481,1
1,1779936087220,0.0006179382857100001,-0.0342616426286,0.00021082731429995956,1
2,1779936087234,0.0010274382857099994,-0.0319528426286,-0.00039757268569999386,1
3,1779936087237,0.0010274382857099994,-0.0319528426286,-0.00039757268569999386,1
4,1779936087239,-0.00018936171429000028,-0.0331930426286,0.000569627314299952,1
5,1779936087242,-0.00018936171429000028,-0.0331930426286,0.000569627314299952,1
6,1779936087245,-0.00018936171429000028,-0.0331930426286,0.000569627314299952,1
7,1779936087247,0.0007505382857100002,-0.0333841426286,-0.0008889726857000246,1
8,1779936087250,0.0007505382857100002,-0.0333841426286,-0.0008889726857000246,1
9,1779936087253,0.0007505382857100002,-0.0333841426286,-0.0008889726857000246,1
10,1779936087255,0.0007973382857099998,-0.0347023426286,-0.0009201726857000336,1
11,1779936087259,0.0007973382857099998,-0.0347023426286,-0.0009201726857000336,1
12,1779936087261,0.0007973382857099998,-0.0347023426286,-0.0009201726857000336,1
13,1779936087264,0.0003332382857099995,-0.0344254426286,-0.00038197268569998936,1
14,1779936087267,0.0003332382857099995,-0.0344254426286,-0.00038197268569998936,1
15,1779936087270,0.0003332382857099995,-0.0344254426286,0.00047602731430003604,1
16,1779936087272,0.0005516382857100001,-0.0350572426286,0.00047602731430003604,1
17,1779936087275,0.0005516382857100001,-0.0350572426286,0.00047602731430003604,1
18,1779936087278,0.0005516382857100001,-0.0350572426286,-0.00045607268570006625,1
19,1779936087280,0.0018425382857099994,-0.0346867426286,-0.00045607268570006625,2
20,1779936087283,0.0018425382857099994,-0.0346867426286,-0.00045607268570006625,2
21,1779936087286,0.0018425382857099994,-0.0346867426286,-0.0006003726857000524,2
22,1779936087288,0.0014135382857099997,-0.0336805426286,-0.0006003726857000524,1
23,1779936087291,0.0014135382857099997,-0.0336805426286,-0.0006003726857000524,1
24,1779936087294,0.0014135382857099997,-0.0326977426286,1.1927314299957706e-05,1
25,1779936087297,0.0004268382857099996,-0.0326977426286,1.1927314299957706e-05,1
26,1779936087300,0.0004268382857099996,-0.0326977426286,1.1927314299957706e-05,1
27,1779936087302,0.00123413828571,-0.0321556426286,0.0005267273142999952,1
28,1779936087305,0.00123413828571,-0.0321556426286,0.0005267273142999952,1
29,1779936087308,0.00123413828571,-0.0321556426286,0.0005267273142999952,1
30,1779936087311,0.0014486382857099994,-0.0318319426286,-0.0006120726857000002,1
31,1779936087313,0.0014486382857099994,-0.0318319426286,-0.0006120726857000002,1
32,1779936087316,0.0014486382857099994,-0.0318319426286,-0.0006120726857000002,1
33,1779936087319,0.0010859382857099998,-0.031356142628599995,-0.0011307726856999833,1
34,1779936087321,0.0010859382857099998,-0.031356142628599995,-0.0011307726856999833,1
35,1779936087324,0.0010859382857099998,-0.031356142628599995,-0.0011307726856999833,1
36,1779936087327,0.0008285382857100001,-0.0316291426286,-0.00020257268570004865,1
37,1779936087329,0.0008285382857100001,-0.0316291426286,-0.00020257268570004865,1
38,1779936087332,0.0008285382857100001,-0.0316291426286,-0.00020257268570004865,1
39,1779936087335,0.0006647382857099997,-0.0322960426286,-0.0004365726857000051,1
40,1779936087337,0.0006647382857099997,-0.0322960426286,-0.0004365726857000051,1
41,1779936087341,0.0006647382857099997,-0.0322960426286,-0.0004365726857000051,1
42,1779936087343,0.0005165382857099995,-0.0317110426286,-0.0010059726857000583,1
43,1779936087346,0.0005165382857099995,-0.0317110426286,-0.0010059726857000583,1
44,1779936087349,0.0005165382857099995,-0.0317110426286,-0.0010059726857000583,1
45,1779936087351,-9.961714290000583e-06,-0.0317344426286,-0.000354672685700037,1
46,1779936087354,-9.961714290000583e-06,-0.0317344426286,-0.000354672685700037,1
47,1779936087357,-9.961714290000583e-06,-0.0317344426286,-0.000354672685700037,1
48,1779936087360,0.00016553828570999973,-0.0322531426286,0.0010805273142999328,1
49,1779936087362,0.00016553828570999973,-0.0322531426286,0.0010805273142999328,1
50,1779936087365,0.00016553828570999973,-0.0322531426286,0.0010805273142999328,1
51,1779936087368,0.00115613828571,-0.0332866426286,-0.00010897268570002165,1
52,1779936087371,0.00115613828571,-0.0332866426286,-0.00010897268570002165,1
53,1779936087374,0.00115613828571,-0.0332866426286,-0.00010897268570002165,1
54,1779936087377,0.0025679382857100004,-0.0339379426286,-0.002191572685700067,2
55,1779936087379,0.0025679382857100004,-0.0339379426286,-0.002191572685700067,2
56,1779936087382,0.0025679382857100004,-0.0355486426286,0.00033562731429999555,2
57,1779936087385,0.0017216382857099992,-0.0355486426286,0.00033562731429999555,2
58,1779936087388,0.0017216382857099992,-0.0355486426286,0.00033562731429999555,2
59,1779936087390,0.0017216382857099992,-0.0368785426286,0.000819227314300024,2
60,1779936087393,0.00081293828571,-0.0368785426286,0.000819227314300024,1
61,1779936087396,0.00081293828571,-0.0368785426286,0.000819227314300024,1
62,1779936087398,0.00081293828571,-0.0359386426286,-0.001165872685700049,1
63,1779936087401,0.0013082382857099997,-0.0359386426286,-0.001165872685700049,1
64,1779936087404,0.0013082382857099997,-0.0359386426286,-0.001165872685700049,1
65,1779936087407,-0.0007665617142900002,-0.0340822426286,-0.001009872685700004,1
66,1779936087410,-0.0007665617142900002,-0.0340822426286,-0.001009872685700004,1
67,1779936087413,-0.0007665617142900002,-0.0340822426286,-0.001009872685700004,1
68,1779936087416,-0.00238116171429,-0.030810142628599997,0.0006398273142999723,1
69,1779936087418,-0.00238116171429,-0.030810142628599997,0.0006398273142999723,1
70,1779936087421,-0.00238116171429,-0.030810142628599997,0.0006398273142999723,1
71,1779936087424,-3.726171428999978e-05,-0.0294529426286,-0.00023377268570005764,1
72,1779936087426,-3.726171428999978e-05,-0.0294529426286,-0.00023377268570005764,1
73,1779936087429,-3.726171428999978e-05,-0.0294529426286,-0.00023377268570005764,1
74,1779936087432,0.0023807382857100002,-0.0293047426286,-0.0013686726856999964,2
75,1779936087435,0.0023807382857100002,-0.0293047426286,-0.0013686726856999964,2
76,1779936087437,0.0023807382857100002,-0.0293047426286,-0.0013686726856999964,2
77,1779936087440,0.0025562382857100005,-0.0300847426286,-0.000666672685700016,2
78,1779936087443,0.0025562382857100005,-0.0300847426286,-0.000666672685700016,2
79,1779936087445,0.0025562382857100005,-0.0300847426286,-0.000666672685700016,2
80,1779936087449,0.0030515382857099994,-0.0317656426286,0.0007607273142999516,2
81,1779936087451,0.0030515382857099994,-0.0317656426286,0.0007607273142999516,2
82,1779936087454,0.0030515382857099994,-0.0317656426286,-0.00026497268570006664,2
83,1779936087457,0.00177233828571,-0.0315862426286,-0.00026497268570006664,2
84,1779936087459,0.00177233828571,-0.0315862426286,-0.00026497268570006664,2
85,1779936087462,0.00177233828571,-0.0315862426286,-0.0006549726857000681,2
86,1779936087465,0.0007973382857099998,-0.0333061426286,-0.0006549726857000681,1
87,1779936087467,0.0007973382857099998,-0.0333061426286,-0.0006549726857000681,1
88,1779936087470,0.0007973382857099998,-0.0333061426286,-0.0004014726857000505,1
89,1779936087473,-0.0007158617142900003,-0.0332047426286,-0.0004014726857000505,1
90,1779936087476,-0.0007158617142900003,-0.0332047426286,-0.0004014726857000505,1
91,1779936087478,-0.0007158617142900003,-0.0332047426286,0.0003590273143000023,1
92,1779936087481,-0.0014373617142900003,-0.0354706426286,0.0003590273143000023,1
93,1779936087484,-0.0014373617142900003,-0.0354706426286,0.0003590273143000023,1
94,1779936087486,-0.0014373617142900003,-0.0362584426286,0.0002186273142999618,1
95,1779936087490,-0.00019326171429000054,-0.0362584426286,0.0002186273142999618,1
96,1779936087492,-0.00019326171429000054,-0.0362584426286,0.0002186273142999618,1
97,1779936087495,0.0012926382857099995,-0.0368629426286,-0.00028447268570001676,1
98,1779936087498,0.0012926382857099995,-0.0368629426286,-0.00028447268570001676,1
99,1779936087501,0.0012926382857099995,-0.0368629426286,-0.00028447268570001676,1
100,1779936087503,0.0011873382857099995,-0.0360868426286,-0.0009942726856999994,1
101,1779936087506,0.0011873382857099995,-0.0360868426286,-0.0009942726856999994,1
102,1779936087509,0.0011873382857099995,-0.0360868426286,-0.0009942726856999994,1
103,1779936087511,0.0010742382857099999,-0.0344098426286,-0.0007251726856999773,1
104,1779936087514,0.0010742382857099999,-0.0344098426286,-0.0007251726856999773,1
105,1779936087517,0.0010742382857099999,-0.0344098426286,-0.0007251726856999773,1
106,1779936087519,0.0008207382857099996,-0.0309973426286,-0.0004911726857000209,1
107,1779936087522,0.0008207382857099996,-0.0309973426286,-0.0004911726857000209,1
108,1779936087525,0.0008207382857099996,-0.0309973426286,-0.0004911726857000209,1
109,1779936087528,0.0020180382857099997,-0.0300106426286,-0.0008265726857000066,2
110,1779936087531,0.0020180382857099997,-0.0300106426286,-0.0008265726857000066,2
111,1779936087533,0.0020180382857099997,-0.0300106426286,-0.0008265726857000066,2
112,1779936087536,0.00073493828571,-0.0293476426286,-0.0003702726857000415,1
113,1779936087539,0.00073493828571,-0.0293476426286,-0.0003702726857000415,1
114,1779936087542,0.00073493828571,-0.0293476426286,-0.0003702726857000415,1
115,1779936087545,0.00048143828570999976,-0.0300340426286,0.0006125273143000199,1
116,1779936087547,0.00048143828570999976,-0.0300340426286,0.0006125273143000199,1
117,1779936087551,0.00048143828570999976,-0.0300340426286,0.0006125273143000199,1
118,1779936087553,0.0005360382857099999,-0.0304786426286,0.0005111273142999907,1
119,1779936087556,0.0005360382857099999,-0.0304786426286,0.0005111273142999907,1
120,1779936087559,0.0005360382857099999,-0.0318514426286,-0.0007875726856999953,1
121,1779936087561,0.0018425382857099994,-0.0318514426286,-0.0007875726856999953,2
122,1779936087564,0.0018425382857099994,-0.0318514426286,-0.0007875726856999953,2
123,1779936087567,0.0018425382857099994,-0.0323857426286,-0.0012009726857000035,2
124,1779936087569,0.00020063828570999944,-0.0323857426286,-0.0012009726857000035,1
0,1779936087659,-0.0003804617142899999,-0.035685142628599995,0.002192027314299976,2
1,1779936087661,0.0024977382857099993,-0.0311767426286,0.0012404273143000345,2
2,1779936087664,0.0023066382857099997,-0.0311065426286,-0.0016494726856999663,2
3,1779936087667,0.0023066382857099997,-0.0311065426286,-0.0016494726856999663,2
4,1779936087669,0.0023066382857099997,-0.0311065426286,-0.0016494726856999663,2
5,1779936087672,0.00027083828570999974,-0.033282742628599996,-6.607268570006479e-05,1
6,1779936087675,0.00027083828570999974,-0.033282742628599996,-6.607268570006479e-05,1
7,1779936087678,0.00027083828570999974,-0.033282742628599996,-6.607268570006479e-05,1
8,1779936087710,-9.576171429000017e-05,-0.0340198426286,-0.000417072685700055,1
9,1779936087713,0.0010937382857099994,-0.0359230426286,0.0002303273143000207,1
10,1779936087716,0.0010937382857099994,-0.0359230426286,0.0002303273143000207,1
11,1779936087718,0.0010937382857099994,-0.0359230426286,0.0002303273143000207,1
12,1779936087721,0.0009650382857099996,-0.0354589426286,-0.0004950726856999665,1
13,1779936087724,0.0009650382857099996,-0.0354589426286,-0.0004950726856999665,1
14,1779936087727,0.0009650382857099996,-0.0354589426286,-0.0004950726856999665,1
15,1779936087729,0.0009143382857099997,-0.0337702426286,0.0007334273142999993,1
16,1779936087732,0.0009143382857099997,-0.0337702426286,0.0007334273142999993,1
17,1779936087735,0.0009143382857099997,-0.0337702426286,0.0007334273142999993,1
18,1779936087737,0.0009728382857100001,-0.0311611426286,4.127314299955456e-06,1
19,1779936087740,0.0009728382857100001,-0.0311611426286,4.127314299955456e-06,1
20,1779936087743,0.0009728382857100001,-0.0311611426286,4.127314299955456e-06,1
21,1779936087746,0.00062963828571,-0.030712642628599997,-0.00012067268569996951,1
22,1779936087749,0.00062963828571,-0.030712642628599997,-0.00012067268569996951,1
23,1779936087751,0.0017840382857099999,-0.0302680426286,-0.001091772685699972,2
24,1779936087754,0.0017840382857099999,-0.0302680426286,-0.001091772685699972,2
25,1779936087757,0.0017840382857099999,-0.0302680426286,-0.001091772685699972,2
26,1779936087760,0.0011132382857099998,-0.0299833426286,0.00033562731429999555,1
27,1779936087762,0.0011132382857099998,-0.0299833426286,0.00033562731429999555,1
28,1779936087765,0.0011132382857099998,-0.0299833426286,0.00033562731429999555,1
29,1779936087768,0.0014642382857099996,-0.031313242628599997,-0.00045607268570006625,1
30,1779936087770,0.0014642382857099996,-0.031313242628599997,-0.00045607268570006625,1
31,1779936087774,0.0014642382857099996,-0.031313242628599997,-0.00045607268570006625,1
32,1779936087776,0.0012770382857099994,-0.0319723426286,-0.001434972685700071,1
33,1779936087779,0.0012770382857099994,-0.0319723426286,-0.001434972685700071,1
34,1779936087782,0.0012770382857099994,-0.0319723426286,-0.001434972685700071,1
35,1779936087785,0.0005516382857100001,-0.0337312426286,-0.00010897268570002165,1
36,1779936087789,0.0005516382857100001,-0.0337312426286,-0.00010897268570002165,1
37,1779936087792,0.0005516382857100001,-0.0342538426286,8.99273142999802e-05,1
38,1779936087794,-0.00020496171429000044,-0.0342538426286,8.99273142999802e-05,1
39,1779936087797,-0.00020496171429000044,-0.0342538426286,8.99273142999802e-05,1
40,1779936087800,-0.00029076171429000004,-0.0345268426286,-0.0008967726857000268,1
41,1779936087803,-0.00029076171429000004,-0.0345268426286,-0.0008967726857000268,1
42,1779936087805,-0.00029076171429000004,-0.0345268426286,-0.0008967726857000268,1
43,1779936087808,0.0006764382857099996,-0.0337819426286,-0.001247772685700017,1
44,1779936087811,0.0006764382857099996,-0.0337819426286,-0.001247772685700017,1
45,1779936087813,0.0006764382857099996,-0.0337819426286,-0.001247772685700017,1
46,1779936087816,9.143828571000004e-05,-0.0336961426286,0.001025927314300028,1
47,1779936087819,9.143828571000004e-05,-0.0336961426286,0.001025927314300028,1
48,1779936087821,9.143828571000004e-05,-0.0336961426286,0.001025927314300028,1
49,1779936087824,0.0014213382857099994,-0.033091642628599996,-0.0004677726857000141,1
50,1779936087827,0.0014213382857099994,-0.033091642628599996,-0.0004677726857000141,1
51,1779936087829,0.0014213382857099994,-0.033091642628599996,-0.0004677726857000141,1
52,1779936087832,0.0019244382857100005,-0.0322609426286,-0.0009591726857000448,2
53,1779936087835,0.0019244382857100005,-0.0322609426286,-0.0009591726857000448,2
54,1779936087838,0.0019244382857100005,-0.0322609426286,-0.0009591726857000448,2
55,1779936087840,0.0014681382857099998,-0.0321556426286,-0.0003078726857000235,1
56,1779936087843,0.0014681382857099998,-0.0321556426286,-0.0003078726857000235,1
57,1779936087846,0.0014681382857099998,-0.0321556426286,-0.0003078726857000235,1
58,1779936087849,6.803828571000023e-05,-0.0316837426286,0.0011429273142999508,1
59,1779936087852,6.803828571000023e-05,-0.0316837426286,0.0011429273142999508,1
60,1779936087854,6.803828571000023e-05,-0.0316837426286,0.0011429273142999508,1
61,1779936087857,0.0004151382857099997,-0.0317968426286,-0.001041072685700013,1
62,1779936087860,0.0004151382857099997,-0.0317968426286,-0.001041072685700013,1
63,1779936087862,0.0004151382857099997,-0.0317968426286,-0.001041072685700013,1
64,1779936087865,0.00016163828570999947,-0.0318592426286,-7.777268570001265e-05,1
65,1779936087868,0.00016163828570999947,-0.0318592426286,-7.777268570001265e-05,1
66,1779936087871,0.00016163828570999947,-0.0318592426286,-0.0004365726857000051,1
67,1779936087874,0.0010430382857099995,-0.0330604426286,-0.0004365726857000051,1
68,1779936087877,0.0010430382857099995,-0.0330604426286,-0.0004365726857000051,1
69,1779936087880,0.00059063828571,-0.033762442628599995,-0.0004365726857000051,1
70,1779936087883,0.00059063828571,-0.033762442628599995,-0.0004365726857000051,1
71,1779936087885,0.00059063828571,-0.033762442628599995,-0.0004365726857000051,1
72,1779936087888,0.00052433828571,-0.034678942628599996,0.00030442731429998655,1
73,1779936087891,0.00052433828571,-0.034678942628599996,0.00030442731429998655,1
74,1779936087893,0.00052433828571,-0.034678942628599996,0.00030442731429998655,1
75,1779936087896,0.0016124382857099998,-0.0337858426286,-0.0005184726856999732,1
76,1779936087899,0.0016124382857099998,-0.0337858426286,-0.0005184726856999732,1
77,1779936087901,0.0016124382857099998,-0.0337858426286,-0.0005184726856999732,1
78,1779936087904,0.0011054382857100002,-0.033138442628599996,-0.0004989726857000231,1
79,1779936087907,0.0011054382857100002,-0.033138442628599996,-0.0004989726857000231,1
80,1779936087910,0.0011054382857100002,-0.033138442628599996,-0.0004989726857000231,1
81,1779936087913,0.0002162382857099996,-0.0327445426286,0.0001718273142999483,1
82,1779936087915,0.0002162382857099996,-0.0327445426286,0.0001718273142999483,1
83,1779936087918,0.0002162382857099996,-0.0327445426286,0.0001718273142999483,1
84,1779936087921,0.0005360382857099999,-0.0331267426286,0.000507227314299934,1
85,1779936087924,0.0005360382857099999,-0.0331267426286,0.000507227314299934,1
86,1779936087926,0.0005360382857099999,-0.0331267426286,0.000507227314299934,1
87,1779936087929,0.0019283382857099999,-0.0329356426286,-0.0015636726857000526,2
88,1779936087932,0.0019283382857099999,-0.0329356426286,-0.0015636726857000526,2
89,1779936087934,0.0019283382857099999,-0.0329356426286,-0.0015636726857000526,2
90,1779936087937,0.0013238382857099999,-0.0330682426286,-0.00037807268570004375,1
91,1779936087940,0.0013238382857099999,-0.0330682426286,-0.00037807268570004375,1
92,1779936087942,0.0013238382857099999,-0.0330682426286,-0.00037807268570004375,1
93,1779936087945,0.00012653828570999975,-0.0315667426286,5.482731430002559e-05,1
94,1779936087948,0.00012653828570999975,-0.0315667426286,5.482731430002559e-05,1
95,1779936087951,0.00012653828570999975,-0.0315667426286,5.482731430002559e-05,1
96,1779936087954,-0.0015738617142900006,-0.0321010426286,0.0018605273142999357,2
97,1779936087956,-0.0015738617142900006,-0.0321010426286,0.0018605273142999357,2
98,1779936087959,-0.0015738617142900006,-0.0321010426286,0.0018605273142999357,2
99,1779936087962,0.0022364382857100002,-0.0315667426286,-0.002070672685699977,2
100,1779936087965,0.0022364382857100002,-0.0315667426286,-0.002070672685699977,2
101,1779936087967,0.0022364382857100002,-0.0315667426286,-0.002070672685699977,2
102,1779936087970,0.002798038285709999,-0.0335128426286,-0.0006003726857000524,2
103,1779936087973,0.002798038285709999,-0.0335128426286,-0.0006003726857000524,2
104,1779936087975,0.002798038285709999,-0.0335128426286,0.0009284273142999445,2
105,1779936087979,0.0013823382857099994,-0.0343162426286,0.0009284273142999445,1
106,1779936087981,0.0013823382857099994,-0.0343162426286,0.0009284273142999445,1
107,1779936087984,0.00387833828571,-0.0361843426286,-0.0016806726856999753,2
108,1779936087987,0.00387833828571,-0.0361843426286,-0.0016806726856999753,2
109,1779936087990,0.00387833828571,-0.0361843426286,-0.0016806726856999753,2
110,1779936087992,-0.0003375617142900005,-0.0363988426286,0.00019132731430000945,1
111,1779936087995,-0.0003375617142900005,-0.0363988426286,0.00019132731430000945,1
112,1779936087998,-0.0003375617142900005,-0.0363988426286,0.00019132731430000945,1
113,1779936088000,-0.0018858617142900004,-0.0340861426286,0.0021218273142999556,2
114,1779936088003,-0.0018858617142900004,-0.0340861426286,0.0021218273142999556,2
115,1779936088006,-0.0018858617142900004,-0.0340861426286,0.0021218273142999556,2
116,1779936088009,0.00016943828570999998,-0.0295894426286,-0.0032991726857000536,1
117,1779936088012,0.00016943828570999998,-0.0295894426286,-0.0032991726857000536,1
118,1779936088014,0.00016943828570999998,-0.0295894426286,-0.0032991726857000536,1
119,1779936088017,-0.0020964617142900004,-0.031243042628599997,-0.0001323726857000284,1
120,1779936088020,-0.0020964617142900004,-0.031243042628599997,-0.0001323726857000284,1
121,1779936088023,-0.0020964617142900004,-0.031243042628599997,-0.0001323726857000284,1
122,1779936088025,0.0009728382857100001,-0.0316369426286,0.001287227314299937,1
123,1779936088028,0.0009728382857100001,-0.0316369426286,0.001287227314299937,1
124,1779936088031,0.0009728382857100001,-0.0316369426286,0.001287227314299937,1
0,1779936088072,-0.0018897617142899998,-0.0335674426286,0.002917427314299963,2
1,1779936088082,-0.00164406171429,-0.0335674426286,0.002917427314299963,2
2,1779936088133,0.0016553382857099992,-0.0291916426286,0.0016070273143000292,1
3,1779936088136,0.0016553382857099992,-0.0290980426286,-0.0014310726857000144,1
4,1779936088139,0.0025796382857100003,-0.0290980426286,-0.0014310726857000144,2
5,1779936088142,0.0025796382857100003,-0.0290980426286,-0.0014310726857000144,2
6,1779936088144,0.0025796382857100003,-0.030279742628599997,-0.0009084726856999747,2
7,1779936088147,0.00160073828571,-0.030279742628599997,-0.0009084726856999747,1
8,1779936088150,0.00160073828571,-0.030279742628599997,-0.0009084726856999747,1
9,1779936088152,0.00160073828571,-0.032175142628599995,0.0031514273143000305,2
10,1779936088155,0.00028253828570999964,-0.032175142628599995,0.0031514273143000305,2
11,1779936088158,0.00028253828570999964,-0.032175142628599995,0.0031514273143000305,2
12,1779936088161,0.00299303828571,-0.0337507426286,-0.0020004726857000676,2
13,1779936088164,0.00299303828571,-0.0337507426286,-0.0020004726857000676,2
14,1779936088167,0.00299303828571,-0.0337507426286,-0.0020004726857000676,2
15,1779936088169,0.0010274382857099994,-0.0351703426286,-0.002909172685700052,1
16,1779936088172,0.0010274382857099994,-0.0351703426286,-0.002909172685700052,1
17,1779936088175,0.0010274382857099994,-0.0351703426286,-0.002909172685700052,1
18,1779936088178,-0.00286086171429,-0.0374791426286,0.00416542731429999,2
19,1779936088180,-0.00286086171429,-0.0374791426286,0.00416542731429999,2
20,1779936088183,-0.00286086171429,-0.0374791426286,0.00416542731429999,2
21,1779936088186,0.0010586382857099997,-0.0375844426286,-0.0019302726857000473,1
22,1779936088188,0.0010586382857099997,-0.0375844426286,-0.0019302726857000473,1
23,1779936088191,0.0010586382857099997,-0.0375844426286,-0.0019302726857000473,1
24,1779936088194,0.00043853828570999953,-0.0373660426286,-0.002897472685699993,1
25,1779936088196,0.00043853828570999953,-0.0373660426286,-0.002897472685699993,1
26,1779936088200,0.00043853828570999953,-0.0373660426286,-0.002897472685699993,1
27,1779936088202,0.0002630382857100001,-0.034628242628599995,0.0014198273142999752,1
28,1779936088205,0.0002630382857100001,-0.034628242628599995,0.0014198273142999752,1
29,1779936088208,0.0002630382857100001,-0.034628242628599995,0.0014198273142999752,1
30,1779936088211,0.0021233382857100006,-0.0322063426286,0.0006905273142999314,2
31,1779936088213,0.0021233382857100006,-0.0322063426286,0.0006905273142999314,2
32,1779936088216,0.0021233382857100006,-0.0322063426286,0.0006905273142999314,2
33,1779936088219,0.002443138285709999,-0.0305410426286,-0.0026556726857000345,2
34,1779936088221,0.002443138285709999,-0.0305410426286,-0.0026556726857000345,2
35,1779936088224,0.002443138285709999,-0.0305410426286,-0.0026556726857000345,2
36,1779936088227,0.00120683828571,-0.0283531426286,-2.3172685699996906e-05,1
37,1779936088229,0.00120683828571,-0.0283531426286,-2.3172685699996906e-05,1
38,1779936088232,0.00120683828571,-0.0283531426286,0.0004682273143000338,1
39,1779936088235,0.0004034382857099998,-0.026914042628599998,0.0004682273143000338,1
40,1779936088238,0.0004034382857099998,-0.026914042628599998,0.0004682273143000338,1
41,1779936088241,0.0005750382857099999,-0.0279319426286,-0.0005964726856999957,1
42,1779936088244,0.0005750382857099999,-0.0279319426286,-0.0005964726856999957,1
43,1779936088246,0.0005750382857099999,-0.0279319426286,-0.0005964726856999957,1
44,1779936088249,0.0007856382857099999,-0.0300730426286,-0.00021817268570005315,1
45,1779936088252,0.0007856382857099999,-0.0300730426286,-0.00021817268570005315,1
46,1779936088254,0.0007856382857099999,-0.0300730426286,-0.00021817268570005315,1
47,1779936088257,0.00023183828570999977,-0.0323818426286,0.00044872731429997266,1
48,1779936088260,0.00023183828570999977,-0.0323818426286,0.00044872731429997266,1
49,1779936088262,0.00023183828570999977,-0.0323818426286,0.00044872731429997266,1
50,1779936088265,0.00020063828570999944,-0.0355525426286,0.0002147273143000162,1
51,1779936088268,0.00020063828570999944,-0.0355525426286,0.0002147273143000162,1
52,1779936088271,0.00020063828570999944,-0.0355525426286,0.0002147273143000162,1
53,1779936088274,0.0018815382857100002,-0.0374479426286,-0.0008421726857000111,2
54,1779936088276,0.0018815382857100002,-0.0374479426286,-0.0008421726857000111,2
55,1779936088279,0.0018815382857100002,-0.0374479426286,-0.0008421726857000111,2
56,1779936088282,0.00032543828570999987,-0.0374089426286,-7.387268570006704e-05,1
57,1779936088285,0.00032543828570999987,-0.0374089426286,-7.387268570006704e-05,1
58,1779936088287,0.00032543828570999987,-0.0374089426286,-7.387268570006704e-05,1
59,1779936088290,-0.00016206171429000021,-0.0364768426286,-0.0008928726856999702,1
60,1779936088293,-0.00016206171429000021,-0.0364768426286,-0.0008928726856999702,1
61,1779936088296,-0.00016206171429000021,-0.0364768426286,-0.0008928726856999702,1
62,1779936088299,-0.00033366171429000026,-0.0348349426286,-0.00115417268569999,1
63,1779936088301,-0.00033366171429000026,-0.0348349426286,-0.00115417268569999,1
64,1779936088304,-0.00033366171429000026,-0.0348349426286,-0.00115417268569999,1
65,1779936088307,0.0008714382857099995,-0.0325651426286,-0.0019575726856999997,1
66,1779936088310,0.0008714382857099995,-0.0325651426286,-0.0019575726856999997,1
67,1779936088312,0.0008714382857099995,-0.0325651426286,0.001100027314299994,1
68,1779936088315,0.0008987382857099996,-0.0313873426286,0.001100027314299994,1
69,1779936088318,0.0008987382857099996,-0.0313873426286,0.001100027314299994,1
70,1779936088320,0.0008987382857099996,-0.0313873426286,0.0008972273142999355,1
71,1779936088323,0.00152273828571,-0.030303142628599997,0.0008972273142999355,1
72,1779936088326,0.00152273828571,-0.030303142628599997,0.0008972273142999355,1
73,1779936088329,0.00152273828571,-0.0300847426286,-0.000229872685700001,1
74,1779936088332,0.0027356382857100002,-0.0300847426286,-0.000229872685700001,2
75,1779936088335,0.0027356382857100002,-0.0300847426286,-0.000229872685700001,2
76,1779936088337,0.0017021382857100005,-0.0302953426286,-0.000510672685699971,2
77,1779936088340,0.0017021382857100005,-0.0302953426286,-0.000510672685699971,2
78,1779936088343,0.0017021382857100005,-0.0302953426286,-0.000510672685699971,2
79,1779936088345,0.0016397382857099999,-0.030736042628599997,-0.0001479726857000329,1
80,1779936088348,0.0016397382857099999,-0.030736042628599997,-0.0001479726857000329,1
81,1779936088351,0.0016397382857099999,-0.030736042628599997,-0.0001479726857000329,1
82,1779936088354,-0.00029076171429000004,-0.032416942628599996,0.0002654273142999753,1
83,1779936088356,-0.00029076171429000004,-0.032416942628599996,0.0002654273142999753,1
84,1779936088359,-0.00029076171429000004,-0.032416942628599996,0.0002654273142999753,1
85,1779936088362,-0.0006963617142899999,-0.0338365426286,0.00021082731429995956,1
86,1779936088365,-0.0006963617142899999,-0.0338365426286,0.00021082731429995956,1
87,1779936088368,-0.0006963617142899999,-0.0338365426286,0.00021082731429995956,1
88,1779936088370,-1.3861714289999973e-05,-0.0351196426286,-0.0011307726856999833,1
89,1779936088373,-1.3861714289999973e-05,-0.0351196426286,-0.0011307726856999833,1
90,1779936088376,-1.3861714289999973e-05,-0.0351196426286,-0.0011307726856999833,1
91,1779936088378,0.0006452382857100002,-0.0351001426286,-0.0009201726857000336,1
92,1779936088381,0.0006452382857100002,-0.0351001426286,-0.0009201726857000336,1
93,1779936088384,0.0006452382857100002,-0.0351001426286,-0.0009201726857000336,1
94,1779936088386,0.00126143828571,-0.036071242628599995,7.042731430003009e-05,1
95,1779936088389,0.00126143828571,-0.036071242628599995,7.042731430003009e-05,1
96,1779936088392,0.00126143828571,-0.036071242628599995,7.042731430003009e-05,1
97,1779936088394,0.0014876382857099994,-0.0345970426286,-0.00039757268569999386,1
98,1779936088397,0.0014876382857099994,-0.0345970426286,-0.00039757268569999386,1
99,1779936088400,0.0014876382857099994,-0.0345970426286,-0.00039757268569999386,1
100,1779936088403,0.0009260382857099996,-0.0347335426286,-0.0002259726857000554,1
101,1779936088406,0.0009260382857099996,-0.0347335426286,-0.0002259726857000554,1
102,1779936088409,0.0009260382857099996,-0.0347335426286,-0.00036637268569998487,1
103,1779936088411,0.00141743828571,-0.0322843426286,-0.00036637268569998487,1
104,1779936088414,0.00141743828571,-0.0322843426286,-0.00036637268569998487,1
105,1779936088417,0.00141743828571,-0.0322843426286,-0.00042877268570000286,1
106,1779936088419,0.0009923382857099997,-0.0319762426286,-0.00042877268570000286,1
107,1779936088422,0.0009923382857099997,-0.0319762426286,-0.00042877268570000286,1
108,1779936088425,0.0009923382857099997,-0.0319762426286,0.00012892731429999145,1
109,1779936088427,1.3438285710000095e-05,-0.030689242628599997,0.00012892731429999145,1
110,1779936088430,1.3438285710000095e-05,-0.030689242628599997,0.00012892731429999145,1
111,1779936088433,1.3438285710000095e-05,-0.0310402426286,0.0006203273143000222,1
112,1779936088436,0.0009806382857099998,-0.0310402426286,0.0006203273143000222,1
113,1779936088439,0.0009806382857099998,-0.0310402426286,0.0006203273143000222,1
114,1779936088442,0.0021311382857099994,-0.032081542628599996,-0.0004638726857000685,2
115,1779936088444,0.0021311382857099994,-0.032081542628599996,-0.0004638726857000685,2
116,1779936088447,0.0021311382857099994,-0.032081542628599996,-0.0004638726857000685,2
117,1779936088450,0.0010586382857099997,-0.0315667426286,-0.001185372685699999,1
118,1779936088452,0.0010586382857099997,-0.0315667426286,-0.001185372685699999,1
119,1779936088455,0.0010586382857099997,-0.0315667426286,-0.001185372685699999,1
120,1779936088458,0.0001343382857099994,-0.0324403426286,0.0003746273143000068,1
121,1779936088461,0.0001343382857099994,-0.0324403426286,0.0003746273143000068,1
122,1779936088464,0.0001343382857099994,-0.0324403426286,0.0003746273143000068,1
123,1779936088466,0.0006257382857099997,-0.0328810426286,0.0007295273142999426,1
124,1779936088469,0.0006257382857099997,-0.0328810426286,0.0007295273142999426,1
0,1779936088544,0.0010937382857099994,-0.0338014426286,-0.0006432726857000092,1
1,1779936088568,0.0009884382857099994,-0.0322648426286,-0.0006744726857000182,1
2,1779936088571,0.00087923828571,-0.0329629426286,-0.0004638726857000685,1
3,1779936088574,0.00087923828571,-0.0329629426286,-0.0004638726857000685,1
4,1779936088578,0.0008597382857099996,-0.033571342628599996,-0.00047167268570007075,1
5,1779936088580,0.0008597382857099996,-0.033571342628599996,-0.00047167268570007075,1
6,1779936088583,0.0008597382857099996,-0.033571342628599996,-0.00047167268570007075,1
7,1779936088586,0.0005828382857099995,-0.0338911426286,-4.6572685700003655e-05,1
8,1779936088588,0.0005828382857099995,-0.0338911426286,-4.6572685700003655e-05,1
9,1779936088591,0.0005828382857099995,-0.0338911426286,-4.6572685700003655e-05,1
10,1779936088594,0.0007466382857099999,-0.0335947426286,-0.0003078726857000235,1
11,1779936088596,0.0007466382857099999,-0.0335947426286,-0.0003078726857000235,1
12,1779936088599,0.0007466382857099999,-0.0335947426286,-0.0003078726857000235,1
13,1779936088602,0.0010469382857099998,-0.0332866426286,0.0001367273142999937,1
14,1779936088605,0.0010469382857099998,-0.0332866426286,0.0001367273142999937,1
15,1779936088607,0.0010469382857099998,-0.0332866426286,0.0001367273142999937,1
16,1779936088610,0.0008675382857100001,-0.0327874426286,-0.00036637268569998487,1
17,1779936088613,0.0008675382857100001,-0.0327874426286,-0.00036637268569998487,1
18,1779936088616,0.0008675382857100001,-0.0327874426286,-0.00036637268569998487,1
19,1779936088619,0.00023573828571000002,-0.0321868426286,0.0001679273143000027,1
20,1779936088621,0.00023573828571000002,-0.0321868426286,0.0001679273143000027,1
21,1779936088624,0.00023573828571000002,-0.0321868426286,0.0001679273143000027,1
22,1779936088627,0.0014135382857099997,-0.031937242628599996,-0.00028447268570001676,1
23,1779936088629,0.0014135382857099997,-0.031937242628599996,-0.00028447268570001676,1
24,1779936088632,0.0014135382857099997,-0.031937242628599996,-0.00028447268570001676,1
25,1779936088635,0.0015851382857099998,-0.0321205426286,-0.0003117726856999691,1
26,1779936088637,0.0015851382857099998,-0.0321205426286,-0.0003117726856999691,1
27,1779936088640,0.0015851382857099998,-0.0321205426286,-0.0003117726856999691,1
28,1779936088643,0.0007193382857099999,-0.0320503426286,-0.00045997268570001186,1
29,1779936088646,0.0007193382857099999,-0.0320503426286,-0.00045997268570001186,1
30,1779936088649,0.0007193382857099999,-0.0320503426286,-0.00045997268570001186,1
31,1779936088652,6.0238285709999714e-05,-0.0321946426286,-0.0001947726857000464,1
32,1779936088654,6.0238285709999714e-05,-0.0321946426286,-0.0001947726857000464,1
33,1779936088657,6.0238285709999714e-05,-0.0321946426286,-0.0001947726857000464,1
34,1779936088660,0.0008363382857099998,-0.0321088426286,-0.0008772726856999657,1
35,1779936088662,0.0008363382857099998,-0.0321088426286,-0.0008772726856999657,1
36,1779936088665,0.0008363382857099998,-0.0321088426286,-0.0008772726856999657,1
37,1779936088668,0.00120683828571,-0.032608042628599995,-0.0010683726856999653,1
38,1779936088671,0.00120683828571,-0.032608042628599995,-0.0010683726856999653,1
39,1779936088673,0.00120683828571,-0.032608042628599995,-1.5372685699994657e-05,1
40,1779936088676,0.0005126382857100001,-0.032799142628599995,-1.5372685699994657e-05,1
41,1779936088679,0.0005126382857100001,-0.032799142628599995,-1.5372685699994657e-05,1
42,1779936088681,0.0005126382857100001,-0.032799142628599995,-0.0003585726856999826,1
43,1779936088684,0.0010586382857099997,-0.0338053426286,-0.0003585726856999826,1
44,1779936088687,0.0010586382857099997,-0.0338053426286,-0.0003585726856999826,1
45,1779936088689,0.0010586382857099997,-0.0338053426286,-0.0001011726857000194,1
46,1779936088692,0.0012185382857099998,-0.0338170426286,-0.0001011726857000194,1
47,1779936088695,0.0012185382857099998,-0.0338170426286,-0.0001011726857000194,1
48,1779936088697,0.0012185382857099998,-0.0338170426286,-0.0008343726857000088,1
49,1779936088701,0.0009065382857100001,-0.0339145426286,-0.0008343726857000088,1
50,1779936088704,0.0009065382857100001,-0.0339145426286,-0.0008343726857000088,1
51,1779936088706,1.7338285709999485e-05,-0.0337117426286,0.00039802731430001355,1
52,1779936088709,1.7338285709999485e-05,-0.0337117426286,0.00039802731430001355,1
53,1779936088712,1.7338285709999485e-05,-0.0337117426286,0.00039802731430001355,1
54,1779936088714,0.00099623828571,-0.0335440426286,-0.0006081726857000546,1
55,1779936088717,0.00099623828571,-0.0335440426286,-0.0006081726857000546,1
56,1779936088720,0.00099623828571,-0.0335440426286,-0.0006081726857000546,1
57,1779936088722,0.0005828382857099995,-0.0333724426286,-0.0004521726857000096,1
58,1779936088725,0.0005828382857099995,-0.0333724426286,-0.0004521726857000096,1
59,1779936088728,0.0005828382857099995,-0.0333724426286,-0.0004521726857000096,1
60,1779936088731,0.00043463828571000014,-0.0329512426286,-0.00039757268569999386,1
61,1779936088734,0.00043463828571000014,-0.0329512426286,-0.00039757268569999386,1
62,1779936088736,0.00043463828571000014,-0.0329512426286,-0.00039757268569999386,1
63,1779936088739,0.0009884382857099994,-0.0325417426286,0.0002303273143000207,1
64,1779936088742,0.0009884382857099994,-0.0325417426286,0.0002303273143000207,1
65,1779936088744,0.0009884382857099994,-0.0325417426286,0.0002303273143000207,1
66,1779936088747,0.0008519382857099999,-0.032077642628599995,-0.0005145726857000276,1
67,1779936088750,0.0008519382857099999,-0.032077642628599995,-0.0005145726857000276,1
68,1779936088753,0.0008519382857099999,-0.032077642628599995,-0.0005145726857000276,1
69,1779936088755,0.0004151382857099997,-0.0318241426286,0.00029272731429992767,1
70,1779936088758,0.0004151382857099997,-0.0318241426286,0.00029272731429992767,1
71,1779936088761,0.0004151382857099997,-0.0318241426286,0.00029272731429992767,1
72,1779936088764,0.0008636382857099998,-0.0316525426286,-5.827268570006254e-05,1
73,1779936088767,0.0008636382857099998,-0.0316525426286,-5.827268570006254e-05,1
74,1779936088769,0.0008636382857099998,-0.0316525426286,-5.827268570006254e-05,1
75,1779936088772,0.00119513828571,-0.0322063426286,-0.0005613726857000411,1
76,1779936088775,0.00119513828571,-0.0322063426286,-0.0005613726857000411,1
77,1779936088777,0.00119513828571,-0.0322063426286,-0.0005613726857000411,1
78,1779936088780,0.0009572382857099999,-0.0326236426286,-0.0006159726857000569,1
79,1779936088783,0.0009572382857099999,-0.0326236426286,-0.0006159726857000569,1
80,1779936088785,0.0009572382857099999,-0.0326236426286,-0.0006159726857000569,1
81,1779936088788,0.00081293828571,-0.0332515426286,-0.0006432726857000092,1
82,1779936088791,0.00081293828571,-0.0332515426286,-0.0006432726857000092,1
83,1779936088794,0.00030203828571000006,-0.0335479426286,2.2731430000984265e-07,1
84,1779936088797,0.00030203828571000006,-0.0335479426286,2.2731430000984265e-07,1
85,1779936088801,0.00030203828571000006,-0.0335479426286,2.2731430000984265e-07,1
86,1779936088804,0.0007895382857100001,-0.0337351426286,-0.0004638726857000685,1
87,1779936088806,0.0007895382857100001,-0.0337351426286,-0.0004638726857000685,1
88,1779936088809,0.0007895382857100001,-0.0337351426286,-0.0004638726857000685,1
89,1779936088812,-0.0003180617142900001,-0.0335362426286,0.00041752731429996366,1
90,1779936088814,-0.0003180617142900001,-0.0335362426286,0.00041752731429996366,1
91,1779936088817,-0.0003180617142900001,-0.0335362426286,0.00041752731429996366,1
92,1779936088820,0.0005282382857099994,-0.0333451426286,-0.0004638726857000685,1
93,1779936088823,0.0005282382857099994,-0.0333451426286,-0.0004638726857000685,1
94,1779936088825,0.0005282382857099994,-0.0333451426286,-0.0004638726857000685,1
95,1779936088828,0.0008090382857099997,-0.0327367426286,-0.00012457268570002615,1
96,1779936088831,0.0008090382857099997,-0.0327367426286,-0.00012457268570002615,1
97,1779936088834,0.0008090382857099997,-0.0327367426286,-0.0009006726856999724,1
98,1779936088837,0.0020180382857099997,-0.032463742628599995,-0.0009006726856999724,2
99,1779936088839,0.0020180382857099997,-0.032463742628599995,-0.0009006726856999724,2
100,1779936088842,0.0020180382857099997,-0.032463742628599995,0.0007178273142999948,2
101,1779936088845,0.0012419382857099997,-0.0324208426286,0.0007178273142999948,1
102,1779936088847,0.0012419382857099997,-0.0324208426286,0.0007178273142999948,1
103,1779936088850,0.0012419382857099997,-0.0321946426286,-0.000167472685699983,1
104,1779936088853,0.0012107382857100002,-0.0321946426286,-0.000167472685699983,1
105,1779936088855,0.0012107382857100002,-0.0321946426286,-0.000167472685699983,1
106,1779936088858,0.0012107382857100002,-0.0323818426286,4.702731430002334e-05,1
107,1779936088861,0.0012653382857099995,-0.0323818426286,4.702731430002334e-05,1
108,1779936088864,0.0012653382857099995,-0.0323818426286,4.702731430002334e-05,1
109,1779936088867,0.00115613828571,-0.0321478426286,-0.000998172685700056,1
110,1779936088869,0.00115613828571,-0.0321478426286,-0.000998172685700056,1
111,1779936088872,0.00115613828571,-0.0321478426286,-0.000998172685700056,1
112,1779936088875,0.0005750382857099999,-0.0329044426286,-0.00031957268569997137,1
113,1779936088878,0.0005750382857099999,-0.0329044426286,-0.00031957268569997137,1
114,1779936088880,0.0005750382857099999,-0.0329044426286,-0.00031957268569997137,1
115,1779936088885,0.0003371382857099998,-0.0329551426286,-0.0001323726857000284,1
116,1779936088888,0.0003371382857099998,-0.0329551426286,-0.0001323726857000284,1
117,1779936088891,0.0011795382857099999,-0.0336103426286,-0.000666672685700016,1
118,1779936088894,0.0011795382857099999,-0.0336103426286,-0.000666672685700016,1
119,1779936088896,0.0011795382857099999,-0.0336103426286,-0.000666672685700016,1
120,1779936088899,0.0006842382857100001,-0.0336337426286,-0.0005925726857000501,1
121,1779936088902,0.0006842382857100001,-0.0336337426286,-0.0005925726857000501,1
122,1779936088904,0.0006842382857100001,-0.0336337426286,-0.0005925726857000501,1
123,1779936088907,0.00094553828571,-0.0341173426286,-0.0006744726857000182,1
124,1779936088910,0.00094553828571,-0.0341173426286,-0.0006744726857000182,1
0,1779936088948,0.00066863828571,-0.0324910426286,0.00037072731429995016,1
1,1779936089006,0.0013550382857100002,-0.0322882426286,-0.000479472685700073,1
2,1779936089009,0.0009221382857099994,-0.0333217426286,-0.000354672685700037,1
3,1779936089012,0.00098453828571,-0.0339340426286,-0.00037807268570004375,1
4,1779936089015,0.00098453828571,-0.0339340426286,-0.00037807268570004375,1
5,1779936089017,0.00098453828571,-0.0339340426286,-0.00037807268570004375,1
6,1779936089020,0.0004073382857100001,-0.0341251426286,-1.1472685700049043e-05,1
7,1779936089023,0.0004073382857100001,-0.0341251426286,-1.1472685700049043e-05,1
8,1779936089025,0.0004073382857100001,-0.0341251426286,-1.1472685700049043e-05,1
9,1779936089028,0.0009260382857099996,-0.0341914426286,-0.0007368726857000362,1
10,1779936089031,0.0009260382857099996,-0.0341914426286,-0.0007368726857000362,1
11,1779936089034,0.0009260382857099996,-0.0341914426286,-0.0007368726857000362,1
12,1779936089036,0.0002123382857100002,-0.0335128426286,2.362731430001659e-05,1
13,1779936089039,0.0002123382857100002,-0.0335128426286,2.362731430001659e-05,1
14,1779936089042,0.0002123382857100002,-0.0335128426286,2.362731430001659e-05,1
15,1779936089044,0.0012770382857099994,-0.0332008426286,-0.0004911726857000209,1
16,1779936089047,0.0012770382857099994,-0.0332008426286,-0.0004911726857000209,1
17,1779936089050,0.0012770382857099994,-0.0332008426286,-0.0004911726857000209,1
18,1779936089053,0.00120683828571,-0.032947342628599996,-0.0002883726857000734,1
19,1779936089056,0.00120683828571,-0.032947342628599996,-0.0002883726857000734,1
20,1779936089058,0.00120683828571,-0.032947342628599996,-0.0011502726857000444,1
21,1779936089061,0.0010001382857100002,-0.032366242628599995,-0.0011502726857000444,1
22,1779936089064,0.0010001382857100002,-0.032366242628599995,-0.0011502726857000444,1
23,1779936089066,0.0010001382857100002,-0.032366242628599995,0.0009635273143000101,1
24,1779936089069,2.903828570999939e-05,-0.0317305426286,0.0009635273143000101,1
25,1779936089072,2.903828570999939e-05,-0.0317305426286,0.0009635273143000101,1
26,1779936089074,2.903828570999939e-05,-0.0317305426286,-0.0009084726856999747,1
27,1779936089077,0.00130043828571,-0.0315199426286,-0.0009084726856999747,1
28,1779936089081,0.00130043828571,-0.0315199426286,-0.0009084726856999747,1
29,1779936089085,0.0006647382857099997,-0.0318007426286,-0.0008811726857000223,1
30,1779936089088,0.0006647382857099997,-0.0318007426286,-0.0008811726857000223,1
31,1779936089090,0.0006647382857099997,-0.0318007426286,-0.0008811726857000223,1
32,1779936089093,0.0005165382857099995,-0.0324091426286,5.87273142999712e-05,1
33,1779936089096,0.0005165382857099995,-0.0324091426286,5.87273142999712e-05,1
34,1779936089098,0.0005165382857099995,-0.0324091426286,5.87273142999712e-05,1
35,1779936089101,0.0010547382857099994,-0.0331969426286,0.0004253273142999659,1
36,1779936089104,0.0010547382857099994,-0.0331969426286,0.0004253273142999659,1
37,1779936089106,0.0010547382857099994,-0.0331969426286,-0.0005262726856999755,1
38,1779936089109,0.0012185382857099998,-0.0335011426286,-0.0005262726856999755,1
39,1779936089112,0.0012185382857099998,-0.0335011426286,-0.0005262726856999755,1
40,1779936089114,0.0012185382857099998,-0.0335011426286,-0.00024937268570006214,1
41,1779936089117,0.0010781382857100001,-0.0336142426286,-0.00024937268570006214,1
42,1779936089120,0.0010781382857100001,-0.0336142426286,-0.00024937268570006214,1
43,1779936089123,0.0007661382857099995,-0.0334621426286,-0.00012847268569997176,1
44,1779936089126,0.0007661382857099995,-0.0334621426286,-0.00012847268569997176,1
45,1779936089129,0.0007661382857099995,-0.0334621426286,-0.00012847268569997176,1
46,1779936089131,0.0007934382857099995,-0.033333442628599996,-0.0009630726856999904,1
47,1779936089134,0.0007934382857099995,-0.033333442628599996,-0.0009630726856999904,1
48,1779936089137,0.0007934382857099995,-0.033333442628599996,-0.0009630726856999904,1
49,1779936089139,0.0005438382857099995,-0.0332086426286,-1.1472685700049043e-05,1
50,1779936089142,0.0005438382857099995,-0.0332086426286,-1.1472685700049043e-05,1
51,1779936089145,0.0005438382857099995,-0.0332086426286,-1.1472685700049043e-05,1
52,1779936089147,0.0009065382857100001,-0.0328225426286,-0.0010683726856999653,1
53,1779936089151,0.0009065382857100001,-0.0328225426286,-0.0010683726856999653,1
54,1779936089153,0.0009065382857100001,-0.0328225426286,-0.0010683726856999653,1
55,1779936089156,-0.00012306171429000024,-0.032799142628599995,0.0005033273142999884,1
56,1779936089159,-0.00012306171429000024,-0.032799142628599995,0.0005033273142999884,1
57,1779936089162,-0.00012306171429000024,-0.032799142628599995,0.0005033273142999884,1
58,1779936089164,0.0009533382857099997,-0.0326704426286,-0.0007485726856999841,1
59,1779936089167,0.0009533382857099997,-0.0326704426286,-0.0007485726856999841,1
60,1779936089170,0.0009533382857099997,-0.0326704426286,-0.0007485726856999841,1
61,1779936089172,0.0010391382857100001,-0.0326470426286,-0.0005886726856999935,1
62,1779936089175,0.0010391382857100001,-0.0326470426286,-0.0005886726856999935,1
63,1779936089178,0.0010391382857100001,-0.0326470426286,-0.0005886726856999935,1
64,1779936089180,0.0014018382857099998,-0.0321517426286,-0.0008577726857000156,1
65,1779936089183,0.0014018382857099998,-0.0321517426286,-0.0008577726857000156,1
66,1779936089186,0.0014018382857099998,-0.0321517426286,-0.0008577726857000156,1
67,1779936089189,0.0009377382857099995,-0.0324481426286,0.0005267273142999952,1
68,1779936089192,0.0009377382857099995,-0.0324481426286,0.0005267273142999952,1
69,1779936089194,0.0009377382857099995,-0.0324481426286,0.0005267273142999952,1
70,1779936089197,0.0008519382857099999,-0.0320542426286,-0.00026887268570001226,1
71,1779936089200,0.0008519382857099999,-0.0320542426286,-0.00026887268570001226,1
72,1779936089203,0.0008519382857099999,-0.0320542426286,-0.00026887268570001226,1
73,1779936089205,0.00048143828570999976,-0.0323428426286,-0.00012847268569997176,1
74,1779936089208,0.00048143828570999976,-0.0323428426286,-0.00012847268569997176,1
75,1779936089211,0.00048143828570999976,-0.0323428426286,-0.0005028726856999687,1
76,1779936089213,0.0008636382857099998,-0.032221942628599995,-0.0005028726856999687,1
77,1779936089216,0.0008636382857099998,-0.032221942628599995,-0.0005028726856999687,1
78,1779936089219,0.0008636382857099998,-0.032221942628599995,-0.0005496726856999822,1
79,1779936089221,0.00043853828570999953,-0.0322804426286,-0.0005496726856999822,1
80,1779936089224,0.00043853828570999953,-0.0322804426286,-0.0005496726856999822,1
81,1779936089227,0.00043853828570999953,-0.0322804426286,-0.00012847268569997176,1
82,1779936089230,0.0003449382857099994,-0.0328849426286,-0.00012847268569997176,1
83,1779936089233,0.0003449382857099994,-0.0328849426286,-0.00012847268569997176,1
84,1779936089235,0.0013433382857099994,-0.0331540426286,-0.0011463726856999878,1
85,1779936089238,0.0013433382857099994,-0.0331540426286,-0.0011463726856999878,1
86,1779936089241,0.0013433382857099994,-0.0331540426286,-0.0011463726856999878,1
87,1779936089244,0.0007661382857099995,-0.0337858426286,-1.5372685699994657e-05,1
88,1779936089246,0.0007661382857099995,-0.0337858426286,-1.5372685699994657e-05,1
89,1779936089249,0.0007661382857099995,-0.0337858426286,-1.5372685699994657e-05,1
90,1779936089252,0.0007856382857099999,-0.0336064426286,-0.0005652726856999867,1
91,1779936089254,0.0007856382857099999,-0.0336064426286,-0.0005652726856999867,1
92,1779936089257,0.0007856382857099999,-0.0336064426286,-0.0005652726856999867,1
93,1779936089260,0.00022403828571000012,-0.0332632426286,-0.00028057268570007114,1
94,1779936089263,0.00022403828571000012,-0.0332632426286,-0.00028057268570007114,1
95,1779936089266,0.00022403828571000012,-0.0332632426286,-0.00028057268570007114,1
96,1779936089268,0.0006998382857099994,-0.0333178426286,-0.0005925726857000501,1
97,1779936089271,0.0006998382857099994,-0.0333178426286,-0.0005925726857000501,1
98,1779936089274,0.0006998382857099994,-0.0333178426286,-0.0005925726857000501,1
99,1779936089276,0.0008558382857100002,-0.0329590426286,7.042731430003009e-05,1
100,1779936089279,0.0008558382857100002,-0.0329590426286,7.042731430003009e-05,1
101,1779936089282,0.0008558382857100002,-0.0329590426286,7.042731430003009e-05,1
102,1779936089286,0.0008246382857099999,-0.033040942628599995,-0.0007446726857000385,1
103,1779936089290,0.0008246382857099999,-0.033040942628599995,-0.0007446726857000385,1
104,1779936089292,0.0013355382857099998,-0.0332203426286,-2.3172685699996906e-05,1
105,1779936089295,0.0013355382857099998,-0.0332203426286,-2.3172685699996906e-05,1
106,1779936089298,0.0013355382857099998,-0.0332203426286,-2.3172685699996906e-05,1
107,1779936089300,0.0017021382857100005,-0.0325027426286,-0.0005223726857000299,2
108,1779936089303,0.0017021382857100005,-0.0325027426286,-0.0005223726857000299,2
109,1779936089306,0.0017021382857100005,-0.0325027426286,-0.0005223726857000299,2
110,1779936089309,0.0008324382857099995,-0.0328420426286,0.0008621273142999809,1
111,1779936089311,0.0008324382857099995,-0.0328420426286,0.0008621273142999809,1
112,1779936089314,0.0008324382857099995,-0.0328420426286,0.0008621273142999809,1
113,1779936089317,0.0012263382857099995,-0.0322843426286,-0.0002883726857000734,1
114,1779936089319,0.0012263382857099995,-0.0322843426286,-0.0002883726857000734,1
115,1779936089322,0.0012263382857099995,-0.0322843426286,-0.0002883726857000734,1
116,1779936089325,0.0007817382857099996,-0.0319216426286,-0.000998172685700056,1
117,1779936089327,0.0007817382857099996,-0.0319216426286,-0.000998172685700056,1
118,1779936089331,0.0007817382857099996,-0.0319216426286,-0.000998172685700056,1
119,1779936089333,-0.0004389617142900003,-0.031937242628599996,0.0005657273143000064,1
120,1779936089336,-0.0004389617142900003,-0.031937242628599996,0.0005657273143000064,1
121,1779936089339,-0.0004389617142900003,-0.031937242628599996,0.0005657273143000064,1
122,1779936089341,0.0005438382857099995,-0.0323428426286,0.00019522731429995506,1
123,1779936089344,0.0005438382857099995,-0.0323428426286,0.00019522731429995506,1
124,1779936089347,0.0005438382857099995,-0.0323428426286,0.00019522731429995506,1
0,1779936089385,-0.0007470617142899998,-0.0344683426286,0.0021257273143000122,2
1,1779936089445,0.00059063828571,-0.0323038426286,-0.000479472685700073,1
2,1779936089448,0.00059063828571,-0.0323038426286,-0.000479472685700073,1
3,1779936089451,0.00059063828571,-0.0323038426286,-0.000479472685700073,1
4,1779936089454,0.0009299382857099999,-0.0327094426286,0.00032002731429999105,1
5,1779936089456,0.0009299382857099999,-0.0327094426286,0.00032002731429999105,1
6,1779936089459,0.0009299382857099999,-0.0327094426286,0.00032002731429999105,1
7,1779936089462,0.0009104382857099995,-0.0335557426286,-9.727268570007379e-05,1
8,1779936089464,0.0009104382857099995,-0.0335557426286,-9.727268570007379e-05,1
9,1779936089467,0.0009104382857099995,-0.0335557426286,-9.727268570007379e-05,1
10,1779936089470,0.0006374382857099996,-0.0341602426286,0.0002186273142999618,1
11,1779936089473,0.0006374382857099996,-0.0341602426286,0.0002186273142999618,1
12,1779936089475,0.0006374382857099996,-0.0341602426286,0.0002186273142999618,1
13,1779936089478,0.0015734382857099998,-0.0342304426286,-0.001122972685699981,1
14,1779936089481,0.0015734382857099998,-0.0342304426286,-0.001122972685699981,1
15,1779936089484,0.0015734382857099998,-0.0339223426286,-0.000479472685700073,1
16,1779936089487,0.0010664382857100002,-0.0339223426286,-0.000479472685700073,1
17,1779936089489,0.0010664382857100002,-0.0339223426286,-0.000479472685700073,1
18,1779936089492,0.00077393828571,-0.033571342628599996,-0.0008382726857000655,1
19,1779936089495,0.00077393828571,-0.033571342628599996,-0.0008382726857000655,1
20,1779936089497,0.00077393828571,-0.033571342628599996,-0.0008382726857000655,1
21,1779936089500,0.00010313828570999994,-0.0327601426286,-0.0002571726857000644,1
22,1779936089503,0.00010313828570999994,-0.0327601426286,-0.0002571726857000644,1
23,1779936089506,0.00010313828570999994,-0.0327601426286,-0.0002571726857000644,1
24,1779936089509,1.3438285710000095e-05,-0.0327679426286,0.00016012731430000045,1
25,1779936089511,1.3438285710000095e-05,-0.0327679426286,0.00016012731430000045,1
26,1779936089514,1.3438285710000095e-05,-0.0327679426286,0.00016012731430000045,1
27,1779936089517,0.0009923382857099997,-0.0320113426286,-0.0006783726856999638,1
28,1779936089520,0.0009923382857099997,-0.0320113426286,-0.0006783726856999638,1
29,1779936089522,0.0009923382857099997,-0.0320113426286,-0.0006783726856999638,1
30,1779936089525,0.00147203828571,-0.0326353426286,-0.0007992726857000542,1
31,1779936089528,0.00147203828571,-0.0326353426286,-0.0007992726857000542,1
32,1779936089530,0.00147203828571,-0.0326353426286,-0.0007992726857000542,1
33,1779936089533,0.0007583382857099998,-0.0324871426286,0.0007178273142999948,1
34,1779936089536,0.0007583382857099998,-0.0324871426286,0.0007178273142999948,1
35,1779936089538,0.0007583382857099998,-0.0324871426286,0.0007178273142999948,1
36,1779936089542,0.001901038285709999,-0.0328849426286,-0.0003117726856999691,2
37,1779936089544,0.001901038285709999,-0.0328849426286,-0.0003117726856999691,2
38,1779936089547,0.001901038285709999,-0.0328849426286,-0.0003117726856999691,2
39,1779936089550,0.001745038285709999,-0.0327250426286,-0.0008460726857000677,2
40,1779936089553,0.001745038285709999,-0.0327250426286,-0.0008460726857000677,2
41,1779936089555,0.001745038285709999,-0.0327250426286,-0.0008460726857000677,2
42,1779936089558,0.0005555382857099994,-0.0329707426286,0.0004916273142999295,1
43,1779936089561,0.0005555382857099994,-0.0329707426286,0.0004916273142999295,1
44,1779936089563,0.0005555382857099994,-0.0329707426286,0.0004916273142999295,1
45,1779936089566,6.413828570999997e-05,-0.0326314426286,0.0004370273143000248,1
46,1779936089569,6.413828570999997e-05,-0.0326314426286,0.0004370273143000248,1
47,1779936089572,6.413828570999997e-05,-0.0326314426286,0.0004370273143000248,1
48,1779936089574,0.00034103828571000003,-0.0331189426286,-0.0009045726857000291,1
49,1779936089577,0.00034103828571000003,-0.0331189426286,-0.0009045726857000291,1
50,1779936089580,0.00034103828571000003,-0.0331189426286,-0.0009045726857000291,1
51,1779936089582,0.0009338382857100001,-0.0330292426286,-0.0015402726857000459,1
52,1779936089585,0.0009338382857100001,-0.0330292426286,-0.0015402726857000459,1
53,1779936089588,0.0009338382857100001,-0.0330292426286,0.0002342273142999663,1
54,1779936089591,0.00045023828570999944,-0.0331930426286,0.0002342273142999663,1
55,1779936089594,0.00045023828570999944,-0.0331930426286,0.0002342273142999663,1
56,1779936089596,0.0011639382857099997,-0.0335440426286,-0.000417072685700055,1
57,1779936089599,0.0011639382857099997,-0.0335440426286,-0.000417072685700055,1
58,1779936089602,0.0011639382857099997,-0.0335440426286,-0.000417072685700055,1
59,1779936089604,0.0013979382857099995,-0.0333724426286,-0.0011112726857000332,1
60,1779936089607,0.0013979382857099995,-0.0333724426286,-0.0011112726857000332,1
61,1779936089610,0.0013979382857099995,-0.0333724426286,-0.0011112726857000332,1
62,1779936089613,0.0010703382857099996,-0.0332476426286,-0.0004833726857000186,1
63,1779936089615,0.0010703382857099996,-0.0332476426286,-0.0004833726857000186,1
64,1779936089618,0.0010703382857099996,-0.0332476426286,-0.0004833726857000186,1
65,1779936089621,0.0005048382857099996,-0.0325183426286,0.00040192731429995916,1
66,1779936089623,0.0005048382857099996,-0.0325183426286,0.00040192731429995916,1
67,1779936089626,0.0005048382857099996,-0.0325183426286,0.00040192731429995916,1
68,1779936089629,0.0008207382857099996,-0.0325027426286,0.0007334273142999993,1
69,1779936089631,0.0008207382857099996,-0.0325027426286,0.0007334273142999993,1
70,1779936089634,0.0008207382857099996,-0.0325027426286,0.0007334273142999993,1
71,1779936089637,0.0003917382857099999,-0.0314458426286,0.00012502731429993481,1
72,1779936089639,0.0003917382857099999,-0.0314458426286,0.00012502731429993481,1
73,1779936089642,0.0003917382857099999,-0.0314458426286,0.00012502731429993481,1
74,1779936089645,0.00037613828570999975,-0.0350728426286,0.002480627314299948,2
75,1779936089647,0.00037613828570999975,-0.0350728426286,0.002480627314299948,2
76,1779936089651,0.00037613828570999975,-0.0350728426286,0.002480627314299948,2
77,1779936089653,0.006015538285709999,-0.029846842628599997,-0.007374672685700063,2
78,1779936089656,0.006015538285709999,-0.029846842628599997,-0.007374672685700063,2
79,1779936089659,0.006015538285709999,-0.029846842628599997,-0.007374672685700063,2
80,1779936089661,-0.00413616171429,-0.0340666426286,0.003841727314299952,2
81,1779936089664,-0.00413616171429,-0.0340666426286,0.003841727314299952,2
82,1779936089667,-0.00413616171429,-0.0340666426286,0.003841727314299952,2
83,1779936089670,0.00014213828570999992,-0.0337975426286,0.002687327314299952,2
84,1779936089672,0.00014213828570999992,-0.0337975426286,0.002687327314299952,2
85,1779936089675,0.00014213828570999992,-0.0337975426286,0.002687327314299952,2
86,1779936089678,0.004673938285709999,-0.0320620426286,-0.007323972685699993,2
87,1779936089681,0.004673938285709999,-0.0320620426286,-0.007323972685699993,2
88,1779936089684,0.004673938285709999,-0.0320620426286,-0.007323972685699993,2
89,1779936089686,-0.00125016171429,-0.0340744426286,0.0013340273142999504,1
90,1779936089689,-0.00125016171429,-0.0340744426286,0.0013340273142999504,1
91,1779936089692,-0.00125016171429,-0.0340744426286,0.0013340273142999504,1
92,1779936089694,-0.00018936171429000028,-0.032319442628599995,0.0035765273142999866,2
93,1779936089697,-0.00018936171429000028,-0.032319442628599995,0.0035765273142999866,2
94,1779936089700,-0.00018936171429000028,-0.032319442628599995,0.0035765273142999866,2
95,1779936089703,0.0024197382857099993,-0.0325456426286,-0.003150972685700011,2
96,1779936089705,0.0024197382857099993,-0.0325456426286,-0.003150972685700011,2
97,1779936089708,0.0024197382857099993,-0.0325456426286,-0.003150972685700011,2
98,1779936089711,0.0002513382857100002,-0.0337117426286,0.0005111273142999907,1
99,1779936089714,0.0002513382857100002,-0.0337117426286,0.0005111273142999907,1
100,1779936089716,0.0002513382857100002,-0.0321985426286,0.00035512731429994567,1
101,1779936089719,0.0022754382857099993,-0.0321985426286,0.00035512731429994567,2
102,1779936089722,0.0022754382857099993,-0.0321985426286,0.00035512731429994567,2
103,1779936089725,0.0004307382857099999,-0.032849842628599996,-0.0006003726857000524,1
104,1779936089727,0.0004307382857099999,-0.032849842628599996,-0.0006003726857000524,1
105,1779936089730,0.0004307382857099999,-0.032849842628599996,-0.0006003726857000524,1
106,1779936089733,0.00015383828570999982,-0.0327757426286,0.00022642731429996406,1
107,1779936089735,0.00015383828570999982,-0.0327757426286,0.00022642731429996406,1
108,1779936089738,0.00015383828570999982,-0.0327757426286,0.00022642731429996406,1
109,1779936089741,0.0014759382857099995,-0.0306970426286,-0.0016923726857000342,1
110,1779936089744,0.0014759382857099995,-0.0306970426286,-0.0016923726857000342,1
111,1779936089747,0.0014759382857099995,-0.0306970426286,-0.0016923726857000342,1
112,1779936089749,-0.0002868617142899998,-0.0327874426286,0.00010162731429992806,1
113,1779936089752,-0.0002868617142899998,-0.0327874426286,0.00010162731429992806,1
114,1779936089755,-0.0002868617142899998,-0.0327874426286,0.00010162731429992806,1
115,1779936089757,0.0013979382857099995,-0.0330175426286,0.0003941273142999569,1
116,1779936089760,0.0013979382857099995,-0.0330175426286,0.0003941273142999569,1
117,1779936089763,0.0013979382857099995,-0.0330175426286,0.0003941273142999569,1
118,1779936089766,0.0022949382857099998,-0.0335167426286,-0.001434972685700071,2
119,1779936089768,0.0022949382857099998,-0.0335167426286,-0.001434972685700071,2
120,1779936089771,0.0022949382857099998,-0.0335167426286,-0.001434972685700071,2
121,1779936089774,0.0004970382857099999,-0.0333490426286,-0.00085387268570007,1
122,1779936089776,0.0004970382857099999,-0.0333490426286,-0.00085387268570007,1
123,1779936089779,0.0004970382857099999,-0.0333490426286,-0.00085387268570007,1
124,1779936089782,0.0003332382857099995,-0.0327913426286,-2.3172685699996906e-05,1
0,1779936089826,0.00204923828571,-0.0328342426286,-0.0007095726856999728,2
1,1779936089829,0.0010157382857099995,-0.032756242628599996,-0.0007407726856999818,1
2,1779936089887,0.0010742382857099999,-0.0338443426286,-0.00025327268570000776,1
3,1779936089890,0.0003839382857099994,-0.0324052426286,-0.0001323726857000284,1
4,1779936089893,0.0003839382857099994,-0.0324052426286,0.0008855273142999876,1
5,1779936089895,0.0008909382857099999,-0.0324325426286,0.0008855273142999876,1
6,1779936089898,0.0008909382857099999,-0.0324325426286,0.0008855273142999876,1
7,1779936089901,0.0008909382857099999,-0.0310324426286,-0.0017235726857000432,1
8,1779936089903,0.0017801382857100005,-0.0310324426286,-0.0017235726857000432,2
9,1779936089906,0.0017801382857100005,-0.0310324426286,-0.0017235726857000432,2
10,1779936089909,0.0017801382857100005,-0.0324481426286,0.00044482731430002705,2
11,1779936089912,0.00052433828571,-0.0324481426286,0.00044482731430002705,1
12,1779936089914,0.00052433828571,-0.0324481426286,0.00044482731430002705,1
13,1779936089917,0.00098453828571,-0.0328342426286,6.262731430002784e-05,1
14,1779936089920,0.00098453828571,-0.0328342426286,6.262731430002784e-05,1
15,1779936089923,0.00098453828571,-0.0328342426286,6.262731430002784e-05,1
16,1779936089926,0.0012926382857099995,-0.033040942628599995,-0.000417072685700055,1
17,1779936089928,0.0012926382857099995,-0.033040942628599995,-0.000417072685700055,1
18,1779936089931,0.0012926382857099995,-0.033040942628599995,-0.000417072685700055,1
19,1779936089934,0.0007700382857099997,-0.0336532426286,-0.00045997268570001186,1
20,1779936089936,0.0007700382857099997,-0.0336532426286,-0.00045997268570001186,1
21,1779936089939,0.0007700382857099997,-0.0336532426286,-0.00045997268570001186,1
22,1779936089942,0.00046973828570999986,-0.033520642628599995,-0.0005145726857000276,1
23,1779936089945,0.00046973828570999986,-0.033520642628599995,-0.0005145726857000276,1
24,1779936089947,0.00046973828570999986,-0.033520642628599995,-0.0005145726857000276,1
25,1779936089951,0.00046973828570999986,-0.033715642628599996,-0.00030397268569996687,1
26,1779936089953,0.00046973828570999986,-0.033715642628599996,-0.00030397268569996687,1
27,1779936089956,0.00046973828570999986,-0.033715642628599996,-0.00030397268569996687,1
28,1779936089959,0.00087923828571,-0.0334855426286,-0.0002883726857000734,1
29,1779936089961,0.00087923828571,-0.0334855426286,-0.0002883726857000734,1
30,1779936089964,0.00087923828571,-0.0334855426286,-0.0002883726857000734,1
31,1779936089967,0.0018620382857099998,-0.0327016426286,-0.0009396726856999837,2
32,1779936089970,0.0018620382857099998,-0.0327016426286,-0.0009396726856999837,2
33,1779936089972,0.0018620382857099998,-0.0327016426286,-0.0009396726856999837,2
34,1779936089975,0.0011990382857099994,-0.0328654426286,-4.267268570005804e-05,1
35,1779936089978,0.0011990382857099994,-0.0328654426286,-4.267268570005804e-05,1
36,1779936089980,0.0011990382857099994,-0.0328654426286,-4.267268570005804e-05,1
37,1779936089983,0.0015149382857099995,-0.0318514426286,0.0005501273143000019,1
38,1779936089986,0.0015149382857099995,-0.0318514426286,0.0005501273143000019,1
39,1779936089989,0.0015149382857099995,-0.0321205426286,-0.0005340726856999777,1
40,1779936089992,0.00123413828571,-0.0321205426286,-0.0005340726856999777,1
41,1779936089994,0.00123413828571,-0.0321205426286,-0.0005340726856999777,1
42,1779936089997,0.00123413828571,-0.0314965426286,-0.0009084726856999747,1
43,1779936090000,0.0006374382857099996,-0.0314965426286,-0.0009084726856999747,1
44,1779936090003,0.0006374382857099996,-0.0314965426286,-0.0009084726856999747,1
45,1779936090005,0.00037613828570999975,-0.031839742628599996,8.99273142999802e-05,1
46,1779936090008,0.00037613828570999975,-0.031839742628599996,8.99273142999802e-05,1
47,1779936090011,0.00037613828570999975,-0.031839742628599996,8.99273142999802e-05,1
48,1779936090014,0.00038783828570999965,-0.031746142628599996,-0.00044047268570006175,1
49,1779936090017,0.00038783828570999965,-0.031746142628599996,-0.00044047268570006175,1
50,1779936090019,0.00038783828570999965,-0.031746142628599996,-0.00044047268570006175,1
51,1779936090022,0.00094553828571,-0.0330331426286,-0.0007329726856999796,1
52,1779936090025,0.00094553828571,-0.0330331426286,-0.0007329726856999796,1
53,1779936090028,0.00094553828571,-0.0330331426286,-0.0007329726856999796,1
54,1779936090030,0.0012146382857099996,-0.0338755426286,-0.0003897726856999916,1
55,1779936090033,0.0012146382857099996,-0.0338755426286,-0.0003897726856999916,1
56,1779936090036,0.0012146382857099996,-0.0338755426286,-0.0003897726856999916,1
57,1779936090038,0.0014135382857099997,-0.0343279426286,-0.00024937268570006214,1
58,1779936090042,0.0014135382857099997,-0.0343279426286,-0.00024937268570006214,1
59,1779936090044,0.0014135382857099997,-0.0343279426286,-0.00024937268570006214,1
60,1779936090047,0.0011522382857099998,-0.0342382426286,0.0001055273142999847,1
61,1779936090050,0.0011522382857099998,-0.0342382426286,0.0001055273142999847,1
62,1779936090052,0.0011522382857099998,-0.0342382426286,0.0001055273142999847,1
63,1779936090055,0.0010781382857100001,-0.0341134426286,-0.0002727726857000689,1
64,1779936090058,0.0010781382857100001,-0.0341134426286,-0.0002727726857000689,1
65,1779936090060,0.0010781382857100001,-0.0341134426286,-0.0002727726857000689,1
66,1779936090063,-0.00012306171429000024,-0.0338794426286,-0.00039367268570004825,1
67,1779936090066,-0.00012306171429000024,-0.0338794426286,-0.00039367268570004825,1
68,1779936090069,-0.00012306171429000024,-0.0338794426286,-0.00039367268570004825,1
69,1779936090072,0.00030593828570999945,-0.033087742628599995,-0.0005301726857000321,1
70,1779936090075,0.00030593828570999945,-0.033087742628599995,-0.0005301726857000321,1
71,1779936090077,0.00030593828570999945,-0.0327874426286,-0.00018697268570004415,1
72,1779936090080,0.0008246382857099999,-0.0327874426286,-0.00018697268570004415,1
73,1779936090083,0.0008246382857099999,-0.0327874426286,-0.00018697268570004415,1
74,1779936090087,0.0015695382857099996,-0.0325534426286,-0.0007524726857000407,1
75,1779936090091,0.0015695382857099996,-0.0325534426286,-0.0007524726857000407,1
76,1779936090093,0.0015695382857099996,-0.0326002426286,0.00010942731429993031,1
77,1779936090096,0.0008441382857099994,-0.0326002426286,0.00010942731429993031,1
78,1779936090099,0.0008441382857099994,-0.0326002426286,0.00010942731429993031,1
79,1779936090101,0.0008441382857099994,-0.031890442628599996,0.0002810273142999798,1
80,1779936090104,0.0006920382857099998,-0.031890442628599996,0.0002810273142999798,1
81,1779936090107,0.0006920382857099998,-0.031890442628599996,0.0002810273142999798,1
82,1779936090110,0.0012887382857100001,-0.0320698426286,-0.0007017726856999706,1
83,1779936090112,0.0012887382857100001,-0.0320698426286,-0.0007017726856999706,1
84,1779936090115,0.0012887382857100001,-0.0320698426286,-0.0007017726856999706,1
85,1779936090118,0.00038783828570999965,-0.0320893426286,-5.047268570006029e-05,1
86,1779936090120,0.00038783828570999965,-0.0320893426286,-5.047268570006029e-05,1
87,1779936090123,0.00038783828570999965,-0.0320893426286,-5.047268570006029e-05,1
88,1779936090126,0.0005516382857100001,-0.032943442628599995,-0.0005808726856999912,1
89,1779936090129,0.0005516382857100001,-0.032943442628599995,-0.0005808726856999912,1
90,1779936090132,0.0005516382857100001,-0.032943442628599995,-0.0005808726856999912,1
91,1779936090134,0.0010742382857099999,-0.0334504426286,-0.00044047268570006175,1
92,1779936090137,0.0010742382857099999,-0.0334504426286,-0.00044047268570006175,1
93,1779936090140,0.0010742382857099999,-0.0334504426286,-0.00044047268570006175,1
94,1779936090143,0.0019751382857099995,-0.0338248426286,-0.001434972685700071,2
95,1779936090145,0.0019751382857099995,-0.0338248426286,-0.001434972685700071,2
96,1779936090148,0.0019751382857099995,-0.0338248426286,-0.001434972685700071,2
97,1779936090151,0.00062963828571,-0.0340237426286,-3.8772685700001405e-05,1
98,1779936090154,0.00062963828571,-0.0340237426286,-3.8772685700001405e-05,1
99,1779936090157,0.00062963828571,-0.0340237426286,-3.8772685700001405e-05,1
100,1779936090160,0.00014993828570999956,-0.0339457426286,0.00030442731429998655,1
101,1779936090162,0.00014993828570999956,-0.0339457426286,0.00030442731429998655,1
102,1779936090165,0.00014993828570999956,-0.0339457426286,0.00030442731429998655,1
103,1779936090168,-0.00047796171429000025,-0.033044842628599996,-5.827268570006254e-05,1
104,1779936090170,-0.00047796171429000025,-0.033044842628599996,-5.827268570006254e-05,1
105,1779936090173,-0.00047796171429000025,-0.033044842628599996,-5.827268570006254e-05,1
106,1779936090176,0.0008051382857099994,-0.0324208426286,0.00028492731430003644,1
107,1779936090179,0.0008051382857099994,-0.0324208426286,0.00028492731430003644,1
108,1779936090181,0.0008051382857099994,-0.0324208426286,0.0009479273143000056,1
109,1779936090184,0.0011717382857100002,-0.0332710426286,0.0009479273143000056,1
110,1779936090187,0.0011717382857100002,-0.0332710426286,0.0009479273143000056,1
111,1779936090189,0.0011717382857100002,-0.0332710426286,-0.001977072685700061,1
112,1779936090192,0.0024314382857099992,-0.0316369426286,-0.001977072685700061,2
113,1779936090195,0.0024314382857099992,-0.0316369426286,-0.001977072685700061,2
114,1779936090198,0.0024314382857099992,-0.0316369426286,0.001131227314300003,2
115,1779936090201,0.00015773828571000008,-0.0316837426286,0.001131227314300003,1
116,1779936090203,0.00015773828571000008,-0.0316837426286,0.001131227314300003,1
117,1779936090206,0.0012107382857100002,-0.0318436426286,3.922731430002109e-05,1
118,1779936090209,0.0012107382857100002,-0.0318436426286,3.922731430002109e-05,1
119,1779936090212,0.0012107382857100002,-0.0318436426286,3.922731430002109e-05,1
120,1779936090215,0.0037925382857099997,-0.0317695426286,-0.005175072685699984,2
121,1779936090218,0.0037925382857099997,-0.0317695426286,-0.005175072685699984,2
122,1779936090221,0.0037925382857099997,-0.0317695426286,-0.005175072685699984,2
123,1779936090223,-0.00024006171429000016,-0.0337078426286,0.0009518273142999512,1
124,1779936090226,-0.00024006171429000016,-0.0337078426286,0.0009518273142999512,1
0,1779936090266,0.0002396382857099994,-0.0335050426286,0.00041362731430001805,1
1,1779936090326,0.0009650382857099996,-0.0325378426286,-0.0009864726856999972,1
2,1779936090329,0.0006257382857099997,-0.0325378426286,-0.0009864726856999972,1
3,1779936090332,0.0006257382857099997,-0.0325378426286,-0.0009864726856999972,1
4,1779936090335,0.0015656382857100002,-0.0331189426286,-0.0007329726856999796,1
5,1779936090338,0.0015656382857100002,-0.0331189426286,-0.0007329726856999796,1
6,1779936090340,0.0015656382857100002,-0.0331189426286,-0.0007329726856999796,1
7,1779936090343,0.0020570382857100005,-0.0336259426286,0.0003161273142999344,2
8,1779936090346,0.0020570382857100005,-0.0336259426286,0.0003161273142999344,2
9,1779936090348,0.0020570382857100005,-0.0336259426286,0.0003161273142999344,2
10,1779936090351,0.00157733828571,-0.0344215426286,-0.000573072685699989,1
11,1779936090354,0.00157733828571,-0.0344215426286,-0.000573072685699989,1
12,1779936090356,0.00157733828571,-0.0344215426286,-0.000573072685699989,1
13,1779936090360,0.00011483828570999985,-0.0343474426286,0.0002966273142999843,1
14,1779936090362,0.00011483828570999985,-0.0343474426286,0.0002966273142999843,1
15,1779936090365,0.00011483828570999985,-0.0343474426286,0.0002966273142999843,1
16,1779936090368,0.00027083828570999974,-0.0339925426286,-8.55726857000149e-05,1
17,1779936090371,0.00027083828570999974,-0.0339925426286,-8.55726857000149e-05,1
18,1779936090373,0.00027083828570999974,-0.0339925426286,-8.55726857000149e-05,1
19,1779936090376,0.0003488382857099997,-0.032994142628599996,-0.0004833726857000186,1
20,1779936090379,0.0003488382857099997,-0.032994142628599996,-0.0004833726857000186,1
21,1779936090381,0.0003488382857099997,-0.032994142628599996,-0.0004833726857000186,1
22,1779936090384,0.0007115382857100002,-0.0322921426286,-0.000791472685700052,1
23,1779936090387,0.0007115382857100002,-0.0322921426286,-0.000791472685700052,1
24,1779936090389,0.0007115382857100002,-0.0322921426286,-0.000791472685700052,1
25,1779936090392,0.0004424382857099998,-0.0320971426286,0.0005579273143000042,1
26,1779936090395,0.0004424382857099998,-0.0320971426286,0.0005579273143000042,1
27,1779936090398,0.0004424382857099998,-0.0320971426286,-0.0002454726857000055,1
28,1779936090401,0.0010820382857099995,-0.0318475426286,-0.0002454726857000055,1
29,1779936090403,0.0010820382857099995,-0.0318475426286,-0.0002454726857000055,1
30,1779936090406,0.0010820382857099995,-0.0318475426286,-0.0008928726856999702,1
31,1779936090409,0.0018425382857099994,-0.0324364426286,-0.0008928726856999702,2
32,1779936090411,0.0018425382857099994,-0.0324364426286,-0.0008928726856999702,2
33,1779936090414,0.0018425382857099994,-0.032030842628599995,-0.00025327268570000776,2
34,1779936090417,0.0010079382857099998,-0.032030842628599995,-0.00025327268570000776,1
35,1779936090419,0.0010079382857099998,-0.032030842628599995,-0.00025327268570000776,1
36,1779936090422,0.0010079382857099998,-0.0323896426286,2.362731430001659e-05,1
37,1779936090425,0.0007310382857099998,-0.0323896426286,2.362731430001659e-05,1
38,1779936090428,0.0007310382857099998,-0.0323896426286,2.362731430001659e-05,1
39,1779936090430,0.0007310382857099998,-0.033454342628599996,0.00021082731429995956,1
40,1779936090433,0.0014213382857099994,-0.033454342628599996,0.00021082731429995956,1
41,1779936090436,0.0014213382857099994,-0.033454342628599996,0.00021082731429995956,1
42,1779936090439,0.00149543828571,-0.0345892426286,-0.0011073726856999765,1
43,1779936090442,0.00149543828571,-0.0345892426286,-0.0011073726856999765,1
44,1779936090444,0.00149543828571,-0.0345892426286,-0.0011073726856999765,1
45,1779936090447,0.00020063828570999944,-0.0353770426286,0.0003278273142999933,1
46,1779936090450,0.00020063828570999944,-0.0353770426286,0.0003278273142999933,1
47,1779936090453,0.00020063828570999944,-0.0353770426286,0.0003278273142999933,1
48,1779936090456,0.0012263382857099995,-0.0345775426286,-0.0006159726857000569,1
49,1779936090459,0.0012263382857099995,-0.0345775426286,-0.0006159726857000569,1
50,1779936090461,0.0012263382857099995,-0.0345775426286,-0.0006159726857000569,1
51,1779936090464,0.0005438382857099995,-0.0333451426286,-0.0008850726856999679,1
52,1779936090467,0.0005438382857099995,-0.0333451426286,-0.0008850726856999679,1
53,1779936090470,0.0005438382857099995,-0.0333451426286,-0.0008850726856999679,1
54,1779936090473,0.0009650382857099996,-0.0326353426286,-0.0010332726857000107,1
55,1779936090475,0.0009650382857099996,-0.0326353426286,-0.0010332726857000107,1
56,1779936090479,0.0009650382857099996,-0.0326353426286,0.0010220273142999715,1
57,1779936090481,0.00018893828570999954,-0.031551142628599996,0.0010220273142999715,1
58,1779936090484,0.00018893828570999954,-0.031551142628599996,0.0010220273142999715,1
59,1779936090489,0.0013550382857100002,-0.0316252426286,-0.00042487268570005725,1
60,1779936090492,0.0013550382857100002,-0.0316252426286,-0.00042487268570005725,1
61,1779936090495,0.002232538285709999,-0.0312937426286,-0.001103472685700031,2
62,1779936090497,0.002232538285709999,-0.0312937426286,-0.001103472685700031,2
63,1779936090500,0.002232538285709999,-0.0312937426286,-0.001103472685700031,2
64,1779936090503,0.001889338285709999,-0.0319957426286,-0.0010215726857000628,2
65,1779936090506,0.001889338285709999,-0.0319957426286,-0.0010215726857000628,2
66,1779936090508,0.001889338285709999,-0.0319957426286,-0.0010215726857000628,2
67,1779936090511,0.0004541382857099997,-0.0322492426286,0.0003005273142999299,1
68,1779936090514,0.0004541382857099997,-0.0322492426286,0.0003005273142999299,1
69,1779936090517,0.0004541382857099997,-0.0322492426286,0.0003005273142999299,1
70,1779936090520,0.0006725382857100002,-0.0326431426286,0.00029272731429992767,1
71,1779936090523,0.0006725382857100002,-0.0326431426286,0.00029272731429992767,1
72,1779936090525,0.0006725382857100002,-0.0326431426286,0.00029272731429992767,1
73,1779936090528,0.0006842382857100001,-0.0333178426286,-0.0009279726857000358,1
74,1779936090531,0.0006842382857100001,-0.0333178426286,-0.0009279726857000358,1
75,1779936090533,0.0006842382857100001,-0.0333178426286,-0.0009279726857000358,1
76,1779936090536,0.00018503828571000015,-0.0345619426286,-0.0001791726857000419,1
77,1779936090539,0.00018503828571000015,-0.0345619426286,-0.0001791726857000419,1
78,1779936090542,0.00018503828571000015,-0.0345619426286,-0.0001791726857000419,1
79,1779936090545,0.00027473828571,-0.0344332426286,0.0007022273142999903,1
80,1779936090549,0.00027473828571,-0.0344332426286,0.0007022273142999903,1
81,1779936090551,0.00027083828570999974,-0.0342031426286,0.000725627314299997,1
82,1779936090554,0.00027083828570999974,-0.0342031426286,0.000725627314299997,1
83,1779936090557,0.00027083828570999974,-0.0342031426286,0.000725627314299997,1
84,1779936090560,0.0021740382857099996,-0.0331267426286,-0.001809372685700068,2
85,1779936090563,0.0021740382857099996,-0.0331267426286,-0.001809372685700068,2
86,1779936090566,0.0021740382857099996,-0.0331267426286,-0.001809372685700068,2
87,1779936090568,0.00133943828571,-0.0322375426286,-0.00026887268570001226,1
88,1779936090571,0.00133943828571,-0.0322375426286,-0.00026887268570001226,1
89,1779936090574,0.00133943828571,-0.0322375426286,-0.00026887268570001226,1
90,1779936090576,0.0011795382857099999,-0.0324052426286,-0.0005847726857000479,1
91,1779936090579,0.0011795382857099999,-0.0324052426286,-0.0005847726857000479,1
92,1779936090582,0.0011795382857099999,-0.0324052426286,-0.0005847726857000479,1
93,1779936090584,0.0004892382857099994,-0.0317617426286,0.00013282731429993706,1
94,1779936090587,0.0004892382857099994,-0.0317617426286,0.00013282731429993706,1
95,1779936090590,0.0004892382857099994,-0.0317617426286,0.00013282731429993706,1
96,1779936090593,0.0013355382857099998,-0.0318670426286,-0.0007134726857000295,1
97,1779936090596,0.0013355382857099998,-0.0318670426286,-0.0007134726857000295,1
98,1779936090598,0.0013355382857099998,-0.0318670426286,0.00038242731430000905,1
99,1779936090601,0.00037613828570999975,-0.0317773426286,0.00038242731430000905,1
100,1779936090604,0.00037613828570999975,-0.0317773426286,0.00038242731430000905,1
101,1779936090607,0.00037613828570999975,-0.0317773426286,-0.0004365726857000051,1
102,1779936090609,0.0008831382857099994,-0.032510542628599995,-0.0004365726857000051,1
103,1779936090612,0.0008831382857099994,-0.032510542628599995,-0.0004365726857000051,1
104,1779936090615,0.0008831382857099994,-0.0330565426286,-0.000998172685700056,1
105,1779936090617,0.0007583382857099998,-0.0330565426286,-0.000998172685700056,1
106,1779936090620,0.0007583382857099998,-0.0330565426286,-0.000998172685700056,1
107,1779936090623,0.0007583382857099998,-0.0337234426286,-0.00018697268570004415,1
108,1779936090625,0.0006608382857099995,-0.0337234426286,-0.00018697268570004415,1
109,1779936090628,0.0006608382857099995,-0.0337234426286,-0.00018697268570004415,1
110,1779936090631,0.0008441382857099994,-0.0336454426286,0.0002654273142999753,1
111,1779936090634,0.0008441382857099994,-0.0336454426286,0.0002654273142999753,1
112,1779936090637,0.0008441382857099994,-0.0336454426286,0.0002654273142999753,1
113,1779936090640,0.0011444382857100002,-0.0340939426286,-0.00028057268570007114,1
114,1779936090643,0.0011444382857100002,-0.0340939426286,-0.00028057268570007114,1
115,1779936090645,0.0011444382857100002,-0.0340939426286,-0.00028057268570007114,1
116,1779936090648,0.0016124382857099998,-0.0337741426286,-0.0009318726856999814,1
117,1779936090651,0.0016124382857099998,-0.0337741426286,-0.0009318726856999814,1
118,1779936090653,0.0016124382857099998,-0.0337741426286,-0.0009318726856999814,1
119,1779936090656,0.0015149382857099995,-0.0333256426286,0.0004253273142999659,1
120,1779936090659,0.0015149382857099995,-0.0333256426286,0.0004253273142999659,1
121,1779936090662,0.0015149382857099995,-0.0333256426286,0.0004253273142999659,1
122,1779936090665,0.0010040382857099996,-0.033021442628599997,-0.0006861726856999661,1
123,1779936090667,0.0010040382857099996,-0.033021442628599997,-0.0006861726856999661,1
124,1779936090670,0.0010040382857099996,-0.033021442628599997,-0.0006861726856999661,1
0,1779936090729,0.0011834382857100001,-0.0330019426286,-0.000448272685700064,1
1,1779936090735,0.0005594382857099997,-0.0329590426286,-0.0007524726857000407,1
2,1779936090739,0.00126143828571,-0.0325261426286,-0.0006120726857000002,1
3,1779936090743,0.00126143828571,-0.0334231426286,0.00022642731429996406,1
4,1779936090776,0.0015578382857099997,-0.0336493426286,-0.0007680726857000452,1
5,1779936090778,0.0003839382857099994,-0.0323467426286,-0.0001635726857000374,1
6,1779936090781,0.0003839382857099994,-0.0323467426286,-0.0001635726857000374,1
7,1779936090784,0.0007661382857099995,-0.0319879426286,-0.0008070726857000565,1
8,1779936090786,0.0007661382857099995,-0.0319879426286,-0.0008070726857000565,1
9,1779936090789,0.0007661382857099995,-0.0319879426286,-0.0008070726857000565,1
10,1779936090792,0.0008090382857099997,-0.0312157426286,-0.00031567268570002575,1
11,1779936090794,0.0008090382857099997,-0.0312157426286,-0.00031567268570002575,1
12,1779936090797,0.0008090382857099997,-0.0312157426286,-0.00031567268570002575,1
13,1779936090800,0.0014642382857099996,-0.0321829426286,-0.0007992726857000542,1
14,1779936090803,0.0014642382857099996,-0.0321829426286,-0.0007992726857000542,1
15,1779936090805,0.0014642382857099996,-0.0321829426286,-0.0007992726857000542,1
16,1779936090808,0.0009065382857100001,-0.032077642628599995,0.0003629273142999479,1
17,1779936090811,0.0009065382857100001,-0.032077642628599995,0.0003629273142999479,1
18,1779936090815,0.0009065382857100001,-0.032077642628599995,0.0003629273142999479,1
19,1779936090818,0.0014408382857099998,-0.032803042628599996,-0.0008928726856999702,1
20,1779936090823,0.0014408382857099998,-0.032803042628599996,-0.0008928726856999702,1
21,1779936090826,0.0009572382857099999,-0.0327289426286,-0.0004053726856999961,1
22,1779936090829,0.0009572382857099999,-0.0327289426286,-0.0004053726856999961,1
23,1779936090832,0.0009572382857099999,-0.0338170426286,-0.00014017268570003065,1
24,1779936090835,0.0009572382857099999,-0.0338170426286,-0.00014017268570003065,1
25,1779936090838,0.0009572382857099999,-0.0338170426286,-0.00014017268570003065,1
26,1779936090841,0.0005828382857099995,-0.0338989426286,0.00012502731429993481,1
27,1779936090844,0.0005828382857099995,-0.0338989426286,0.00012502731429993481,1
28,1779936090847,0.0005828382857099995,-0.0338989426286,0.00012502731429993481,1
29,1779936090849,0.00098453828571,-0.0345463426286,-0.0003078726857000235,1
30,1779936090852,0.00098453828571,-0.0345463426286,-0.0003078726857000235,1
31,1779936090855,0.00098453828571,-0.0345463426286,-0.0003078726857000235,1
32,1779936090857,0.0005438382857099995,-0.0339223426286,-0.0008070726857000565,1
33,1779936090860,0.0005438382857099995,-0.0339223426286,-0.0008070726857000565,1
34,1779936090863,0.0005438382857099995,-0.0339223426286,-0.0008070726857000565,1
35,1779936090865,0.00036443828570999984,-0.0337507426286,0.00044482731430002705,1
36,1779936090868,0.00036443828570999984,-0.0337507426286,0.00044482731430002705,1
37,1779936090871,0.00036443828570999984,-0.0337507426286,0.00044482731430002705,1
38,1779936090874,0.0010703382857099996,-0.032943442628599995,-0.00037807268570004375,1
39,1779936090877,0.0010703382857099996,-0.032943442628599995,-0.00037807268570004375,1
40,1779936090879,0.0010703382857099996,-0.0329785426286,-0.000635472685700007,1
41,1779936090882,0.0009884382857099994,-0.0329785426286,-0.000635472685700007,1
42,1779936090885,0.0009884382857099994,-0.0329785426286,-0.000635472685700007,1
43,1779936090888,0.0009884382857099994,-0.0322609426286,-0.0008499726857000133,1
44,1779936090890,0.00124583828571,-0.0322609426286,-0.0008499726857000133,1
45,1779936090893,0.00124583828571,-0.0322609426286,-0.0008499726857000133,1
46,1779936090896,0.0011990382857099994,-0.031453642628599995,-0.000323472685700028,1
47,1779936090899,0.0011990382857099994,-0.031453642628599995,-0.000323472685700028,1
48,1779936090901,0.0011990382857099994,-0.031453642628599995,-0.000323472685700028,1
49,1779936090904,0.00081293828571,-0.0311767426286,-0.00030007268570002125,1
50,1779936090907,0.00081293828571,-0.0311767426286,-0.00030007268570002125,1
51,1779936090909,0.00081293828571,-0.0311767426286,-0.00030007268570002125,1
52,1779936090912,0.00101183828571,-0.0321595426286,0.0006242273142999678,1
53,1779936090915,0.00101183828571,-0.0321595426286,0.0006242273142999678,1
54,1779936090918,0.00101183828571,-0.0321595426286,0.0006242273142999678,1
55,1779936090921,0.0013316382857099995,-0.0326743426286,-0.00022207268569999876,1
56,1779936090923,0.0013316382857099995,-0.0326743426286,-0.00022207268569999876,1
57,1779936090926,0.0013316382857099995,-0.0326743426286,-0.00022207268569999876,1
58,1779936090929,0.0010274382857099994,-0.033473842628599995,-8.947268570007154e-05,1
59,1779936090932,0.0010274382857099994,-0.033473842628599995,-8.947268570007154e-05,1
60,1779936090935,0.0010274382857099994,-0.033473842628599995,-8.947268570007154e-05,1
61,1779936090938,0.0009884382857099994,-0.0336532426286,-2.3172685699996906e-05,1
62,1779936090941,0.0009884382857099994,-0.0336532426286,-2.3172685699996906e-05,1
63,1779936090944,0.0009884382857099994,-0.0337858426286,0.00011332731429998695,1
64,1779936090946,0.0005438382857099995,-0.0337858426286,0.00011332731429998695,1
65,1779936090949,0.0005438382857099995,-0.0337858426286,0.00011332731429998695,1
66,1779936090952,0.0005438382857099995,-0.034242142628599995,-0.00024937268570006214,1
67,1779936090954,0.0008285382857100001,-0.034242142628599995,-0.00024937268570006214,1
68,1779936090957,0.0008285382857100001,-0.034242142628599995,-0.00024937268570006214,1
69,1779936090960,0.00115613828571,-0.033524542628599996,-0.0008577726857000156,1
70,1779936090963,0.00115613828571,-0.033524542628599996,-0.0008577726857000156,1
71,1779936090966,0.00115613828571,-0.033524542628599996,-0.0008577726857000156,1
72,1779936090969,0.0012575382857099998,-0.034051042628599995,-0.00017137268570003965,1
73,1779936090971,0.0012575382857099998,-0.034051042628599995,-0.00017137268570003965,1
74,1779936090974,0.0012575382857099998,-0.034051042628599995,-0.00017137268570003965,1
75,1779936090977,0.0012419382857099997,-0.0330253426286,-0.00031957268569997137,1
76,1779936090979,0.0012419382857099997,-0.0330253426286,-0.00031957268569997137,1
77,1779936090982,0.0012419382857099997,-0.0330253426286,-0.00031957268569997137,1
78,1779936090985,0.00137843828571,-0.0333529426286,-1.9272685700051292e-05,1
79,1779936090988,0.00137843828571,-0.0333529426286,-1.9272685700051292e-05,1
80,1779936090990,0.00137843828571,-0.0333529426286,-1.9272685700051292e-05,1
81,1779936090994,0.00140573828571,-0.0323896426286,-0.0006588726857000137,1
82,1779936090996,0.00140573828571,-0.0323896426286,-0.0006588726857000137,1
83,1779936090999,0.00140573828571,-0.0323896426286,-0.0006588726857000137,1
84,1779936091002,0.0008636382857099998,-0.0322102426286,-0.00036247268570003925,1
85,1779936091004,0.0008636382857099998,-0.0322102426286,-0.00036247268570003925,1
86,1779936091007,0.0008636382857099998,-0.0322102426286,-0.00036247268570003925,1
87,1779936091010,0.00062963828571,-0.0317851426286,-0.00036637268569998487,1
88,1779936091012,0.00062963828571,-0.0317851426286,-0.00036637268569998487,1
89,1779936091015,0.00062963828571,-0.0317851426286,-0.00036637268569998487,1
90,1779936091018,0.00018503828571000015,-0.0320425426286,0.00028882731429998205,1
91,1779936091021,0.00018503828571000015,-0.0320425426286,0.00028882731429998205,1
92,1779936091024,0.00018503828571000015,-0.0320425426286,-0.0006120726857000002,1
93,1779936091027,0.00042293828570999937,-0.032175142628599995,-0.0006120726857000002,1
94,1779936091030,0.00042293828570999937,-0.032175142628599995,-0.0006120726857000002,1
95,1779936091033,0.0016202382857099995,-0.0324559426286,-0.0009318726856999814,1
96,1779936091035,0.0016202382857099995,-0.0324559426286,-0.0009318726856999814,1
97,1779936091038,0.0016202382857099995,-0.0324559426286,-0.0009318726856999814,1
98,1779936091041,0.0018347382857100006,-0.0333568426286,-0.0006588726857000137,2
99,1779936091044,0.0018347382857100006,-0.0333568426286,-0.0006588726857000137,2
100,1779936091046,0.0018347382857100006,-0.0333568426286,-0.0006588726857000137,2
101,1779936091050,0.0014603382857100002,-0.033668842628599996,-7.777268570001265e-05,1
102,1779936091052,0.0014603382857100002,-0.033668842628599996,-7.777268570001265e-05,1
103,1779936091055,0.0014603382857100002,-0.033668842628599996,-7.777268570001265e-05,1
104,1779936091058,0.0004424382857099998,-0.0340393426286,1.1927314299957706e-05,1
105,1779936091060,0.0004424382857099998,-0.0340393426286,1.1927314299957706e-05,1
106,1779936091063,0.0004424382857099998,-0.0340393426286,1.1927314299957706e-05,1
107,1779936091066,0.0002864382857099999,-0.033473842628599995,-0.0003390726857000325,1
108,1779936091069,0.0002864382857099999,-0.033473842628599995,-0.0003390726857000325,1
109,1779936091072,0.0002864382857099999,-0.033473842628599995,-0.0003390726857000325,1
110,1779936091074,0.00012653828570999975,-0.033310042628599996,-0.0003897726856999916,1
111,1779936091077,0.00012653828570999975,-0.033310042628599996,-0.0003897726856999916,1
112,1779936091080,0.00018503828571000015,-0.0329356426286,-0.0003702726857000415,1
113,1779936091083,0.00018503828571000015,-0.0329356426286,-0.0003702726857000415,1
114,1779936091086,0.00018503828571000015,-0.0329356426286,-0.0003702726857000415,1
115,1779936091089,0.00062963828571,-0.0332671426286,0.00012892731429999145,1
116,1779936091091,0.00062963828571,-0.0332671426286,0.00012892731429999145,1
117,1779936091094,0.00062963828571,-0.0332671426286,0.00012892731429999145,1
118,1779936091097,0.0013745382857099997,-0.0326860426286,-0.00042487268570005725,1
119,1779936091100,0.0013745382857099997,-0.0326860426286,-0.00042487268570005725,1
120,1779936091102,0.0013745382857099997,-0.0326860426286,-0.00042487268570005725,1
121,1779936091105,0.0017489382857100002,-0.0326392426286,-0.0004950726856999665,2
122,1779936091108,0.0017489382857100002,-0.0326392426286,-0.0004950726856999665,2
123,1779936091111,0.0017489382857100002,-0.0326392426286,-0.0004950726856999665,2
124,1779936091114,0.0011873382857099995,-0.0322882426286,-6.607268570006479e-05,1
0,1779936091202,0.0024236382857100005,-0.0329668426286,0.0012911273142999936,2
1,1779936091210,0.0024236382857100005,-0.0329668426286,-0.000479472685700073,2
2,1779936091214,0.00396803828571,-0.0339964426286,-0.000479472685700073,2
3,1779936091219,0.00227153828571,-0.0339496426286,-0.0019185726856999884,2
4,1779936091222,0.00227153828571,-0.0339496426286,-0.0019185726856999884,2
5,1779936091224,0.00227153828571,-0.0325339426286,-0.0007251726856999773,2
6,1779936091227,0.0004073382857100001,-0.0325339426286,-0.0007251726856999773,1
7,1779936091230,0.0004073382857100001,-0.0325339426286,-0.0007251726856999773,1
8,1779936091233,-0.00165576171429,-0.0318553426286,0.0012638273142999302,1
9,1779936091236,-0.00165576171429,-0.0318553426286,0.0012638273142999302,1
10,1779936091239,-0.00165576171429,-0.0318553426286,0.0012638273142999302,1
11,1779936091241,-3.336171429000039e-05,-0.0319138426286,0.0005891273143000132,1
12,1779936091244,-3.336171429000039e-05,-0.0319138426286,0.0005891273143000132,1
13,1779936091247,-3.336171429000039e-05,-0.0319138426286,0.0005891273143000132,1
14,1779936091249,0.0016046382857100002,-0.033380242628599996,-0.0009864726856999972,1
15,1779936091252,0.0016046382857100002,-0.033380242628599996,-0.0009864726856999972,1
16,1779936091255,0.0016046382857100002,-0.033380242628599996,-0.0009864726856999972,1
17,1779936091257,0.002088238285709999,-0.0333451426286,-0.0011580726857000467,2
18,1779936091261,0.002088238285709999,-0.0333451426286,-0.0011580726857000467,2
19,1779936091263,0.002088238285709999,-0.0333451426286,-0.0011580726857000467,2
20,1779936091266,0.0015383382857100001,-0.0336103426286,0.0007724273143000105,1
21,1779936091269,0.0015383382857100001,-0.0336103426286,0.0007724273143000105,1
22,1779936091272,0.0015383382857100001,-0.0336103426286,0.0007724273143000105,1
23,1779936091274,0.0019127382857100006,-0.0329746426286,1.9727314299959955e-05,2
24,1779936091277,0.0019127382857100006,-0.0329746426286,1.9727314299959955e-05,2
25,1779936091280,0.0019127382857100006,-0.0329746426286,1.9727314299959955e-05,2
26,1779936091282,0.0010976382857099997,-0.0342265426286,-0.000998172685700056,1
27,1779936091285,0.0010976382857099997,-0.0342265426286,-0.000998172685700056,1
28,1779936091289,0.0010976382857099997,-0.0342265426286,-0.000998172685700056,1
29,1779936091293,0.0005750382857099999,-0.0336805426286,-0.0007329726856999796,1
30,1779936091296,0.0005750382857099999,-0.0336805426286,-0.0007329726856999796,1
31,1779936091299,-6.061714290000325e-06,-0.032799142628599995,0.0003785273142999524,1
32,1779936091302,-6.061714290000325e-06,-0.032799142628599995,0.0003785273142999524,1
33,1779936091305,0.0008675382857100001,-0.0328069426286,6.262731430002784e-05,1
34,1779936091308,0.0008675382857100001,-0.0328069426286,6.262731430002784e-05,1
35,1779936091310,0.0008675382857100001,-0.0328069426286,6.262731430002784e-05,1
36,1779936091313,0.0018581382857100004,-0.033165742628599996,-0.0017079726857000387,2
37,1779936091316,0.0018581382857100004,-0.033165742628599996,-0.0017079726857000387,2
38,1779936091318,0.0018581382857100004,-0.033165742628599996,-0.0017079726857000387,2
39,1779936091321,0.0014330382857100001,-0.033310042628599996,-0.0008343726857000088,1
40,1779936091324,0.0014330382857100001,-0.033310042628599996,-0.0008343726857000088,1
41,1779936091326,0.0014330382857100001,-0.033310042628599996,-0.0008343726857000088,1
42,1779936091329,0.0010430382857099995,-0.0329395426286,0.00030442731429998655,1
43,1779936091332,0.0010430382857099995,-0.0329395426286,0.00030442731429998655,1
44,1779936091334,0.0010430382857099995,-0.0329395426286,0.00030442731429998655,1
45,1779936091337,0.0010703382857099996,-0.0321634426286,-0.0005262726856999755,1
46,1779936091340,0.0010703382857099996,-0.0321634426286,-0.0005262726856999755,1
47,1779936091343,0.0010703382857099996,-0.0321634426286,-0.0005262726856999755,1
48,1779936091346,0.0010469382857099998,-0.0322882426286,-0.0013374726856999874,1
49,1779936091349,0.0010469382857099998,-0.0322882426286,-0.0013374726856999874,1
50,1779936091351,0.0010469382857099998,-0.0322882426286,-0.0013374726856999874,1
51,1779936091354,9.533828570999943e-05,-0.0322960426286,0.0004526273143000293,1
52,1779936091357,9.533828570999943e-05,-0.0322960426286,0.0004526273143000293,1
53,1779936091359,9.533828570999943e-05,-0.0322960426286,0.0004526273143000293,1
54,1779936091362,0.0013316382857099995,-0.032705542628599996,0.00025762731429997306,1
55,1779936091365,0.0013316382857099995,-0.032705542628599996,0.00025762731429997306,1
56,1779936091367,0.0013316382857099995,-0.032705542628599996,0.00025762731429997306,1
57,1779936091370,0.0015461382857099998,-0.0332788426286,-0.0003702726857000415,1
58,1779936091373,0.0015461382857099998,-0.0332788426286,-0.0003702726857000415,1
59,1779936091376,0.0015461382857099998,-0.0332788426286,-0.0003702726857000415,1
60,1779936091378,0.00131213828571,-0.0334348426286,-0.00054187268569998,1
61,1779936091381,0.00131213828571,-0.0334348426286,-0.00054187268569998,1
62,1779936091385,0.00131213828571,-0.0334348426286,-0.00054187268569998,1
63,1779936091388,-8.016171429000001e-05,-0.0333685426286,0.0004955273142999862,1
64,1779936091391,-8.016171429000001e-05,-0.0333685426286,0.0004955273142999862,1
65,1779936091393,0.0009338382857100001,-0.0324754426286,-0.0007251726856999773,1
66,1779936091396,0.0009338382857100001,-0.0324754426286,-0.0007251726856999773,1
67,1779936091399,0.0009338382857100001,-0.0324754426286,-0.0007251726856999773,1
68,1779936091401,0.0009533382857099997,-0.0321400426286,-0.0005925726857000501,1
69,1779936091405,0.0009533382857099997,-0.0321400426286,-0.0005925726857000501,1
70,1779936091407,0.0009533382857099997,-0.0321400426286,-0.0005925726857000501,1
71,1779936091410,0.0008246382857099999,-0.031597942628599995,0.00038242731430000905,1
72,1779936091413,0.0008246382857099999,-0.031597942628599995,0.00038242731430000905,1
73,1779936091415,0.0008246382857099999,-0.031597942628599995,0.00038242731430000905,1
74,1779936091418,0.0015656382857100002,-0.0320854426286,0.0002342273142999663,1
75,1779936091421,0.0015656382857100002,-0.0320854426286,0.0002342273142999663,1
76,1779936091423,0.0015656382857100002,-0.0320854426286,0.0002342273142999663,1
77,1779936091426,0.00151103828571,-0.0322804426286,-0.0002961726856999646,1
78,1779936091429,0.00151103828571,-0.0322804426286,-0.0002961726856999646,1
79,1779936091432,0.00151103828571,-0.0322804426286,-0.0002961726856999646,1
80,1779936091434,0.00136673828571,-0.0334621426286,-0.0006822726857000205,1
81,1779936091437,0.00136673828571,-0.0334621426286,-0.0006822726857000205,1
82,1779936091440,0.00136673828571,-0.0334621426286,-0.0006822726857000205,1
83,1779936091442,0.0010040382857099996,-0.033618142628599995,-3.8772685700001405e-05,1
84,1779936091446,0.0010040382857099996,-0.033618142628599995,-3.8772685700001405e-05,1
85,1779936091448,0.0010040382857099996,-0.033618142628599995,-3.8772685700001405e-05,1
86,1779936091451,0.0011756382857099996,-0.0343240426286,-0.0004209726857000006,1
87,1779936091454,0.0011756382857099996,-0.0343240426286,-0.0004209726857000006,1
88,1779936091456,0.0011756382857099996,-0.0343240426286,-0.0004209726857000006,1
89,1779936091459,0.00022013828570999986,-0.0345424426286,-0.0005613726857000411,1
90,1779936091462,0.00022013828570999986,-0.0345424426286,-0.0005613726857000411,1
91,1779936091465,0.00022013828570999986,-0.0345424426286,-0.00039367268570004825,1
92,1779936091467,0.00044633828571000005,-0.0342187426286,-0.00039367268570004825,1
93,1779936091471,0.00044633828571000005,-0.0342187426286,-0.00039367268570004825,1
94,1779936091474,7.193828570999962e-05,-0.0338521426286,0.0005774273142999543,1
95,1779936091477,7.193828570999962e-05,-0.0338521426286,0.0005774273142999543,1
96,1779936091480,7.193828570999962e-05,-0.0338521426286,0.0005774273142999543,1
97,1779936091483,0.00077393828571,-0.0328654426286,-0.0003078726857000235,1
98,1779936091486,0.00077393828571,-0.0328654426286,-0.0003078726857000235,1
99,1779936091489,0.00077393828571,-0.0328654426286,-0.0009279726857000358,1
100,1779936091492,0.0008168382857100002,-0.032081542628599996,-0.0009279726857000358,1
101,1779936091494,0.0008168382857100002,-0.032081542628599996,-0.0009279726857000358,1
102,1779936091497,0.0008168382857100002,-0.032081542628599996,-0.0001635726857000374,1
103,1779936091500,0.0021077382857099996,-0.0318514426286,-0.0001635726857000374,2
104,1779936091502,0.0021077382857099996,-0.0318514426286,-0.0001635726857000374,2
105,1779936091505,0.0021077382857099996,-0.0312391426286,7.042731430003009e-05,2
106,1779936091508,0.0016241382857100006,-0.0312391426286,7.042731430003009e-05,1
107,1779936091510,0.0016241382857100006,-0.0312391426286,7.042731430003009e-05,1
108,1779936091513,0.0016241382857100006,-0.032272642628599996,-0.0008265726857000066,1
109,1779936091516,0.002088238285709999,-0.032272642628599996,-0.0008265726857000066,2
110,1779936091519,0.002088238285709999,-0.032272642628599996,-0.0008265726857000066,2
111,1779936091522,0.0012965382857099998,-0.0320035426286,-0.0007251726856999773,1
112,1779936091525,0.0012965382857099998,-0.0320035426286,-0.0007251726856999773,1
113,1779936091527,0.0012965382857099998,-0.0320035426286,-0.0007251726856999773,1
114,1779936091530,0.0007895382857100001,-0.0329395426286,-7.572685699992407e-06,1
115,1779936091533,0.0007895382857100001,-0.0329395426286,-7.572685699992407e-06,1
116,1779936091535,0.0007895382857100001,-0.0329395426286,-7.572685699992407e-06,1
117,1779936091538,-0.0002361617142899999,-0.033310042628599996,-0.00018697268570004415,1
118,1779936091541,-0.0002361617142899999,-0.033310042628599996,-0.00018697268570004415,1
119,1779936091544,-0.0002361617142899999,-0.033310042628599996,-0.00018697268570004415,1
120,1779936091546,0.0001343382857099994,-0.0337468426286,-0.0007719726856999908,1
121,1779936091549,0.0001343382857099994,-0.0337468426286,-0.0007719726856999908,1
122,1779936091552,0.0001343382857099994,-0.0337468426286,-0.0007719726856999908,1
123,1779936091554,0.0007193382857099999,-0.0341407426286,-2.7072685700053542e-05,1
124,1779936091557,0.0007193382857099999,-0.0341407426286,-2.7072685700053542e-05,1
0,1779936091611,0.002443138285709999,-0.0334699426286,-0.0021993726857000694,2
1,1779936091654,0.0006062382857100002,-0.0305020426286,0.0004214273143000203,1
2,1779936091658,0.00307103828571,-0.0298858426286,-0.0007017726856999706,2
3,1779936091667,0.0016748382857099996,-0.030427942628599998,-0.00031957268569997137,1
4,1779936091670,0.0016748382857099996,-0.030427942628599998,-0.00031957268569997137,1
5,1779936091673,0.0016748382857099996,-0.030427942628599998,-0.00031957268569997137,1
6,1779936091675,-0.0004974617142899998,-0.0324013426286,-0.0006432726857000092,1
7,1779936091678,-0.0004974617142899998,-0.0324013426286,-0.0006432726857000092,1
8,1779936091681,-0.0004974617142899998,-0.0324013426286,-0.0006432726857000092,1
9,1779936091683,9.533828570999943e-05,-0.032752342628599995,0.00063202731429997,1
10,1779936091686,9.533828570999943e-05,-0.032752342628599995,0.00063202731429997,1
11,1779936091691,9.533828570999943e-05,-0.032752342628599995,0.00063202731429997,1
12,1779936091693,0.0025562382857100005,-0.0340393426286,-0.0013257726857000395,2
13,1779936091696,0.0025562382857100005,-0.0340393426286,-0.0013257726857000395,2
14,1779936091699,0.0011990382857099994,-0.0359932426286,-0.0018366726857000203,1
15,1779936091702,0.0011990382857099994,-0.0359932426286,-0.0018366726857000203,1
16,1779936091704,0.0011990382857099994,-0.0359932426286,-0.0018366726857000203,1
17,1779936091707,0.0007583382857099998,-0.037518142628599996,0.00014842731429994156,1
18,1779936091710,0.0007583382857099998,-0.037518142628599996,0.00014842731429994156,1
19,1779936091713,0.0007583382857099998,-0.037518142628599996,0.00014842731429994156,1
20,1779936091715,0.0006062382857100002,-0.0370111426286,0.0006359273143000266,1
21,1779936091718,0.0006062382857100002,-0.0370111426286,0.0006359273143000266,1
22,1779936091721,0.0006062382857100002,-0.0370111426286,0.0006359273143000266,1
23,1779936091724,-0.0005325617142900004,-0.0359425426286,-0.0005067726857000254,1
24,1779936091727,-0.0005325617142900004,-0.0359425426286,-0.0005067726857000254,1
25,1779936091729,-0.0005325617142900004,-0.0359425426286,-0.0005067726857000254,1
26,1779936091732,-0.0007119617142900001,-0.032608042628599995,-0.00047167268570007075,1
27,1779936091735,-0.0007119617142900001,-0.032608042628599995,-0.00047167268570007075,1
28,1779936091737,-0.0007119617142900001,-0.032608042628599995,0.0015797273142999658,1
29,1779936091740,0.00035273828570999994,-0.030182242628599996,0.0015797273142999658,1
30,1779936091743,0.00035273828570999994,-0.030182242628599996,0.0015797273142999658,1
31,1779936091745,0.00035273828570999994,-0.030182242628599996,-0.0009864726856999972,1
32,1779936091748,0.0027785382857100005,-0.0287314426286,-0.0009864726856999972,2
33,1779936091751,0.0027785382857100005,-0.0287314426286,-0.0009864726856999972,2
34,1779936091754,0.0029891382857100005,-0.028598842628599998,-0.0009591726857000448,2
35,1779936091757,0.0029891382857100005,-0.028598842628599998,-0.0009591726857000448,2
36,1779936091759,0.0029891382857100005,-0.028598842628599998,-0.0009591726857000448,2
37,1779936091762,0.0029189382857099993,-0.0303343426286,0.0002771273143000342,2
38,1779936091765,0.0029189382857099993,-0.0303343426286,0.0002771273143000342,2
39,1779936091768,0.0029189382857099993,-0.0303343426286,0.0002771273143000342,2
40,1779936091770,0.001967338285709999,-0.0313912426286,0.00030832731429993217,2
41,1779936091773,0.001967338285709999,-0.0313912426286,0.00030832731429993217,2
42,1779936091776,0.001967338285709999,-0.0313912426286,0.00030832731429993217,2
43,1779936091778,0.0010781382857100001,-0.032467642628599996,-0.0015090726857000369,1
44,1779936091781,0.0010781382857100001,-0.032467642628599996,-0.0015090726857000369,1
45,1779936091784,0.0010781382857100001,-0.032467642628599996,-0.0015090726857000369,1
46,1779936091786,-0.00086796171429,-0.0340627426286,-0.0006081726857000546,1
47,1779936091789,-0.00086796171429,-0.0340627426286,-0.0006081726857000546,1
48,1779936091792,-0.00086796171429,-0.0340627426286,-0.0006081726857000546,1
49,1779936091795,-0.0017454617142899998,-0.0351781426286,5.0927314299968954e-05,1
50,1779936091798,-0.0017454617142899998,-0.0351781426286,5.0927314299968954e-05,1
51,1779936091800,-0.0017454617142899998,-0.0351781426286,5.0927314299968954e-05,1
52,1779936091803,-0.00010356171428999982,-0.0363364426286,-5.827268570006254e-05,1
53,1779936091806,-0.00010356171428999982,-0.0363364426286,-5.827268570006254e-05,1
54,1779936091809,-0.00010356171428999982,-0.0363364426286,-5.827268570006254e-05,1
55,1779936091811,0.0012302382857099997,-0.0367615426286,-0.0012594726856999649,1
56,1779936091814,0.0012302382857099997,-0.0367615426286,-0.0012594726856999649,1
57,1779936091817,0.0012302382857099997,-0.0367615426286,-0.0012594726856999649,1
58,1779936091820,0.0013316382857099995,-0.0355837426286,-0.0003273726856999736,1
59,1779936091823,0.0013316382857099995,-0.0355837426286,-0.0003273726856999736,1
60,1779936091826,0.0013316382857099995,-0.0355837426286,-0.0003273726856999736,1
61,1779936091829,0.0020180382857099997,-0.0336610426286,0.0009986273142999647,2
62,1779936091832,0.0020180382857099997,-0.0336610426286,0.0009986273142999647,2
63,1779936091835,0.002466538285709999,-0.0318319426286,-0.00013627268569997401,2
64,1779936091838,0.002466538285709999,-0.0318319426286,-0.00013627268569997401,2
65,1779936091840,0.002466538285709999,-0.0318319426286,-0.00013627268569997401,2
66,1779936091843,0.0022013382857100005,-0.030619042628599998,-0.0008733726857000201,2
67,1779936091846,0.0022013382857100005,-0.030619042628599998,-0.0008733726857000201,2
68,1779936091848,0.0022013382857100005,-0.030619042628599998,-0.0008733726857000201,2
69,1779936091851,0.0009884382857099994,-0.030162742628599998,-0.0005340726856999777,1
70,1779936091854,0.0009884382857099994,-0.030162742628599998,-0.0005340726856999777,1
71,1779936091857,0.0009884382857099994,-0.030162742628599998,-0.0005340726856999777,1
72,1779936091859,-0.00032976171429,-0.0298039426286,0.0002771273143000342,1
73,1779936091862,-0.00032976171429,-0.0298039426286,0.0002771273143000342,1
74,1779936091865,-0.00032976171429,-0.0298039426286,0.0002771273143000342,1
75,1779936091868,0.00041903828571,-0.0308881426286,-0.0008265726857000066,1
76,1779936091871,0.00041903828571,-0.0308881426286,-0.0008265726857000066,1
77,1779936091873,0.00041903828571,-0.0308881426286,-0.0008265726857000066,1
78,1779936091876,0.0006335382857099994,-0.0319528426286,-0.0003273726856999736,1
79,1779936091879,0.0006335382857099994,-0.0319528426286,-0.0003273726856999736,1
80,1779936091881,0.0006335382857099994,-0.0319528426286,-0.0003273726856999736,1
81,1779936091884,0.00091823828571,-0.032803042628599996,-0.0005964726856999957,1
82,1779936091887,0.00091823828571,-0.032803042628599996,-0.0005964726856999957,1
83,1779936091889,0.00091823828571,-0.032803042628599996,-0.0005964726856999957,1
84,1779936091892,0.0005945382857099994,-0.0335791426286,0.0007919273142999606,1
85,1779936091895,0.0005945382857099994,-0.0335791426286,0.0007919273142999606,1
86,1779936091897,0.0005945382857099994,-0.0335791426286,0.0007919273142999606,1
87,1779936091900,0.0012965382857099998,-0.0338560426286,-0.0001947726857000464,1
88,1779936091903,0.0012965382857099998,-0.0338560426286,-0.0001947726857000464,1
89,1779936091906,0.0012965382857099998,-0.0338560426286,-0.0001947726857000464,1
90,1779936091909,0.0014486382857099994,-0.0346633426286,-0.00045997268570001186,1
91,1779936091911,0.0014486382857099994,-0.0346633426286,-0.00045997268570001186,1
92,1779936091914,0.0014486382857099994,-0.0346633426286,7.042731430003009e-05,1
93,1779936091917,0.00114053828571,-0.0350962426286,7.042731430003009e-05,1
94,1779936091920,0.00114053828571,-0.0350962426286,7.042731430003009e-05,1
95,1779936091923,0.0009260382857099996,-0.035205442628599995,-0.00037807268570004375,1
96,1779936091925,0.0009260382857099996,-0.035205442628599995,-0.00037807268570004375,1
97,1779936091928,0.0009260382857099996,-0.035205442628599995,-0.00037807268570004375,1
98,1779936091931,0.0010391382857100001,-0.035209342628599996,-0.0002571726857000644,1
99,1779936091933,0.0010391382857100001,-0.035209342628599996,-0.0002571726857000644,1
100,1779936091936,0.0010391382857100001,-0.035209342628599996,-0.0002571726857000644,1
101,1779936091939,0.0010196382857099997,-0.0346360426286,-0.0007095726856999728,1
102,1779936091941,0.0010196382857099997,-0.0346360426286,-0.0007095726856999728,1
103,1779936091944,0.0010196382857099997,-0.0346360426286,-0.0007095726856999728,1
104,1779936091947,-8.406171429000027e-05,-0.0334855426286,-1.5372685699994657e-05,1
105,1779936091949,-8.406171429000027e-05,-0.0334855426286,-1.5372685699994657e-05,1
106,1779936091952,-8.406171429000027e-05,-0.0334855426286,-1.5372685699994657e-05,1
107,1779936091955,-1.3861714289999973e-05,-0.0322921426286,-6.99726857000104e-05,1
108,1779936091958,-1.3861714289999973e-05,-0.0322921426286,-6.99726857000104e-05,1
109,1779936091961,-1.3861714289999973e-05,-0.0322921426286,-6.99726857000104e-05,1
110,1779936091964,5.633828570999946e-05,-0.0301900426286,-0.0001323726857000284,1
111,1779936091966,5.633828570999946e-05,-0.0301900426286,-0.0001323726857000284,1
112,1779936091969,5.633828570999946e-05,-0.0301900426286,-0.0001323726857000284,1
113,1779936091972,-0.00034536171429000017,-0.0286573426286,-0.0010176726857000062,1
114,1779936091974,-0.00034536171429000017,-0.0286573426286,-0.0010176726857000062,1
115,1779936091977,-0.00034536171429000017,-0.0286573426286,-0.0010176726857000062,1
116,1779936091980,0.0021428382857099993,-0.0290902426286,0.0007139273142999381,2
117,1779936091983,0.0021428382857099993,-0.0290902426286,0.0007139273142999381,2
118,1779936091985,0.0021428382857099993,-0.0290902426286,0.0007139273142999381,2
119,1779936091988,0.00464663828571,-0.0320074426286,0.00039802731430001355,2
120,1779936091991,0.00464663828571,-0.0320074426286,0.00039802731430001355,2
121,1779936091993,0.00464663828571,-0.0320074426286,0.00039802731430001355,2
122,1779936091997,0.00291503828571,-0.0332437426286,-0.0011814726857000534,2
123,1779936091999,0.00291503828571,-0.0332437426286,-0.0011814726857000534,2
124,1779936092002,0.00291503828571,-0.0332437426286,-0.0011814726857000534,2
0,1779936092042,0.0014759382857099995,-0.0368668426286,-0.0015558726857000504,1
1,1779936092092,0.0007856382857099999,-0.0293983426286,-4.267268570005804e-05,1
2,1779936092101,0.00133943828571,-0.0312040426286,1.5827314300014342e-05,1
3,1779936092104,0.0009650382857099996,-0.0326704426286,1.5827314300014342e-05,1
4,1779936092107,0.0013745382857099997,-0.0345424426286,-0.0005184726856999732,1
5,1779936092110,0.0013745382857099997,-0.0345424426286,-0.0005184726856999732,1
6,1779936092112,0.0013745382857099997,-0.0345424426286,-0.0005184726856999732,1
7,1779936092115,0.0014291382857099999,-0.0346477426286,-0.0008655726857000178,1
8,1779936092118,0.0014291382857099999,-0.0346477426286,-0.0008655726857000178,1
9,1779936092120,0.0014291382857099999,-0.0346477426286,-0.0008655726857000178,1
10,1779936092123,0.00018503828571000015,-0.0352132426286,-0.0005028726856999687,1
11,1779936092126,0.00018503828571000015,-0.0352132426286,-0.0005028726856999687,1
12,1779936092129,0.00018503828571000015,-0.0352132426286,-0.0005028726856999687,1
13,1779936092131,0.00014603828571000017,-0.0346711426286,0.00011332731429998695,1
14,1779936092134,0.00014603828571000017,-0.0346711426286,0.00011332731429998695,1
15,1779936092137,0.00014603828571000017,-0.0346711426286,0.00011332731429998695,1
16,1779936092140,0.00020063828570999944,-0.0346243426286,4.3127314299966704e-05,1
17,1779936092143,0.00020063828570999944,-0.0346243426286,4.3127314299966704e-05,1
18,1779936092145,0.00020063828570999944,-0.0346243426286,4.3127314299966704e-05,1
19,1779936092148,0.0016631382857099997,-0.0340705426286,-0.00012457268570002615,1
20,1779936092151,0.0016631382857099997,-0.0340705426286,-0.00012457268570002615,1
21,1779936092153,0.0016631382857099997,-0.0340705426286,-0.00012457268570002615,1
22,1779936092156,0.0016397382857099999,-0.0333373426286,6.652731429997345e-05,1
23,1779936092159,0.0016397382857099999,-0.0333373426286,6.652731429997345e-05,1
24,1779936092162,0.0016397382857099999,-0.0333373426286,6.652731429997345e-05,1
25,1779936092164,0.0009923382857099997,-0.0325729426286,-0.0004326726857000595,1
26,1779936092167,0.0009923382857099997,-0.0325729426286,-0.0004326726857000595,1
27,1779936092170,0.0009923382857099997,-0.0325729426286,-0.0004326726857000595,1
28,1779936092172,0.0004424382857099998,-0.0315238426286,0.0002303273143000207,1
29,1779936092175,0.0004424382857099998,-0.0315238426286,0.0002303273143000207,1
30,1779936092178,0.0004424382857099998,-0.0315238426286,0.0002303273143000207,1
31,1779936092181,0.0013745382857099997,-0.0307516426286,0.00010162731429992806,1
32,1779936092184,0.0013745382857099997,-0.0307516426286,0.00010162731429992806,1
33,1779936092186,0.0013745382857099997,-0.0307516426286,0.00010162731429992806,1
34,1779936092189,0.00037613828570999975,-0.0305644426286,-0.00010507268569996502,1
35,1779936092192,0.00037613828570999975,-0.0305644426286,-0.00010507268569996502,1
36,1779936092194,0.00037613828570999975,-0.0305644426286,-0.00010507268569996502,1
37,1779936092197,0.0011912382857099998,-0.0310324426286,-0.0011151726856999788,1
38,1779936092200,0.0011912382857099998,-0.0310324426286,-0.0011151726856999788,1
39,1779936092202,0.0011912382857099998,-0.0310324426286,-0.0011151726856999788,1
40,1779936092205,0.0009104382857099995,-0.0313990426286,-0.000354672685700037,1
41,1779936092208,0.0009104382857099995,-0.0313990426286,-0.000354672685700037,1
42,1779936092211,0.0009104382857099995,-0.0313990426286,-0.000354672685700037,1
43,1779936092214,0.0017177382857099998,-0.0330955426286,-0.0005769726857000456,2
44,1779936092216,0.0017177382857099998,-0.0330955426286,-0.0005769726857000456,2
45,1779936092219,0.0013433382857099994,-0.033859942628599995,-0.0007446726857000385,1
46,1779936092222,0.0013433382857099994,-0.033859942628599995,-0.0007446726857000385,1
47,1779936092225,0.0013433382857099994,-0.033859942628599995,-0.0007446726857000385,1
48,1779936092227,0.0011990382857099994,-0.035256142628599996,-0.0005964726856999957,1
49,1779936092230,0.0011990382857099994,-0.035256142628599996,-0.0005964726856999957,1
50,1779936092233,0.0011990382857099994,-0.035256142628599996,-0.0005964726856999957,1
51,1779936092236,0.0007934382857099995,-0.0350533426286,0.00013282731429993706,1
52,1779936092239,0.0007934382857099995,-0.0350533426286,0.00013282731429993706,1
53,1779936092241,0.0007934382857099995,-0.0350533426286,0.00013282731429993706,1
54,1779936092244,0.00019673828571000005,-0.0349519426286,0.00014452731429999595,1
55,1779936092247,0.00019673828571000005,-0.0349519426286,0.00014452731429999595,1
56,1779936092249,0.00019673828571000005,-0.0349519426286,0.00014452731429999595,1
57,1779936092252,0.0002396382857099994,-0.0337702426286,-0.00041317268569999836,1
58,1779936092255,0.0002396382857099994,-0.0337702426286,-0.00041317268569999836,1
59,1779936092258,0.0002396382857099994,-0.0337702426286,-0.00041317268569999836,1
60,1779936092260,0.00091823828571,-0.0333646426286,0.0001874273142999528,1
61,1779936092263,0.00091823828571,-0.0333646426286,0.0001874273142999528,1
62,1779936092266,0.00091823828571,-0.0333646426286,0.0001874273142999528,1
63,1779936092268,0.0011132382857099998,-0.031984042628599996,-0.0001479726857000329,1
64,1779936092272,0.0011132382857099998,-0.031984042628599996,-0.0001479726857000329,1
65,1779936092274,0.0011132382857099998,-0.031984042628599996,-0.0001479726857000329,1
66,1779936092277,0.0015149382857099995,-0.0317266426286,-0.00030397268569996687,1
67,1779936092280,0.0015149382857099995,-0.0317266426286,-0.00030397268569996687,1
68,1779936092282,0.0015149382857099995,-0.0317266426286,-0.00030397268569996687,1
69,1779936092285,0.001745038285709999,-0.0305878426286,-0.0010956726857000287,2
70,1779936092288,0.001745038285709999,-0.0305878426286,-0.0010956726857000287,2
71,1779936092290,0.001745038285709999,-0.0305878426286,-0.0010956726857000287,2
72,1779936092293,0.00108983828571,-0.0305878426286,8.99273142999802e-05,1
73,1779936092296,0.00108983828571,-0.0305878426286,8.99273142999802e-05,1
74,1779936092299,0.00108983828571,-0.0305878426286,8.99273142999802e-05,1
75,1779936092302,0.0006998382857099994,-0.0313171426286,-0.00044047268570006175,1
76,1779936092304,0.0006998382857099994,-0.0313171426286,-0.00044047268570006175,1
77,1779936092308,0.0006998382857099994,-0.0322843426286,-0.000198672685699992,1
78,1779936092310,0.0004931382857099997,-0.0322843426286,-0.000198672685699992,1
79,1779936092313,0.0004931382857099997,-0.0322843426286,-0.000198672685699992,1
80,1779936092316,0.0007427382857099997,-0.0338521426286,-0.0005301726857000321,1
81,1779936092318,0.0007427382857099997,-0.0338521426286,-0.0005301726857000321,1
82,1779936092321,0.0007427382857099997,-0.0338521426286,-0.0005301726857000321,1
83,1779936092324,0.0004775382857099995,-0.0345892426286,7.43273142999757e-05,1
84,1779936092327,0.0004775382857099995,-0.0345892426286,7.43273142999757e-05,1
85,1779936092329,0.0004775382857099995,-0.0345892426286,7.43273142999757e-05,1
86,1779936092332,0.0009299382857099999,-0.0357475426286,-0.0003585726856999826,1
87,1779936092335,0.0009299382857099999,-0.0357475426286,-0.0003585726856999826,1
88,1779936092337,0.0009299382857099999,-0.0357475426286,-0.0003585726856999826,1
89,1779936092340,0.0009377382857099995,-0.0354043426286,-0.0003390726857000325,1
90,1779936092343,0.0009377382857099995,-0.0354043426286,-0.0003390726857000325,1
91,1779936092345,0.0009377382857099995,-0.0354043426286,-0.0003390726857000325,1
92,1779936092348,0.0007310382857099998,-0.0349129426286,-0.00045607268570006625,1
93,1779936092351,0.0007310382857099998,-0.0349129426286,-0.00045607268570006625,1
94,1779936092354,0.0007310382857099998,-0.0349129426286,-0.00045607268570006625,1
95,1779936092356,0.0010703382857099996,-0.0334114426286,-0.0006237726857000591,1
96,1779936092360,0.0010703382857099996,-0.0334114426286,-0.0006237726857000591,1
97,1779936092362,0.0010703382857099996,-0.0334114426286,-0.0006237726857000591,1
98,1779936092365,0.0006491382857099996,-0.0328108426286,0.00010942731429993031,1
99,1779936092368,0.0006491382857099996,-0.0328108426286,0.00010942731429993031,1
100,1779936092370,0.0006491382857099996,-0.0328108426286,0.00010942731429993031,1
101,1779936092373,0.0013355382857099998,-0.0316603426286,-0.0010215726857000628,1
102,1779936092376,0.0013355382857099998,-0.0316603426286,-0.0010215726857000628,1
103,1779936092378,0.0013355382857099998,-0.0316603426286,-0.0010215726857000628,1
104,1779936092381,0.0013238382857099999,-0.0318241426286,-0.00024937268570006214,1
105,1779936092384,0.0013238382857099999,-0.0318241426286,-0.00024937268570006214,1
106,1779936092386,0.0013238382857099999,-0.0318241426286,-0.00024937268570006214,1
107,1779936092389,0.0012263382857099995,-0.031258642628599995,-0.000760272685700043,1
108,1779936092392,0.0012263382857099995,-0.031258642628599995,-0.000760272685700043,1
109,1779936092394,0.0012263382857099995,-0.031258642628599995,-0.000760272685700043,1
110,1779936092397,0.0011483382857099995,-0.0318280426286,7.042731430003009e-05,1
111,1779936092400,0.0011483382857099995,-0.0318280426286,7.042731430003009e-05,1
112,1779936092403,0.0011483382857099995,-0.0318280426286,-0.000323472685700028,1
113,1779936092406,0.0009026382857099998,-0.032030842628599995,-0.000323472685700028,1
114,1779936092409,0.0009026382857099998,-0.032030842628599995,-0.000323472685700028,1
115,1779936092411,0.0009026382857099998,-0.032030842628599995,0.0003434273142999978,1
116,1779936092414,0.0007544382857099996,-0.032654842628599995,0.0003434273142999978,1
117,1779936092417,0.0007544382857099996,-0.032654842628599995,0.0003434273142999978,1
118,1779936092419,0.0007544382857099996,-0.032654842628599995,-0.00019087268569998976,1
119,1779936092422,0.0005984382857099997,-0.0331267426286,-0.00019087268569998976,1
120,1779936092425,0.0005984382857099997,-0.0331267426286,-0.00019087268569998976,1
121,1779936092427,0.0005984382857099997,-0.0331267426286,-0.0002259726857000554,1
122,1779936092431,0.0005165382857099995,-0.033813142628599996,-0.0002259726857000554,1
123,1779936092433,0.0005165382857099995,-0.033813142628599996,-0.0002259726857000554,1
124,1779936092436,0.00099623828571,-0.033766342628599996,-0.0004911726857000209,1
0,1779936092536,0.00027083828570999974,-0.033376342628599995,-0.0003429726856999781,1
1,1779936092538,0.00027083828570999974,-0.033376342628599995,-0.0003429726856999781,1
2,1779936092542,-3.336171429000039e-05,-0.0338677426286,-0.00030007268570002125,1
3,1779936092544,-3.336171429000039e-05,-0.0338677426286,-0.00030007268570002125,1
4,1779936092547,-3.336171429000039e-05,-0.0338677426286,-0.00030007268570002125,1
5,1779936092550,0.0006842382857100001,-0.0331696426286,-0.0002766726857000145,1
6,1779936092553,0.0006842382857100001,-0.0331696426286,-0.0002766726857000145,1
7,1779936092556,0.0006842382857100001,-0.033598642628599996,-0.0002142726856999965,1
8,1779936092559,0.0010820382857099995,-0.033598642628599996,-0.0002142726856999965,1
9,1779936092561,0.0010820382857099995,-0.033598642628599996,-0.0002142726856999965,1
10,1779936092564,0.0010820382857099995,-0.0328615426286,-0.0003897726856999916,1
11,1779936092567,0.0011756382857099996,-0.0328615426286,-0.0003897726856999916,1
12,1779936092569,0.0011756382857099996,-0.0328615426286,-0.0003897726856999916,1
13,1779936092572,0.0011756382857099996,-0.0326782426286,-0.00035077268569998037,1
14,1779936092575,0.00115613828571,-0.0326782426286,-0.00035077268569998037,1
15,1779936092577,0.00115613828571,-0.0326782426286,-0.00035077268569998037,1
16,1779936092580,0.0014681382857099998,-0.0320230426286,-0.0006549726857000681,1
17,1779936092583,0.0014681382857099998,-0.0320230426286,-0.0006549726857000681,1
18,1779936092586,0.0014681382857099998,-0.0320230426286,-0.0006549726857000681,1
19,1779936092588,0.00102353828571,-0.0317500426286,-0.00039757268569999386,1
20,1779936092591,0.00102353828571,-0.0317500426286,-0.00039757268569999386,1
21,1779936092594,0.00102353828571,-0.0317500426286,-0.00039757268569999386,1
22,1779936092596,0.0010469382857099998,-0.0317851426286,-0.0001635726857000374,1
23,1779936092600,0.0010469382857099998,-0.0317851426286,-0.0001635726857000374,1
24,1779936092602,0.0010469382857099998,-0.0317851426286,-0.0001635726857000374,1
25,1779936092605,0.0005789382857100001,-0.0324910426286,0.00038242731430000905,1
26,1779936092608,0.0005789382857100001,-0.0324910426286,0.00038242731430000905,1
27,1779936092610,0.0005789382857100001,-0.0324910426286,0.00038242731430000905,1
28,1779936092613,0.00102353828571,-0.0331150426286,-8.947268570007154e-05,1
29,1779936092616,0.00102353828571,-0.0331150426286,-8.947268570007154e-05,1
30,1779936092619,0.00102353828571,-0.0331150426286,-8.947268570007154e-05,1
31,1779936092621,0.0009299382857099999,-0.0335440426286,-0.0003390726857000325,1
32,1779936092624,0.0009299382857099999,-0.0335440426286,-0.0003390726857000325,1
33,1779936092627,0.0009299382857099999,-0.0335440426286,-0.0003390726857000325,1
34,1779936092629,0.0009338382857100001,-0.0336103426286,-0.00054187268569998,1
35,1779936092632,0.0009338382857100001,-0.0336103426286,-0.00054187268569998,1
36,1779936092635,0.0009338382857100001,-0.0336103426286,-0.00054187268569998,1
37,1779936092637,0.0009572382857099999,-0.0333646426286,-0.00024937268570006214,1
38,1779936092641,0.0009572382857099999,-0.0333646426286,-0.00024937268570006214,1
39,1779936092643,0.0009572382857099999,-0.0333646426286,-0.00024937268570006214,1
40,1779936092647,0.0010820382857099995,-0.0329707426286,-0.0005613726857000411,1
41,1779936092649,0.0010820382857099995,-0.0329707426286,-0.0005613726857000411,1
42,1779936092652,0.0010820382857099995,-0.0329707426286,-0.0005886726856999935,1
43,1779936092655,0.0011249382857099997,-0.032608042628599995,-0.0005886726856999935,1
44,1779936092657,0.0011249382857099997,-0.032608042628599995,-0.0005886726856999935,1
45,1779936092660,0.0011249382857099997,-0.0326197426286,0.0001679273143000027,1
46,1779936092663,0.0009221382857099994,-0.0326197426286,0.0001679273143000027,1
47,1779936092665,0.0009221382857099994,-0.0326197426286,0.0001679273143000027,1
48,1779936092668,0.0009221382857099994,-0.0324013426286,-0.0006783726856999638,1
49,1779936092671,0.0011834382857100001,-0.0324013426286,-0.0006783726856999638,1
50,1779936092673,0.0011834382857100001,-0.0324013426286,-0.0006783726856999638,1
51,1779936092676,0.0011834382857100001,-0.0331423426286,-0.00026887268570001226,1
52,1779936092679,0.00116783828571,-0.0331423426286,-0.00026887268570001226,1
53,1779936092682,0.00116783828571,-0.0331423426286,-0.00026887268570001226,1
54,1779936092685,0.0010664382857100002,-0.0327640426286,-0.00028447268570001676,1
55,1779936092688,0.0010664382857100002,-0.0327640426286,-0.00028447268570001676,1
56,1779936092690,0.0010664382857100002,-0.0327640426286,-0.00028447268570001676,1
57,1779936092693,0.0007544382857099996,-0.0329863426286,0.0002810273142999798,1
58,1779936092696,0.0007544382857099996,-0.0329863426286,0.0002810273142999798,1
59,1779936092698,0.0007544382857099996,-0.0329863426286,0.0002810273142999798,1
60,1779936092701,0.00087923828571,-0.0322414426286,-5.047268570006029e-05,1
61,1779936092704,0.00087923828571,-0.0322414426286,-5.047268570006029e-05,1
62,1779936092706,0.00087923828571,-0.0322414426286,-5.047268570006029e-05,1
63,1779936092709,0.0008714382857099995,-0.032658742628599996,-0.00022207268569999876,1
64,1779936092712,0.0008714382857099995,-0.032658742628599996,-0.00022207268569999876,1
65,1779936092714,0.0008714382857099995,-0.032658742628599996,-0.00022207268569999876,1
66,1779936092717,0.0010313382857099996,-0.032514442628599996,-0.0003897726856999916,1
67,1779936092720,0.0010313382857099996,-0.032514442628599996,-0.0003897726856999916,1
68,1779936092723,0.0010313382857099996,-0.032514442628599996,-0.0003897726856999916,1
69,1779936092726,0.0014408382857099998,-0.032900542628599996,-0.0010995726856999743,1
70,1779936092729,0.0014408382857099998,-0.032900542628599996,-0.0010995726856999743,1
71,1779936092731,0.0014408382857099998,-0.032900542628599996,-0.0010995726856999743,1
72,1779936092734,0.0012809382857099996,-0.0326509426286,-0.0010215726857000628,1
73,1779936092737,0.0012809382857099996,-0.0326509426286,-0.0010215726857000628,1
74,1779936092739,0.0012809382857099996,-0.0326509426286,-0.0010215726857000628,1
75,1779936092742,0.00115613828571,-0.032803042628599996,-0.0005847726857000479,1
76,1779936092745,0.00115613828571,-0.032803042628599996,-0.0005847726857000479,1
77,1779936092747,0.00115613828571,-0.032803042628599996,-0.0005847726857000479,1
78,1779936092750,0.0009260382857099996,-0.0329044426286,-0.000229872685700001,1
79,1779936092753,0.0009260382857099996,-0.0329044426286,-0.000229872685700001,1
80,1779936092755,0.0009260382857099996,-0.0329044426286,-0.000229872685700001,1
81,1779936092758,0.0012653382857099995,-0.0329551426286,-0.0005184726856999732,1
82,1779936092761,0.0012653382857099995,-0.0329551426286,-0.0005184726856999732,1
83,1779936092763,0.0012653382857099995,-0.0329551426286,-0.0005184726856999732,1
84,1779936092766,0.00116783828571,-0.0333490426286,-0.0005457726857000366,1
85,1779936092770,0.00116783828571,-0.0333490426286,-0.0005457726857000366,1
86,1779936092772,0.00116783828571,-0.0333490426286,-7.387268570006704e-05,1
87,1779936092775,0.0007427382857099997,-0.033232042628599995,-7.387268570006704e-05,1
88,1779936092778,0.0007427382857099997,-0.033232042628599995,-7.387268570006704e-05,1
89,1779936092780,0.0007427382857099997,-0.033232042628599995,0.0007178273142999948,1
90,1779936092783,0.00032543828570999987,-0.0333451426286,0.0007178273142999948,1
91,1779936092786,0.00032543828570999987,-0.0333451426286,0.0007178273142999948,1
92,1779936092788,0.00032543828570999987,-0.0331189426286,-0.00013627268569997401,1
93,1779936092791,0.0010859382857099998,-0.0331189426286,-0.00013627268569997401,1
94,1779936092794,0.0010859382857099998,-0.0331189426286,-0.00013627268569997401,1
95,1779936092796,0.0010859382857099998,-0.0333139426286,-0.0005028726856999687,1
96,1779936092799,0.0011912382857099998,-0.0333139426286,-0.0005028726856999687,1
97,1779936092802,0.0011912382857099998,-0.0333139426286,-0.0005028726856999687,1
98,1779936092804,0.0011912382857099998,-0.032803042628599996,-0.0007758726857000475,1
99,1779936092807,0.00158903828571,-0.032803042628599996,-0.0007758726857000475,1
100,1779936092810,0.00158903828571,-0.032803042628599996,-0.0007758726857000475,1
101,1779936092813,0.0009260382857099996,-0.0335362426286,6.652731429997345e-05,1
102,1779936092816,0.0009260382857099996,-0.0335362426286,6.652731429997345e-05,1
103,1779936092819,0.0009260382857099996,-0.0335362426286,6.652731429997345e-05,1
104,1779936092821,0.0016319382857099994,-0.0332242426286,-0.0004833726857000186,1
105,1779936092824,0.0016319382857099994,-0.0332242426286,-0.0004833726857000186,1
106,1779936092827,0.0016319382857099994,-0.0332242426286,-0.0004833726857000186,1
107,1779936092829,0.00148373828571,-0.0333841426286,-0.000822672685700061,1
108,1779936092832,0.00148373828571,-0.0333841426286,-0.000822672685700061,1
109,1779936092835,0.00148373828571,-0.0333841426286,-0.000822672685700061,1
110,1779936092838,0.0012965382857099998,-0.0324013426286,-0.00036247268570003925,1
111,1779936092841,0.0012965382857099998,-0.0324013426286,-0.00036247268570003925,1
112,1779936092844,0.0012965382857099998,-0.0324013426286,-0.00036247268570003925,1
113,1779936092847,0.0010547382857099994,-0.0323857426286,0.0002498273142999708,1
114,1779936092850,0.0010547382857099994,-0.0323857426286,0.0002498273142999708,1
115,1779936092852,0.0010547382857099994,-0.0323857426286,-3.0972685699999156e-05,1
116,1779936092855,3.293828570999965e-05,-0.032221942628599995,-3.0972685699999156e-05,1
117,1779936092858,3.293828570999965e-05,-0.032221942628599995,-3.0972685699999156e-05,1
118,1779936092860,3.293828570999965e-05,-0.032221942628599995,-0.0007446726857000385,1
119,1779936092863,0.0003332382857099995,-0.0327133426286,-0.0007446726857000385,1
120,1779936092866,0.0003332382857099995,-0.0327133426286,-0.0007446726857000385,1
121,1779936092869,0.0003332382857099995,-0.0327133426286,0.00020692731430001395,1
122,1779936092871,0.00122243828571,-0.0328888426286,0.00020692731430001395,1
123,1779936092874,0.00122243828571,-0.0328888426286,0.00020692731430001395,1
124,1779936092877,0.00122243828571,-0.0325183426286,0.0002030273142999573,1
0,1779936092920,0.00111713828571,-0.0329122426286,-0.0009669726857000471,1
1,1779936092979,0.0019322382857099992,-0.0335752426286,0.0003746273143000068,2
2,1779936092982,6.803828571000023e-05,-0.0353770426286,-0.0006549726857000681,1
3,1779936092984,6.803828571000023e-05,-0.0353770426286,-0.0006549726857000681,1
4,1779936092987,6.803828571000023e-05,-0.0353770426286,-0.0006549726857000681,1
5,1779936092990,-0.0009186617142899998,-0.0336298426286,-0.0009318726856999814,1
6,1779936092992,-0.0009186617142899998,-0.0336298426286,-0.0009318726856999814,1
7,1779936092995,-0.0009186617142899998,-0.0336298426286,-0.0009318726856999814,1
8,1779936092998,-0.00040776171428999995,-0.0324013426286,-0.0002415726857000599,1
9,1779936093001,-0.00040776171428999995,-0.0324013426286,-0.0002415726857000599,1
10,1779936093003,-0.00040776171428999995,-0.0324013426286,-0.0002415726857000599,1
11,1779936093006,-0.00029856171429000055,-0.0318826426286,0.0004682273143000338,1
12,1779936093009,-0.00029856171429000055,-0.0318826426286,0.0004682273143000338,1
13,1779936093012,-0.00029856171429000055,-0.0318826426286,0.0004682273143000338,1
14,1779936093015,0.0017528382857099995,-0.0314185426286,-0.0001323726857000284,2
15,1779936093017,0.0017528382857099995,-0.0314185426286,-0.0001323726857000284,2
16,1779936093020,0.0017528382857099995,-0.0314185426286,-0.0001323726857000284,2
17,1779936093023,0.0031997382857100005,-0.0308023426286,-0.0005925726857000501,2
18,1779936093025,0.0031997382857100005,-0.0308023426286,-0.0005925726857000501,2
19,1779936093028,0.0031997382857100005,-0.0308023426286,-0.0005925726857000501,2
20,1779936093031,0.0028175382857099996,-0.030619042628599998,-0.0005535726857000389,2
21,1779936093033,0.0028175382857099996,-0.030619042628599998,-0.0005535726857000389,2
22,1779936093036,0.0028175382857099996,-0.030619042628599998,-0.0005535726857000389,2
23,1779936093039,0.0021740382857099996,-0.0309661426286,-0.0002766726857000145,2
24,1779936093042,0.0021740382857099996,-0.0309661426286,-0.0002766726857000145,2
25,1779936093044,0.0021740382857099996,-0.0309661426286,-0.0002766726857000145,2
26,1779936093047,-0.0001503617142900003,-0.0315823426286,-0.00045997268570001186,1
27,1779936093050,-0.0001503617142900003,-0.0315823426286,-0.00045997268570001186,1
28,1779936093053,-0.0001503617142900003,-0.0315823426286,-0.00014017268570003065,1
29,1779936093056,-0.0007743617142899999,-0.0324442426286,-0.00014017268570003065,1
30,1779936093058,-0.0007743617142899999,-0.0324442426286,-0.00014017268570003065,1
31,1779936093061,-0.0007743617142899999,-0.0324442426286,0.0006710273142999813,1
32,1779936093064,8.363828570999952e-05,-0.0338209426286,0.0006710273142999813,1
33,1779936093066,8.363828570999952e-05,-0.0338209426286,0.0006710273142999813,1
34,1779936093069,8.363828570999952e-05,-0.0338209426286,-0.00039367268570004825,1
35,1779936093072,0.0006842382857100001,-0.0357241426286,-0.00039367268570004825,1
36,1779936093074,0.0006842382857100001,-0.0357241426286,-0.00039367268570004825,1
37,1779936093077,0.0006842382857100001,-0.0357241426286,-0.0017235726857000432,1
38,1779936093080,0.0010001382857100002,-0.0360400426286,-0.0017235726857000432,1
39,1779936093083,0.0010001382857100002,-0.0360400426286,-0.0017235726857000432,1
40,1779936093086,0.0010001382857100002,-0.0352678426286,-0.000573072685699989,1
41,1779936093089,0.0013550382857100002,-0.0352678426286,-0.000573072685699989,1
42,1779936093091,0.0013550382857100002,-0.0352678426286,-0.000573072685699989,1
43,1779936093094,0.0011600382857099995,-0.0340276426286,0.0003278273142999933,1
44,1779936093097,0.0011600382857099995,-0.0340276426286,0.0003278273142999933,1
45,1779936093099,0.0011600382857099995,-0.0340276426286,0.0003278273142999933,1
46,1779936093102,0.001811338285709999,-0.0338170426286,-0.0008967726857000268,2
47,1779936093105,0.001811338285709999,-0.0338170426286,-0.0008967726857000268,2
48,1779936093107,0.001811338285709999,-0.0338170426286,-0.0008967726857000268,2
49,1779936093110,0.0015656382857100002,-0.0328654426286,-0.001029372685700065,1
50,1779936093113,0.0015656382857100002,-0.0328654426286,-0.001029372685700065,1
51,1779936093117,0.0015656382857100002,-0.0328654426286,-0.001029372685700065,1
52,1779936093119,0.0017333382857099991,-0.0317110426286,0.00014452731429999595,2
53,1779936093122,0.0017333382857099991,-0.0317110426286,0.00014452731429999595,2
54,1779936093125,0.0017333382857099991,-0.0317110426286,0.00014452731429999595,2
55,1779936093127,0.0015851382857099998,-0.0308491426286,0.0002186273142999618,1
56,1779936093130,0.0015851382857099998,-0.0308491426286,0.0002186273142999618,1
57,1779936093133,0.0015851382857099998,-0.0308491426286,0.0002186273142999618,1
58,1779936093136,0.0013433382857099994,-0.0311182426286,-0.0001791726857000419,1
59,1779936093138,0.0013433382857099994,-0.0311182426286,-0.0001791726857000419,1
60,1779936093141,0.0013433382857099994,-0.0311182426286,-0.0001791726857000419,1
61,1779936093144,0.0003215382857099996,-0.0319411426286,0.0001523273142999982,1
62,1779936093146,0.0003215382857099996,-0.0319411426286,0.0001523273142999982,1
63,1779936093149,0.0003215382857099996,-0.0319411426286,0.0001523273142999982,1
64,1779936093152,0.00025913828570999983,-0.0322687426286,0.0003161273142999344,1
65,1779936093154,0.00025913828570999983,-0.0322687426286,0.0003161273142999344,1
66,1779936093158,0.00025913828570999983,-0.0322687426286,-0.0011736726857000512,1
67,1779936093160,0.0005321382857099996,-0.0321478426286,-0.0011736726857000512,1
68,1779936093163,0.0005321382857099996,-0.0321478426286,-0.0011736726857000512,1
69,1779936093166,0.0011717382857100002,-0.0330136426286,-0.0006432726857000092,1
70,1779936093168,0.0011717382857100002,-0.0330136426286,-0.0006432726857000092,1
71,1779936093171,0.0011717382857100002,-0.0330136426286,-0.0006432726857000092,1
72,1779936093174,0.00126143828571,-0.0337858426286,-0.0006588726857000137,1
73,1779936093177,0.00126143828571,-0.0337858426286,-0.0006588726857000137,1
74,1779936093179,0.00126143828571,-0.0337858426286,-0.0006588726857000137,1
75,1779936093182,0.0017372382857100003,-0.0344098426286,0.00014452731429999595,2
76,1779936093185,0.0017372382857100003,-0.0344098426286,0.00014452731429999595,2
77,1779936093188,0.0017372382857100003,-0.0344098426286,0.00014452731429999595,2
78,1779936093191,0.0020960382857099997,-0.034487842628599996,-0.00044047268570006175,2
79,1779936093193,0.0020960382857099997,-0.034487842628599996,-0.00044047268570006175,2
80,1779936093196,0.0020960382857099997,-0.034487842628599996,-0.00044047268570006175,2
81,1779936093199,0.0014681382857099998,-0.0341095426286,-0.00047167268570007075,1
82,1779936093202,0.0014681382857099998,-0.0341095426286,-0.00047167268570007075,1
83,1779936093204,0.0014681382857099998,-0.0341095426286,-0.00047167268570007075,1
84,1779936093207,0.0004268382857099996,-0.033310042628599996,-7.572685699992407e-06,1
85,1779936093210,0.0004268382857099996,-0.033310042628599996,-7.572685699992407e-06,1
86,1779936093212,0.0004268382857099996,-0.033310042628599996,-7.572685699992407e-06,1
87,1779936093215,-0.0004467617142899999,-0.0322882426286,-5.827268570006254e-05,1
88,1779936093218,-0.0004467617142899999,-0.0322882426286,-5.827268570006254e-05,1
89,1779936093220,-0.0004467617142899999,-0.0322882426286,-5.827268570006254e-05,1
90,1779936093223,-0.00061836171429,-0.031551142628599996,-0.0005808726856999912,1
91,1779936093226,-0.00061836171429,-0.031551142628599996,-0.0005808726856999912,1
92,1779936093229,-0.00061836171429,-0.031551142628599996,-0.0005808726856999912,1
93,1779936093231,0.0008090382857099997,-0.0313210426286,-0.0006588726857000137,1
94,1779936093235,0.0008090382857099997,-0.0313210426286,-0.0006588726857000137,1
95,1779936093237,0.0008090382857099997,-0.0313210426286,0.00016402731429994606,1
96,1779936093240,0.00157733828571,-0.0320152426286,0.00016402731429994606,1
97,1779936093243,0.00157733828571,-0.0320152426286,0.00016402731429994606,1
98,1779936093245,0.00157733828571,-0.0320152426286,-0.0006159726857000569,1
99,1779936093248,0.0022637382857099994,-0.0322999426286,-0.0006159726857000569,2
100,1779936093251,0.0022637382857099994,-0.0322999426286,-0.0006159726857000569,2
101,1779936093253,0.0022637382857099994,-0.0322999426286,-0.0005535726857000389,2
102,1779936093256,0.0024119382857100006,-0.0329629426286,-0.0005535726857000389,2
103,1779936093259,0.0024119382857100006,-0.0329629426286,-0.0005535726857000389,2
104,1779936093262,0.0024119382857100006,-0.0329629426286,-0.0007212726857000317,2
105,1779936093264,0.0013199382857099996,-0.033454342628599996,-0.0007212726857000317,1
106,1779936093267,0.0013199382857099996,-0.033454342628599996,-0.0007212726857000317,1
107,1779936093270,0.0013199382857099996,-0.033454342628599996,0.0002459273143000252,1
108,1779936093272,0.0003098382857099997,-0.0337468426286,0.0002459273143000252,1
109,1779936093275,0.0003098382857099997,-0.0337468426286,0.0002459273143000252,1
110,1779936093278,0.0003098382857099997,-0.0339730426286,-0.0006510726857000115,1
111,1779936093281,-0.00041946171428999986,-0.0339730426286,-0.0006510726857000115,1
112,1779936093284,-0.00041946171428999986,-0.0339730426286,-0.0006510726857000115,1
113,1779936093286,-0.00010746171429000008,-0.0337117426286,-0.000510672685699971,1
114,1779936093289,-0.00010746171429000008,-0.0337117426286,-0.000510672685699971,1
115,1779936093292,-0.00010746171429000008,-0.0337117426286,-0.000510672685699971,1
116,1779936093294,0.0008636382857099998,-0.0337039426286,-0.0008928726856999702,1
117,1779936093297,0.0008636382857099998,-0.0337039426286,-0.0008928726856999702,1
118,1779936093300,0.0008636382857099998,-0.0337039426286,-0.0008928726856999702,1
119,1779936093302,0.0015734382857099998,-0.0336805426286,-0.0002415726857000599,1
120,1779936093305,0.0015734382857099998,-0.0336805426286,-0.0002415726857000599,1
121,1779936093308,0.0015734382857099998,-0.0336805426286,-0.0002415726857000599,1
122,1779936093310,0.00170603828571,-0.033189142628599996,-0.000354672685700037,2
123,1779936093313,0.00170603828571,-0.033189142628599996,-0.000354672685700037,2
124,1779936093316,0.00170603828571,-0.033189142628599996,-0.000354672685700037,2
0,1779936093358,0.0011717382857100002,-0.0329980426286,0.0003902273143000113,1
1,1779936093361,0.0007037382857099997,-0.033232042628599995,0.0003902273143000113,1
2,1779936093364,0.0007037382857099997,-0.033232042628599995,0.0003902273143000113,1
3,1779936093389,0.00099623828571,-0.0334231426286,-0.000697872685700025,1
4,1779936093424,0.00126143828571,-0.0321946426286,-0.0003897726856999916,1
5,1779936093427,0.00126143828571,-0.0321946426286,-0.0003897726856999916,1
6,1779936093430,0.00126143828571,-0.0321946426286,-0.000448272685700064,1
7,1779936093432,0.0005594382857099997,-0.0324715426286,-0.000448272685700064,1
8,1779936093435,0.0005594382857099997,-0.0324715426286,-0.000448272685700064,1
9,1779936093438,0.0005594382857099997,-0.0324715426286,-0.0003078726857000235,1
10,1779936093441,0.00023183828570999977,-0.032221942628599995,-0.0003078726857000235,1
11,1779936093443,0.00023183828570999977,-0.032221942628599995,-0.0003078726857000235,1
12,1779936093446,0.00023183828570999977,-0.032221942628599995,-0.0005769726857000456,1
13,1779936093449,8.753828570999978e-05,-0.0327211426286,-0.0005769726857000456,1
14,1779936093451,8.753828570999978e-05,-0.0327211426286,-0.0005769726857000456,1
15,1779936093454,8.753828570999978e-05,-0.0327211426286,-0.000791472685700052,1
16,1779936093457,0.0007973382857099998,-0.0326743426286,-0.000791472685700052,1
17,1779936093459,0.0007973382857099998,-0.0326743426286,-0.000791472685700052,1
18,1779936093462,0.0007973382857099998,-0.0326743426286,0.00021082731429995956,1
19,1779936093465,0.0009026382857099998,-0.033189142628599996,0.00021082731429995956,1
20,1779936093468,0.0009026382857099998,-0.033189142628599996,0.00021082731429995956,1
21,1779936093471,0.0017294382857099997,-0.033762442628599995,-0.00013627268569997401,2
22,1779936093473,0.0017294382857099997,-0.033762442628599995,-0.00013627268569997401,2
23,1779936093476,0.0017294382857099997,-0.033762442628599995,-0.00013627268569997401,2
24,1779936093479,0.0017177382857099998,-0.0340861426286,-0.0001518726856999785,2
25,1779936093482,0.0017177382857099998,-0.0340861426286,-0.0001518726856999785,2
26,1779936093484,0.0017177382857099998,-0.0340861426286,-0.0001518726856999785,2
27,1779936093487,0.00162803828571,-0.0335908426286,-0.0010644726857000197,1
28,1779936093490,0.00162803828571,-0.0335908426286,-0.0010644726857000197,1
29,1779936093492,0.00162803828571,-0.0335908426286,-0.0010644726857000197,1
30,1779936093495,0.0006569382857100001,-0.0333139426286,0.0007373273142999449,1
31,1779936093498,0.0006569382857100001,-0.0333139426286,0.0007373273142999449,1
32,1779936093500,0.0006569382857100001,-0.0333139426286,0.0007373273142999449,1
33,1779936093503,7.193828570999962e-05,-0.032900542628599996,-0.00024937268570006214,1
34,1779936093506,7.193828570999962e-05,-0.032900542628599996,-0.00024937268570006214,1
35,1779936093508,7.193828570999962e-05,-0.032900542628599996,-0.00024937268570006214,1
36,1779936093512,0.00028253828570999964,-0.0329356426286,-0.00041317268569999836,1
37,1779936093514,0.00028253828570999964,-0.0329356426286,-0.00041317268569999836,1
38,1779936093517,0.00028253828570999964,-0.0329356426286,-0.00041317268569999836,1
39,1779936093520,0.0006998382857099994,-0.0327094426286,-0.0004911726857000209,1
40,1779936093523,0.0006998382857099994,-0.0327094426286,-0.0004911726857000209,1
41,1779936093526,0.0006998382857099994,-0.0327094426286,-0.0004911726857000209,1
42,1779936093529,0.0014525382857099997,-0.0327835426286,8.602731430003459e-05,1
43,1779936093531,0.0014525382857099997,-0.0327835426286,8.602731430003459e-05,1
44,1779936093534,0.0014525382857099997,-0.0327835426286,-0.00042877268570000286,1
45,1779936093537,0.0012536382857099996,-0.0324949426286,-0.00042877268570000286,1
46,1779936093539,0.0012536382857099996,-0.0324949426286,-0.00042877268570000286,1
47,1779936093542,0.0012536382857099996,-0.0324949426286,-0.00022207268569999876,1
48,1779936093545,0.0014369382857099995,-0.0326782426286,-0.00022207268569999876,1
49,1779936093547,0.0014369382857099995,-0.0326782426286,-0.00022207268569999876,1
50,1779936093551,0.0014369382857099995,-0.0330175426286,7.43273142999757e-05,1
51,1779936093554,0.0010976382857099997,-0.0330175426286,7.43273142999757e-05,1
52,1779936093556,0.0010976382857099997,-0.0330175426286,7.43273142999757e-05,1
53,1779936093559,0.00087923828571,-0.0326743426286,-0.0003585726856999826,1
54,1779936093562,0.00087923828571,-0.0326743426286,-0.0003585726856999826,1
55,1779936093564,0.00087923828571,-0.0326743426286,-0.0003585726856999826,1
56,1779936093567,0.0004268382857099996,-0.0333529426286,-7.777268570001265e-05,1
57,1779936093571,0.0004268382857099996,-0.0333529426286,-7.777268570001265e-05,1
58,1779936093573,0.0004268382857099996,-0.0333529426286,-7.777268570001265e-05,1
59,1779936093576,0.0008519382857099999,-0.033165742628599996,-0.000697872685700025,1
60,1779936093579,0.0008519382857099999,-0.033165742628599996,-0.000697872685700025,1
61,1779936093581,0.0008519382857099999,-0.033165742628599996,-0.000697872685700025,1
62,1779936093584,0.0006608382857099995,-0.0341368426286,-0.00023767268570000326,1
63,1779936093587,0.0006608382857099995,-0.0341368426286,-0.00023767268570000326,1
64,1779936093589,0.0006608382857099995,-0.0341368426286,-0.00023767268570000326,1
65,1779936093592,0.0015461382857099998,-0.0336805426286,-0.0007407726856999818,1
66,1779936093595,0.0015461382857099998,-0.0336805426286,-0.0007407726856999818,1
67,1779936093597,0.0015461382857099998,-0.0336805426286,-0.0007407726856999818,1
68,1779936093602,0.0004775382857099995,-0.0331345426286,3.922731430002109e-05,1
69,1779936093605,0.0004775382857099995,-0.0331345426286,3.922731430002109e-05,1
70,1779936093608,-0.00016596171429000047,-0.0319723426286,-0.0007524726857000407,1
71,1779936093611,-0.00016596171429000047,-0.0319723426286,-0.0007524726857000407,1
72,1779936093613,-0.00016596171429000047,-0.0319723426286,-0.0007524726857000407,1
73,1779936093617,0.0011054382857100002,-0.0319099426286,0.0006710273142999813,1
74,1779936093620,0.0011054382857100002,-0.0319099426286,0.0006710273142999813,1
75,1779936093623,0.00221693828571,-0.0326431426286,0.00033562731429999555,2
76,1779936093626,0.00221693828571,-0.0326431426286,0.00033562731429999555,2
77,1779936093629,0.00221693828571,-0.0326431426286,0.00033562731429999555,2
78,1779936093632,0.0018815382857100002,-0.033138442628599996,-0.00039367268570004825,2
79,1779936093635,0.0018815382857100002,-0.033138442628599996,-0.00039367268570004825,2
80,1779936093638,0.0018815382857100002,-0.033138442628599996,-0.00039367268570004825,2
81,1779936093640,0.0007232382857100001,-0.0324364426286,-0.0005808726856999912,1
82,1779936093643,0.0007232382857100001,-0.0324364426286,-0.0005808726856999912,1
83,1779936093646,0.0007232382857100001,-0.0324364426286,-0.0005808726856999912,1
84,1779936093648,0.00013043828571,-0.0322336426286,-0.00023377268570005764,1
85,1779936093651,0.00013043828571,-0.0322336426286,-0.00023377268570005764,1
86,1779936093654,0.00013043828571,-0.0322336426286,-0.00023377268570005764,1
87,1779936093656,1.7382857100001897e-06,-0.0327250426286,-0.00039367268570004825,1
88,1779936093659,1.7382857100001897e-06,-0.0327250426286,-0.00039367268570004825,1
89,1779936093662,1.7382857100001897e-06,-0.0327250426286,-0.00039367268570004825,1
90,1779936093664,0.0017762382857099994,-0.0341212426286,-0.0014232726857000121,2
91,1779936093667,0.0017762382857099994,-0.0341212426286,-0.0014232726857000121,2
92,1779936093670,0.0017762382857099994,-0.0341212426286,-0.0014232726857000121,2
93,1779936093673,0.00130043828571,-0.0343630426286,0.000694427314299988,1
94,1779936093676,0.00130043828571,-0.0343630426286,0.000694427314299988,1
95,1779936093679,0.00130043828571,-0.0343630426286,0.0007997273142999629,1
96,1779936093681,0.0017255382857100003,-0.0335011426286,0.0007997273142999629,2
97,1779936093684,0.0017255382857100003,-0.0335011426286,0.0007997273142999629,2
98,1779936093687,0.0017255382857100003,-0.0335011426286,0.0008231273142999696,2
99,1779936093689,0.0008948382857100002,-0.0330136426286,0.0008231273142999696,1
100,1779936093692,0.0008948382857100002,-0.0330136426286,0.0008231273142999696,1
101,1779936093696,0.0009299382857099999,-0.0324949426286,-0.00013627268569997401,1
102,1779936093699,0.0009299382857099999,-0.0324949426286,-0.00013627268569997401,1
103,1779936093702,0.0009299382857099999,-0.0324949426286,-0.00013627268569997401,1
104,1779936093705,0.0006569382857100001,-0.0325300426286,-0.00021817268570005315,1
105,1779936093707,0.0006569382857100001,-0.0325300426286,-0.00021817268570005315,1
106,1779936093710,0.0006569382857100001,-0.0325300426286,-0.00021817268570005315,1
107,1779936093713,0.0010586382857099997,-0.0321244426286,-0.0024879726857000416,1
108,1779936093715,0.0010586382857099997,-0.0321244426286,-0.0024879726857000416,1
109,1779936093718,0.0010586382857099997,-0.0321244426286,-0.0024879726857000416,1
110,1779936093721,0.002322238285709999,-0.0325222426286,-0.0013257726857000395,2
111,1779936093724,0.002322238285709999,-0.0325222426286,-0.0013257726857000395,2
112,1779936093726,0.002322238285709999,-0.0325222426286,-0.0013257726857000395,2
113,1779936093729,0.00160073828571,-0.032849842628599996,-0.00014407268569997626,1
114,1779936093732,0.00160073828571,-0.032849842628599996,-0.00014407268569997626,1
115,1779936093734,0.00160073828571,-0.032849842628599996,-0.00014407268569997626,1
116,1779936093737,0.0002045382857099997,-0.0350338426286,0.0011741273142999598,1
117,1779936093740,0.0002045382857099997,-0.0350338426286,0.0011741273142999598,1
118,1779936093743,0.0002045382857099997,-0.0341212426286,-0.0003741726856999871,1
119,1779936093746,-0.0007743617142899999,-0.0341212426286,-0.0003741726856999871,1
120,1779936093748,-0.0007743617142899999,-0.0341212426286,-0.0003741726856999871,1
121,1779936093751,0.0012536382857099996,-0.0328615426286,-0.0013452726856999896,1
122,1779936093754,0.0012536382857099996,-0.0328615426286,-0.0013452726856999896,1
123,1779936093757,0.0012536382857099996,-0.0328615426286,-0.0013452726856999896,1
124,1779936093759,0.002033638285709999,-0.0325729426286,-1.5372685699994657e-05,2
0,1779936093860,0.0008558382857100002,-0.031005142628599998,-0.0012204726857000647,1
1,1779936093863,0.0007232382857100001,-0.0332671426286,0.0003122273142999888,1
2,1779936093865,0.0008948382857100002,-0.033766342628599996,0.0008270273143000263,1
3,1779936093868,0.0008948382857100002,-0.033766342628599996,0.0008270273143000263,1
4,1779936093871,0.0008948382857100002,-0.033766342628599996,0.0008270273143000263,1
5,1779936093873,0.0017684382857100006,-0.033859942628599995,-0.00018697268570004415,2
6,1779936093878,0.0017684382857100006,-0.033859942628599995,-0.00018697268570004415,2
7,1779936093881,0.0016436382857099993,-0.0335518426286,-0.0009435726857000403,1
8,1779936093883,0.0016436382857099993,-0.0335518426286,-0.0009435726857000403,1
9,1779936093886,0.0016436382857099993,-0.0335518426286,-0.0009435726857000403,1
10,1779936093889,0.0008441382857099994,-0.0328615426286,-0.002140872685699997,1
11,1779936093891,0.0008441382857099994,-0.0328615426286,-0.002140872685699997,1
12,1779936093894,0.0008441382857099994,-0.0328615426286,-0.002140872685699997,1
13,1779936093897,0.00020843828570999996,-0.0351703426286,0.0011468273143000075,1
14,1779936093899,0.00020843828570999996,-0.0351703426286,0.0011468273143000075,1
15,1779936093902,0.00020843828570999996,-0.0351703426286,0.0011468273143000075,1
16,1779936093905,-0.0017181617142900006,-0.0323935426286,-0.000822672685700061,1
17,1779936093908,-0.0017181617142900006,-0.0323935426286,-0.000822672685700061,1
18,1779936093911,-0.0017181617142900006,-0.0323935426286,-0.000822672685700061,1
19,1779936093913,0.002244238285709999,-0.0327601426286,-6.99726857000104e-05,2
20,1779936093916,0.002244238285709999,-0.0327601426286,-6.99726857000104e-05,2
21,1779936093919,0.002244238285709999,-0.0327601426286,-6.99726857000104e-05,2
22,1779936093921,0.0034454382857100002,-0.0329278426286,-0.0004677726857000141,2
23,1779936093924,0.0034454382857100002,-0.0329278426286,-0.0004677726857000141,2
24,1779936093927,0.0034454382857100002,-0.0329278426286,-0.0004677726857000141,2
25,1779936093930,0.0003917382857099999,-0.0338443426286,0.00024202731429996856,1
26,1779936093932,0.0003917382857099999,-0.0338443426286,0.00024202731429996856,1
27,1779936093935,0.0003917382857099999,-0.0338443426286,0.00024202731429996856,1
28,1779936093938,0.001678738285709999,-0.033957442628599996,8.027314300012092e-06,1
29,1779936093940,0.001678738285709999,-0.033957442628599996,8.027314300012092e-06,1
30,1779936093943,0.001678738285709999,-0.033957442628599996,8.027314300012092e-06,1
31,1779936093946,0.0023300382857099995,-0.0323896426286,-1.1472685700049043e-05,2
32,1779936093948,0.0023300382857099995,-0.0323896426286,-1.1472685700049043e-05,2
33,1779936093951,0.0023300382857099995,-0.0323896426286,-1.1472685700049043e-05,2
34,1779936093954,-0.0007119617142900001,-0.0327289426286,-0.0018522726857000248,1
35,1779936093956,-0.0007119617142900001,-0.0327289426286,-0.0018522726857000248,1
36,1779936093960,-0.0007119617142900001,-0.0327289426286,-0.0018522726857000248,1
37,1779936093962,-0.0004116617142900002,-0.031122142628599997,-0.00013627268569997401,1
38,1779936093965,-0.0004116617142900002,-0.031122142628599997,-0.00013627268569997401,1
39,1779936093968,0.0010040382857099996,-0.0324208426286,0.0004526273143000293,1
40,1779936093970,0.0010040382857099996,-0.0324208426286,0.0004526273143000293,1
41,1779936093973,0.0010040382857099996,-0.0324208426286,0.0004526273143000293,1
42,1779936093976,0.0011093382857099996,-0.0327757426286,-0.001228272685700067,1
43,1779936093979,0.0011093382857099996,-0.0327757426286,-0.001228272685700067,1
44,1779936093981,0.0011093382857099996,-0.0327757426286,-0.001228272685700067,1
45,1779936093984,0.00221693828571,-0.0334387426286,-0.0007524726857000407,2
46,1779936093987,0.00221693828571,-0.0334387426286,-0.0007524726857000407,2
47,1779936093989,0.00221693828571,-0.0334387426286,-0.0007524726857000407,2
48,1779936093992,0.0019283382857099999,-0.0331111426286,0.0005735273143000087,2
49,1779936093995,0.0019283382857099999,-0.0331111426286,0.0005735273143000087,2
50,1779936093998,0.0019283382857099999,-0.0331111426286,0.0005735273143000087,2
51,1779936094001,0.00036443828570999984,-0.0325300426286,-1.1472685700049043e-05,1
52,1779936094003,0.00036443828570999984,-0.0325300426286,-1.1472685700049043e-05,1
53,1779936094006,0.00036443828570999984,-0.0325300426286,-1.1472685700049043e-05,1
54,1779936094009,0.00137843828571,-0.0316681426286,-0.0006744726857000182,1
55,1779936094012,0.00137843828571,-0.0316681426286,-0.0006744726857000182,1
56,1779936094014,0.00137843828571,-0.0316681426286,-0.0006744726857000182,1
57,1779936094017,0.0003488382857099997,-0.0324988426286,0.001068827314299985,1
58,1779936094020,0.0003488382857099997,-0.0324988426286,0.001068827314299985,1
59,1779936094022,0.0003488382857099997,-0.0324988426286,0.001068827314299985,1
60,1779936094025,0.0005789382857100001,-0.0330565426286,-0.0004989726857000231,1
61,1779936094028,0.0005789382857100001,-0.0330565426286,-0.0004989726857000231,1
62,1779936094030,0.0005789382857100001,-0.0330565426286,-0.0004989726857000231,1
63,1779936094033,0.0017879382857099993,-0.034320142628599996,-0.00013627268569997401,2
64,1779936094036,0.0017879382857099993,-0.034320142628599996,-0.00013627268569997401,2
65,1779936094038,0.0017879382857099993,-0.034320142628599996,-0.00013627268569997401,2
66,1779936094042,0.0011249382857099997,-0.033571342628599996,-0.0006588726857000137,1
67,1779936094044,0.0011249382857099997,-0.033571342628599996,-0.0006588726857000137,1
68,1779936094047,0.0011249382857099997,-0.033571342628599996,-0.0006588726857000137,1
69,1779936094050,0.0005399382857100002,-0.032752342628599995,-0.0005535726857000389,1
70,1779936094053,0.0005399382857100002,-0.032752342628599995,-0.0005535726857000389,1
71,1779936094055,0.0005399382857100002,-0.032752342628599995,-0.0005535726857000389,1
72,1779936094058,0.0013628382857099998,-0.032803042628599996,-0.0004950726856999665,1
73,1779936094061,0.0013628382857099998,-0.032803042628599996,-0.0004950726856999665,1
74,1779936094063,0.0013628382857099998,-0.032803042628599996,-0.0004950726856999665,1
75,1779936094066,0.0003098382857099997,-0.033333442628599996,-0.0007017726856999706,1
76,1779936094069,0.0003098382857099997,-0.033333442628599996,-0.0007017726856999706,1
77,1779936094072,0.0003098382857099997,-0.033333442628599996,-0.0007017726856999706,1
78,1779936094075,0.0006608382857099995,-0.0329863426286,-0.0006510726857000115,1
79,1779936094077,0.0006608382857099995,-0.0329863426286,-0.0006510726857000115,1
80,1779936094080,0.0006608382857099995,-0.0325534426286,-0.0003117726856999691,1
81,1779936094083,0.00219353828571,-0.0325534426286,-0.0003117726856999691,2
82,1779936094085,0.00219353828571,-0.0325534426286,-0.0003117726856999691,2
83,1779936094088,0.0006257382857099997,-0.0327640426286,-5.827268570006254e-05,1
84,1779936094091,0.0006257382857099997,-0.0327640426286,-5.827268570006254e-05,1
85,1779936094093,0.0006257382857099997,-0.0327640426286,-5.827268570006254e-05,1
86,1779936094097,0.0012809382857099996,-0.033282742628599996,0.000569627314299952,1
87,1779936094100,0.0012809382857099996,-0.033282742628599996,0.000569627314299952,1
88,1779936094103,0.0012809382857099996,-0.033282742628599996,0.000569627314299952,1
89,1779936094106,0.0010157382857099995,-0.0334465426286,0.0009089273142999944,1
90,1779936094109,0.0010157382857099995,-0.0334465426286,0.0009089273142999944,1
91,1779936094112,0.0010157382857099995,-0.0334465426286,-0.0001791726857000419,1
92,1779936094114,0.00018503828571000015,-0.0332125426286,-0.0001791726857000419,1
93,1779936094118,0.00018503828571000015,-0.0332125426286,-0.0001791726857000419,1
94,1779936094120,0.0002669382857099995,-0.0322609426286,-0.000573072685699989,1
95,1779936094123,0.0002669382857099995,-0.0322609426286,-0.000573072685699989,1
96,1779936094126,0.0002669382857099995,-0.0322609426286,-0.000573072685699989,1
97,1779936094129,0.0010937382857099994,-0.0325924426286,-0.0016494726856999663,1
98,1779936094131,0.0010937382857099994,-0.0325924426286,-0.0016494726856999663,1
99,1779936094134,0.0010937382857099994,-0.0325924426286,-0.0016494726856999663,1
100,1779936094137,0.0010274382857099994,-0.0329356426286,-0.0015753726857000005,1
101,1779936094140,0.0010274382857099994,-0.0329356426286,-0.0015753726857000005,1
102,1779936094143,0.0010274382857099994,-0.0329356426286,-0.0015753726857000005,1
103,1779936094145,0.0017918382857100004,-0.0331150426286,0.00048382731429992727,2
104,1779936094148,0.0017918382857100004,-0.0331150426286,0.00048382731429992727,2
105,1779936094151,0.0017918382857100004,-0.0331150426286,0.00048382731429992727,2
106,1779936094154,0.0010586382857099997,-0.0330721426286,0.0006593273143000334,1
107,1779936094156,0.0010586382857099997,-0.0330721426286,0.0006593273143000334,1
108,1779936094159,0.0010586382857099997,-0.0330721426286,0.0006593273143000334,1
109,1779936094162,0.0004970382857099999,-0.0329629426286,-0.0008850726856999679,1
110,1779936094164,0.0004970382857099999,-0.0329629426286,-0.0008850726856999679,1
111,1779936094167,0.0004970382857099999,-0.0329629426286,-0.0008850726856999679,1
112,1779936094170,0.0009377382857099995,-0.0327406426286,-0.0012828726856999716,1
113,1779936094173,0.0009377382857099995,-0.0327406426286,-0.0012828726856999716,1
114,1779936094175,0.0009377382857099995,-0.0327406426286,-0.0012828726856999716,1
115,1779936094178,0.0006608382857099995,-0.0328693426286,-0.0006471726857000659,1
116,1779936094181,0.0006608382857099995,-0.0328693426286,-0.0006471726857000659,1
117,1779936094183,0.0006608382857099995,-0.0328693426286,-0.0006471726857000659,1
118,1779936094186,0.0010820382857099995,-0.0332593426286,-9.727268570007379e-05,1
119,1779936094189,0.0010820382857099995,-0.0332593426286,-9.727268570007379e-05,1
120,1779936094192,0.0010820382857099995,-0.0332593426286,0.0012911273142999936,1
121,1779936094195,0.00133943828571,-0.033571342628599996,0.0012911273142999936,1
122,1779936094197,0.00133943828571,-0.033571342628599996,0.0012911273142999936,1
123,1779936094200,0.00133943828571,-0.0330370426286,0.0007022273142999903,1
124,1779936094203,0.0013082382857099997,-0.0330370426286,0.0007022273142999903,1
0,1779936094245,0.0016358382857100005,-0.0330565426286,-0.00028057268570007114,1
1,1779936094288,0.0008090382857099997,-0.0337741426286,0.0001835273143000072,1
2,1779936094310,0.00098453828571,-0.0331501426286,0.0002342273142999663,1
3,1779936094312,0.0010469382857099998,-0.0326470426286,-0.0011892726857000557,1
4,1779936094315,0.0010742382857099999,-0.0324793426286,-0.0011892726857000557,1
5,1779936094318,0.0010742382857099999,-0.0324793426286,-0.0011892726857000557,1
6,1779936094324,0.0013472382857099997,-0.032467642628599996,-0.0007641726856999886,1
7,1779936094349,0.0013472382857099997,-0.032467642628599996,-0.0007641726856999886,1
8,1779936094352,0.0008636382857099998,-0.0330058426286,-1.5372685699994657e-05,1
9,1779936094355,0.00111713828571,-0.0331969426286,-0.000697872685700025,1
10,1779936094357,0.00111713828571,-0.0331969426286,-0.000697872685700025,1
11,1779936094360,0.00111713828571,-0.0331969426286,-0.000697872685700025,1
12,1779936094363,0.00084023828571,-0.0335830426286,-5.047268570006029e-05,1
13,1779936094365,0.00084023828571,-0.0335830426286,-5.047268570006029e-05,1
14,1779936094368,0.00084023828571,-0.0335830426286,-5.047268570006029e-05,1
15,1779936094371,0.00091823828571,-0.0334621426286,0.0003434273142999978,1
16,1779936094374,0.00091823828571,-0.0334621426286,0.0003434273142999978,1
17,1779936094376,0.00091823828571,-0.0334621426286,0.0003434273142999978,1
18,1779936094379,0.0012536382857099996,-0.0330955426286,-0.00010507268569996502,1
19,1779936094382,0.0012536382857099996,-0.0330955426286,-0.00010507268569996502,1
20,1779936094384,0.0012536382857099996,-0.0330955426286,-0.0005886726856999935,1
21,1779936094387,0.00137843828571,-0.0335401426286,-0.0005886726856999935,1
22,1779936094390,0.00137843828571,-0.0335401426286,-0.0005886726856999935,1
23,1779936094393,0.0008831382857099994,-0.032463742628599995,-0.0004950726856999665,1
24,1779936094396,0.0008831382857099994,-0.032463742628599995,-0.0004950726856999665,1
25,1779936094398,0.0008831382857099994,-0.032463742628599995,-0.0004950726856999665,1
26,1779936094401,0.0009221382857099994,-0.0326938426286,-0.00045997268570001186,1
27,1779936094404,0.0009221382857099994,-0.0326938426286,-0.00045997268570001186,1
28,1779936094407,0.0009221382857099994,-0.0326938426286,-0.00045997268570001186,1
29,1779936094409,0.0011327382857099994,-0.0321868426286,-0.0014622726857000234,1
30,1779936094412,0.0011327382857099994,-0.0321868426286,-0.0014622726857000234,1
31,1779936094415,0.0011327382857099994,-0.0321868426286,-0.0014622726857000234,1
32,1779936094417,0.0008246382857099999,-0.0322960426286,-0.0005496726856999822,1
33,1779936094421,0.0008246382857099999,-0.0322960426286,-0.0005496726856999822,1
34,1779936094423,0.0008246382857099999,-0.0322960426286,-0.0005496726856999822,1
35,1779936094426,0.0008675382857100001,-0.0323311426286,-0.00014017268570003065,1
36,1779936094429,0.0008675382857100001,-0.0323311426286,-0.00014017268570003065,1
37,1779936094431,0.0008675382857100001,-0.0323311426286,-0.00014017268570003065,1
38,1779936094434,0.0009572382857099999,-0.0328537426286,-0.00010897268570002165,1
39,1779936094437,0.0009572382857099999,-0.0328537426286,-0.00010897268570002165,1
40,1779936094439,0.0009572382857099999,-0.0328537426286,-0.00010897268570002165,1
41,1779936094442,0.0009065382857100001,-0.0328264426286,-0.0005028726856999687,1
42,1779936094445,0.0009065382857100001,-0.0328264426286,-0.0005028726856999687,1
43,1779936094448,0.0009065382857100001,-0.0328264426286,-0.0005028726856999687,1
44,1779936094450,0.00126143828571,-0.0329083426286,-0.0001830726856999875,1
45,1779936094453,0.00126143828571,-0.0329083426286,-0.0001830726856999875,1
46,1779936094456,0.00126143828571,-0.0329083426286,-0.0001830726856999875,1
47,1779936094458,0.0010859382857099998,-0.0326626426286,5.0927314299968954e-05,1
48,1779936094462,0.0010859382857099998,-0.0326626426286,5.0927314299968954e-05,1
49,1779936094464,0.0010859382857099998,-0.0326626426286,5.0927314299968954e-05,1
50,1779936094467,0.0012575382857099998,-0.0329902426286,-0.0004521726857000096,1
51,1779936094470,0.0012575382857099998,-0.0329902426286,-0.0004521726857000096,1
52,1779936094472,0.0012575382857099998,-0.0329902426286,-0.0004521726857000096,1
53,1779936094475,0.0010196382857099997,-0.0330331426286,-0.00031957268569997137,1
54,1779936094478,0.0010196382857099997,-0.0330331426286,-0.00031957268569997137,1
55,1779936094480,0.0010196382857099997,-0.0330331426286,-0.00031957268569997137,1
56,1779936094483,0.0008870382857099996,-0.0330097426286,-0.0003897726856999916,1
57,1779936094486,0.0008870382857099996,-0.0330097426286,-0.0003897726856999916,1
58,1779936094488,0.0008870382857099996,-0.0330097426286,-0.0003897726856999916,1
59,1779936094491,0.0009260382857099996,-0.0330175426286,-0.0005808726856999912,1
60,1779936094494,0.0009260382857099996,-0.0330175426286,-0.0005808726856999912,1
61,1779936094497,0.0009260382857099996,-0.0330175426286,-0.0009864726856999972,1
62,1779936094499,0.0009104382857099995,-0.0329863426286,-0.0009864726856999972,1
63,1779936094502,0.0009104382857099995,-0.0329863426286,-0.0009864726856999972,1
64,1779936094505,0.0009104382857099995,-0.0329863426286,-0.00030007268570002125,1
65,1779936094508,0.0008714382857099995,-0.0331969426286,-0.00030007268570002125,1
66,1779936094511,0.0008714382857099995,-0.0331969426286,-0.00030007268570002125,1
67,1779936094513,0.0006062382857100002,-0.0330799426286,7.042731430003009e-05,1
68,1779936094516,0.0006062382857100002,-0.0330799426286,7.042731430003009e-05,1
69,1779936094519,0.0006062382857100002,-0.0330799426286,7.042731430003009e-05,1
70,1779936094521,0.00087923828571,-0.0333178426286,-8.55726857000149e-05,1
71,1779936094524,0.00087923828571,-0.0333178426286,-8.55726857000149e-05,1
72,1779936094527,0.00087923828571,-0.0333178426286,-8.55726857000149e-05,1
73,1779936094529,0.0009338382857100001,-0.033091642628599996,-0.0005184726856999732,1
74,1779936094532,0.0009338382857100001,-0.033091642628599996,-0.0005184726856999732,1
75,1779936094535,0.0009338382857100001,-0.033091642628599996,-0.0005184726856999732,1
76,1779936094537,0.0009806382857099998,-0.0332398426286,-0.00037807268570004375,1
77,1779936094540,0.0009806382857099998,-0.0332398426286,-0.00037807268570004375,1
78,1779936094543,0.0009806382857099998,-0.0332398426286,-0.00037807268570004375,1
79,1779936094546,0.0008909382857099999,-0.0332125426286,-0.0002103726857000509,1
80,1779936094549,0.0008909382857099999,-0.0332125426286,-0.0002103726857000509,1
81,1779936094552,0.0008909382857099999,-0.0332125426286,-0.0002103726857000509,1
82,1779936094555,0.0013316382857099995,-0.032752342628599995,-0.00045607268570006625,1
83,1779936094558,0.0013316382857099995,-0.032752342628599995,-0.00045607268570006625,1
84,1779936094560,0.0013316382857099995,-0.032752342628599995,-0.00045607268570006625,1
85,1779936094563,0.0009689382857099998,-0.033524542628599996,-0.0006081726857000546,1
86,1779936094566,0.0009689382857099998,-0.033524542628599996,-0.0006081726857000546,1
87,1779936094568,0.0009689382857099998,-0.033524542628599996,-0.0006081726857000546,1
88,1779936094571,1.7338285709999485e-05,-0.0336454426286,-0.0005535726857000389,1
89,1779936094574,1.7338285709999485e-05,-0.0336454426286,-0.0005535726857000389,1
90,1779936094576,1.7338285709999485e-05,-0.0336454426286,-0.0005535726857000389,1
91,1779936094579,0.00032543828570999987,-0.0332476426286,-3.6726857000467933e-06,1
92,1779936094582,0.00032543828570999987,-0.0332476426286,-3.6726857000467933e-06,1
93,1779936094584,0.00032543828570999987,-0.0332476426286,-3.6726857000467933e-06,1
94,1779936094587,0.0023534382857099993,-0.0329590426286,-0.0002766726857000145,2
95,1779936094590,0.0023534382857099993,-0.0329590426286,-0.0002766726857000145,2
96,1779936094593,0.0023534382857099993,-0.0322453426286,-0.0007797726856999931,2
97,1779936094596,0.0024080382857099994,-0.0322453426286,-0.0007797726856999931,2
98,1779936094599,0.0024080382857099994,-0.0322453426286,-0.0007797726856999931,2
99,1779936094601,0.0024080382857099994,-0.0332086426286,-0.00013627268569997401,2
100,1779936094604,0.00094553828571,-0.0332086426286,-0.00013627268569997401,1
101,1779936094607,0.00094553828571,-0.0332086426286,-0.00013627268569997401,1
102,1779936094609,0.00094553828571,-0.0327016426286,0.0012014273143000232,1
103,1779936094612,-0.00010746171429000008,-0.0327016426286,0.0012014273143000232,1
104,1779936094615,-0.00010746171429000008,-0.0327016426286,0.0012014273143000232,1
105,1779936094617,-0.00010746171429000008,-0.0315238426286,-0.00033127268570003025,1
106,1779936094621,0.00045023828570999944,-0.0315238426286,-0.00033127268570003025,1
107,1779936094623,0.00045023828570999944,-0.0315238426286,-0.00033127268570003025,1
108,1779936094626,0.00131213828571,-0.031406842628599996,-0.0013686726856999964,1
109,1779936094629,0.00131213828571,-0.031406842628599996,-0.0013686726856999964,1
110,1779936094631,0.00131213828571,-0.031406842628599996,-0.0013686726856999964,1
111,1779936094634,0.0015071382857099998,-0.0316720426286,-0.0012126726857000624,1
112,1779936094637,0.0015071382857099998,-0.0316720426286,-0.0012126726857000624,1
113,1779936094639,0.0015071382857099998,-0.0316720426286,-0.0012126726857000624,1
114,1779936094642,0.0013472382857099997,-0.0333607426286,-3.6726857000467933e-06,1
115,1779936094645,0.0013472382857099997,-0.0333607426286,-3.6726857000467933e-06,1
116,1779936094648,0.0013472382857099997,-0.0333607426286,-3.6726857000467933e-06,1
117,1779936094650,0.0005711382857099996,-0.0340081426286,0.0004916273142999295,1
118,1779936094653,0.0005711382857099996,-0.0340081426286,0.0004916273142999295,1
119,1779936094656,0.0005711382857099996,-0.0340081426286,0.0004916273142999295,1
120,1779936094658,0.0008714382857099995,-0.0339886426286,-0.0008187726857000043,1
121,1779936094662,0.0008714382857099995,-0.0339886426286,-0.0008187726857000043,1
122,1779936094664,0.0008714382857099995,-0.0339886426286,-0.0008187726857000043,1
123,1779936094667,0.0005828382857099995,-0.0336727426286,-0.0008889726857000246,1
124,1779936094670,0.0005828382857099995,-0.0336727426286,-0.0008889726857000246,1
0,1779936094711,0.0005711382857099996,-0.0318475426286,-0.00015967268569998076,1
1,1779936094769,0.0006335382857099994,-0.0329239426286,-0.0006432726857000092,1
2,1779936094772,0.0005126382857100001,-0.0331189426286,0.00025762731429997306,1
3,1779936094775,0.0005126382857100001,-0.0331189426286,0.00025762731429997306,1
4,1779936094778,0.0005126382857100001,-0.0331189426286,-0.00026497268570006664,1
5,1779936094780,0.00137843828571,-0.0335596426286,-0.00026497268570006664,1
6,1779936094783,0.00137843828571,-0.0335596426286,-0.00026497268570006664,1
7,1779936094786,0.00137843828571,-0.0337312426286,0.0005345273142999974,1
8,1779936094788,0.0011873382857099995,-0.0337312426286,0.0005345273142999974,1
9,1779936094791,0.0011873382857099995,-0.0337312426286,0.0005345273142999974,1
10,1779936094794,0.0011873382857099995,-0.0326470426286,-0.0007758726857000475,1
11,1779936094796,0.0016748382857099996,-0.0326470426286,-0.0007758726857000475,1
12,1779936094799,0.0016748382857099996,-0.0326470426286,-0.0007758726857000475,1
13,1779936094802,0.0016748382857099996,-0.0320386426286,-0.0002766726857000145,1
14,1779936094805,0.0007310382857099998,-0.0320386426286,-0.0002766726857000145,1
15,1779936094807,0.0007310382857099998,-0.0320386426286,-0.0002766726857000145,1
16,1779936094810,0.0007895382857100001,-0.0320386426286,-0.0007758726857000475,1
17,1779936094813,0.0007895382857100001,-0.0320386426286,-0.0007758726857000475,1
18,1779936094816,0.0007895382857100001,-0.0320386426286,-0.0007758726857000475,1
19,1779936094819,0.00028253828570999964,-0.0325573426286,-9.727268570007379e-05,1
20,1779936094821,0.00028253828570999964,-0.0325573426286,-9.727268570007379e-05,1
21,1779936094824,0.00028253828570999964,-0.0325573426286,-9.727268570007379e-05,1
22,1779936094827,0.0008558382857100002,-0.0325729426286,-0.0006549726857000681,1
23,1779936094829,0.0008558382857100002,-0.0325729426286,-0.0006549726857000681,1
24,1779936094832,0.0008558382857100002,-0.0325729426286,-0.0006549726857000681,1
25,1779936094835,0.00151103828571,-0.0326158426286,-0.000760272685700043,1
26,1779936094837,0.00151103828571,-0.0326158426286,-0.000760272685700043,1
27,1779936094840,0.00151103828571,-0.0326158426286,-0.000760272685700043,1
28,1779936094843,0.0010079382857099998,-0.0329356426286,-0.0004950726856999665,1
29,1779936094846,0.0010079382857099998,-0.0329356426286,-0.0004950726856999665,1
30,1779936094848,0.0010079382857099998,-0.0329356426286,-0.0004950726856999665,1
31,1779936094851,0.0012575382857099998,-0.0334816426286,-0.0001518726856999785,1
32,1779936094854,0.0012575382857099998,-0.0334816426286,-0.0001518726856999785,1
33,1779936094856,0.0012575382857099998,-0.0334816426286,-0.0001518726856999785,1
34,1779936094859,0.0012380382857099994,-0.033618142628599995,7.042731430003009e-05,1
35,1779936094862,0.0012380382857099994,-0.033618142628599995,7.042731430003009e-05,1
36,1779936094865,0.0012380382857099994,-0.033618142628599995,7.042731430003009e-05,1
37,1779936094868,0.0010430382857099995,-0.0335596426286,-0.00024937268570006214,1
38,1779936094871,0.0010430382857099995,-0.0335596426286,-0.00024937268570006214,1
39,1779936094875,0.0010430382857099995,-0.0330799426286,0.00037072731429995016,1
40,1779936094878,0.00020063828570999944,-0.0330799426286,0.00037072731429995016,1
41,1779936094881,0.00020063828570999944,-0.0330799426286,0.00037072731429995016,1
42,1779936094884,0.0009338382857100001,-0.032752342628599995,-0.00018697268570004415,1
43,1779936094886,0.0009338382857100001,-0.032752342628599995,-0.00018697268570004415,1
44,1779936094889,0.0009338382857100001,-0.032752342628599995,-0.00018697268570004415,1
45,1779936094892,0.0010430382857099995,-0.032947342628599996,-0.000448272685700064,1
46,1779936094895,0.0010430382857099995,-0.032947342628599996,-0.000448272685700064,1
47,1779936094899,0.0014603382857100002,-0.0328849426286,-0.0008148726857000587,1
48,1779936094901,0.0014603382857100002,-0.0328849426286,-0.0008148726857000587,1
49,1779936094904,0.0014603382857100002,-0.0328849426286,-0.0008148726857000587,1
50,1779936094907,0.0007193382857099999,-0.0326392426286,-0.00012847268569997176,1
51,1779936094909,0.0007193382857099999,-0.0326392426286,-0.00012847268569997176,1
52,1779936094912,0.0007193382857099999,-0.0326392426286,-0.00012847268569997176,1
53,1779936094915,0.0012146382857099996,-0.0324013426286,-0.0007953726856999976,1
54,1779936094917,0.0012146382857099996,-0.0324013426286,-0.0007953726856999976,1
55,1779936094920,0.0012146382857099996,-0.0324013426286,-0.0007953726856999976,1
56,1779936094923,0.00081293828571,-0.0324364426286,-0.00031957268569997137,1
57,1779936094926,0.00081293828571,-0.0324364426286,-0.00031957268569997137,1
58,1779936094929,0.00081293828571,-0.0324364426286,-0.00031957268569997137,1
59,1779936094931,0.0007700382857099997,-0.0325846426286,-0.000323472685700028,1
60,1779936094934,0.0007700382857099997,-0.0325846426286,-0.000323472685700028,1
61,1779936094937,0.0007700382857099997,-0.0325846426286,-0.000323472685700028,1
62,1779936094940,0.0009650382857099996,-0.0325885426286,0.0003161273142999344,1
63,1779936094942,0.0009650382857099996,-0.0325885426286,0.0003161273142999344,1
64,1779936094945,0.0009650382857099996,-0.0325885426286,0.0003161273142999344,1
65,1779936094948,0.0011210382857099995,-0.0329707426286,-0.0002571726857000644,1
66,1779936094950,0.0011210382857099995,-0.0329707426286,-0.0002571726857000644,1
67,1779936094953,0.0011210382857099995,-0.0329707426286,-0.0002571726857000644,1
68,1779936094956,0.0014018382857099998,-0.0334621426286,-0.0004989726857000231,1
69,1779936094958,0.0014018382857099998,-0.0334621426286,-0.0004989726857000231,1
70,1779936094961,0.0014018382857099998,-0.0334621426286,-0.0004989726857000231,1
71,1779936094964,0.0005516382857100001,-0.0332515426286,0.00013282731429993706,1
72,1779936094967,0.0005516382857100001,-0.0332515426286,0.00013282731429993706,1
73,1779936094970,0.0005516382857100001,-0.0332515426286,-0.0004521726857000096,1
74,1779936094973,0.0013043382857099994,-0.0332281426286,-0.0004521726857000096,1
75,1779936094976,0.0013043382857099994,-0.0332281426286,-0.0004521726857000096,1
76,1779936094978,0.0013043382857099994,-0.0329863426286,-0.00022207268569999876,1
77,1779936094981,0.0009689382857099998,-0.0329863426286,-0.00022207268569999876,1
78,1779936094984,0.0009689382857099998,-0.0329863426286,-0.00022207268569999876,1
79,1779936094986,0.0009689382857099998,-0.0328225426286,-0.0005925726857000501,1
80,1779936094990,0.0009767382857099995,-0.0328225426286,-0.0005925726857000501,1
81,1779936094992,0.0009767382857099995,-0.0328225426286,-0.0005925726857000501,1
82,1779936094995,0.0005126382857100001,-0.0330097426286,8.027314300012092e-06,1
83,1779936094998,0.0005126382857100001,-0.0330097426286,8.027314300012092e-06,1
84,1779936095000,0.0005126382857100001,-0.0330097426286,8.027314300012092e-06,1
85,1779936095003,0.0012380382857099994,-0.0326704426286,-0.0008382726857000655,1
86,1779936095006,0.0012380382857099994,-0.0326704426286,-0.0008382726857000655,1
87,1779936095008,0.0012380382857099994,-0.0326704426286,-0.0008382726857000655,1
88,1779936095011,0.0010820382857099995,-0.0323545426286,-0.0005574726856999845,1
89,1779936095014,0.0010820382857099995,-0.0323545426286,-0.0005574726856999845,1
90,1779936095016,0.0010820382857099995,-0.0323545426286,-0.0005574726856999845,1
91,1779936095019,0.0013316382857099995,-0.0324871426286,-0.0006276726857000047,1
92,1779936095022,0.0013316382857099995,-0.0324871426286,-0.0006276726857000047,1
93,1779936095025,0.0013316382857099995,-0.0324871426286,-0.0006276726857000047,1
94,1779936095028,0.0006920382857099998,-0.0327913426286,0.00035512731429994567,1
95,1779936095031,0.0006920382857099998,-0.0327913426286,0.00035512731429994567,1
96,1779936095033,0.0006920382857099998,-0.0327913426286,0.00035512731429994567,1
97,1779936095036,0.00144473828571,-0.0330643426286,-0.0004053726856999961,1
98,1779936095039,0.00144473828571,-0.0330643426286,-0.0004053726856999961,1
99,1779936095041,0.00144473828571,-0.0330643426286,-0.0004053726856999961,1
100,1779936095044,0.0011132382857099998,-0.032752342628599995,1.9727314299959955e-05,1
101,1779936095047,0.0011132382857099998,-0.032752342628599995,1.9727314299959955e-05,1
102,1779936095049,0.0011132382857099998,-0.032752342628599995,1.9727314299959955e-05,1
103,1779936095052,0.0008246382857099999,-0.033165742628599996,0.00046042731430003155,1
104,1779936095055,0.0008246382857099999,-0.033165742628599996,0.00046042731430003155,1
105,1779936095058,0.0008246382857099999,-0.033165742628599996,0.00046042731430003155,1
106,1779936095060,0.0007310382857099998,-0.0330955426286,0.00022252731430001844,1
107,1779936095063,0.0007310382857099998,-0.0330955426286,0.00022252731430001844,1
108,1779936095066,0.0007310382857099998,-0.0330955426286,0.00022252731430001844,1
109,1779936095069,0.0008090382857099997,-0.0334504426286,-0.0007446726857000385,1
110,1779936095072,0.0008090382857099997,-0.0334504426286,-0.0007446726857000385,1
111,1779936095074,0.0008090382857099997,-0.0334504426286,-0.0009006726856999724,1
112,1779936095077,0.0012692382857099997,-0.0335791426286,-0.0009006726856999724,1
113,1779936095080,0.0012692382857099997,-0.0335791426286,-0.0009006726856999724,1
114,1779936095082,0.0012692382857099997,-0.033477742628599996,-0.0001635726857000374,1
115,1779936095085,0.00052433828571,-0.033477742628599996,-0.0001635726857000374,1
116,1779936095088,0.00052433828571,-0.033477742628599996,-0.0001635726857000374,1
117,1779936095091,0.00052433828571,-0.0331501426286,-0.0010176726857000062,1
118,1779936095093,0.00122243828571,-0.0331501426286,-0.0010176726857000062,1
119,1779936095097,0.00122243828571,-0.0331501426286,-0.0010176726857000062,1
120,1779936095100,0.0009884382857099994,-0.033091642628599996,-0.000479472685700073,1
121,1779936095102,0.0009884382857099994,-0.033091642628599996,-0.000479472685700073,1
122,1779936095105,0.0009884382857099994,-0.033091642628599996,-0.000479472685700073,1
123,1779936095108,0.0012107382857100002,-0.0327016426286,-0.0008070726857000565,1
124,1779936095110,0.0012107382857100002,-0.0327016426286,-0.0008070726857000565,1
0,1779936095157,0.0016826382857100001,-0.0333061426286,-0.000760272685700043,1
1,1779936095160,0.0016826382857100001,-0.0333061426286,-0.000760272685700043,1
2,1779936095219,0.0008753382857099997,-0.0328537426286,8.027314300012092e-06,1
3,1779936095222,0.0010430382857099995,-0.033185242628599995,-2.7072685700053542e-05,1
4,1779936095225,0.0010430382857099995,-0.033185242628599995,-2.7072685700053542e-05,1
5,1779936095227,0.0005477382857099998,-0.0325339426286,-0.0009825726857000516,1
6,1779936095230,0.0005477382857099998,-0.0325339426286,-0.0009825726857000516,1
7,1779936095233,0.0005477382857099998,-0.0325339426286,-0.0009825726857000516,1
8,1779936095236,0.0006140382857099998,-0.032799142628599995,-1.9272685700051292e-05,1
9,1779936095238,0.0006140382857099998,-0.032799142628599995,-1.9272685700051292e-05,1
10,1779936095241,0.0006140382857099998,-0.032799142628599995,-1.9272685700051292e-05,1
11,1779936095244,0.00120683828571,-0.0329278426286,-0.0007407726856999818,1
12,1779936095246,0.00120683828571,-0.0329278426286,-0.0007407726856999818,1
13,1779936095249,0.00120683828571,-0.0329278426286,-0.0007407726856999818,1
14,1779936095252,0.0013082382857099997,-0.0334387426286,-0.00028447268570001676,1
15,1779936095255,0.0013082382857099997,-0.0334387426286,-0.00028447268570001676,1
16,1779936095258,0.0013082382857099997,-0.0334387426286,-0.00028447268570001676,1
17,1779936095260,0.0010079382857099998,-0.033473842628599995,0.0001367273142999937,1
18,1779936095263,0.0010079382857099998,-0.033473842628599995,0.0001367273142999937,1
19,1779936095266,0.0010079382857099998,-0.033473842628599995,0.0001367273142999937,1
20,1779936095268,0.0010664382857100002,-0.0328225426286,8.212731429997795e-05,1
21,1779936095271,0.0010664382857100002,-0.0328225426286,8.212731429997795e-05,1
22,1779936095274,0.0010664382857100002,-0.0328225426286,8.212731429997795e-05,1
23,1779936095276,0.0010469382857099998,-0.0329785426286,-0.00044047268570006175,1
24,1779936095279,0.0010469382857099998,-0.0329785426286,-0.00044047268570006175,1
25,1779936095282,0.0010469382857099998,-0.0329785426286,-0.00044047268570006175,1
26,1779936095285,0.0008480382857099997,-0.0318592426286,-0.0007875726856999953,1
27,1779936095287,0.0008480382857099997,-0.0318592426286,-0.0007875726856999953,1
28,1779936095290,0.0008480382857099997,-0.0318592426286,-0.0007875726856999953,1
29,1779936095293,0.0007622382857100001,-0.0326002426286,-7.572685699992407e-06,1
30,1779936095296,0.0007622382857100001,-0.0326002426286,-7.572685699992407e-06,1
31,1779936095300,0.0007193382857099999,-0.0322804426286,5.482731430002559e-05,1
32,1779936095303,0.0007193382857099999,-0.0322804426286,5.482731430002559e-05,1
33,1779936095306,0.0007193382857099999,-0.0322804426286,5.482731430002559e-05,1
34,1779936095308,0.0009026382857099998,-0.0328147426286,0.00033562731429999555,1
35,1779936095311,0.0009026382857099998,-0.0328147426286,0.00033562731429999555,1
36,1779936095314,0.0009026382857099998,-0.0328147426286,0.00033562731429999555,1
37,1779936095317,0.0020960382857099997,-0.0333685426286,-0.001029372685700065,2
38,1779936095319,0.0020960382857099997,-0.0333685426286,-0.001029372685700065,2
39,1779936095322,0.0020960382857099997,-0.0333685426286,-0.001029372685700065,2
40,1779936095325,0.0011834382857100001,-0.0336571426286,-0.00044437268570000736,1
41,1779936095327,0.0011834382857100001,-0.0336571426286,-0.00044437268570000736,1
42,1779936095330,0.0011834382857100001,-0.0336571426286,-0.00044437268570000736,1
43,1779936095333,0.00077393828571,-0.0336103426286,-0.00042487268570005725,1
44,1779936095336,0.00077393828571,-0.0336103426286,-0.00042487268570005725,1
45,1779936095339,0.00077393828571,-0.0336103426286,-0.00042487268570005725,1
46,1779936095342,0.0008090382857099997,-0.0337858426286,-0.00033517268569997587,1
47,1779936095344,0.0008090382857099997,-0.0337858426286,-0.00033517268569997587,1
48,1779936095347,0.0008090382857099997,-0.0337858426286,-0.0010137726857000606,1
49,1779936095350,0.0005126382857100001,-0.033380242628599996,-0.0010137726857000606,1
50,1779936095352,0.0005126382857100001,-0.033380242628599996,-0.0010137726857000606,1
51,1779936095355,0.0005126382857100001,-0.033380242628599996,0.0005540273142999475,1
52,1779936095358,0.0004541382857099997,-0.0332866426286,0.0005540273142999475,1
53,1779936095360,0.0004541382857099997,-0.0332866426286,0.0005540273142999475,1
54,1779936095363,0.0004541382857099997,-0.0327367426286,0.00019132731430000945,1
55,1779936095366,0.0005672382857100002,-0.0327367426286,0.00019132731430000945,1
56,1779936095369,0.0005672382857100002,-0.0327367426286,0.00019132731430000945,1
57,1779936095371,0.0005672382857100002,-0.0325183426286,-0.0005652726856999867,1
58,1779936095375,0.0010703382857099996,-0.0325183426286,-0.0005652726856999867,1
59,1779936095377,0.0010703382857099996,-0.0325183426286,-0.0005652726856999867,1
60,1779936095380,0.0011795382857099999,-0.0320035426286,-0.0007680726857000452,1
61,1779936095383,0.0011795382857099999,-0.0320035426286,-0.0007680726857000452,1
62,1779936095385,0.0011795382857099999,-0.0320035426286,-0.0007680726857000452,1
63,1779936095388,0.0012692382857099997,-0.0318436426286,-0.00047167268570007075,1
64,1779936095391,0.0012692382857099997,-0.0318436426286,-0.00047167268570007075,1
65,1779936095393,0.0012692382857099997,-0.0318436426286,-0.00047167268570007075,1
66,1779936095396,0.0011717382857100002,-0.0321478426286,0.0004955273142999862,1
67,1779936095399,0.0011717382857100002,-0.0321478426286,0.0004955273142999862,1
68,1779936095402,0.0011717382857100002,-0.0321478426286,0.0004955273142999862,1
69,1779936095404,0.0016709382857100002,-0.0326782426286,-0.00028447268570001676,1
70,1779936095407,0.0016709382857100002,-0.0326782426286,-0.00028447268570001676,1
71,1779936095410,0.0016709382857100002,-0.0326782426286,-0.00028447268570001676,1
72,1779936095413,0.00108983828571,-0.0336025426286,0.00014842731429994156,1
73,1779936095416,0.00108983828571,-0.0336025426286,0.00014842731429994156,1
74,1779936095418,0.00108983828571,-0.0336025426286,0.00014842731429994156,1
75,1779936095421,0.0009533382857099997,-0.0336298426286,5.0927314299968954e-05,1
76,1779936095424,0.0009533382857099997,-0.0336298426286,5.0927314299968954e-05,1
77,1779936095427,0.0009533382857099997,-0.0336298426286,5.0927314299968954e-05,1
78,1779936095429,0.0007544382857099996,-0.0338521426286,0.00017572731430000495,1
79,1779936095432,0.0007544382857099996,-0.0338521426286,0.00017572731430000495,1
80,1779936095435,0.0007544382857099996,-0.0338521426286,0.00017572731430000495,1
81,1779936095437,0.0005945382857099994,-0.0335518426286,-0.0010956726857000287,1
82,1779936095441,0.0005945382857099994,-0.0335518426286,-0.0010956726857000287,1
83,1779936095443,0.0005945382857099994,-0.0335518426286,-0.0007836726857000497,1
84,1779936095446,0.0007388382857099994,-0.0340627426286,-0.0007836726857000497,1
85,1779936095449,0.0007388382857099994,-0.0340627426286,-0.0007836726857000497,1
86,1779936095451,0.0007388382857099994,-0.0340627426286,-0.000697872685700025,1
87,1779936095454,0.0009611382857100002,-0.033138442628599996,-0.000697872685700025,1
88,1779936095457,0.0009611382857100002,-0.033138442628599996,-0.000697872685700025,1
89,1779936095459,0.0009611382857100002,-0.032756242628599996,-0.000354672685700037,1
90,1779936095462,0.0012263382857099995,-0.032756242628599996,-0.000354672685700037,1
91,1779936095465,0.0012263382857099995,-0.032756242628599996,-0.000354672685700037,1
92,1779936095467,0.0012263382857099995,-0.0322687426286,-0.0006393726857000636,1
93,1779936095470,0.0010430382857099995,-0.0322687426286,-0.0006393726857000636,1
94,1779936095473,0.0010430382857099995,-0.0322687426286,-0.0006393726857000636,1
95,1779936095476,0.0010430382857099995,-0.0323272426286,-0.00039367268570004825,1
96,1779936095478,0.0011132382857099998,-0.0323272426286,-0.00039367268570004825,1
97,1779936095481,0.0011132382857099998,-0.0323272426286,-0.00039367268570004825,1
98,1779936095484,0.0011132382857099998,-0.0319957426286,-0.00012847268569997176,1
99,1779936095487,0.0010313382857099996,-0.0319957426286,-0.00012847268569997176,1
100,1779936095490,0.0010313382857099996,-0.0319957426286,-0.00012847268569997176,1
101,1779936095492,0.0010742382857099999,-0.0320152426286,0.0002966273142999843,1
102,1779936095495,0.0010742382857099999,-0.0320152426286,0.0002966273142999843,1
103,1779936095498,0.0010742382857099999,-0.0320152426286,0.0002966273142999843,1
104,1779936095500,0.0012653382857099995,-0.0325729426286,0.00020692731430001395,1
105,1779936095503,0.0012653382857099995,-0.0325729426286,0.00020692731430001395,1
106,1779936095506,0.0012653382857099995,-0.0325729426286,0.00020692731430001395,1
107,1779936095508,0.00152273828571,-0.032803042628599996,-0.0006315726857000614,1
108,1779936095511,0.00152273828571,-0.032803042628599996,-0.0006315726857000614,1
109,1779936095514,0.00152273828571,-0.032803042628599996,-0.0006315726857000614,1
110,1779936095516,0.0009767382857099995,-0.0334660426286,-0.0002766726857000145,1
111,1779936095519,0.0009767382857099995,-0.0334660426286,-0.0002766726857000145,1
112,1779936095522,0.0009767382857099995,-0.0334660426286,-0.0002766726857000145,1
113,1779936095525,0.0012419382857099997,-0.0334816426286,-0.00033517268569997587,1
114,1779936095528,0.0012419382857099997,-0.0334816426286,-0.00033517268569997587,1
115,1779936095531,0.0012419382857099997,-0.0334816426286,-0.00033517268569997587,1
116,1779936095533,0.0006452382857100002,-0.0335752426286,-0.00030397268569996687,1
117,1779936095536,0.0006452382857100002,-0.0335752426286,-0.00030397268569996687,1
118,1779936095539,0.0006452382857100002,-0.0335752426286,-0.00030397268569996687,1
119,1779936095541,0.0010196382857099997,-0.0336805426286,-0.0009825726857000516,1
120,1779936095544,0.0010196382857099997,-0.0336805426286,-0.0009825726857000516,1
121,1779936095547,0.0010196382857099997,-0.0336805426286,-0.0009825726857000516,1
122,1779936095549,0.0004892382857099994,-0.0335908426286,-0.0002259726857000554,1
123,1779936095553,0.0004892382857099994,-0.0335908426286,-0.0002259726857000554,1
124,1779936095556,0.0004892382857099994,-0.0335908426286,-0.0005535726857000389,1
0,1779936095602,0.0011717382857100002,-0.0323389426286,0.0005579273143000042,1
1,1779936095663,0.0009572382857099999,-0.0323506426286,-0.0004014726857000505,1
2,1779936095665,0.0015929382857099994,-0.0327406426286,0.0001055273142999847,1
3,1779936095668,0.0015929382857099994,-0.031890442628599996,0.00028492731430003644,1
4,1779936095671,0.0013355382857099998,-0.031890442628599996,0.00028492731430003644,1
5,1779936095674,0.0013355382857099998,-0.031890442628599996,0.00028492731430003644,1
6,1779936095676,0.0016085382857099996,-0.0317968426286,-0.0003390726857000325,1
7,1779936095679,0.0016085382857099996,-0.0317968426286,-0.0003390726857000325,1
8,1779936095682,0.0016085382857099996,-0.0317968426286,-0.0003390726857000325,1
9,1779936095685,0.00136673828571,-0.0314731426286,-0.00023767268570000326,1
10,1779936095687,0.00136673828571,-0.0314731426286,-0.00023767268570000326,1
11,1779936095690,0.00136673828571,-0.0314731426286,-0.00023767268570000326,1
12,1779936095693,0.0008675382857100001,-0.0317734426286,-0.0004911726857000209,1
13,1779936095695,0.0008675382857100001,-0.0317734426286,-0.0004911726857000209,1
14,1779936095698,0.0008675382857100001,-0.0317734426286,-0.0004911726857000209,1
15,1779936095701,0.0005594382857099997,-0.0320425426286,-0.0005028726856999687,1
16,1779936095703,0.0005594382857099997,-0.0320425426286,-0.0005028726856999687,1
17,1779936095706,0.0005594382857099997,-0.0320425426286,-0.0005028726856999687,1
18,1779936095709,0.0005555382857099994,-0.0326665426286,-0.0005496726856999822,1
19,1779936095712,0.0005555382857099994,-0.0326665426286,-0.0005496726856999822,1
20,1779936095715,0.0005555382857099994,-0.0326665426286,-0.0005496726856999822,1
21,1779936095717,0.00091823828571,-0.0333256426286,-0.0002142726856999965,1
22,1779936095720,0.00091823828571,-0.0333256426286,-0.0002142726856999965,1
23,1779936095723,0.00091823828571,-0.0333256426286,-0.0002142726856999965,1
24,1779936095726,0.0008753382857099997,-0.0335050426286,-0.00044047268570006175,1
25,1779936095728,0.0008753382857099997,-0.0335050426286,-0.00044047268570006175,1
26,1779936095731,0.0008753382857099997,-0.0335050426286,-0.00044047268570006175,1
27,1779936095734,0.0008363382857099998,-0.033762442628599995,-0.0002571726857000644,1
28,1779936095736,0.0008363382857099998,-0.033762442628599995,-0.0002571726857000644,1
29,1779936095739,0.0008363382857099998,-0.033762442628599995,-0.0002571726857000644,1
30,1779936095742,0.0010586382857099997,-0.0335518426286,-0.00030007268570002125,1
31,1779936095744,0.0010586382857099997,-0.0335518426286,-0.00030007268570002125,1
32,1779936095747,0.0010586382857099997,-0.0335518426286,-0.00030007268570002125,1
33,1779936095750,0.0018698382857100003,-0.0342304426286,-0.0002571726857000644,2
34,1779936095753,0.0018698382857100003,-0.0342304426286,-0.0002571726857000644,2
35,1779936095756,0.0018698382857100003,-0.0342304426286,-0.0002571726857000644,2
36,1779936095758,0.0011756382857099996,-0.0339730426286,-0.0007095726856999728,1
37,1779936095761,0.0011756382857099996,-0.0339730426286,-0.0007095726856999728,1
38,1779936095764,0.0011756382857099996,-0.0339730426286,-0.0007095726856999728,1
39,1779936095766,0.0008675382857100001,-0.0332398426286,-3.6726857000467933e-06,1
40,1779936095769,0.0008675382857100001,-0.0332398426286,-3.6726857000467933e-06,1
41,1779936095772,0.0008675382857100001,-0.0332398426286,-3.6726857000467933e-06,1
42,1779936095774,0.0006803382857099999,-0.0322102426286,0.0002810273142999798,1
43,1779936095777,0.0006803382857099999,-0.0322102426286,0.0002810273142999798,1
44,1779936095780,0.0006803382857099999,-0.0322102426286,-0.0003390726857000325,1
45,1779936095783,0.00041123828570999946,-0.032030842628599995,-0.0003390726857000325,1
46,1779936095786,0.00041123828570999946,-0.032030842628599995,-0.0003390726857000325,1
47,1779936095789,0.0005789382857100001,-0.0317344426286,-0.0006510726857000115,1
48,1779936095791,0.0005789382857100001,-0.0317344426286,-0.0006510726857000115,1
49,1779936095794,0.0005789382857100001,-0.0317344426286,-0.0006510726857000115,1
50,1779936095797,0.00106253828571,-0.0319684426286,-0.0008421726857000111,1
51,1779936095799,0.00106253828571,-0.0319684426286,-0.0008421726857000111,1
52,1779936095802,0.00106253828571,-0.0319684426286,-0.0008421726857000111,1
53,1779936095805,0.0017294382857099997,-0.0320698426286,-0.0005574726856999845,2
54,1779936095807,0.0017294382857099997,-0.0320698426286,-0.0005574726856999845,2
55,1779936095811,0.0017294382857099997,-0.0320698426286,-0.0005574726856999845,2
56,1779936095813,0.0017138382857100004,-0.0325417426286,-0.0002727726857000689,2
57,1779936095816,0.0017138382857100004,-0.0325417426286,-0.0002727726857000689,2
58,1779936095819,0.0017138382857100004,-0.0325417426286,-0.0002727726857000689,2
59,1779936095822,0.0011522382857099998,-0.0329746426286,0.0003317273142999389,1
60,1779936095824,0.0011522382857099998,-0.0329746426286,0.0003317273142999389,1
61,1779936095827,0.0011522382857099998,-0.0329746426286,0.0003317273142999389,1
62,1779936095830,0.0013160382857100002,-0.0341368426286,0.0002459273143000252,1
63,1779936095832,0.0013160382857100002,-0.0341368426286,0.0002459273143000252,1
64,1779936095835,0.0013160382857100002,-0.0341368426286,0.0002459273143000252,1
65,1779936095838,0.0010547382857099994,-0.0342382426286,4.127314299955456e-06,1
66,1779936095840,0.0010547382857099994,-0.0342382426286,4.127314299955456e-06,1
67,1779936095843,0.0010547382857099994,-0.0342382426286,4.127314299955456e-06,1
68,1779936095846,0.0007817382857099996,-0.0341290426286,-0.00030397268569996687,1
69,1779936095849,0.0007817382857099996,-0.0341290426286,-0.00030397268569996687,1
70,1779936095852,0.0007817382857099996,-0.0341290426286,-0.00030397268569996687,1
71,1779936095854,0.00041903828571,-0.0333958426286,0.00022252731430001844,1
72,1779936095857,0.00041903828571,-0.0333958426286,0.00022252731430001844,1
73,1779936095860,0.00041903828571,-0.0333958426286,0.00022252731430001844,1
74,1779936095863,0.00029033828571000016,-0.0326041426286,-0.0009942726856999994,1
75,1779936095865,0.00029033828571000016,-0.0326041426286,-0.0009942726856999994,1
76,1779936095868,0.00029033828571000016,-0.0326041426286,-0.0009942726856999994,1
77,1779936095871,0.00038783828570999965,-0.032128342628599996,-0.001029372685700065,1
78,1779936095874,0.00038783828570999965,-0.032128342628599996,-0.001029372685700065,1
79,1779936095877,0.00038783828570999965,-0.0310363426286,-0.0005847726857000479,1
80,1779936095880,0.0006140382857099998,-0.0310363426286,-0.0005847726857000479,1
81,1779936095883,0.0006140382857099998,-0.0310363426286,-0.0005847726857000479,1
82,1779936095886,0.0013043382857099994,-0.0313756426286,-0.0004950726856999665,1
83,1779936095889,0.0013043382857099994,-0.0313756426286,-0.0004950726856999665,1
84,1779936095892,0.0013043382857099994,-0.0313756426286,-0.0004950726856999665,1
85,1779936095895,0.0016826382857100001,-0.031886542628599995,-0.0004677726857000141,1
86,1779936095897,0.0016826382857100001,-0.031886542628599995,-0.0004677726857000141,1
87,1779936095900,0.0016826382857100001,-0.031886542628599995,-0.0004677726857000141,1
88,1779936095903,0.0019790382857100006,-0.0333529426286,-3.0972685699999156e-05,2
89,1779936095906,0.0019790382857100006,-0.0333529426286,-3.0972685699999156e-05,2
90,1779936095909,0.0019790382857100006,-0.0333529426286,-0.00020647268569999426,2
91,1779936095911,0.0018542382857099993,-0.0343045426286,-0.00020647268569999426,2
92,1779936095914,0.0018542382857099993,-0.0343045426286,-0.00020647268569999426,2
93,1779936095917,0.0018542382857099993,-0.0351937426286,-0.000417072685700055,2
94,1779936095919,0.0011522382857099998,-0.0351937426286,-0.000417072685700055,1
95,1779936095922,0.0011522382857099998,-0.0351937426286,-0.000417072685700055,1
96,1779936095925,0.0011522382857099998,-0.0349285426286,-0.00031957268569997137,1
97,1779936095928,-0.00051306171429,-0.0349285426286,-0.00031957268569997137,1
98,1779936095930,-0.00051306171429,-0.0349285426286,-0.00031957268569997137,1
99,1779936095933,-0.0002829617142900004,-0.0341563426286,-0.00039367268570004825,1
100,1779936095936,-0.0002829617142900004,-0.0341563426286,-0.00039367268570004825,1
101,1779936095939,-0.0002829617142900004,-0.0341563426286,-0.00039367268570004825,1
102,1779936095942,-0.0008367617142900005,-0.0333178426286,-0.000417072685700055,1
103,1779936095944,-0.0008367617142900005,-0.0333178426286,-0.000417072685700055,1
104,1779936095947,-0.0008367617142900005,-0.0333178426286,-0.000417072685700055,1
105,1779936095950,0.0005789382857100001,-0.0327367426286,-5.047268570006029e-05,1
106,1779936095953,0.0005789382857100001,-0.0327367426286,-5.047268570006029e-05,1
107,1779936095955,0.0005789382857100001,-0.0327367426286,-5.047268570006029e-05,1
108,1779936095958,0.0017099382857099993,-0.031504342628599996,0.00024202731429996856,2
109,1779936095961,0.0017099382857099993,-0.031504342628599996,0.00024202731429996856,2
110,1779936095963,0.0017099382857099993,-0.031504342628599996,0.00024202731429996856,2
111,1779936095966,0.0026732382857099996,-0.0311845426286,-0.0009630726856999904,2
112,1779936095969,0.0026732382857099996,-0.0311845426286,-0.0009630726856999904,2
113,1779936095972,0.0026732382857099996,-0.0311845426286,-0.0009630726856999904,2
114,1779936095975,0.0023066382857099997,-0.030681442628599998,-0.000604272685699998,2
115,1779936095978,0.0023066382857099997,-0.030681442628599998,-0.000604272685699998,2
116,1779936095980,0.0023066382857099997,-0.030681442628599998,-0.000604272685699998,2
117,1779936095983,0.0018152382857100002,-0.0312937426286,-0.0004209726857000006,2
118,1779936095986,0.0018152382857100002,-0.0312937426286,-0.0004209726857000006,2
119,1779936095988,0.0018152382857100002,-0.0312937426286,-0.0004209726857000006,2
120,1779936095991,0.0008714382857099995,-0.032175142628599995,-0.00021817268570005315,1
121,1779936095994,0.0008714382857099995,-0.032175142628599995,-0.00021817268570005315,1
122,1779936095996,0.0008714382857099995,-0.032175142628599995,-0.00021817268570005315,1
123,1779936095999,2.513828571e-05,-0.0332593426286,-0.0006471726857000659,1
124,1779936096002,2.513828571e-05,-0.0332593426286,-0.0006471726857000659,1
0,1779936096043,0.0019127382857100006,-0.033598642628599996,-0.000479472685700073,2
1,1779936096091,0.0013745382857099997,-0.0325495426286,-0.0006315726857000614,1
2,1779936096108,0.0008441382857099994,-0.0330994426286,0.0001523273142999982,1
3,1779936096112,0.0006764382857099996,-0.0334036426286,-0.00034687268570003475,1
4,1779936096116,0.0006764382857099996,-0.0334036426286,-0.00034687268570003475,1
5,1779936096119,0.0014291382857099999,-0.0334699426286,-0.001060572685699963,1
6,1779936096121,0.0014291382857099999,-0.0334699426286,-0.001060572685699963,1
7,1779936096124,0.0014291382857099999,-0.0334699426286,-0.001060572685699963,1
8,1779936096127,0.00162803828571,-0.0337975426286,-0.000229872685700001,1
9,1779936096129,0.00162803828571,-0.0337975426286,-0.000229872685700001,1
10,1779936096132,0.00162803828571,-0.0337975426286,-0.000229872685700001,1
11,1779936096135,0.0011873382857099995,-0.0339457426286,0.0004058273143000158,1
12,1779936096137,0.0011873382857099995,-0.0339457426286,0.0004058273143000158,1
13,1779936096140,0.0011873382857099995,-0.0339457426286,0.0004058273143000158,1
14,1779936096143,0.0008753382857099997,-0.033766342628599996,-0.0007758726857000475,1
15,1779936096146,0.0008753382857099997,-0.033766342628599996,-0.0007758726857000475,1
16,1779936096149,0.0008753382857099997,-0.033766342628599996,-0.0007758726857000475,1
17,1779936096152,0.00056333828571,-0.0331345426286,-0.0007563726856999863,1
18,1779936096154,0.00056333828571,-0.0331345426286,-0.0007563726856999863,1
19,1779936096157,0.00056333828571,-0.0331345426286,-0.000354672685700037,1
20,1779936096160,0.0005789382857100001,-0.0328576426286,-0.000354672685700037,1
21,1779936096162,0.0005789382857100001,-0.0328576426286,-0.000354672685700037,1
22,1779936096165,0.0005789382857100001,-0.0328576426286,-0.00015967268569998076,1
23,1779936096168,-0.0002361617142899999,-0.0323038426286,-0.00015967268569998076,1
24,1779936096170,-0.0002361617142899999,-0.0323038426286,-0.00015967268569998076,1
25,1779936096173,-0.0002361617142899999,-0.0323038426286,-0.0005691726857000434,1
26,1779936096176,0.0010703382857099996,-0.0318436426286,-0.0005691726857000434,1
27,1779936096179,0.0010703382857099996,-0.0318436426286,-0.0005691726857000434,1
28,1779936096181,0.0010703382857099996,-0.0318436426286,2.2731430000984265e-07,1
29,1779936096184,0.00136673828571,-0.0317617426286,2.2731430000984265e-07,1
30,1779936096187,0.00136673828571,-0.0317617426286,2.2731430000984265e-07,1
31,1779936096190,0.00136673828571,-0.0316135426286,-0.0004014726857000505,1
32,1779936096193,0.0021233382857100006,-0.0316135426286,-0.0004014726857000505,2
33,1779936096195,0.0021233382857100006,-0.0316135426286,-0.0004014726857000505,2
34,1779936096198,0.00190493828571,-0.0321322426286,0.00041362731430001805,2
35,1779936096201,0.00190493828571,-0.0321322426286,0.00041362731430001805,2
36,1779936096203,0.00190493828571,-0.0321322426286,0.00041362731430001805,2
37,1779936096206,0.0016241382857100006,-0.032896642628599995,-0.0002415726857000599,1
38,1779936096209,0.0016241382857100006,-0.032896642628599995,-0.0002415726857000599,1
39,1779936096211,0.0016241382857100006,-0.032896642628599995,-0.0002415726857000599,1
40,1779936096214,0.0010079382857099998,-0.0336337426286,-0.0006549726857000681,1
41,1779936096217,0.0010079382857099998,-0.0336337426286,-0.0006549726857000681,1
42,1779936096219,0.0010079382857099998,-0.0336337426286,-0.0006549726857000681,1
43,1779936096222,0.0002123382857100002,-0.0340705426286,-0.000323472685700028,1
44,1779936096225,0.0002123382857100002,-0.0340705426286,-0.000323472685700028,1
45,1779936096227,0.0002123382857100002,-0.0340705426286,-0.000323472685700028,1
46,1779936096231,-0.00040386171429000056,-0.034390342628599996,0.0004877273142999839,1
47,1779936096234,-0.00040386171429000056,-0.034390342628599996,0.0004877273142999839,1
48,1779936096236,-0.00040386171429000056,-0.034390342628599996,0.0004877273142999839,1
49,1779936096239,0.0001811382857099999,-0.0344800426286,-0.0009669726857000471,1
50,1779936096242,0.0001811382857099999,-0.0344800426286,-0.0009669726857000471,1
51,1779936096244,0.0001811382857099999,-0.0344800426286,-0.0009669726857000471,1
52,1779936096247,0.0009221382857099994,-0.0341875426286,-0.001060572685699963,1
53,1779936096250,0.0009221382857099994,-0.0341875426286,-0.001060572685699963,1
54,1779936096253,0.0009221382857099994,-0.0341875426286,-0.001060572685699963,1
55,1779936096255,0.0009806382857099998,-0.0334933426286,-0.0001479726857000329,1
56,1779936096258,0.0009806382857099998,-0.0334933426286,-0.0001479726857000329,1
57,1779936096261,0.0009806382857099998,-0.0334933426286,-0.0001479726857000329,1
58,1779936096264,0.0014642382857099996,-0.0329161426286,-1.5372685699994657e-05,1
59,1779936096267,0.0014642382857099996,-0.0329161426286,-1.5372685699994657e-05,1
60,1779936096269,0.0014642382857099996,-0.0329161426286,0.00010162731429992806,1
61,1779936096272,0.0016358382857100005,-0.0320191426286,0.00010162731429992806,1
62,1779936096275,0.0016358382857100005,-0.0320191426286,0.00010162731429992806,1
63,1779936096277,0.0016358382857100005,-0.0320191426286,-0.0005067726857000254,1
64,1779936096280,0.0018191382857099996,-0.0315823426286,-0.0005067726857000254,2
65,1779936096283,0.0018191382857099996,-0.0315823426286,-0.0005067726857000254,2
66,1779936096285,0.0018191382857099996,-0.0315823426286,0.00011332731429998695,2
67,1779936096288,0.0011756382857099996,-0.0317500426286,0.00011332731429998695,1
68,1779936096291,0.0011756382857099996,-0.0317500426286,0.00011332731429998695,1
69,1779936096293,0.0011756382857099996,-0.0317500426286,-0.0005223726857000299,1
70,1779936096296,0.0014642382857099996,-0.0322063426286,-0.0005223726857000299,1
71,1779936096299,0.0014642382857099996,-0.0322063426286,-0.0005223726857000299,1
72,1779936096302,0.0014642382857099996,-0.0322063426286,0.0001367273142999937,1
73,1779936096304,0.0005009382857100002,-0.0332515426286,0.0001367273142999937,1
74,1779936096307,0.0005009382857100002,-0.0332515426286,0.0001367273142999937,1
75,1779936096310,0.0005009382857100002,-0.0333958426286,-0.0007446726857000385,1
76,1779936096313,0.0010157382857099995,-0.0333958426286,-0.0007446726857000385,1
77,1779936096316,0.0010157382857099995,-0.0333958426286,-0.0007446726857000385,1
78,1779936096318,0.0004268382857099996,-0.0339652426286,0.00030442731429998655,1
79,1779936096321,0.0004268382857099996,-0.0339652426286,0.00030442731429998655,1
80,1779936096324,0.0004268382857099996,-0.0339652426286,0.00030442731429998655,1
81,1779936096326,0.0004619382857100002,-0.0336259426286,-0.0006510726857000115,1
82,1779936096329,0.0004619382857100002,-0.0336259426286,-0.0006510726857000115,1
83,1779936096332,0.0004619382857100002,-0.0336259426286,-0.0006510726857000115,1
84,1779936096334,0.0010274382857099994,-0.033766342628599996,-0.00020647268569999426,1
85,1779936096337,0.0010274382857099994,-0.033766342628599996,-0.00020647268569999426,1
86,1779936096340,0.0010274382857099994,-0.033766342628599996,-0.00020647268569999426,1
87,1779936096343,0.0015812382857099995,-0.033235942628599996,-0.000666672685700016,1
88,1779936096345,0.0015812382857099995,-0.033235942628599996,-0.000666672685700016,1
89,1779936096348,0.0015812382857099995,-0.033235942628599996,-0.000666672685700016,1
90,1779936096351,0.0016319382857099994,-0.033427042628599996,-4.267268570005804e-05,1
91,1779936096353,0.0016319382857099994,-0.033427042628599996,-4.267268570005804e-05,1
92,1779936096356,0.0016319382857099994,-0.033427042628599996,-4.267268570005804e-05,1
93,1779936096359,0.00126143828571,-0.0326041426286,0.00012502731429993481,1
94,1779936096361,0.00126143828571,-0.0326041426286,0.00012502731429993481,1
95,1779936096364,0.00126143828571,-0.0326041426286,0.00012502731429993481,1
96,1779936096367,0.0015929382857099994,-0.0325924426286,-0.00041317268569999836,1
97,1779936096370,0.0015929382857099994,-0.0325924426286,-0.00041317268569999836,1
98,1779936096373,0.0015929382857099994,-0.0325924426286,-0.00041317268569999836,1
99,1779936096375,0.0006374382857099996,-0.0323623426286,-0.00015577268570003515,1
100,1779936096378,0.0006374382857099996,-0.0323623426286,-0.00015577268570003515,1
101,1779936096381,0.0006374382857099996,-0.0323623426286,-0.00015577268570003515,1
102,1779936096384,0.00052433828571,-0.0323506426286,-0.0001011726857000194,1
103,1779936096386,0.00052433828571,-0.0323506426286,-0.0001011726857000194,1
104,1779936096389,0.00052433828571,-0.0323506426286,-0.0001011726857000194,1
105,1779936096392,-0.00015426171429000057,-0.0323584426286,0.0002030273142999573,1
106,1779936096394,-0.00015426171429000057,-0.0323584426286,0.0002030273142999573,1
107,1779936096397,-0.00015426171429000057,-0.0323584426286,0.0002030273142999573,1
108,1779936096400,0.0011444382857100002,-0.032561242628599996,-0.0010059726857000583,1
109,1779936096402,0.0011444382857100002,-0.032561242628599996,-0.0010059726857000583,1
110,1779936096406,0.0011444382857100002,-0.032561242628599996,-0.0010059726857000583,1
111,1779936096408,0.00102353828571,-0.032803042628599996,-0.00013627268569997401,1
112,1779936096411,0.00102353828571,-0.032803042628599996,-0.00013627268569997401,1
113,1779936096414,0.00102353828571,-0.032803042628599996,-0.0005457726857000366,1
114,1779936096416,0.0016553382857099992,-0.0330565426286,-0.0005457726857000366,1
115,1779936096419,0.0016553382857099992,-0.0330565426286,-0.0005457726857000366,1
116,1779936096422,0.0016553382857099992,-0.0330565426286,-5.4372685700005904e-05,1
117,1779936096425,0.0011522382857099998,-0.0329161426286,-5.4372685700005904e-05,1
118,1779936096427,0.0011522382857099998,-0.0329161426286,-5.4372685700005904e-05,1
119,1779936096430,0.0011522382857099998,-0.0331228426286,-0.000760272685700043,1
120,1779936096433,0.00144473828571,-0.0331228426286,-0.000760272685700043,1
121,1779936096435,0.00144473828571,-0.0331228426286,-0.000760272685700043,1
122,1779936096438,0.00144473828571,-0.033524542628599996,1.5827314300014342e-05,1
123,1779936096441,0.0005204382857099997,-0.033524542628599996,1.5827314300014342e-05,1
124,1779936096444,0.0005204382857099997,-0.033524542628599996,1.5827314300014342e-05,1
0,1779936096486,0.0013160382857100002,-0.0328693426286,-0.00031957268569997137,1
1,1779936096501,0.0014915382857099996,-0.0324052426286,-0.000510672685699971,1
2,1779936096504,0.0013706382857099995,-0.0318280426286,-0.0004326726857000595,1
3,1779936096547,0.0013706382857099995,-0.0318280426286,-0.0004326726857000595,1
4,1779936096551,0.0011054382857100002,-0.0337117426286,-0.0005067726857000254,1
5,1779936096554,0.0011054382857100002,-0.0337117426286,-0.0005067726857000254,1
6,1779936096557,0.0011054382857100002,-0.0337117426286,-0.0005067726857000254,1
7,1779936096560,0.0007622382857100001,-0.0328888426286,1.9727314299959955e-05,1
8,1779936096562,0.0007622382857100001,-0.0328888426286,1.9727314299959955e-05,1
9,1779936096565,0.0007622382857100001,-0.0328888426286,1.9727314299959955e-05,1
10,1779936096568,0.0012809382857099996,-0.0324910426286,-0.00017137268570003965,1
11,1779936096570,0.0012809382857099996,-0.0324910426286,-0.00017137268570003965,1
12,1779936096573,0.0012809382857099996,-0.0324910426286,-0.00017137268570003965,1
13,1779936096576,0.0013355382857099998,-0.0323818426286,-0.0005964726856999957,1
14,1779936096578,0.0013355382857099998,-0.0323818426286,-0.0005964726856999957,1
15,1779936096581,0.0013355382857099998,-0.0323818426286,-0.0005964726856999957,1
16,1779936096584,0.0012302382857099997,-0.0325456426286,-0.0006588726857000137,1
17,1779936096586,0.0012302382857099997,-0.0325456426286,-0.0006588726857000137,1
18,1779936096589,0.0012302382857099997,-0.0325456426286,-0.0006588726857000137,1
19,1779936096592,0.0013589382857099996,-0.0328615426286,-0.0004521726857000096,1
20,1779936096595,0.0013589382857099996,-0.0328615426286,-0.0004521726857000096,1
21,1779936096597,0.0013589382857099996,-0.0328615426286,-0.0004521726857000096,1
22,1779936096600,0.0008324382857099995,-0.032896642628599995,-0.00026107268570001,1
23,1779936096603,0.0008324382857099995,-0.032896642628599995,-0.00026107268570001,1
24,1779936096606,0.0008324382857099995,-0.032896642628599995,-0.00026107268570001,1
25,1779936096609,0.0008246382857099999,-0.0330760426286,-0.00054187268569998,1
26,1779936096611,0.0008246382857099999,-0.0330760426286,-0.00054187268569998,1
27,1779936096614,0.0008246382857099999,-0.0330760426286,-0.00054187268569998,1
28,1779936096617,0.0005165382857099995,-0.0330136426286,0.00032002731429999105,1
29,1779936096619,0.0005165382857099995,-0.0330136426286,0.00032002731429999105,1
30,1779936096622,0.0005165382857099995,-0.0330136426286,0.00032002731429999105,1
31,1779936096625,0.0005399382857100002,-0.0332905426286,-9.337268570001715e-05,1
32,1779936096627,0.0005399382857100002,-0.0332905426286,-9.337268570001715e-05,1
33,1779936096630,0.0005399382857100002,-0.0332905426286,-0.0004521726857000096,1
34,1779936096633,0.0008246382857099999,-0.0331774426286,-0.0004521726857000096,1
35,1779936096636,0.0008246382857099999,-0.0331774426286,-0.0004521726857000096,1
36,1779936096638,0.0008246382857099999,-0.0331774426286,-0.0007758726857000475,1
37,1779936096641,0.0018776382857099991,-0.0332008426286,-0.0007758726857000475,2
38,1779936096644,0.0018776382857099991,-0.0332008426286,-0.0007758726857000475,2
39,1779936096646,0.0018776382857099991,-0.0328732426286,-6.607268570006479e-05,2
40,1779936096649,0.0009611382857100002,-0.0328732426286,-6.607268570006479e-05,1
41,1779936096652,0.0009611382857100002,-0.0328732426286,-6.607268570006479e-05,1
42,1779936096655,0.0012107382857100002,-0.0332281426286,0.00024202731429996856,1
43,1779936096658,0.0012107382857100002,-0.0332281426286,0.00024202731429996856,1
44,1779936096661,0.0012107382857100002,-0.0332281426286,0.00024202731429996856,1
45,1779936096663,0.0010859382857099998,-0.0329824426286,-0.0005379726857000344,1
46,1779936096666,0.0010859382857099998,-0.0329824426286,-0.0005379726857000344,1
47,1779936096669,0.0010859382857099998,-0.0329824426286,-0.0005379726857000344,1
48,1779936096672,0.00112883828571,-0.033087742628599995,-0.0009591726857000448,1
49,1779936096674,0.00112883828571,-0.033087742628599995,-0.0009591726857000448,1
50,1779936096677,0.00112883828571,-0.033087742628599995,-0.0009591726857000448,1
51,1779936096680,0.0004970382857099999,-0.0330565426286,-3.6726857000467933e-06,1
52,1779936096682,0.0004970382857099999,-0.0330565426286,-3.6726857000467933e-06,1
53,1779936096685,0.0004970382857099999,-0.0330565426286,-3.6726857000467933e-06,1
54,1779936096688,0.0006998382857099994,-0.0331306426286,-6.217268570000815e-05,1
55,1779936096691,0.0006998382857099994,-0.0331306426286,-6.217268570000815e-05,1
56,1779936096693,0.0006998382857099994,-0.0331306426286,-6.217268570000815e-05,1
57,1779936096696,0.00123413828571,-0.033040942628599995,-0.0005613726857000411,1
58,1779936096699,0.00123413828571,-0.033040942628599995,-0.0005613726857000411,1
59,1779936096702,0.00123413828571,-0.033040942628599995,-0.0005613726857000411,1
60,1779936096705,0.0013940382857100002,-0.0331228426286,-0.0004014726857000505,1
61,1779936096707,0.0013940382857100002,-0.0331228426286,-0.0004014726857000505,1
62,1779936096710,0.0013940382857100002,-0.0331228426286,-0.0004014726857000505,1
63,1779936096713,0.0011483382857099995,-0.0329083426286,3.922731430002109e-05,1
64,1779936096715,0.0011483382857099995,-0.0329083426286,3.922731430002109e-05,1
65,1779936096718,0.0011483382857099995,-0.0329083426286,3.922731430002109e-05,1
66,1779936096721,0.0009494382857099994,-0.0332554426286,0.00011332731429998695,1
67,1779936096724,0.0009494382857099994,-0.0332554426286,0.00011332731429998695,1
68,1779936096726,0.0009494382857099994,-0.0332554426286,0.00011332731429998695,1
69,1779936096729,0.0013316382857099995,-0.0327094426286,-0.0006627726857000703,1
70,1779936096732,0.0013316382857099995,-0.0327094426286,-0.0006627726857000703,1
71,1779936096734,0.0013316382857099995,-0.0327094426286,-0.0006627726857000703,1
72,1779936096737,0.0012692382857099997,-0.0330955426286,-0.0002766726857000145,1
73,1779936096740,0.0012692382857099997,-0.0330955426286,-0.0002766726857000145,1
74,1779936096743,0.0008090382857099997,-0.0329161426286,-0.0005028726856999687,1
75,1779936096746,0.0008090382857099997,-0.0329161426286,-0.0005028726856999687,1
76,1779936096749,0.0008090382857099997,-0.0329161426286,-0.0005028726856999687,1
77,1779936096753,0.00036443828570999984,-0.0330838426286,-3.8772685700001405e-05,1
78,1779936096755,0.00036443828570999984,-0.0330838426286,-3.8772685700001405e-05,1
79,1779936096758,0.00036443828570999984,-0.0330838426286,-3.8772685700001405e-05,1
80,1779936096761,0.0010664382857100002,-0.0334582426286,-0.0008421726857000111,1
81,1779936096763,0.0010664382857100002,-0.0334582426286,-0.0008421726857000111,1
82,1779936096766,0.0010664382857100002,-0.0334582426286,-0.0008421726857000111,1
83,1779936096769,0.0011834382857100001,-0.0329200426286,-0.0006861726856999661,1
84,1779936096771,0.0011834382857100001,-0.0329200426286,-0.0006861726856999661,1
85,1779936096774,0.0011834382857100001,-0.0329200426286,-0.0006861726856999661,1
86,1779936096777,0.0009611382857100002,-0.0330097426286,-0.0001947726857000464,1
87,1779936096780,0.0009611382857100002,-0.0330097426286,-0.0001947726857000464,1
88,1779936096782,0.0009611382857100002,-0.0330097426286,-0.0001947726857000464,1
89,1779936096785,0.0006218382857099995,-0.0325807426286,3.922731430002109e-05,1
90,1779936096788,0.0006218382857099995,-0.0325807426286,3.922731430002109e-05,1
91,1779936096790,0.0006218382857099995,-0.0325807426286,3.922731430002109e-05,1
92,1779936096794,0.00119513828571,-0.0326860426286,-0.0005145726857000276,1
93,1779936096796,0.00119513828571,-0.0326860426286,-0.0005145726857000276,1
94,1779936096799,0.00119513828571,-0.0326392426286,-2.7072685700053542e-05,1
95,1779936096802,0.0008558382857100002,-0.0326392426286,-2.7072685700053542e-05,1
96,1779936096804,0.0008558382857100002,-0.0326392426286,-2.7072685700053542e-05,1
97,1779936096807,0.0008558382857100002,-0.0326665426286,0.0002303273143000207,1
98,1779936096810,0.0010157382857099995,-0.0326665426286,0.0002303273143000207,1
99,1779936096813,0.0010157382857099995,-0.0326665426286,0.0002303273143000207,1
100,1779936096815,0.0010781382857100001,-0.0328147426286,-0.0009201726857000336,1
101,1779936096818,0.0010781382857100001,-0.0328147426286,-0.0009201726857000336,1
102,1779936096821,0.0010781382857100001,-0.0328147426286,-0.0009201726857000336,1
103,1779936096823,0.00126143828571,-0.033380242628599996,-0.0007758726857000475,1
104,1779936096826,0.00126143828571,-0.033380242628599996,-0.0007758726857000475,1
105,1779936096829,0.00126143828571,-0.033380242628599996,-0.0007758726857000475,1
106,1779936096832,0.0003098382857099997,-0.0330487426286,6.262731430002784e-05,1
107,1779936096835,0.0003098382857099997,-0.0330487426286,6.262731430002784e-05,1
108,1779936096837,0.0003098382857099997,-0.0330487426286,6.262731430002784e-05,1
109,1779936096840,0.0004970382857099999,-0.0333217426286,0.00046042731430003155,1
110,1779936096843,0.0004970382857099999,-0.0333217426286,0.00046042731430003155,1
111,1779936096846,0.0004970382857099999,-0.0333217426286,0.00046042731430003155,1
112,1779936096849,0.0009416382857099998,-0.032756242628599996,-0.000791472685700052,1
113,1779936096851,0.0009416382857099998,-0.032756242628599996,-0.000791472685700052,1
114,1779936096854,0.0009416382857099998,-0.032756242628599996,-0.000791472685700052,1
115,1779936096857,0.0010040382857099996,-0.0327913426286,2.2731430000984265e-07,1
116,1779936096859,0.0010040382857099996,-0.0327913426286,2.2731430000984265e-07,1
117,1779936096862,0.0010040382857099996,-0.0327913426286,2.2731430000984265e-07,1
118,1779936096865,0.0009260382857099996,-0.0327133426286,0.00019522731429995506,1
119,1779936096868,0.0009260382857099996,-0.0327133426286,0.00019522731429995506,1
120,1779936096871,0.0009260382857099996,-0.0327133426286,0.00019522731429995506,1
121,1779936096873,0.0015734382857099998,-0.0325573426286,-0.000479472685700073,1
122,1779936096876,0.0015734382857099998,-0.0325573426286,-0.000479472685700073,1
123,1779936096880,0.0017411382857099996,-0.0329902426286,-0.000697872685700025,2
124,1779936096889,0.0017411382857099996,-0.0329902426286,-0.000697872685700025,2
0,1779936096926,0.0009494382857099994,-0.0330292426286,-0.0007329726856999796,1
1,1779936096936,0.0013238382857099999,-0.0333217426286,-0.0003702726857000415,1
2,1779936096996,0.0009650382857099996,-0.033044842628599996,0.0001367273142999937,1
3,1779936096999,1.7338285709999485e-05,-0.0327094426286,0.0011273273142999463,1
4,1779936097002,0.00020843828570999996,-0.0325924426286,0.0007802273143000128,1
5,1779936097004,0.00020843828570999996,-0.0325924426286,0.0007802273143000128,1
6,1779936097007,0.00020843828570999996,-0.0325924426286,-0.001778172685700059,1
7,1779936097010,0.0013940382857100002,-0.0324715426286,-0.001778172685700059,1
8,1779936097013,0.0013940382857100002,-0.0324715426286,-0.001778172685700059,1
9,1779936097016,0.0012692382857099997,-0.0327679426286,-0.0009045726857000291,1
10,1779936097020,0.0012692382857099997,-0.0327679426286,-0.0009045726857000291,1
11,1779936097023,0.0012692382857099997,-0.0327679426286,-0.0009045726857000291,1
12,1779936097025,0.0009884382857099994,-0.032896642628599995,0.00038242731430000905,1
13,1779936097028,0.0009884382857099994,-0.032896642628599995,0.00038242731430000905,1
14,1779936097031,0.0009884382857099994,-0.032896642628599995,0.00038242731430000905,1
15,1779936097034,0.00126143828571,-0.0331111426286,-0.00026497268570006664,1
16,1779936097036,0.00126143828571,-0.0331111426286,-0.00026497268570006664,1
17,1779936097039,0.00126143828571,-0.0331111426286,-0.00026497268570006664,1
18,1779936097042,0.0014135382857099997,-0.033044842628599996,-0.000573072685699989,1
19,1779936097044,0.0014135382857099997,-0.033044842628599996,-0.000573072685699989,1
20,1779936097047,0.0014135382857099997,-0.033044842628599996,-0.000573072685699989,1
21,1779936097050,0.0011483382857099995,-0.032947342628599996,-0.0006432726857000092,1
22,1779936097053,0.0011483382857099995,-0.032947342628599996,-0.0006432726857000092,1
23,1779936097055,0.0011483382857099995,-0.032947342628599996,0.0001367273142999937,1
24,1779936097058,0.0005984382857099997,-0.0329980426286,0.0001367273142999937,1
25,1779936097061,0.0005984382857099997,-0.0329980426286,0.0001367273142999937,1
26,1779936097064,0.0011912382857099998,-0.0326470426286,0.00028882731429998205,1
27,1779936097067,0.0011912382857099998,-0.0326470426286,0.00028882731429998205,1
28,1779936097070,0.0011912382857099998,-0.0326470426286,0.00028882731429998205,1
29,1779936097072,0.0005594382857099997,-0.0329707426286,0.0003317273142999389,1
30,1779936097075,0.0005594382857099997,-0.0329707426286,0.0003317273142999389,1
31,1779936097078,0.0005594382857099997,-0.0329707426286,0.0003317273142999389,1
32,1779936097081,0.00115613828571,-0.0326392426286,-0.0005964726856999957,1
33,1779936097084,0.00115613828571,-0.0326392426286,-0.0005964726856999957,1
34,1779936097086,0.00115613828571,-0.0326392426286,-0.0005964726856999957,1
35,1779936097089,0.00084023828571,-0.0324091426286,-0.0006783726856999638,1
36,1779936097092,0.00084023828571,-0.0324091426286,-0.0006783726856999638,1
37,1779936097095,0.00084023828571,-0.0324091426286,-0.0006783726856999638,1
38,1779936097098,0.00070763828571,-0.032799142628599995,-0.0006744726857000182,1
39,1779936097101,0.00070763828571,-0.032799142628599995,-0.0006744726857000182,1
40,1779936097104,0.00070763828571,-0.0331111426286,-0.0007368726857000362,1
41,1779936097107,0.0008675382857100001,-0.0331111426286,-0.0007368726857000362,1
42,1779936097110,0.0008675382857100001,-0.0331111426286,-0.0007368726857000362,1
43,1779936097113,0.0012536382857099996,-0.0335401426286,-0.0005028726856999687,1
44,1779936097116,0.0012536382857099996,-0.0335401426286,-0.0005028726856999687,1
45,1779936097119,0.0012536382857099996,-0.0335401426286,-0.0005028726856999687,1
46,1779936097122,0.0007700382857099997,-0.0336337426286,-0.00026887268570001226,1
47,1779936097125,0.0007700382857099997,-0.0336337426286,-0.00026887268570001226,1
48,1779936097128,0.0007700382857099997,-0.0336337426286,-0.000385872685700046,1
49,1779936097130,0.00059063828571,-0.0333373426286,-0.000385872685700046,1
50,1779936097133,0.00059063828571,-0.0333373426286,-0.000385872685700046,1
51,1779936097136,0.00059063828571,-0.0332788426286,-0.0006003726857000524,1
52,1779936097139,0.0005984382857099997,-0.0332788426286,-0.0006003726857000524,1
53,1779936097142,0.0005984382857099997,-0.0332788426286,-0.0006003726857000524,1
54,1779936097145,0.0009338382857100001,-0.0327913426286,-0.0005262726856999755,1
55,1779936097147,0.0009338382857100001,-0.0327913426286,-0.0005262726856999755,1
56,1779936097150,0.0009338382857100001,-0.0327913426286,-0.0005262726856999755,1
57,1779936097153,0.0011834382857100001,-0.032510542628599995,0.00011722731429993256,1
58,1779936097156,0.0011834382857100001,-0.032510542628599995,0.00011722731429993256,1
59,1779936097158,0.0011834382857100001,-0.032510542628599995,0.00011722731429993256,1
60,1779936097161,0.0010664382857100002,-0.0325963426286,0.0006398273142999723,1
61,1779936097164,0.0010664382857100002,-0.0325963426286,0.0006398273142999723,1
62,1779936097167,0.0010664382857100002,-0.0325963426286,0.0006398273142999723,1
63,1779936097169,0.0016631382857099997,-0.0326275426286,-0.00036247268570003925,1
64,1779936097172,0.0016631382857099997,-0.0326275426286,-0.00036247268570003925,1
65,1779936097175,0.0016631382857099997,-0.0326275426286,-0.00036247268570003925,1
66,1779936097178,0.0008090382857099997,-0.0325339426286,-5.047268570006029e-05,1
67,1779936097180,0.0008090382857099997,-0.0325339426286,-5.047268570006029e-05,1
68,1779936097183,0.0008090382857099997,-0.0325339426286,-5.047268570006029e-05,1
69,1779936097186,0.0009533382857099997,-0.0323857426286,-0.0005223726857000299,1
70,1779936097189,0.0009533382857099997,-0.0323857426286,-0.0005223726857000299,1
71,1779936097192,0.0009533382857099997,-0.0323857426286,-0.0015480726857000481,1
72,1779936097195,0.0006647382857099997,-0.0328147426286,-0.0015480726857000481,1
73,1779936097198,0.0006647382857099997,-0.0328147426286,-0.0015480726857000481,1
74,1779936097202,0.0009611382857100002,-0.0331774426286,-0.0015129726856999825,1
75,1779936097204,0.0009611382857100002,-0.0331774426286,-0.0015129726856999825,1
76,1779936097207,0.0009611382857100002,-0.0331774426286,-0.0015129726856999825,1
77,1779936097210,0.0008714382857099995,-0.0338248426286,-0.0001167726857000239,1
78,1779936097213,0.0008714382857099995,-0.0338248426286,-0.0001167726857000239,1
79,1779936097215,0.0008714382857099995,-0.0338248426286,-0.0001167726857000239,1
80,1779936097218,0.0010391382857100001,-0.0337117426286,-0.0002142726856999965,1
81,1779936097221,0.0010391382857100001,-0.0337117426286,-0.0002142726856999965,1
82,1779936097224,0.0010391382857100001,-0.0337117426286,-0.0002142726856999965,1
83,1779936097226,0.00106253828571,-0.0336142426286,0.00022642731429996406,1
84,1779936097229,0.00106253828571,-0.0336142426286,0.00022642731429996406,1
85,1779936097232,0.00106253828571,-0.0336142426286,-0.0001323726857000284,1
86,1779936097235,0.0009377382857099995,-0.0333997426286,-0.0001323726857000284,1
87,1779936097238,0.0009377382857099995,-0.0333997426286,-0.0001323726857000284,1
88,1779936097241,0.0011912382857099998,-0.033524542628599996,-0.00013627268569997401,1
89,1779936097243,0.0011912382857099998,-0.033524542628599996,-0.00013627268569997401,1
90,1779936097246,0.0011912382857099998,-0.033524542628599996,-0.00013627268569997401,1
91,1779936097249,0.0010937382857099994,-0.0328810426286,0.00032002731429999105,1
92,1779936097252,0.0010937382857099994,-0.0328810426286,0.00032002731429999105,1
93,1779936097255,0.0010937382857099994,-0.0328810426286,0.00032002731429999105,1
94,1779936097258,0.0013745382857099997,-0.0328810426286,-0.00010507268569996502,1
95,1779936097260,0.0013745382857099997,-0.0328810426286,-0.00010507268569996502,1
96,1779936097263,0.0013745382857099997,-0.0328810426286,-0.00010507268569996502,1
97,1779936097266,0.00099623828571,-0.0325456426286,-0.0004950726856999665,1
98,1779936097269,0.00099623828571,-0.0325456426286,-0.0004950726856999665,1
99,1779936097272,0.00099623828571,-0.0325456426286,-0.0004950726856999665,1
100,1779936097274,0.0009767382857099995,-0.0322804426286,-0.0009240726856999792,1
101,1779936097277,0.0009767382857099995,-0.0322804426286,-0.0009240726856999792,1
102,1779936097280,0.0009767382857099995,-0.0322804426286,-0.0004053726856999961,1
103,1779936097283,0.0004775382857099995,-0.0323389426286,-0.0004053726856999961,1
104,1779936097286,0.0004775382857099995,-0.0323389426286,-0.0004053726856999961,1
105,1779936097288,0.0012146382857099996,-0.0324325426286,-0.0013803726857000553,1
106,1779936097292,0.0012146382857099996,-0.0324325426286,-0.0013803726857000553,1
107,1779936097295,0.0012146382857099996,-0.0324325426286,-0.0013803726857000553,1
108,1779936097298,0.0007388382857099994,-0.032756242628599996,-0.0010995726856999743,1
109,1779936097303,0.0007388382857099994,-0.032756242628599996,-0.0010995726856999743,1
110,1779936097306,0.0011990382857099994,-0.033235942628599996,-0.0007719726856999908,1
111,1779936097308,0.0011990382857099994,-0.033235942628599996,-0.0007719726856999908,1
112,1779936097311,0.0011990382857099994,-0.033235942628599996,-0.0007719726856999908,1
113,1779936097314,0.00108983828571,-0.0335362426286,0.00016012731430000045,1
114,1779936097316,0.00108983828571,-0.0335362426286,0.00016012731430000045,1
115,1779936097319,0.00108983828571,-0.0335362426286,0.00016012731430000045,1
116,1779936097322,0.00124583828571,-0.033376342628599995,0.0006749273142999269,1
117,1779936097325,0.00124583828571,-0.033376342628599995,0.0006749273142999269,1
118,1779936097327,0.00124583828571,-0.033376342628599995,0.0006749273142999269,1
119,1779936097330,0.00110153828571,-0.0336337426286,0.0013106273142999437,1
120,1779936097333,0.00110153828571,-0.0336337426286,0.0013106273142999437,1
121,1779936097336,0.00110153828571,-0.0336337426286,0.0013106273142999437,1
122,1779936097339,0.0010976382857099997,-0.0331579426286,0.0008582273143000353,1
123,1779936097342,0.0010976382857099997,-0.0331579426286,0.0008582273143000353,1
124,1779936097344,0.0010976382857099997,-0.0331579426286,0.0006398273142999723,1
0,1779936097409,0.00059063828571,-0.0327757426286,-0.002066772685700031,1
1,1779936097443,0.0016748382857099996,-0.0328420426286,0.0008465273142999764,1
2,1779936097446,0.0016748382857099996,-0.0328420426286,0.0008465273142999764,1
3,1779936097449,0.0016748382857099996,-0.0328420426286,0.0008465273142999764,1
4,1779936097451,0.0012848382857099999,-0.0324013426286,0.00010162731429992806,1
5,1779936097454,0.0012848382857099999,-0.0324013426286,0.00010162731429992806,1
6,1779936097457,0.0006101382857099996,-0.0321322426286,-0.0009708726856999927,1
7,1779936097460,0.0006101382857099996,-0.0321322426286,-0.0009708726856999927,1
8,1779936097462,0.0006101382857099996,-0.0321322426286,-0.0009708726856999927,1
9,1779936097465,0.0008987382857099996,-0.0320659426286,-0.002222772685699965,1
10,1779936097468,0.0008987382857099996,-0.0320659426286,-0.002222772685699965,1
11,1779936097471,0.0008987382857099996,-0.0320659426286,-0.002222772685699965,1
12,1779936097473,0.00032543828570999987,-0.0323038426286,-0.001528572685699987,1
13,1779936097476,0.00032543828570999987,-0.0323038426286,-0.001528572685699987,1
14,1779936097479,0.00032543828570999987,-0.0323038426286,-0.001528572685699987,1
15,1779936097482,0.00035273828570999994,-0.0329707426286,-0.0013062726856999784,1
16,1779936097485,0.00035273828570999994,-0.0329707426286,-0.0013062726856999784,1
17,1779936097488,0.00035273828570999994,-0.0329707426286,-0.0013062726856999784,1
18,1779936097491,0.0003605382857099996,-0.0331813426286,-0.00035077268569998037,1
19,1779936097494,0.0003605382857099996,-0.0331813426286,-0.00035077268569998037,1
20,1779936097496,0.0003605382857099996,-0.0331813426286,-0.00035077268569998037,1
21,1779936097499,0.0013745382857099997,-0.0335479426286,-0.00042877268570000286,1
22,1779936097502,0.0013745382857099997,-0.0335479426286,-0.00042877268570000286,1
23,1779936097504,0.0013745382857099997,-0.0335479426286,-0.00042877268570000286,1
24,1779936097507,0.0010196382857099997,-0.0336298426286,0.0008309273142999719,1
25,1779936097510,0.0010196382857099997,-0.0336298426286,0.0008309273142999719,1
26,1779936097513,0.0010196382857099997,-0.0336298426286,0.0006905273142999314,1
27,1779936097516,0.0015305382857099996,-0.0335167426286,0.0006905273142999314,1
28,1779936097519,0.0015305382857099996,-0.0335167426286,0.0006905273142999314,1
29,1779936097521,0.0012146382857099996,-0.0334465426286,0.0006476273142999745,1
30,1779936097524,0.0012146382857099996,-0.0334465426286,0.0006476273142999745,1
31,1779936097527,0.0012146382857099996,-0.0334465426286,0.0006476273142999745,1
32,1779936097530,0.0016124382857099998,-0.032896642628599995,-4.6572685700003655e-05,1
33,1779936097532,0.0016124382857099998,-0.032896642628599995,-4.6572685700003655e-05,1
34,1779936097535,0.0016124382857099998,-0.032896642628599995,-4.6572685700003655e-05,1
35,1779936097538,0.0011873382857099995,-0.0325651426286,-0.000417072685700055,1
36,1779936097541,0.0011873382857099995,-0.0325651426286,-0.000417072685700055,1
37,1779936097544,0.0011873382857099995,-0.0325651426286,-0.000417072685700055,1
38,1779936097546,0.0008987382857099996,-0.0324949426286,-0.0013062726856999784,1
39,1779936097549,0.0008987382857099996,-0.0324949426286,-0.0013062726856999784,1
40,1779936097552,0.0008987382857099996,-0.0324949426286,-0.0013062726856999784,1
41,1779936097554,0.0007817382857099996,-0.032654842628599995,-0.0014778726857000279,1
42,1779936097557,0.0007817382857099996,-0.032654842628599995,-0.0014778726857000279,1
43,1779936097560,0.0007817382857099996,-0.032654842628599995,-0.0014778726857000279,1
44,1779936097563,0.00048143828570999976,-0.0326041426286,-0.001103472685700031,1
45,1779936097566,0.00048143828570999976,-0.0326041426286,-0.001103472685700031,1
46,1779936097569,0.00048143828570999976,-0.0326041426286,-0.001103472685700031,1
47,1779936097572,0.0007271382857099995,-0.032561242628599996,-0.0010878726857000264,1
48,1779936097575,0.0007271382857099995,-0.032561242628599996,-0.0010878726857000264,1
49,1779936097578,0.0006062382857100002,-0.0326977426286,-0.0001479726857000329,1
50,1779936097581,0.0006062382857100002,-0.0326977426286,-0.0001479726857000329,1
51,1779936097584,0.0006062382857100002,-0.0326977426286,-0.0001479726857000329,1
52,1779936097587,0.0011132382857099998,-0.0329785426286,-5.4372685700005904e-05,1
53,1779936097590,0.0011132382857099998,-0.0329785426286,-5.4372685700005904e-05,1
54,1779936097593,0.0011132382857099998,-0.0329785426286,-5.4372685700005904e-05,1
55,1779936097596,0.00114053828571,-0.0331150426286,0.0005033273142999884,1
56,1779936097599,0.00114053828571,-0.0331150426286,0.0005033273142999884,1
57,1779936097601,0.0015968382857099997,-0.033232042628599995,-4.267268570005804e-05,1
58,1779936097604,0.0015968382857099997,-0.033232042628599995,-4.267268570005804e-05,1
59,1779936097607,0.0015968382857099997,-0.033232042628599995,-4.267268570005804e-05,1
60,1779936097610,0.001745038285709999,-0.0333724426286,0.0003902273143000113,2
61,1779936097612,0.001745038285709999,-0.0333724426286,0.0003902273143000113,2
62,1779936097615,0.001745038285709999,-0.0333724426286,0.0003902273143000113,2
63,1779936097618,0.0012107382857100002,-0.0330487426286,-7.387268570006704e-05,1
64,1779936097621,0.0012107382857100002,-0.0330487426286,-7.387268570006704e-05,1
65,1779936097624,0.0012107382857100002,-0.0330487426286,-7.387268570006704e-05,1
66,1779936097626,0.00046973828570999986,-0.0330097426286,0.00025372731430002744,1
67,1779936097629,0.00046973828570999986,-0.0330097426286,0.00025372731430002744,1
68,1779936097632,0.00046973828570999986,-0.0330097426286,0.00025372731430002744,1
69,1779936097635,0.0007973382857099998,-0.032900542628599996,-0.0008694726856999634,1
70,1779936097638,0.0007973382857099998,-0.032900542628599996,-0.0008694726856999634,1
71,1779936097640,0.0007973382857099998,-0.032900542628599996,-0.0008694726856999634,1
72,1779936097643,0.00016553828570999973,-0.0324949426286,-0.0010176726857000062,1
73,1779936097646,0.00016553828570999973,-0.0324949426286,-0.0010176726857000062,1
74,1779936097649,0.00016553828570999973,-0.0324949426286,-0.0010176726857000062,1
75,1779936097651,0.0006491382857099996,-0.0323428426286,-0.0007485726856999841,1
76,1779936097654,0.0006491382857099996,-0.0323428426286,-0.0007485726856999841,1
77,1779936097657,0.0006491382857099996,-0.0323428426286,-0.0010956726857000287,1
78,1779936097660,0.0009923382857099997,-0.0324481426286,-0.0010956726857000287,1
79,1779936097663,0.0009923382857099997,-0.0324481426286,-0.0010956726857000287,1
80,1779936097666,0.00120683828571,-0.032611942628599996,-0.0007719726856999908,1
81,1779936097668,0.00120683828571,-0.032611942628599996,-0.0007719726856999908,1
82,1779936097672,0.00120683828571,-0.032611942628599996,-0.0007719726856999908,1
83,1779936097674,0.00162803828571,-0.0326938426286,-0.0002961726856999646,1
84,1779936097677,0.00162803828571,-0.0326938426286,-0.0002961726856999646,1
85,1779936097680,0.00162803828571,-0.0326938426286,-0.0002961726856999646,1
86,1779936097683,0.0012809382857099996,-0.0325261426286,0.0004526273143000293,1
87,1779936097686,0.0012809382857099996,-0.0325261426286,0.0004526273143000293,1
88,1779936097689,0.0012809382857099996,-0.0325261426286,0.0004526273143000293,1
89,1779936097691,0.0010586382857099997,-0.0329200426286,0.00041752731429996366,1
90,1779936097694,0.0010586382857099997,-0.0329200426286,0.00041752731429996366,1
91,1779936097697,0.0010586382857099997,-0.0329200426286,0.00041752731429996366,1
92,1779936097700,0.0006062382857100002,-0.0330019426286,0.0002342273142999663,1
93,1779936097702,0.0006062382857100002,-0.0330019426286,0.0002342273142999663,1
94,1779936097705,0.0006062382857100002,-0.0330019426286,-0.00045997268570001186,1
95,1779936097708,0.0006530382857099998,-0.0334426426286,-0.00045997268570001186,1
96,1779936097711,0.0006530382857099998,-0.0334426426286,-0.00045997268570001186,1
97,1779936097714,0.0004892382857099994,-0.0337234426286,-0.0002766726857000145,1
98,1779936097716,0.0004892382857099994,-0.0337234426286,-0.0002766726857000145,1
99,1779936097719,0.0004892382857099994,-0.0337234426286,-0.0002766726857000145,1
100,1779936097722,0.0009104382857099995,-0.0341095426286,-0.0009474726856999859,1
101,1779936097725,0.0009104382857099995,-0.0341095426286,-0.0009474726856999859,1
102,1779936097727,0.0009104382857099995,-0.0341095426286,-0.0009474726856999859,1
103,1779936097730,0.0007700382857099997,-0.0339808426286,-0.0004911726857000209,1
104,1779936097733,0.0007700382857099997,-0.0339808426286,-0.0004911726857000209,1
105,1779936097736,0.0007700382857099997,-0.0339808426286,-0.0004911726857000209,1
106,1779936097739,0.00112883828571,-0.0332086426286,-0.0006159726857000569,1
107,1779936097742,0.00112883828571,-0.0332086426286,-0.0006159726857000569,1
108,1779936097744,0.00112883828571,-0.0332086426286,-0.0006159726857000569,1
109,1779936097747,0.0006803382857099999,-0.0325027426286,-0.00013627268569997401,1
110,1779936097750,0.0006803382857099999,-0.0325027426286,-0.00013627268569997401,1
111,1779936097753,0.0006803382857099999,-0.0325027426286,-0.00013627268569997401,1
112,1779936097755,0.00098453828571,-0.0323935426286,-0.0004053726856999961,1
113,1779936097758,0.00098453828571,-0.0323935426286,-0.0004053726856999961,1
114,1779936097761,0.00098453828571,-0.0323935426286,-6.99726857000104e-05,1
115,1779936097764,0.0014642382857099996,-0.0322687426286,-6.99726857000104e-05,1
116,1779936097767,0.0014642382857099996,-0.0322687426286,-6.99726857000104e-05,1
117,1779936097771,0.0011756382857099996,-0.0324598426286,0.00011722731429993256,1
118,1779936097773,0.0011756382857099996,-0.0324598426286,0.00011722731429993256,1
119,1779936097776,0.0011756382857099996,-0.0324598426286,0.00011722731429993256,1
120,1779936097779,0.0013433382857099994,-0.032849842628599996,-0.0001167726857000239,1
121,1779936097782,0.0013433382857099994,-0.032849842628599996,-0.0001167726857000239,1
122,1779936097784,0.0013433382857099994,-0.032849842628599996,-0.0001167726857000239,1
123,1779936097787,0.0010391382857100001,-0.0333490426286,-4.267268570005804e-05,1
124,1779936097790,0.0010391382857100001,-0.0333490426286,-4.267268570005804e-05,1
0,1779936097888,0.0009338382857100001,-0.0323116426286,-0.00044047268570006175,1
1,1779936097891,0.0006998382857099994,-0.0322297426286,-0.0016923726857000342,1
2,1779936097893,0.0006998382857099994,-0.0322297426286,-0.0016923726857000342,1
3,1779936097896,0.0006998382857099994,-0.0322297426286,-0.0016923726857000342,1
4,1779936097899,0.0010352382857099999,-0.0330526426286,-0.0020199726857000177,1
5,1779936097902,0.0010352382857099999,-0.0330526426286,-0.0020199726857000177,1
6,1779936097904,0.0010352382857099999,-0.0330526426286,-0.0020199726857000177,1
7,1779936097907,0.00073493828571,-0.0333607426286,-0.0009435726857000403,1
8,1779936097910,0.00073493828571,-0.0333607426286,-0.0009435726857000403,1
9,1779936097912,0.00073493828571,-0.0333607426286,-0.0009435726857000403,1
10,1779936097915,0.0012380382857099994,-0.0333217426286,-0.0007446726857000385,1
11,1779936097919,0.0012380382857099994,-0.0333217426286,-0.0007446726857000385,1
12,1779936097921,0.0012380382857099994,-0.0333217426286,-0.0007446726857000385,1
13,1779936097924,0.0011522382857099998,-0.0337117426286,-8.55726857000149e-05,1
14,1779936097927,0.0011522382857099998,-0.0337117426286,-8.55726857000149e-05,1
15,1779936097929,0.0011522382857099998,-0.0337117426286,-8.55726857000149e-05,1
16,1779936097932,0.00110153828571,-0.0329668426286,-0.00035077268569998037,1
17,1779936097935,0.00110153828571,-0.0329668426286,-0.00035077268569998037,1
18,1779936097938,0.00110153828571,-0.0329668426286,-0.00035077268569998037,1
19,1779936097940,0.0004892382857099994,-0.0330721426286,0.0010142273142999692,1
20,1779936097943,0.0004892382857099994,-0.0330721426286,0.0010142273142999692,1
21,1779936097946,0.0004892382857099994,-0.0326041426286,-8.947268570007154e-05,1
22,1779936097949,0.0009026382857099998,-0.0326041426286,-8.947268570007154e-05,1
23,1779936097951,0.0009026382857099998,-0.0326041426286,-8.947268570007154e-05,1
24,1779936097954,0.0013277382857100001,-0.0326392426286,-0.00020647268569999426,1
25,1779936097957,0.0013277382857100001,-0.0326392426286,-0.00020647268569999426,1
26,1779936097960,0.0013277382857100001,-0.0326392426286,-0.00020647268569999426,1
27,1779936097963,0.0013199382857099996,-0.0326041426286,-0.0005028726856999687,1
28,1779936097965,0.0013199382857099996,-0.0326041426286,-0.0005028726856999687,1
29,1779936097968,0.0013199382857099996,-0.0326041426286,-0.0005028726856999687,1
30,1779936097971,0.0008207382857099996,-0.0325183426286,-0.00014407268569997626,1
31,1779936097974,0.0008207382857099996,-0.0325183426286,-0.00014407268569997626,1
32,1779936097977,0.0008207382857099996,-0.0325183426286,-0.00014407268569997626,1
33,1779936097979,0.00106253828571,-0.0323350426286,-0.0013257726857000395,1
34,1779936097982,0.00106253828571,-0.0323350426286,-0.0013257726857000395,1
35,1779936097985,0.00106253828571,-0.0323350426286,-0.0013257726857000395,1
36,1779936097988,0.0011990382857099994,-0.0322570426286,-0.001778172685700059,1
37,1779936097990,0.0011990382857099994,-0.0322570426286,-0.001778172685700059,1
38,1779936097993,0.0011990382857099994,-0.0322570426286,-0.001778172685700059,1
39,1779936097996,0.00041903828571,-0.032658742628599996,-0.0003273726856999736,1
40,1779936097998,0.00041903828571,-0.032658742628599996,-0.0003273726856999736,1
41,1779936098001,0.00041903828571,-0.032658742628599996,-0.0003273726856999736,1
42,1779936098004,0.00011483828570999985,-0.032799142628599995,0.0005189273142999929,1
43,1779936098007,0.00011483828570999985,-0.032799142628599995,0.0005189273142999929,1
44,1779936098009,0.00011483828570999985,-0.032799142628599995,0.0005189273142999929,1
45,1779936098012,0.0007583382857099998,-0.0333919426286,-0.00012847268569997176,1
46,1779936098015,0.0007583382857099998,-0.0333919426286,-0.00012847268569997176,1
47,1779936098017,0.0007583382857099998,-0.0333919426286,-0.00012847268569997176,1
48,1779936098020,0.0017372382857100003,-0.033185242628599995,-0.0007407726856999818,2
49,1779936098023,0.0017372382857100003,-0.033185242628599995,-0.0007407726856999818,2
50,1779936098026,0.0017372382857100003,-0.033185242628599995,-0.0007407726856999818,2
51,1779936098029,0.0006881382857099995,-0.0339340426286,0.001568027314300018,1
52,1779936098031,0.0006881382857099995,-0.0339340426286,0.001568027314300018,1
53,1779936098034,0.0006881382857099995,-0.0339340426286,0.00011722731429993256,1
54,1779936098037,0.0014291382857099999,-0.033454342628599996,0.00011722731429993256,1
55,1779936098040,0.0014291382857099999,-0.033454342628599996,0.00011722731429993256,1
56,1779936098042,0.0016865382857099995,-0.0333880426286,-0.0007251726856999773,1
57,1779936098045,0.0016865382857099995,-0.0333880426286,-0.0007251726856999773,1
58,1779936098048,0.0016865382857099995,-0.0333880426286,-0.0007251726856999773,1
59,1779936098051,0.0011093382857099996,-0.0327718426286,-0.00021817268570005315,1
60,1779936098054,0.0011093382857099996,-0.0327718426286,-0.00021817268570005315,1
61,1779936098056,0.0011093382857099996,-0.0327718426286,-0.00021817268570005315,1
62,1779936098059,0.00034103828571000003,-0.0324754426286,-2.7072685700053542e-05,1
63,1779936098062,0.00034103828571000003,-0.0324754426286,-2.7072685700053542e-05,1
64,1779936098065,0.00034103828571000003,-0.0324754426286,-2.7072685700053542e-05,1
65,1779936098068,0.0004892382857099994,-0.032416942628599996,-0.0014700726857000256,1
66,1779936098071,0.0004892382857099994,-0.032416942628599996,-0.0014700726857000256,1
67,1779936098074,0.0004892382857099994,-0.032416942628599996,-0.0014700726857000256,1
68,1779936098076,0.0010079382857099998,-0.0326392426286,-0.0013608726856999941,1
69,1779936098079,0.0010079382857099998,-0.0326392426286,-0.0013608726856999941,1
70,1779936098082,0.0010079382857099998,-0.0326392426286,-0.0013608726856999941,1
71,1779936098085,0.0009221382857099994,-0.032756242628599996,-0.0007719726856999908,1
72,1779936098087,0.0009221382857099994,-0.032756242628599996,-0.0007719726856999908,1
73,1779936098090,0.0009221382857099994,-0.032756242628599996,0.0001367273142999937,1
74,1779936098093,0.0007388382857099994,-0.0332437426286,0.0001367273142999937,1
75,1779936098096,0.0007388382857099994,-0.0332437426286,0.0001367273142999937,1
76,1779936098099,0.0007388382857099994,-0.0332593426286,0.0002147273143000162,1
77,1779936098101,0.0012497382857100002,-0.0332593426286,0.0002147273143000162,1
78,1779936098104,0.0012497382857100002,-0.0332593426286,0.0002147273143000162,1
79,1779936098107,0.00110153828571,-0.0329980426286,0.000663227314299979,1
80,1779936098110,0.00110153828571,-0.0329980426286,0.000663227314299979,1
81,1779936098113,0.00110153828571,-0.0329980426286,0.000663227314299979,1
82,1779936098115,0.0011834382857100001,-0.0332203426286,0.0005852273142999565,1
83,1779936098118,0.0011834382857100001,-0.0332203426286,0.0005852273142999565,1
84,1779936098121,0.0011834382857100001,-0.0332203426286,0.0005852273142999565,1
85,1779936098123,0.0011483382857099995,-0.032467642628599996,0.00044872731429997266,1
86,1779936098126,0.0011483382857099995,-0.032467642628599996,0.00044872731429997266,1
87,1779936098129,0.0011483382857099995,-0.032467642628599996,0.00044872731429997266,1
88,1779936098132,0.0011327382857099994,-0.033091642628599996,-5.047268570006029e-05,1
89,1779936098135,0.0011327382857099994,-0.033091642628599996,-5.047268570006029e-05,1
90,1779936098138,0.0011327382857099994,-0.033091642628599996,-5.047268570006029e-05,1
91,1779936098140,0.0012770382857099994,-0.0330331426286,-0.0005535726857000389,1
92,1779936098143,0.0012770382857099994,-0.0330331426286,-0.0005535726857000389,1
93,1779936098146,0.0012770382857099994,-0.0330331426286,-0.0005535726857000389,1
94,1779936098149,0.0007310382857099998,-0.0331930426286,-0.0007134726857000295,1
95,1779936098151,0.0007310382857099998,-0.0331930426286,-0.0007134726857000295,1
96,1779936098154,0.0007310382857099998,-0.0331930426286,-0.0011190726857000354,1
97,1779936098157,0.0009299382857099999,-0.0329590426286,-0.0011190726857000354,1
98,1779936098160,0.0009299382857099999,-0.0329590426286,-0.0011190726857000354,1
99,1779936098162,0.0009299382857099999,-0.0329590426286,-0.0009630726856999904,1
100,1779936098165,0.0005984382857099997,-0.032705542628599996,-0.0009630726856999904,1
101,1779936098168,0.0005984382857099997,-0.032705542628599996,-0.0009630726856999904,1
102,1779936098171,0.0005984382857099997,-0.0329746426286,-0.0004677726857000141,1
103,1779936098173,0.0004736382857100001,-0.0329746426286,-0.0004677726857000141,1
104,1779936098176,0.0004736382857100001,-0.0329746426286,-0.0004677726857000141,1
105,1779936098179,0.0006101382857099996,-0.0328186426286,-0.0003078726857000235,1
106,1779936098182,0.0006101382857099996,-0.0328186426286,-0.0003078726857000235,1
107,1779936098185,0.0006101382857099996,-0.0328186426286,-0.0003078726857000235,1
108,1779936098187,0.0010859382857099998,-0.0332554426286,-2.7072685700053542e-05,1
109,1779936098190,0.0010859382857099998,-0.0332554426286,-2.7072685700053542e-05,1
110,1779936098193,0.0010859382857099998,-0.0332554426286,-2.7072685700053542e-05,1
111,1779936098196,0.0012692382857099997,-0.0331267426286,0.0006281273143000244,1
112,1779936098199,0.0012692382857099997,-0.0331267426286,0.0006281273143000244,1
113,1779936098202,0.0012692382857099997,-0.0331267426286,0.0006281273143000244,1
114,1779936098204,0.0012302382857099997,-0.033376342628599995,4.702731430002334e-05,1
115,1779936098207,0.0012302382857099997,-0.033376342628599995,4.702731430002334e-05,1
116,1779936098210,0.0012302382857099997,-0.033376342628599995,4.702731430002334e-05,1
117,1779936098213,0.0013199382857099996,-0.0330292426286,-0.0005535726857000389,1
118,1779936098215,0.0013199382857099996,-0.0330292426286,-0.0005535726857000389,1
119,1779936098218,0.0013199382857099996,-0.0330292426286,-0.0005535726857000389,1
120,1779936098221,0.0013316382857099995,-0.0331423426286,-6.217268570000815e-05,1
121,1779936098224,0.0013316382857099995,-0.0331423426286,-6.217268570000815e-05,1
122,1779936098227,0.0013316382857099995,-0.032849842628599996,-0.00011287268569996727,1
123,1779936098229,0.00115613828571,-0.032849842628599996,-0.00011287268569996727,1
124,1779936098232,0.00115613828571,-0.032849842628599996,-0.00011287268569996727,1
0,1779936098336,0.0009065382857100001,-0.032416942628599996,-0.0004365726857000051,1
1,1779936098339,0.0009065382857100001,-0.032416942628599996,-0.0004365726857000051,1
2,1779936098341,0.00116783828571,-0.0329200426286,7.43273142999757e-05,1
3,1779936098344,0.00116783828571,-0.0329200426286,7.43273142999757e-05,1
4,1779936098347,0.00116783828571,-0.0329200426286,0.0002030273142999573,1
5,1779936098349,0.0008558382857100002,-0.0326938426286,0.0002030273142999573,1
6,1779936098352,0.0008558382857100002,-0.0326938426286,0.0002030273142999573,1
7,1779936098355,0.0008558382857100002,-0.0326938426286,-0.0004872726856999642,1
8,1779936098357,0.00120683828571,-0.0332983426286,-0.0004872726856999642,1
9,1779936098360,0.00120683828571,-0.0332983426286,-0.0004872726856999642,1
10,1779936098363,0.00120683828571,-0.0332983426286,0.00035512731429994567,1
11,1779936098365,0.0008441382857099994,-0.0331618426286,0.00035512731429994567,1
12,1779936098368,0.0008441382857099994,-0.0331618426286,0.00035512731429994567,1
13,1779936098371,0.0008441382857099994,-0.0333568426286,0.00019132731430000945,1
14,1779936098374,0.00122243828571,-0.0333568426286,0.00019132731430000945,1
15,1779936098376,0.00122243828571,-0.0333568426286,0.00019132731430000945,1
16,1779936098379,0.00122243828571,-0.0333373426286,-0.0002883726857000734,1
17,1779936098382,0.0008285382857100001,-0.0333373426286,-0.0002883726857000734,1
18,1779936098385,0.0008285382857100001,-0.0333373426286,-0.0002883726857000734,1
19,1779936098388,0.0012419382857099997,-0.033087742628599995,-0.0007836726857000497,1
20,1779936098391,0.0012419382857099997,-0.033087742628599995,-0.0007836726857000497,1
21,1779936098393,0.0012419382857099997,-0.033087742628599995,-0.0007836726857000497,1
22,1779936098396,0.0011249382857099997,-0.0331111426286,-0.000448272685700064,1
23,1779936098399,0.0011249382857099997,-0.0331111426286,-0.000448272685700064,1
24,1779936098402,0.0011249382857099997,-0.0331111426286,-0.000448272685700064,1
25,1779936098405,0.0009689382857099998,-0.0327874426286,-0.00021817268570005315,1
26,1779936098408,0.0009689382857099998,-0.0327874426286,-0.00021817268570005315,1
27,1779936098410,0.0009689382857099998,-0.0327874426286,-0.00021817268570005315,1
28,1779936098413,0.0006998382857099994,-0.0329122426286,8.027314300012092e-06,1
29,1779936098416,0.0006998382857099994,-0.0329122426286,8.027314300012092e-06,1
30,1779936098418,0.0006998382857099994,-0.0329122426286,8.027314300012092e-06,1
31,1779936098421,0.00110153828571,-0.0324091426286,-0.0009669726857000471,1
32,1779936098424,0.00110153828571,-0.0324091426286,-0.0009669726857000471,1
33,1779936098427,0.00110153828571,-0.0324091426286,-0.0009669726857000471,1
34,1779936098429,0.0010157382857099995,-0.0325729426286,-0.0004872726856999642,1
35,1779936098432,0.0010157382857099995,-0.0325729426286,-0.0004872726856999642,1
36,1779936098435,0.0010157382857099995,-0.0322804426286,-0.00039367268570004825,1
37,1779936098438,0.0010547382857099994,-0.0322804426286,-0.00039367268570004825,1
38,1779936098441,0.0010547382857099994,-0.0322804426286,-0.00039367268570004825,1
39,1779936098444,0.0013940382857100002,-0.0330175426286,-0.0002571726857000644,1
40,1779936098446,0.0013940382857100002,-0.0330175426286,-0.0002571726857000644,1
41,1779936098449,0.0013940382857100002,-0.0330175426286,-0.0002571726857000644,1
42,1779936098452,0.00127313828571,-0.0327913426286,-0.000198672685699992,1
43,1779936098455,0.00127313828571,-0.0327913426286,-0.000198672685699992,1
44,1779936098457,0.00127313828571,-0.0327913426286,-0.000198672685699992,1
45,1779936098460,0.00148373828571,-0.0332515426286,-0.00015577268570003515,1
46,1779936098463,0.00148373828571,-0.0332515426286,-0.00015577268570003515,1
47,1779936098466,0.00148373828571,-0.0332515426286,-0.00015577268570003515,1
48,1779936098469,0.0006725382857100002,-0.0331033426286,0.0007646273143000083,1
49,1779936098471,0.0006725382857100002,-0.0331033426286,0.0007646273143000083,1
50,1779936098474,0.0006725382857100002,-0.0331033426286,0.0007646273143000083,1
51,1779936098477,0.0012770382857099994,-0.0332593426286,-0.0002103726857000509,1
52,1779936098480,0.0012770382857099994,-0.0332593426286,-0.0002103726857000509,1
53,1779936098482,0.0012770382857099994,-0.0332593426286,-0.0002103726857000509,1
54,1779936098485,0.00038783828570999965,-0.0333490426286,-0.000510672685699971,1
55,1779936098488,0.00038783828570999965,-0.0333490426286,-0.000510672685699971,1
56,1779936098491,0.00038783828570999965,-0.0333490426286,-0.000510672685699971,1
57,1779936098494,0.0009884382857099994,-0.0334582426286,-0.0009279726857000358,1
58,1779936098496,0.0009884382857099994,-0.0334582426286,-0.0009279726857000358,1
59,1779936098499,0.0009884382857099994,-0.0334582426286,-0.0004677726857000141,1
60,1779936098502,0.00070763828571,-0.0333529426286,-0.0004677726857000141,1
61,1779936098505,0.00070763828571,-0.0333529426286,-0.0004677726857000141,1
62,1779936098508,0.00108983828571,-0.0334660426286,-0.0007212726857000317,1
63,1779936098510,0.00108983828571,-0.0334660426286,-0.0007212726857000317,1
64,1779936098513,0.00108983828571,-0.0334660426286,-0.0007212726857000317,1
65,1779936098516,0.0008051382857099994,-0.0331462426286,0.00010162731429992806,1
66,1779936098519,0.0008051382857099994,-0.0331462426286,0.00010162731429992806,1
67,1779936098521,0.0008051382857099994,-0.0331462426286,0.00010162731429992806,1
68,1779936098524,0.0012497382857100002,-0.033087742628599995,-0.00026497268570006664,1
69,1779936098527,0.0012497382857100002,-0.033087742628599995,-0.00026497268570006664,1
70,1779936098530,0.0012497382857100002,-0.033087742628599995,-0.00026497268570006664,1
71,1779936098533,0.0010547382857099994,-0.0330370426286,-0.00011287268569996727,1
72,1779936098535,0.0010547382857099994,-0.0330370426286,-0.00011287268569996727,1
73,1779936098538,0.0010547382857099994,-0.0330370426286,-0.00011287268569996727,1
74,1779936098541,0.0010859382857099998,-0.0327133426286,-8.55726857000149e-05,1
75,1779936098544,0.0010859382857099998,-0.0327133426286,-8.55726857000149e-05,1
76,1779936098547,0.0010859382857099998,-0.0327133426286,-8.55726857000149e-05,1
77,1779936098549,0.0011834382857100001,-0.0328225426286,-0.0002727726857000689,1
78,1779936098552,0.0011834382857100001,-0.0328225426286,-0.0002727726857000689,1
79,1779936098555,0.0011834382857100001,-0.0328225426286,-0.00054187268569998,1
80,1779936098558,0.0008636382857099998,-0.0324520426286,-0.00054187268569998,1
81,1779936098561,0.0008636382857099998,-0.0324520426286,-0.00054187268569998,1
82,1779936098564,0.0008636382857099998,-0.0324520426286,-0.0006510726857000115,1
83,1779936098566,0.0011093382857099996,-0.0328303426286,-0.0006510726857000115,1
84,1779936098569,0.0011093382857099996,-0.0328303426286,-0.0006510726857000115,1
85,1779936098572,0.0008558382857100002,-0.0325378426286,-0.00026107268570001,1
86,1779936098575,0.0008558382857100002,-0.0325378426286,-0.00026107268570001,1
87,1779936098578,0.0008558382857100002,-0.0325378426286,-0.00026107268570001,1
88,1779936098580,0.0011522382857099998,-0.0331345426286,-0.0005340726856999777,1
89,1779936098583,0.0011522382857099998,-0.0331345426286,-0.0005340726856999777,1
90,1779936098586,0.0011522382857099998,-0.0331345426286,-0.0005340726856999777,1
91,1779936098589,0.0006413382857099999,-0.0330058426286,0.0001835273143000072,1
92,1779936098592,0.0006413382857099999,-0.0330058426286,0.0001835273143000072,1
93,1779936098594,0.0006413382857099999,-0.0330058426286,0.0001835273143000072,1
94,1779936098597,0.0014915382857099996,-0.0332944426286,-0.00036637268569998487,1
95,1779936098600,0.0014915382857099996,-0.0332944426286,-0.00036637268569998487,1
96,1779936098603,0.0014915382857099996,-0.0332944426286,-0.00036637268569998487,1
97,1779936098606,0.0008090382857099997,-0.0332203426286,0.0001562273142999438,1
98,1779936098608,0.0008090382857099997,-0.0332203426286,0.0001562273142999438,1
99,1779936098611,0.0008090382857099997,-0.0332203426286,0.0001562273142999438,1
100,1779936098614,0.00126143828571,-0.0333256426286,-0.000354672685700037,1
101,1779936098617,0.00126143828571,-0.0333256426286,-0.000354672685700037,1
102,1779936098619,0.00126143828571,-0.0333256426286,-0.00014407268569997626,1
103,1779936098622,0.0007856382857099999,-0.0330136426286,-0.00014407268569997626,1
104,1779936098625,0.0007856382857099999,-0.0330136426286,-0.00014407268569997626,1
105,1779936098628,0.0007856382857099999,-0.0328303426286,-0.0004833726857000186,1
106,1779936098631,0.00101183828571,-0.0328303426286,-0.0004833726857000186,1
107,1779936098633,0.00101183828571,-0.0328303426286,-0.0004833726857000186,1
108,1779936098636,0.0007271382857099995,-0.032994142628599996,6.652731429997345e-05,1
109,1779936098639,0.0007271382857099995,-0.032994142628599996,6.652731429997345e-05,1
110,1779936098642,0.0007271382857099995,-0.032994142628599996,6.652731429997345e-05,1
111,1779936098645,0.0010664382857100002,-0.032756242628599996,-0.00033127268570003025,1
112,1779936098647,0.0010664382857100002,-0.032756242628599996,-0.00033127268570003025,1
113,1779936098650,0.0010664382857100002,-0.032756242628599996,-0.00033127268570003025,1
114,1779936098653,0.0009416382857099998,-0.0329590426286,-0.0003273726856999736,1
115,1779936098656,0.0009416382857099998,-0.0329590426286,-0.0003273726856999736,1
116,1779936098658,0.0009416382857099998,-0.0329590426286,-0.0003273726856999736,1
117,1779936098661,0.0008090382857099997,-0.0326977426286,-0.0008343726857000088,1
118,1779936098664,0.0008090382857099997,-0.0326977426286,-0.0008343726857000088,1
119,1779936098667,0.0008090382857099997,-0.0326977426286,-0.0008343726857000088,1
120,1779936098669,0.0010196382857099997,-0.0326665426286,-0.0006471726857000659,1
121,1779936098672,0.0010196382857099997,-0.0326665426286,-0.0006471726857000659,1
122,1779936098675,0.0010196382857099997,-0.0326665426286,-0.0006471726857000659,1
123,1779936098678,0.0006062382857100002,-0.0329863426286,-0.0002259726857000554,1
124,1779936098680,0.0006062382857100002,-0.0329863426286,-0.0002259726857000554,1
0,1779936098776,0.0013589382857099996,-0.0331540426286,-0.0004638726857000685,1
1,1779936098779,0.0013589382857099996,-0.0331540426286,-0.0004638726857000685,1
2,1779936098782,0.0009806382857099998,-0.0327952426286,-0.0002259726857000554,1
3,1779936098785,0.0009806382857099998,-0.0327952426286,-0.0002259726857000554,1
4,1779936098787,0.0009806382857099998,-0.0327952426286,-0.0002259726857000554,1
5,1779936098790,0.00115613828571,-0.0330721426286,-3.8772685700001405e-05,1
6,1779936098793,0.00115613828571,-0.0330721426286,-3.8772685700001405e-05,1
7,1779936098795,0.00115613828571,-0.0330721426286,-3.8772685700001405e-05,1
8,1779936098798,0.0009533382857099997,-0.0328849426286,-5.827268570006254e-05,1
9,1779936098801,0.0009533382857099997,-0.0328849426286,-5.827268570006254e-05,1
10,1779936098804,0.0009533382857099997,-0.0328849426286,-5.827268570006254e-05,1
11,1779936098806,0.00099623828571,-0.0329395426286,-0.0005613726857000411,1
12,1779936098809,0.00099623828571,-0.0329395426286,-0.0005613726857000411,1
13,1779936098812,0.00099623828571,-0.0329395426286,-0.0005613726857000411,1
14,1779936098815,0.00084023828571,-0.0332203426286,8.99273142999802e-05,1
15,1779936098817,0.00084023828571,-0.0332203426286,8.99273142999802e-05,1
16,1779936098820,0.00084023828571,-0.0332203426286,-0.00010507268569996502,1
17,1779936098823,0.0010703382857099996,-0.0329044426286,-0.00010507268569996502,1
18,1779936098826,0.0010703382857099996,-0.0329044426286,-0.00010507268569996502,1
19,1779936098828,0.0010703382857099996,-0.0334972426286,0.00036682731430000455,1
20,1779936098831,0.0010859382857099998,-0.0334972426286,0.00036682731430000455,1
21,1779936098834,0.0010859382857099998,-0.0334972426286,0.00036682731430000455,1
22,1779936098836,0.0010859382857099998,-0.0328654426286,-0.00015577268570003515,1
23,1779936098839,0.0013433382857099994,-0.0328654426286,-0.00015577268570003515,1
24,1779936098842,0.0013433382857099994,-0.0328654426286,-0.00015577268570003515,1
25,1779936098845,0.00111713828571,-0.0326353426286,-0.0001518726856999785,1
26,1779936098848,0.00111713828571,-0.0326353426286,-0.0001518726856999785,1
27,1779936098851,0.00111713828571,-0.0326353426286,-0.0001518726856999785,1
28,1779936098853,0.0009767382857099995,-0.0321556426286,-0.0006393726857000636,1
29,1779936098856,0.0009767382857099995,-0.0321556426286,-0.0006393726857000636,1
30,1779936098859,0.0009767382857099995,-0.0321556426286,-0.0006393726857000636,1
31,1779936098862,0.0006218382857099995,-0.0323389426286,-0.0003390726857000325,1
32,1779936098865,0.0006218382857099995,-0.0323389426286,-0.0003390726857000325,1
33,1779936098867,0.0006218382857099995,-0.0323389426286,-0.0003390726857000325,1
34,1779936098870,0.0009533382857099997,-0.0325456426286,-0.0005145726857000276,1
35,1779936098873,0.0009533382857099997,-0.0325456426286,-0.0005145726857000276,1
36,1779936098876,0.0009533382857099997,-0.0325456426286,-0.0005145726857000276,1
37,1779936098878,0.0009416382857099998,-0.0331111426286,-0.0004014726857000505,1
38,1779936098881,0.0009416382857099998,-0.0331111426286,-0.0004014726857000505,1
39,1779936098884,0.0009416382857099998,-0.0331111426286,-0.0004014726857000505,1
40,1779936098886,0.0011093382857099996,-0.0334309426286,-0.00021817268570005315,1
41,1779936098889,0.0011093382857099996,-0.0334309426286,-0.00021817268570005315,1
42,1779936098892,0.0011093382857099996,-0.0334309426286,-0.00021817268570005315,1
43,1779936098895,0.0011054382857100002,-0.0337273426286,-0.00021817268570005315,1
44,1779936098897,0.0011054382857100002,-0.0337273426286,-0.00021817268570005315,1
45,1779936098900,0.0011054382857100002,-0.0337273426286,-0.00021817268570005315,1
46,1779936098903,0.0007700382857099997,-0.0336883426286,-0.00017527268569998526,1
47,1779936098907,0.0007700382857099997,-0.0336883426286,-0.00017527268569998526,1
48,1779936098909,0.00098453828571,-0.0335947426286,-0.00039757268569999386,1
49,1779936098912,0.00098453828571,-0.0335947426286,-0.00039757268569999386,1
50,1779936098915,0.00098453828571,-0.0335947426286,-0.00039757268569999386,1
51,1779936098918,0.0007934382857099995,-0.033138442628599996,-0.0005379726857000344,1
52,1779936098921,0.0007934382857099995,-0.033138442628599996,-0.0005379726857000344,1
53,1779936098923,0.0007934382857099995,-0.033138442628599996,-0.0005379726857000344,1
54,1779936098929,0.00094553828571,-0.032896642628599995,-0.0005691726857000434,1
55,1779936098932,0.00094553828571,-0.032896642628599995,-0.0005691726857000434,1
56,1779936098935,0.0008558382857100002,-0.0330058426286,-0.0005028726856999687,1
57,1779936098937,0.0008558382857100002,-0.0330058426286,-0.0005028726856999687,1
58,1779936098940,0.0008558382857100002,-0.0330058426286,-0.0005028726856999687,1
59,1779936098943,0.0012302382857099997,-0.0326275426286,-0.0007095726856999728,1
60,1779936098946,0.0012302382857099997,-0.0326275426286,-0.0007095726856999728,1
61,1779936098948,0.0012302382857099997,-0.0326275426286,-0.0007095726856999728,1
62,1779936098951,0.0011132382857099998,-0.0325027426286,-1.1472685700049043e-05,1
63,1779936098954,0.0011132382857099998,-0.0325027426286,-1.1472685700049043e-05,1
64,1779936098956,0.0011132382857099998,-0.0325027426286,-0.0002766726857000145,1
65,1779936098959,0.0010820382857099995,-0.0321361426286,-0.0002766726857000145,1
66,1779936098962,0.0010820382857099995,-0.0321361426286,-0.0002766726857000145,1
67,1779936098965,0.0010820382857099995,-0.0323623426286,8.99273142999802e-05,1
68,1779936098967,0.0010664382857100002,-0.0323623426286,8.99273142999802e-05,1
69,1779936098970,0.0010664382857100002,-0.0323623426286,8.99273142999802e-05,1
70,1779936098973,0.0010664382857100002,-0.0324988426286,1.9727314299959955e-05,1
71,1779936098976,0.0008324382857099995,-0.0324988426286,1.9727314299959955e-05,1
72,1779936098978,0.0008324382857099995,-0.0324988426286,1.9727314299959955e-05,1
73,1779936098981,0.0008051382857099994,-0.0330760426286,-0.00019087268569998976,1
74,1779936098984,0.0008051382857099994,-0.0330760426286,-0.00019087268569998976,1
75,1779936098986,0.0008051382857099994,-0.0330760426286,-0.00019087268569998976,1
76,1779936098989,0.00102353828571,-0.0332593426286,-0.00038197268569998936,1
77,1779936098992,0.00102353828571,-0.0332593426286,-0.00038197268569998936,1
78,1779936098995,0.00102353828571,-0.0332593426286,-0.00038197268569998936,1
79,1779936098997,0.0010859382857099998,-0.0336142426286,-0.00044437268570000736,1
80,1779936099000,0.0010859382857099998,-0.0336142426286,-0.00044437268570000736,1
81,1779936099003,0.0010859382857099998,-0.0336142426286,-0.00044437268570000736,1
82,1779936099006,0.0008909382857099999,-0.0336805426286,-0.00028447268570001676,1
83,1779936099008,0.0008909382857099999,-0.0336805426286,-0.00028447268570001676,1
84,1779936099011,0.0008909382857099999,-0.0336805426286,-0.00028447268570001676,1
85,1779936099014,0.0008987382857099996,-0.0335908426286,-6.99726857000104e-05,1
86,1779936099016,0.0008987382857099996,-0.0335908426286,-6.99726857000104e-05,1
87,1779936099019,0.0008987382857099996,-0.0335908426286,-6.99726857000104e-05,1
88,1779936099022,0.0006764382857099996,-0.033282742628599996,0.00013282731429993706,1
89,1779936099024,0.0006764382857099996,-0.033282742628599996,0.00013282731429993706,1
90,1779936099027,0.0006764382857099996,-0.033282742628599996,0.00013282731429993706,1
91,1779936099030,0.0009104382857099995,-0.032900542628599996,-0.0004677726857000141,1
92,1779936099033,0.0009104382857099995,-0.032900542628599996,-0.0004677726857000141,1
93,1779936099035,0.0009104382857099995,-0.032900542628599996,-0.0004677726857000141,1
94,1779936099038,0.0009689382857099998,-0.0328186426286,-0.0005379726857000344,1
95,1779936099041,0.0009689382857099998,-0.0328186426286,-0.0005379726857000344,1
96,1779936099044,0.0009689382857099998,-0.0328186426286,-0.0005379726857000344,1
97,1779936099047,0.0013355382857099998,-0.0326821426286,-0.0005145726857000276,1
98,1779936099050,0.0013355382857099998,-0.0326821426286,-0.0005145726857000276,1
99,1779936099052,0.0013355382857099998,-0.0326821426286,-0.0005145726857000276,1
100,1779936099055,0.0011249382857099997,-0.0327016426286,0.00047992731429998166,1
101,1779936099058,0.0011249382857099997,-0.0327016426286,0.00047992731429998166,1
102,1779936099061,0.0011249382857099997,-0.0327016426286,0.00047992731429998166,1
103,1779936099064,0.0011795382857099999,-0.032221942628599995,-0.0004521726857000096,1
104,1779936099067,0.0011795382857099999,-0.032221942628599995,-0.0004521726857000096,1
105,1779936099069,0.0011756382857099996,-0.0327367426286,-0.0003702726857000415,1
106,1779936099072,0.0011756382857099996,-0.0327367426286,-0.0003702726857000415,1
107,1779936099075,0.0011756382857099996,-0.0327367426286,-0.0003702726857000415,1
108,1779936099077,0.0008753382857099997,-0.0326743426286,-0.00042877268570000286,1
109,1779936099080,0.0008753382857099997,-0.0326743426286,-0.00042877268570000286,1
110,1779936099083,0.0008753382857099997,-0.0326743426286,-0.00042877268570000286,1
111,1779936099086,0.0008363382857099998,-0.0328810426286,-0.00042487268570005725,1
112,1779936099089,0.0008363382857099998,-0.0328810426286,-0.00042487268570005725,1
113,1779936099091,0.0008363382857099998,-0.0328810426286,-0.00042487268570005725,1
114,1779936099094,0.00073493828571,-0.0329707426286,-0.0005067726857000254,1
115,1779936099097,0.00073493828571,-0.0329707426286,-0.0005067726857000254,1
116,1779936099100,0.00073493828571,-0.0329707426286,-0.0005067726857000254,1
117,1779936099103,0.0008480382857099997,-0.033376342628599995,-0.0007485726856999841,1
118,1779936099105,0.0008480382857099997,-0.033376342628599995,-0.0007485726856999841,1
119,1779936099108,0.0008480382857099997,-0.033376342628599995,-0.0007485726856999841,1
120,1779936099111,0.0011327382857099994,-0.0333256426286,-0.0004833726857000186,1
121,1779936099114,0.0011327382857099994,-0.0333256426286,-0.0004833726857000186,1
122,1779936099117,0.0011327382857099994,-0.0333256426286,-0.0004833726857000186,1
123,1779936099119,0.0013550382857100002,-0.0335128426286,-9.727268570007379e-05,1
124,1779936099122,0.0013550382857100002,-0.0335128426286,-9.727268570007379e-05,1
0,1779936099222,0.0010547382857099994,-0.0334660426286,-0.00019087268569998976,1
1,1779936099225,0.0012770382857099994,-0.0332632426286,-0.0004365726857000051,1
2,1779936099228,0.0012770382857099994,-0.0332632426286,-0.0004365726857000051,1
3,1779936099231,0.0014018382857099998,-0.0330019426286,-0.0001791726857000419,1
4,1779936099233,0.0014018382857099998,-0.0330019426286,-0.0001791726857000419,1
5,1779936099236,0.0014018382857099998,-0.0330019426286,-0.0001791726857000419,1
6,1779936099239,0.0010040382857099996,-0.0329590426286,0.0006515273143000311,1
7,1779936099242,0.0010040382857099996,-0.0329590426286,0.0006515273143000311,1
8,1779936099244,0.0010040382857099996,-0.0329590426286,0.0006515273143000311,1
9,1779936099247,0.0009650382857099996,-0.0324715426286,0.0007373273142999449,1
10,1779936099250,0.0009650382857099996,-0.0324715426286,0.0007373273142999449,1
11,1779936099253,0.0009650382857099996,-0.0324715426286,0.0007373273142999449,1
12,1779936099256,0.0008480382857099997,-0.032510542628599995,0.0003005273142999299,1
13,1779936099258,0.0008480382857099997,-0.032510542628599995,0.0003005273142999299,1
14,1779936099261,0.0008480382857099997,-0.032510542628599995,-0.0003585726856999826,1
15,1779936099264,0.0011366382857099996,-0.0323857426286,-0.0003585726856999826,1
16,1779936099267,0.0011366382857099996,-0.0323857426286,-0.0003585726856999826,1
17,1779936099270,0.0011366382857099996,-0.0324208426286,-0.0004911726857000209,1
18,1779936099272,0.0009884382857099994,-0.0324208426286,-0.0004911726857000209,1
19,1779936099275,0.0009884382857099994,-0.0324208426286,-0.0004911726857000209,1
20,1779936099278,0.00110153828571,-0.0329161426286,-0.0012087726857000058,1
21,1779936099281,0.00110153828571,-0.0329161426286,-0.0012087726857000058,1
22,1779936099284,0.00110153828571,-0.0329161426286,-0.0012087726857000058,1
23,1779936099286,0.0012146382857099996,-0.0333529426286,-0.0012750726856999694,1
24,1779936099289,0.0012146382857099996,-0.0333529426286,-0.0012750726856999694,1
25,1779936099292,0.0012146382857099996,-0.0333529426286,-0.0012750726856999694,1
26,1779936099295,0.0013433382857099994,-0.0333607426286,-0.000822672685700061,1
27,1779936099298,0.0013433382857099994,-0.0333607426286,-0.000822672685700061,1
28,1779936099300,0.0013433382857099994,-0.0333607426286,-0.000822672685700061,1
29,1779936099303,0.0006725382857100002,-0.033524542628599996,0.0005774273142999543,1
30,1779936099306,0.0006725382857100002,-0.033524542628599996,0.0005774273142999543,1
31,1779936099309,0.0006725382857100002,-0.033524542628599996,0.0005774273142999543,1
32,1779936099311,0.0003176382857100002,-0.0330058426286,0.00032002731429999105,1
33,1779936099314,0.0003176382857100002,-0.0330058426286,0.00032002731429999105,1
34,1779936099317,0.0003176382857100002,-0.0330058426286,0.00032002731429999105,1
35,1779936099319,0.0006140382857099998,-0.0331150426286,4.127314299955456e-06,1
36,1779936099322,0.0006140382857099998,-0.0331150426286,4.127314299955456e-06,1
37,1779936099325,0.0006140382857099998,-0.0331150426286,4.127314299955456e-06,1
38,1779936099328,0.0008519382857099999,-0.0325222426286,-0.000479472685700073,1
39,1779936099331,0.0008519382857099999,-0.0325222426286,-0.000479472685700073,1
40,1779936099333,0.0008519382857099999,-0.0325222426286,-0.0003273726856999736,1
41,1779936099336,0.00145643828571,-0.032947342628599996,-0.0003273726856999736,1
42,1779936099339,0.00145643828571,-0.032947342628599996,-0.0003273726856999736,1
43,1779936099342,0.00145643828571,-0.032608042628599995,-0.0006159726857000569,1
44,1779936099345,0.0014369382857099995,-0.032608042628599995,-0.0006159726857000569,1
45,1779936099348,0.0014369382857099995,-0.032608042628599995,-0.0006159726857000569,1
46,1779936099350,0.00155003828571,-0.033040942628599995,-0.00012847268569997176,1
47,1779936099353,0.00155003828571,-0.033040942628599995,-0.00012847268569997176,1
48,1779936099356,0.00155003828571,-0.033040942628599995,-0.00012847268569997176,1
49,1779936099359,0.0010586382857099997,-0.032803042628599996,3.5327314299964455e-05,1
50,1779936099362,0.0010586382857099997,-0.032803042628599996,3.5327314299964455e-05,1
51,1779936099364,0.0010586382857099997,-0.032803042628599996,3.5327314299964455e-05,1
52,1779936099367,0.0006842382857100001,-0.0326392426286,-0.0001011726857000194,1
53,1779936099370,0.0006842382857100001,-0.0326392426286,-0.0001011726857000194,1
54,1779936099373,0.0006842382857100001,-0.0326392426286,-0.0001011726857000194,1
55,1779936099375,0.0001343382857099994,-0.0329239426286,-5.4372685700005904e-05,1
56,1779936099378,0.0001343382857099994,-0.0329239426286,-5.4372685700005904e-05,1
57,1779936099381,0.0001343382857099994,-0.0329239426286,-5.4372685700005904e-05,1
58,1779936099384,0.0005867382857099998,-0.0331813426286,-0.0007953726856999976,1
59,1779936099386,0.0005867382857099998,-0.0331813426286,-0.0007953726856999976,1
60,1779936099389,0.0005867382857099998,-0.0331813426286,-0.0007953726856999976,1
61,1779936099392,0.0007622382857100001,-0.0334192426286,-0.0005847726857000479,1
62,1779936099395,0.0007622382857100001,-0.0334192426286,-0.0005847726857000479,1
63,1779936099398,0.0007622382857100001,-0.0334192426286,-0.00036247268570003925,1
64,1779936099400,0.00145643828571,-0.0333217426286,-0.00036247268570003925,1
65,1779936099403,0.00145643828571,-0.0333217426286,-0.00036247268570003925,1
66,1779936099406,0.0012263382857099995,-0.0335284426286,3.922731430002109e-05,1
67,1779936099409,0.0012263382857099995,-0.0335284426286,3.922731430002109e-05,1
68,1779936099412,0.0012263382857099995,-0.0335284426286,3.922731430002109e-05,1
69,1779936099415,0.0013550382857100002,-0.0333607426286,-0.000323472685700028,1
70,1779936099417,0.0013550382857100002,-0.0333607426286,-0.000323472685700028,1
71,1779936099420,0.0013550382857100002,-0.0333607426286,-0.000323472685700028,1
72,1779936099423,0.0010547382857099994,-0.0330019426286,-0.00012457268570002615,1
73,1779936099426,0.0010547382857099994,-0.0330019426286,-0.00012457268570002615,1
74,1779936099429,0.0010547382857099994,-0.0330019426286,-0.00012457268570002615,1
75,1779936099431,0.0007895382857100001,-0.0323818426286,-0.00025327268570000776,1
76,1779936099434,0.0007895382857100001,-0.0323818426286,-0.00025327268570000776,1
77,1779936099437,0.0007895382857100001,-0.0323818426286,-0.00025327268570000776,1
78,1779936099440,0.0008987382857099996,-0.0324364426286,-0.0002142726856999965,1
79,1779936099442,0.0008987382857099996,-0.0324364426286,-0.0002142726856999965,1
80,1779936099445,0.0008987382857099996,-0.0324364426286,-0.0002142726856999965,1
81,1779936099448,0.00073493828571,-0.0323818426286,-0.0009162726856999769,1
82,1779936099451,0.00073493828571,-0.0323818426286,-0.0009162726856999769,1
83,1779936099454,0.00073493828571,-0.0323818426286,-0.0009162726856999769,1
84,1779936099456,0.0014603382857100002,-0.0328888426286,-0.0005613726857000411,1
85,1779936099459,0.0014603382857100002,-0.0328888426286,-0.0005613726857000411,1
86,1779936099462,0.0014603382857100002,-0.0328888426286,-0.00025327268570000776,1
87,1779936099465,0.0011756382857099996,-0.0328888426286,-0.00025327268570000776,1
88,1779936099468,0.0011756382857099996,-0.0328888426286,-0.00025327268570000776,1
89,1779936099470,0.0011093382857099996,-0.0333256426286,2.362731430001659e-05,1
90,1779936099473,0.0011093382857099996,-0.0333256426286,2.362731430001659e-05,1
91,1779936099476,0.0011093382857099996,-0.0333256426286,2.362731430001659e-05,1
92,1779936099479,0.0009338382857100001,-0.0330994426286,1.1927314299957706e-05,1
93,1779936099482,0.0009338382857100001,-0.0330994426286,1.1927314299957706e-05,1
94,1779936099485,0.0009338382857100001,-0.0330994426286,1.1927314299957706e-05,1
95,1779936099487,0.00111713828571,-0.0332203426286,-0.000385872685700046,1
96,1779936099490,0.00111713828571,-0.0332203426286,-0.000385872685700046,1
97,1779936099493,0.00111713828571,-0.0332203426286,-0.000385872685700046,1
98,1779936099496,0.0003917382857099999,-0.0332593426286,-0.0001947726857000464,1
99,1779936099499,0.0003917382857099999,-0.0332593426286,-0.0001947726857000464,1
100,1779936099502,0.0003917382857099999,-0.0332593426286,-0.0001947726857000464,1
101,1779936099504,0.0009728382857100001,-0.0332203426286,-0.0006588726857000137,1
102,1779936099507,0.0009728382857100001,-0.0332203426286,-0.0006588726857000137,1
103,1779936099510,0.0009728382857100001,-0.0332203426286,-0.000604272685699998,1
104,1779936099513,0.00073493828571,-0.0333217426286,-0.000604272685699998,1
105,1779936099516,0.00073493828571,-0.0333217426286,-0.000604272685699998,1
106,1779936099519,0.0013550382857100002,-0.0330604426286,-0.0008889726857000246,1
107,1779936099521,0.0013550382857100002,-0.0330604426286,-0.0008889726857000246,1
108,1779936099524,0.0013550382857100002,-0.0330604426286,-0.0008889726857000246,1
109,1779936099527,0.00084023828571,-0.0332437426286,9.382731430003684e-05,1
110,1779936099530,0.00084023828571,-0.0332437426286,9.382731430003684e-05,1
111,1779936099533,0.00084023828571,-0.0332437426286,9.382731430003684e-05,1
112,1779936099535,0.0011249382857099997,-0.0324286426286,-0.00025327268570000776,1
113,1779936099538,0.0011249382857099997,-0.0324286426286,-0.00025327268570000776,1
114,1779936099541,0.0011249382857099997,-0.0324286426286,-0.00025327268570000776,1
115,1779936099544,0.0008870382857099996,-0.032608042628599995,0.0002030273142999573,1
116,1779936099547,0.0008870382857099996,-0.032608042628599995,0.0002030273142999573,1
117,1779936099550,0.0008870382857099996,-0.032608042628599995,0.0002030273142999573,1
118,1779936099552,0.0009338382857100001,-0.0325768426286,-0.000385872685700046,1
119,1779936099555,0.0009338382857100001,-0.0325768426286,-0.000385872685700046,1
120,1779936099558,0.0009338382857100001,-0.0325768426286,-0.000385872685700046,1
121,1779936099560,0.00115613828571,-0.0324013426286,0.0002030273142999573,1
122,1779936099563,0.00115613828571,-0.0324013426286,0.0002030273142999573,1
123,1779936099566,0.00115613828571,-0.0324013426286,0.0002030273142999573,1
124,1779936099569,0.0012809382857099996,-0.0328069426286,-0.00030397268569996687,1
0,1779936099666,0.00110153828571,-0.0331306426286,-0.0008109726857000021,1
1,1779936099669,0.00080123828571,-0.0329551426286,0.00016402731429994606,1
2,1779936099671,0.0008714382857099995,-0.0327796426286,9.772731429998245e-05,1
3,1779936099674,0.0008714382857099995,-0.0327796426286,9.772731429998245e-05,1
4,1779936099677,0.0008714382857099995,-0.0327796426286,9.772731429998245e-05,1
5,1779936099680,0.0010781382857100001,-0.033087742628599995,-0.0005379726857000344,1
6,1779936099683,0.0010781382857100001,-0.033087742628599995,-0.0005379726857000344,1
7,1779936099685,0.0010781382857100001,-0.033087742628599995,-0.0005379726857000344,1
8,1779936099688,0.0009728382857100001,-0.0333217426286,-0.000666672685700016,1
9,1779936099691,0.0009728382857100001,-0.0333217426286,-0.000666672685700016,1
10,1779936099694,0.0009728382857100001,-0.0333217426286,-0.000666672685700016,1
11,1779936099696,0.0009494382857099994,-0.0332008426286,-0.0005496726856999822,1
12,1779936099699,0.0009494382857099994,-0.0332008426286,-0.0005496726856999822,1
13,1779936099702,0.0009494382857099994,-0.0332008426286,-0.0005496726856999822,1
14,1779936099705,0.00110153828571,-0.0338326426286,-0.0007329726856999796,1
15,1779936099708,0.00110153828571,-0.0338326426286,-0.0007329726856999796,1
16,1779936099711,0.00110153828571,-0.0327172426286,-0.0005613726857000411,1
17,1779936099713,0.0011639382857099997,-0.0327172426286,-0.0005613726857000411,1
18,1779936099716,0.0011639382857099997,-0.0327172426286,-0.0005613726857000411,1
19,1779936099719,0.0011639382857099997,-0.0333685426286,0.0003434273142999978,1
20,1779936099721,0.0004151382857099997,-0.0333685426286,0.0003434273142999978,1
21,1779936099724,0.0004151382857099997,-0.0333685426286,0.0003434273142999978,1
22,1779936099727,0.0011639382857099997,-0.032514442628599996,-0.0001635726857000374,1
23,1779936099730,0.0011639382857099997,-0.032514442628599996,-0.0001635726857000374,1
24,1779936099733,0.0011639382857099997,-0.032514442628599996,-0.0001635726857000374,1
25,1779936099736,0.0008597382857099996,-0.0325339426286,-0.00042877268570000286,1
26,1779936099738,0.0008597382857099996,-0.0325339426286,-0.00042877268570000286,1
27,1779936099741,0.0008597382857099996,-0.0325339426286,-0.00042877268570000286,1
28,1779936099744,0.0009416382857099998,-0.0323740426286,-0.0003078726857000235,1
29,1779936099747,0.0009416382857099998,-0.0323740426286,-0.0003078726857000235,1
30,1779936099749,0.0009416382857099998,-0.0323740426286,-0.0003078726857000235,1
31,1779936099752,0.00126143828571,-0.0327796426286,-0.00012457268570002615,1
32,1779936099755,0.00126143828571,-0.0327796426286,-0.00012457268570002615,1
33,1779936099758,0.00126143828571,-0.0327796426286,-0.00012457268570002615,1
34,1779936099760,0.00141743828571,-0.0327328426286,-0.0007056726857000272,1
35,1779936099763,0.00141743828571,-0.0327328426286,-0.0007056726857000272,1
36,1779936099766,0.00141743828571,-0.0327328426286,-0.0007056726857000272,1
37,1779936099769,0.00094553828571,-0.0332125426286,0.0001055273142999847,1
38,1779936099772,0.00094553828571,-0.0332125426286,0.0001055273142999847,1
39,1779936099775,0.00094553828571,-0.0332125426286,-0.0004638726857000685,1
40,1779936099777,0.0011366382857099996,-0.0326665426286,-0.0004638726857000685,1
41,1779936099780,0.0011366382857099996,-0.0326665426286,-0.0004638726857000685,1
42,1779936099783,0.0011366382857099996,-0.0328693426286,-0.00045997268570001186,1
43,1779936099786,0.0009923382857099997,-0.0328693426286,-0.00045997268570001186,1
44,1779936099788,0.0009923382857099997,-0.0328693426286,-0.00045997268570001186,1
45,1779936099791,0.0014135382857099997,-0.0330955426286,-0.00036247268570003925,1
46,1779936099794,0.0014135382857099997,-0.0330955426286,-0.00036247268570003925,1
47,1779936099797,0.0014135382857099997,-0.0330955426286,-0.00036247268570003925,1
48,1779936099800,0.0009416382857099998,-0.0333958426286,-0.00030007268570002125,1
49,1779936099803,0.0009416382857099998,-0.0333958426286,-0.00030007268570002125,1
50,1779936099805,0.0009416382857099998,-0.0333958426286,-0.00030007268570002125,1
51,1779936099808,0.0003683382857100001,-0.0336454426286,0.0002615273143000297,1
52,1779936099811,0.0003683382857100001,-0.0336454426286,0.0002615273143000297,1
53,1779936099814,0.0003683382857100001,-0.0336454426286,0.0002615273143000297,1
54,1779936099817,0.00176063828571,-0.0331267426286,-0.0010644726857000197,2
55,1779936099819,0.00176063828571,-0.0331267426286,-0.0010644726857000197,2
56,1779936099822,0.00176063828571,-0.0331267426286,-0.0010644726857000197,2
57,1779936099825,0.0007895382857100001,-0.0329590426286,-0.0006003726857000524,1
58,1779936099828,0.0007895382857100001,-0.0329590426286,-0.0006003726857000524,1
59,1779936099830,0.0007895382857100001,-0.0329590426286,-0.0006003726857000524,1
60,1779936099833,0.0009299382857099999,-0.0325573426286,-0.00030397268569996687,1
61,1779936099836,0.0009299382857099999,-0.0325573426286,-0.00030397268569996687,1
62,1779936099839,0.0009299382857099999,-0.0325573426286,-0.000697872685700025,1
63,1779936099842,0.0012575382857099998,-0.033040942628599995,-0.000697872685700025,1
64,1779936099845,0.0012575382857099998,-0.033040942628599995,-0.000697872685700025,1
65,1779936099848,0.0003371382857099998,-0.0324403426286,3.5327314299964455e-05,1
66,1779936099850,0.0003371382857099998,-0.0324403426286,3.5327314299964455e-05,1
67,1779936099853,0.0003371382857099998,-0.0324403426286,3.5327314299964455e-05,1
68,1779936099856,0.0007895382857100001,-0.0329122426286,2.7527314299962205e-05,1
69,1779936099859,0.0007895382857100001,-0.0329122426286,2.7527314299962205e-05,1
70,1779936099861,0.0007895382857100001,-0.0329122426286,2.7527314299962205e-05,1
71,1779936099864,0.0013199382857099996,-0.0324910426286,-0.001029372685700065,1
72,1779936099867,0.0013199382857099996,-0.0324910426286,-0.001029372685700065,1
73,1779936099869,0.0013199382857099996,-0.0324910426286,-0.001029372685700065,1
74,1779936099872,0.0013745382857099997,-0.0332632426286,-0.0006783726856999638,1
75,1779936099875,0.0013745382857099997,-0.0332632426286,-0.0006783726856999638,1
76,1779936099877,0.0013745382857099997,-0.0332632426286,-0.0006783726856999638,1
77,1779936099880,0.0010157382857099995,-0.0328888426286,-0.00012067268569996951,1
78,1779936099883,0.0010157382857099995,-0.0328888426286,-0.00012067268569996951,1
79,1779936099886,0.0010157382857099995,-0.0328888426286,-0.00012067268569996951,1
80,1779936099889,0.0011249382857099997,-0.033138442628599996,0.0005345273142999974,1
81,1779936099891,0.0011249382857099997,-0.033138442628599996,0.0005345273142999974,1
82,1779936099894,0.0011249382857099997,-0.033138442628599996,0.0005345273142999974,1
83,1779936099897,0.0012029382857099997,-0.033454342628599996,-0.0001167726857000239,1
84,1779936099900,0.0012029382857099997,-0.033454342628599996,-0.0001167726857000239,1
85,1779936099903,0.0012029382857099997,-0.033454342628599996,-0.0001167726857000239,1
86,1779936099906,0.0014252382857099996,-0.0329746426286,-0.00023767268570000326,1
87,1779936099908,0.0014252382857099996,-0.0329746426286,-0.00023767268570000326,1
88,1779936099911,0.0014252382857099996,-0.0332164426286,6.652731429997345e-05,1
89,1779936099914,0.00059063828571,-0.0332164426286,6.652731429997345e-05,1
90,1779936099917,0.00059063828571,-0.0332164426286,6.652731429997345e-05,1
91,1779936099919,0.00059063828571,-0.0324520426286,-0.0008421726857000111,1
92,1779936099922,0.0007505382857100002,-0.0324520426286,-0.0008421726857000111,1
93,1779936099925,0.0007505382857100002,-0.0324520426286,-0.0008421726857000111,1
94,1779936099928,0.0006374382857099996,-0.0327289426286,-0.0009201726857000336,1
95,1779936099930,0.0006374382857099996,-0.0327289426286,-0.0009201726857000336,1
96,1779936099933,0.0006374382857099996,-0.0327289426286,-0.0009201726857000336,1
97,1779936099936,0.0006140382857099998,-0.0326626426286,-0.0005613726857000411,1
98,1779936099939,0.0006140382857099998,-0.0326626426286,-0.0005613726857000411,1
99,1779936099944,0.0006140382857099998,-0.0326626426286,-0.0005613726857000411,1
100,1779936099947,0.00099623828571,-0.0325729426286,1.5827314300014342e-05,1
101,1779936099950,0.00099623828571,-0.0325729426286,1.5827314300014342e-05,1
102,1779936099953,0.0010859382857099998,-0.0323389426286,-6.99726857000104e-05,1
103,1779936099955,0.0010859382857099998,-0.0323389426286,-6.99726857000104e-05,1
104,1779936099958,0.0010859382857099998,-0.0323389426286,-6.99726857000104e-05,1
105,1779936099961,0.0010352382857099999,-0.0323584426286,-0.0006120726857000002,1
106,1779936099964,0.0010352382857099999,-0.0323584426286,-0.0006120726857000002,1
107,1779936099966,0.0010352382857099999,-0.0323584426286,-0.0006120726857000002,1
108,1779936099969,0.0010586382857099997,-0.0326665426286,-0.0006549726857000681,1
109,1779936099972,0.0010586382857099997,-0.0326665426286,-0.0006549726857000681,1
110,1779936099975,0.0010586382857099997,-0.0326665426286,-0.0006549726857000681,1
111,1779936099977,0.00052433828571,-0.0331306426286,-0.00037807268570004375,1
112,1779936099980,0.00052433828571,-0.0331306426286,-0.00037807268570004375,1
113,1779936099983,0.00052433828571,-0.0331306426286,-0.00037807268570004375,1
114,1779936099986,0.0003371382857099998,-0.0331306426286,-0.0002415726857000599,1
115,1779936099988,0.0003371382857099998,-0.0331306426286,-0.0002415726857000599,1
116,1779936099991,0.0003371382857099998,-0.0331306426286,-4.6572685700003655e-05,1
117,1779936099994,0.0002123382857100002,-0.0334621426286,-4.6572685700003655e-05,1
118,1779936099996,0.0002123382857100002,-0.0334621426286,-4.6572685700003655e-05,1
119,1779936099999,0.0002123382857100002,-0.0334621426286,-0.0005847726857000479,1
120,1779936100002,0.00087923828571,-0.0334894426286,-0.0005847726857000479,1
121,1779936100005,0.00087923828571,-0.0334894426286,-0.0005847726857000479,1
122,1779936100007,0.00087923828571,-0.0334894426286,-0.0006705726857000726,1
123,1779936100010,0.0012653382857099995,-0.033376342628599995,-0.0006705726857000726,1
124,1779936100013,0.0012653382857099995,-0.033376342628599995,-0.0006705726857000726,1
0,1779936100111,0.00030203828571000006,-0.0323857426286,-9.727268570007379e-05,1
1,1779936100114,0.0007115382857100002,-0.0336571426286,-0.0002727726857000689,1
2,1779936100117,0.0007115382857100002,-0.0336571426286,-0.0002727726857000689,1
3,1779936100119,0.0007115382857100002,-0.0336571426286,-0.0002727726857000689,1
4,1779936100122,0.0007661382857099995,-0.033185242628599995,-0.0002883726857000734,1
5,1779936100124,0.0007661382857099995,-0.033185242628599995,-0.0002883726857000734,1
6,1779936100127,0.0007661382857099995,-0.033185242628599995,-0.0002883726857000734,1
7,1779936100130,0.0012692382857099997,-0.033235942628599996,-0.00010507268569996502,1
8,1779936100133,0.0012692382857099997,-0.033235942628599996,-0.00010507268569996502,1
9,1779936100136,0.0012692382857099997,-0.033235942628599996,-0.00010507268569996502,1
10,1779936100138,0.0009104382857099995,-0.0327679426286,-0.0001635726857000374,1
11,1779936100141,0.0009104382857099995,-0.0327679426286,-0.0001635726857000374,1
12,1779936100144,0.0007934382857099995,-0.0324364426286,0.0003902273143000113,1
13,1779936100147,0.0007934382857099995,-0.0324364426286,0.0003902273143000113,1
14,1779936100150,0.0007934382857099995,-0.0324364426286,0.0003902273143000113,1
15,1779936100152,0.0003917382857099999,-0.0322999426286,0.00033562731429999555,1
16,1779936100155,0.0003917382857099999,-0.0322999426286,0.00033562731429999555,1
17,1779936100158,0.0003917382857099999,-0.0322999426286,0.00033562731429999555,1
18,1779936100160,0.0002786382857099994,-0.0320425426286,-5.827268570006254e-05,1
19,1779936100163,0.0002786382857099994,-0.0320425426286,-5.827268570006254e-05,1
20,1779936100166,0.0002786382857099994,-0.0320425426286,-5.827268570006254e-05,1
21,1779936100169,0.00101183828571,-0.032221942628599995,-0.0007251726856999773,1
22,1779936100171,0.00101183828571,-0.032221942628599995,-0.0007251726856999773,1
23,1779936100174,0.00101183828571,-0.032221942628599995,-0.0007251726856999773,1
24,1779936100177,0.0010157382857099995,-0.0323818426286,-0.0001830726856999875,1
25,1779936100179,0.0010157382857099995,-0.0323818426286,-0.0001830726856999875,1
26,1779936100182,0.0010157382857099995,-0.0323818426286,-0.0001830726856999875,1
27,1779936100185,0.0015929382857099994,-0.0330838426286,-0.0006705726857000726,1
28,1779936100188,0.0015929382857099994,-0.0330838426286,-0.0006705726857000726,1
29,1779936100190,0.0015929382857099994,-0.0330838426286,-0.0006705726857000726,1
30,1779936100193,0.00080123828571,-0.0333529426286,-0.0003117726856999691,1
31,1779936100196,0.00080123828571,-0.0333529426286,-0.0003117726856999691,1
32,1779936100198,0.00080123828571,-0.0333529426286,-0.0003117726856999691,1
33,1779936100201,0.0007778382857099994,-0.0338716426286,-0.000604272685699998,1
34,1779936100204,0.0007778382857099994,-0.0338716426286,-0.000604272685699998,1
35,1779936100207,0.0007778382857099994,-0.0338716426286,-0.000604272685699998,1
36,1779936100210,0.00017333828571000024,-0.0332203426286,-0.00013627268569997401,1
37,1779936100212,0.00017333828571000024,-0.0332203426286,-0.00013627268569997401,1
38,1779936100215,0.00017333828571000024,-0.0332203426286,-0.00013627268569997401,1
39,1779936100218,0.0004970382857099999,-0.0333724426286,-0.0004677726857000141,1
40,1779936100220,0.0004970382857099999,-0.0333724426286,-0.0004677726857000141,1
41,1779936100223,0.0004970382857099999,-0.0333724426286,-0.0004677726857000141,1
42,1779936100226,0.0004268382857099996,-0.0328654426286,-0.0005184726856999732,1
43,1779936100229,0.0004268382857099996,-0.0328654426286,-0.0005184726856999732,1
44,1779936100231,0.0004268382857099996,-0.0328654426286,-0.0005184726856999732,1
45,1779936100234,0.0007466382857099999,-0.032994142628599996,-0.00033127268570003025,1
46,1779936100237,0.0007466382857099999,-0.032994142628599996,-0.00033127268570003025,1
47,1779936100239,0.0007466382857099999,-0.032994142628599996,-0.00033127268570003025,1
48,1779936100242,0.00102353828571,-0.0327289426286,-0.00033517268569997587,1
49,1779936100245,0.00102353828571,-0.0327289426286,-0.00033517268569997587,1
50,1779936100248,0.00102353828571,-0.0327289426286,-0.00033517268569997587,1
51,1779936100250,0.00111713828571,-0.032608042628599995,2.2731430000984265e-07,1
52,1779936100253,0.00111713828571,-0.032608042628599995,2.2731430000984265e-07,1
53,1779936100256,0.00111713828571,-0.032608042628599995,-0.00011287268569996727,1
54,1779936100259,0.0013433382857099994,-0.0324520426286,-0.00011287268569996727,1
55,1779936100261,0.0013433382857099994,-0.0324520426286,-0.00011287268569996727,1
56,1779936100264,0.0013433382857099994,-0.031149442628599998,0.0012716273142999324,1
57,1779936100267,-0.0012423617142900004,-0.031149442628599998,0.0012716273142999324,1
58,1779936100270,-0.0012423617142900004,-0.031149442628599998,0.0012716273142999324,1
59,1779936100272,-0.0010200617142900005,-0.0334348426286,0.004216127314299949,2
60,1779936100275,-0.0010200617142900005,-0.0334348426286,0.004216127314299949,2
61,1779936100278,-0.0010200617142900005,-0.0334348426286,0.004216127314299949,2
62,1779936100281,0.005882938285709999,-0.032943442628599995,-0.008037672685700032,2
63,1779936100284,0.005882938285709999,-0.032943442628599995,-0.008037672685700032,2
64,1779936100286,0.005882938285709999,-0.032943442628599995,-0.008037672685700032,2
65,1779936100289,0.0028175382857099996,-0.0336142426286,-0.0052218726856999974,2
66,1779936100292,0.0028175382857099996,-0.0336142426286,-0.0052218726856999974,2
67,1779936100295,0.0028175382857099996,-0.0336142426286,-0.0052218726856999974,2
68,1779936100298,-0.00401136171429,-0.0333373426286,0.007546727314300021,2
69,1779936100300,-0.00401136171429,-0.0333373426286,0.007546727314300021,2
70,1779936100303,-0.00401136171429,-0.0333373426286,0.007546727314300021,2
71,1779936100306,-0.0006495617142900003,-0.034175842628599996,0.001431527314300034,1
72,1779936100309,-0.0006495617142900003,-0.034175842628599996,0.001431527314300034,1
73,1779936100311,-0.0006495617142900003,-0.034175842628599996,0.001431527314300034,1
74,1779936100314,0.00464273828571,-0.0337897426286,-0.007082172685700034,2
75,1779936100317,0.00464273828571,-0.0337897426286,-0.007082172685700034,2
76,1779936100320,0.00464273828571,-0.0337897426286,-0.007082172685700034,2
77,1779936100323,0.00023183828570999977,-0.0322414426286,0.0009167273142999966,1
78,1779936100325,0.00023183828570999977,-0.0322414426286,0.0009167273142999966,1
79,1779936100328,0.00023183828570999977,-0.0322414426286,0.005514827314299935,2
80,1779936100331,-0.0016089617142900003,-0.032658742628599996,0.005514827314299935,2
81,1779936100334,-0.0016089617142900003,-0.032658742628599996,0.005514827314299935,2
82,1779936100337,0.0021428382857099993,-0.0324559426286,-0.002714172685699996,2
83,1779936100340,0.0021428382857099993,-0.0324559426286,-0.002714172685699996,2
84,1779936100342,0.0021428382857099993,-0.0324559426286,-0.002714172685699996,2
85,1779936100345,0.0036599382857099997,-0.0327952426286,-0.004176672685700029,2
86,1779936100348,0.0036599382857099997,-0.0327952426286,-0.004176672685700029,2
87,1779936100351,0.0036599382857099997,-0.0327952426286,-0.004176672685700029,2
88,1779936100354,-0.0003570617142900001,-0.0322960426286,0.0022349273142999327,2
89,1779936100356,-0.0003570617142900001,-0.0322960426286,0.0022349273142999327,2
90,1779936100359,-0.0003570617142900001,-0.0322960426286,0.0022349273142999327,2
91,1779936100362,-0.0002946617142900003,-0.032799142628599995,0.0012833273142999913,1
92,1779936100365,-0.0002946617142900003,-0.032799142628599995,0.0012833273142999913,1
93,1779936100368,-0.0002946617142900003,-0.032799142628599995,0.0012833273142999913,1
94,1779936100370,0.0011366382857099996,-0.0321166426286,-0.0026790726857000412,1
95,1779936100373,0.0011366382857099996,-0.0321166426286,-0.0026790726857000412,1
96,1779936100376,0.0011366382857099996,-0.0321166426286,-0.0026790726857000412,1
97,1779936100379,0.0012302382857099997,-0.0328576426286,-0.00085387268570007,1
98,1779936100382,0.0012302382857099997,-0.0328576426286,-0.00085387268570007,1
99,1779936100384,0.0012302382857099997,-0.0328576426286,0.0010454273142999782,1
100,1779936100387,-0.0007431617142900004,-0.0329395426286,0.0010454273142999782,1
101,1779936100390,-0.0007431617142900004,-0.0329395426286,0.0010454273142999782,1
102,1779936100393,0.0007700382857099997,-0.0339457426286,-0.0008343726857000088,1
103,1779936100396,0.0007700382857099997,-0.0339457426286,-0.0008343726857000088,1
104,1779936100399,0.0007700382857099997,-0.0339457426286,-0.0008343726857000088,1
105,1779936100401,0.0005165382857099995,-0.0328810426286,-0.0011385726856999855,1
106,1779936100404,0.0005165382857099995,-0.0328810426286,-0.0011385726856999855,1
107,1779936100407,0.0005165382857099995,-0.0328810426286,-0.0011385726856999855,1
108,1779936100410,0.0016202382857099995,-0.0341719426286,0.0002498273142999708,1
109,1779936100413,0.0016202382857099995,-0.0341719426286,0.0002498273142999708,1
110,1779936100416,0.0016202382857099995,-0.0341719426286,0.0002498273142999708,1
111,1779936100418,0.0017294382857099997,-0.0331228426286,-0.0010995726856999743,2
112,1779936100421,0.0017294382857099997,-0.0331228426286,-0.0010995726856999743,2
113,1779936100424,0.0017294382857099997,-0.0331228426286,-0.0010995726856999743,2
114,1779936100427,0.0003683382857100001,-0.0330331426286,0.0002342273142999663,1
115,1779936100430,0.0003683382857100001,-0.0330331426286,0.0002342273142999663,1
116,1779936100433,0.0003683382857100001,-0.0330331426286,0.0018293273142999267,2
117,1779936100435,0.00084023828571,-0.0327016426286,0.0018293273142999267,2
118,1779936100438,0.00084023828571,-0.0327016426286,0.0018293273142999267,2
119,1779936100441,0.0020960382857099997,-0.032221942628599995,-0.0017625726857000545,2
120,1779936100444,0.0020960382857099997,-0.032221942628599995,-0.0017625726857000545,2
121,1779936100446,0.0020960382857099997,-0.032221942628599995,-0.0017625726857000545,2
122,1779936100449,-0.00027906171429000013,-0.0322141426286,0.0006476273142999745,1
123,1779936100452,-0.00027906171429000013,-0.0322141426286,0.0006476273142999745,1
124,1779936100455,-0.00027906171429000013,-0.0322141426286,0.0006476273142999745,1
0,1779936100553,0.00231443828571,-0.0340276426286,-0.0007992726857000542,2
1,1779936100556,0.0010859382857099998,-0.0332710426286,-0.0023943726857000146,1
2,1779936100559,0.0010859382857099998,-0.0332710426286,-0.0023943726857000146,1
3,1779936100561,0.0008909382857099999,-0.0314107426286,-0.0008967726857000268,1
4,1779936100564,0.0008909382857099999,-0.0314107426286,-0.0008967726857000268,1
5,1779936100567,0.0008909382857099999,-0.0314107426286,-0.0008967726857000268,1
6,1779936100569,0.0013628382857099998,-0.0334699426286,0.00025762731429997306,1
7,1779936100572,0.0013628382857099998,-0.0334699426286,0.00025762731429997306,1
8,1779936100575,0.0013628382857099998,-0.0334699426286,0.00025762731429997306,1
9,1779936100578,-3.336171429000039e-05,-0.033427042628599996,-0.0004209726857000006,1
10,1779936100580,-3.336171429000039e-05,-0.033427042628599996,-0.0004209726857000006,1
11,1779936100583,-3.336171429000039e-05,-0.033427042628599996,-0.0004209726857000006,1
12,1779936100586,0.0005204382857099997,-0.033887242628599996,0.001150727314299953,1
13,1779936100589,0.0005204382857099997,-0.033887242628599996,0.001150727314299953,1
14,1779936100592,0.0005204382857099997,-0.033887242628599996,0.001150727314299953,1
15,1779936100594,0.0017411382857099996,-0.0338677426286,0.00019132731430000945,2
16,1779936100597,0.0017411382857099996,-0.0338677426286,0.00019132731430000945,2
17,1779936100600,0.0017411382857099996,-0.0338677426286,0.00019132731430000945,2
18,1779936100603,0.0008636382857099998,-0.0328186426286,-0.0014622726857000234,1
19,1779936100606,0.0008636382857099998,-0.0328186426286,-0.0014622726857000234,1
20,1779936100608,0.0008636382857099998,-0.0328186426286,-0.0014622726857000234,1
21,1779936100611,0.00022013828570999986,-0.0335908426286,0.0012365273142999778,1
22,1779936100614,0.00022013828570999986,-0.0335908426286,0.0012365273142999778,1
23,1779936100617,0.00022013828570999986,-0.0335908426286,0.0007412273143000015,1
24,1779936100620,0.0008831382857099994,-0.0321946426286,0.0007412273143000015,1
25,1779936100623,0.0008831382857099994,-0.0321946426286,0.0007412273143000015,1
26,1779936100625,0.0008870382857099996,-0.0332944426286,-0.0005457726857000366,1
27,1779936100628,0.0008870382857099996,-0.0332944426286,-0.0005457726857000366,1
28,1779936100631,0.0008870382857099996,-0.0332944426286,-0.0005457726857000366,1
29,1779936100634,0.0025172382857099997,-0.0327250426286,-0.003096372685699995,2
30,1779936100636,0.0025172382857099997,-0.0327250426286,-0.003096372685699995,2
31,1779936100639,0.0025172382857099997,-0.0327250426286,-0.003096372685699995,2
32,1779936100642,4.853828570999981e-05,-0.031601842628599996,7.43273142999757e-05,1
33,1779936100645,4.853828570999981e-05,-0.031601842628599996,7.43273142999757e-05,1
34,1779936100648,4.853828570999981e-05,-0.031601842628599996,7.43273142999757e-05,1
35,1779936100650,-0.0009186617142899998,-0.0322024426286,0.0015953273142999703,1
36,1779936100653,-0.0009186617142899998,-0.0322024426286,0.0015953273142999703,1
37,1779936100656,-0.0009186617142899998,-0.0322024426286,0.0015953273142999703,1
38,1779936100659,0.0016514382857099998,-0.031792942628599996,-0.0023046726857000443,1
39,1779936100661,0.0016514382857099998,-0.031792942628599996,-0.0023046726857000443,1
40,1779936100664,0.0016514382857099998,-0.031792942628599996,-0.0023046726857000443,1
41,1779936100667,0.00077393828571,-0.0320152426286,-0.0012048726857000602,1
42,1779936100670,0.00077393828571,-0.0320152426286,-0.0012048726857000602,1
43,1779936100673,0.00077393828571,-0.0320152426286,-0.0012048726857000602,1
44,1779936100675,-2.1617142900000677e-06,-0.0333022426286,0.002843327314299997,2
45,1779936100678,-2.1617142900000677e-06,-0.0333022426286,0.002843327314299997,2
46,1779936100681,-2.1617142900000677e-06,-0.0333022426286,0.002843327314299997,2
47,1779936100683,0.0023573382857100004,-0.0329902426286,-0.0013881726857000575,2
48,1779936100686,0.0023573382857100004,-0.0329902426286,-0.0013881726857000575,2
49,1779936100689,0.0023573382857100004,-0.0329902426286,-0.0013881726857000575,2
50,1779936100691,0.0013160382857100002,-0.033742942628599996,-0.0010839726856999698,1
51,1779936100694,0.0013160382857100002,-0.033742942628599996,-0.0010839726856999698,1
52,1779936100697,0.0013160382857100002,-0.033742942628599996,0.001681127314299995,1
53,1779936100700,-0.00011136171429000034,-0.0339184426286,0.001681127314299995,1
54,1779936100703,-0.00011136171429000034,-0.0339184426286,0.001681127314299995,1
55,1779936100706,-0.0001269617142900005,-0.0334153426286,-0.0003585726856999826,1
56,1779936100708,-0.0001269617142900005,-0.0334153426286,-0.0003585726856999826,1
57,1779936100711,-0.0001269617142900005,-0.0334153426286,-0.0003585726856999826,1
58,1779936100714,0.0004892382857099994,-0.033715642628599996,-0.0018522726857000248,1
59,1779936100717,0.0004892382857099994,-0.033715642628599996,-0.0018522726857000248,1
60,1779936100720,0.0004892382857099994,-0.033715642628599996,-0.0018522726857000248,1
61,1779936100722,0.0013706382857099995,-0.0328381426286,-0.001197072685700058,1
62,1779936100725,0.0013706382857099995,-0.0328381426286,-0.001197072685700058,1
63,1779936100728,0.0013706382857099995,-0.0328381426286,-0.001197072685700058,1
64,1779936100731,0.0004268382857099996,-0.0331735426286,0.000569627314299952,1
65,1779936100733,0.0004268382857099996,-0.0331735426286,0.000569627314299952,1
66,1779936100736,0.0004268382857099996,-0.0331735426286,0.000569627314299952,1
67,1779936100739,0.0015812382857099995,-0.032896642628599995,-0.0004014726857000505,1
68,1779936100741,0.0015812382857099995,-0.032896642628599995,-0.0004014726857000505,1
69,1779936100744,0.0015812382857099995,-0.032896642628599995,-0.0004014726857000505,1
70,1779936100747,0.0020180382857099997,-0.0323974426286,-0.0012360726857000692,2
71,1779936100750,0.0020180382857099997,-0.0323974426286,-0.0012360726857000692,2
72,1779936100752,0.0020180382857099997,-0.0323974426286,-0.0012360726857000692,2
73,1779936100755,0.0003371382857099998,-0.031937242628599996,0.00042922731430002255,1
74,1779936100758,0.0003371382857099998,-0.031937242628599996,0.00042922731430002255,1
75,1779936100761,0.0003371382857099998,-0.031937242628599996,0.00042922731430002255,1
76,1779936100763,-0.0003063617142900002,-0.0322570426286,0.0012404273143000345,1
77,1779936100766,-0.0003063617142900002,-0.0322570426286,0.0012404273143000345,1
78,1779936100769,-0.0003063617142900002,-0.0322570426286,-0.00200827268570007,1
79,1779936100772,0.0016358382857100005,-0.031984042628599996,-0.00200827268570007,1
80,1779936100775,0.0016358382857100005,-0.031984042628599996,-0.00200827268570007,1
81,1779936100777,0.0016358382857100005,-0.0325495426286,-0.0005340726856999777,1
82,1779936100780,0.0004658382857099996,-0.0325495426286,-0.0005340726856999777,1
83,1779936100783,0.0004658382857099996,-0.0325495426286,-0.0005340726856999777,1
84,1779936100786,0.0004658382857099996,-0.0333490426286,0.0003434273142999978,1
85,1779936100788,0.00062963828571,-0.0333490426286,0.0003434273142999978,1
86,1779936100791,0.00062963828571,-0.0333490426286,0.0003434273142999978,1
87,1779936100794,0.0011522382857099998,-0.0336025426286,-0.0006861726856999661,1
88,1779936100796,0.0011522382857099998,-0.0336025426286,-0.0006861726856999661,1
89,1779936100799,0.0011522382857099998,-0.0336025426286,-0.0006861726856999661,1
90,1779936100802,0.0007895382857100001,-0.0338950426286,-0.0003897726856999916,1
91,1779936100805,0.0007895382857100001,-0.0338950426286,-0.0003897726856999916,1
92,1779936100807,0.0007895382857100001,-0.0338950426286,-0.0003897726856999916,1
93,1779936100810,0.0010469382857099998,-0.0335089426286,-0.00011287268569996727,1
94,1779936100813,0.0010469382857099998,-0.0335089426286,-0.00011287268569996727,1
95,1779936100816,0.0010469382857099998,-0.0335089426286,-0.00011287268569996727,1
96,1779936100819,0.0007973382857099998,-0.0331735426286,-0.0006198726857000025,1
97,1779936100821,0.0007973382857099998,-0.0331735426286,-0.0006198726857000025,1
98,1779936100824,0.0007973382857099998,-0.0331735426286,-0.0006198726857000025,1
99,1779936100827,0.0005672382857100002,-0.032900542628599996,-0.00039367268570004825,1
100,1779936100829,0.0005672382857100002,-0.032900542628599996,-0.00039367268570004825,1
101,1779936100832,0.0005672382857100002,-0.032900542628599996,-0.00039367268570004825,1
102,1779936100835,0.00114053828571,-0.0327640426286,0.00016012731430000045,1
103,1779936100837,0.00114053828571,-0.0327640426286,0.00016012731430000045,1
104,1779936100840,0.00114053828571,-0.0327640426286,0.00016012731430000045,1
105,1779936100843,0.0013238382857099999,-0.0327406426286,-0.0003117726856999691,1
106,1779936100846,0.0013238382857099999,-0.0327406426286,-0.0003117726856999691,1
107,1779936100848,0.0013238382857099999,-0.0327406426286,-0.0003117726856999691,1
108,1779936100851,0.0010586382857099997,-0.0329746426286,0.00024202731429996856,1
109,1779936100854,0.0010586382857099997,-0.0329746426286,0.00024202731429996856,1
110,1779936100857,0.0010586382857099997,-0.0329746426286,0.00024202731429996856,1
111,1779936100860,0.0012146382857099996,-0.0322492426286,0.00011722731429993256,1
112,1779936100862,0.0012146382857099996,-0.0322492426286,0.00011722731429993256,1
113,1779936100865,0.0012146382857099996,-0.0322492426286,0.00011722731429993256,1
114,1779936100868,0.00069593828571,-0.0323038426286,-0.0001830726856999875,1
115,1779936100871,0.00069593828571,-0.0323038426286,-0.0001830726856999875,1
116,1779936100874,0.00069593828571,-0.0323038426286,-0.00039367268570004825,1
117,1779936100876,0.0006413382857099999,-0.0323623426286,-0.00039367268570004825,1
118,1779936100879,0.0006413382857099999,-0.0323623426286,-0.00039367268570004825,1
119,1779936100882,0.0006413382857099999,-0.0325027426286,-0.0006276726857000047,1
120,1779936100885,0.0007310382857099998,-0.0325027426286,-0.0006276726857000047,1
121,1779936100887,0.0007310382857099998,-0.0325027426286,-0.0006276726857000047,1
122,1779936100890,0.0007154382857099996,-0.0326899426286,-0.0007095726856999728,1
123,1779936100893,0.0007154382857099996,-0.0326899426286,-0.0007095726856999728,1
124,1779936100896,0.0007154382857099996,-0.0326899426286,-0.0007095726856999728,1
0,1779936100995,0.0007037382857099997,-0.0326899426286,-0.00039367268570004825,1
1,1779936100998,0.0007037382857099997,-0.0326899426286,-0.00039367268570004825,1
2,1779936101000,0.0007037382857099997,-0.0326899426286,-0.00039367268570004825,1
3,1779936101003,0.0008870382857099996,-0.033329542628599995,-0.00041317268569999836,1
4,1779936101006,0.0008870382857099996,-0.033329542628599995,-0.00041317268569999836,1
5,1779936101009,0.0008870382857099996,-0.033329542628599995,-0.00041317268569999836,1
6,1779936101011,0.0007700382857099997,-0.0334465426286,-0.00030007268570002125,1
7,1779936101014,0.0007700382857099997,-0.0334465426286,-0.00030007268570002125,1
8,1779936101017,0.0007700382857099997,-0.0334465426286,-0.00030007268570002125,1
9,1779936101019,0.00120683828571,-0.0336376426286,0.00011332731429998695,1
10,1779936101022,0.00120683828571,-0.0336376426286,0.00011332731429998695,1
11,1779936101025,0.00120683828571,-0.0336376426286,0.00011332731429998695,1
12,1779936101027,0.0009221382857099994,-0.0332242426286,-6.217268570000815e-05,1
13,1779936101030,0.0009221382857099994,-0.0332242426286,-6.217268570000815e-05,1
14,1779936101033,0.0009221382857099994,-0.0332242426286,-6.217268570000815e-05,1
15,1779936101036,0.0008246382857099999,-0.0329902426286,-0.0001635726857000374,1
16,1779936101038,0.0008246382857099999,-0.0329902426286,-0.0001635726857000374,1
17,1779936101041,0.0008246382857099999,-0.0329902426286,-0.0001635726857000374,1
18,1779936101044,0.0005555382857099994,-0.0329395426286,-0.0002259726857000554,1
19,1779936101047,0.0005555382857099994,-0.0329395426286,-0.0002259726857000554,1
20,1779936101049,0.0005555382857099994,-0.0329395426286,-0.0002259726857000554,1
21,1779936101052,0.0005477382857099998,-0.0325807426286,-0.00047557268570001636,1
22,1779936101055,0.0005477382857099998,-0.0325807426286,-0.00047557268570001636,1
23,1779936101057,0.0005477382857099998,-0.0325807426286,-0.00047557268570001636,1
24,1779936101060,0.0010781382857100001,-0.0326197426286,-0.0006276726857000047,1
25,1779936101063,0.0010781382857100001,-0.0326197426286,-0.0006276726857000047,1
26,1779936101066,0.0010781382857100001,-0.0326197426286,-0.0006276726857000047,1
27,1779936101068,0.0009143382857099997,-0.0322960426286,-0.0005496726856999822,1
28,1779936101071,0.0009143382857099997,-0.0322960426286,-0.0005496726856999822,1
29,1779936101074,0.0009143382857099997,-0.0322960426286,-0.0005496726856999822,1
30,1779936101077,0.0009650382857099996,-0.032896642628599995,-0.00047557268570001636,1
31,1779936101079,0.0009650382857099996,-0.032896642628599995,-0.00047557268570001636,1
32,1779936101082,0.0009650382857099996,-0.032514442628599996,-0.0005964726856999957,1
33,1779936101085,0.0007193382857099999,-0.032514442628599996,-0.0005964726856999957,1
34,1779936101088,0.0007193382857099999,-0.032514442628599996,-0.0005964726856999957,1
35,1779936101090,0.0007193382857099999,-0.0328810426286,-0.00045997268570001186,1
36,1779936101093,0.0006608382857099995,-0.0328810426286,-0.00045997268570001186,1
37,1779936101096,0.0006608382857099995,-0.0328810426286,-0.00045997268570001186,1
38,1779936101099,0.0005594382857099997,-0.0328459426286,0.0003473273142999434,1
39,1779936101102,0.0005594382857099997,-0.0328459426286,0.0003473273142999434,1
40,1779936101104,0.0005594382857099997,-0.0328459426286,0.0003473273142999434,1
41,1779936101107,0.00069593828571,-0.0333685426286,1.9727314299959955e-05,1
42,1779936101110,0.00069593828571,-0.0333685426286,1.9727314299959955e-05,1
43,1779936101113,0.00069593828571,-0.0333685426286,1.9727314299959955e-05,1
44,1779936101115,0.0007817382857099996,-0.0335557426286,-0.0002571726857000644,1
45,1779936101118,0.0007817382857099996,-0.0335557426286,-0.0002571726857000644,1
46,1779936101121,0.0007817382857099996,-0.0335557426286,-0.0002571726857000644,1
47,1779936101124,0.0009572382857099999,-0.0334036426286,-0.00023377268570005764,1
48,1779936101127,0.0009572382857099999,-0.0334036426286,-0.00023377268570005764,1
49,1779936101131,0.0005516382857100001,-0.0331423426286,-0.00034687268570003475,1
50,1779936101135,0.0005516382857100001,-0.0331423426286,-0.00034687268570003475,1
51,1779936101138,0.0005516382857100001,-0.0331423426286,-0.00034687268570003475,1
52,1779936101141,0.0008753382857099997,-0.0329239426286,-0.0007680726857000452,1
53,1779936101144,0.0008753382857099997,-0.0329239426286,-0.0007680726857000452,1
54,1779936101148,0.0009065382857100001,-0.032752342628599995,-0.0006393726857000636,1
55,1779936101151,0.0009065382857100001,-0.032752342628599995,-0.0006393726857000636,1
56,1779936101153,0.0009065382857100001,-0.032752342628599995,-0.0006393726857000636,1
57,1779936101156,0.00099623828571,-0.0323584426286,0.0001835273143000072,1
58,1779936101159,0.00099623828571,-0.0323584426286,0.0001835273143000072,1
59,1779936101161,0.00099623828571,-0.0323584426286,0.0001835273143000072,1
60,1779936101164,0.0009299382857099999,-0.0322063426286,1.5827314300014342e-05,1
61,1779936101167,0.0009299382857099999,-0.0322063426286,1.5827314300014342e-05,1
62,1779936101170,0.0009299382857099999,-0.0322063426286,1.5827314300014342e-05,1
63,1779936101172,0.0008987382857099996,-0.0319216426286,-0.000479472685700073,1
64,1779936101175,0.0008987382857099996,-0.0319216426286,-0.000479472685700073,1
65,1779936101178,0.0008987382857099996,-0.0319216426286,-0.000479472685700073,1
66,1779936101180,0.0008987382857099996,-0.0323857426286,-0.0007134726857000295,1
67,1779936101183,0.0008987382857099996,-0.0323857426286,-0.0007134726857000295,1
68,1779936101186,0.0008987382857099996,-0.0323857426286,-0.0007134726857000295,1
69,1779936101188,0.0008909382857099999,-0.0323935426286,-0.0002415726857000599,1
70,1779936101191,0.0008909382857099999,-0.0323935426286,-0.0002415726857000599,1
71,1779936101194,0.0008909382857099999,-0.0323935426286,-0.0002415726857000599,1
72,1779936101197,0.0010859382857099998,-0.0329395426286,-0.000198672685699992,1
73,1779936101199,0.0010859382857099998,-0.0329395426286,-0.000198672685699992,1
74,1779936101202,0.0010859382857099998,-0.0329395426286,-0.000198672685699992,1
75,1779936101205,0.0009611382857100002,-0.032994142628599996,-0.0001167726857000239,1
76,1779936101207,0.0009611382857100002,-0.032994142628599996,-0.0001167726857000239,1
77,1779936101210,0.0009611382857100002,-0.032994142628599996,-0.0001167726857000239,1
78,1779936101213,0.0007817382857099996,-0.0336298426286,-2.7072685700053542e-05,1
79,1779936101216,0.0007817382857099996,-0.0336298426286,-2.7072685700053542e-05,1
80,1779936101219,0.0007817382857099996,-0.0336337426286,5.482731430002559e-05,1
81,1779936101221,0.0005945382857099994,-0.0336337426286,5.482731430002559e-05,1
82,1779936101224,0.0005945382857099994,-0.0336337426286,5.482731430002559e-05,1
83,1779936101227,0.0005945382857099994,-0.0337975426286,-0.0006549726857000681,1
84,1779936101229,0.0008051382857099994,-0.0337975426286,-0.0006549726857000681,1
85,1779936101232,0.0008051382857099994,-0.0337975426286,-0.0006549726857000681,1
86,1779936101235,0.0007622382857100001,-0.0334465426286,-0.000697872685700025,1
87,1779936101238,0.0007622382857100001,-0.0334465426286,-0.000697872685700025,1
88,1779936101240,0.0007622382857100001,-0.0334465426286,-0.000697872685700025,1
89,1779936101243,0.0008753382857099997,-0.0333022426286,-0.0005067726857000254,1
90,1779936101246,0.0008753382857099997,-0.0333022426286,-0.0005067726857000254,1
91,1779936101249,0.0008753382857099997,-0.0333022426286,-0.0005067726857000254,1
92,1779936101251,0.0006881382857099995,-0.0330955426286,-0.0004911726857000209,1
93,1779936101254,0.0006881382857099995,-0.0330955426286,-0.0004911726857000209,1
94,1779936101257,0.0006881382857099995,-0.0330955426286,-0.0004911726857000209,1
95,1779936101259,0.0008753382857099997,-0.0325300426286,-0.0005925726857000501,1
96,1779936101262,0.0008753382857099997,-0.0325300426286,-0.0005925726857000501,1
97,1779936101265,0.0008753382857099997,-0.0325300426286,-0.0005925726857000501,1
98,1779936101267,0.0007232382857100001,-0.0324052426286,4.702731430002334e-05,1
99,1779936101270,0.0007232382857100001,-0.0324052426286,4.702731430002334e-05,1
100,1779936101273,0.0007232382857100001,-0.0324052426286,4.702731430002334e-05,1
101,1779936101276,0.0005750382857099999,-0.0319918426286,4.3127314299966704e-05,1
102,1779936101278,0.0005750382857099999,-0.0319918426286,4.3127314299966704e-05,1
103,1779936101281,0.0005750382857099999,-0.0319918426286,4.3127314299966704e-05,1
104,1779936101284,0.0008051382857099994,-0.0323740426286,-0.0005496726856999822,1
105,1779936101286,0.0008051382857099994,-0.0323740426286,-0.0005496726856999822,1
106,1779936101289,0.0008051382857099994,-0.0323740426286,-0.0005496726856999822,1
107,1779936101292,0.0008246382857099999,-0.0326353426286,-0.0005379726857000344,1
108,1779936101295,0.0008246382857099999,-0.0326353426286,-0.0005379726857000344,1
109,1779936101297,0.0008246382857099999,-0.0326353426286,-0.0005379726857000344,1
110,1779936101300,0.0012536382857099996,-0.0330838426286,-0.0007329726856999796,1
111,1779936101303,0.0012536382857099996,-0.0330838426286,-0.0007329726856999796,1
112,1779936101306,0.0012536382857099996,-0.0330838426286,-0.0007329726856999796,1
113,1779936101309,0.0004151382857099997,-0.0333646426286,6.262731430002784e-05,1
114,1779936101311,0.0004151382857099997,-0.0333646426286,6.262731430002784e-05,1
115,1779936101314,0.0004151382857099997,-0.0333646426286,6.262731430002784e-05,1
116,1779936101317,0.00102353828571,-0.033310042628599996,-0.0004872726856999642,1
117,1779936101320,0.00102353828571,-0.033310042628599996,-0.0004872726856999642,1
118,1779936101323,0.00102353828571,-0.033310042628599996,7.43273142999757e-05,1
119,1779936101326,0.00062963828571,-0.0332671426286,7.43273142999757e-05,1
120,1779936101328,0.00062963828571,-0.0332671426286,7.43273142999757e-05,1
121,1779936101331,0.00080123828571,-0.032849842628599996,-1.1472685700049043e-05,1
122,1779936101334,0.00080123828571,-0.032849842628599996,-1.1472685700049043e-05,1
123,1779936101336,0.00080123828571,-0.032849842628599996,-1.1472685700049043e-05,1
124,1779936101339,0.0006920382857099998,-0.0326392426286,-1.9272685700051292e-05,1
0,1779936101381,0.0010196382857099997,-0.0327445426286,-0.0005652726856999867,1
1,1779936101439,0.0010196382857099997,-0.0327445426286,-0.0005652726856999867,1
2,1779936101441,0.0010703382857099996,-0.0326158426286,-0.001072272685700022,1
3,1779936101444,0.0008714382857099995,-0.0326236426286,-0.0001830726856999875,1
4,1779936101447,0.0008714382857099995,-0.0326236426286,-0.0001830726856999875,1
5,1779936101450,0.0008714382857099995,-0.0326236426286,-0.0001830726856999875,1
6,1779936101452,0.0007115382857100002,-0.0322492426286,-3.8772685700001405e-05,1
7,1779936101455,0.0007115382857100002,-0.0322492426286,-3.8772685700001405e-05,1
8,1779936101458,0.0007115382857100002,-0.0322492426286,-3.8772685700001405e-05,1
9,1779936101461,0.0005048382857099996,-0.0328186426286,0.00040192731429995916,1
10,1779936101464,0.0005048382857099996,-0.0328186426286,0.00040192731429995916,1
11,1779936101466,0.0005048382857099996,-0.0328186426286,0.00040192731429995916,1
12,1779936101469,0.0011483382857099995,-0.0324988426286,-0.00038197268569998936,1
13,1779936101472,0.0011483382857099995,-0.0324988426286,-0.00038197268569998936,1
14,1779936101475,0.0011483382857099995,-0.0324988426286,-0.00038197268569998936,1
15,1779936101478,0.00115613828571,-0.0330331426286,-0.00023377268570005764,1
16,1779936101481,0.00115613828571,-0.0330331426286,-0.00023377268570005764,1
17,1779936101483,0.00115613828571,-0.0330838426286,-0.000479472685700073,1
18,1779936101486,0.0009572382857099999,-0.0330838426286,-0.000479472685700073,1
19,1779936101489,0.0009572382857099999,-0.0330838426286,-0.000479472685700073,1
20,1779936101492,0.0009572382857099999,-0.0335128426286,-0.0003897726856999916,1
21,1779936101494,0.0009572382857099999,-0.0335128426286,-0.0003897726856999916,1
22,1779936101497,0.0009572382857099999,-0.0335128426286,-0.0003897726856999916,1
23,1779936101500,0.0007115382857100002,-0.0332398426286,-0.00042487268570005725,1
24,1779936101503,0.0007115382857100002,-0.0332398426286,-0.00042487268570005725,1
25,1779936101506,0.0007115382857100002,-0.0332398426286,-0.00042487268570005725,1
26,1779936101509,0.0009143382857099997,-0.0334621426286,-0.00044437268570000736,1
27,1779936101511,0.0009143382857099997,-0.0334621426286,-0.00044437268570000736,1
28,1779936101514,0.0009143382857099997,-0.0334621426286,-0.00044437268570000736,1
29,1779936101517,0.0006062382857100002,-0.0331462426286,-0.00025327268570000776,1
30,1779936101519,0.0006062382857100002,-0.0331462426286,-0.00025327268570000776,1
31,1779936101522,0.0006062382857100002,-0.0331462426286,-0.00025327268570000776,1
32,1779936101525,0.0007193382857099999,-0.0330760426286,-0.0001830726856999875,1
33,1779936101528,0.0007193382857099999,-0.0330760426286,-0.0001830726856999875,1
34,1779936101531,0.0007193382857099999,-0.0330760426286,-0.0001830726856999875,1
35,1779936101533,0.0006842382857100001,-0.033091642628599996,-0.0004950726856999665,1
36,1779936101536,0.0006842382857100001,-0.033091642628599996,-0.0004950726856999665,1
37,1779936101539,0.0006842382857100001,-0.033091642628599996,-0.0004950726856999665,1
38,1779936101542,0.0009611382857100002,-0.0327718426286,-0.0006471726857000659,1
39,1779936101545,0.0009611382857100002,-0.0327718426286,-0.0006471726857000659,1
40,1779936101547,0.0009611382857100002,-0.0327718426286,-3.8772685700001405e-05,1
41,1779936101550,0.0008675382857100001,-0.032849842628599996,-3.8772685700001405e-05,1
42,1779936101553,0.0008675382857100001,-0.032849842628599996,-3.8772685700001405e-05,1
43,1779936101556,0.0007310382857099998,-0.0324052426286,-0.00035077268569998037,1
44,1779936101559,0.0007310382857099998,-0.0324052426286,-0.00035077268569998037,1
45,1779936101561,0.0007310382857099998,-0.0324052426286,-0.00035077268569998037,1
46,1779936101564,0.0007466382857099999,-0.0325807426286,0.00012892731429999145,1
47,1779936101567,0.0007466382857099999,-0.0325807426286,0.00012892731429999145,1
48,1779936101570,0.0007466382857099999,-0.0325807426286,0.00012892731429999145,1
49,1779936101573,0.0008246382857099999,-0.0321400426286,-0.00042487268570005725,1
50,1779936101575,0.0008246382857099999,-0.0321400426286,-0.00042487268570005725,1
51,1779936101578,0.0008246382857099999,-0.0321400426286,-0.00042487268570005725,1
52,1779936101581,0.00080123828571,-0.0329590426286,-0.00018697268570004415,1
53,1779936101583,0.00080123828571,-0.0329590426286,-0.00018697268570004415,1
54,1779936101586,0.00080123828571,-0.0329590426286,-0.00018697268570004415,1
55,1779936101589,0.0008558382857100002,-0.0324208426286,-0.0001947726857000464,1
56,1779936101592,0.0008558382857100002,-0.0324208426286,-0.0001947726857000464,1
57,1779936101594,0.0008558382857100002,-0.0324208426286,-0.0001947726857000464,1
58,1779936101597,0.0009377382857099995,-0.0333373426286,-0.00020647268569999426,1
59,1779936101600,0.0009377382857099995,-0.0333373426286,-0.00020647268569999426,1
60,1779936101603,0.0009377382857099995,-0.0333373426286,-0.00020647268569999426,1
61,1779936101606,0.0008090382857099997,-0.0328927426286,-0.000666672685700016,1
62,1779936101608,0.0008090382857099997,-0.0328927426286,-0.000666672685700016,1
63,1779936101611,0.0008090382857099997,-0.0328927426286,-0.000666672685700016,1
64,1779936101614,0.00115613828571,-0.0335128426286,-0.0006471726857000659,1
65,1779936101617,0.00115613828571,-0.0335128426286,-0.0006471726857000659,1
66,1779936101619,0.00115613828571,-0.0335128426286,-0.0001518726856999785,1
67,1779936101622,0.0003722382857099995,-0.0332437426286,-0.0001518726856999785,1
68,1779936101625,0.0003722382857099995,-0.0332437426286,-0.0001518726856999785,1
69,1779936101628,0.0003722382857099995,-0.0333139426286,-0.00028447268570001676,1
70,1779936101631,0.0006491382857099996,-0.0333139426286,-0.00028447268570001676,1
71,1779936101633,0.0006491382857099996,-0.0333139426286,-0.00028447268570001676,1
72,1779936101636,0.00023183828570999977,-0.0329746426286,-0.00026887268570001226,1
73,1779936101639,0.00023183828570999977,-0.0329746426286,-0.00026887268570001226,1
74,1779936101642,0.00023183828570999977,-0.0329746426286,-0.00026887268570001226,1
75,1779936101644,0.00108983828571,-0.0326392426286,-0.00042877268570000286,1
76,1779936101647,0.00108983828571,-0.0326392426286,-0.00042877268570000286,1
77,1779936101650,0.00108983828571,-0.0326392426286,-0.00042877268570000286,1
78,1779936101653,0.0010040382857099996,-0.0324949426286,-0.0006393726857000636,1
79,1779936101656,0.0010040382857099996,-0.0324949426286,-0.0006393726857000636,1
80,1779936101658,0.0010040382857099996,-0.0324949426286,-0.0006393726857000636,1
81,1779936101661,0.00098453828571,-0.032658742628599996,-0.0005652726856999867,1
82,1779936101664,0.00098453828571,-0.032658742628599996,-0.0005652726856999867,1
83,1779936101667,0.00098453828571,-0.032658742628599996,-0.0005652726856999867,1
84,1779936101669,0.0011639382857099997,-0.0326626426286,-0.00015577268570003515,1
85,1779936101672,0.0011639382857099997,-0.0326626426286,-0.00015577268570003515,1
86,1779936101675,0.0011639382857099997,-0.0326626426286,-0.00015577268570003515,1
87,1779936101678,0.0007427382857099997,-0.0325222426286,-0.00020647268569999426,1
88,1779936101681,0.0007427382857099997,-0.0325222426286,-0.00020647268569999426,1
89,1779936101683,0.0007427382857099997,-0.0325222426286,-0.00020647268569999426,1
90,1779936101686,0.0007856382857099999,-0.0329122426286,-0.00011287268569996727,1
91,1779936101689,0.0007856382857099999,-0.0329122426286,-0.00011287268569996727,1
92,1779936101692,0.0007856382857099999,-0.032561242628599996,-0.00030007268570002125,1
93,1779936101695,0.0004931382857099997,-0.032561242628599996,-0.00030007268570002125,1
94,1779936101698,0.0004931382857099997,-0.032561242628599996,-0.00030007268570002125,1
95,1779936101700,0.0005516382857100001,-0.0329239426286,-0.00039367268570004825,1
96,1779936101703,0.0005516382857100001,-0.0329239426286,-0.00039367268570004825,1
97,1779936101706,0.0005516382857100001,-0.0329239426286,-0.00039367268570004825,1
98,1779936101708,0.0009494382857099994,-0.0329122426286,-0.0005886726856999935,1
99,1779936101711,0.0009494382857099994,-0.0329122426286,-0.0005886726856999935,1
100,1779936101714,0.0009494382857099994,-0.0329122426286,-0.0005886726856999935,1
101,1779936101717,0.00094553828571,-0.0333919426286,-0.0004053726856999961,1
102,1779936101720,0.00094553828571,-0.0333919426286,-0.0004053726856999961,1
103,1779936101722,0.00094553828571,-0.0333919426286,-0.0004053726856999961,1
104,1779936101725,0.0008168382857100002,-0.0332047426286,4.127314299955456e-06,1
105,1779936101728,0.0008168382857100002,-0.0332047426286,4.127314299955456e-06,1
106,1779936101731,0.0008168382857100002,-0.0332047426286,4.127314299955456e-06,1
107,1779936101734,0.0010157382857099995,-0.0330604426286,-9.337268570001715e-05,1
108,1779936101736,0.0010157382857099995,-0.0330604426286,-9.337268570001715e-05,1
109,1779936101739,0.0010157382857099995,-0.0330604426286,-9.337268570001715e-05,1
110,1779936101742,0.0005789382857100001,-0.0328420426286,-0.00012847268569997176,1
111,1779936101745,0.0005789382857100001,-0.0328420426286,-0.00012847268569997176,1
112,1779936101747,0.0005789382857100001,-0.0328420426286,-0.00012847268569997176,1
113,1779936101750,0.0006608382857099995,-0.0324910426286,-0.0002766726857000145,1
114,1779936101753,0.0006608382857099995,-0.0324910426286,-0.0002766726857000145,1
115,1779936101756,0.0006608382857099995,-0.0324910426286,-0.0002766726857000145,1
116,1779936101759,0.0008909382857099999,-0.0325729426286,-0.0004872726856999642,1
117,1779936101761,0.0008909382857099999,-0.0325729426286,-0.0004872726856999642,1
118,1779936101764,0.0008909382857099999,-0.0326509426286,-9.337268570001715e-05,1
119,1779936101767,0.0007310382857099998,-0.0326509426286,-9.337268570001715e-05,1
120,1779936101770,0.0007310382857099998,-0.0326509426286,-9.337268570001715e-05,1
121,1779936101773,0.0007895382857100001,-0.0329785426286,-7.777268570001265e-05,1
122,1779936101775,0.0007895382857100001,-0.0329785426286,-7.777268570001265e-05,1
123,1779936101778,0.0007895382857100001,-0.0329785426286,-7.777268570001265e-05,1
124,1779936101781,0.00059063828571,-0.0328381426286,-0.0009240726856999792,1
0,1779936101880,0.0006608382857099995,-0.0324208426286,-0.0008733726857000201,1
1,1779936101883,0.0006608382857099995,-0.0324208426286,-0.0008733726857000201,1
2,1779936101886,0.00023573828571000002,-0.0326704426286,1.1927314299957706e-05,1
3,1779936101888,0.00023573828571000002,-0.0326704426286,1.1927314299957706e-05,1
4,1779936101891,0.00023573828571000002,-0.0326704426286,1.1927314299957706e-05,1
5,1779936101894,0.0009884382857099994,-0.0325573426286,-0.0004209726857000006,1
6,1779936101896,0.0009884382857099994,-0.0325573426286,-0.0004209726857000006,1
7,1779936101899,0.0009884382857099994,-0.0325573426286,-0.0004209726857000006,1
8,1779936101902,0.0008090382857099997,-0.0330994426286,-0.0004989726857000231,1
9,1779936101905,0.0008090382857099997,-0.0330994426286,-0.0004989726857000231,1
10,1779936101907,0.0008090382857099997,-0.0330994426286,-0.0004989726857000231,1
11,1779936101910,0.0013043382857099994,-0.0335401426286,-0.00039757268569999386,1
12,1779936101913,0.0013043382857099994,-0.0335401426286,-0.00039757268569999386,1
13,1779936101915,0.0013043382857099994,-0.0335401426286,-0.00039757268569999386,1
14,1779936101918,0.0008831382857099994,-0.0331501426286,0.0004721273142999794,1
15,1779936101921,0.0008831382857099994,-0.0331501426286,0.0004721273142999794,1
16,1779936101924,0.0008831382857099994,-0.0331501426286,0.0004721273142999794,1
17,1779936101927,0.0011639382857099997,-0.0336259426286,-0.0004638726857000685,1
18,1779936101929,0.0011639382857099997,-0.0336259426286,-0.0004638726857000685,1
19,1779936101932,0.0011639382857099997,-0.0336259426286,-0.0004638726857000685,1
20,1779936101935,0.00044633828571000005,-0.0330643426286,2.362731430001659e-05,1
21,1779936101938,0.00044633828571000005,-0.0330643426286,2.362731430001659e-05,1
22,1779936101940,0.00044633828571000005,-0.0330643426286,-0.0007134726857000295,1
23,1779936101943,0.0005945382857099994,-0.033091642628599996,-0.0007134726857000295,1
24,1779936101946,0.0005945382857099994,-0.033091642628599996,-0.0007134726857000295,1
25,1779936101949,0.0005945382857099994,-0.0329395426286,-0.0003897726856999916,1
26,1779936101951,4.073828571000016e-05,-0.0329395426286,-0.0003897726856999916,1
27,1779936101954,4.073828571000016e-05,-0.0329395426286,-0.0003897726856999916,1
28,1779936101957,0.00044633828571000005,-0.0324871426286,-0.0009630726856999904,1
29,1779936101960,0.00044633828571000005,-0.0324871426286,-0.0009630726856999904,1
30,1779936101963,0.00044633828571000005,-0.0324871426286,-0.0009630726856999904,1
31,1779936101965,0.00099623828571,-0.0330058426286,-0.0004521726857000096,1
32,1779936101968,0.00099623828571,-0.0330058426286,-0.0004521726857000096,1
33,1779936101971,0.00099623828571,-0.0330058426286,-0.0004521726857000096,1
34,1779936101974,0.0009143382857099997,-0.0324559426286,-2.7072685700053542e-05,1
35,1779936101977,0.0009143382857099997,-0.0324559426286,-2.7072685700053542e-05,1
36,1779936101980,0.0009143382857099997,-0.0324559426286,-2.7072685700053542e-05,1
37,1779936101983,0.0014759382857099995,-0.0329161426286,-0.00028447268570001676,1
38,1779936101985,0.0014759382857099995,-0.0329161426286,-0.00028447268570001676,1
39,1779936101988,0.0014759382857099995,-0.0329161426286,-0.00028447268570001676,1
40,1779936101991,0.0007700382857099997,-0.0324598426286,7.43273142999757e-05,1
41,1779936101993,0.0007700382857099997,-0.0324598426286,7.43273142999757e-05,1
42,1779936101996,0.0007700382857099997,-0.0324598426286,7.43273142999757e-05,1
43,1779936101999,0.0010196382857099997,-0.0327718426286,-6.217268570000815e-05,1
44,1779936102001,0.0010196382857099997,-0.0327718426286,-6.217268570000815e-05,1
45,1779936102004,0.0010196382857099997,-0.0327718426286,-6.217268570000815e-05,1
46,1779936102007,0.00039953828570999956,-0.032752342628599995,3.922731430002109e-05,1
47,1779936102010,0.00039953828570999956,-0.032752342628599995,3.922731430002109e-05,1
48,1779936102013,0.00039953828570999956,-0.032752342628599995,-0.0005847726857000479,1
49,1779936102015,0.0010820382857099995,-0.032994142628599996,-0.0005847726857000479,1
50,1779936102018,0.0010820382857099995,-0.032994142628599996,-0.0005847726857000479,1
51,1779936102021,0.0007505382857100002,-0.0328264426286,-0.00010897268570002165,1
52,1779936102024,0.0007505382857100002,-0.0328264426286,-0.00010897268570002165,1
53,1779936102026,0.0007505382857100002,-0.0328264426286,-0.00010897268570002165,1
54,1779936102029,0.0014993382857100002,-0.0331189426286,-0.0007017726856999706,1
55,1779936102032,0.0014993382857100002,-0.0331189426286,-0.0007017726856999706,1
56,1779936102035,0.0014993382857100002,-0.0331189426286,-0.0007017726856999706,1
57,1779936102038,0.0008090382857099997,-0.0331072426286,4.127314299955456e-06,1
58,1779936102041,0.0008090382857099997,-0.0331072426286,4.127314299955456e-06,1
59,1779936102043,0.0008090382857099997,-0.0331072426286,4.127314299955456e-06,1
60,1779936102046,0.0013472382857099997,-0.0332593426286,-0.0005925726857000501,1
61,1779936102049,0.0013472382857099997,-0.0332593426286,-0.0005925726857000501,1
62,1779936102052,0.0013472382857099997,-0.0332593426286,-0.0005925726857000501,1
63,1779936102055,0.0008363382857099998,-0.0327289426286,2.2731430000984265e-07,1
64,1779936102058,0.0008363382857099998,-0.0327289426286,2.2731430000984265e-07,1
65,1779936102060,0.0008363382857099998,-0.0327289426286,2.2731430000984265e-07,1
66,1779936102063,0.0008285382857100001,-0.032514442628599996,-0.0008928726856999702,1
67,1779936102066,0.0008285382857100001,-0.032514442628599996,-0.0008928726856999702,1
68,1779936102069,0.0008285382857100001,-0.032514442628599996,-0.00014407268569997626,1
69,1779936102071,0.0004658382857099996,-0.0322687426286,-0.00014407268569997626,1
70,1779936102074,0.0004658382857099996,-0.0322687426286,-0.00014407268569997626,1
71,1779936102077,0.0004658382857099996,-0.0326509426286,-0.0005808726856999912,1
72,1779936102080,0.0007310382857099998,-0.0326509426286,-0.0005808726856999912,1
73,1779936102082,0.0007310382857099998,-0.0326509426286,-0.0005808726856999912,1
74,1779936102085,0.0008987382857099996,-0.0329356426286,-0.0005769726857000456,1
75,1779936102088,0.0008987382857099996,-0.0329356426286,-0.0005769726857000456,1
76,1779936102091,0.0008987382857099996,-0.0329356426286,-0.0005769726857000456,1
77,1779936102094,0.0008558382857100002,-0.0330292426286,-0.00045997268570001186,1
78,1779936102096,0.0008558382857100002,-0.0330292426286,-0.00045997268570001186,1
79,1779936102099,0.0008558382857100002,-0.0330292426286,-0.00045997268570001186,1
80,1779936102102,0.0010547382857099994,-0.0330253426286,-0.00039367268570004825,1
81,1779936102105,0.0010547382857099994,-0.0330253426286,-0.00039367268570004825,1
82,1779936102108,0.0010547382857099994,-0.0330253426286,-0.00039367268570004825,1
83,1779936102111,0.0003332382857099995,-0.0328108426286,0.00024202731429996856,1
84,1779936102113,0.0003332382857099995,-0.0328108426286,0.00024202731429996856,1
85,1779936102116,0.0003332382857099995,-0.0328108426286,0.00024202731429996856,1
86,1779936102119,0.0012419382857099997,-0.0330097426286,-0.0005691726857000434,1
87,1779936102122,0.0012419382857099997,-0.0330097426286,-0.0005691726857000434,1
88,1779936102125,0.0012419382857099997,-0.0330097426286,-0.0001518726856999785,1
89,1779936102128,0.0003371382857099998,-0.0327835426286,-0.0001518726856999785,1
90,1779936102130,0.0003371382857099998,-0.0327835426286,-0.0001518726856999785,1
91,1779936102133,0.0011444382857100002,-0.033138442628599996,-0.0002883726857000734,1
92,1779936102136,0.0011444382857100002,-0.033138442628599996,-0.0002883726857000734,1
93,1779936102139,0.0011444382857100002,-0.033138442628599996,-0.0002883726857000734,1
94,1779936102142,0.00081293828571,-0.0329902426286,0.00010942731429993031,1
95,1779936102144,0.00081293828571,-0.0329902426286,0.00010942731429993031,1
96,1779936102147,0.00081293828571,-0.0329902426286,0.00010942731429993031,1
97,1779936102150,0.0012809382857099996,-0.0329629426286,-0.000729072685700034,1
98,1779936102153,0.0012809382857099996,-0.0329629426286,-0.000729072685700034,1
99,1779936102156,0.0012809382857099996,-0.0329629426286,-0.000729072685700034,1
100,1779936102159,0.0009572382857099999,-0.0330487426286,0.00024202731429996856,1
101,1779936102161,0.0009572382857099999,-0.0330487426286,0.00024202731429996856,1
102,1779936102164,0.0009572382857099999,-0.0330487426286,0.00024202731429996856,1
103,1779936102167,0.00077393828571,-0.0328108426286,-0.000385872685700046,1
104,1779936102170,0.00077393828571,-0.0328108426286,-0.000385872685700046,1
105,1779936102173,0.00077393828571,-0.0328108426286,-0.000385872685700046,1
106,1779936102175,0.0003371382857099998,-0.0331423426286,-0.0003273726856999736,1
107,1779936102178,0.0003371382857099998,-0.0331423426286,-0.0003273726856999736,1
108,1779936102181,0.0003371382857099998,-0.0331423426286,-0.000510672685699971,1
109,1779936102184,0.0007622382857100001,-0.032947342628599996,-0.000510672685699971,1
110,1779936102186,0.0007622382857100001,-0.032947342628599996,-0.000510672685699971,1
111,1779936102189,0.0007622382857100001,-0.0331969426286,0.00039802731430001355,1
112,1779936102192,0.0003332382857099995,-0.0331969426286,0.00039802731430001355,1
113,1779936102195,0.0003332382857099995,-0.0331969426286,0.00039802731430001355,1
114,1779936102197,0.0008636382857099998,-0.0329200426286,-0.00044437268570000736,1
115,1779936102200,0.0008636382857099998,-0.0329200426286,-0.00044437268570000736,1
116,1779936102203,0.0008636382857099998,-0.0329200426286,-0.00044437268570000736,1
117,1779936102206,0.0010391382857100001,-0.0328420426286,-0.00030007268570002125,1
118,1779936102209,0.0010391382857100001,-0.0328420426286,-0.00030007268570002125,1
119,1779936102211,0.0010391382857100001,-0.0328420426286,-0.00030007268570002125,1
120,1779936102214,0.0009416382857099998,-0.0327640426286,-3.8772685700001405e-05,1
121,1779936102217,0.0009416382857099998,-0.0327640426286,-3.8772685700001405e-05,1
122,1779936102220,0.0009416382857099998,-0.0327640426286,-3.8772685700001405e-05,1
123,1779936102223,0.0009026382857099998,-0.0322765426286,0.00011722731429993256,1
124,1779936102225,0.0009026382857099998,-0.0322765426286,0.00011722731429993256,1
0,1779936102309,0.0003215382857099996,-0.0332164426286,-0.00023377268570005764,1
1,1779936102323,0.0011093382857099996,-0.0326353426286,2.362731430001659e-05,1
2,1779936102326,0.0009221382857099994,-0.0325261426286,-0.000479472685700073,1
3,1779936102329,0.0009221382857099994,-0.0325261426286,-0.000479472685700073,1
4,1779936102332,0.0009221382857099994,-0.0325261426286,-0.000479472685700073,1
5,1779936102334,0.0007934382857099995,-0.0324949426286,-0.0008733726857000201,1
6,1779936102337,0.0007934382857099995,-0.0324949426286,-0.0008733726857000201,1
7,1779936102340,0.0007934382857099995,-0.0324949426286,-0.0008733726857000201,1
8,1779936102342,0.0005516382857100001,-0.0324286426286,-0.000354672685700037,1
9,1779936102345,0.0005516382857100001,-0.0324286426286,-0.000354672685700037,1
10,1779936102348,0.0005516382857100001,-0.0324286426286,-0.000354672685700037,1
11,1779936102351,0.00046973828570999986,-0.033091642628599996,-0.00036247268570003925,1
12,1779936102353,0.00046973828570999986,-0.033091642628599996,-0.00036247268570003925,1
13,1779936102356,0.00046973828570999986,-0.033091642628599996,-0.00036247268570003925,1
14,1779936102359,0.0007934382857099995,-0.032799142628599995,-0.0009747726857000493,1
15,1779936102362,0.0007934382857099995,-0.032799142628599995,-0.0009747726857000493,1
16,1779936102364,0.0007934382857099995,-0.032799142628599995,-0.0009747726857000493,1
17,1779936102367,0.0007544382857099996,-0.0333139426286,-5.827268570006254e-05,1
18,1779936102370,0.0007544382857099996,-0.0333139426286,-5.827268570006254e-05,1
19,1779936102373,0.0007544382857099996,-0.0333139426286,-5.827268570006254e-05,1
20,1779936102376,0.0010547382857099994,-0.0327835426286,-0.00047557268570001636,1
21,1779936102378,0.0010547382857099994,-0.0327835426286,-0.00047557268570001636,1
22,1779936102381,0.0010547382857099994,-0.0327835426286,-0.00047557268570001636,1
23,1779936102384,0.0005945382857099994,-0.0330136426286,0.00012892731429999145,1
24,1779936102387,0.0005945382857099994,-0.0330136426286,0.00012892731429999145,1
25,1779936102390,0.0005945382857099994,-0.0330136426286,-0.0007251726856999773,1
26,1779936102392,0.0011054382857100002,-0.0328342426286,-0.0007251726856999773,1
27,1779936102395,0.0011054382857100002,-0.0328342426286,-0.0007251726856999773,1
28,1779936102398,0.0011054382857100002,-0.0327406426286,-0.0002727726857000689,1
29,1779936102401,0.0007895382857100001,-0.0327406426286,-0.0002727726857000689,1
30,1779936102403,0.0007895382857100001,-0.0327406426286,-0.0002727726857000689,1
31,1779936102406,0.0009611382857100002,-0.0326392426286,-8.947268570007154e-05,1
32,1779936102409,0.0009611382857100002,-0.0326392426286,-8.947268570007154e-05,1
33,1779936102412,0.0009611382857100002,-0.0326392426286,-8.947268570007154e-05,1
34,1779936102415,0.0009611382857100002,-0.0329278426286,-0.00023377268570005764,1
35,1779936102417,0.0009611382857100002,-0.0329278426286,-0.00023377268570005764,1
36,1779936102420,0.0009611382857100002,-0.0329278426286,-0.00023377268570005764,1
37,1779936102423,0.0006920382857099998,-0.0329785426286,-0.00085387268570007,1
38,1779936102426,0.0006920382857099998,-0.0329785426286,-0.00085387268570007,1
39,1779936102429,0.0006920382857099998,-0.0329785426286,-0.00085387268570007,1
40,1779936102431,0.0006218382857099995,-0.0329590426286,-0.0005028726856999687,1
41,1779936102434,0.0006218382857099995,-0.0329590426286,-0.0005028726856999687,1
42,1779936102437,0.0006218382857099995,-0.0329590426286,-0.0005028726856999687,1
43,1779936102440,0.0007817382857099996,-0.0330370426286,-0.0003117726856999691,1
44,1779936102443,0.0007817382857099996,-0.0330370426286,-0.0003117726856999691,1
45,1779936102445,0.0007817382857099996,-0.0330370426286,-0.0003117726856999691,1
46,1779936102448,0.0005399382857100002,-0.0329278426286,-0.000448272685700064,1
47,1779936102451,0.0005399382857100002,-0.0329278426286,-0.000448272685700064,1
48,1779936102454,0.0005399382857100002,-0.0329278426286,0.00014842731429994156,1
49,1779936102456,0.0007310382857099998,-0.0333412426286,0.00014842731429994156,1
50,1779936102459,0.0007310382857099998,-0.0333412426286,0.00014842731429994156,1
51,1779936102462,0.0007310382857099998,-0.0330097426286,-5.4372685700005904e-05,1
52,1779936102465,0.00073493828571,-0.0330097426286,-5.4372685700005904e-05,1
53,1779936102468,0.00073493828571,-0.0330097426286,-5.4372685700005904e-05,1
54,1779936102470,0.00070763828571,-0.0331696426286,-0.00036637268569998487,1
55,1779936102473,0.00070763828571,-0.0331696426286,-0.00036637268569998487,1
56,1779936102476,0.00070763828571,-0.0331696426286,-0.00036637268569998487,1
57,1779936102479,0.00111713828571,-0.0327874426286,-0.0004638726857000685,1
58,1779936102482,0.00111713828571,-0.0327874426286,-0.0004638726857000685,1
59,1779936102485,0.00111713828571,-0.0327874426286,-0.0004638726857000685,1
60,1779936102487,0.0009026382857099998,-0.0331618426286,-0.0006822726857000205,1
61,1779936102490,0.0009026382857099998,-0.0331618426286,-0.0006822726857000205,1
62,1779936102493,0.0009026382857099998,-0.0331618426286,-0.0006822726857000205,1
63,1779936102496,0.0005945382857099994,-0.0326665426286,-0.0007134726857000295,1
64,1779936102499,0.0005945382857099994,-0.0326665426286,-0.0007134726857000295,1
65,1779936102501,0.0005945382857099994,-0.0326665426286,-0.0007134726857000295,1
66,1779936102504,0.0008207382857099996,-0.0331267426286,7.042731430003009e-05,1
67,1779936102507,0.0008207382857099996,-0.0331267426286,7.042731430003009e-05,1
68,1779936102510,0.0008207382857099996,-0.0331267426286,-0.0005496726856999822,1
69,1779936102513,0.0004658382857099996,-0.0325573426286,-0.0005496726856999822,1
70,1779936102515,0.0004658382857099996,-0.0325573426286,-0.0005496726856999822,1
71,1779936102518,0.00045023828570999944,-0.0329863426286,-1.9272685700051292e-05,1
72,1779936102521,0.00045023828570999944,-0.0329863426286,-1.9272685700051292e-05,1
73,1779936102524,0.00045023828570999944,-0.0329863426286,-1.9272685700051292e-05,1
74,1779936102526,0.0008558382857100002,-0.0326977426286,-0.0006276726857000047,1
75,1779936102529,0.0008558382857100002,-0.0326977426286,-0.0006276726857000047,1
76,1779936102532,0.0008558382857100002,-0.0326977426286,-0.0006276726857000047,1
77,1779936102535,0.0009143382857099997,-0.0328147426286,-0.000479472685700073,1
78,1779936102537,0.0009143382857099997,-0.0328147426286,-0.000479472685700073,1
79,1779936102540,0.0009143382857099997,-0.0328147426286,-0.000479472685700073,1
80,1779936102543,0.00111713828571,-0.0331306426286,-0.0003390726857000325,1
81,1779936102546,0.00111713828571,-0.0331306426286,-0.0003390726857000325,1
82,1779936102549,0.00111713828571,-0.0331306426286,-0.0003390726857000325,1
83,1779936102552,0.0011756382857099996,-0.0330331426286,-0.00024937268570006214,1
84,1779936102555,0.0011756382857099996,-0.0330331426286,-0.00024937268570006214,1
85,1779936102557,0.0011756382857099996,-0.0330331426286,-0.00024937268570006214,1
86,1779936102560,0.0006062382857100002,-0.0332437426286,-0.00022207268569999876,1
87,1779936102563,0.0006062382857100002,-0.0332437426286,-0.00022207268569999876,1
88,1779936102566,0.0006062382857100002,-0.0332437426286,-0.00022207268569999876,1
89,1779936102568,0.00056333828571,-0.032943442628599995,-0.00012067268569996951,1
90,1779936102571,0.00056333828571,-0.032943442628599995,-0.00012067268569996951,1
91,1779936102574,0.00056333828571,-0.032943442628599995,-0.00012067268569996951,1
92,1779936102577,0.0006881382857099995,-0.0330994426286,-0.0002142726856999965,1
93,1779936102579,0.0006881382857099995,-0.0330994426286,-0.0002142726856999965,1
94,1779936102582,0.0006881382857099995,-0.0326977426286,-0.0002883726857000734,1
95,1779936102585,0.0007544382857099996,-0.0326977426286,-0.0002883726857000734,1
96,1779936102588,0.0007544382857099996,-0.0326977426286,-0.0002883726857000734,1
97,1779936102591,0.0008675382857100001,-0.0330955426286,-0.00013627268569997401,1
98,1779936102593,0.0008675382857100001,-0.0330955426286,-0.00013627268569997401,1
99,1779936102596,0.0008675382857100001,-0.0330955426286,-0.00013627268569997401,1
100,1779936102599,0.0007661382857099995,-0.032608042628599995,-0.00042877268570000286,1
101,1779936102602,0.0007661382857099995,-0.032608042628599995,-0.00042877268570000286,1
102,1779936102605,0.0007661382857099995,-0.032608042628599995,-0.00042877268570000286,1
103,1779936102607,0.0009923382857099997,-0.0327094426286,-0.00036637268569998487,1
104,1779936102610,0.0009923382857099997,-0.0327094426286,-0.00036637268569998487,1
105,1779936102613,0.0009923382857099997,-0.0327094426286,-0.00036637268569998487,1
106,1779936102616,0.0010157382857099995,-0.032463742628599995,-0.000323472685700028,1
107,1779936102618,0.0010157382857099995,-0.032463742628599995,-0.000323472685700028,1
108,1779936102621,0.0010157382857099995,-0.032463742628599995,-0.000323472685700028,1
109,1779936102624,0.0009728382857100001,-0.0328615426286,1.1927314299957706e-05,1
110,1779936102627,0.0009728382857100001,-0.0328615426286,1.1927314299957706e-05,1
111,1779936102630,0.0009728382857100001,-0.0328615426286,1.1927314299957706e-05,1
112,1779936102632,0.0006452382857100002,-0.0326977426286,-0.00010507268569996502,1
113,1779936102635,0.0006452382857100002,-0.0326977426286,-0.00010507268569996502,1
114,1779936102638,0.0006452382857100002,-0.0326977426286,-0.00010507268569996502,1
115,1779936102641,0.0008480382857099997,-0.0330019426286,-0.00014017268570003065,1
116,1779936102643,0.0008480382857099997,-0.0330019426286,-0.00014017268570003065,1
117,1779936102646,0.0008480382857099997,-0.0330019426286,-0.0004014726857000505,1
118,1779936102649,0.0006725382857100002,-0.0331189426286,-0.0004014726857000505,1
119,1779936102652,0.0006725382857100002,-0.0331189426286,-0.0004014726857000505,1
120,1779936102654,0.0006725382857100002,-0.0331735426286,-0.0001947726857000464,1
121,1779936102657,0.00041123828570999946,-0.0331735426286,-0.0001947726857000464,1
122,1779936102660,0.00041123828570999946,-0.0331735426286,-0.0001947726857000464,1
123,1779936102663,0.0009221382857099994,-0.0332632426286,-0.0007134726857000295,1
124,1779936102665,0.0009221382857099994,-0.0332632426286,-0.0007134726857000295,1
0,1779936102765,0.0011600382857099995,-0.0329551426286,-0.0003390726857000325,1
1,1779936102768,0.0008324382857099995,-0.0328303426286,-0.00042877268570000286,1
2,1779936102771,0.0008324382857099995,-0.0328303426286,-0.00042877268570000286,1
3,1779936102773,0.0008324382857099995,-0.0328303426286,-0.00042877268570000286,1
4,1779936102776,0.0009104382857099995,-0.0329083426286,-0.00020257268570004865,1
5,1779936102779,0.0009104382857099995,-0.0329083426286,-0.00020257268570004865,1
6,1779936102781,0.0009104382857099995,-0.0329083426286,-0.00020257268570004865,1
7,1779936102784,0.0011249382857099997,-0.033021442628599997,-0.0006393726857000636,1
8,1779936102787,0.0011249382857099997,-0.033021442628599997,-0.0006393726857000636,1
9,1779936102790,0.0011249382857099997,-0.033021442628599997,-0.0006393726857000636,1
10,1779936102792,0.00091823828571,-0.0328108426286,0.0002147273143000162,1
11,1779936102795,0.00091823828571,-0.0328108426286,0.0002147273143000162,1
12,1779936102798,0.00091823828571,-0.0328108426286,0.0002147273143000162,1
13,1779936102801,0.0010352382857099999,-0.0334621426286,-0.00036637268569998487,1
14,1779936102803,0.0010352382857099999,-0.0334621426286,-0.00036637268569998487,1
15,1779936102806,0.0010352382857099999,-0.0334621426286,-0.00036637268569998487,1
16,1779936102809,0.00035273828570999994,-0.032654842628599995,-3.8772685700001405e-05,1
17,1779936102812,0.00035273828570999994,-0.032654842628599995,-3.8772685700001405e-05,1
18,1779936102814,0.00035273828570999994,-0.032654842628599995,-3.8772685700001405e-05,1
19,1779936102817,0.0008714382857099995,-0.033189142628599996,-0.00033517268569997587,1
20,1779936102820,0.0008714382857099995,-0.033189142628599996,-0.00033517268569997587,1
21,1779936102823,0.0008714382857099995,-0.033189142628599996,0.0001874273142999528,1
22,1779936102825,0.0004892382857099994,-0.0327250426286,0.0001874273142999528,1
23,1779936102828,0.0004892382857099994,-0.0327250426286,0.0001874273142999528,1
24,1779936102831,0.0004892382857099994,-0.0327250426286,-0.0006120726857000002,1
25,1779936102833,0.0010742382857099999,-0.0326236426286,-0.0006120726857000002,1
26,1779936102836,0.0010742382857099999,-0.0326236426286,-0.0006120726857000002,1
27,1779936102839,0.0010742382857099999,-0.0326236426286,-0.000604272685699998,1
28,1779936102841,0.00080123828571,-0.0326392426286,-0.000604272685699998,1
29,1779936102844,0.00080123828571,-0.0326392426286,-0.000604272685699998,1
30,1779936102847,0.00080123828571,-0.0322024426286,-0.0007251726856999773,1
31,1779936102850,0.0010079382857099998,-0.0322024426286,-0.0007251726856999773,1
32,1779936102854,0.0010079382857099998,-0.0322024426286,-0.0007251726856999773,1
33,1779936102857,0.0006062382857100002,-0.0318709426286,-0.00042877268570000286,1
34,1779936102859,0.0006062382857100002,-0.0318709426286,-0.00042877268570000286,1
35,1779936102863,0.0006062382857100002,-0.0318709426286,-0.000479472685700073,1
36,1779936102866,0.00094553828571,-0.0318787426286,-0.000479472685700073,1
37,1779936102868,0.00094553828571,-0.0318787426286,-0.000479472685700073,1
38,1779936102872,0.0008285382857100001,-0.0323389426286,-8.947268570007154e-05,1
39,1779936102875,0.0008285382857100001,-0.0323389426286,-8.947268570007154e-05,1
40,1779936102877,0.0008285382857100001,-0.0323389426286,-8.947268570007154e-05,1
41,1779936102880,0.0010001382857100002,-0.0331735426286,-0.0001791726857000419,1
42,1779936102883,0.0010001382857100002,-0.0331735426286,-0.0001791726857000419,1
43,1779936102886,0.0010001382857100002,-0.0331735426286,-0.0001791726857000419,1
44,1779936102888,0.0009065382857100001,-0.0332788426286,-0.00030007268570002125,1
45,1779936102891,0.0009065382857100001,-0.0332788426286,-0.00030007268570002125,1
46,1779936102894,0.0009065382857100001,-0.0332788426286,-0.00030007268570002125,1
47,1779936102896,0.0010430382857099995,-0.0340861426286,0.00021082731429995956,1
48,1779936102899,0.0010430382857099995,-0.0340861426286,0.00021082731429995956,1
49,1779936102902,0.0010430382857099995,-0.0340861426286,0.00021082731429995956,1
50,1779936102905,0.0005087382857099998,-0.0342109426286,-0.00041317268569999836,1
51,1779936102907,0.0005087382857099998,-0.0342109426286,-0.00041317268569999836,1
52,1779936102910,0.0005087382857099998,-0.0342109426286,-0.00041317268569999836,1
53,1779936102913,0.0002123382857100002,-0.0339613426286,0.0001562273142999438,1
54,1779936102916,0.0002123382857100002,-0.0339613426286,0.0001562273142999438,1
55,1779936102918,0.0002123382857100002,-0.0339613426286,0.0001562273142999438,1
56,1779936102921,0.0009377382857099995,-0.033310042628599996,-0.0002766726857000145,1
57,1779936102924,0.0009377382857099995,-0.033310042628599996,-0.0002766726857000145,1
58,1779936102926,0.0009377382857099995,-0.033310042628599996,-0.0002766726857000145,1
59,1779936102929,0.0007466382857099999,-0.0328927426286,-2.7072685700053542e-05,1
60,1779936102932,0.0007466382857099999,-0.0328927426286,-2.7072685700053542e-05,1
61,1779936102935,0.0007466382857099999,-0.0328927426286,-0.000822672685700061,1
62,1779936102938,0.0012653382857099995,-0.0326665426286,-0.000822672685700061,1
63,1779936102941,0.0012653382857099995,-0.0326665426286,-0.000822672685700061,1
64,1779936102943,0.0007193382857099999,-0.0325261426286,8.212731429997795e-05,1
65,1779936102946,0.0007193382857099999,-0.0325261426286,8.212731429997795e-05,1
66,1779936102949,0.0007193382857099999,-0.0325261426286,8.212731429997795e-05,1
67,1779936102952,0.0010820382857099995,-0.0324520426286,-0.0009201726857000336,1
68,1779936102955,0.0010820382857099995,-0.0324520426286,-0.0009201726857000336,1
69,1779936102958,0.0010820382857099995,-0.0324520426286,-0.0009201726857000336,1
70,1779936102961,0.00070763828571,-0.0320152426286,-0.0005184726856999732,1
71,1779936102964,0.00070763828571,-0.0320152426286,-0.0005184726856999732,1
72,1779936102966,0.00070763828571,-0.0320152426286,-0.0005184726856999732,1
73,1779936102969,0.00070763828571,-0.0325261426286,-7.572685699992407e-06,1
74,1779936102972,0.00070763828571,-0.0325261426286,-7.572685699992407e-06,1
75,1779936102975,0.00070763828571,-0.0325261426286,-7.572685699992407e-06,1
76,1779936102977,0.0004034382857099998,-0.0327445426286,0.0001055273142999847,1
77,1779936102980,0.0004034382857099998,-0.0327445426286,0.0001055273142999847,1
78,1779936102986,0.0004073382857100001,-0.0332086426286,-0.0003429726856999781,1
79,1779936102988,0.0004073382857100001,-0.0332086426286,-0.0003429726856999781,1
80,1779936102991,0.0004073382857100001,-0.033598642628599996,-5.047268570006029e-05,1
81,1779936102994,0.0005555382857099994,-0.033598642628599996,-5.047268570006029e-05,1
82,1779936102997,0.0005555382857099994,-0.033598642628599996,-5.047268570006029e-05,1
83,1779936102999,0.0005555382857099994,-0.0339145426286,0.00019522731429995506,1
84,1779936103002,0.0012653382857099995,-0.0339145426286,0.00019522731429995506,1
85,1779936103005,0.0012653382857099995,-0.0339145426286,0.00019522731429995506,1
86,1779936103007,0.0010859382857099998,-0.0338950426286,-0.0004833726857000186,1
87,1779936103010,0.0010859382857099998,-0.0338950426286,-0.0004833726857000186,1
88,1779936103013,0.0010859382857099998,-0.0338950426286,-0.0004833726857000186,1
89,1779936103016,0.0001070382857100002,-0.0321361426286,-0.0002454726857000055,1
90,1779936103018,0.0001070382857100002,-0.0321361426286,-0.0002454726857000055,1
91,1779936103021,0.0001070382857100002,-0.0321361426286,-0.0002454726857000055,1
92,1779936103024,0.0008753382857099997,-0.0340159426286,0.0017357273143000108,2
93,1779936103027,0.0008753382857099997,-0.0340159426286,0.0017357273143000108,2
94,1779936103030,0.0008753382857099997,-0.0340159426286,0.0017357273143000108,2
95,1779936103033,0.00459203828571,-0.0305800426286,-0.005916072685699976,2
96,1779936103035,0.00459203828571,-0.0305800426286,-0.005916072685699976,2
97,1779936103038,0.00459203828571,-0.0305800426286,-0.005916072685699976,2
98,1779936103041,-0.0022524617142900003,-0.0329824426286,0.0022271273142999305,2
99,1779936103044,-0.0022524617142900003,-0.0329824426286,0.0022271273142999305,2
100,1779936103046,-0.0022524617142900003,-0.0329824426286,0.0022271273142999305,2
101,1779936103049,-0.00036096171429000033,-0.0333451426286,0.00241822731429993,2
102,1779936103052,-0.00036096171429000033,-0.0333451426286,0.00241822731429993,2
103,1779936103055,-0.00036096171429000033,-0.0333451426286,-0.003993372685700032,1
104,1779936103058,0.002010238285709999,-0.0301549426286,-0.003993372685700032,2
105,1779936103061,0.002010238285709999,-0.0301549426286,-0.003993372685700032,2
106,1779936103064,0.00030203828571000006,-0.0328615426286,0.0011546273143000097,1
107,1779936103067,0.00030203828571000006,-0.0328615426286,0.0011546273143000097,1
108,1779936103069,0.00030203828571000006,-0.0328615426286,0.0011546273143000097,1
109,1779936103072,0.00249383828571,-0.0321556426286,-2.3172685699996906e-05,2
110,1779936103075,0.00249383828571,-0.0321556426286,-2.3172685699996906e-05,2
111,1779936103077,0.00249383828571,-0.0321556426286,-2.3172685699996906e-05,2
112,1779936103080,-0.0005169617142900002,-0.0330331426286,-4.6572685700003655e-05,1
113,1779936103083,-0.0005169617142900002,-0.0330331426286,-4.6572685700003655e-05,1
114,1779936103085,-0.0005169617142900002,-0.0330331426286,-4.6572685700003655e-05,1
115,1779936103088,0.00069593828571,-0.033809242628599995,0.0015329273142999523,1
116,1779936103091,0.00069593828571,-0.033809242628599995,0.0015329273142999523,1
117,1779936103094,0.00069593828571,-0.033809242628599995,0.0015329273142999523,1
118,1779936103097,0.0020960382857099997,-0.0324208426286,-0.0016689726857000275,2
119,1779936103100,0.0020960382857099997,-0.0324208426286,-0.0016689726857000275,2
120,1779936103102,0.0020960382857099997,-0.0324208426286,-0.0016689726857000275,2
121,1779936103105,-1.3861714289999973e-05,-0.0341446426286,-0.0011697726856999945,1
122,1779936103108,-1.3861714289999973e-05,-0.0341446426286,-0.0011697726856999945,1
123,1779936103111,-1.3861714289999973e-05,-0.0341446426286,-0.0011697726856999945,1
124,1779936103114,0.0003605382857099996,-0.0342343426286,0.0007061273142999359,1
0,1779936103211,6.803828571000023e-05,-0.0324988426286,0.0008309273142999719,1
1,1779936103214,0.005481238285709999,-0.0338053426286,-0.004254672685700052,2
2,1779936103217,-0.00203796171429,-0.030954442628599997,-0.0017547726857000522,2
3,1779936103220,-0.00203796171429,-0.030954442628599997,-0.0017547726857000522,2
4,1779936103223,-0.00203796171429,-0.030954442628599997,-0.0017547726857000522,2
5,1779936103226,-0.0020067617142900005,-0.0374362426286,0.0074102273142999265,2
6,1779936103228,-0.0020067617142900005,-0.0374362426286,0.0074102273142999265,2
7,1779936103232,-0.0020067617142900005,-0.0374362426286,-0.00911407268570001,2
8,1779936103235,0.00809033828571,-0.0289264426286,-0.00911407268570001,2
9,1779936103238,0.00809033828571,-0.0289264426286,-0.00911407268570001,2
10,1779936103241,-0.00585606171429,-0.0351313426286,0.00442672731430001,2
11,1779936103244,-0.00585606171429,-0.0351313426286,0.00442672731430001,2
12,1779936103246,-0.00585606171429,-0.0351313426286,0.00442672731430001,2
13,1779936103249,0.0015656382857100002,-0.0349480426286,0.0027341273142999657,2
14,1779936103252,0.0015656382857100002,-0.0349480426286,0.0027341273142999657,2
15,1779936103255,0.0015656382857100002,-0.0349480426286,0.0027341273142999657,2
16,1779936103257,0.00593363828571,-0.028910842628599998,-0.008271672685699989,2
17,1779936103260,0.00593363828571,-0.028910842628599998,-0.008271672685699989,2
18,1779936103263,0.00593363828571,-0.028910842628599998,-0.008271672685699989,2
19,1779936103266,-0.00526326171429,-0.0341914426286,0.005959427314299952,2
20,1779936103269,-0.00526326171429,-0.0341914426286,0.005959427314299952,2
21,1779936103271,-0.00526326171429,-0.0341914426286,0.005959427314299952,2
22,1779936103274,0.003796438285709999,-0.0323857426286,0.0008153273142999674,2
23,1779936103277,0.003796438285709999,-0.0323857426286,0.0008153273142999674,2
24,1779936103280,0.003796438285709999,-0.0323857426286,-0.0064464726857000176,2
25,1779936103283,0.0024392382857099998,-0.030326542628599996,-0.0064464726857000176,2
26,1779936103286,0.0024392382857099998,-0.030326542628599996,-0.0064464726857000176,2
27,1779936103288,-0.0021861617142900002,-0.0345463426286,0.00442672731430001,2
28,1779936103291,-0.0021861617142900002,-0.0345463426286,0.00442672731430001,2
29,1779936103294,-0.0021861617142900002,-0.0345463426286,0.00442672731430001,2
30,1779936103297,0.00428003828571,-0.0312820426286,-0.001310172685700035,2
31,1779936103299,0.00428003828571,-0.0312820426286,-0.001310172685700035,2
32,1779936103302,0.00428003828571,-0.0312820426286,-0.001310172685700035,2
33,1779936103305,-0.0005247617142899999,-0.0323545426286,-0.0030612726857000404,1
34,1779936103308,-0.0005247617142899999,-0.0323545426286,-0.0030612726857000404,1
35,1779936103311,-0.0005247617142899999,-0.0323545426286,-0.0030612726857000404,1
36,1779936103313,-0.0015699617142900003,-0.0347920426286,0.003580427314299932,2
37,1779936103317,-0.0015699617142900003,-0.0347920426286,0.003580427314299932,2
38,1779936103319,-0.0015699617142900003,-0.0347920426286,0.003580427314299932,2
39,1779936103322,0.0036716382857099996,-0.0323077426286,-0.0027492726857000615,2
40,1779936103325,0.0036716382857099996,-0.0323077426286,-0.0027492726857000615,2
41,1779936103327,0.0036716382857099996,-0.0323077426286,-0.0027492726857000615,2
42,1779936103331,-0.0006261617142900005,-0.0341212426286,-0.0009864726856999972,1
43,1779936103334,-0.0006261617142900005,-0.0341212426286,-0.0009864726856999972,1
44,1779936103337,0.00141743828571,-0.0349051426286,0.00334252731430003,2
45,1779936103340,0.00141743828571,-0.0349051426286,0.00334252731430003,2
46,1779936103343,0.00141743828571,-0.0349051426286,0.00334252731430003,2
47,1779936103346,0.00295793828571,-0.0319255426286,-0.0031314726857000607,2
48,1779936103349,0.00295793828571,-0.0319255426286,-0.0031314726857000607,2
49,1779936103352,0.00295793828571,-0.0319255426286,-0.0031314726857000607,2
50,1779936103354,-0.00168306171429,-0.0340861426286,0.0003434273142999978,1
51,1779936103357,-0.00168306171429,-0.0340861426286,0.0003434273142999978,1
52,1779936103360,-0.00168306171429,-0.0340861426286,0.0003434273142999978,1
53,1779936103363,0.00140573828571,-0.0327796426286,0.001443227314299982,1
54,1779936103365,0.00140573828571,-0.0327796426286,0.001443227314299982,1
55,1779936103368,0.00140573828571,-0.0312079426286,-0.0026439726856999756,1
56,1779936103371,0.0008948382857100002,-0.0312079426286,-0.0026439726856999756,1
57,1779936103374,0.0008948382857100002,-0.0312079426286,-0.0026439726856999756,1
58,1779936103377,0.0008948382857100002,-0.0333412426286,0.0001211273142999892,1
59,1779936103379,-0.00033366171429000026,-0.0333412426286,0.0001211273142999892,1
60,1779936103382,-0.00033366171429000026,-0.0333412426286,0.0001211273142999892,1
61,1779936103385,0.00197123828571,-0.032366242628599995,-0.000198672685699992,2
62,1779936103388,0.00197123828571,-0.032366242628599995,-0.000198672685699992,2
63,1779936103390,0.00197123828571,-0.032366242628599995,-0.000198672685699992,2
64,1779936103393,2.513828571e-05,-0.0330292426286,-0.0008889726857000246,1
65,1779936103396,2.513828571e-05,-0.0330292426286,-0.0008889726857000246,1
66,1779936103399,2.513828571e-05,-0.0330292426286,-0.0008889726857000246,1
67,1779936103402,0.0005321382857099996,-0.0337858426286,0.0011390273143000052,1
68,1779936103404,0.0005321382857099996,-0.0337858426286,0.0011390273143000052,1
69,1779936103407,0.0005321382857099996,-0.0337858426286,0.0011390273143000052,1
70,1779936103410,0.00225983828571,-0.0326470426286,-0.0017118726856999843,2
71,1779936103413,0.00225983828571,-0.0326470426286,-0.0017118726856999843,2
72,1779936103416,0.00225983828571,-0.0326470426286,-0.0017118726856999843,2
73,1779936103418,-0.00114486171429,-0.0326665426286,0.00014842731429994156,1
74,1779936103421,-0.00114486171429,-0.0326665426286,0.00014842731429994156,1
75,1779936103424,-0.00114486171429,-0.0338677426286,0.0016694273142999361,1
76,1779936103428,0.0008675382857100001,-0.0338677426286,0.0016694273142999361,1
77,1779936103431,0.0008675382857100001,-0.0338677426286,0.0016694273142999361,1
78,1779936103433,0.00145643828571,-0.0325768426286,-0.001891272685700036,1
79,1779936103436,0.00145643828571,-0.0325768426286,-0.001891272685700036,1
80,1779936103439,0.00145643828571,-0.0325768426286,-0.001891272685700036,1
81,1779936103442,0.00015383828570999982,-0.0336961426286,-0.0007485726856999841,1
82,1779936103444,0.00015383828570999982,-0.0336961426286,-0.0007485726856999841,1
83,1779936103447,0.00015383828570999982,-0.0336961426286,-0.0007485726856999841,1
84,1779936103450,0.0009377382857099995,-0.0330175426286,0.0014159273143000296,1
85,1779936103453,0.0009377382857099995,-0.0330175426286,0.0014159273143000296,1
86,1779936103456,0.0009377382857099995,-0.0330175426286,0.0014159273143000296,1
87,1779936103459,0.00148373828571,-0.0325222426286,-0.0018756726857000316,1
88,1779936103462,0.00148373828571,-0.0325222426286,-0.0018756726857000316,1
89,1779936103464,0.00148373828571,-0.0325222426286,-0.0014544726857000211,1
90,1779936103467,0.00077393828571,-0.0331189426286,-0.0014544726857000211,1
91,1779936103470,0.00077393828571,-0.0331189426286,-0.0014544726857000211,1
92,1779936103473,0.0010781382857100001,-0.0328264426286,0.0005579273143000042,1
93,1779936103475,0.0010781382857100001,-0.0328264426286,0.0005579273143000042,1
94,1779936103478,0.0010781382857100001,-0.0328264426286,0.0005579273143000042,1
95,1779936103481,0.0004268382857099996,-0.0324130426286,-0.0006471726857000659,1
96,1779936103484,0.0004268382857099996,-0.0324130426286,-0.0006471726857000659,1
97,1779936103487,0.0004268382857099996,-0.0324130426286,-0.0006471726857000659,1
98,1779936103490,0.00013043828571,-0.0327718426286,-0.0006939726856999683,1
99,1779936103493,0.00013043828571,-0.0327718426286,-0.0006939726856999683,1
100,1779936103495,0.00013043828571,-0.0327718426286,-0.0006939726856999683,1
101,1779936103498,0.0016085382857099996,-0.032319442628599995,-0.0002766726857000145,1
102,1779936103501,0.0016085382857099996,-0.032319442628599995,-0.0002766726857000145,1
103,1779936103504,0.0016085382857099996,-0.032319442628599995,-0.0002766726857000145,1
104,1779936103506,0.0003332382857099995,-0.0324052426286,-0.0004209726857000006,1
105,1779936103509,0.0003332382857099995,-0.0324052426286,-0.0004209726857000006,1
106,1779936103512,0.0003332382857099995,-0.0324052426286,-0.0004209726857000006,1
107,1779936103515,0.00084023828571,-0.0335050426286,-6.99726857000104e-05,1
108,1779936103517,0.00084023828571,-0.0335050426286,-6.99726857000104e-05,1
109,1779936103521,0.00084023828571,-0.0336610426286,-0.0004989726857000231,1
110,1779936103524,0.0017645382857099995,-0.0336610426286,-0.0004989726857000231,2
111,1779936103527,0.0017645382857099995,-0.0336610426286,-0.0004989726857000231,2
112,1779936103530,0.00081293828571,-0.0338989426286,-0.0005028726856999687,1
113,1779936103533,0.00081293828571,-0.0338989426286,-0.0005028726856999687,1
114,1779936103536,0.00081293828571,-0.0338989426286,-0.0005028726856999687,1
115,1779936103539,-0.00068466171429,-0.033138442628599996,0.000694427314299988,1
116,1779936103542,-0.00068466171429,-0.033138442628599996,0.000694427314299988,1
117,1779936103544,-0.00068466171429,-0.033138442628599996,-0.0004989726857000231,1
118,1779936103547,0.0007895382857100001,-0.0325339426286,-0.0004989726857000231,1
119,1779936103550,0.0007895382857100001,-0.0325339426286,-0.0004989726857000231,1
120,1779936103553,0.0010781382857100001,-0.0320854426286,-0.0006159726857000569,1
121,1779936103556,0.0010781382857100001,-0.0320854426286,-0.0006159726857000569,1
122,1779936103558,0.0010781382857100001,-0.0320854426286,-0.0006159726857000569,1
123,1779936103561,0.00094553828571,-0.0327718426286,-0.00012847268569997176,1
124,1779936103564,0.00094553828571,-0.0327718426286,-0.00012847268569997176,1
0,1779936103661,-0.0001308617142899999,-0.0329044426286,-0.00042487268570005725,1
1,1779936103663,0.0010040382857099996,-0.0320074426286,-0.0005691726857000434,1
2,1779936103666,0.0006608382857099995,-0.0325924426286,-0.0004326726857000595,1
3,1779936103669,0.0006608382857099995,-0.0325924426286,-0.0004326726857000595,1
4,1779936103672,0.0006608382857099995,-0.0325924426286,-0.0004326726857000595,1
5,1779936103675,0.0004268382857099996,-0.0331111426286,0.0001562273142999438,1
6,1779936103678,0.0004268382857099996,-0.0331111426286,0.0001562273142999438,1
7,1779936103680,0.0004268382857099996,-0.0331111426286,0.0001562273142999438,1
8,1779936103683,0.0015656382857100002,-0.0331540426286,-0.000978672685699995,1
9,1779936103686,0.0015656382857100002,-0.0331540426286,-0.000978672685699995,1
10,1779936103689,0.0015656382857100002,-0.0331540426286,-0.000978672685699995,1
11,1779936103691,0.0001928382857099998,-0.0333646426286,5.0927314299968954e-05,1
12,1779936103694,0.0001928382857099998,-0.0333646426286,5.0927314299968954e-05,1
13,1779936103697,0.0001928382857099998,-0.0333646426286,5.0927314299968954e-05,1
14,1779936103700,-0.0007743617142899999,-0.0332671426286,0.002211527314300037,2
15,1779936103703,-0.0007743617142899999,-0.0332671426286,0.002211527314300037,2
16,1779936103705,-0.0007197617142900006,-0.0323623426286,4.702731430002334e-05,1
17,1779936103708,-0.0007197617142900006,-0.0323623426286,4.702731430002334e-05,1
18,1779936103711,-0.0007197617142900006,-0.0323623426286,4.702731430002334e-05,1
19,1779936103714,0.00758333828571,-0.033091642628599996,-0.007199172685700068,2
20,1779936103718,0.00758333828571,-0.033091642628599996,-0.007199172685700068,2
21,1779936103721,0.00758333828571,-0.033091642628599996,-0.0018327726856999637,2
22,1779936103724,0.00073493828571,-0.0302914426286,-0.0018327726856999637,1
23,1779936103727,0.00073493828571,-0.0302914426286,-0.0018327726856999637,1
24,1779936103729,-0.00907746171429,-0.0349870426286,0.011977127314299967,2
25,1779936103732,-0.00907746171429,-0.0349870426286,0.011977127314299967,2
26,1779936103735,-0.00907746171429,-0.0349870426286,0.011977127314299967,2
27,1779936103738,0.007868038285709998,-0.0330955426286,-0.007296672685700041,2
28,1779936103740,0.007868038285709998,-0.0330955426286,-0.007296672685700041,2
29,1779936103743,0.007868038285709998,-0.0330955426286,-0.007296672685700041,2
30,1779936103746,0.00523553828571,-0.0287080426286,-0.009281772685700003,2
31,1779936103749,0.00523553828571,-0.0287080426286,-0.009281772685700003,2
32,1779936103752,0.00523553828571,-0.0287080426286,-0.009281772685700003,2
33,1779936103754,-0.0061056617142900005,-0.0348895426286,0.01141162731429997,2
34,1779936103757,-0.0061056617142900005,-0.0348895426286,0.01141162731429997,2
35,1779936103760,-0.0061056617142900005,-0.0348895426286,0.01141162731429997,2
36,1779936103763,0.0008363382857099998,-0.0311416426286,0.0002342273142999663,1
37,1779936103766,0.0008363382857099998,-0.0311416426286,0.0002342273142999663,1
38,1779936103769,0.0008363382857099998,-0.0311416426286,0.0002342273142999663,1
39,1779936103772,0.00454523828571,-0.0332398426286,-0.007873872685699985,2
40,1779936103774,0.00454523828571,-0.0332398426286,-0.007873872685699985,2
41,1779936103777,0.00454523828571,-0.0332398426286,0.0028823273143000084,2
42,1779936103780,-0.0003804617142899999,-0.0345385426286,0.0028823273143000084,2
43,1779936103783,-0.0003804617142899999,-0.0345385426286,0.0028823273143000084,2
44,1779936103785,-0.0003804617142899999,-0.0329356426286,0.0019073273142999492,2
45,1779936103788,9.533828570999943e-05,-0.0329356426286,0.0019073273142999492,2
46,1779936103791,9.533828570999943e-05,-0.0329356426286,0.0019073273142999492,2
47,1779936103794,-0.00024006171429000016,-0.0355798426286,-0.0004209726857000006,1
48,1779936103797,-0.00024006171429000016,-0.0355798426286,-0.0004209726857000006,1
49,1779936103800,-0.00024006171429000016,-0.0355798426286,-0.0004209726857000006,1
50,1779936103802,0.004108438285709999,-0.0339769426286,-0.003127572685700004,2
51,1779936103805,0.004108438285709999,-0.0339769426286,-0.003127572685700004,2
52,1779936103808,0.004108438285709999,-0.0339769426286,-0.003127572685700004,2
53,1779936103811,0.00013823828570999966,-0.0325768426286,0.00025762731429997306,1
54,1779936103814,0.00013823828570999966,-0.0325768426286,0.00025762731429997306,1
55,1779936103817,0.00013823828570999966,-0.0325768426286,0.004227827314300008,2
56,1779936103820,-0.00320016171429,-0.0341368426286,0.004227827314300008,2
57,1779936103823,-0.00320016171429,-0.0341368426286,0.004227827314300008,2
58,1779936103826,0.00374573828571,-0.031075342628599997,-0.0036735726857000505,2
59,1779936103829,0.00374573828571,-0.031075342628599997,-0.0036735726857000505,2
60,1779936103831,0.00374573828571,-0.031075342628599997,-0.0036735726857000505,2
61,1779936103834,0.00161633828571,-0.0309973426286,-0.0015636726857000526,1
62,1779936103837,0.00161633828571,-0.0309973426286,-0.0015636726857000526,1
63,1779936103840,0.00161633828571,-0.0309973426286,-0.0015636726857000526,1
64,1779936103843,2.513828571e-05,-0.0326158426286,0.002387027314300032,2
65,1779936103846,2.513828571e-05,-0.0326158426286,0.002387027314300032,2
66,1779936103848,2.513828571e-05,-0.0326158426286,0.002387027314300032,2
67,1779936103851,0.0017372382857100003,-0.0312235426286,-0.0012048726857000602,2
68,1779936103854,0.0017372382857100003,-0.0312235426286,-0.0012048726857000602,2
69,1779936103857,0.0017372382857100003,-0.0312235426286,-0.0012048726857000602,2
70,1779936103859,0.0006920382857099998,-0.0322765426286,-0.0009357726857000381,1
71,1779936103862,0.0006920382857099998,-0.0322765426286,-0.0009357726857000381,1
72,1779936103865,0.0006920382857099998,-0.0322765426286,-0.0009357726857000381,1
73,1779936103868,0.0013472382857099997,-0.0324559426286,0.001150727314299953,1
74,1779936103870,0.0013472382857099997,-0.0324559426286,0.001150727314299953,1
75,1779936103873,0.0013472382857099997,-0.0324559426286,-0.0015480726857000481,1
76,1779936103876,0.0012692382857099997,-0.033282742628599996,-0.0015480726857000481,1
77,1779936103879,0.0012692382857099997,-0.033282742628599996,-0.0015480726857000481,1
78,1779936103882,-0.0008757617142900005,-0.0343942426286,0.0005150273142999363,1
79,1779936103885,-0.0008757617142900005,-0.0343942426286,0.0005150273142999363,1
80,1779936103887,-0.0008757617142900005,-0.0343942426286,0.0005150273142999363,1
81,1779936103890,0.00127313828571,-0.033859942628599995,0.00032392731429993667,1
82,1779936103893,0.00127313828571,-0.033859942628599995,0.00032392731429993667,1
83,1779936103896,0.00127313828571,-0.033859942628599995,0.00032392731429993667,1
84,1779936103898,0.00135113828571,-0.0343591426286,-0.0011151726856999788,1
85,1779936103902,0.00135113828571,-0.0343591426286,-0.0011151726856999788,1
86,1779936103904,0.00135113828571,-0.0343591426286,-0.0011151726856999788,1
87,1779936103908,0.0004073382857100001,-0.034175842628599996,-0.0011775726856999968,1
88,1779936103911,0.0004073382857100001,-0.034175842628599996,-0.0011775726856999968,1
89,1779936103913,0.0004073382857100001,-0.034175842628599996,0.0002186273142999618,1
90,1779936103916,0.0001928382857099998,-0.0321868426286,0.0002186273142999618,1
91,1779936103919,0.0001928382857099998,-0.0321868426286,0.0002186273142999618,1
92,1779936103922,0.0001928382857099998,-0.0321907426286,-0.0001635726857000374,1
93,1779936103924,0.00044633828571000005,-0.0321907426286,-0.0001635726857000374,1
94,1779936103927,0.00044633828571000005,-0.0321907426286,-0.0001635726857000374,1
95,1779936103930,0.0017411382857099996,-0.0312820426286,-0.0021564726857000015,2
96,1779936103933,0.0017411382857099996,-0.0312820426286,-0.0021564726857000015,2
97,1779936103936,0.0017411382857099996,-0.0312820426286,-0.0021564726857000015,2
98,1779936103938,0.0007973382857099998,-0.0313483426286,0.00046042731430003155,1
99,1779936103941,0.0007973382857099998,-0.0313483426286,0.00046042731430003155,1
100,1779936103944,0.0007973382857099998,-0.0313483426286,0.00046042731430003155,1
101,1779936103947,6.803828571000023e-05,-0.0317383426286,0.001556327314299959,1
102,1779936103950,6.803828571000023e-05,-0.0317383426286,0.001556327314299959,1
103,1779936103953,6.803828571000023e-05,-0.0317383426286,0.001556327314299959,1
104,1779936103956,0.0018776382857099991,-0.0325690426286,-0.0013452726856999896,2
105,1779936103959,0.0018776382857099991,-0.0325690426286,-0.0013452726856999896,2
106,1779936103962,0.0018776382857099991,-0.0325690426286,-0.0011307726856999833,2
107,1779936103964,0.0011132382857099998,-0.0325729426286,-0.0011307726856999833,1
108,1779936103967,0.0011132382857099998,-0.0325729426286,-0.0011307726856999833,1
109,1779936103970,0.0011132382857099998,-0.0335830426286,0.0012209273142999733,1
110,1779936103973,-0.0002673617142900002,-0.0335830426286,0.0012209273142999733,1
111,1779936103976,-0.0002673617142900002,-0.0335830426286,0.0012209273142999733,1
112,1779936103979,0.00112883828571,-0.0342577426286,-0.0011463726856999878,1
113,1779936103982,0.00112883828571,-0.0342577426286,-0.0011463726856999878,1
114,1779936103984,0.00112883828571,-0.0342577426286,-0.0011463726856999878,1
115,1779936103987,0.0004775382857099995,-0.0345502426286,-0.0008148726857000587,1
116,1779936103990,0.0004775382857099995,-0.0345502426286,-0.0008148726857000587,1
117,1779936103994,0.0004775382857099995,-0.0345385426286,-0.00036637268569998487,1
118,1779936104002,0.0010820382857099995,-0.0345385426286,-0.00036637268569998487,1
119,1779936104004,0.0005477382857099998,-0.0334075426286,0.00026932731430003194,1
120,1779936104007,0.0005477382857099998,-0.0334075426286,0.00026932731430003194,1
121,1779936104010,0.0005477382857099998,-0.033185242628599995,-0.00028057268570007114,1
122,1779936104013,0.0006842382857100001,-0.033185242628599995,-0.00028057268570007114,1
123,1779936104016,0.0006842382857100001,-0.033185242628599995,-0.00028057268570007114,1
124,1779936104019,0.0008246382857099999,-0.0322492426286,-0.00045607268570006625,1
0,1779936104060,0.0008441382857099994,-0.0326899426286,-2.3172685699996906e-05,1
1,1779936104120,0.0014369382857099995,-0.0333490426286,-0.0007056726857000272,1
2,1779936104123,0.0010274382857099994,-0.0329707426286,0.0002303273143000207,1
3,1779936104126,0.0010274382857099994,-0.0329707426286,0.0002303273143000207,1
4,1779936104128,0.0010274382857099994,-0.0329707426286,0.0002303273143000207,1
5,1779936104131,0.0007817382857099996,-0.032175142628599995,0.0005774273142999543,1
6,1779936104134,0.0007817382857099996,-0.032175142628599995,0.0005774273142999543,1
7,1779936104136,0.0007817382857099996,-0.032175142628599995,0.0005774273142999543,1
8,1779936104139,-0.00045456171429000044,-0.0315628426286,0.0003629273142999479,1
9,1779936104142,-0.00045456171429000044,-0.0315628426286,0.0003629273142999479,1
10,1779936104145,-0.00045456171429000044,-0.0315628426286,0.0003629273142999479,1
11,1779936104148,0.0010664382857100002,-0.0320698426286,-0.00031957268569997137,1
12,1779936104151,0.0010664382857100002,-0.0320698426286,-0.00031957268569997137,1
13,1779936104153,0.0010664382857100002,-0.0320698426286,-0.00031957268569997137,1
14,1779936104156,0.002876038285709999,-0.0315901426286,-0.0026010726857000187,2
15,1779936104159,0.002876038285709999,-0.0315901426286,-0.0026010726857000187,2
16,1779936104162,0.002876038285709999,-0.0315901426286,-0.0026010726857000187,2
17,1779936104165,-0.0007314617142900005,-0.0324754426286,0.0008972273142999355,1
18,1779936104167,-0.0007314617142900005,-0.0324754426286,0.0008972273142999355,1
19,1779936104170,-0.0007314617142900005,-0.0324754426286,0.0010103273143000236,1
20,1779936104173,-4.116171429000004e-05,-0.0334504426286,0.0010103273143000236,1
21,1779936104176,-4.116171429000004e-05,-0.0334504426286,0.0010103273143000236,1
22,1779936104179,-4.116171429000004e-05,-0.0337351426286,-0.0019614726857000563,1
23,1779936104183,0.00227153828571,-0.0337351426286,-0.0019614726857000563,2
24,1779936104186,0.00227153828571,-0.0337351426286,-0.0019614726857000563,2
25,1779936104188,0.00029033828571000016,-0.0335908426286,-0.0007407726856999818,1
26,1779936104191,0.00029033828571000016,-0.0335908426286,-0.0007407726856999818,1
27,1779936104194,0.00029033828571000016,-0.0335908426286,0.0019463273142999605,2
28,1779936104197,-0.00033366171429000026,-0.0342655426286,0.0019463273142999605,2
29,1779936104200,-0.00033366171429000026,-0.0342655426286,0.0019463273142999605,2
30,1779936104202,-0.00033366171429000026,-0.0342655426286,-0.0002571726857000644,1
31,1779936104205,0.0009728382857100001,-0.033809242628599995,-0.0002571726857000644,1
32,1779936104208,0.0009728382857100001,-0.033809242628599995,-0.0002571726857000644,1
33,1779936104210,0.0009728382857100001,-0.034054942628599996,-0.0007563726856999863,1
34,1779936104213,0.0009143382857099997,-0.034054942628599996,-0.0007563726856999863,1
35,1779936104216,0.0009143382857099997,-0.034054942628599996,-0.0007563726856999863,1
36,1779936104219,0.0009143382857099997,-0.0323272426286,-0.000167472685699983,1
37,1779936104221,0.0036872382857100006,-0.0323272426286,-0.000167472685699983,2
38,1779936104224,0.0036872382857100006,-0.0323272426286,-0.000167472685699983,2
39,1779936104227,-0.0004818617142900005,-0.0328381426286,-0.0005145726857000276,1
40,1779936104230,-0.0004818617142900005,-0.0328381426286,-0.0005145726857000276,1
41,1779936104232,-0.0004818617142900005,-0.0328381426286,-0.0005145726857000276,1
42,1779936104235,-0.00126186171429,-0.0319255426286,0.0006359273143000266,1
43,1779936104238,-0.00126186171429,-0.0319255426286,0.0006359273143000266,1
44,1779936104241,-0.00126186171429,-0.0319255426286,0.0006359273143000266,1
45,1779936104243,0.00262643828571,-0.030548842628599998,-0.0015207726856999847,2
46,1779936104246,0.00262643828571,-0.030548842628599998,-0.0015207726856999847,2
47,1779936104249,0.00262643828571,-0.030548842628599998,-0.0015207726856999847,2
48,1779936104252,3.293828570999965e-05,-0.0309505426286,-0.0009669726857000471,1
49,1779936104255,3.293828570999965e-05,-0.0309505426286,-0.0009669726857000471,1
50,1779936104258,3.293828570999965e-05,-0.0309505426286,-0.0009669726857000471,1
51,1779936104260,-0.00043506171429,-0.0326392426286,0.0012365273142999778,1
52,1779936104263,-0.00043506171429,-0.0326392426286,0.0012365273142999778,1
53,1779936104266,-0.00043506171429,-0.0326392426286,0.0012365273142999778,1
54,1779936104269,0.002365138285709999,-0.032510542628599995,-0.001247772685700017,2
55,1779936104272,0.002365138285709999,-0.032510542628599995,-0.001247772685700017,2
56,1779936104274,0.002365138285709999,-0.032510542628599995,-0.000385872685700046,2
57,1779936104277,0.0011366382857099996,-0.0331969426286,-0.000385872685700046,1
58,1779936104280,0.0011366382857099996,-0.0331969426286,-0.000385872685700046,1
59,1779936104283,0.0008480382857099997,-0.0344098426286,0.0005657273143000064,1
60,1779936104286,0.0008480382857099997,-0.0344098426286,0.0005657273143000064,1
61,1779936104288,0.0008480382857099997,-0.0344098426286,0.0005657273143000064,1
62,1779936104291,0.0013082382857099997,-0.0336727426286,-0.001922472685700045,1
63,1779936104294,0.0013082382857099997,-0.0336727426286,-0.001922472685700045,1
64,1779936104296,0.0013082382857099997,-0.0336727426286,-0.001922472685700045,1
65,1779936104299,-0.0007704617142900005,-0.0342499426286,0.0009791273143000146,1
66,1779936104302,-0.0007704617142900005,-0.0342499426286,0.0009791273143000146,1
67,1779936104304,-0.0007704617142900005,-0.0342499426286,0.0009791273143000146,1
68,1779936104307,0.00052433828571,-0.0334075426286,0.000538427314299943,1
69,1779936104310,0.00052433828571,-0.0334075426286,0.000538427314299943,1
70,1779936104313,0.00052433828571,-0.0334075426286,0.000538427314299943,1
71,1779936104315,0.0007115382857100002,-0.0333529426286,-0.000573072685699989,1
72,1779936104318,0.0007115382857100002,-0.0333529426286,-0.000573072685699989,1
73,1779936104321,0.0007115382857100002,-0.0333529426286,-0.000573072685699989,1
74,1779936104324,0.00127313828571,-0.0335284426286,-0.001091772685699972,1
75,1779936104326,0.00127313828571,-0.0335284426286,-0.001091772685699972,1
76,1779936104329,0.00127313828571,-0.0335284426286,-0.001091772685699972,1
77,1779936104332,0.00239243828571,-0.0324754426286,-0.0013647726857000508,2
78,1779936104335,0.00239243828571,-0.0324754426286,-0.0013647726857000508,2
79,1779936104337,0.00239243828571,-0.0324754426286,-0.0013647726857000508,2
80,1779936104340,0.0010001382857100002,-0.0318943426286,0.0001718273142999483,1
81,1779936104343,0.0010001382857100002,-0.0318943426286,0.0001718273142999483,1
82,1779936104346,0.0010001382857100002,-0.0318943426286,0.0001718273142999483,1
83,1779936104348,-8.406171429000027e-05,-0.032272642628599996,0.00046042731430003155,1
84,1779936104351,-8.406171429000027e-05,-0.032272642628599996,0.00046042731430003155,1
85,1779936104354,-8.406171429000027e-05,-0.032272642628599996,0.00046042731430003155,1
86,1779936104357,0.0017918382857100004,-0.0315628426286,-0.0020745726857000334,2
87,1779936104359,0.0017918382857100004,-0.0315628426286,-0.0020745726857000334,2
88,1779936104362,0.0017918382857100004,-0.0315628426286,-0.0020745726857000334,2
89,1779936104365,0.00070763828571,-0.0312040426286,-0.0007017726856999706,1
90,1779936104368,0.00070763828571,-0.0312040426286,-0.0007017726856999706,1
91,1779936104370,0.00070763828571,-0.0312040426286,-0.0007017726856999706,1
92,1779936104373,-0.0003921617142899998,-0.0321829426286,0.001837127314299929,2
93,1779936104376,-0.0003921617142899998,-0.0321829426286,0.001837127314299929,2
94,1779936104379,-0.0003921617142899998,-0.0331735426286,-0.0015441726856999915,1
95,1779936104382,0.0018737382857099997,-0.0331735426286,-0.0015441726856999915,2
96,1779936104385,0.0018737382857099997,-0.0331735426286,-0.0015441726856999915,2
97,1779936104387,0.00137843828571,-0.033742942628599996,-0.001466172685699969,1
98,1779936104390,0.00137843828571,-0.033742942628599996,-0.001466172685699969,1
99,1779936104393,0.00137843828571,-0.033742942628599996,-0.001466172685699969,1
100,1779936104396,0.0007427382857099997,-0.0347101426286,0.0013535273143000116,1
101,1779936104399,0.0007427382857099997,-0.0347101426286,0.0013535273143000116,1
102,1779936104401,0.0007427382857099997,-0.0347101426286,0.0013535273143000116,1
103,1779936104404,0.0008753382857099997,-0.0343318426286,-0.0003702726857000415,1
104,1779936104407,0.0008753382857099997,-0.0343318426286,-0.0003702726857000415,1
105,1779936104409,0.0008753382857099997,-0.0343318426286,-0.0003702726857000415,1
106,1779936104412,0.00024353828570999967,-0.0340432426286,-0.0008577726857000156,1
107,1779936104415,0.00024353828570999967,-0.0340432426286,-0.0008577726857000156,1
108,1779936104417,0.00024353828570999967,-0.0340432426286,-0.0008577726857000156,1
109,1779936104420,-2.9461714290000135e-05,-0.0338404426286,0.0009167273142999966,1
110,1779936104423,-2.9461714290000135e-05,-0.0338404426286,0.0009167273142999966,1
111,1779936104426,-2.9461714290000135e-05,-0.0338404426286,0.0009167273142999966,1
112,1779936104429,0.0006842382857100001,-0.0329980426286,-0.0003390726857000325,1
113,1779936104431,0.0006842382857100001,-0.0329980426286,-0.0003390726857000325,1
114,1779936104434,0.0006842382857100001,-0.0329980426286,-0.0003390726857000325,1
115,1779936104437,0.00105083828571,-0.0329278426286,-0.0009552726856999882,1
116,1779936104440,0.00105083828571,-0.0329278426286,-0.0009552726856999882,1
117,1779936104442,0.00105083828571,-0.0329278426286,-0.0009552726856999882,1
118,1779936104445,0.00081293828571,-0.0321556426286,-2.7072685700053542e-05,1
119,1779936104448,0.00081293828571,-0.0321556426286,-2.7072685700053542e-05,1
120,1779936104451,0.00081293828571,-0.0321556426286,0.00012892731429999145,1
121,1779936104453,0.0016475382857100004,-0.0322960426286,0.00012892731429999145,1
122,1779936104456,0.0016475382857100004,-0.0322960426286,0.00012892731429999145,1
123,1779936104459,0.0016475382857100004,-0.0320269426286,-0.001622172685700014,1
124,1779936104462,0.0021623382857099997,-0.0320269426286,-0.001622172685700014,2
0,1779936104564,0.0018698382857100003,-0.0323389426286,-0.0013959726857000598,2
1,1779936104567,0.0018698382857100003,-0.0323389426286,-0.0013959726857000598,2
2,1779936104569,0.0018698382857100003,-0.0323389426286,-0.0013959726857000598,2
3,1779936104572,0.0008168382857100002,-0.0322141426286,-5.827268570006254e-05,1
4,1779936104575,0.0008168382857100002,-0.0322141426286,-5.827268570006254e-05,1
5,1779936104578,0.0008168382857100002,-0.0322141426286,-5.827268570006254e-05,1
6,1779936104580,0.0008246382857099999,-0.0323779426286,0.0002303273143000207,1
7,1779936104583,0.0008246382857099999,-0.0323779426286,0.0002303273143000207,1
8,1779936104586,0.0008246382857099999,-0.0323779426286,0.0002303273143000207,1
9,1779936104589,0.0010703382857099996,-0.0324247426286,-0.0010371726857000673,1
10,1779936104591,0.0010703382857099996,-0.0324247426286,-0.0010371726857000673,1
11,1779936104594,0.0010703382857099996,-0.0324247426286,-0.0010371726857000673,1
12,1779936104597,0.0002162382857099996,-0.0332905426286,0.00012892731429999145,1
13,1779936104600,0.0002162382857099996,-0.0332905426286,0.00012892731429999145,1
14,1779936104602,0.0002162382857099996,-0.0332905426286,0.00012892731429999145,1
15,1779936104605,0.0005984382857099997,-0.0335167426286,0.0009596273142999535,1
16,1779936104608,0.0005984382857099997,-0.0335167426286,0.0009596273142999535,1
17,1779936104611,0.0005984382857099997,-0.0335167426286,0.0009596273142999535,1
18,1779936104613,0.0013199382857099996,-0.0337468426286,-0.0012204726857000647,1
19,1779936104616,0.0013199382857099996,-0.0337468426286,-0.0012204726857000647,1
20,1779936104619,0.0013199382857099996,-0.0337468426286,-0.0012204726857000647,1
21,1779936104622,0.0009104382857099995,-0.0334387426286,-0.0009123726857000313,1
22,1779936104625,0.0009104382857099995,-0.0334387426286,-0.0009123726857000313,1
23,1779936104627,0.0009104382857099995,-0.033235942628599996,0.00025372731430002744,1
24,1779936104630,0.0008597382857099996,-0.033235942628599996,0.00025372731430002744,1
25,1779936104633,0.0008597382857099996,-0.033235942628599996,0.00025372731430002744,1
26,1779936104636,0.0008597382857099996,-0.0327679426286,-0.00036637268569998487,1
27,1779936104638,0.00041123828570999946,-0.0327679426286,-0.00036637268569998487,1
28,1779936104641,0.00041123828570999946,-0.0327679426286,-0.00036637268569998487,1
29,1779936104644,0.0007817382857099996,-0.032994142628599996,-0.0009123726857000313,1
30,1779936104647,0.0007817382857099996,-0.032994142628599996,-0.0009123726857000313,1
31,1779936104649,0.0007817382857099996,-0.032994142628599996,-0.0009123726857000313,1
32,1779936104652,0.0004619382857100002,-0.0320581426286,0.0007178273142999948,1
33,1779936104655,0.0004619382857100002,-0.0320581426286,0.0007178273142999948,1
34,1779936104658,0.0004619382857100002,-0.0320581426286,0.0007178273142999948,1
35,1779936104661,0.0009884382857099994,-0.0322453426286,0.0002303273143000207,1
36,1779936104664,0.0009884382857099994,-0.0322453426286,0.0002303273143000207,1
37,1779936104666,0.0009884382857099994,-0.0322453426286,0.0002303273143000207,1
38,1779936104669,0.0013316382857099995,-0.0319918426286,-0.000998172685700056,1
39,1779936104672,0.0013316382857099995,-0.0319918426286,-0.000998172685700056,1
40,1779936104675,0.0013316382857099995,-0.0319918426286,-0.000998172685700056,1
41,1779936104678,0.0012419382857099997,-0.0325768426286,-0.00014017268570003065,1
42,1779936104681,0.0012419382857099997,-0.0325768426286,-0.00014017268570003065,1
43,1779936104683,0.0012419382857099997,-0.0325768426286,-0.00014017268570003065,1
44,1779936104686,0.0010352382857099999,-0.0326938426286,0.0004409273142999704,1
45,1779936104689,0.0010352382857099999,-0.0326938426286,0.0004409273142999704,1
46,1779936104692,0.0010352382857099999,-0.0329083426286,-0.0005886726856999935,1
47,1779936104695,0.00123413828571,-0.0329083426286,-0.0005886726856999935,1
48,1779936104697,0.00123413828571,-0.0329083426286,-0.0005886726856999935,1
49,1779936104700,0.0009143382857099997,-0.0332944426286,-0.0009669726857000471,1
50,1779936104703,0.0009143382857099997,-0.0332944426286,-0.0009669726857000471,1
51,1779936104706,0.0009143382857099997,-0.0332944426286,-0.0009669726857000471,1
52,1779936104708,0.0003449382857099994,-0.0331228426286,-7.777268570001265e-05,1
53,1779936104711,0.0003449382857099994,-0.0331228426286,-7.777268570001265e-05,1
54,1779936104714,0.0003449382857099994,-0.0331228426286,-7.777268570001265e-05,1
55,1779936104717,-0.00025176171429000006,-0.0332086426286,-0.0008577726857000156,1
56,1779936104720,-0.00025176171429000006,-0.0332086426286,-0.0008577726857000156,1
57,1779936104722,-0.00025176171429000006,-0.0332086426286,-0.0008577726857000156,1
58,1779936104725,-0.0005988617142900004,-0.0319879426286,4.127314299955456e-06,1
59,1779936104728,-0.0005988617142900004,-0.0319879426286,4.127314299955456e-06,1
60,1779936104731,-0.0005988617142900004,-0.0319879426286,4.127314299955456e-06,1
61,1779936104733,0.0020414382857099995,-0.0316174426286,0.0010142273142999692,2
62,1779936104736,0.0020414382857099995,-0.0316174426286,0.0010142273142999692,2
63,1779936104739,0.0020414382857099995,-0.0316174426286,0.0010142273142999692,2
64,1779936104742,0.00305933828571,-0.0323818426286,-0.0003078726857000235,2
65,1779936104745,0.00305933828571,-0.0323818426286,-0.0003078726857000235,2
66,1779936104747,0.00305933828571,-0.0323818426286,-0.0003078726857000235,2
67,1779936104750,0.0013199382857099996,-0.033138442628599996,-0.0021057726857000424,1
68,1779936104753,0.0013199382857099996,-0.033138442628599996,-0.0021057726857000424,1
69,1779936104756,0.0013199382857099996,-0.033138442628599996,-0.0002103726857000509,1
70,1779936104758,-0.0005286617142900001,-0.0327679426286,-0.0002103726857000509,1
71,1779936104761,-0.0005286617142900001,-0.0327679426286,-0.0002103726857000509,1
72,1779936104764,-9.576171429000017e-05,-0.0329200426286,0.0007607273142999516,1
73,1779936104767,-9.576171429000017e-05,-0.0329200426286,0.0007607273142999516,1
74,1779936104770,-9.576171429000017e-05,-0.0329200426286,0.0007607273142999516,1
75,1779936104773,0.0006374382857099996,-0.034054942628599996,-0.0005691726857000434,1
76,1779936104775,0.0006374382857099996,-0.034054942628599996,-0.0005691726857000434,1
77,1779936104778,0.0006374382857099996,-0.034054942628599996,-0.0005691726857000434,1
78,1779936104781,0.001678738285709999,-0.0344254426286,-0.0013530726856999919,1
79,1779936104784,0.001678738285709999,-0.0344254426286,-0.0013530726856999919,1
80,1779936104787,0.001678738285709999,-0.0344254426286,-0.0013530726856999919,1
81,1779936104789,0.0014798382857099997,-0.0338794426286,7.43273142999757e-05,1
82,1779936104792,0.0014798382857099997,-0.0338794426286,7.43273142999757e-05,1
83,1779936104795,0.0014798382857099997,-0.0338794426286,7.43273142999757e-05,1
84,1779936104798,-0.00011916171428999998,-0.032467642628599996,-6.607268570006479e-05,1
85,1779936104801,-0.00011916171428999998,-0.032467642628599996,-6.607268570006479e-05,1
86,1779936104803,-0.00011916171428999998,-0.032467642628599996,-6.607268570006479e-05,1
87,1779936104806,0.00215063828571,-0.0325027426286,2.362731430001659e-05,2
88,1779936104809,0.00215063828571,-0.0325027426286,2.362731430001659e-05,2
89,1779936104812,0.00215063828571,-0.0325027426286,-0.005120472685699968,2
90,1779936104814,0.0035507382857099994,-0.0320581426286,-0.005120472685699968,2
91,1779936104817,0.0035507382857099994,-0.0320581426286,-0.005120472685699968,2
92,1779936104820,0.0035507382857099994,-0.0320581426286,0.004282427314300024,2
93,1779936104823,-0.00577026171429,-0.0315316426286,0.004282427314300024,2
94,1779936104826,-0.00577026171429,-0.0315316426286,0.004282427314300024,2
95,1779936104828,0.0010352382857099999,-0.0322102426286,0.004251227314300015,2
96,1779936104831,0.0010352382857099999,-0.0322102426286,0.004251227314300015,2
97,1779936104834,0.0010352382857099999,-0.0322102426286,0.004251227314300015,2
98,1779936104837,0.00920963828571,-0.0307906426286,-0.009687372685700009,2
99,1779936104839,0.00920963828571,-0.0307906426286,-0.009687372685700009,2
100,1779936104842,0.00920963828571,-0.0307906426286,-0.009687372685700009,2
101,1779936104845,-0.0032898617142900002,-0.0330955426286,0.0012521273142999823,1
102,1779936104848,-0.0032898617142900002,-0.0330955426286,0.0012521273142999823,1
103,1779936104851,-0.0032898617142900002,-0.0330955426286,0.0012521273142999823,1
104,1779936104853,-0.00311046171429,-0.0353770426286,0.008135627314300025,2
105,1779936104856,-0.00311046171429,-0.0353770426286,0.008135627314300025,2
106,1779936104859,-0.00311046171429,-0.0353770426286,0.008135627314300025,2
107,1779936104862,0.004350238285709999,-0.0340432426286,-0.005951172685700041,2
108,1779936104865,0.004350238285709999,-0.0340432426286,-0.005951172685700041,2
109,1779936104867,0.004350238285709999,-0.0340432426286,-0.005951172685700041,2
110,1779936104870,0.0005009382857100002,-0.0353887426286,-0.003045672685700036,1
111,1779936104873,0.0005009382857100002,-0.0353887426286,-0.003045672685700036,1
112,1779936104875,0.0005009382857100002,-0.0353887426286,-0.003045672685700036,1
113,1779936104878,-0.00115656171429,-0.0345931426286,0.005288627314299981,2
114,1779936104881,-0.00115656171429,-0.0345931426286,0.005288627314299981,2
115,1779936104884,-0.00115656171429,-0.0345931426286,0.005288627314299981,2
116,1779936104887,0.0015578382857099997,-0.034097842628599995,-0.0023358726857000533,1
117,1779936104889,0.0015578382857099997,-0.034097842628599995,-0.0023358726857000533,1
118,1779936104892,0.0015578382857099997,-0.0338053426286,-0.0029364726857000045,1
119,1779936104895,0.00206093828571,-0.0338053426286,-0.0029364726857000045,2
120,1779936104898,0.00206093828571,-0.0338053426286,-0.0029364726857000045,2
121,1779936104901,0.0014876382857099994,-0.0318553426286,0.0020321273142999852,2
122,1779936104903,0.0014876382857099994,-0.0318553426286,0.0020321273142999852,2
123,1779936104906,0.0014876382857099994,-0.0318553426286,0.0020321273142999852,2
124,1779936104909,-0.00033366171429000026,-0.032225842628599996,0.0009908273142999625,1
0,1779936104952,0.00144473828571,-0.0323974426286,-0.0008187726857000043,1
1,1779936105015,0.00144473828571,-0.0323974426286,-0.0008187726857000043,1
2,1779936105018,0.0004892382857099994,-0.0322492426286,0.0002030273142999573,1
3,1779936105021,0.00041123828570999946,-0.0321946426286,-0.0005184726856999732,1
4,1779936105024,0.00041123828570999946,-0.0321946426286,-0.0005184726856999732,1
5,1779936105027,0.00041123828570999946,-0.0321946426286,-0.0005184726856999732,1
6,1779936105029,0.0008558382857100002,-0.0316096426286,-0.0006315726857000614,1
7,1779936105032,0.0008558382857100002,-0.0316096426286,-0.0006315726857000614,1
8,1779936105035,0.0008558382857100002,-0.0316096426286,-0.0006315726857000614,1
9,1779936105038,0.0007817382857099996,-0.0310324426286,5.482731430002559e-05,1
10,1779936105040,0.0007817382857099996,-0.0310324426286,5.482731430002559e-05,1
11,1779936105043,0.0007817382857099996,-0.0310324426286,5.482731430002559e-05,1
12,1779936105046,0.0013589382857099996,-0.0318631426286,0.00012892731429999145,1
13,1779936105048,0.0013589382857099996,-0.0318631426286,0.00012892731429999145,1
14,1779936105051,0.0013589382857099996,-0.0318631426286,0.00012892731429999145,1
15,1779936105054,0.0019361382857100004,-0.032799142628599995,-0.000729072685700034,2
16,1779936105057,0.0019361382857100004,-0.032799142628599995,-0.000729072685700034,2
17,1779936105059,0.0019361382857100004,-0.032799142628599995,-0.000729072685700034,2
18,1779936105062,0.0014018382857099998,-0.032943442628599995,-0.0010254726857000084,1
19,1779936105065,0.0014018382857099998,-0.032943442628599995,-0.0010254726857000084,1
20,1779936105068,0.0014018382857099998,-0.032943442628599995,-0.0010254726857000084,1
21,1779936105070,-0.0007665617142900002,-0.0335284426286,0.001006427314299967,1
22,1779936105073,-0.0007665617142900002,-0.0335284426286,0.001006427314299967,1
23,1779936105076,-0.0007665617142900002,-0.0335284426286,0.001006427314299967,1
24,1779936105079,0.0007778382857099994,-0.0337897426286,-0.0008031726856999998,1
25,1779936105081,0.0007778382857099994,-0.0337897426286,-0.0008031726856999998,1
26,1779936105084,0.0007778382857099994,-0.0337897426286,-0.0008031726856999998,1
27,1779936105087,0.0004034382857099998,-0.0336025426286,-0.0015636726857000526,1
28,1779936105089,0.0004034382857099998,-0.0336025426286,-0.0015636726857000526,1
29,1779936105092,0.0004034382857099998,-0.0336025426286,-0.0015636726857000526,1
30,1779936105095,-0.00020106171429000019,-0.0344410426286,-0.000354672685700037,1
31,1779936105098,-0.00020106171429000019,-0.0344410426286,-0.000354672685700037,1
32,1779936105100,-0.00020106171429000019,-0.0344410426286,-0.000354672685700037,1
33,1779936105103,0.00045023828570999944,-0.0340276426286,0.0005618273142999498,1
34,1779936105106,0.00045023828570999944,-0.0340276426286,0.0005618273142999498,1
35,1779936105109,0.00045023828570999944,-0.0340276426286,-0.0005925726857000501,1
36,1779936105112,0.0010001382857100002,-0.0331930426286,-0.0005925726857000501,1
37,1779936105114,0.0010001382857100002,-0.0331930426286,-0.0005925726857000501,1
38,1779936105117,0.001678738285709999,-0.0329980426286,-0.00028057268570007114,1
39,1779936105120,0.001678738285709999,-0.0329980426286,-0.00028057268570007114,1
40,1779936105123,0.001678738285709999,-0.0329980426286,-0.00028057268570007114,1
41,1779936105126,0.0018425382857099994,-0.0318202426286,-0.0006627726857000703,2
42,1779936105128,0.0018425382857099994,-0.0318202426286,-0.0006627726857000703,2
43,1779936105131,0.0018425382857099994,-0.0318202426286,-0.0006627726857000703,2
44,1779936105134,0.0013160382857100002,-0.0321517426286,0.00036682731430000455,1
45,1779936105137,0.0013160382857100002,-0.0321517426286,0.00036682731430000455,1
46,1779936105139,0.0013160382857100002,-0.0321517426286,0.00036682731430000455,1
47,1779936105142,0.0007973382857099998,-0.0313678426286,7.042731430003009e-05,1
48,1779936105145,0.0007973382857099998,-0.0313678426286,7.042731430003009e-05,1
49,1779936105148,0.0007973382857099998,-0.0313678426286,7.042731430003009e-05,1
50,1779936105151,0.0002669382857099995,-0.0316252426286,-0.0004053726856999961,1
51,1779936105153,0.0002669382857099995,-0.0316252426286,-0.0004053726856999961,1
52,1779936105156,0.0002669382857099995,-0.0316252426286,-0.0004053726856999961,1
53,1779936105159,-0.00013476171429000015,-0.0324208426286,-0.00011287268569996727,1
54,1779936105162,-0.00013476171429000015,-0.0324208426286,-0.00011287268569996727,1
55,1779936105165,-0.00013476171429000015,-0.0324208426286,-0.00115417268569999,1
56,1779936105168,0.00135113828571,-0.0330760426286,-0.00115417268569999,1
57,1779936105170,0.00135113828571,-0.0330760426286,-0.00115417268569999,1
58,1779936105173,0.00135113828571,-0.0332281426286,-0.0005301726857000321,1
59,1779936105176,0.00048143828570999976,-0.0332281426286,-0.0005301726857000321,1
60,1779936105179,0.00048143828570999976,-0.0332281426286,-0.0005301726857000321,1
61,1779936105181,0.00133943828571,-0.0341641426286,-0.00054187268569998,1
62,1779936105184,0.00133943828571,-0.0341641426286,-0.00054187268569998,1
63,1779936105187,0.00133943828571,-0.0341641426286,-0.00054187268569998,1
64,1779936105190,0.0012146382857099996,-0.0338326426286,-0.00021817268570005315,1
65,1779936105193,0.0012146382857099996,-0.0338326426286,-0.00021817268570005315,1
66,1779936105195,0.0012146382857099996,-0.0338326426286,-0.00021817268570005315,1
67,1779936105198,0.0005711382857099996,-0.033715642628599996,-0.00026497268570006664,1
68,1779936105201,0.0005711382857099996,-0.033715642628599996,-0.00026497268570006664,1
69,1779936105204,0.0005711382857099996,-0.033715642628599996,-0.00026497268570006664,1
70,1779936105206,0.0003176382857100002,-0.0333139426286,0.0006047273143000177,1
71,1779936105209,0.0003176382857100002,-0.0333139426286,0.0006047273143000177,1
72,1779936105212,0.0003176382857100002,-0.0333139426286,0.0006047273143000177,1
73,1779936105214,0.0006647382857099997,-0.0331345426286,-0.0007992726857000542,1
74,1779936105217,0.0006647382857099997,-0.0331345426286,-0.0007992726857000542,1
75,1779936105220,0.0006647382857099997,-0.0331345426286,-0.0007992726857000542,1
76,1779936105223,0.0003683382857100001,-0.032799142628599995,-0.0007095726856999728,1
77,1779936105225,0.0003683382857100001,-0.032799142628599995,-0.0007095726856999728,1
78,1779936105228,0.0003683382857100001,-0.032799142628599995,-0.0007095726856999728,1
79,1779936105231,0.0008090382857099997,-0.0327250426286,-0.00039757268569999386,1
80,1779936105233,0.0008090382857099997,-0.0327250426286,-0.00039757268569999386,1
81,1779936105236,0.0008090382857099997,-0.0327250426286,-0.00039757268569999386,1
82,1779936105239,0.00081293828571,-0.0324871426286,-0.0004209726857000006,1
83,1779936105242,0.00081293828571,-0.0324871426286,-0.0004209726857000006,1
84,1779936105244,0.00081293828571,-0.0324871426286,-0.0004209726857000006,1
85,1779936105247,0.0007271382857099995,-0.0322999426286,-0.001310172685700035,1
86,1779936105250,0.0007271382857099995,-0.0322999426286,-0.001310172685700035,1
87,1779936105253,0.0007271382857099995,-0.0322999426286,-0.001310172685700035,1
88,1779936105255,0.0007271382857099995,-0.0321673426286,-0.00015967268569998076,1
89,1779936105258,0.0007271382857099995,-0.0321673426286,-0.00015967268569998076,1
90,1779936105261,0.0007271382857099995,-0.0321673426286,0.00042922731430002255,1
91,1779936105264,0.00016553828570999973,-0.0325690426286,0.00042922731430002255,1
92,1779936105267,0.00016553828570999973,-0.0325690426286,0.00042922731430002255,1
93,1779936105269,0.00016553828570999973,-0.0331150426286,-0.0012555726857000193,1
94,1779936105272,0.0015578382857099997,-0.0331150426286,-0.0012555726857000193,1
95,1779936105275,0.0015578382857099997,-0.0331150426286,-0.0012555726857000193,1
96,1779936105278,0.0016202382857099995,-0.0331423426286,-0.0002571726857000644,1
97,1779936105280,0.0016202382857099995,-0.0331423426286,-0.0002571726857000644,1
98,1779936105283,0.0016202382857099995,-0.0331423426286,-0.0002571726857000644,1
99,1779936105286,0.0013199382857099996,-0.0342655426286,0.00022252731430001844,1
100,1779936105289,0.0013199382857099996,-0.0342655426286,0.00022252731430001844,1
101,1779936105292,0.0013199382857099996,-0.0342655426286,0.00022252731430001844,1
102,1779936105294,0.00073493828571,-0.0338443426286,-0.00028057268570007114,1
103,1779936105297,0.00073493828571,-0.0338443426286,-0.00028057268570007114,1
104,1779936105300,0.00073493828571,-0.0338443426286,-0.00028057268570007114,1
105,1779936105303,0.00034103828571000003,-0.0340198426286,8.602731430003459e-05,1
106,1779936105306,0.00034103828571000003,-0.0340198426286,8.602731430003459e-05,1
107,1779936105308,0.00034103828571000003,-0.0340198426286,8.602731430003459e-05,1
108,1779936105311,0.0004268382857099996,-0.0335557426286,2.362731430001659e-05,1
109,1779936105314,0.0004268382857099996,-0.0335557426286,2.362731430001659e-05,1
110,1779936105316,0.0004268382857099996,-0.0335557426286,2.362731430001659e-05,1
111,1779936105319,0.0010352382857099999,-0.0326197426286,-0.0017586726856999978,1
112,1779936105322,0.0010352382857099999,-0.0326197426286,-0.0017586726856999978,1
113,1779936105324,0.0010352382857099999,-0.0326197426286,-0.0017586726856999978,1
114,1779936105327,0.00016553828570999973,-0.0327133426286,9.382731430003684e-05,1
115,1779936105330,0.00016553828570999973,-0.0327133426286,9.382731430003684e-05,1
116,1779936105333,0.00016553828570999973,-0.0327133426286,9.382731430003684e-05,1
117,1779936105336,0.0015695382857099996,-0.0319450426286,-0.000573072685699989,1
118,1779936105339,0.0015695382857099996,-0.0319450426286,-0.000573072685699989,1
119,1779936105341,0.0015695382857099996,-0.031192342628599996,-0.0001830726856999875,1
120,1779936105344,0.0010157382857099995,-0.031192342628599996,-0.0001830726856999875,1
121,1779936105347,0.0010157382857099995,-0.031192342628599996,-0.0001830726856999875,1
122,1779936105350,0.00080123828571,-0.0321088426286,0.00017572731430000495,1
123,1779936105353,0.00080123828571,-0.0321088426286,0.00017572731430000495,1
124,1779936105356,0.00080123828571,-0.0321088426286,0.00017572731430000495,1
0,1779936105419,0.0005984382857099997,-0.0332983426286,-2.7072685700053542e-05,1
1,1779936105454,-6.456171428999985e-05,-0.0318124426286,-0.0009903726857000538,1
2,1779936105456,0.0001187382857100001,-0.0318124426286,-0.0009903726857000538,1
3,1779936105459,0.0001187382857100001,-0.0318124426286,-0.0009903726857000538,1
4,1779936105462,0.0001187382857100001,-0.0325963426286,-0.0004638726857000685,1
5,1779936105465,0.0007700382857099997,-0.0325963426286,-0.0004638726857000685,1
6,1779936105467,0.0007700382857099997,-0.0325963426286,-0.0004638726857000685,1
7,1779936105470,0.0014252382857099996,-0.0334309426286,-8.55726857000149e-05,1
8,1779936105473,0.0014252382857099996,-0.0334309426286,-8.55726857000149e-05,1
9,1779936105475,0.0014252382857099996,-0.0334309426286,-8.55726857000149e-05,1
10,1779936105478,0.0008480382857099997,-0.0340939426286,-1.9272685700051292e-05,1
11,1779936105481,0.0008480382857099997,-0.0340939426286,-1.9272685700051292e-05,1
12,1779936105484,0.0008480382857099997,-0.0340939426286,-1.9272685700051292e-05,1
13,1779936105486,0.0006881382857099995,-0.0340939426286,0.0001718273142999483,1
14,1779936105489,0.0006881382857099995,-0.0340939426286,0.0001718273142999483,1
15,1779936105492,0.0006881382857099995,-0.0340939426286,0.0001718273142999483,1
16,1779936105495,0.0017918382857100004,-0.0332671426286,-0.0008187726857000043,2
17,1779936105497,0.0017918382857100004,-0.0332671426286,-0.0008187726857000043,2
18,1779936105500,0.0017918382857100004,-0.0332671426286,-0.0008187726857000043,2
19,1779936105503,0.00048533828571,-0.0329356426286,-0.0005808726856999912,1
20,1779936105505,0.00048533828571,-0.0329356426286,-0.0005808726856999912,1
21,1779936105508,0.00048533828571,-0.0329356426286,-0.0005808726856999912,1
22,1779936105511,-0.0003804617142899999,-0.0329824426286,0.00046042731430003155,1
23,1779936105514,-0.0003804617142899999,-0.0329824426286,0.00046042731430003155,1
24,1779936105516,-0.0003804617142899999,-0.0329824426286,0.00046042731430003155,1
25,1779936105519,0.0010274382857099994,-0.0331189426286,-0.0005691726857000434,1
26,1779936105522,0.0010274382857099994,-0.0331189426286,-0.0005691726857000434,1
27,1779936105525,0.0010274382857099994,-0.0331189426286,-0.0005691726857000434,1
28,1779936105528,0.0010664382857100002,-0.0326002426286,-0.0012945726857000305,1
29,1779936105531,0.0010664382857100002,-0.0326002426286,-0.0012945726857000305,1
30,1779936105533,0.0010664382857100002,-0.0326002426286,-0.0012945726857000305,1
31,1779936105536,0.0008324382857099995,-0.0333529426286,0.0006983273142999336,1
32,1779936105539,0.0008324382857099995,-0.0333529426286,0.0006983273142999336,1
33,1779936105542,0.0008324382857099995,-0.0333529426286,-0.0005184726856999732,1
34,1779936105545,0.0014291382857099999,-0.0334153426286,-0.0005184726856999732,1
35,1779936105547,0.0014291382857099999,-0.0334153426286,-0.0005184726856999732,1
36,1779936105550,0.0011210382857099995,-0.033232042628599995,-0.0005847726857000479,1
37,1779936105553,0.0011210382857099995,-0.033232042628599995,-0.0005847726857000479,1
38,1779936105556,0.0011210382857099995,-0.033232042628599995,-0.0005847726857000479,1
39,1779936105559,0.0008714382857099995,-0.0331111426286,0.00033952731429994117,1
40,1779936105561,0.0008714382857099995,-0.0331111426286,0.00033952731429994117,1
41,1779936105564,0.0008714382857099995,-0.0331111426286,0.00033952731429994117,1
42,1779936105567,-0.00020106171429000019,-0.0319762426286,0.000507227314299934,1
43,1779936105570,-0.00020106171429000019,-0.0319762426286,0.000507227314299934,1
44,1779936105572,-0.00020106171429000019,-0.0319762426286,0.000507227314299934,1
45,1779936105575,0.0006257382857099997,-0.0333256426286,-0.0001011726857000194,1
46,1779936105578,0.0006257382857099997,-0.0333256426286,-0.0001011726857000194,1
47,1779936105581,0.0006257382857099997,-0.0333256426286,-0.0001011726857000194,1
48,1779936105584,0.0021974382857099994,-0.0325495426286,-0.002152572685700056,2
49,1779936105586,0.0021974382857099994,-0.0325495426286,-0.002152572685700056,2
50,1779936105589,0.0021974382857099994,-0.0325495426286,-0.002152572685700056,2
51,1779936105592,0.0007817382857099996,-0.0331930426286,-0.0001830726856999875,1
52,1779936105595,0.0007817382857099996,-0.0331930426286,-0.0001830726856999875,1
53,1779936105597,0.0007817382857099996,-0.0331930426286,-0.0001830726856999875,1
54,1779936105600,0.0007310382857099998,-0.033813142628599996,0.0007412273143000015,1
55,1779936105603,0.0007310382857099998,-0.033813142628599996,0.0007412273143000015,1
56,1779936105606,0.0007310382857099998,-0.033813142628599996,-0.0014388726857000166,1
57,1779936105609,0.00108983828571,-0.0330799426286,-0.0014388726857000166,1
58,1779936105612,0.00108983828571,-0.0330799426286,-0.0014388726857000166,1
59,1779936105614,0.00032543828570999987,-0.0329356426286,-0.000385872685700046,1
60,1779936105617,0.00032543828570999987,-0.0329356426286,-0.000385872685700046,1
61,1779936105620,0.00032543828570999987,-0.0329356426286,-0.000385872685700046,1
62,1779936105623,5.63828570999958e-06,-0.0326743426286,0.000881627314299931,1
63,1779936105625,5.63828570999958e-06,-0.0326743426286,0.000881627314299931,1
64,1779936105628,5.63828570999958e-06,-0.0326743426286,0.000881627314299931,1
65,1779936105631,0.0010274382857099994,-0.0323311426286,-0.0010254726857000084,1
66,1779936105634,0.0010274382857099994,-0.0323311426286,-0.0010254726857000084,1
67,1779936105637,0.0010274382857099994,-0.0323311426286,-0.0010254726857000084,1
68,1779936105639,0.0004268382857099996,-0.0327406426286,0.0001523273142999982,1
69,1779936105642,0.0004268382857099996,-0.0327406426286,0.0001523273142999982,1
70,1779936105645,0.0004268382857099996,-0.0327406426286,0.0001523273142999982,1
71,1779936105648,0.00176063828571,-0.0328615426286,0.00013282731429993706,2
72,1779936105651,0.00176063828571,-0.0328615426286,0.00013282731429993706,2
73,1779936105653,0.00176063828571,-0.0328615426286,0.00013282731429993706,2
74,1779936105656,0.002177938285709999,-0.0330994426286,-0.0009006726856999724,2
75,1779936105659,0.002177938285709999,-0.0330994426286,-0.0009006726856999724,2
76,1779936105662,0.002177938285709999,-0.0330994426286,-0.0009006726856999724,2
77,1779936105665,0.0008285382857100001,-0.0330175426286,-0.0002961726856999646,1
78,1779936105667,0.0008285382857100001,-0.0330175426286,-0.0002961726856999646,1
79,1779936105670,0.0008285382857100001,-0.0330175426286,0.0004721273142999794,1
80,1779936105673,0.00034103828571000003,-0.0328537426286,0.0004721273142999794,1
81,1779936105676,0.00034103828571000003,-0.0328537426286,0.0004721273142999794,1
82,1779936105678,0.00034103828571000003,-0.0330721426286,-0.0006276726857000047,1
83,1779936105681,0.0005711382857099996,-0.0330721426286,-0.0006276726857000047,1
84,1779936105684,0.0005711382857099996,-0.0330721426286,-0.0006276726857000047,1
85,1779936105687,-0.0002322617142900005,-0.0332554426286,-0.0005925726857000501,1
86,1779936105690,-0.0002322617142900005,-0.0332554426286,-0.0005925726857000501,1
87,1779936105692,-0.0002322617142900005,-0.0332554426286,-0.0005925726857000501,1
88,1779936105695,-0.00078996171429,-0.0334387426286,0.0001055273142999847,1
89,1779936105698,-0.00078996171429,-0.0334387426286,0.0001055273142999847,1
90,1779936105701,-0.00078996171429,-0.0334387426286,0.0001055273142999847,1
91,1779936105704,-0.0004389617142900003,-0.0339145426286,-8.947268570007154e-05,1
92,1779936105706,-0.0004389617142900003,-0.0339145426286,-8.947268570007154e-05,1
93,1779936105709,-0.0004389617142900003,-0.0339145426286,-8.947268570007154e-05,1
94,1779936105712,0.0017684382857100006,-0.0327679426286,-0.001228272685700067,2
95,1779936105715,0.0017684382857100006,-0.0327679426286,-0.001228272685700067,2
96,1779936105718,0.0017684382857100006,-0.0327679426286,-0.001228272685700067,2
97,1779936105722,0.00452183828571,-0.0321478426286,-0.0005379726857000344,2
98,1779936105725,0.00452183828571,-0.0321478426286,-0.0005379726857000344,2
99,1779936105727,0.003597538285709999,-0.0333490426286,0.0004058273143000158,2
100,1779936105730,0.003597538285709999,-0.0333490426286,0.0004058273143000158,2
101,1779936105733,0.003597538285709999,-0.0333490426286,0.0004058273143000158,2
102,1779936105736,-0.0004506617142900002,-0.0318436426286,-0.0002883726857000734,1
103,1779936105739,-0.0004506617142900002,-0.0318436426286,-0.0002883726857000734,1
104,1779936105741,-0.0004506617142900002,-0.0318436426286,-0.0002883726857000734,1
105,1779936105744,-0.00310266171429,-0.0312859426286,-0.0005574726856999845,1
106,1779936105747,-0.00310266171429,-0.0312859426286,-0.0005574726856999845,1
107,1779936105750,-0.00310266171429,-0.0312859426286,-0.0005574726856999845,1
108,1779936105752,-0.0008718617142900002,-0.0283999426286,-0.0008733726857000201,1
109,1779936105755,-0.0008718617142900002,-0.0283999426286,-0.0008733726857000201,1
110,1779936105758,-0.0008718617142900002,-0.0283999426286,-0.0008733726857000201,1
111,1779936105761,0.0022130382857100004,-0.0314341426286,0.0003434273142999978,2
112,1779936105764,0.0022130382857100004,-0.0314341426286,0.0003434273142999978,2
113,1779936105766,0.0022130382857100004,-0.0314341426286,-0.0007173726856999751,2
114,1779936105769,0.0011249382857099997,-0.034873942628599996,-0.0007173726856999751,1
115,1779936105772,0.0011249382857099997,-0.034873942628599996,-0.0007173726856999751,1
116,1779936105775,0.002720038285709999,-0.0364963426286,-0.0003702726857000415,2
117,1779936105778,0.002720038285709999,-0.0364963426286,-0.0003702726857000415,2
118,1779936105780,0.002720038285709999,-0.0364963426286,-0.0003702726857000415,2
119,1779936105783,0.0023534382857099993,-0.0368824426286,0.0005774273142999543,2
120,1779936105786,0.0023534382857099993,-0.0368824426286,0.0005774273142999543,2
121,1779936105789,0.0023534382857099993,-0.0368824426286,0.0005774273142999543,2
122,1779936105791,-0.0010239617142899999,-0.0337351426286,-0.0009591726857000448,1
123,1779936105794,-0.0010239617142899999,-0.0337351426286,-0.0009591726857000448,1
124,1779936105797,-0.0010239617142899999,-0.0337351426286,-0.0009591726857000448,1
0,1779936105892,0.0011483382857099995,-0.0345736426286,0.0007724273143000105,1
1,1779936105895,0.0011483382857099995,-0.0345736426286,-0.000604272685699998,1
2,1779936105897,0.00199463828571,-0.0337390426286,-0.000604272685699998,2
3,1779936105900,0.00199463828571,-0.0337390426286,-0.000604272685699998,2
4,1779936105903,0.00199463828571,-0.0337390426286,-0.000978672685699995,2
5,1779936105905,0.0012029382857099997,-0.0328693426286,-0.000978672685699995,1
6,1779936105908,0.0012029382857099997,-0.0328693426286,-0.000978672685699995,1
7,1779936105911,0.0012029382857099997,-0.0318007426286,0.0003902273143000113,1
8,1779936105914,-0.0002127617142900001,-0.0318007426286,0.0003902273143000113,1
9,1779936105916,-0.0002127617142900001,-0.0318007426286,0.0003902273143000113,1
10,1779936105919,6.413828570999997e-05,-0.0311416426286,0.0006554273142999768,1
11,1779936105922,6.413828570999997e-05,-0.0311416426286,0.0006554273142999768,1
12,1779936105925,6.413828570999997e-05,-0.0311416426286,0.0006554273142999768,1
13,1779936105928,0.0004151382857099997,-0.031001242628599997,-0.00054187268569998,1
14,1779936105930,0.0004151382857099997,-0.031001242628599997,-0.00054187268569998,1
15,1779936105933,0.0004151382857099997,-0.031001242628599997,-0.00054187268569998,1
16,1779936105936,0.0014291382857099999,-0.0316759426286,-0.0011736726857000512,1
17,1779936105939,0.0014291382857099999,-0.0316759426286,-0.0011736726857000512,1
18,1779936105942,0.0014291382857099999,-0.0316759426286,-0.0011736726857000512,1
19,1779936105945,0.0007427382857099997,-0.0319528426286,-0.00028057268570007114,1
20,1779936105947,0.0007427382857099997,-0.0319528426286,-0.00028057268570007114,1
21,1779936105950,0.0007427382857099997,-0.0319528426286,-0.00028057268570007114,1
22,1779936105953,0.0008090382857099997,-0.0329629426286,-0.00023767268570000326,1
23,1779936105956,0.0008090382857099997,-0.0329629426286,-0.00023767268570000326,1
24,1779936105959,0.0008090382857099997,-0.0329629426286,-0.00023767268570000326,1
25,1779936105961,0.0011717382857100002,-0.0332515426286,-0.0006783726856999638,1
26,1779936105964,0.0011717382857100002,-0.0332515426286,-0.0006783726856999638,1
27,1779936105967,0.0011717382857100002,-0.033427042628599996,-0.0009591726857000448,1
28,1779936105970,0.0008168382857100002,-0.033427042628599996,-0.0009591726857000448,1
29,1779936105973,0.0008168382857100002,-0.033427042628599996,-0.0009591726857000448,1
30,1779936105975,8.753828570999978e-05,-0.034031542628599996,0.00021082731429995956,1
31,1779936105978,8.753828570999978e-05,-0.034031542628599996,0.00021082731429995956,1
32,1779936105981,8.753828570999978e-05,-0.034031542628599996,0.00021082731429995956,1
33,1779936105984,0.0010040382857099996,-0.0339301426286,5.0927314299968954e-05,1
34,1779936105986,0.0010040382857099996,-0.0339301426286,5.0927314299968954e-05,1
35,1779936105989,0.0010040382857099996,-0.0339301426286,5.0927314299968954e-05,1
36,1779936105992,0.00115613828571,-0.0339691426286,-0.0009318726856999814,1
37,1779936105995,0.00115613828571,-0.0339691426286,-0.0009318726856999814,1
38,1779936105998,0.00115613828571,-0.0339691426286,-0.0009318726856999814,1
39,1779936106000,0.0007505382857100002,-0.0340822426286,-0.000385872685700046,1
40,1779936106003,0.0007505382857100002,-0.0340822426286,-0.000385872685700046,1
41,1779936106006,0.0007505382857100002,-0.0340822426286,-0.000385872685700046,1
42,1779936106009,0.0007661382857099995,-0.0336298426286,-0.00030007268570002125,1
43,1779936106011,0.0007661382857099995,-0.0336298426286,-0.00030007268570002125,1
44,1779936106014,0.0007661382857099995,-0.0336298426286,-0.00030007268570002125,1
45,1779936106017,0.0007934382857099995,-0.032752342628599995,-0.0006081726857000546,1
46,1779936106020,0.0007934382857099995,-0.032752342628599995,-0.0006081726857000546,1
47,1779936106023,0.0007934382857099995,-0.032752342628599995,-0.0006081726857000546,1
48,1779936106025,0.00027083828570999974,-0.0326041426286,-0.00030007268570002125,1
49,1779936106029,0.00027083828570999974,-0.0326041426286,-0.00030007268570002125,1
50,1779936106032,1.3438285710000095e-05,-0.0315667426286,0.000725627314299997,1
51,1779936106034,1.3438285710000095e-05,-0.0315667426286,0.000725627314299997,1
52,1779936106037,1.3438285710000095e-05,-0.0315667426286,0.000725627314299997,1
53,1779936106040,0.0011249382857099997,-0.0320620426286,5.0927314299968954e-05,1
54,1779936106043,0.0011249382857099997,-0.0320620426286,5.0927314299968954e-05,1
55,1779936106046,0.0011249382857099997,-0.0320620426286,5.0927314299968954e-05,1
56,1779936106048,0.00123413828571,-0.0321127426286,-0.0008616726857000722,1
57,1779936106051,0.00123413828571,-0.0321127426286,-0.0008616726857000722,1
58,1779936106054,0.00123413828571,-0.0321127426286,-0.0008616726857000722,1
59,1779936106056,0.00137843828571,-0.0321556426286,-0.0005964726856999957,1
60,1779936106059,0.00137843828571,-0.0321556426286,-0.0005964726856999957,1
61,1779936106062,0.00137843828571,-0.0321556426286,-0.0005964726856999957,1
62,1779936106065,0.0005087382857099998,-0.0322687426286,0.0004526273143000293,1
63,1779936106067,0.0005087382857099998,-0.0322687426286,0.0004526273143000293,1
64,1779936106070,0.0005087382857099998,-0.0322687426286,0.0004526273143000293,1
65,1779936106073,0.0018464382857100005,-0.0327094426286,-0.0009084726856999747,2
66,1779936106076,0.0018464382857100005,-0.0327094426286,-0.0009084726856999747,2
67,1779936106079,0.0018464382857100005,-0.0327094426286,-0.0009084726856999747,2
68,1779936106081,0.00080123828571,-0.0331189426286,-0.0010059726857000583,1
69,1779936106084,0.00080123828571,-0.0331189426286,-0.0010059726857000583,1
70,1779936106087,0.00080123828571,-0.0331189426286,0.0002966273142999843,1
71,1779936106090,-0.00017766171429000038,-0.033622042628599996,0.0002966273142999843,1
72,1779936106093,-0.00017766171429000038,-0.033622042628599996,0.0002966273142999843,1
73,1779936106096,-0.00017766171429000038,-0.0335674426286,0.0003317273142999389,1
74,1779936106098,-4.50617142900003e-05,-0.0335674426286,0.0003317273142999389,1
75,1779936106101,-4.50617142900003e-05,-0.0335674426286,0.0003317273142999389,1
76,1779936106104,0.00102353828571,-0.0336844426286,-0.0008031726856999998,1
77,1779936106107,0.00102353828571,-0.0336844426286,-0.0008031726856999998,1
78,1779936106109,0.00102353828571,-0.0336844426286,-0.0008031726856999998,1
79,1779936106112,0.0009611382857100002,-0.0335323426286,-0.0003897726856999916,1
80,1779936106115,0.0009611382857100002,-0.0335323426286,-0.0003897726856999916,1
81,1779936106118,0.0009611382857100002,-0.0335323426286,-0.0003897726856999916,1
82,1779936106121,0.0011639382857099997,-0.0334660426286,0.0003629273142999479,1
83,1779936106124,0.0011639382857099997,-0.0334660426286,0.0003629273142999479,1
84,1779936106126,0.0011639382857099997,-0.0334660426286,0.0003629273142999479,1
85,1779936106129,0.0013433382857099994,-0.0331306426286,-0.0007017726856999706,1
86,1779936106132,0.0013433382857099994,-0.0331306426286,-0.0007017726856999706,1
87,1779936106134,0.0013433382857099994,-0.0331306426286,-0.0007017726856999706,1
88,1779936106137,0.0013082382857099997,-0.0322102426286,-0.0013023726857000328,1
89,1779936106140,0.0013082382857099997,-0.0322102426286,-0.0013023726857000328,1
90,1779936106143,0.0013082382857099997,-0.0322102426286,-0.0013023726857000328,1
91,1779936106145,0.00119513828571,-0.0321673426286,-0.0008148726857000587,1
92,1779936106148,0.00119513828571,-0.0321673426286,-0.0008148726857000587,1
93,1779936106151,0.00119513828571,-0.0321673426286,-0.0008148726857000587,1
94,1779936106154,6.413828570999997e-05,-0.0317656426286,3.5327314299964455e-05,1
95,1779936106156,6.413828570999997e-05,-0.0317656426286,3.5327314299964455e-05,1
96,1779936106159,6.413828570999997e-05,-0.0317656426286,3.5327314299964455e-05,1
97,1779936106162,0.0004931382857099997,-0.0324715426286,0.00012892731429999145,1
98,1779936106166,0.0004931382857099997,-0.0324715426286,0.00012892731429999145,1
99,1779936106169,0.00119513828571,-0.032319442628599995,-0.0006549726857000681,1
100,1779936106172,0.00119513828571,-0.032319442628599995,-0.0006549726857000681,1
101,1779936106175,0.00119513828571,-0.032319442628599995,-0.0006549726857000681,1
102,1779936106178,0.00127313828571,-0.0326626426286,-0.0008031726856999998,1
103,1779936106182,0.00127313828571,-0.0326626426286,-0.0008031726856999998,1
104,1779936106184,0.00014993828570999956,-0.0328069426286,0.00035122731430000005,1
105,1779936106187,0.00014993828570999956,-0.0328069426286,0.00035122731430000005,1
106,1779936106190,0.00014993828570999956,-0.0328069426286,0.00035122731430000005,1
107,1779936106192,0.0006647382857099997,-0.0333061426286,-0.00015967268569998076,1
108,1779936106195,0.0006647382857099997,-0.0333061426286,-0.00015967268569998076,1
109,1779936106198,0.0006647382857099997,-0.0333061426286,-0.00015967268569998076,1
110,1779936106200,0.0007505382857100002,-0.033715642628599996,-0.0008031726856999998,1
111,1779936106203,0.0007505382857100002,-0.033715642628599996,-0.0008031726856999998,1
112,1779936106206,0.0007505382857100002,-0.033715642628599996,-0.0008031726856999998,1
113,1779936106209,0.00124583828571,-0.033427042628599996,-0.0003702726857000415,1
114,1779936106211,0.00124583828571,-0.033427042628599996,-0.0003702726857000415,1
115,1779936106214,0.00124583828571,-0.033427042628599996,-0.0003702726857000415,1
116,1779936106217,0.0006023382857099999,-0.0334933426286,0.0005267273142999952,1
117,1779936106220,0.0006023382857099999,-0.0334933426286,0.0005267273142999952,1
118,1779936106223,0.0006023382857099999,-0.0334933426286,0.0005267273142999952,1
119,1779936106225,0.0008051382857099994,-0.0334621426286,0.0003005273142999299,1
120,1779936106228,0.0008051382857099994,-0.0334621426286,0.0003005273142999299,1
121,1779936106231,0.0008051382857099994,-0.0334621426286,0.0003005273142999299,1
122,1779936106233,0.0006218382857099995,-0.0332944426286,-0.00030397268569996687,1
123,1779936106236,0.0006218382857099995,-0.0332944426286,-0.00030397268569996687,1
124,1779936106239,0.0006218382857099995,-0.0332944426286,-0.00030397268569996687,1
0,1779936106337,0.001811338285709999,-0.0325027426286,-0.00235927268570006,2
1,1779936106340,0.00019673828571000005,-0.0329629426286,-0.0001323726857000284,1
2,1779936106343,0.00019673828571000005,-0.0329629426286,-0.0001323726857000284,1
3,1779936106345,0.0003917382857099999,-0.0326743426286,0.0016928273142999429,1
4,1779936106348,0.0003917382857099999,-0.0326743426286,0.0016928273142999429,1
5,1779936106351,0.0003917382857099999,-0.0326743426286,0.0016928273142999429,1
6,1779936106354,0.00073493828571,-0.0324871426286,-0.0018015726857000657,1
7,1779936106356,0.00073493828571,-0.0324871426286,-0.0018015726857000657,1
8,1779936106359,0.00073493828571,-0.0324871426286,-0.0018015726857000657,1
9,1779936106362,0.0005321382857099996,-0.033091642628599996,-0.000573072685699989,1
10,1779936106365,0.0005321382857099996,-0.033091642628599996,-0.000573072685699989,1
11,1779936106367,0.0005321382857099996,-0.033091642628599996,-0.000573072685699989,1
12,1779936106370,0.001667038285709999,-0.0334816426286,0.0002771273143000342,1
13,1779936106373,0.001667038285709999,-0.0334816426286,0.0002771273143000342,1
14,1779936106375,0.001667038285709999,-0.0334816426286,0.0002771273143000342,1
15,1779936106378,0.0012653382857099995,-0.0333022426286,-0.000229872685700001,1
16,1779936106381,0.0012653382857099995,-0.0333022426286,-0.000229872685700001,1
17,1779936106383,0.0012653382857099995,-0.0333022426286,-0.000229872685700001,1
18,1779936106386,0.0009689382857099998,-0.0336493426286,-0.0002571726857000644,1
19,1779936106389,0.0009689382857099998,-0.0336493426286,-0.0002571726857000644,1
20,1779936106392,0.0009689382857099998,-0.0336493426286,-0.0002571726857000644,1
21,1779936106394,0.0011093382857099996,-0.0328147426286,-0.00020647268569999426,1
22,1779936106397,0.0011093382857099996,-0.0328147426286,-0.00020647268569999426,1
23,1779936106400,0.0011093382857099996,-0.0328147426286,-0.000604272685699998,1
24,1779936106403,0.0006998382857099994,-0.0331267426286,-0.000604272685699998,1
25,1779936106405,0.0006998382857099994,-0.0331267426286,-0.000604272685699998,1
26,1779936106408,0.0006998382857099994,-0.0331267426286,0.0006788273142999835,1
27,1779936106411,-0.00057936171429,-0.0332515426286,0.0006788273142999835,1
28,1779936106414,-0.00057936171429,-0.0332515426286,0.0006788273142999835,1
29,1779936106416,-0.00057936171429,-0.0327952426286,-0.0009318726856999814,1
30,1779936106419,0.0014993382857100002,-0.0327952426286,-0.0009318726856999814,1
31,1779936106422,0.0014993382857100002,-0.0327952426286,-0.0009318726856999814,1
32,1779936106425,0.0011249382857099997,-0.032463742628599995,-0.00047167268570007075,1
33,1779936106428,0.0011249382857099997,-0.032463742628599995,-0.00047167268570007075,1
34,1779936106431,0.0011249382857099997,-0.032463742628599995,-0.00047167268570007075,1
35,1779936106433,0.0013355382857099998,-0.0328342426286,-0.00028447268570001676,1
36,1779936106436,0.0013355382857099998,-0.0328342426286,-0.00028447268570001676,1
37,1779936106439,0.0013355382857099998,-0.0328342426286,-0.00028447268570001676,1
38,1779936106441,0.0011444382857100002,-0.032463742628599995,-0.0008070726857000565,1
39,1779936106444,0.0011444382857100002,-0.032463742628599995,-0.0008070726857000565,1
40,1779936106447,0.0011444382857100002,-0.032463742628599995,-0.0008070726857000565,1
41,1779936106450,0.00035273828570999994,-0.0323740426286,0.00026932731430003194,1
42,1779936106453,0.00035273828570999994,-0.0323740426286,0.00026932731430003194,1
43,1779936106455,0.00035273828570999994,-0.0323740426286,0.00026932731430003194,1
44,1779936106458,0.0009026382857099998,-0.0330058426286,-9.337268570001715e-05,1
45,1779936106461,0.0009026382857099998,-0.0330058426286,-9.337268570001715e-05,1
46,1779936106464,0.0009026382857099998,-0.0330058426286,-9.337268570001715e-05,1
47,1779936106467,0.00123413828571,-0.032849842628599996,-0.0014544726857000211,1
48,1779936106469,0.00123413828571,-0.032849842628599996,-0.0014544726857000211,1
49,1779936106472,0.00123413828571,-0.032849842628599996,2.7527314299962205e-05,1
50,1779936106475,0.0004073382857100001,-0.0335635426286,2.7527314299962205e-05,1
51,1779936106478,0.0004073382857100001,-0.0335635426286,2.7527314299962205e-05,1
52,1779936106481,0.0004073382857100001,-0.0330604426286,0.0006281273143000244,1
53,1779936106483,0.0007271382857099995,-0.0330604426286,0.0006281273143000244,1
54,1779936106486,0.0007271382857099995,-0.0330604426286,0.0006281273143000244,1
55,1779936106489,0.001667038285709999,-0.0336766426286,-0.0009084726856999747,1
56,1779936106492,0.001667038285709999,-0.0336766426286,-0.0009084726856999747,1
57,1779936106495,0.001667038285709999,-0.0336766426286,-0.0009084726856999747,1
58,1779936106497,0.00045023828570999944,-0.0334036426286,-5.827268570006254e-05,1
59,1779936106500,0.00045023828570999944,-0.0334036426286,-5.827268570006254e-05,1
60,1779936106503,0.00045023828570999944,-0.0334036426286,-5.827268570006254e-05,1
61,1779936106506,0.0010079382857099998,-0.0330526426286,-0.00019087268569998976,1
62,1779936106508,0.0010079382857099998,-0.0330526426286,-0.00019087268569998976,1
63,1779936106511,0.0010079382857099998,-0.0330526426286,-0.00019087268569998976,1
64,1779936106514,0.0007622382857100001,-0.032416942628599996,-0.0005769726857000456,1
65,1779936106517,0.0007622382857100001,-0.032416942628599996,-0.0005769726857000456,1
66,1779936106520,0.0007622382857100001,-0.032416942628599996,-0.0005769726857000456,1
67,1779936106522,0.0010703382857099996,-0.0322024426286,-0.0012204726857000647,1
68,1779936106525,0.0010703382857099996,-0.0322024426286,-0.0012204726857000647,1
69,1779936106528,0.0010703382857099996,-0.0322024426286,-0.0012204726857000647,1
70,1779936106531,0.00038783828570999965,-0.0320191426286,-1.9272685700051292e-05,1
71,1779936106534,0.00038783828570999965,-0.0320191426286,-1.9272685700051292e-05,1
72,1779936106536,0.00038783828570999965,-0.0320191426286,-0.00047167268570007075,1
73,1779936106539,0.0009611382857100002,-0.0321985426286,-0.00047167268570007075,1
74,1779936106542,0.0009611382857100002,-0.0321985426286,-0.00047167268570007075,1
75,1779936106545,0.0009806382857099998,-0.0323389426286,8.602731430003459e-05,1
76,1779936106548,0.0009806382857099998,-0.0323389426286,8.602731430003459e-05,1
77,1779936106550,0.0009806382857099998,-0.0323389426286,8.602731430003459e-05,1
78,1779936106553,0.00149543828571,-0.0325534426286,-0.0006393726857000636,1
79,1779936106556,0.00149543828571,-0.0325534426286,-0.0006393726857000636,1
80,1779936106559,0.00149543828571,-0.0325534426286,-0.0006393726857000636,1
81,1779936106562,0.0008168382857100002,-0.0330760426286,-0.0003078726857000235,1
82,1779936106565,0.0008168382857100002,-0.0330760426286,-0.0003078726857000235,1
83,1779936106567,0.0008168382857100002,-0.0330760426286,-0.0003078726857000235,1
84,1779936106570,0.0007544382857099996,-0.0334192426286,6.262731430002784e-05,1
85,1779936106573,0.0007544382857099996,-0.0334192426286,6.262731430002784e-05,1
86,1779936106576,0.0007544382857099996,-0.0334192426286,6.262731430002784e-05,1
87,1779936106579,0.00046973828570999986,-0.0334894426286,0.0001406273142999393,1
88,1779936106581,0.00046973828570999986,-0.0334894426286,0.0001406273142999393,1
89,1779936106584,0.00046973828570999986,-0.0334894426286,0.0001406273142999393,1
90,1779936106587,0.0017996382857099992,-0.0336493426286,-0.0006198726857000025,2
91,1779936106589,0.0017996382857099992,-0.0336493426286,-0.0006198726857000025,2
92,1779936106592,0.0017996382857099992,-0.0336493426286,-0.0006198726857000025,2
93,1779936106595,0.0004892382857099994,-0.0332866426286,-0.0006588726857000137,1
94,1779936106598,0.0004892382857099994,-0.0332866426286,-0.0006588726857000137,1
95,1779936106601,0.0004892382857099994,-0.0345112426286,-0.0009942726856999994,1
96,1779936106603,0.0011132382857099998,-0.0345112426286,-0.0009942726856999994,1
97,1779936106606,0.0011132382857099998,-0.0345112426286,-0.0009942726856999994,1
98,1779936106609,0.0011132382857099998,-0.0318826426286,-0.0024489726857000304,1
99,1779936106611,0.0018152382857100002,-0.0318826426286,-0.0024489726857000304,2
100,1779936106614,0.0018152382857100002,-0.0318826426286,-0.0024489726857000304,2
101,1779936106617,-0.0009654617142900003,-0.0336571426286,0.0022154273142999826,2
102,1779936106620,-0.0009654617142900003,-0.0336571426286,0.0022154273142999826,2
103,1779936106623,-0.0009654617142900003,-0.0336571426286,0.0022154273142999826,2
104,1779936106626,0.0009728382857100001,-0.0326314426286,-0.0003117726856999691,1
105,1779936106628,0.0009728382857100001,-0.0326314426286,-0.0003117726856999691,1
106,1779936106631,0.0009728382857100001,-0.0326314426286,-0.0003117726856999691,1
107,1779936106634,0.0017021382857100005,-0.032514442628599996,-0.0015714726857000549,2
108,1779936106637,0.0017021382857100005,-0.032514442628599996,-0.0015714726857000549,2
109,1779936106639,0.0017021382857100005,-0.032514442628599996,-0.0015714726857000549,2
110,1779936106642,0.0004736382857100001,-0.0329707426286,0.0008465273142999764,1
111,1779936106645,0.0004736382857100001,-0.0329707426286,0.0008465273142999764,1
112,1779936106648,0.0004736382857100001,-0.0329707426286,0.0008465273142999764,1
113,1779936106650,0.00101183828571,-0.031890442628599996,7.822731430003234e-05,1
114,1779936106653,0.00101183828571,-0.031890442628599996,7.822731430003234e-05,1
115,1779936106656,0.00101183828571,-0.031890442628599996,7.822731430003234e-05,1
116,1779936106659,0.0014408382857099998,-0.0323077426286,-0.00115417268569999,1
117,1779936106661,0.0014408382857099998,-0.0323077426286,-0.00115417268569999,1
118,1779936106664,0.0014408382857099998,-0.0323077426286,-0.00115417268569999,1
119,1779936106667,0.0005087382857099998,-0.032514442628599996,-0.0001167726857000239,1
120,1779936106670,0.0005087382857099998,-0.032514442628599996,-0.0001167726857000239,1
121,1779936106672,0.0005087382857099998,-0.032514442628599996,-0.0001167726857000239,1
122,1779936106675,0.0018308382857099995,-0.033282742628599996,-0.0006276726857000047,2
123,1779936106678,0.0018308382857099995,-0.033282742628599996,-0.0006276726857000047,2
124,1779936106681,0.0018308382857099995,-0.033282742628599996,-0.0008460726857000677,2
